stage_name,stage_key,split,aggregation_level,node_kind,node_name,route_space,support_size,wrapper_name,source_type,temperature,top_k,entropy_norm,n_eff_norm,top1_monopoly_norm,jitter_adj_norm,knn_consistency_score,knn_consistency_js,n_eff,cv_usage,top1_max_frac,entropy_mean
macro,macro@1,best_valid,session,final,final.expert,expert,12,ScalarGroupConditionalProductWrapper,,,,0.9260030365406493,0.7623527720336233,0.48128250912196263,0.0,0.9985898737499598,0.0014111214137083915,9.14823326440348,0.5583266501621396,0.5245089666951324,2.3010311032237403
macro,macro@1,best_valid,session,final,final.group,group,4,ScalarGroupConditionalProductWrapper,,,,0.8721609259192421,0.7705194962299362,0.34745231995445486,0.0,0.9986947088767125,0.0013061437577840472,3.082077984919745,0.5457341074943542,0.5105892399658412,1.209071773590948
macro,macro@1,best_valid,session,final,final.intra.Exposure,intra,3,ScalarGroupConditionalProductWrapper,,,,0.9812271738918246,0.9630083725603376,0.9841161400512383,0.0,0.9997581748797565,0.00024185436465272057,2.8890251176810127,0.1959910855891977,0.9894107600341588,1.0779882312126388
macro,macro@1,best_valid,session,final,final.intra.Focus,intra,3,ScalarGroupConditionalProductWrapper,,,,0.9932676303435933,0.9866687344276529,1.0,0.0,0.9998987872092395,0.00010121791312063113,2.960006203282959,0.11623885508659913,1.0,1.091216024631725
macro,macro@1,best_valid,session,final,final.intra.Memory,intra,3,ScalarGroupConditionalProductWrapper,,,,0.9957440405874293,0.9910309223421462,1.0,0.0,0.9999406866437698,5.9315115336850344e-05,2.9730927670264387,0.09513248592220289,1.0,1.0939366393573868
macro,macro@1,best_valid,session,final,final.intra.Tempo,intra,3,ScalarGroupConditionalProductWrapper,,,,0.9955592757732338,0.9918994248097949,1.0,0.0,0.9998944745816656,0.00010553098653305042,2.9756982744293845,0.0903692491657437,1.0,1.0937336544619982
