{
  "split": "best_valid",
  "feature_mode": "none",
  "stages": [
    {
      "stage": "macro@1",
      "n_eff": 13.866827233372362,
      "cv_usage": 0.39221513271331787,
      "top1_max_frac": 0.5651090096150042,
      "entropy_mean": 2.6393034160714994,
      "route_jitter_adjacent": 0.0,
      "route_consistency_knn_js": 0.00623717039576528,
      "route_consistency_knn_score": 0.993782240374447,
      "route_consistency_group_knn_js": 0.0012749688016853867,
      "route_consistency_group_knn_score": 0.9987258436257274,
      "route_consistency_intra_group_knn_mean_js": 0.004728505086067507,
      "route_consistency_intra_group_knn_mean_score": 0.995290148545253,
      "route_consistency_feature_group_knn_mean_score": 0.984785803354786,
      "family_top_expert_mean_share": 0.11946673691272736,
      "route_consistency_feature_group_knn_tempo_js": 0.010013339382541217,
      "route_consistency_feature_group_knn_tempo_score": 0.9900366271837847,
      "route_consistency_feature_group_knn_focus_js": 0.017350986433833215,
      "route_consistency_feature_group_knn_focus_score": 0.9827986750894708,
      "route_consistency_feature_group_knn_memory_js": 0.019375160306683605,
      "route_consistency_feature_group_knn_memory_score": 0.9808113317318916,
      "route_consistency_feature_group_knn_exposure_js": 0.01460962330964539,
      "route_consistency_feature_group_knn_exposure_score": 0.9854965794139972
    }
  ]
}
