best_mrr20,epoch,epoch_time_sec,eval,lr,patience_used,train_loss,trial,valid_mrr20
0.0118,1,23.345780611038208,1,0.00034992070542535163,0,689.2547760009766,1,0.0118
0.0152,3,22.859628200531006,1,0.00034928682780526084,0,598.0374250411987,1,0.0152
0.0172,8,22.94731307029724,1,0.0003449519204699261,0,517.9603238105774,1,0.0172
0.0172,10,22.81335473060608,1,0.00034213620104419886,2,498.1900978088379,1,0.0168
0.0172,18,22.65484380722046,1,0.00032499743142091103,10,428.1601104736328,1,0.0149
