stage_name,stage_key,split,aggregation_level,node_kind,node_name,route_space,support_size,wrapper_name,source_type,temperature,top_k,entropy_norm,n_eff_norm,top1_monopoly_norm,jitter_adj_norm,knn_consistency_score,knn_consistency_js,n_eff,cv_usage,top1_max_frac,entropy_mean
macro,macro@1,best_valid,session,final,final.expert,expert,16,ScalarGroupConditionalProductWrapper,,,,0.9720632973416901,0.9650908187260988,0.2570687418936446,0.0,0.9947907376578669,0.005222877854307986,15.441453099617581,0.19018917498717605,0.3035019455252918,2.695131735512785
macro,macro@1,best_valid,session,final,final.group,group,4,ScalarGroupConditionalProductWrapper,,,,0.9678156372632783,0.981761026163182,0.2588475078747452,0.0,0.9969343866830874,0.0030703219350811132,3.927044104652728,0.1362999826669693,0.4441356309060589,1.3416773605417363
macro,macro@1,best_valid,session,final,final.intra.Exposure,intra,4,ScalarGroupConditionalProductWrapper,,,,0.909567266943476,0.8531279140449479,0.7587548638132295,0.0,0.9958868610366819,0.0041216211864152225,3.4125116561797917,0.41491841762771714,0.8190661478599222,1.260927973222971
macro,macro@1,best_valid,session,final,final.intra.Focus,intra,4,ScalarGroupConditionalProductWrapper,,,,0.9799230935172646,0.9975487622456349,0.3635970600951146,0.0,0.9980112673889333,0.0019907127655332704,3.9901950489825397,0.04957211685610514,0.522697795071336,1.358461858874143
macro,macro@1,best_valid,session,final,final.intra.Memory,intra,4,ScalarGroupConditionalProductWrapper,,,,0.9873708563537946,0.996957527078009,0.4305478352170959,0.0,0.9977911912213957,0.0022112517948145367,3.987830108312036,0.05524236708879471,0.5729108764128219,1.368786650497383
macro,macro@1,best_valid,session,final,final.intra.Tempo,intra,4,ScalarGroupConditionalProductWrapper,,,,0.9932196283231461,0.9953706988756733,0.43437712309307636,0.0,0.9992482118039486,0.0007520709305104548,3.9814827955026932,0.06819671392440796,0.5757828423198073,1.376894770097971
