stage_name,stage_key,split,aggregation_level,node_kind,node_name,route_space,support_size,wrapper_name,source_type,temperature,top_k,entropy_norm,n_eff_norm,top1_monopoly_norm,jitter_adj_norm,knn_consistency_score,knn_consistency_js,n_eff,cv_usage,top1_max_frac,entropy_mean
macro,macro@1,best_valid,session,final,final.expert,expert,20,FlatJointWrapper,,,,0.8670183801146255,0.6774480480615683,0.3915427440827624,0.7016661617691609,0.9699624905589027,0.030497877759298415,13.548960961231368,0.690020163505969,0.4219656068786243,2.5973549430738854
macro,macro@1,best_valid,session,final,final.group,group,4,FlatJointWrapper,,,,0.9558319765660841,0.9601021104692073,0.24375124975005003,0.0,0.9925058220475498,0.007522400395125449,3.8404084418768294,0.20385265350341797,0.4328134373125375,1.3250644792916417
macro,macro@1,best_valid,session,final,final.intra.Exposure,intra,5,FlatJointWrapper,,,,0.8270817055101365,0.7564119878733079,0.6083283343331334,0.0,0.9745351480463877,0.025794692910306963,3.7820599393665395,0.5674775977808595,0.6866626674665067,1.3311366535286693
macro,macro@1,best_valid,session,final,final.intra.Focus,intra,5,FlatJointWrapper,,,,0.8482996905627189,0.7936780949889456,0.2927664467106578,0.0,0.9819103034011433,0.018255315531523236,3.968390474944728,0.509859428397383,0.4342131573685263,1.3652856830977556
macro,macro@1,best_valid,session,final,final.intra.Memory,intra,5,FlatJointWrapper,,,,0.7487551359875743,0.6990677792633465,0.26077284543091384,0.0,0.9752249132498373,0.02508715433064581,3.4953388963167327,0.6561070094012907,0.4086182763447311,1.2050749029881525
macro,macro@1,best_valid,session,final,final.intra.Tempo,intra,5,FlatJointWrapper,,,,0.7698272517911404,0.669702422954726,0.713869726054789,0.0,0.9793420448345322,0.02087431561779928,3.34851211477363,0.7022822543638608,0.7710957808438312,1.2389891650576135
