{
  "split": "best_valid",
  "feature_mode": "runtime:unknown|ablation:none",
  "stages": [
    {
      "stage": "macro@1",
      "n_eff": 7.081449443493751,
      "cv_usage": 0.8334076454219924,
      "top1_max_frac": 0.9560796106516836,
      "entropy_mean": 1.9957864417436593,
      "route_jitter_adjacent": 0.0,
      "route_consistency_knn_js": 0.015192914397486894,
      "route_consistency_knn_score": 0.9849219156565439,
      "route_consistency_group_knn_js": 0.0005202821984772139,
      "route_consistency_group_knn_score": 0.999479853124836,
      "route_consistency_intra_group_knn_mean_js": 0.017681868498275608,
      "route_consistency_intra_group_knn_mean_score": 0.9826268149911397,
      "route_consistency_feature_group_knn_mean_score": 0.9740709234005508,
      "family_top_expert_mean_share": 0.25989800691604614,
      "route_consistency_feature_group_knn_tempo_js": 0.014039963304945386,
      "route_consistency_feature_group_knn_tempo_score": 0.9860581373334154,
      "route_consistency_feature_group_knn_focus_js": 0.032746063433023276,
      "route_consistency_feature_group_knn_focus_score": 0.9677842842071842,
      "route_consistency_feature_group_knn_memory_js": 0.027628178799550988,
      "route_consistency_feature_group_knn_memory_score": 0.9727499886362597,
      "route_consistency_feature_group_knn_exposure_js": 0.03077752265156116,
      "route_consistency_feature_group_knn_exposure_score": 0.9696912834253436
    }
  ]
}
