stage_name,stage_key,split,aggregation_level,node_kind,node_name,route_space,support_size,wrapper_name,source_type,temperature,top_k,entropy_norm,n_eff_norm,top1_monopoly_norm,jitter_adj_norm,knn_consistency_score,knn_consistency_js,n_eff,cv_usage,top1_max_frac,entropy_mean
macro,macro@1,best_valid,session,final,final.expert,expert,12,ScalarGroupConditionalProductWrapper,,,,0.8021930198316668,0.5904442732411546,0.9553242231198944,0.0,0.9810886973414208,0.0190924082731785,7.085331278893855,0.8328504612192374,0.9590472045265699,1.993374769393226
macro,macro@1,best_valid,session,final,final.group,group,4,ScalarGroupConditionalProductWrapper,,,,0.9723849841013479,0.9326026622386445,0.9608541394637228,0.0,0.9994966468013732,0.0005034799233747571,3.730410648954578,0.26882725954055786,0.9706406045977921,1.348011820297353
macro,macro@1,best_valid,session,final,final.intra.Exposure,intra,3,ScalarGroupConditionalProductWrapper,,,,0.5229626266179808,0.5603376183563131,0.9670003561112648,0.0,0.9930947561742846,0.00692919534627081,1.6810128550689394,0.8857980702579596,0.97800023740751,0.574533168116666
macro,macro@1,best_valid,session,final,final.intra.Focus,intra,3,ScalarGroupConditionalProductWrapper,,,,0.6295077614325593,0.6658460875130443,0.7133304316859889,0.0,0.9998899118692386,0.00011009419090443251,1.997538262539133,0.7084127304430983,0.808886954457326,0.6915849625217624
macro,macro@1,best_valid,session,final,final.intra.Memory,intra,3,ScalarGroupConditionalProductWrapper,,,,0.6240411139837128,0.7140144003321272,0.44292327780635454,0.0,0.985827405866742,0.014273984461520256,2.1420432009963815,0.6328759600855124,0.6286155185375697,0.6855792364566434
macro,macro@1,best_valid,session,final,final.intra.Tempo,intra,3,ScalarGroupConditionalProductWrapper,,,,0.6268538124351286,0.87915854862471,0.21263799311518222,0.0,0.9271681049530086,0.07562038686555533,2.63747564587413,0.37074415025877505,0.4750919954101215,0.6886693015396866
