stage_name,stage_key,split,aggregation_level,node_kind,node_name,route_space,support_size,wrapper_name,source_type,temperature,top_k,entropy_norm,n_eff_norm,top1_monopoly_norm,jitter_adj_norm,knn_consistency_score,knn_consistency_js,n_eff,cv_usage,top1_max_frac,entropy_mean
macro,macro@1,best_valid,session,final,final.expert,expert,12,ScalarGroupConditionalProductWrapper,,,,0.9372871285941126,0.9665040965143623,0.12260097557617698,0.0,0.9853943249254604,0.014713388047108355,11.598049158172348,0.18616302501669452,0.1957175609448289,2.329071018604211
macro,macro@1,best_valid,session,final,final.group,group,4,ScalarGroupConditionalProductWrapper,,,,0.9435956359359088,0.9795664039615147,0.2016490335065099,0.0,0.9929646303068508,0.007060234597670631,3.918265615846059,0.1444295346736908,0.40123677512988243,1.3081013092752876
macro,macro@1,best_valid,session,final,final.intra.Exposure,intra,3,ScalarGroupConditionalProductWrapper,,,,0.9919152506104698,0.9881034803180914,0.6900805586521676,0.0,0.9996079854311712,0.0003920914266267794,2.964310440954274,0.10972575888854984,0.793387039101445,1.0897302836379699
macro,macro@1,best_valid,session,final,final.intra.Focus,intra,3,ScalarGroupConditionalProductWrapper,,,,0.801740741562702,0.8935316930045283,0.4195675493763541,0.0,0.9849193388084815,0.015195530697715783,2.680595079013585,0.34518752708472233,0.6130450329175694,0.8808022310066677
macro,macro@1,best_valid,session,final,final.intra.Memory,intra,3,ScalarGroupConditionalProductWrapper,,,,0.9888508329130173,0.9997992918482456,0.18827166985676122,0.0,0.9980649945978138,0.001936879943695026,2.999397875544737,0.014168609442752318,0.4588477799045075,1.0863636766979365
macro,macro@1,best_valid,session,final,final.intra.Tempo,intra,3,ScalarGroupConditionalProductWrapper,,,,0.8687004557863297,0.9509379686045442,0.3492417390572745,0.0,0.9851441531026728,0.014967300190333361,2.8528139058136324,0.22714179077321914,0.5661611593715163,0.9543649958984498
