best_mrr20,epoch,eval,lr,patience_used,train_loss,trial,valid_mrr20
0.0004,1,1,0.0003,0,40.827369689941406,1,0.0004
0.0088,3,1,0.0003,0,40.00334119796753,1,0.0088
0.0104,10,1,0.0003,2,37.24953746795654,1,0.0101
0.0441,24,1,0.0003,0,32.64183187484741,1,0.0441
