stage_name,stage_key,split,aggregation_level,node_kind,node_name,route_space,support_size,wrapper_name,source_type,temperature,top_k,entropy_norm,n_eff_norm,top1_monopoly_norm,jitter_adj_norm,knn_consistency_score,knn_consistency_js,n_eff,cv_usage,top1_max_frac,entropy_mean
macro,macro@1,best_valid,session,final,final.expert,expert,16,FlatJointWrapper,,,,0.9239375296149899,0.9898957239084972,0.061660423381827686,0.7025960804275897,0.9548274386726864,0.04622464731759506,15.838331582535956,0.10103225708007812,0.12030664692046346,2.5616987746646047
macro,macro@1,best_valid,session,final,final.group,group,4,FlatJointWrapper,,,,0.9532788232927416,0.9951808172276708,0.09272003949240644,0.0,0.9855122868388085,0.014593684847794063,3.9807232689106833,0.06958785653114319,0.31954002961930483,1.3215250573057322
macro,macro@1,best_valid,session,final,final.intra.Exposure,intra,4,FlatJointWrapper,,,,0.8975050694992277,0.9913212498912792,0.07657461451345937,0.0,0.9693925136084267,0.031085678307070517,3.965284999565117,0.09356660953561124,0.30743096088509453,1.2442062169232948
macro,macro@1,best_valid,session,final,final.intra.Focus,intra,4,FlatJointWrapper,,,,0.9261691695407651,0.9943642551722633,0.06519150913261895,0.0,0.9714012728091372,0.029015638788113175,3.9774570206890534,0.07528356462717056,0.2988936318494642,1.2839430971774546
macro,macro@1,best_valid,session,final,final.intra.Memory,intra,4,FlatJointWrapper,,,,0.8913389253418788,0.9968447421082903,0.06693382118070683,0.0,0.9670080397897244,0.033548469406502975,3.9873789684331613,0.05626107007265091,0.3002003658855301,1.2356581260481097
macro,macro@1,best_valid,session,final,final.intra.Tempo,intra,4,FlatJointWrapper,,,,0.9093279130498989,0.9995361335077589,0.04207683596132069,0.0,0.9705340233464792,0.029908819443545464,3.9981445340310358,0.02154573554073188,0.2815576269709905,1.260596158269993
