{
  "split": "best_valid",
  "feature_mode": "none",
  "stages": [
    {
      "stage": "macro@1",
      "n_eff": 3.967004556428063,
      "cv_usage": 0.09119988232851028,
      "top1_max_frac": 0.7623318385650224,
      "entropy_mean": 1.3460416922120235,
      "route_jitter_adjacent": 0.0,
      "route_consistency_knn_js": 0.0007356230341836786,
      "route_consistency_knn_score": 0.9992646474701068,
      "route_consistency_group_knn_js": 0.0007356230341836786,
      "route_consistency_group_knn_score": 0.9992646474701068,
      "route_consistency_intra_group_knn_mean_js": 0.0,
      "route_consistency_intra_group_knn_mean_score": 1.0,
      "route_consistency_feature_group_knn_mean_score": 0.999001639657227,
      "family_top_expert_mean_share": 0.28846442699432373,
      "route_consistency_feature_group_knn_tempo_js": 0.0007624857163315184,
      "route_consistency_feature_group_knn_tempo_score": 0.9992378049020335,
      "route_consistency_feature_group_knn_focus_js": 0.0014339790009615715,
      "route_consistency_feature_group_knn_focus_score": 0.9985670486556547,
      "route_consistency_feature_group_knn_memory_js": 0.0013666044582020152,
      "route_consistency_feature_group_knn_memory_score": 0.9986343289204357,
      "route_consistency_feature_group_knn_exposure_js": 0.00043271745791275535,
      "route_consistency_feature_group_knn_exposure_score": 0.999567376150784
    }
  ]
}
