best_mrr20,epoch,epoch_time_sec,eval,lr,patience_used,train_loss,trial,valid_mrr20
0.0026,1,3.1705117225646973,1,0.0002836,0,81.40656518936157,1,0.0026
0.0055,3,2.16296648979187,1,0.0002836,0,74.76273107528687,1,0.0055
0.0193,10,2.1694176197052,1,0.0002836,0,59.920687198638916,1,0.0193
0.0599,56,2.00338077545166,1,0.0002836,0,28.825599431991577,1,0.0599
0.0599,66,1.7571666240692139,1,0.0002836,10,25.40577220916748,1,0.0596
