best_mrr20,epoch,epoch_time_sec,eval,lr,patience_used,train_loss,trial,valid_mrr20
0.0135,1,17.444477558135986,1,0.0005476,0,688.0398907661438,1,0.0135
0.0167,3,17.136515378952026,1,0.0005476,0,586.3092494010925,1,0.0167
0.0173,8,16.914204597473145,1,0.0005476,0,509.4691162109375,1,0.0173
0.0173,10,16.538996696472168,1,0.0005476,2,490.2094931602478,1,0.0166
0.0173,18,16.656203985214233,1,0.0005476,10,425.81853914260864,1,0.0152
