{
  "split": "best_valid",
  "feature_mode": "none",
  "stages": [
    {
      "stage": "macro@1",
      "n_eff": 5.915698763747004,
      "cv_usage": 1.0141504428014818,
      "top1_max_frac": 0.850231656071544,
      "entropy_mean": 1.942672452737223,
      "route_jitter_adjacent": 0.0,
      "route_consistency_knn_js": 0.02392125681626112,
      "route_consistency_knn_score": 0.9763625886297382,
      "route_consistency_group_knn_js": 0.0059427649472638105,
      "route_consistency_group_knn_score": 0.9940748583526872,
      "route_consistency_intra_group_knn_mean_js": 0.01794454417047449,
      "route_consistency_intra_group_knn_mean_score": 0.9822430004777438,
      "route_consistency_feature_group_knn_mean_score": 0.9469754631371035,
      "family_top_expert_mean_share": 0.353079229593277,
      "route_consistency_feature_group_knn_tempo_js": 0.04145322823122455,
      "route_consistency_feature_group_knn_tempo_score": 0.9593942068561117,
      "route_consistency_feature_group_knn_focus_js": 0.05940520010460578,
      "route_consistency_feature_group_knn_focus_score": 0.9423248616553299,
      "route_consistency_feature_group_knn_memory_js": 0.06687543050804694,
      "route_consistency_feature_group_knn_memory_score": 0.9353117053841583,
      "route_consistency_feature_group_knn_exposure_js": 0.050376789608694,
      "route_consistency_feature_group_knn_exposure_score": 0.9508710786528136
    }
  ]
}
