stage_name,stage_key,split,aggregation_level,node_kind,node_name,route_space,support_size,wrapper_name,source_type,temperature,top_k,entropy_norm,n_eff_norm,top1_monopoly_norm,jitter_adj_norm,knn_consistency_score,knn_consistency_js,n_eff,cv_usage,top1_max_frac,entropy_mean
macro,macro@1,best_valid,session,final,final.expert,expert,12,ScalarGroupConditionalProductWrapper,,,,0.8013440109883889,0.8102171720607085,0.27376907864712746,0.0,0.9794868634977179,0.020726453124210995,9.722606064728502,0.48398028361856094,0.33428832209320014,1.991265061672836
macro,macro@1,best_valid,session,final,final.group,group,4,ScalarGroupConditionalProductWrapper,,,,0.9228357031885581,0.9458044189361847,0.2425333400943157,0.0,0.9993648391270081,0.0006353626731139911,3.783217675744739,0.23937633633613586,0.4319000050707368,1.2793219315704072
macro,macro@1,best_valid,session,final,final.intra.Exposure,intra,3,ScalarGroupConditionalProductWrapper,,,,0.6308866681373039,0.6649021246712092,0.7493027736930176,0.0,0.9900313469693425,0.01001867274938638,1.9947063740136277,0.7099162354940527,0.832868515795345,0.6930998463725216
macro,macro@1,best_valid,session,final,final.intra.Focus,intra,3,ScalarGroupConditionalProductWrapper,,,,0.7015533703595006,0.9478278795656601,0.4058490948734851,0.0,0.9597816066629089,0.04104951346019629,2.84348363869698,0.2346143131073024,0.6038993965823234,0.770735153833477
macro,macro@1,best_valid,session,final,final.intra.Memory,intra,3,ScalarGroupConditionalProductWrapper,,,,0.5879830163260654,0.8052573117245697,0.07620049693220422,0.0,0.9926677968567224,0.00735921586759643,2.415771935173709,0.49177156339714306,0.3841336646214695,0.6459653672639573
macro,macro@1,best_valid,session,final,final.intra.Tempo,intra,3,ScalarGroupConditionalProductWrapper,,,,0.27800793173294314,0.9905882047303417,0.014553014553014608,0.0,0.9784693316476012,0.02176583484709538,2.971764614191025,0.09747358493585631,0.34303534303534305,0.3054229301490163
