{
  "model": "TiSASRec",
  "dataset": "amazon_beauty",
  "dataset_raw": "amazon_beauty",
  "max_evals": 5,
  "tune_epochs": 34,
  "n_completed": 5,
  "n_recorded_trials": 5,
  "timestamp": "2026-04-12T05:20:42.616151",
  "trials": [
    {
      "trial": 1,
      "params": {
        "learning_rate": 0.0004913140514719462
      },
      "mrr@20": 0.0056,
      "valid_result": {
        "hit@5": 0.0088,
        "hit@10": 0.0177,
        "hit@20": 0.0354,
        "ndcg@5": 0.0044,
        "ndcg@10": 0.0076,
        "ndcg@20": 0.012,
        "mrr@5": 0.0029,
        "mrr@10": 0.0044,
        "mrr@20": 0.0056
      },
      "test_result": {
        "hit@5": 0.0088,
        "hit@10": 0.0088,
        "hit@20": 0.0175,
        "ndcg@5": 0.0038,
        "ndcg@10": 0.0038,
        "ndcg@20": 0.0059,
        "mrr@5": 0.0022,
        "mrr@10": 0.0022,
        "mrr@20": 0.0027
      },
      "best_hr@10": 0.0177,
      "test_mrr@20": 0.0027,
      "test_hr@10": 0.0088,
      "epochs_run": 22,
      "early_stop_epoch": 22,
      "early_stopped": true,
      "elapsed": 4.9,
      "status": "ok"
    },
    {
      "trial": 2,
      "params": {
        "learning_rate": 0.0007019358315770338
      },
      "mrr@20": 0.0128,
      "valid_result": {
        "hit@5": 0.0265,
        "hit@10": 0.0354,
        "hit@20": 0.0708,
        "ndcg@5": 0.0132,
        "ndcg@10": 0.0164,
        "ndcg@20": 0.0254,
        "mrr@5": 0.0088,
        "mrr@10": 0.0103,
        "mrr@20": 0.0128
      },
      "test_result": {
        "hit@5": 0.0088,
        "hit@10": 0.0263,
        "hit@20": 0.0351,
        "ndcg@5": 0.0038,
        "ndcg@10": 0.0095,
        "ndcg@20": 0.0118,
        "mrr@5": 0.0022,
        "mrr@10": 0.0045,
        "mrr@20": 0.0053
      },
      "best_hr@10": 0.0354,
      "test_mrr@20": 0.0053,
      "test_hr@10": 0.0263,
      "epochs_run": 31,
      "early_stop_epoch": 31,
      "early_stopped": true,
      "elapsed": 5.8,
      "status": "ok"
    },
    {
      "trial": 3,
      "params": {
        "learning_rate": 0.0004436032260600165
      },
      "mrr@20": 0.0049,
      "valid_result": {
        "hit@5": 0.0088,
        "hit@10": 0.0088,
        "hit@20": 0.0177,
        "ndcg@5": 0.0056,
        "ndcg@10": 0.0056,
        "ndcg@20": 0.0076,
        "mrr@5": 0.0044,
        "mrr@10": 0.0044,
        "mrr@20": 0.0049
      },
      "test_result": {
        "hit@5": 0.0,
        "hit@10": 0.0175,
        "hit@20": 0.0263,
        "ndcg@5": 0.0,
        "ndcg@10": 0.0059,
        "ndcg@20": 0.008,
        "mrr@5": 0.0,
        "mrr@10": 0.0026,
        "mrr@20": 0.0031
      },
      "best_hr@10": 0.0088,
      "test_mrr@20": 0.0031,
      "test_hr@10": 0.0175,
      "epochs_run": 21,
      "early_stop_epoch": 21,
      "early_stopped": true,
      "elapsed": 4.1,
      "status": "ok"
    },
    {
      "trial": 4,
      "params": {
        "learning_rate": 0.0007229916912241593
      },
      "mrr@20": 0.0124,
      "valid_result": {
        "hit@5": 0.0265,
        "hit@10": 0.0442,
        "hit@20": 0.0708,
        "ndcg@5": 0.0128,
        "ndcg@10": 0.0185,
        "ndcg@20": 0.025,
        "mrr@5": 0.0084,
        "mrr@10": 0.0108,
        "mrr@20": 0.0124
      },
      "test_result": {
        "hit@5": 0.0088,
        "hit@10": 0.0263,
        "hit@20": 0.0351,
        "ndcg@5": 0.0038,
        "ndcg@10": 0.0095,
        "ndcg@20": 0.0118,
        "mrr@5": 0.0022,
        "mrr@10": 0.0045,
        "mrr@20": 0.0053
      },
      "best_hr@10": 0.0442,
      "test_mrr@20": 0.0053,
      "test_hr@10": 0.0263,
      "epochs_run": 31,
      "early_stop_epoch": 31,
      "early_stopped": true,
      "elapsed": 5.5,
      "status": "ok"
    },
    {
      "trial": 5,
      "params": {
        "learning_rate": 0.0006559821953388492
      },
      "mrr@20": 0.003,
      "valid_result": {
        "hit@5": 0.0,
        "hit@10": 0.0088,
        "hit@20": 0.0354,
        "ndcg@5": 0.0,
        "ndcg@10": 0.0027,
        "ndcg@20": 0.0096,
        "mrr@5": 0.0,
        "mrr@10": 0.001,
        "mrr@20": 0.003
      },
      "test_result": {
        "hit@5": 0.0,
        "hit@10": 0.0175,
        "hit@20": 0.0175,
        "ndcg@5": 0.0,
        "ndcg@10": 0.0055,
        "ndcg@20": 0.0055,
        "mrr@5": 0.0,
        "mrr@10": 0.0021,
        "mrr@20": 0.0021
      },
      "best_hr@10": 0.0088,
      "test_mrr@20": 0.0021,
      "test_hr@10": 0.0175,
      "epochs_run": 9,
      "early_stop_epoch": 9,
      "early_stopped": true,
      "elapsed": 1.7,
      "status": "ok"
    }
  ],
  "run_group": "baseline",
  "run_axis": "stageh_targetedrecovery_anchor2_core5",
  "run_phase": "P23_SH_C22_MTISASREC_FAD_H2_R1_PASS3_MAXI_S1",
  "parent_result": "",
  "interrupted": false,
  "interrupted_at": null,
  "tuned_search": {
    "learning_rate": [
      0.00033640481876013754,
      0.0008657010553220879
    ]
  },
  "fixed_search": {
    "n_layers": 3,
    "n_heads": 4,
    "time_span": 512,
    "weight_decay": 0.00015,
    "hidden_dropout_prob": 0.13999999999999999,
    "MAX_ITEM_LIST_LENGTH": 5,
    "num_layers": 3,
    "num_heads": 4,
    "dropout_ratio": 0.13999999999999999,
    "dropout_prob": 0.13999999999999999,
    "attn_dropout_prob": 0.13999999999999999,
    "hidden_size": 224,
    "embedding_size": 224,
    "inner_size": 512,
    "num_experts": 6,
    "state_size": 24,
    "conv_kernel": 6,
    "remaining_ratio": 0.6
  },
  "context_fixed": {
    "num_layers": 3,
    "search_space_type_overrides": {
      "learning_rate": "loguniform",
      "weight_decay": "choice",
      "n_layers": "choice",
      "num_layers": "choice",
      "n_heads": "choice",
      "num_heads": "choice",
      "dropout_ratio": "choice",
      "dropout_prob": "choice",
      "hidden_dropout_prob": "choice",
      "attn_dropout_prob": "choice",
      "hidden_size": "choice",
      "embedding_size": "choice",
      "inner_size": "choice",
      "time_span": "choice",
      "num_experts": "choice",
      "state_size": "choice",
      "conv_kernel": "choice",
      "remaining_ratio": "choice",
      "MAX_ITEM_LIST_LENGTH": "choice"
    }
  },
  "best_params": {
    "learning_rate": 0.0007019358315770338
  },
  "best_mrr@20": 0.0128,
  "best_hr@10": 0.0354,
  "test_mrr@20": 0.0053,
  "test_hr@10": 0.0263,
  "best_valid_result": {
    "hit@5": 0.0265,
    "hit@10": 0.0354,
    "hit@20": 0.0708,
    "ndcg@5": 0.0132,
    "ndcg@10": 0.0164,
    "ndcg@20": 0.0254,
    "mrr@5": 0.0088,
    "mrr@10": 0.0103,
    "mrr@20": 0.0128
  },
  "test_result": {
    "hit@5": 0.0088,
    "hit@10": 0.0263,
    "hit@20": 0.0351,
    "ndcg@5": 0.0038,
    "ndcg@10": 0.0095,
    "ndcg@20": 0.0118,
    "mrr@5": 0.0022,
    "mrr@10": 0.0045,
    "mrr@20": 0.0053
  },
  "best_valid_special_metrics": {
    "split": "best_valid",
    "overall": {
      "count": 113,
      "hit@20": 0.07079646017699115,
      "ndcg@20": 0.025356672110810743,
      "mrr@20": 0.012821928589744905
    },
    "slices": {
      "target_popularity_abs": {
        "rare_1_5": {
          "count": 113,
          "hit@20": 0.07079646017699115,
          "ndcg@20": 0.025356672110810743,
          "mrr@20": 0.012821928589744905
        }
      },
      "target_popularity_abs_legacy": {
        "<=5": {
          "count": 113,
          "hit@20": 0.07079646017699115,
          "ndcg@20": 0.025356672110810743,
          "mrr@20": 0.012821928589744905
        }
      },
      "session_len": {
        "<=7": {
          "count": 113,
          "hit@20": 0.07079646017699115,
          "ndcg@20": 0.025356672110810743,
          "mrr@20": 0.012821928589744905
        }
      },
      "session_len_legacy": {
        "3-5": {
          "count": 113,
          "hit@20": 0.07079646017699115,
          "ndcg@20": 0.025356672110810743,
          "mrr@20": 0.012821928589744905
        }
      }
    },
    "counts": {
      "target_popularity_abs": {
        "rare_1_5": 113
      },
      "target_popularity_abs_legacy": {
        "<=5": 113
      },