stage_name,stage_key,split,aggregation_level,node_kind,node_name,route_space,support_size,wrapper_name,source_type,temperature,top_k,entropy_norm,n_eff_norm,top1_monopoly_norm,jitter_adj_norm,knn_consistency_score,knn_consistency_js,n_eff,cv_usage,top1_max_frac,entropy_mean
macro,macro@1,best_valid,session,final,final.expert,expert,12,GroupConditionalProductWrapper,,,,0.9264369095264537,0.9611834027986651,0.3830417010651793,0.0,0.9946380667495291,0.005376360007878013,11.53420083358398,0.20095784801747227,0.434454892643081,2.302109237091329
macro,macro@1,best_valid,session,final,final.group,group,4,GroupConditionalProductWrapper,,,,0.9487911552176774,0.9907656889686567,0.35608967403260944,0.0,0.99805130771341,0.0019505934576703793,3.9630627558746268,0.09654189646244049,0.5170672555244571,1.315303828358693
macro,macro@1,best_valid,session,final,final.intra.Exposure,intra,3,GroupConditionalProductWrapper,,,,0.7757148062580669,0.9769495969909152,0.31582868533918607,0.0,0.9930001895719488,0.007024424028675752,2.9308487909727456,0.15360436130749103,0.543885790226124,0.8522098186569143
macro,macro@1,best_valid,session,final,final.intra.Focus,intra,3,GroupConditionalProductWrapper,,,,0.9811889904577089,0.9966021099334147,0.2363932907798562,0.0,0.9989384100588781,0.0010621538268357326,2.989806329800244,0.05838929687770316,0.49092886051990414,1.0779462824226957
macro,macro@1,best_valid,session,final,final.intra.Memory,intra,3,GroupConditionalProductWrapper,,,,0.9662425180946923,0.9984806649151672,0.5341937995422481,0.0,0.9988748680398489,0.0011257653962923916,2.9954419947455015,0.039007585264516316,0.6894625330281654,1.0615259042124474
macro,macro@1,best_valid,session,final,final.intra.Tempo,intra,3,GroupConditionalProductWrapper,,,,0.8867014748114177,0.9874113878548433,0.2471927457731779,0.0,0.9963197396867203,0.003687049132800229,2.96223416356453,0.11291202193760806,0.4981284971821186,0.9741411366079599
