best_mrr20,epoch,epoch_time_sec,eval,lr,patience_used,train_loss,trial,valid_mrr20
0.0112,1,18.20520281791687,1,0.0005476,0,698.1048574447632,1,0.0112
0.0158,3,16.650609970092773,1,0.0005476,0,603.8519463539124,1,0.0158
0.0177,5,16.349639415740967,1,0.0005476,0,561.806890964508,1,0.0177
0.0177,10,16.48242688179016,1,0.0005476,5,514.8257904052734,1,0.0172
0.0177,15,16.866586923599243,1,0.0005476,10,487.20228099823,1,0.0166
