{
  "split": "best_valid",
  "feature_mode": "none",
  "stage_metrics": {
    "macro@1": {
      "mode": "moe",
      "n_slots": 4,
      "expert_names": [
        "Tempo",
        "Focus",
        "Memory",
        "Exposure"
      ],
      "family_names": [
        "Tempo",
        "Focus",
        "Memory",
        "Exposure"
      ],
      "usage_sum": [
        677.6253662109375,
        905.6180419921875,
        878.004638671875,
        881.751953125
      ],
      "top1_count": [
        282.0,
        1285.0,
        952.0,
        824.0
      ],
      "entropy_mean": 1.2824994040719413,
      "route_jitter_adjacent": 0.5150957290132547,
      "route_jitter_session": 0.3491544517860307,
      "route_consistency_knn_js": 0.01323801858953692,
      "route_consistency_knn_score": 0.9868492186050617,
      "route_consistency_group_knn_js": 0.01323801858953692,
      "route_consistency_group_knn_score": 0.9868492186050617,
      "route_consistency_intra_group_knn": {
        "group_names": [
          "Tempo",
          "Focus",
          "Memory",
          "Exposure"
        ],
        "js_by_group": [
          0.0,
          0.0,
          0.0,
          0.0
        ],
        "score_by_group": [
          1.0,
          1.0,
          1.0,
          1.0
        ],
        "mean_js": 0.0,
        "mean_score": 1.0
      },
      "route_consistency_feature_group_knn": {
        "group_names": [
          "Tempo",
          "Focus",
          "Memory",
          "Exposure"
        ],
        "js_by_group": [
          0.0186413577869178,
          0.02633846775766765,
          0.025965178031860547,
          0.025831146483596242
        ],
        "score_by_group": [
          0.9815313176899791,
          0.9740053643995764,
          0.9743690184649282,
          0.9744996234054495
        ],
        "mean_js": 0.02419403751501056,
        "mean_score": 0.9761013309899833
      },
      "condition_norm": 0.0,
      "stage_delta_norm": 8.396606484250398,
      "shared_delta_norm": 6.479982805023924,
      "moe_delta_norm": 8.396606484250398,
      "residual_delta_norm": 8.396606484250398,
      "alpha_value": 1.0,
      "alpha_effective": 1.0,
      "usage_share": [
        0.20269978046417236,
        0.27089980244636536,
        0.26263973116874695,
        0.26376068592071533
      ],
      "n_eff": 3.952206176382215,
      "cv_usage": 0.10996784269809723,
      "dead_expert_frac": 0.0,
      "top1_max_frac": 0.3843852826802273,
      "wrapper_name": "FlatJointWrapper",
      "feature_family_expert_heatmap": {
        "family_names": [
          "Tempo",
          "Focus",
          "Memory",
          "Exposure"
        ],
        "values": [
          [
            279.2587890625,
            392.22747802734375,
            360.336669921875,
            381.8585510253906
          ],
          [
            355.4859619140625,
            482.5763244628906,
            458.97528076171875,
            471.4862060546875
          ],
          [
            310.638671875,
            399.91595458984375,
            404.847412109375,
            387.0179443359375
          ],
          [
            328.89837646484375,
            437.0108642578125,
            428.10833740234375,
            425.54986572265625
          ]
        ]
      },
      "position_expert_usage": {
        "values": [
          [
            93.0,
            261.0,
            121.0,
            152.0
          ],
          [
            68.0,
            266.0,
            121.0,
            164.0
          ],
          [
            42.0,
            268.0,
            161.0,
            129.0
          ],
          [
            24.0,
            150.0,
            283.0,
            85.0
          ],
          [
            29.0,
            105.0,
            118.0,
            70.0
          ],
          [
            4.0,
            77.0,
            57.0,
            75.0
          ],
          [
            7.0,
            30.0,
            39.0,
            78.0
          ],
          [
            5.0,
            58.0,
            26.0,
            23.0
          ],
          [
            7.0,
            33.0,
            18.0,
            27.0
          ],
          [
            3.0,
            37.0,
            8.0,
            21.0
          ]
        ]
      },
      "route_transition_matrix": {
        "values": [
          [
            49.0,
            58.0,
            79.0,
            64.0
          ],
          [
            42.0,
            617.0,
            217.0,
            187.0
          ],
          [
            47.0,
            149.0,
            375.0,
            145.0
          ],
          [
            51.0,
            200.0,
            160.0,
            276.0
          ]
        ]
      },
      "group_routing": {
        "group_names": [
          "Tempo",
          "Focus",
          "Memory",
          "Exposure"
        ],
        "group_share": [
          0.20269978046417236,
          0.27089980244636536,
          0.26263973116874695,
          0.26376068592071533
        ],
        "group_n_eff": 3.952206176382215,
        "group_cv_usage": 0.10996784252425777,
        "group_top1_max_frac": 0.3843852826802273,
        "group_entropy_mean": 1.2824994040719413,
        "group_prior_mean": [
          0.0,
          0.0,
          0.0,
          0.0
        ],
        "factored_group_entropy_mean": 0.0
      },
      "specialization_summary": {
        "mean_top_expert_share": 0.2724040150642395,
        "family_top_expert": [
          {
            "family": "Tempo",
            "expert": "Focus",
            "top_share": 0.2774510979652405
          },
          {
            "family": "Focus",
            "expert": "Focus",
            "top_share": 0.2728695571422577
          },
          {
            "family": "Memory",
            "expert": "Memory",
            "top_share": 0.26946353912353516
          },
          {
            "family": "Exposure",
            "expert": "Focus",
            "top_share": 0.2698318362236023
          }
        ]
      },
      "expert_similarity_mean": 0.4890395700931549,
      "expert_similarity_max": 0.5595504641532898
    }
  },
  "scalar_metrics": {
    "macro_1.entropy_mean": 1.2824994040719413,
    "macro_1.n_eff": 3.952206176382215,
    "macro_1.cv_usage": 0.10996784269809723,
    "macro_1.dead_expert_frac": 0.0,
    "macro_1.top1_max_frac": 0.3843852826802273,
    "macro_1.route_jitter_adjacent": 0.5150957290132547,
    "macro_1.route_jitter_session": 0.3491544517860307,
    "macro_1.route_consistency_knn_js": 0.01323801858953692,
    "macro_1.route_consistency_knn_score": 0.9868492186050617,
    "macro_1.route_consistency_group_knn_js": 0.01323801858953692,
    "macro_1.route_consistency_group_knn_score": 0.9868492186050617,
    "macro_1.route_consistency_intra_group_knn_mean_js": 0.0,
    "macro_1.route_consistency_intra_group_knn_mean_score": 1.0,
    "macro_1.route_consistency_feature_group_knn_mean_js": 0.02419403751501056,
    "macro_1.route_consistency_feature_group_knn_mean_score": 0.9761013309899833,
    "macro_1.route_consistency_feature_group_knn_tempo_js": 0.0186413577869178,
    "macro_1.route_consistency_feature_group_knn_tempo_score": 0.9815313176899791,
    "macro_1.route_consistency_feature_group_knn_focus_js": 0.02633846775766765,
    "macro_1.route_consistency_feature_group_knn_focus_score": 0.9740053643995764,
    "macro_1.route_consistency_feature_group_knn_memory_js": 0.025965178031860547,
    "macro_1.route_consistency_feature_group_knn_memory_score": 0.9743690184649282,
    "macro_1.route_consistency_feature_group_knn_exposure_js": 0.025831146483596242,
    "macro_1.route_consistency_feature_group_knn_exposure_score": 0.9744996234054495,
    "macro_1.condition_norm": 0.0,
    "macro_1.stage_delta_norm": 8.396606484250398,
    "macro_1.shared_delta_norm": 6.479982805023924,
    "macro_1.moe_delta_norm": 8.396606484250398,