best_mrr20,epoch,epoch_time_sec,eval,lr,patience_used,train_loss,trial,valid_mrr20
0.2692,1,57.651705741882324,1,0.0006918502217122324,0,2186.916835308075,1,0.2692
0.3447,3,54.73031544685364,1,0.0006905969424258146,0,1171.4482355117798,1,0.3447
0.3697,7,54.92255902290344,1,0.0006843557582399445,0,791.2829105854034,1,0.3697
0.3697,10,54.79257082939148,1,0.0006764589887885513,3,696.3340620994568,1,0.3634
0.3697,17,55.73169469833374,1,0.0006477825875291236,10,505.40679681301117,1,0.3368
