{
  "split": "best_valid",
  "feature_mode": "none",
  "stages": [
    {
      "stage": "macro@1",
      "n_eff": 11.844920171193852,
      "cv_usage": 0.11442306574720536,
      "top1_max_frac": 0.7207830994843538,
      "entropy_mean": 2.3829042599472166,
      "route_jitter_adjacent": 0.0,
      "route_consistency_knn_js": 0.0016836978003570465,
      "route_consistency_knn_score": 0.9983177188236173,
      "route_consistency_group_knn_js": 0.0015946121581224622,
      "route_consistency_group_knn_score": 0.9984066585603208,
      "route_consistency_intra_group_knn_mean_js": 0.0001014839061118215,
      "route_consistency_intra_group_knn_mean_score": 0.9998985256360702,
      "route_consistency_feature_group_knn_mean_score": 0.9959492617488451,
      "family_top_expert_mean_share": 0.09511980414390564,
      "route_consistency_feature_group_knn_tempo_js": 0.002446209085349952,
      "route_consistency_feature_group_knn_tempo_score": 0.997556780445925,
      "route_consistency_feature_group_knn_focus_js": 0.0027704792079261006,
      "route_consistency_feature_group_knn_focus_score": 0.9972333550278871,
      "route_consistency_feature_group_knn_memory_js": 0.0041857451487683295,
      "route_consistency_feature_group_knn_memory_score": 0.995823002872538,
      "route_consistency_feature_group_knn_exposure_js": 0.006839427000686273,
      "route_consistency_feature_group_knn_exposure_score": 0.9931839086490303
    }
  ]
}
