{
  "split": "best_valid",
  "feature_mode": "none",
  "stages": [
    {
      "stage": "macro@1",
      "n_eff": 11.974672006914773,
      "cv_usage": 0.045990024798807524,
      "top1_max_frac": 0.7390283427588715,
      "entropy_mean": 2.470274372388685,
      "route_jitter_adjacent": 0.0,
      "route_consistency_knn_js": 0.00027173956399657346,
      "route_consistency_knn_score": 0.9997282973538547,
      "route_consistency_group_knn_js": 0.00019566912117550988,
      "route_consistency_group_knn_score": 0.9998043500207785,
      "route_consistency_intra_group_knn_mean_js": 8.627678610844913e-05,
      "route_consistency_intra_group_knn_mean_score": 0.99991373037916,
      "route_consistency_feature_group_knn_mean_score": 0.9991911258762961,
      "family_top_expert_mean_share": 0.09005609154701233,
      "route_consistency_feature_group_knn_tempo_js": 0.0007217492455415654,
      "route_consistency_feature_group_knn_tempo_score": 0.999278511152794,
      "route_consistency_feature_group_knn_focus_js": 0.0007882736881904541,
      "route_consistency_feature_group_knn_focus_score": 0.9992120369178937,
      "route_consistency_feature_group_knn_memory_js": 0.0006586752008059564,
      "route_consistency_feature_group_knn_memory_score": 0.999341541678084,
      "route_consistency_feature_group_knn_exposure_js": 0.0010681565196966544,
      "route_consistency_feature_group_knn_exposure_score": 0.9989324137564125
    }
  ]
}
