best_mrr20,epoch,epoch_time_sec,eval,lr,patience_used,train_loss,trial,valid_mrr20
0.0044,1,4.1703972816467285,1,0.001349694149497785,0,79.07311487197876,1,0.0044
0.0241,3,2.9601759910583496,1,0.001347249192963149,0,62.65938329696655,1,0.0241
0.052,10,2.4521281719207764,1,0.0013196682040276242,3,41.81546115875244,1,0.0507
0.0557,11,2.617117166519165,1,0.0013133632671274394,0,40.54571294784546,1,0.0557
0.0557,21,2.438768148422241,1,0.0012200272550562435,10,32.5910542011261,1,0.0541
