stage_name,stage_key,split,aggregation_level,node_kind,node_name,route_space,support_size,wrapper_name,source_type,temperature,top_k,entropy_norm,n_eff_norm,top1_monopoly_norm,jitter_adj_norm,knn_consistency_score,knn_consistency_js,n_eff,cv_usage,top1_max_frac,entropy_mean
macro,macro@1,best_valid,session,final,final.expert,expert,12,GroupConditionalProductWrapper,,,,0.9645483975837377,0.9578308097611049,0.7848872693599354,0.0,0.9985939489803186,0.0014070404369725899,11.49396971713326,0.20982292414239276,0.8028133302466074,2.39681272719819
macro,macro@1,best_valid,session,final,final.group,group,4,GroupConditionalProductWrapper,,,,0.9773032863693899,0.9823641641539422,0.9131160131259347,0.0,0.9993445373076435,0.000655677601942321,3.929456656615769,0.13398690521717072,0.9348370098444511,1.3548300349978228
macro,macro@1,best_valid,session,final,final.intra.Exposure,intra,3,GroupConditionalProductWrapper,,,,0.9887247870095848,0.9776082975540995,0.9898634123755663,0.0,0.9999566873234043,4.3313614616856734e-05,2.9328248926622984,0.15134302448204087,0.9932422749170442,1.0862252011194893
macro,macro@1,best_valid,session,final,final.intra.Focus,intra,3,GroupConditionalProductWrapper,,,,0.991019844944169,0.9861145201774407,0.7186063432218804,0.0,0.9999076824257944,9.232183573506736e-05,2.958343560532322,0.11866398547101065,0.812404228814587,1.0887465799696288
macro,macro@1,best_valid,session,final,final.intra.Memory,intra,3,GroupConditionalProductWrapper,,,,0.989040726664713,0.9771473529662464,1.0,0.0,0.9999782577223958,2.174251397090799e-05,2.9314420588987393,0.1529279640934478,1.0,1.0865722963070907
macro,macro@1,best_valid,session,final,final.intra.Tempo,intra,3,GroupConditionalProductWrapper,,,,0.8135615255693186,0.9209994447285305,0.7787809637199458,0.0,0.996598099203762,0.0034077004176451715,2.7629983341855913,0.29287703207501675,0.8525206424799638,0.893788689578028
