stage_name,stage_key,split,aggregation_level,node_kind,node_name,route_space,support_size,wrapper_name,source_type,temperature,top_k,entropy_norm,n_eff_norm,top1_monopoly_norm,jitter_adj_norm,knn_consistency_score,knn_consistency_js,n_eff,cv_usage,top1_max_frac,entropy_mean
macro,macro@1,best_valid,session,final,final.expert,expert,12,ScalarGroupConditionalProductWrapper,,,,0.9240444475488082,0.8208411813610245,0.7251863533514218,0.0,0.9908633751590249,0.009178619788148873,9.850094176332293,0.4671858053186246,0.7480874905721366,2.2961641924137126
macro,macro@1,best_valid,session,final,final.group,group,4,ScalarGroupConditionalProductWrapper,,,,0.9126231086114032,0.8953247222031588,0.7749284679572365,0.0,0.9943307669099312,0.005685364188177649,3.5812988888126354,0.3419256806373596,0.8311963509679273,1.2651642692956937
macro,macro@1,best_valid,session,final,final.intra.Exposure,intra,3,ScalarGroupConditionalProductWrapper,,,,0.9174552824492158,0.8960159075089781,0.7249757569227454,0.0,0.9950683017850734,0.004943899169381124,2.6880477225269344,0.340663601736319,0.8166505046151636,1.0079276476021801
macro,macro@1,best_valid,session,final,final.intra.Focus,intra,3,ScalarGroupConditionalProductWrapper,,,,0.9208660897414402,0.9209471949224665,0.7501346837625256,0.0,0.9970250236929038,0.002979410345399676,2.7628415847673993,0.29298226407223155,0.8334231225083504,1.0116748024076967
macro,macro@1,best_valid,session,final,final.intra.Memory,intra,3,ScalarGroupConditionalProductWrapper,,,,0.9962323968947447,0.9985509086267749,0.8017993750673419,0.0,0.9997610687409472,0.00023895980767366987,2.9956527258803245,0.03809395225811147,0.8678662500448946,1.0944731535978522
macro,macro@1,best_valid,session,final,final.intra.Tempo,intra,3,ScalarGroupConditionalProductWrapper,,,,0.939190207833314,0.9833571711000694,0.354110548432281,0.0,0.9941094153505161,0.005908002578111743,2.950071513300208,0.13009445354060967,0.5694070322881873,1.0318059037224347
