{
  "split": "best_valid",
  "feature_mode": "runtime:unknown|ablation:none",
  "stages": [
    {
      "stage": "macro@1",
      "n_eff": 11.930698022539108,
      "cv_usage": 0.07621610927821834,
      "top1_max_frac": 0.12502134927412467,
      "entropy_mean": 2.3217124619716056,
      "route_jitter_adjacent": 0.6913091853133886,
      "route_consistency_knn_js": 0.03645750318104244,
      "route_consistency_knn_score": 0.964199068418924,
      "route_consistency_group_knn_js": 0.01204899838207111,
      "route_consistency_group_knn_score": 0.9880233001327124,
      "route_consistency_intra_group_knn_mean_js": 0.024645909918042642,
      "route_consistency_intra_group_knn_mean_score": 0.9756592953021004,
      "route_consistency_feature_group_knn_mean_score": 0.958836742101232,
      "family_top_expert_mean_share": 0.09414021670818329,
      "route_consistency_feature_group_knn_tempo_js": 0.04295328472635753,
      "route_consistency_feature_group_knn_tempo_score": 0.9579561402049922,
      "route_consistency_feature_group_knn_focus_js": 0.04239727232015716,
      "route_consistency_feature_group_knn_focus_score": 0.9584889238069625,
      "route_consistency_feature_group_knn_memory_js": 0.04213858085322597,
      "route_consistency_feature_group_knn_memory_score": 0.9587369087871156,
      "route_consistency_feature_group_knn_exposure_js": 0.0406501388655154,
      "route_consistency_feature_group_knn_exposure_score": 0.960164995605858
    }
  ]
}
