stage_name,stage_key,split,aggregation_level,node_kind,node_name,route_space,support_size,wrapper_name,source_type,temperature,top_k,entropy_norm,n_eff_norm,top1_monopoly_norm,jitter_adj_norm,knn_consistency_score,knn_consistency_js,n_eff,cv_usage,top1_max_frac,entropy_mean
macro,macro@1,best_valid,session,final,final.expert,expert,16,ScalarGroupConditionalProductWrapper,,,,0.9273969268257487,0.7593441074895521,0.878151914427782,0.0,0.9916441501420331,0.008390955667422137,12.149505719832833,0.5629616975784302,0.8857674197760456,2.5712902603569026
macro,macro@1,best_valid,session,final,final.group,group,4,ScalarGroupConditionalProductWrapper,,,,0.9830609449752302,0.9678633357874298,0.8503277542568486,0.0,0.9994077729117175,0.0005924025240132522,3.871453343149719,0.1822187602519989,0.8877458156926364,1.3628118446563526
macro,macro@1,best_valid,session,final,final.intra.Exposure,intra,4,ScalarGroupConditionalProductWrapper,,,,0.6713927824484065,0.5207926997953237,0.9652857463168862,0.0,0.9905096834307255,0.00953563658569022,2.083170799181295,0.9592443108558655,0.9739643097376647,0.9307480284048194
macro,macro@1,best_valid,session,final,final.intra.Focus,intra,4,ScalarGroupConditionalProductWrapper,,,,0.9764539785618982,0.9975164971300886,0.4062701961249819,0.0,0.9978747614409705,0.002127500083249581,3.9900659885203544,0.04989684373140335,0.5547026470937364,1.353652644373442
macro,macro@1,best_valid,session,final,final.intra.Memory,intra,4,ScalarGroupConditionalProductWrapper,,,,0.9308900875769343,0.9638494192102132,0.7559450797293555,0.0,0.9888568479141536,0.011205702108735867,3.8553976768408527,0.19366586208343506,0.8169588097970166,1.290487679230305
macro,macro@1,best_valid,session,final,final.intra.Tempo,intra,4,ScalarGroupConditionalProductWrapper,,,,0.9216972908208222,0.9600860672858476,0.2097495350769596,0.0,0.9924569517111419,0.007571640952241936,3.84034426914339,0.20389531552791595,0.4073121513077197,1.2777437569243857
