stage_name,stage_key,split,aggregation_level,node_kind,node_name,route_space,support_size,wrapper_name,source_type,temperature,top_k,entropy_norm,n_eff_norm,top1_monopoly_norm,jitter_adj_norm,knn_consistency_score,knn_consistency_js,n_eff,cv_usage,top1_max_frac,entropy_mean
macro,macro@1,best_valid,session,final,final.expert,expert,8,ScalarGroupConditionalProductWrapper,,,,0.9714325116471447,0.9897457594922222,0.7222815975933183,0.0,0.9980962495696607,0.0019055648663777864,7.917966075937778,0.10178653757491932,0.7569963978941535,2.0200371196574536
macro,macro@1,best_valid,session,final,final.group,group,4,ScalarGroupConditionalProductWrapper,,,,0.9635280297861792,0.990682613280444,0.6759951971922047,0.0,0.9983688322598345,0.0016324995427230518,3.962730453121776,0.09697964042425156,0.7569963978941535,1.3357334744735383
macro,macro@1,best_valid,session,final,final.intra.Exposure,intra,2,ScalarGroupConditionalProductWrapper,,,,0.9890725533515522,0.9992695425945294,0.5516763646439458,0.0,0.9997545712557622,0.000245458866800798,1.9985390851890588,0.02703678607940674,0.7758381823219729,0.6855728517248545
macro,macro@1,best_valid,session,final,final.intra.Focus,intra,2,ScalarGroupConditionalProductWrapper,,,,0.9961999185077347,0.9999673377215224,0.5660847880299251,0.0,0.9998591235088902,0.0001408864151347767,1.9999346754430447,0.005726486444473267,0.7830423940149626,0.6905131647876835
macro,macro@1,best_valid,session,final,final.intra.Memory,intra,2,ScalarGroupConditionalProductWrapper,,,,0.998709672339809,0.9998709130050201,0.513992795788307,0.0,0.9999912867310036,8.713306957169583e-06,1.9997418260100401,0.011361122131347656,0.7569963978941535,0.6922527935802854
macro,macro@1,best_valid,session,final,final.intra.Tempo,intra,2,ScalarGroupConditionalProductWrapper,,,,0.9774476187601033,0.9999971389852362,0.5533388750346355,0.0,0.999462737397321,0.000537406979945668,1.9999942779704725,0.001728445291519165,0.7766694375173178,0.6775150610885979
