stage_name,stage_key,split,aggregation_level,node_kind,node_name,route_space,support_size,wrapper_name,source_type,temperature,top_k,entropy_norm,n_eff_norm,top1_monopoly_norm,jitter_adj_norm,knn_consistency_score,knn_consistency_js,n_eff,cv_usage,top1_max_frac,entropy_mean
macro,macro@1,best_valid,session,final,final.expert,expert,12,GroupConditionalProductWrapper,,,,0.889328878273545,0.9831509309165606,0.08046902791481252,0.0,0.9911124942249159,0.008927235226862278,11.797811170998727,0.13091159966851473,0.15709660892191146,2.209899243470435
macro,macro@1,best_valid,session,final,final.group,group,4,GroupConditionalProductWrapper,,,,0.8914302661459,0.99200258838566,0.21846579277664793,0.0,0.9955960808433191,0.004413644973628538,3.96801035354264,0.08978816866874695,0.41384934458248596,1.2357847512896645
macro,macro@1,best_valid,session,final,final.intra.Exposure,intra,3,GroupConditionalProductWrapper,,,,0.7482934001303174,0.9503570179736216,0.30210955171187137,0.0,0.9915272522561608,0.008508845513822987,2.851071053920865,0.2285524762108184,0.5347397011412476,0.8220843249124097
macro,macro@1,best_valid,session,final,final.intra.Focus,intra,3,GroupConditionalProductWrapper,,,,0.9846999570505747,0.9983362862927639,0.2771244857002865,0.0,0.999153768268982,0.000846589987215491,2.995008858878292,0.04082207446330564,0.5180829904668577,1.0818034734667212
macro,macro@1,best_valid,session,final,final.intra.Memory,intra,3,GroupConditionalProductWrapper,,,,0.9266997818793897,0.9963062260409609,0.38062877125156896,0.0,0.9965985713615969,0.00340722664820545,2.9889186781228827,0.060889165896500175,0.587085847501046,1.0180837682787545
macro,macro@1,best_valid,session,final,final.intra.Tempo,intra,3,GroupConditionalProductWrapper,,,,0.8870002208164041,0.9814061121679454,0.25417648282759125,0.0,0.9960751883754748,0.003932533909968828,2.944218336503836,0.1376449834512179,0.5027843218850608,0.9744693426402284
