{
  "model": "FAME",
  "dataset": "KuaiRecLargeStrictPosV2_0.2",
  "dataset_raw": "KuaiRecLargeStrictPosV2_0.2",
  "max_evals": 5,
  "tune_epochs": 100,
  "n_completed": 5,
  "n_recorded_trials": 5,
  "timestamp": "2026-03-19T08:25:35.974037",
  "trials": [
    {
      "trial": 1,
      "params": {
        "learning_rate": 0.0011548573251852659
      },
      "mrr@20": 0.0735,
      "valid_result": {
        "hit@5": 0.0805,
        "hit@10": 0.098,
        "hit@20": 0.1249,
        "ndcg@5": 0.0722,
        "ndcg@10": 0.0778,
        "ndcg@20": 0.0845,
        "mrr@5": 0.0694,
        "mrr@10": 0.0717,
        "mrr@20": 0.0735
      },
      "test_result": {
        "hit@5": 0.1582,
        "hit@10": 0.1727,
        "hit@20": 0.1966,
        "ndcg@5": 0.1501,
        "ndcg@10": 0.1548,
        "ndcg@20": 0.1608,
        "mrr@5": 0.1475,
        "mrr@10": 0.1494,
        "mrr@20": 0.151
      },
      "best_hr@10": 0.098,
      "test_mrr@20": 0.151,
      "test_hr@10": 0.1727,
      "epochs_run": 46,
      "early_stop_epoch": 46,
      "early_stopped": true,
      "elapsed": 135.6,
      "status": "ok"
    },
    {
      "trial": 2,
      "params": {
        "learning_rate": 0.0002357960002794728
      },
      "mrr@20": 0.0672,
      "valid_result": {
        "hit@5": 0.0694,
        "hit@10": 0.0745,
        "hit@20": 0.0832,
        "ndcg@5": 0.0668,
        "ndcg@10": 0.0684,
        "ndcg@20": 0.0706,
        "mrr@5": 0.0659,
        "mrr@10": 0.0666,
        "mrr@20": 0.0672
      },
      "test_result": {
        "hit@5": 0.1528,
        "hit@10": 0.1576,
        "hit@20": 0.1662,
        "ndcg@5": 0.1501,
        "ndcg@10": 0.1516,
        "ndcg@20": 0.1538,
        "mrr@5": 0.1492,
        "mrr@10": 0.1498,
        "mrr@20": 0.1504
      },
      "best_hr@10": 0.0745,
      "test_mrr@20": 0.1504,
      "test_hr@10": 0.1576,
      "epochs_run": 44,
      "early_stop_epoch": 44,
      "early_stopped": true,
      "elapsed": 134.4,
      "status": "ok"
    },
    {
      "trial": 3,
      "params": {
        "learning_rate": 0.0009973810830168513
      },
      "mrr@20": 0.0729,
      "valid_result": {
        "hit@5": 0.0808,
        "hit@10": 0.0978,
        "hit@20": 0.1255,
        "ndcg@5": 0.0718,
        "ndcg@10": 0.0772,
        "ndcg@20": 0.0841,
        "mrr@5": 0.0688,
        "mrr@10": 0.071,
        "mrr@20": 0.0729
      },
      "test_result": {
        "hit@5": 0.1583,
        "hit@10": 0.1739,
        "hit@20": 0.1991,
        "ndcg@5": 0.1495,
        "ndcg@10": 0.1544,
        "ndcg@20": 0.1608,
        "mrr@5": 0.1466,
        "mrr@10": 0.1486,
        "mrr@20": 0.1503
      },
      "best_hr@10": 0.0978,
      "test_mrr@20": 0.1503,
      "test_hr@10": 0.1739,
      "epochs_run": 60,
      "early_stop_epoch": 60,
      "early_stopped": true,
      "elapsed": 174.5,
      "status": "ok"
    },
    {
      "trial": 4,
      "params": {
        "learning_rate": 0.005051745184972172
      },
      "mrr@20": 0.0747,
      "valid_result": {
        "hit@5": 0.0832,
        "hit@10": 0.1027,
        "hit@20": 0.1336,
        "ndcg@5": 0.0733,
        "ndcg@10": 0.0795,
        "ndcg@20": 0.0873,
        "mrr@5": 0.07,
        "mrr@10": 0.0726,
        "mrr@20": 0.0747
      },
      "test_result": {
        "hit@5": 0.16,
        "hit@10": 0.1785,
        "hit@20": 0.2043,
        "ndcg@5": 0.1502,
        "ndcg@10": 0.1561,
        "ndcg@20": 0.1626,
        "mrr@5": 0.147,
        "mrr@10": 0.1494,
        "mrr@20": 0.1512
      },
      "best_hr@10": 0.1027,
      "test_mrr@20": 0.1512,
      "test_hr@10": 0.1785,
      "epochs_run": 21,
      "early_stop_epoch": 21,
      "early_stopped": true,
      "elapsed": 60.7,
      "status": "ok"
    },
    {
      "trial": 5,
      "params": {
        "learning_rate": 0.0012481855564458995
      },
      "mrr@20": 0.0739,
      "valid_result": {
        "hit@5": 0.0813,
        "hit@10": 0.0992,
        "hit@20": 0.1264,
        "ndcg@5": 0.0726,
        "ndcg@10": 0.0783,
        "ndcg@20": 0.0851,
        "mrr@5": 0.0697,
        "mrr@10": 0.0721,
        "mrr@20": 0.0739
      },
      "test_result": {
        "hit@5": 0.1593,
        "hit@10": 0.1742,
        "hit@20": 0.198,
        "ndcg@5": 0.1506,
        "ndcg@10": 0.1554,
        "ndcg@20": 0.1613,
        "mrr@5": 0.1477,
        "mrr@10": 0.1497,
        "mrr@20": 0.1513
      },
      "best_hr@10": 0.0992,
      "test_mrr@20": 0.1513,
      "test_hr@10": 0.1742,
      "epochs_run": 46,
      "early_stop_epoch": 46,
      "early_stopped": true,
      "elapsed": 134.1,
      "status": "ok"
    }
  ],
  "run_group": "baseline",
  "run_axis": "hparam",
  "run_phase": "P2_MORE_SEARCH_M03_FAME_C13",
  "parent_result": "",
  "interrupted": false,
  "interrupted_at": null,
  "tuned_search": {
    "learning_rate": [
      0.0002,
      0.006
    ]
  },
  "fixed_search": {
    "num_heads": 4,
    "num_experts": 4,
    "num_layers": 1,
    "weight_decay": 5e-05,
    "dropout_ratio": 0.12,
    "hidden_size": 128
  },
  "context_fixed": {
    "num_layers": 1,
    "search_space_type_overrides": {
      "learning_rate": "loguniform",
      "weight_decay": "choice",
      "dropout_ratio": "choice"
    },
    "combo_id": "C13"
  },
  "best_params": {
    "learning_rate": 0.005051745184972172
  },
  "best_mrr@20": 0.0747,
  "best_hr@10": 0.1027,
  "test_mrr@20": 0.1512,
  "test_hr@10": 0.1785,
  "best_valid_result": {
    "hit@5": 0.0832,
    "hit@10": 0.1027,
    "hit@20": 0.1336,
    "ndcg@5": 0.0733,
    "ndcg@10": 0.0795,
    "ndcg@20": 0.0873,
    "mrr@5": 0.07,
    "mrr@10": 0.0726,
    "mrr@20": 0.0747
  },
  "test_result": {
    "hit@5": 0.16,
    "hit@10": 0.1785,
    "hit@20": 0.2043,
    "ndcg@5": 0.1502,
    "ndcg@10": 0.1561,
    "ndcg@20": 0.1626,
    "mrr@5": 0.147,
    "mrr@10": 0.1494,
    "mrr@20": 0.1512
  },
  "best_valid_special_metrics": {},
  "early_valid_result": {},
  "early_valid_special_metrics": {},
  "test_special_metrics": {},
  "normal_result_mirror_file": "/workspace/jy1559/FMoE/experiments/run/artifacts/results/baseline/normal/hparam/P2/KuaiRecLargeStrictPosV2_0.2/FAME/KuaiRecLargeStrictPosV2_0.2_FAME_p2_more_search_m03_fame_c13_20260319_081451_181801_pid80045.json",
  "special_result_file": "/workspace/jy1559/FMoE/experiments/run/artifacts/results/baseline/special/hparam/P2/KuaiRecLargeStrictPosV2_0.2/FAME/KuaiRecLargeStrictPosV2_0.2_FAME_p2_more_search_m03_fame_c13_20260319_081451_181801_pid80045_special_metrics.json",
  "special_log_file": "/workspace/jy1559/FMoE/experiments/run/artifacts/logs/baseline/special/hparam/P2/KuaiRecLargeStrictPosV2_0.2/FAME/KuaiRecLargeStrictPosV2_0.2_FAME_p2_more_search_m03_fame_c13_20260319_081451_181801_pid80045_special_metrics.json"
}
