best_mrr20,epoch,epoch_time_sec,eval,lr,patience_used,train_loss,trial,valid_mrr20
0.0133,1,20.171567678451538,1,0.0005476,0,669.7370300292969,1,0.0133
0.0169,3,18.788432836532593,1,0.0005476,0,573.8136320114136,1,0.0169
0.0185,5,19.17116665840149,1,0.0005476,0,543.448573589325,1,0.0185
0.0185,10,19.19447898864746,1,0.0005476,5,499.77695178985596,1,0.0178
0.0185,15,19.526576280593872,1,0.0005476,10,469.01259326934814,1,0.0176
