stage_name,stage_key,split,aggregation_level,node_kind,node_name,route_space,support_size,wrapper_name,source_type,temperature,top_k,entropy_norm,n_eff_norm,top1_monopoly_norm,jitter_adj_norm,knn_consistency_score,knn_consistency_js,n_eff,cv_usage,top1_max_frac,entropy_mean
macro,macro@1,best_valid,session,final,final.expert,expert,8,ScalarGroupConditionalProductWrapper,,,,0.778677928042959,0.8541300835027792,0.3295514161204804,0.0,0.9894719626014962,0.010583849256070484,6.8330406680222335,0.41325774788856506,0.41335748910542036,1.619215231161711
macro,macro@1,best_valid,session,final,final.group,group,4,ScalarGroupConditionalProductWrapper,,,,0.9311826320070145,0.9983763872772174,0.20645024400594103,0.0,0.9977392804592341,0.0022632788251305417,3.99350554910887,0.04032554849982262,0.4048376830044558,1.2908932319241022
macro,macro@1,best_valid,session,final,final.intra.Exposure,intra,2,ScalarGroupConditionalProductWrapper,,,,0.47960714210159283,0.6625052223393711,0.9893257601723546,0.0,0.9979209634761126,0.00208120072047062,1.3250104446787423,0.7137380838394165,0.9946628800861773,0.3324383383241321
macro,macro@1,best_valid,session,final,final.intra.Focus,intra,2,ScalarGroupConditionalProductWrapper,,,,0.6299168348807462,0.9739330412674794,0.30480340792244043,0.0,0.97522319640622,0.02508891479134066,1.9478660825349587,0.16359910368919373,0.6524017039612202,0.43662507808483386
macro,macro@1,best_valid,session,final,final.intra.Memory,intra,2,ScalarGroupConditionalProductWrapper,,,,0.28607366150244384,0.9182623986541885,0.23458845419380103,0.0,0.99668843768304,0.003317057674950408,1.836524797308377,0.29835107922554016,0.6172942270969005,0.1982911519028791
macro,macro@1,best_valid,session,final,final.intra.Tempo,intra,2,ScalarGroupConditionalProductWrapper,,,,0.33635802168570794,0.8500839483192906,0.21451304901336732,0.0,0.9999864383534927,1.3561738467249408e-05,1.7001678966385811,0.41994571685791016,0.6072565245066837,0.2331456143901694
