{
  "split": "best_valid",
  "feature_mode": "runtime:unknown|ablation:none",
  "stages": [
    {
      "stage": "macro@1",
      "n_eff": 10.658472215317806,
      "cv_usage": 0.3547747216783049,
      "top1_max_frac": 0.2936730898587425,
      "entropy_mean": 2.298388318314011,
      "route_jitter_adjacent": 0.9135207127767062,
      "route_consistency_knn_js": 0.013051673254649208,
      "route_consistency_knn_score": 0.987033130488215,
      "route_consistency_group_knn_js": 0.004414480868391597,
      "route_consistency_group_knn_score": 0.9955952486301168,
      "route_consistency_intra_group_knn_mean_js": 0.00874469156911217,
      "route_consistency_intra_group_knn_mean_score": 0.9912943206633038,
      "route_consistency_feature_group_knn_mean_score": 0.9841655076905487,
      "family_top_expert_mean_share": 0.14525169134140015,
      "route_consistency_feature_group_knn_tempo_js": 0.015994320259192358,
      "route_consistency_feature_group_knn_tempo_score": 0.9841329096592585,
      "route_consistency_feature_group_knn_focus_js": 0.016112729596151357,
      "route_consistency_feature_group_knn_focus_score": 0.984016386032825,
      "route_consistency_feature_group_knn_memory_js": 0.01641714767102822,
      "route_consistency_feature_group_knn_memory_score": 0.9837168792488938,
      "route_consistency_feature_group_knn_exposure_js": 0.015320912263297326,
      "route_consistency_feature_group_knn_exposure_score": 0.984795855821217
    }
  ]
}
