{
  "split": "best_valid",
  "feature_mode": "none",
  "stages": [
    {
      "stage": "macro@1",
      "n_eff": 11.949073401421591,
      "cv_usage": 0.06528338943023808,
      "top1_max_frac": 0.7623318385650224,
      "entropy_mean": 2.4668168551184135,
      "route_jitter_adjacent": 0.0,
      "route_consistency_knn_js": 0.0007841021440436014,
      "route_consistency_knn_score": 0.9992162051837118,
      "route_consistency_group_knn_js": 0.0005738991869693738,
      "route_consistency_group_knn_score": 0.9994262654616702,
      "route_consistency_intra_group_knn_mean_js": 0.00021629080479367498,
      "route_consistency_intra_group_knn_mean_score": 0.999783743605912,
      "route_consistency_feature_group_knn_mean_score": 0.9986293883923397,
      "family_top_expert_mean_share": 0.09248779714107513,
      "route_consistency_feature_group_knn_tempo_js": 0.0008850506428136019,
      "route_consistency_feature_group_knn_tempo_score": 0.9991153408989866,
      "route_consistency_feature_group_knn_focus_js": 0.0017006920095075642,
      "route_consistency_feature_group_knn_focus_score": 0.9983007533476628,
      "route_consistency_feature_group_knn_memory_js": 0.0013183456098443964,
      "route_consistency_feature_group_knn_memory_score": 0.9986825230259664,
      "route_consistency_feature_group_knn_exposure_js": 0.0015823149034661348,
      "route_consistency_feature_group_knn_exposure_score": 0.9984189362967428
    }
  ]
}
