stage_name,stage_key,split,aggregation_level,node_kind,node_name,route_space,support_size,wrapper_name,source_type,temperature,top_k,entropy_norm,n_eff_norm,top1_monopoly_norm,jitter_adj_norm,knn_consistency_score,knn_consistency_js,n_eff,cv_usage,top1_max_frac,entropy_mean
macro,macro@1,best_valid,session,final,final.expert,expert,12,ScalarGroupConditionalProductWrapper,,,,0.9932277912430839,0.985161956115261,0.7779565567176187,0.0,0.9993477045825792,0.000652508254636798,11.821943473383133,0.12272627990339396,0.7964601769911505,2.468078343214187
macro,macro@1,best_valid,session,final,final.group,group,4,ScalarGroupConditionalProductWrapper,,,,0.99101582996685,0.9860907567980141,0.7422566371681416,0.0,0.9995801314290991,0.0004199567403899806,3.9443630271920562,0.1187659502029419,0.8066924778761062,1.3738396568635924
macro,macro@1,best_valid,session,final,final.intra.Exposure,intra,3,ScalarGroupConditionalProductWrapper,,,,0.9982822922267934,0.9988714987145433,0.97179203539823,0.0,0.9998927662518536,0.0001072394980958394,2.99661449614363,0.033612352725495315,0.9811946902654868,1.0967251938001243
macro,macro@1,best_valid,session,final,final.intra.Focus,intra,3,ScalarGroupConditionalProductWrapper,,,,0.9901797563972031,0.9990498519279146,0.7054756637168141,0.0,0.9993882809498829,0.0006119062265520841,2.9971495557837438,0.030838524003668905,0.8036504424778761,1.0878236483683628
macro,macro@1,best_valid,session,final,final.intra.Memory,intra,3,ScalarGroupConditionalProductWrapper,,,,0.9992217763458675,0.9992164854720457,0.7423949115044248,0.0,0.9999827429584598,1.725719044463296e-05,2.997649456416137,0.02800314417472052,0.8282632743362832,1.0977573225983477
macro,macro@1,best_valid,session,final,final.intra.Tempo,intra,3,ScalarGroupConditionalProductWrapper,,,,0.9965101352268841,0.9995057940295712,0.7772400442477876,0.0,0.9998188617312962,0.00018115467622139428,2.9985173820887137,0.022236126743670502,0.8514933628318584,1.0947782803425747
