{
  "model": "BSARec",
  "dataset": "amazon_beauty",
  "dataset_raw": "amazon_beauty",
  "max_evals": 10,
  "tune_epochs": 100,
  "n_completed": 10,
  "n_recorded_trials": 10,
  "timestamp": "2026-04-13T03:09:52.386360",
  "trials": [
    {
      "trial": 1,
      "params": {
        "learning_rate": 0.0008031161906552448
      },
      "mrr@20": 0.0037,
      "valid_result": {
        "hit@5": 0.0088,
        "hit@10": 0.0177,
        "hit@20": 0.0177,
        "ndcg@5": 0.0038,
        "ndcg@10": 0.007,
        "ndcg@20": 0.007,
        "mrr@5": 0.0022,
        "mrr@10": 0.0037,
        "mrr@20": 0.0037
      },
      "test_result": {
        "hit@5": 0.0088,
        "hit@10": 0.0088,
        "hit@20": 0.0088,
        "ndcg@5": 0.0044,
        "ndcg@10": 0.0044,
        "ndcg@20": 0.0044,
        "mrr@5": 0.0029,
        "mrr@10": 0.0029,
        "mrr@20": 0.0029
      },
      "best_hr@10": 0.0177,
      "test_mrr@20": 0.0029,
      "test_hr@10": 0.0088,
      "epochs_run": 11,
      "early_stop_epoch": 11,
      "early_stopped": true,
      "elapsed": 2.1,
      "status": "ok"
    },
    {
      "trial": 2,
      "params": {
        "learning_rate": 0.000527861182046065
      },
      "mrr@20": 0.0,
      "valid_result": {
        "hit@5": 0.0,
        "hit@10": 0.0,
        "hit@20": 0.0,
        "ndcg@5": 0.0,
        "ndcg@10": 0.0,
        "ndcg@20": 0.0,
        "mrr@5": 0.0,
        "mrr@10": 0.0,
        "mrr@20": 0.0
      },
      "test_result": {
        "hit@5": 0.0,
        "hit@10": 0.0088,
        "hit@20": 0.0088,
        "ndcg@5": 0.0,
        "ndcg@10": 0.0025,
        "ndcg@20": 0.0025,
        "mrr@5": 0.0,
        "mrr@10": 0.0009,
        "mrr@20": 0.0009
      },
      "best_hr@10": 0.0,
      "test_mrr@20": 0.0009,
      "test_hr@10": 0.0088,
      "epochs_run": 6,
      "early_stop_epoch": 6,
      "early_stopped": true,
      "elapsed": 0.9,
      "status": "ok"
    },
    {
      "trial": 3,
      "params": {
        "learning_rate": 0.00043915577374898583
      },
      "mrr@20": 0.0028,
      "valid_result": {
        "hit@5": 0.0088,
        "hit@10": 0.0177,
        "hit@20": 0.0177,
        "ndcg@5": 0.0034,
        "ndcg@10": 0.0061,
        "ndcg@20": 0.0061,
        "mrr@5": 0.0018,
        "mrr@10": 0.0028,
        "mrr@20": 0.0028
      },
      "test_result": {
        "hit@5": 0.0088,
        "hit@10": 0.0088,
        "hit@20": 0.0088,
        "ndcg@5": 0.0055,
        "ndcg@10": 0.0055,
        "ndcg@20": 0.0055,
        "mrr@5": 0.0044,
        "mrr@10": 0.0044,
        "mrr@20": 0.0044
      },
      "best_hr@10": 0.0177,
      "test_mrr@20": 0.0044,
      "test_hr@10": 0.0088,
      "epochs_run": 16,
      "early_stop_epoch": 16,
      "early_stopped": true,
      "elapsed": 2.4,
      "status": "ok"
    },
    {
      "trial": 4,
      "params": {
        "learning_rate": 0.00042194521125410174
      },
      "mrr@20": 0.0,
      "valid_result": {
        "hit@5": 0.0,
        "hit@10": 0.0,
        "hit@20": 0.0,
        "ndcg@5": 0.0,
        "ndcg@10": 0.0,
        "ndcg@20": 0.0,
        "mrr@5": 0.0,
        "mrr@10": 0.0,
        "mrr@20": 0.0
      },
      "test_result": {
        "hit@5": 0.0,
        "hit@10": 0.0,
        "hit@20": 0.0088,
        "ndcg@5": 0.0,
        "ndcg@10": 0.0,
        "ndcg@20": 0.0024,
        "mrr@5": 0.0,
        "mrr@10": 0.0,
        "mrr@20": 0.0008
      },
      "best_hr@10": 0.0,
      "test_mrr@20": 0.0008,
      "test_hr@10": 0.0,
      "epochs_run": 6,
      "early_stop_epoch": 6,
      "early_stopped": true,
      "elapsed": 0.9,
      "status": "ok"
    },
    {
      "trial": 5,
      "params": {
        "learning_rate": 0.000427876707774677
      },
      "mrr@20": 0.0,
      "valid_result": {
        "hit@5": 0.0,
        "hit@10": 0.0,
        "hit@20": 0.0,
        "ndcg@5": 0.0,
        "ndcg@10": 0.0,
        "ndcg@20": 0.0,
        "mrr@5": 0.0,
        "mrr@10": 0.0,
        "mrr@20": 0.0
      },
      "test_result": {
        "hit@5": 0.0,
        "hit@10": 0.0,
        "hit@20": 0.0088,
        "ndcg@5": 0.0,
        "ndcg@10": 0.0,
        "ndcg@20": 0.0024,
        "mrr@5": 0.0,
        "mrr@10": 0.0,
        "mrr@20": 0.0008
      },
      "best_hr@10": 0.0,
      "test_mrr@20": 0.0008,
      "test_hr@10": 0.0,
      "epochs_run": 6,
      "early_stop_epoch": 6,
      "early_stopped": true,
      "elapsed": 0.9,
      "status": "ok"
    },
    {
      "trial": 6,
      "params": {
        "learning_rate": 0.0004665703378111269
      },
      "mrr@20": 0.0029,
      "valid_result": {
        "hit@5": 0.0088,
        "hit@10": 0.0088,
        "hit@20": 0.0088,
        "ndcg@5": 0.0044,
        "ndcg@10": 0.0044,
        "ndcg@20": 0.0044,
        "mrr@5": 0.0029,
        "mrr@10": 0.0029,
        "mrr@20": 0.0029
      },
      "test_result": {
        "hit@5": 0.0,
        "hit@10": 0.0088,
        "hit@20": 0.0088,
        "ndcg@5": 0.0,
        "ndcg@10": 0.0029,
        "ndcg@20": 0.0029,
        "mrr@5": 0.0,
        "mrr@10": 0.0013,
        "mrr@20": 0.0013
      },
      "best_hr@10": 0.0088,
      "test_mrr@20": 0.0013,
      "test_hr@10": 0.0088,
      "epochs_run": 12,
      "early_stop_epoch": 12,
      "early_stopped": true,
      "elapsed": 1.6,
      "status": "ok"
    },
    {
      "trial": 7,
      "params": {
        "learning_rate": 0.0005122085006962742
      },
      "mrr@20": 0.0,
      "valid_result": {
        "hit@5": 0.0,
        "hit@10": 0.0,
        "hit@20": 0.0,
        "ndcg@5": 0.0,
        "ndcg@10": 0.0,
        "ndcg@20": 0.0,
        "mrr@5": 0.0,
        "mrr@10": 0.0,
        "mrr@20": 0.0
      },
      "test_result": {
        "hit@5": 0.0,
        "hit@10": 0.0088,
        "hit@20": 0.0088,
        "ndcg@5": 0.0,
        "ndcg@10": 0.0025,
        "ndcg@20": 0.0025,
        "mrr@5": 0.0,
        "mrr@10": 0.0009,
        "mrr@20": 0.0009
      },
      "best_hr@10": 0.0,
      "test_mrr@20": 0.0009,
      "test_hr@10": 0.0088,
      "epochs_run": 6,
      "early_stop_epoch": 6,
      "early_stopped": true,
      "elapsed": 0.8,
      "status": "ok"
    },
    {
      "trial": 8,
      "params": {
        "learning_rate": 0.0006483236456373
      },
      "mrr@20": 0.0098,
      "valid_result": {
        "hit@5": 0.0088,
        "hit@10": 0.0177,
        "hit@20": 0.0177,
        "ndcg@5": 0.0088,
        "ndcg@10": 0.0115,
        "ndcg@20": 0.0115,
        "mrr@5": 0.0088,
        "mrr@10": 0.0098,
        "mrr@20": 0.0098
      },
      "test_result": {
        "hit@5": 0.0088,
        "hit@10": 0.0175,
        "hit@20": 0.0175,
        "ndcg@5": 0.0055,
        "ndcg@10": 0.0081,
        "ndcg@20": 0.0081,
        "mrr@5": 0.0044,
        "mrr@10": 0.0053,
        "mrr@20": 0.0053
      },
      "best_hr@10": 0.0177,
      "test_mrr@20": 0.0053,
      "test_hr@10": 0.0175,
      "epochs_run": 14,
      "early_stop_epoch": 14,
      "early_stopped": true,
      "elapsed": 1.7,
      "status": "ok"
    },
    {
      "trial": 9,
      "params": {
        "learning_rate": 0.0005744882384466289
      },
      "mrr@20": 0.0016,
      "valid_result": {
        "hit@5": 0.0,
        "hit@10": 0.0088,
        "hit@20": 0.0177,
        "ndcg@5": 0.0,
        "ndcg@10": 0.0027,
        "ndcg@20": 0.0049,
        "mrr@5": 0.0,
        "mrr@10": 0.001,
        "mrr@20": 0.0016
      },
      "test_result": {
        "hit@5": 0.0,
        "hit@10": 0.0088,
        "hit@20": 0.0088,
        "ndcg@5": 0.0,
        "ndcg@10": 0.0025,
        "ndcg@20": 0.0025,
        "mrr@5": 0.0,
        "mrr@10": 0.0009,
        "mrr@20": 0.0009
      },
      "best_hr@10": 0.0088,
      "test_mrr@20": 0.0009,
      "test_hr@10": 0.0088,
      "epochs_run": 12,
      "early_stop_epoch": 12,
      "early_stopped": true,
      "elapsed": 1.3,
      "status": "ok"
    },
    {
      "trial": 10,
      "params": {
        "learning_rate": 0.00044755140091043855
      },
      "mrr@20": 0.0029,