{
  "split": "best_valid",
  "feature_mode": "none",
  "stages": [
    {
      "stage": "macro@1",
      "n_eff": 3.9843723987740916,
      "cv_usage": 0.06262792646884918,
      "top1_max_frac": 0.7623318385650224,
      "entropy_mean": 1.3662596561448992,
      "route_jitter_adjacent": 0.0,
      "route_consistency_knn_js": 0.00032678251251269376,
      "route_consistency_knn_score": 0.999673270875077,
      "route_consistency_group_knn_js": 0.00032678251251269376,
      "route_consistency_group_knn_score": 0.999673270875077,
      "route_consistency_intra_group_knn_mean_js": 0.0,
      "route_consistency_intra_group_knn_mean_score": 1.0,
      "route_consistency_feature_group_knn_mean_score": 0.9993377013892235,
      "family_top_expert_mean_share": 0.2740226984024048,
      "route_consistency_feature_group_knn_tempo_js": 0.0005518360571427779,
      "route_consistency_feature_group_knn_tempo_score": 0.9994483161763703,
      "route_consistency_feature_group_knn_focus_js": 0.0005963917174027487,
      "route_consistency_feature_group_knn_focus_score": 0.9994037860887884,
      "route_consistency_feature_group_knn_memory_js": 0.0007679663966907458,
      "route_consistency_feature_group_knn_memory_score": 0.9992323284140294,
      "route_consistency_feature_group_knn_exposure_js": 0.0007338943568903483,
      "route_consistency_feature_group_knn_exposure_score": 0.9992663748777059
    }
  ]
}
