{
  "model": "FAME",
  "dataset": "amazon_beauty",
  "dataset_raw": "amazon_beauty",
  "max_evals": 10,
  "tune_epochs": 48,
  "n_completed": 10,
  "n_recorded_trials": 10,
  "timestamp": "2026-03-30T18:07:11.813009",
  "trials": [
    {
      "trial": 1,
      "params": {
        "MAX_ITEM_LIST_LENGTH": 10,
        "learning_rate": 0.008324084413767235
      },
      "mrr@20": 0.0015,
      "valid_result": {
        "hit@5": 0.0,
        "hit@10": 0.0088,
        "hit@20": 0.0088,
        "ndcg@5": 0.0,
        "ndcg@10": 0.0032,
        "ndcg@20": 0.0032,
        "mrr@5": 0.0,
        "mrr@10": 0.0015,
        "mrr@20": 0.0015
      },
      "test_result": {
        "hit@5": 0.0,
        "hit@10": 0.0,
        "hit@20": 0.0,
        "ndcg@5": 0.0,
        "ndcg@10": 0.0,
        "ndcg@20": 0.0,
        "mrr@5": 0.0,
        "mrr@10": 0.0,
        "mrr@20": 0.0
      },
      "best_hr@10": 0.0088,
      "test_mrr@20": 0.0,
      "test_hr@10": 0.0,
      "epochs_run": 8,
      "early_stop_epoch": 8,
      "early_stopped": true,
      "elapsed": 5.5,
      "status": "ok"
    },
    {
      "trial": 2,
      "params": {
        "MAX_ITEM_LIST_LENGTH": 10,
        "learning_rate": 0.003789042816294657
      },
      "mrr@20": 0.0137,
      "valid_result": {
        "hit@5": 0.0177,
        "hit@10": 0.0177,
        "hit@20": 0.0265,
        "ndcg@5": 0.0144,
        "ndcg@10": 0.0144,
        "ndcg@20": 0.0164,
        "mrr@5": 0.0133,
        "mrr@10": 0.0133,
        "mrr@20": 0.0137
      },
      "test_result": {
        "hit@5": 0.0088,
        "hit@10": 0.0088,
        "hit@20": 0.0175,
        "ndcg@5": 0.0055,
        "ndcg@10": 0.0055,
        "ndcg@20": 0.0076,
        "mrr@5": 0.0044,
        "mrr@10": 0.0044,
        "mrr@20": 0.0049
      },
      "best_hr@10": 0.0177,
      "test_mrr@20": 0.0049,
      "test_hr@10": 0.0088,
      "epochs_run": 22,
      "early_stop_epoch": 22,
      "early_stopped": true,
      "elapsed": 13.9,
      "status": "ok"
    },
    {
      "trial": 3,
      "params": {
        "MAX_ITEM_LIST_LENGTH": 5,
        "learning_rate": 0.0022072072476512767
      },
      "mrr@20": 0.0029,
      "valid_result": {
        "hit@5": 0.0088,
        "hit@10": 0.0088,
        "hit@20": 0.0088,
        "ndcg@5": 0.0044,
        "ndcg@10": 0.0044,
        "ndcg@20": 0.0044,
        "mrr@5": 0.0029,
        "mrr@10": 0.0029,
        "mrr@20": 0.0029
      },
      "test_result": {
        "hit@5": 0.0,
        "hit@10": 0.0,
        "hit@20": 0.0,
        "ndcg@5": 0.0,
        "ndcg@10": 0.0,
        "ndcg@20": 0.0,
        "mrr@5": 0.0,
        "mrr@10": 0.0,
        "mrr@20": 0.0
      },
      "best_hr@10": 0.0088,
      "test_mrr@20": 0.0,
      "test_hr@10": 0.0,
      "epochs_run": 8,
      "early_stop_epoch": 8,
      "early_stopped": true,
      "elapsed": 4.9,
      "status": "ok"
    },
    {
      "trial": 4,
      "params": {
        "MAX_ITEM_LIST_LENGTH": 5,
        "learning_rate": 0.0040302920965899275
      },
      "mrr@20": 0.0074,
      "valid_result": {
        "hit@5": 0.0177,
        "hit@10": 0.0177,
        "hit@20": 0.0177,
        "ndcg@5": 0.01,
        "ndcg@10": 0.01,
        "ndcg@20": 0.01,
        "mrr@5": 0.0074,
        "mrr@10": 0.0074,
        "mrr@20": 0.0074
      },
      "test_result": {
        "hit@5": 0.0,
        "hit@10": 0.0,
        "hit@20": 0.0088,
        "ndcg@5": 0.0,
        "ndcg@10": 0.0,
        "ndcg@20": 0.002,
        "mrr@5": 0.0,
        "mrr@10": 0.0,
        "mrr@20": 0.0004
      },
      "best_hr@10": 0.0177,
      "test_mrr@20": 0.0004,
      "test_hr@10": 0.0,
      "epochs_run": 8,
      "early_stop_epoch": 8,
      "early_stopped": true,
      "elapsed": 4.9,
      "status": "ok"
    },
    {
      "trial": 5,
      "params": {
        "MAX_ITEM_LIST_LENGTH": 50,
        "learning_rate": 0.004571971203625721
      },
      "mrr@20": 0.0133,
      "valid_result": {
        "hit@5": 0.0177,
        "hit@10": 0.0177,
        "hit@20": 0.0177,
        "ndcg@5": 0.0144,
        "ndcg@10": 0.0144,
        "ndcg@20": 0.0144,
        "mrr@5": 0.0133,
        "mrr@10": 0.0133,
        "mrr@20": 0.0133
      },
      "test_result": {
        "hit@5": 0.0088,
        "hit@10": 0.0088,
        "hit@20": 0.0175,
        "ndcg@5": 0.0055,
        "ndcg@10": 0.0055,
        "ndcg@20": 0.0076,
        "mrr@5": 0.0044,
        "mrr@10": 0.0044,
        "mrr@20": 0.0049
      },
      "best_hr@10": 0.0177,
      "test_mrr@20": 0.0049,
      "test_hr@10": 0.0088,
      "epochs_run": 18,
      "early_stop_epoch": 18,
      "early_stopped": true,
      "elapsed": 13.9,
      "status": "ok"
    },
    {
      "trial": 6,
      "params": {
        "MAX_ITEM_LIST_LENGTH": 50,
        "learning_rate": 0.0014045092262301292
      },
      "mrr@20": 0.0088,
      "valid_result": {
        "hit@5": 0.0088,
        "hit@10": 0.0088,
        "hit@20": 0.0088,
        "ndcg@5": 0.0088,
        "ndcg@10": 0.0088,
        "ndcg@20": 0.0088,
        "mrr@5": 0.0088,
        "mrr@10": 0.0088,
        "mrr@20": 0.0088
      },
      "test_result": {
        "hit@5": 0.0088,
        "hit@10": 0.0088,
        "hit@20": 0.0088,
        "ndcg@5": 0.0088,
        "ndcg@10": 0.0088,
        "ndcg@20": 0.0088,
        "mrr@5": 0.0088,
        "mrr@10": 0.0088,
        "mrr@20": 0.0088
      },
      "best_hr@10": 0.0088,
      "test_mrr@20": 0.0088,
      "test_hr@10": 0.0088,
      "epochs_run": 12,
      "early_stop_epoch": 12,
      "early_stopped": true,
      "elapsed": 8.4,
      "status": "ok"
    },
    {
      "trial": 7,
      "params": {
        "MAX_ITEM_LIST_LENGTH": 5,
        "learning_rate": 0.0018032194487475528
      },
      "mrr@20": 0.0022,
      "valid_result": {
        "hit@5": 0.0088,
        "hit@10": 0.0088,
        "hit@20": 0.0177,
        "ndcg@5": 0.0034,
        "ndcg@10": 0.0034,
        "ndcg@20": 0.0055,
        "mrr@5": 0.0018,
        "mrr@10": 0.0018,
        "mrr@20": 0.0022
      },
      "test_result": {
        "hit@5": 0.0,
        "hit@10": 0.0,
        "hit@20": 0.0,
        "ndcg@5": 0.0,
        "ndcg@10": 0.0,
        "ndcg@20": 0.0,
        "mrr@5": 0.0,
        "mrr@10": 0.0,
        "mrr@20": 0.0
      },
      "best_hr@10": 0.0088,
      "test_mrr@20": 0.0,
      "test_hr@10": 0.0,
      "epochs_run": 8,
      "early_stop_epoch": 8,
      "early_stopped": true,
      "elapsed": 4.6,
      "status": "ok"
    },
    {
      "trial": 8,
      "params": {
        "MAX_ITEM_LIST_LENGTH": 30,
        "learning_rate": 0.0012810163291464012
      },
      "mrr@20": 0.0015,
      "valid_result": {
        "hit@5": 0.0,
        "hit@10": 0.0088,
        "hit@20": 0.0177,
        "ndcg@5": 0.0,
        "ndcg@10": 0.0028,
        "ndcg@20": 0.0048,
        "mrr@5": 0.0,
        "mrr@10": 0.0011,
        "mrr@20": 0.0015
      },
      "test_result": {
        "hit@5": 0.0,
        "hit@10": 0.0,
        "hit@20": 0.0088,
        "ndcg@5": 0.0,
        "ndcg@10": 0.0,
        "ndcg@20": 0.002,
        "mrr@5": 0.0,
        "mrr@10": 0.0,
        "mrr@20": 0.0005
      },
      "best_hr@10": 0.0088,
      "test_mrr@20": 0.0005,
      "test_hr@10": 0.0,
      "epochs_run": 11,
      "early_stop_epoch": 11,
      "early_stopped": true,
      "elapsed": 7.1,
      "status": "ok"
    },
    {
      "trial": 9,
      "params": {
        "MAX_ITEM_LIST_LENGTH": 50,
        "learning_rate": 0.002071146305130824
      },
      "mrr@20": 0.0183,
      "valid_result": {
        "hit@5": 0.0177,
        "hit@10": 0.0177,
        "hit@20": 0.0265,
        "ndcg@5": 0.0177,
        "ndcg@10": 0.0177,
        "ndcg@20": 0.0199,
        "mrr@5": 0.0177,
        "mrr@10": 0.0177,
        "mrr@20": 0.0183
      },
      "test_result": {
        "hit@5": 0.0,
        "hit@10": 0.0,
        "hit@20": 0.0088,
        "ndcg@5": 0.0,
        "ndcg@10": 0.0,
        "ndcg@20": 0.0024,
        "mrr@5": 0.0,
        "mrr@10": 0.0,
        "mrr@20": 0.0008
      },