best_mrr20,epoch,epoch_time_sec,eval,lr,patience_used,train_loss,trial,valid_mrr20
0.2708,1,56.32249331474304,1,0.0006918502217122324,0,2187.287220954895,1,0.2708
0.3453,3,56.78378129005432,1,0.0006905969424258146,0,1169.2653713226318,1,0.3453
0.3678,6,53.79446816444397,1,0.0006863795394030031,0,824.7770721912384,1,0.3678
0.3678,10,53.35086441040039,1,0.0006764589887885513,4,681.2654328346252,1,0.3605
0.3678,16,57.1536431312561,1,0.0006527232986450689,10,507.6650516986847,1,0.34
