stage_name,stage_key,split,aggregation_level,node_kind,node_name,route_space,support_size,wrapper_name,source_type,temperature,top_k,entropy_norm,n_eff_norm,top1_monopoly_norm,jitter_adj_norm,knn_consistency_score,knn_consistency_js,n_eff,cv_usage,top1_max_frac,entropy_mean
macro,macro@1,best_valid,session,final,final.expert,expert,16,ScalarGroupConditionalProductWrapper,,,,0.900479829686542,0.7886373751297143,0.6502829106160725,0.0,0.9880006180838664,0.012071955643506962,12.61819800207543,0.5176965573195746,0.672140228702568,2.4966602203933053
macro,macro@1,best_valid,session,final,final.group,group,4,ScalarGroupConditionalProductWrapper,,,,0.9252587131894255,0.9587979912877777,0.5556258985214787,0.0,0.9939396613283622,0.006078777057029547,3.8351919651511106,0.20729850232601166,0.666719423891109,1.2826809366715468
macro,macro@1,best_valid,session,final,final.intra.Exposure,intra,4,ScalarGroupConditionalProductWrapper,,,,0.6232439530650306,0.4727063429460229,0.9732520872076921,0.0,0.9897552562764782,0.010297582298730162,1.8908253717840915,1.0561619997024536,0.979939065405769,0.8639995777361216
macro,macro@1,best_valid,session,final,final.intra.Focus,intra,4,ScalarGroupConditionalProductWrapper,,,,0.9264955055487817,0.8915811526092854,0.6979648900671336,0.0,0.9975631092427567,0.0024398648081319133,3.5663246104371416,0.3487161099910736,0.7734736675503502,1.2843954949451983
macro,macro@1,best_valid,session,final,final.intra.Memory,intra,4,ScalarGroupConditionalProductWrapper,,,,0.9799037963914484,0.9832054934559102,0.7926113507168387,0.0,0.9986820482723343,0.001318820989891678,3.932821973823641,0.13069526783284333,0.8444585130376291,1.3584351073774383
macro,macro@1,best_valid,session,final,final.intra.Tempo,intra,4,ScalarGroupConditionalProductWrapper,,,,0.8599319272216508,0.8899561175645699,0.2011501074928448,0.0,0.9893542497500726,0.010702821655796746,3.5598244702582797,0.35164015273569194,0.4008625806196336,1.1921187816543346
