{
  "split": "best_valid",
  "feature_mode": "none",
  "stages": [
    {
      "stage": "macro@1",
      "n_eff": 9.838102350248237,
      "cv_usage": 0.4687722930678042,
      "top1_max_frac": 0.422763351650325,
      "entropy_mean": 2.204204784977373,
      "route_jitter_adjacent": 0.0,
      "route_consistency_knn_js": 0.0208865566640692,
      "route_consistency_knn_score": 0.9793300567366209,
      "route_consistency_group_knn_js": 0.0003349428076034071,
      "route_consistency_group_knn_score": 0.9996651132794766,
      "route_consistency_intra_group_knn_mean_js": 0.02064137460164051,
      "route_consistency_intra_group_knn_mean_score": 0.9795748181993756,
      "route_consistency_feature_group_knn_mean_score": 0.949387217053552,
      "family_top_expert_mean_share": 0.17061878740787506,
      "route_consistency_feature_group_knn_tempo_js": 0.04379853332816072,
      "route_consistency_feature_group_knn_tempo_score": 0.9571467712240824,
      "route_consistency_feature_group_knn_focus_js": 0.04430588043291387,
      "route_consistency_feature_group_knn_focus_score": 0.9566612887453566,
      "route_consistency_feature_group_knn_memory_js": 0.05823367048788493,
      "route_consistency_feature_group_knn_memory_score": 0.9434294700537205,
      "route_consistency_feature_group_knn_exposure_js": 0.061544247714748854,
      "route_consistency_feature_group_knn_exposure_score": 0.9403113381910486
    }
  ]
}
