stage_name,stage_key,split,aggregation_level,node_kind,node_name,route_space,support_size,wrapper_name,source_type,temperature,top_k,entropy_norm,n_eff_norm,top1_monopoly_norm,jitter_adj_norm,knn_consistency_score,knn_consistency_js,n_eff,cv_usage,top1_max_frac,entropy_mean
macro,macro@1,best_valid,session,final,final.expert,expert,16,FlatJointWrapper,,,,0.8922895705370457,0.9919110948826395,0.03847816688283614,0.7365119196988708,0.9287777405658723,0.07388581468465742,15.870577518122232,0.09030430763959885,0.09857328145265888,2.4739520002431905
macro,macro@1,best_valid,session,final,final.group,group,4,FlatJointWrapper,,,,0.9449315855878813,0.9981853572490159,0.032548946945834135,0.0,0.9802098892849201,0.019988557509512114,3.9927414289960637,0.042637359350919724,0.2744117102093756,1.309953328744557
macro,macro@1,best_valid,session,final,final.intra.Exposure,intra,4,FlatJointWrapper,,,,0.8460432579058449,0.9925852581717877,0.06540670743005372,0.0,0.9488063127060108,0.05255059740287235,3.9703410326871507,0.08643040060997009,0.2990550305725403,1.172864997698374
macro,macro@1,best_valid,session,final,final.intra.Focus,intra,4,FlatJointWrapper,,,,0.8601491427480236,0.9941910173269198,0.033660675684022014,0.0,0.9503261490641637,0.050950038502210415,3.9767640693076793,0.07643929123878479,0.2752455067630165,1.1924199063136929
macro,macro@1,best_valid,session,final,final.intra.Memory,intra,4,FlatJointWrapper,,,,0.8657601969004004,0.9969167699005247,0.06973009696745103,0.0,0.9511772230450405,0.05005487938738436,3.9876670796020988,0.05561286583542824,0.30229757272558827,1.2001984790450713
macro,macro@1,best_valid,session,final,final.intra.Tempo,intra,4,FlatJointWrapper,,,,0.8625315418993376,0.9935234969397596,0.08171206225680934,0.0,0.9507868030723031,0.05046542340699759,3.9740939877590384,0.08073842525482178,0.311284046692607,1.1957226128230962
