stage_name,stage_key,split,aggregation_level,node_kind,node_name,route_space,support_size,wrapper_name,source_type,temperature,top_k,entropy_norm,n_eff_norm,top1_monopoly_norm,jitter_adj_norm,knn_consistency_score,knn_consistency_js,n_eff,cv_usage,top1_max_frac,entropy_mean
macro,macro@1,best_valid,session,final,final.expert,expert,12,GroupConditionalProductWrapper,,,,0.7522283307504858,0.9145460722068356,0.27376907864712746,0.0,0.983642139766229,0.01649312717652607,10.974552866482027,0.3056768187073685,0.33428832209320014,1.8692171812408094
macro,macro@1,best_valid,session,final,final.group,group,4,GroupConditionalProductWrapper,,,,0.7293907421308308,0.997311804626654,0.1131281375183814,0.0,0.9908870407349082,0.009154736280221138,3.989247218506616,0.05191746726632118,0.33484610313878604,1.011150272869023
macro,macro@1,best_valid,session,final,final.intra.Exposure,intra,3,GroupConditionalProductWrapper,,,,0.7895175577979561,0.8087415462421563,0.2680644997718169,0.0,0.9937340478124002,0.006285665658262188,2.426224638726469,0.4863014672308723,0.5120429998478779,0.8673736911160692
macro,macro@1,best_valid,session,final,final.intra.Focus,intra,3,GroupConditionalProductWrapper,,,,0.6544100526674017,0.872923837582272,0.32020435069215564,0.0,0.990320591283322,0.009726558695869763,2.618771512746816,0.38154341633488487,0.5468029004614371,0.7189429256883525
macro,macro@1,best_valid,session,final,final.intra.Memory,intra,3,GroupConditionalProductWrapper,,,,0.6257518765417083,0.8581269733833943,0.12780792049084733,0.0,0.9949064952177843,0.005106520894932064,2.574380920150183,0.40660615543704764,0.4185386136605649,0.6874587012258506
macro,macro@1,best_valid,session,final,final.intra.Tempo,intra,3,GroupConditionalProductWrapper,,,,0.645237977710668,0.9897462557948183,0.24132904010952788,0.0,0.9890656080495539,0.010994611794708618,2.969238767384455,0.10178386116671977,0.4942193600730186,0.7088663714282998
