{
  "model": "SASRec",
  "dataset": "lastfm0.03",
  "dataset_raw": "lastfm0.03",
  "max_evals": 6,
  "tune_epochs": 44,
  "n_completed": 6,
  "n_recorded_trials": 6,
  "timestamp": "2026-03-29T22:16:57.256218",
  "trials": [
    {
      "trial": 1,
      "params": {
        "learning_rate": 0.0027119786077821222
      },
      "mrr@20": 0.2138,
      "valid_result": {
        "hit@5": 0.2501,
        "hit@10": 0.2713,
        "hit@20": 0.287,
        "ndcg@5": 0.2198,
        "ndcg@10": 0.2268,
        "ndcg@20": 0.2309,
        "mrr@5": 0.2097,
        "mrr@10": 0.2127,
        "mrr@20": 0.2138
      },
      "test_result": {
        "hit@5": 0.2558,
        "hit@10": 0.2752,
        "hit@20": 0.2906,
        "ndcg@5": 0.2247,
        "ndcg@10": 0.2311,
        "ndcg@20": 0.2349,
        "mrr@5": 0.2143,
        "mrr@10": 0.217,
        "mrr@20": 0.218
      },
      "best_hr@10": 0.2713,
      "test_mrr@20": 0.218,
      "test_hr@10": 0.2752,
      "epochs_run": 26,
      "early_stop_epoch": 26,
      "early_stopped": true,
      "elapsed": 167.0,
      "status": "ok"
    },
    {
      "trial": 2,
      "params": {
        "learning_rate": 0.0005292110461859271
      },
      "mrr@20": 0.2288,
      "valid_result": {
        "hit@5": 0.2735,
        "hit@10": 0.2966,
        "hit@20": 0.3176,
        "ndcg@5": 0.2365,
        "ndcg@10": 0.244,
        "ndcg@20": 0.2493,
        "mrr@5": 0.2243,
        "mrr@10": 0.2273,
        "mrr@20": 0.2288
      },
      "test_result": {
        "hit@5": 0.2723,
        "hit@10": 0.2957,
        "hit@20": 0.3162,
        "ndcg@5": 0.2346,
        "ndcg@10": 0.2423,
        "ndcg@20": 0.2475,
        "mrr@5": 0.2221,
        "mrr@10": 0.2253,
        "mrr@20": 0.2267
      },
      "best_hr@10": 0.2966,
      "test_mrr@20": 0.2267,
      "test_hr@10": 0.2957,
      "epochs_run": 44,
      "early_stop_epoch": 44,
      "early_stopped": false,
      "elapsed": 286.6,
      "status": "ok"
    },
    {
      "trial": 3,
      "params": {
        "learning_rate": 0.0014092334024461376
      },
      "mrr@20": 0.2265,
      "valid_result": {
        "hit@5": 0.2716,
        "hit@10": 0.2939,
        "hit@20": 0.3115,
        "ndcg@5": 0.2346,
        "ndcg@10": 0.2419,
        "ndcg@20": 0.2464,
        "mrr@5": 0.2222,
        "mrr@10": 0.2253,
        "mrr@20": 0.2265
      },
      "test_result": {
        "hit@5": 0.2739,
        "hit@10": 0.293,
        "hit@20": 0.3103,
        "ndcg@5": 0.2357,
        "ndcg@10": 0.2419,
        "ndcg@20": 0.2462,
        "mrr@5": 0.2229,
        "mrr@10": 0.2255,
        "mrr@20": 0.2266
      },
      "best_hr@10": 0.2939,
      "test_mrr@20": 0.2266,
      "test_hr@10": 0.293,
      "epochs_run": 28,
      "early_stop_epoch": 28,
      "early_stopped": true,
      "elapsed": 183.0,
      "status": "ok"
    },
    {
      "trial": 4,
      "params": {
        "learning_rate": 0.0014139953761206877
      },
      "mrr@20": 0.2259,
      "valid_result": {
        "hit@5": 0.2716,
        "hit@10": 0.2939,
        "hit@20": 0.3109,
        "ndcg@5": 0.2343,
        "ndcg@10": 0.2416,
        "ndcg@20": 0.2459,
        "mrr@5": 0.2217,
        "mrr@10": 0.2248,
        "mrr@20": 0.2259
      },
      "test_result": {
        "hit@5": 0.2742,
        "hit@10": 0.2928,
        "hit@20": 0.31,
        "ndcg@5": 0.2357,
        "ndcg@10": 0.2417,
        "ndcg@20": 0.2461,
        "mrr@5": 0.2229,
        "mrr@10": 0.2254,
        "mrr@20": 0.2265
      },
      "best_hr@10": 0.2939,
      "test_mrr@20": 0.2265,
      "test_hr@10": 0.2928,
      "epochs_run": 28,
      "early_stop_epoch": 28,
      "early_stopped": true,
      "elapsed": 178.4,
      "status": "ok"
    },
    {
      "trial": 5,
      "params": {
        "learning_rate": 0.0022031792501728134
      },
      "mrr@20": 0.2195,
      "valid_result": {
        "hit@5": 0.2623,
        "hit@10": 0.2907,
        "hit@20": 0.313,
        "ndcg@5": 0.2262,
        "ndcg@10": 0.2354,
        "ndcg@20": 0.2411,
        "mrr@5": 0.2141,
        "mrr@10": 0.218,
        "mrr@20": 0.2195
      },
      "test_result": {
        "hit@5": 0.2678,
        "hit@10": 0.2909,
        "hit@20": 0.31,
        "ndcg@5": 0.2291,
        "ndcg@10": 0.2366,
        "ndcg@20": 0.2414,
        "mrr@5": 0.2163,
        "mrr@10": 0.2193,
        "mrr@20": 0.2206
      },
      "best_hr@10": 0.2907,
      "test_mrr@20": 0.2206,
      "test_hr@10": 0.2909,
      "epochs_run": 20,
      "early_stop_epoch": 20,
      "early_stopped": true,
      "elapsed": 127.1,
      "status": "ok"
    },
    {
      "trial": 6,
      "params": {
        "learning_rate": 0.001551854258535674
      },
      "mrr@20": 0.2248,
      "valid_result": {
        "hit@5": 0.2673,
        "hit@10": 0.2913,
        "hit@20": 0.3088,
        "ndcg@5": 0.2321,
        "ndcg@10": 0.2399,
        "ndcg@20": 0.2444,
        "mrr@5": 0.2203,
        "mrr@10": 0.2236,
        "mrr@20": 0.2248
      },
      "test_result": {
        "hit@5": 0.2723,
        "hit@10": 0.2906,
        "hit@20": 0.3071,
        "ndcg@5": 0.2355,
        "ndcg@10": 0.2414,
        "ndcg@20": 0.2455,
        "mrr@5": 0.2232,
        "mrr@10": 0.2256,
        "mrr@20": 0.2268
      },
      "best_hr@10": 0.2913,
      "test_mrr@20": 0.2268,
      "test_hr@10": 0.2906,
      "epochs_run": 27,
      "early_stop_epoch": 27,
      "early_stopped": true,
      "elapsed": 172.7,
      "status": "ok"
    }
  ],
  "run_group": "baseline",
  "run_axis": "stagec_focus_anchor2_core5",
  "run_phase": "P18_SC_D00_M01_P01_SASREC_B6_C3_S1",
  "parent_result": "",
  "interrupted": false,
  "interrupted_at": null,
  "tuned_search": {
    "learning_rate": [
      0.0003486315789473684,
      0.0034405883999999998
    ]
  },
  "fixed_search": {
    "attn_dropout_prob": 0.15000000000000002,
    "num_layers": 1,
    "weight_decay": 0.00017849999999999997,
    "dropout_ratio": 0.15000000000000002,
    "hidden_size": 176,
    "embedding_size": 176,
    "n_layers": 1,
    "dropout_prob": 0.15000000000000002,
    "hidden_dropout_prob": 0.15000000000000002,
    "inner_size": 528,
    "n_heads": 4,
    "num_heads": 4
  },
  "context_fixed": {
    "num_layers": 1,
    "search_space_type_overrides": {
      "learning_rate": "loguniform",
      "weight_decay": "choice",
      "dropout_ratio": "choice",
      "hidden_size": "choice",
      "embedding_size": "choice",
      "n_layers": "choice",
      "num_layers": "choice",
      "dropout_prob": "choice",
      "hidden_dropout_prob": "choice",
      "attn_dropout_prob": "choice",
      "inner_size": "choice",
      "n_heads": "choice",
      "num_heads": "choice"
    }
  },
  "best_params": {
    "learning_rate": 0.0005292110461859271
  },
  "best_mrr@20": 0.2288,
  "best_hr@10": 0.2966,
  "test_mrr@20": 0.2267,
  "test_hr@10": 0.2957,
  "best_valid_result": {
    "hit@5": 0.2735,
    "hit@10": 0.2966,
    "hit@20": 0.3176,
    "ndcg@5": 0.2365,
    "ndcg@10": 0.244,
    "ndcg@20": 0.2493,
    "mrr@5": 0.2243,
    "mrr@10": 0.2273,
    "mrr@20": 0.2288
  },
  "test_result": {
    "hit@5": 0.2723,
    "hit@10": 0.2957,
    "hit@20": 0.3162,
    "ndcg@5": 0.2346,
    "ndcg@10": 0.2423,
    "ndcg@20": 0.2475,
    "mrr@5": 0.2221,
    "mrr@10": 0.2253,
    "mrr@20": 0.2267
  },
  "best_valid_special_metrics": {
    "split": "best_valid",
    "overall": {
      "count": 3763,
      "hit@20": 0.3175657719904332,
      "ndcg@20": 0.24931215576247398,
      "mrr@20": 0.22878627598170836
    },
    "slices": {
      "target_popularity_abs": {
        "rare_1_5": {
          "count": 3735,
          "hit@20": 0.31673360107095044,
          "ndcg@20": 0.24887610266167157,
          "mrr@20": 0.22846957633254358
        },
        "6_20": {
          "count": 28,
          "hit@20": 0.42857142857142855,
          "ndcg@20": 0.30747852474451065,
          "mrr@20": 0.27103174703993965
        }
      },
      "target_popularity_abs_legacy": {
        "<=5": {
          "count": 3735,