stage_name,stage_key,split,aggregation_level,node_kind,node_name,route_space,support_size,wrapper_name,source_type,temperature,top_k,entropy_norm,n_eff_norm,top1_monopoly_norm,jitter_adj_norm,knn_consistency_score,knn_consistency_js,n_eff,cv_usage,top1_max_frac,entropy_mean
macro,macro@1,best_valid,session,final,final.expert,expert,12,GroupConditionalProductWrapper,,,,0.9031883143300771,0.9514049402498794,0.702700183700283,0.0,0.9967614481321976,0.003243807326687695,11.416859282998553,0.2260025672315786,0.727475168391926,2.2443386482896233
macro,macro@1,best_valid,session,final,final.group,group,4,GroupConditionalProductWrapper,,,,0.8861826151250152,0.969641710528369,0.7730374486005004,0.0,0.9976988868207319,0.002303764808780718,3.878566842113476,0.17694291472434998,0.8297780864503753,1.2285099622702869
macro,macro@1,best_valid,session,final,final.intra.Exposure,intra,3,GroupConditionalProductWrapper,,,,0.9820548257211364,0.9839646384892897,0.8533253960379668,0.0,0.9993220524000146,0.0006781775103769601,2.951893915467869,0.12765834845130597,0.9022169306919778,1.0788974996830594
macro,macro@1,best_valid,session,final,final.intra.Focus,intra,3,GroupConditionalProductWrapper,,,,0.9875161397262034,0.9968907060108104,0.6987134967093297,0.0,0.9996040937593531,0.00039598463221370104,2.9906721180324314,0.055848825326491915,0.7991423311395531,1.0848973663613013
macro,macro@1,best_valid,session,final,final.intra.Memory,intra,3,GroupConditionalProductWrapper,,,,0.9835567076510875,0.9999478486557262,0.7419552204253068,0.0,0.999608588154061,0.00039148846754997243,2.9998435459671784,0.00722157305004975,0.8279701469502045,1.0805474856274322
macro,macro@1,best_valid,session,final,final.intra.Tempo,intra,3,GroupConditionalProductWrapper,,,,0.7207764056726363,0.9887077381428568,0.5912127525878891,0.0,0.9977576469146756,0.0022448709236298865,2.9661232144285705,0.10687059218077087,0.727475168391926,0.791853816653989
