stage_name,stage_key,split,aggregation_level,node_kind,node_name,route_space,support_size,wrapper_name,source_type,temperature,top_k,entropy_norm,n_eff_norm,top1_monopoly_norm,jitter_adj_norm,knn_consistency_score,knn_consistency_js,n_eff,cv_usage,top1_max_frac,entropy_mean
macro,macro@1,best_valid,session,final,final.expert,expert,12,ScalarGroupConditionalProductWrapper,,,,0.9656843003489829,0.9676041902137587,0.27117503108443086,0.0,0.9938048213348258,0.006214448412094811,11.611250282565104,0.18297693478923646,0.33191044516072826,2.3996353395330603
macro,macro@1,best_valid,session,final,final.group,group,4,ScalarGroupConditionalProductWrapper,,,,0.9640754438636584,0.9886196767726099,0.22014112727589508,0.0,0.9960485838884994,0.003959243582678381,3.9544787070904395,0.10729091614484787,0.4151058454569213,1.3364923515223452
macro,macro@1,best_valid,session,final,final.intra.Exposure,intra,3,ScalarGroupConditionalProductWrapper,,,,0.9150254085167393,0.8867603812909551,0.7847809042599528,0.0,0.9975529416714886,0.00245005726913035,2.6602811438728655,0.35735200240325943,0.8565206028399687,1.005258158240047
macro,macro@1,best_valid,session,final,final.intra.Focus,intra,3,ScalarGroupConditionalProductWrapper,,,,0.9909472612481597,0.9929339957740037,0.3357870894677236,0.0,0.9991743017530732,0.0008260393234880811,2.978801987322011,0.0843582984996349,0.5571913929784824,1.088666838629236
macro,macro@1,best_valid,session,final,final.intra.Memory,intra,3,ScalarGroupConditionalProductWrapper,,,,0.9889781795406438,0.9925751871052908,0.6098092168307343,0.0,0.9988250589765059,0.0011756318078387413,2.9777255613158724,0.0864891849759464,0.7398728112204895,1.0865035812679675
macro,macro@1,best_valid,session,final,final.intra.Tempo,intra,3,ScalarGroupConditionalProductWrapper,,,,0.9471516100139171,0.9849429019917818,0.4132764178064291,0.0,0.9952335176032382,0.004777878300651797,2.9548287059753453,0.12364158410902071,0.6088509452042861,1.0405523979930744
