stage_name,stage_key,split,aggregation_level,node_kind,node_name,route_space,support_size,wrapper_name,source_type,temperature,top_k,entropy_norm,n_eff_norm,top1_monopoly_norm,jitter_adj_norm,knn_consistency_score,knn_consistency_js,n_eff,cv_usage,top1_max_frac,entropy_mean
macro,macro@1,best_valid,session,final,final.expert,expert,12,ScalarGroupConditionalProductWrapper,,,,0.9502834793952208,0.8178506263347729,0.977329403763319,0.0,0.9995418843262263,0.000458220640818278,9.814207516017275,0.47192880845918556,0.9792186201163757,2.3613657371328625
macro,macro@1,best_valid,session,final,final.group,group,4,ScalarGroupConditionalProductWrapper,,,,0.9161632090604713,0.8291465193789561,0.9708137064745544,0.0,0.9995639722748172,0.0004361228129129851,3.3165860775158245,0.45393767952919006,0.9781102798559158,1.2700718905860349
macro,macro@1,best_valid,session,final,final.intra.Exposure,intra,3,ScalarGroupConditionalProductWrapper,,,,0.9967993240198264,0.9933268501784348,0.9825436408977555,0.0,0.9999853288033762,1.4671304246835542e-05,2.9799805505353043,0.08196346590031785,0.9883624272651704,1.0950959867042462
macro,macro@1,best_valid,session,final,final.intra.Focus,intra,3,ScalarGroupConditionalProductWrapper,,,,0.9903596852316069,0.9799779421645224,1.0,0.0,0.9999796172892891,2.0382918441219574e-05,2.9399338264935673,0.14293774163908538,1.0,1.0880213203969245
macro,macro@1,best_valid,session,final,final.intra.Memory,intra,3,ScalarGroupConditionalProductWrapper,,,,0.9927697545766209,0.9853029830798694,1.0,0.0,0.9999894379873596,1.0562068418832867e-05,2.9559089492396082,0.12213212632739168,1.0,1.090669052195899
macro,macro@1,best_valid,session,final,final.intra.Tempo,intra,3,ScalarGroupConditionalProductWrapper,,,,0.9926792384310621,0.9854521250413807,1.0,0.0,0.9999659017901699,3.409879118726965e-05,2.956356375124142,0.1215017178207124,1.0,1.0905696100460653
