stage_name,stage_key,split,aggregation_level,node_kind,node_name,route_space,support_size,wrapper_name,source_type,temperature,top_k,entropy_norm,n_eff_norm,top1_monopoly_norm,jitter_adj_norm,knn_consistency_score,knn_consistency_js,n_eff,cv_usage,top1_max_frac,entropy_mean
macro,macro@1,best_valid,session,final,final.expert,expert,12,GroupConditionalProductWrapper,,,,0.9104726935031145,0.9819695285497804,0.13337592342082608,0.4629661773154543,0.9898522273226664,0.010199612325319579,11.783634342597365,0.13550519633324123,0.20559459646909056,2.2624396505362814
macro,macro@1,best_valid,session,final,final.group,group,4,GroupConditionalProductWrapper,,,,0.9555690140953724,0.9906436544118238,0.21810185837731497,0.0,0.9957031638526065,0.004306094077221798,3.962574617647295,0.09718461913970823,0.4135763937829862,1.324699935901308
macro,macro@1,best_valid,session,final,final.intra.Exposure,intra,3,GroupConditionalProductWrapper,,,,0.782129090889021,0.9646763494154547,0.33015524636046956,0.0,0.9931229536432059,0.006900802216168465,2.894029048246364,0.19135578151477034,0.5534368309069797,0.8592566305754955
macro,macro@1,best_valid,session,final,final.intra.Focus,intra,3,GroupConditionalProductWrapper,,,,0.9640307380519436,0.9981853572490159,0.2963943646846412,0.0,0.9982494059327734,0.0017521281476501397,2.9945560717470476,0.04263673130015339,0.5309295764564275,1.0590960154776528
macro,macro@1,best_valid,session,final,final.intra.Memory,intra,3,GroupConditionalProductWrapper,,,,0.8597672944655826,0.9988417050366198,0.3864479928048379,0.0,0.9917491608014588,0.008285065767577817,2.9965251151098595,0.03405384431618916,0.5909653285365586,0.9445509150948225
macro,macro@1,best_valid,session,final,final.intra.Tempo,intra,3,GroupConditionalProductWrapper,,,,0.7959466594189382,0.9893750437677974,0.07671371712005585,0.0,0.9927177566063096,0.0073088883636910785,2.9681251313033923,0.10362960089356897,0.38447581141337056,0.8744367811619762
