{
  "split": "best_valid",
  "feature_mode": "none",
  "stages": [
    {
      "stage": "macro@1",
      "n_eff": 11.650473287873554,
      "cv_usage": 0.1732091491236015,
      "top1_max_frac": 0.7623318385650224,
      "entropy_mean": 2.325501856782511,
      "route_jitter_adjacent": 0.0,
      "route_consistency_knn_js": 0.004952762685894395,
      "route_consistency_knn_score": 0.9950594820198359,
      "route_consistency_group_knn_js": 0.0011726412476535048,
      "route_consistency_group_knn_score": 0.9988280460274257,
      "route_consistency_intra_group_knn_mean_js": 0.003800516018266693,
      "route_consistency_intra_group_knn_mean_score": 0.9962084885870343,
      "route_consistency_feature_group_knn_mean_score": 0.9916663889783619,
      "family_top_expert_mean_share": 0.11900459975004196,
      "route_consistency_feature_group_knn_tempo_js": 0.004177841083094644,
      "route_consistency_feature_group_knn_tempo_score": 0.9958308739540588,
      "route_consistency_feature_group_knn_focus_js": 0.009835859234823564,
      "route_consistency_feature_group_knn_focus_score": 0.990212354624228,
      "route_consistency_feature_group_knn_memory_js": 0.008585666735586748,
      "route_consistency_feature_group_knn_memory_score": 0.9914510848469046,
      "route_consistency_feature_group_knn_exposure_js": 0.01088781524122807,
      "route_consistency_feature_group_knn_exposure_score": 0.9891712424882563
    }
  ]
}
