{
  "split": "best_valid",
  "feature_mode": "none",
  "stages": [
    {
      "stage": "macro@1",
      "n_eff": 8.806459649466529,
      "cv_usage": 0.14824614377136422,
      "top1_max_frac": 0.3759360310716451,
      "entropy_mean": 2.0093237360783904,
      "route_jitter_adjacent": 0.0,
      "route_consistency_knn_js": 0.004134174087594427,
      "route_consistency_knn_score": 0.995874359845793,
      "route_consistency_group_knn_js": 0.0024379967674978435,
      "route_consistency_group_knn_score": 0.9975649727329203,
      "route_consistency_intra_group_knn_mean_js": 0.001655209339648098,
      "route_consistency_intra_group_knn_mean_score": 0.9983473370576741,
      "route_consistency_feature_group_knn_mean_score": 0.9906673870916904,
      "family_top_expert_mean_share": 0.10974530130624771,
      "route_consistency_feature_group_knn_tempo_js": 0.0,
      "route_consistency_feature_group_knn_tempo_score": 1.0,
      "route_consistency_feature_group_knn_focus_js": 0.014978850116068839,
      "route_consistency_feature_group_knn_focus_score": 0.985132774826575,
      "route_consistency_feature_group_knn_memory_js": 0.013217582197658598,
      "route_consistency_feature_group_knn_memory_score": 0.9868693864484962,
      "route_consistency_feature_group_knn_exposure_js": 0.0,
      "route_consistency_feature_group_knn_exposure_score": 0.0
    }
  ]
}
