best_mrr20,epoch,epoch_time_sec,eval,lr,patience_used,train_loss,trial,valid_mrr20
0.0568,1,30.794046640396118,1,0.0004983,0,1603.6749334335327,1,0.0568
0.1674,3,29.528029680252075,1,0.0004983,0,1124.7508907318115,1,0.1674
0.2905,10,29.31985569000244,1,0.0004983,0,524.0289556980133,1,0.2905
0.3116,16,29.530798196792603,1,0.0004983,0,344.9420119524002,1,0.3116
0.3116,26,28.696773767471313,1,0.0004983,10,180.8880608677864,1,0.3037
