{
  "split": "best_valid",
  "feature_mode": "runtime:unknown|ablation:none",
  "stages": [
    {
      "stage": "macro@1",
      "n_eff": 11.931199673010969,
      "cv_usage": 0.0759366250411719,
      "top1_max_frac": 0.14560204953031597,
      "entropy_mean": 2.327505370676772,
      "route_jitter_adjacent": 0.7003337866238101,
      "route_consistency_knn_js": 0.03640916050550392,
      "route_consistency_knn_score": 0.9642456815083348,
      "route_consistency_group_knn_js": 0.01190663253164726,
      "route_consistency_group_knn_score": 0.9881639709231952,
      "route_consistency_intra_group_knn_mean_js": 0.024780770686080332,
      "route_consistency_intra_group_knn_mean_score": 0.9755288012122103,
      "route_consistency_feature_group_knn_mean_score": 0.9595728195709144,
      "family_top_expert_mean_share": 0.0945296436548233,
      "route_consistency_feature_group_knn_tempo_js": 0.04224734344524562,
      "route_consistency_feature_group_knn_tempo_score": 0.9586326397462394,
      "route_consistency_feature_group_knn_focus_js": 0.04177660495660082,
      "route_consistency_feature_group_knn_focus_score": 0.9590840112568753,
      "route_consistency_feature_group_knn_memory_js": 0.041344795132236434,
      "route_consistency_feature_group_knn_memory_score": 0.9594982425834685,
      "route_consistency_feature_group_knn_exposure_js": 0.03970138857424572,
      "route_consistency_feature_group_knn_exposure_score": 0.961076384697075
    }
  ]
}
