best_mrr20,epoch,epoch_time_sec,eval,lr,patience_used,train_loss,trial,valid_mrr20
0.239,1,52.14865779876709,1,0.00028483,0,2311.6360998153687,1,0.239
0.3321,3,50.39634656906128,1,0.00028483,0,1568.4585003852844,1,0.3321
0.3713,9,49.87189984321594,1,0.00028483,0,825.0308210849762,1,0.3713
0.3713,10,49.445701599121094,1,0.00028483,1,786.014289855957,1,0.3706
0.3713,19,49.04490566253662,1,0.00028483,10,573.4544365406036,1,0.3561
