best_mrr20,epoch,epoch_time_sec,eval,lr,patience_used,train_loss,trial,valid_mrr20
0.0026,1,2.4081311225891113,1,0.0005672,0,80.72188329696655,1,0.0026
0.0107,3,1.5991904735565186,1,0.0005672,0,69.60424423217773,1,0.0107
0.0411,10,1.5641844272613525,1,0.0005672,0,50.78787136077881,1,0.0411
0.0777,42,1.632025957107544,1,0.0005672,0,33.39494967460632,1,0.0777
0.0777,52,1.4698376655578613,1,0.0005672,10,31.706610679626465,1,0.0736
