stage_name,stage_key,split,aggregation_level,node_kind,node_name,route_space,support_size,wrapper_name,source_type,temperature,top_k,entropy_norm,n_eff_norm,top1_monopoly_norm,jitter_adj_norm,knn_consistency_score,knn_consistency_js,n_eff,cv_usage,top1_max_frac,entropy_mean
macro,macro@1,best_valid,session,final,final.expert,expert,16,ScalarGroupConditionalProductWrapper,,,,0.9859562295533674,0.9878601400709587,0.7648419583208695,0.0,0.9991777094670707,0.000822628799237703,15.805762241135339,0.11085568368434906,0.7795393359258151,2.733651122681723
macro,macro@1,best_valid,session,final,final.group,group,4,ScalarGroupConditionalProductWrapper,,,,0.9779132124549512,0.9945704515186197,0.7060524479010869,0.0,0.9993442467816565,0.0006559683185254938,3.9782818060744787,0.07388567043713684,0.7795393359258151,1.3556755720909364
macro,macro@1,best_valid,session,final,final.intra.Exposure,intra,4,ScalarGroupConditionalProductWrapper,,,,0.9958324156435745,0.9895818317073107,1.0,0.0,0.9999775795367226,2.2420714619722473e-05,3.958327326829243,0.10260529816150665,1.0,1.3805168624270865
macro,macro@1,best_valid,session,final,final.intra.Focus,intra,4,ScalarGroupConditionalProductWrapper,,,,0.9885216546801631,0.9967883591923415,0.7347691694087147,0.0,0.9993531740077839,0.0006470352743991444,3.987153436769366,0.05676192790269852,0.8010768770565361,1.3703819957280137
macro,macro@1,best_valid,session,final,final.intra.Memory,intra,4,ScalarGroupConditionalProductWrapper,,,,0.994078477819197,0.9980908196815717,0.7060524479010869,0.0,0.9998485696583993,0.0001514418083324767,3.9923632787262866,0.043736311419982396,0.7795393359258151,1.378085388311397
macro,macro@1,best_valid,session,final,final.intra.Tempo,intra,4,ScalarGroupConditionalProductWrapper,,,,0.9936323810601163,0.9910676869781042,0.8328846345597767,0.0,0.9997731704041769,0.00022685532554675138,3.964270747912417,0.09493505568086437,0.8746634759198325,1.3774669668897697
