best_mrr20,epoch,epoch_time_sec,eval,lr,patience_used,train_loss,trial,valid_mrr20
0.0144,1,19.93738842010498,1,0.0005476,0,656.9542541503906,1,0.0144
0.0161,3,18.68986964225769,1,0.0005476,1,564.7241063117981,1,0.0155
0.0175,5,18.532957315444946,1,0.0005476,0,533.6568117141724,1,0.0175
0.0175,10,18.030017375946045,1,0.0005476,5,486.4523620605469,1,0.017
0.0175,15,18.100371837615967,1,0.0005476,10,447.4558148384094,1,0.0162
