best_mrr20,epoch,epoch_time_sec,eval,lr,patience_used,train_loss,trial,valid_mrr20
0.0278,1,9.529151678085327,1,0.00095164,0,408.860146522522,1,0.0278
0.1546,3,8.573164463043213,1,0.00095164,0,297.2714548110962,1,0.1546
0.1982,7,8.438637256622314,1,0.00095164,0,180.1155800819397,1,0.1982
0.1982,10,8.25816535949707,1,0.00095164,3,134.53640604019165,1,0.1948
0.1982,17,7.982717037200928,1,0.00095164,10,74.3056321144104,1,0.1832
