stage_name,stage_key,split,aggregation_level,node_kind,node_name,route_space,support_size,wrapper_name,source_type,temperature,top_k,entropy_norm,n_eff_norm,top1_monopoly_norm,jitter_adj_norm,knn_consistency_score,knn_consistency_js,n_eff,cv_usage,top1_max_frac,entropy_mean
macro,macro@1,best_valid,session,final,final.expert,expert,6,GroupConditionalProductWrapper,,,,0.9940124309557639,0.9972234783696173,0.48748366866997644,0.0,0.9995151050651526,0.00048501253441348184,5.983340870217704,0.05276529147430386,0.5729030572249804,1.781031185695388
macro,macro@1,best_valid,session,final,final.group,group,2,GroupConditionalProductWrapper,,,,0.9880606953321321,0.9994421734504586,0.3178730075777372,0.0,0.9995804661916496,0.00041962183728011304,1.9988843469009172,0.02362683415412903,0.6589365037888686,0.6848714851915665
macro,macro@1,best_valid,session,final,final.intra.Focus,intra,3,GroupConditionalProductWrapper,,,,0.9966660654716355,0.9957945035901886,0.7169127253723544,0.0,0.9999555869181131,4.4414068176931215e-05,2.9873835107705657,0.06498628474812851,0.8112751502482363,1.0949495872256336
macro,macro@1,best_valid,session,final,final.intra.Tempo,intra,3,GroupConditionalProductWrapper,,,,0.9988349066154176,0.9994865908956325,0.517213221844787,0.0,0.9999171807941845,8.282263551529072e-05,2.9984597726868976,0.02266550369067479,0.6781421478965247,1.0973323027583617
