best_mrr20,epoch,epoch_time_sec,eval,lr,patience_used,train_loss,trial,valid_mrr20
0.0123,1,7.617807626724243,1,0.00036139977814254,0,424.37595558166504,1,0.0123
0.0377,3,6.812117099761963,1,0.0003607451063048392,0,378.7392625808716,1,0.0377
0.1772,10,6.6730546951293945,1,0.0003533599047864364,0,245.99593830108643,1,0.1772
0.2025,20,6.69567346572876,1,0.00032980561898375235,0,163.99646663665771,1,0.2025
0.2025,30,6.818696975708008,1,0.00029317089487550637,10,120.25457644462585,1,0.1999
