stage_name,stage_key,split,aggregation_level,node_kind,node_name,route_space,support_size,wrapper_name,source_type,temperature,top_k,entropy_norm,n_eff_norm,top1_monopoly_norm,jitter_adj_norm,knn_consistency_score,knn_consistency_js,n_eff,cv_usage,top1_max_frac,entropy_mean
macro,macro@1,best_valid,session,final,final.expert,expert,12,GroupConditionalProductWrapper,,,,0.9522164594511919,0.9907722127552736,0.13163815022341493,0.0,0.9960819670986519,0.003925728499905091,11.889266553063283,0.09650856831720879,0.204001637704797,2.3661690121278527
macro,macro@1,best_valid,session,final,final.group,group,4,GroupConditionalProductWrapper,,,,0.9555689888786227,0.9981642153841321,0.22798774853624537,0.0,0.9980866789667634,0.0019151537700403806,3.9926568615365285,0.042887214571237564,0.42099081140218403,1.3246999009434701
macro,macro@1,best_valid,session,final,final.intra.Exposure,intra,3,GroupConditionalProductWrapper,,,,0.9007792772080517,0.9940359205129887,0.228929652524683,0.0,0.9965473027063794,0.0034586716085526206,2.982107761538966,0.07745953552183721,0.485953101683122,0.9896071833183434
macro,macro@1,best_valid,session,final,final.intra.Focus,intra,3,GroupConditionalProductWrapper,,,,0.9960149883403696,0.9986382813476092,0.35158635872446964,0.0,0.9998226555372558,0.00017736019013294042,2.9959148440428276,0.03692625539224579,0.5677242391496464,1.0942343058883541
macro,macro@1,best_valid,session,final,final.intra.Memory,intra,3,GroupConditionalProductWrapper,,,,0.9578192243533836,0.9996670401441857,0.273741685627798,0.0,0.9988393241111347,0.0011613499947875797,2.999001120432557,0.01824810394650388,0.515827790418532,1.0522719701971845
macro,macro@1,best_valid,session,final,final.intra.Tempo,intra,3,GroupConditionalProductWrapper,,,,0.9299173541927575,0.9695448260334661,0.4075233742088343,0.0,0.9971571948473761,0.00284685359763908,2.9086344781003985,0.17723396264809482,0.6050155828058895,1.0216186327618986
