stage_name,stage_key,split,aggregation_level,node_kind,node_name,route_space,support_size,wrapper_name,source_type,temperature,top_k,entropy_norm,n_eff_norm,top1_monopoly_norm,jitter_adj_norm,knn_consistency_score,knn_consistency_js,n_eff,cv_usage,top1_max_frac,entropy_mean
macro,macro@1,best_valid,session,final,final.expert,expert,16,ScalarGroupConditionalProductWrapper,,,,0.8810000991673276,0.6693161836550919,0.41118716944301564,0.0,0.9902528892401107,0.009794924796802993,10.709058938481471,0.7028956832227518,0.44798797135282714,2.442650939243461
macro,macro@1,best_valid,session,final,final.group,group,4,ScalarGroupConditionalProductWrapper,,,,0.9651290166672087,0.9343543358840576,0.7982036165077355,0.0,0.9978720079495984,0.0021302594427177993,3.7374173435362303,0.2650617519057841,0.8486527123808016,1.3379529135589363
macro,macro@1,best_valid,session,final,final.intra.Exposure,intra,4,ScalarGroupConditionalProductWrapper,,,,0.3975567468985727,0.36421804085910675,0.9758371912053706,0.0,0.9865448267211763,0.013546514388458086,1.456872163436427,1.3212142799837256,0.981877893404028,0.5511306764506588
macro,macro@1,best_valid,session,final,final.intra.Focus,intra,4,ScalarGroupConditionalProductWrapper,,,,0.8866174811775624,0.8627119381401801,0.7968846858966749,0.0,0.9953117471175527,0.004699277210044806,3.4508477525607204,0.39891790741192745,0.8476635144225062,1.2291128146267756
macro,macro@1,best_valid,session,final,final.intra.Memory,intra,4,ScalarGroupConditionalProductWrapper,,,,0.9555670943090289,0.9370341488893856,0.8387211648795158,0.0,0.9954963241739792,0.004513847926713018,3.7481365955575425,0.2592235207557678,0.8790408736596368,1.3246972745123253
macro,macro@1,best_valid,session,final,final.intra.Tempo,intra,4,ScalarGroupConditionalProductWrapper,,,,0.8435496965066044,0.7992100703078584,0.5959324179954892,0.0,0.9928680913352159,0.007157462295309821,3.1968402812314336,0.5012339353561401,0.6969493134966169,1.1694081875915008
