stage_name,stage_key,split,aggregation_level,node_kind,node_name,route_space,support_size,wrapper_name,source_type,temperature,top_k,entropy_norm,n_eff_norm,top1_monopoly_norm,jitter_adj_norm,knn_consistency_score,knn_consistency_js,n_eff,cv_usage,top1_max_frac,entropy_mean
macro,macro@1,best_valid,token,primitive,primitive.a_joint,expert,16,FlatJointWrapper,both,1.0,,0.9159093237775094,0.9843762138058497,0.051225989747390524,0.0,0.9434620784528993,0.05819910740002977,15.750019420893596,0.12598274648189545,0.11052436538817861,2.539439861699787
macro,macro@1,best_valid,token,wrapper,wrapper.group,group,4,FlatJointWrapper,,,,0.9589474737602979,0.9959497654083799,0.10715829781977641,0.0,0.9855875889075598,0.014517278705503163,3.9837990616335195,0.06377032399177551,0.3303687233648323,1.3293834754840652
macro,macro@1,best_valid,token,wrapper,wrapper.intra.Exposure,intra,4,FlatJointWrapper,,,,0.8730328284364908,0.9868295797784712,0.10666419615835958,0.0,0.9564828051183916,0.04449246713911687,3.9473183191138848,0.11552557349205017,0.3299981471187697,1.210280487134056
macro,macro@1,best_valid,token,wrapper,wrapper.intra.Focus,intra,4,FlatJointWrapper,,,,0.8923355151748358,0.9976891160577533,0.034401828176147266,0.0,0.9600308704430348,0.040789838325776505,3.9907564642310134,0.048126764595508575,0.27580137113211045,1.2370396929138874
macro,macro@1,best_valid,token,wrapper,wrapper.intra.Memory,intra,4,FlatJointWrapper,,,,0.8889175995919671,0.9927095337467193,0.09097646840837499,0.0,0.9593706931034129,0.04147773748996738,3.9708381349868773,0.08569692075252533,0.31823235130628125,1.2323014558145728
macro,macro@1,best_valid,token,wrapper,wrapper.intra.Tempo,intra,4,FlatJointWrapper,,,,0.8883341222707147,0.9822081924370298,0.11531097523315426,0.0,0.9602793858773739,0.040531009904787176,3.9288327697481193,0.13458865880966187,0.3364832314248657,1.2314925844942792
