best_mrr20,epoch,epoch_time_sec,eval,lr,patience_used,train_loss,trial,valid_mrr20
0.2122,1,44.2533392906189,1,0.00047461244937006553,0,2297.2247819900513,1,0.2122
0.3113,3,42.199753761291504,1,0.0004737526939877526,0,1429.7233538627625,1,0.3113
0.3712,10,41.952627658843994,1,0.00046405399245629165,0,754.8325755596161,1,0.3712
0.3712,20,40.42531633377075,1,0.0004331210534948149,10,547.0946745872498,1,0.3495
