{
  "split": "best_valid",
  "feature_mode": "none",
  "stages": [
    {
      "stage": "macro@1",
      "n_eff": 11.866195287886091,
      "cv_usage": 0.10618902222048972,
      "top1_max_frac": 0.7331322651586554,
      "entropy_mean": 2.3711858653393025,
      "route_jitter_adjacent": 0.0,
      "route_consistency_knn_js": 0.002233165471619195,
      "route_consistency_knn_score": 0.9977693261872853,
      "route_consistency_group_knn_js": 0.001017924163454634,
      "route_consistency_group_knn_score": 0.998982593745601,
      "route_consistency_intra_group_knn_mean_js": 0.001206363516109267,
      "route_consistency_intra_group_knn_mean_score": 0.998794942060389,
      "route_consistency_feature_group_knn_mean_score": 0.9949674853999836,
      "family_top_expert_mean_share": 0.09741505980491638,
      "route_consistency_feature_group_knn_tempo_js": 0.0047994709792536575,
      "route_consistency_feature_group_knn_tempo_score": 0.9952120280777678,
      "route_consistency_feature_group_knn_focus_js": 0.0023861588859133936,
      "route_consistency_feature_group_knn_focus_score": 0.9976166857281841,
      "route_consistency_feature_group_knn_memory_js": 0.0049504099111366134,
      "route_consistency_feature_group_knn_memory_score": 0.9950618231734217,
      "route_consistency_feature_group_knn_exposure_js": 0.008052933383995379,
      "route_consistency_feature_group_knn_exposure_score": 0.9919794046205609
    }
  ]
}
