stage_name,stage_key,split,aggregation_level,node_kind,node_name,route_space,support_size,wrapper_name,source_type,temperature,top_k,entropy_norm,n_eff_norm,top1_monopoly_norm,jitter_adj_norm,knn_consistency_score,knn_consistency_js,n_eff,cv_usage,top1_max_frac,entropy_mean
macro,macro@1,best_valid,session,final,final.expert,expert,12,GroupConditionalProductWrapper,,,,0.7895763480061481,0.6160563282017387,0.6832224953764128,0.10767519466073415,0.9893858630022432,0.010670868745993652,7.392675938420864,0.7894478503034159,0.7096206207617117,1.9620235176758016
macro,macro@1,best_valid,session,final,final.group,group,4,GroupConditionalProductWrapper,,,,0.8330709245940131,0.7163828941052229,0.9970258803595492,0.0,0.9979534633343067,0.002048633683426308,2.8655315764208917,0.6292071342468262,0.9977694102696619,1.1548815251776139
macro,macro@1,best_valid,session,final,final.intra.Exposure,intra,3,GroupConditionalProductWrapper,,,,0.588807544669352,0.8554746306112487,0.2846015477652713,0.0,0.9851589195769016,0.01495231115191202,2.5664238918337463,0.41102522876783526,0.5230676985101809,0.6468712042342472
macro,macro@1,best_valid,session,final,final.intra.Focus,intra,3,GroupConditionalProductWrapper,,,,0.8003765039535414,0.8211145842158231,0.693809610105444,0.0,0.9970344836711417,0.002969922184988162,2.4633437526474693,0.4667516450213857,0.7958730734036293,0.8793034628045806
macro,macro@1,best_valid,session,final,final.intra.Memory,intra,3,GroupConditionalProductWrapper,,,,0.6981798028818194,0.9552006037778474,0.4302633080294519,0.0,0.983032289162343,0.017113311803389323,2.8656018113335424,0.21656499157652284,0.6201755386863013,0.7670289111458453
macro,macro@1,best_valid,session,final,final.intra.Tempo,intra,3,GroupConditionalProductWrapper,,,,0.6634356234098996,0.9414025027730532,0.20547154487915215,0.0,0.9883146853358274,0.011754124522064565,2.8242075083191596,0.24948926271530203,0.4703143632527681,0.728858528618304
