stage_name,stage_key,split,aggregation_level,node_kind,node_name,route_space,support_size,wrapper_name,source_type,temperature,top_k,entropy_norm,n_eff_norm,top1_monopoly_norm,jitter_adj_norm,knn_consistency_score,knn_consistency_js,n_eff,cv_usage,top1_max_frac,entropy_mean
macro,macro@1,best_valid,session,final,final.expert,expert,20,FlatJointWrapper,,,,0.7478412639482043,0.9799466605609404,0.025772463216583136,0.7547722066683634,0.8430628108798227,0.1707138150016829,19.598933211218807,0.1430522190402444,0.07448384005575398,2.240332209905044
macro,macro@1,best_valid,session,final,final.group,group,4,FlatJointWrapper,,,,0.8523314979595011,0.9951861300944279,0.0518337834306124,0.0,0.9502484700994228,0.05103178111205144,3.9807445203777116,0.06954924017190933,0.2888753375729593,1.181582349426126
macro,macro@1,best_valid,session,final,final.intra.Exposure,intra,5,FlatJointWrapper,,,,0.7382606467811154,0.9903412278387845,0.06699189824897638,0.0,0.90235701923948,0.10274502876153212,4.951706139193923,0.0987566247767713,0.2535935185991811,1.188184674187647
macro,macro@1,best_valid,session,final,final.intra.Focus,intra,5,FlatJointWrapper,,,,0.6957078185680488,0.9909504506789292,0.05218224584022997,0.0,0.8927257958040523,0.11347580482801065,4.954752253394646,0.0955627844398799,0.241745796672184,1.119698539180242
macro,macro@1,best_valid,session,final,final.intra.Memory,intra,5,FlatJointWrapper,,,,0.7189260206356353,0.9946143632837472,0.045212997647878714,0.0,0.8930186717373523,0.11314778932383363,4.973071816418736,0.0735856116028784,0.23617039811830298,1.1570667938463717
macro,macro@1,best_valid,session,final,final.intra.Tempo,intra,5,FlatJointWrapper,,,,0.7583562095971642,0.9844650227343242,0.05882481052356475,0.0,0.8956124073989058,0.11024754062537757,4.922325113671621,0.12561878002257973,0.2470598484188518,1.220527234855497
