{
  "split": "best_valid",
  "feature_mode": "runtime:unknown|ablation:none",
  "stages": [
    {
      "stage": "macro@1",
      "n_eff": 13.764739170596329,
      "cv_usage": 0.6730437178456229,
      "top1_max_frac": 0.3556760178846991,
      "entropy_mean": 2.444440073769438,
      "route_jitter_adjacent": 0.7923670432626068,
      "route_consistency_knn_js": 0.03978264594153017,
      "route_consistency_knn_score": 0.9609982933330876,
      "route_consistency_group_knn_js": 0.008995276377793208,
      "route_consistency_group_knn_score": 0.9910450600842811,
      "route_consistency_intra_group_knn_mean_js": 0.031518405762765364,
      "route_consistency_intra_group_knn_mean_score": 0.9689743708810544,
      "route_consistency_feature_group_knn_mean_score": 0.949237603398386,
      "family_top_expert_mean_share": 0.15616948902606964,
      "route_consistency_feature_group_knn_tempo_js": 0.05176751550247615,
      "route_consistency_feature_group_knn_tempo_score": 0.9495495967446284,
      "route_consistency_feature_group_knn_focus_js": 0.05418305289373973,
      "route_consistency_feature_group_knn_focus_score": 0.9472586921855617,
      "route_consistency_feature_group_knn_memory_js": 0.055019477872584134,
      "route_consistency_feature_group_knn_memory_score": 0.9464667126159104,
      "route_consistency_feature_group_knn_exposure_js": 0.047431904372231354,
      "route_consistency_feature_group_knn_exposure_score": 0.953675412047444
    }
  ]
}
