best_mrr20,epoch,epoch_time_sec,eval,lr,patience_used,train_loss,trial,valid_mrr20
0.0133,1,24.11065125465393,1,0.00034992070542535163,0,682.7622079849243,1,0.0133
0.0155,3,22.79463839530945,1,0.00034928682780526084,0,589.1781992912292,1,0.0155
0.017,5,22.90955686569214,1,0.0003480216249665321,0,546.5896162986755,1,0.017
0.017,10,22.342790603637695,1,0.00034213620104419886,5,473.8308176994324,1,0.016
0.017,15,22.52895498275757,1,0.00033249158316315044,10,396.2973189353943,1,0.0147
