best_mrr20,epoch,epoch_time_sec,eval,lr,patience_used,train_loss,trial,valid_mrr20
0.0137,1,3.405261278152466,1,0.0009640155470717386,0,79.63433837890625,1,0.0137
0.0137,3,2.2673070430755615,1,0.000962269243205651,2,70.74709558486938,1,0.0129
0.06,10,2.944183588027954,1,0.0009425695933647202,0,48.58214473724365,1,0.06
0.0871,30,2.4016408920288086,1,0.0007820184673645637,0,19.07799196243286,1,0.0871
0.0871,40,2.1369173526763916,1,0.0006591640245329277,10,11.71152675151825,1,0.083
