stage_name,stage_key,split,aggregation_level,node_kind,node_name,route_space,support_size,wrapper_name,source_type,temperature,top_k,entropy_norm,n_eff_norm,top1_monopoly_norm,jitter_adj_norm,knn_consistency_score,knn_consistency_js,n_eff,cv_usage,top1_max_frac,entropy_mean
macro,macro@1,best_valid,session,final,final.expert,expert,12,GroupConditionalProductWrapper,,,,0.9487941184545089,0.8620600204837457,0.38683420506948096,0.0,0.9952120868247107,0.004799411949680504,10.344720245804949,0.40001498460724993,0.4379313546470242,2.357664814227353
macro,macro@1,best_valid,session,final,final.group,group,4,GroupConditionalProductWrapper,,,,0.9300945334510753,0.8759146160006767,0.7514571920811282,0.0,0.9972769453764663,0.0027267688810581267,3.5036584640027066,0.37638258934020996,0.8135928940608461,1.2893848070316611
macro,macro@1,best_valid,session,final,final.intra.Exposure,intra,3,GroupConditionalProductWrapper,,,,0.9768112631599855,0.9694320519914444,0.7720126272786355,0.0,0.9986644655566925,0.0013364270642713025,2.9082961559743334,0.17757195450151103,0.8480084181857571,1.0731368574169788
macro,macro@1,best_valid,session,final,final.intra.Focus,intra,3,GroupConditionalProductWrapper,,,,0.9959245332627514,0.9998856317682646,0.2601900281637833,0.0,0.9997193939583326,0.0002806454189091213,2.9996568953047937,0.010699744948752374,0.5067933521091889,1.0941349308285104
macro,macro@1,best_valid,session,final,final.intra.Memory,intra,3,GroupConditionalProductWrapper,,,,0.9638597799747627,0.9929257980840928,0.4973228931323697,0.0,0.9946220652168337,0.005392447931663019,2.9787773942522784,0.08440787466144935,0.6648819287549131,1.0589081988332147
macro,macro@1,best_valid,session,final,final.intra.Tempo,intra,3,GroupConditionalProductWrapper,,,,0.9255453148532193,0.9666235416499221,0.2765776360991612,0.0,0.9953396252900315,0.0046712681142612785,2.8998706249497666,0.18581971344889064,0.5177184240661075,1.0168154566169416
