stage_name,stage_key,split,aggregation_level,node_kind,node_name,route_space,support_size,wrapper_name,source_type,temperature,top_k,entropy_norm,n_eff_norm,top1_monopoly_norm,jitter_adj_norm,knn_consistency_score,knn_consistency_js,n_eff,cv_usage,top1_max_frac,entropy_mean
macro,macro@1,best_valid,session,final,final.expert,expert,12,GroupConditionalProductWrapper,,,,0.959555036847769,0.8443468805302291,0.9349053657493508,0.0,0.99783182733437,0.002170526555025151,10.13216256636275,0.42935699661925386,0.9403299186035715,2.384404691900591
macro,macro@1,best_valid,session,final,final.group,group,4,GroupConditionalProductWrapper,,,,0.9881743381565189,0.9781580361670691,0.7249234006994523,0.0,0.9995660549480763,0.000434039233325122,3.9126321446682764,0.14943118393421173,0.7936925505245892,1.369900512789762
macro,macro@1,best_valid,session,final,final.intra.Exposure,intra,3,GroupConditionalProductWrapper,,,,0.7520030441908803,0.6845353931393806,0.9336603633437528,0.0,0.9946737194320654,0.005340515769898094,2.053606179418142,0.6788555032355933,0.955773575562502,0.8261597854639287
macro,macro@1,best_valid,session,final,final.intra.Focus,intra,3,GroupConditionalProductWrapper,,,,0.9947068997262544,0.999948206246422,0.3307542323047879,0.0,0.9995724660226732,0.0004276253960349343,2.999844618739266,0.007200169162447179,0.5538361548698586,1.0927972236622203
macro,macro@1,best_valid,session,final,final.intra.Memory,intra,3,GroupConditionalProductWrapper,,,,0.9987694930294988,0.9990168352742663,0.712775834855003,0.0,0.9999516170675512,4.838410294059193e-05,2.997050505822799,0.031371146436895536,0.8085172232366686,1.0972604385890254
macro,macro@1,best_valid,session,final,final.intra.Tempo,intra,3,GroupConditionalProductWrapper,,,,0.9878180540852011,0.9792084453291857,0.9318962582402278,0.0,0.9997057805133044,0.0002942627777403702,2.937625335987557,0.14571587307107828,0.9545975054934852,1.0852290531862214
