stage_name,stage_key,split,aggregation_level,node_kind,node_name,route_space,support_size,wrapper_name,source_type,temperature,top_k,entropy_norm,n_eff_norm,top1_monopoly_norm,jitter_adj_norm,knn_consistency_score,knn_consistency_js,n_eff,cv_usage,top1_max_frac,entropy_mean
macro,macro@1,best_valid,session,final,final.expert,expert,8,ScalarGroupConditionalProductWrapper,,,,0.9905307239569471,0.9925198439296393,0.7499039077514414,0.0,0.9993731955848418,0.0006270009391712692,7.940158751437115,0.08681289106607437,0.7811659192825112,2.059750735706278
macro,macro@1,best_valid,session,final,final.group,group,4,ScalarGroupConditionalProductWrapper,,,,0.9910242538038974,0.9960951104513178,0.708221225710015,0.0,0.9996060948352088,0.000393982765809545,3.9843804418052713,0.06261176615953445,0.7811659192825112,1.37385133478139
macro,macro@1,best_valid,session,final,final.intra.Exposure,intra,2,ScalarGroupConditionalProductWrapper,,,,0.9977038070023798,0.9971708457316859,0.9860986547085202,0.0,0.9999957252399837,4.274769153141375e-06,1.9943416914633718,0.05326506495475769,0.9930493273542601,0.6915555808576234
macro,macro@1,best_valid,session,final,final.intra.Focus,intra,2,ScalarGroupConditionalProductWrapper,,,,0.9829685926072645,0.9983506034596744,0.5955156950672646,0.0,0.9993923541431291,0.0006078305484363868,1.9967012069193488,0.04064422845840454,0.7977578475336323,0.6813419085447029
macro,macro@1,best_valid,session,final,final.intra.Memory,intra,2,ScalarGroupConditionalProductWrapper,,,,0.9990000730960177,0.9997042100609098,0.5623318385650224,0.0,0.9999911101167193,8.889922796039835e-06,1.9994084201218196,0.017201930284500122,0.7811659192825112,0.6924540840456839
macro,macro@1,best_valid,session,final,final.intra.Tempo,intra,2,ScalarGroupConditionalProductWrapper,,,,0.9854203945533521,0.9929680514260512,1.0,0.0,0.9998508129718843,0.00014919815760738444,1.9859361028521023,0.08415254950523376,1.0,0.6830413681509249
