stage_name,stage_key,split,aggregation_level,node_kind,node_name,route_space,support_size,wrapper_name,source_type,temperature,top_k,entropy_norm,n_eff_norm,top1_monopoly_norm,jitter_adj_norm,knn_consistency_score,knn_consistency_js,n_eff,cv_usage,top1_max_frac,entropy_mean
macro,macro@1,best_valid,session,final,final.expert,expert,9,GroupConditionalProductWrapper,,,,0.9165381498529582,0.9989424442594337,0.22832642007128046,0.0,0.9958063730487402,0.0042024448660945134,8.990481998334904,0.03254027471456431,0.3140679289522493,2.0138401489231867
macro,macro@1,best_valid,session,final,final.group,group,3,GroupConditionalProductWrapper,,,,0.8779661740820097,0.9997240470610893,0.09572518776553972,0.0,0.9975627376525683,0.002440237306126386,2.999172141183268,0.01661485803157514,0.39715012517702647,0.9645444278814208
macro,macro@1,best_valid,session,final,final.intra.Focus,intra,3,GroupConditionalProductWrapper,,,,0.9476052007044079,0.9996156680067493,0.46419198732792355,0.0,0.9983402808644812,0.0016610979952142496,2.9988470040202477,0.019608017404138523,0.6427946582186157,1.041050718299673
macro,macro@1,best_valid,session,final,final.intra.Memory,intra,3,GroupConditionalProductWrapper,,,,0.8635810501916096,0.9745971901731987,0.2369033955526918,0.0,0.9967813294131774,0.0032238616488677882,2.923791570519596,0.16144634674649397,0.4912689303684612,0.948740754001414
macro,macro@1,best_valid,session,final,final.intra.Tempo,intra,3,GroupConditionalProductWrapper,,,,0.9936770977005672,0.997899839554142,0.19947445784588122,0.0,0.9997691426108065,0.00023088404086249632,2.993699518662426,0.04587630455948737,0.4663163052305875,1.0916658705019051
