{
  "split": "best_valid",
  "feature_mode": "none",
  "stages": [
    {
      "stage": "macro@1",
      "n_eff": 7.948724587724739,
      "cv_usage": 0.7139160420323598,
      "top1_max_frac": 0.19839145460257618,
      "entropy_mean": 1.6890542223825793,
      "route_jitter_adjacent": 0.5373937335103723,
      "route_consistency_knn_js": 0.09892500162654845,
      "route_consistency_knn_score": 0.9058106398007704,
      "route_consistency_group_knn_js": 0.03649347176633118,
      "route_consistency_group_knn_score": 0.9641643881661999,
      "route_consistency_intra_group_knn_mean_js": 0.09753444550035617,
      "route_consistency_intra_group_knn_mean_score": 0.9080460669382214,
      "route_consistency_feature_group_knn_mean_score": 0.8586683762548327,
      "family_top_expert_mean_share": 0.17424917221069336,
      "route_consistency_feature_group_knn_tempo_js": 0.14929959330406783,
      "route_consistency_feature_group_knn_tempo_score": 0.8613110332228443,
      "route_consistency_feature_group_knn_focus_js": 0.15398812488417346,
      "route_consistency_feature_group_knn_focus_score": 0.8572822012764476,
      "route_consistency_feature_group_knn_memory_js": 0.15440040627968055,
      "route_consistency_feature_group_knn_memory_score": 0.8569288326228282,
      "route_consistency_feature_group_knn_exposure_js": 0.15181007696311505,
      "route_consistency_feature_group_knn_exposure_score": 0.8591514378972113
    }
  ]
}
