stage_name,stage_key,split,aggregation_level,node_kind,node_name,route_space,support_size,wrapper_name,source_type,temperature,top_k,entropy_norm,n_eff_norm,top1_monopoly_norm,jitter_adj_norm,knn_consistency_score,knn_consistency_js,n_eff,cv_usage,top1_max_frac,entropy_mean
macro,macro@1,best_valid,session,final,final.expert,expert,9,GroupConditionalProductWrapper,,,,0.9314289988751403,0.9919159843729276,0.14238215572961765,0.0,0.9966952146520816,0.003310258212103873,8.927243859356349,0.09027722038122102,0.23767302731521567,2.0465586883721283
macro,macro@1,best_valid,session,final,final.group,group,3,GroupConditionalProductWrapper,,,,0.9040024001218796,0.9930351117471221,0.25300189946908835,0.0,0.9979342472785744,0.002067889331557895,2.9791053352413663,0.08374848712240197,0.5020012663127256,0.9931481457593625
macro,macro@1,best_valid,session,final,final.intra.Focus,intra,3,GroupConditionalProductWrapper,,,,0.9910738700622741,0.9988269872587944,0.5378719234305889,0.0,0.9996721793975684,0.00032787434735143995,2.996480961776383,0.034268113694545216,0.6919146156203926,1.0888059326282757
macro,macro@1,best_valid,session,final,final.intra.Memory,intra,3,GroupConditionalProductWrapper,,,,0.9475393571787779,0.9741367044520818,0.530948593520327,0.0,0.9987804613990956,0.0012202828432536503,2.9224101133562455,0.1629419420573029,0.6872990623468846,1.0409783817932867
macro,macro@1,best_valid,session,final,final.intra.Tempo,intra,3,GroupConditionalProductWrapper,,,,0.9313787610685393,0.9989805194756864,0.08496264824919962,0.0,0.9978095826359219,0.002192819837112793,2.9969415584270593,0.031945876756433345,0.38997509883279974,1.0232241523143766
