stage_name,stage_key,split,aggregation_level,node_kind,node_name,route_space,support_size,wrapper_name,source_type,temperature,top_k,entropy_norm,n_eff_norm,top1_monopoly_norm,jitter_adj_norm,knn_consistency_score,knn_consistency_js,n_eff,cv_usage,top1_max_frac,entropy_mean
macro,macro@1,best_valid,session,final,final.expert,expert,12,ScalarGroupConditionalProductWrapper,,,,0.7944876161570213,0.723447345864891,0.3864689345779746,0.0,0.9625749827673415,0.038143311680708995,8.681368150378692,0.618280273131124,0.43759652336314336,1.9742275605627986
macro,macro@1,best_valid,session,final,final.group,group,4,ScalarGroupConditionalProductWrapper,,,,0.9561745503702159,0.9420465499877367,0.3644363035592429,0.0,0.9969127836710057,0.0030919916120792463,3.768186199950947,0.24802963435649872,0.5233272276694322,1.325539387424577
macro,macro@1,best_valid,session,final,final.intra.Exposure,intra,3,ScalarGroupConditionalProductWrapper,,,,0.1867694825343836,0.3875971345488576,0.9620730524727938,0.0,0.9838250263723831,0.016307216468760884,1.1627914036465727,1.2569797558492495,0.9747153683151959,0.20518724866045773
macro,macro@1,best_valid,session,final,final.intra.Focus,intra,3,ScalarGroupConditionalProductWrapper,,,,0.6942202821297074,0.997986564086604,0.04018963473763606,0.0,0.9675148611691309,0.033024493814639004,2.993959692259812,0.04491719004013568,0.360126423158424,0.7626789329903387
macro,macro@1,best_valid,session,final,final.intra.Memory,intra,3,ScalarGroupConditionalProductWrapper,,,,0.6599658301644913,0.7504197098820017,0.689742484646051,0.0,0.9496914411305618,0.05161814595604324,2.251259129646005,0.5767039782791145,0.7931616564307007,0.7250465711197608
macro,macro@1,best_valid,session,final,final.intra.Tempo,intra,3,ScalarGroupConditionalProductWrapper,,,,0.6135266078788055,0.8941521512710939,0.2483029845921776,0.0,0.9678561077074722,0.032671851817455654,2.682456453813282,0.344060887573335,0.49886865639478506,0.6740278708405165
