{
  "split": "best_valid",
  "feature_mode": "none",
  "stages": [
    {
      "stage": "macro@1",
      "n_eff": 11.938349327600362,
      "cv_usage": 0.07186246905401164,
      "top1_max_frac": 0.1655894059292968,
      "entropy_mean": 2.3372555372166737,
      "route_jitter_adjacent": 0.0,
      "route_consistency_knn_js": 0.005098184511434063,
      "route_consistency_knn_score": 0.9949147891744439,
      "route_consistency_group_knn_js": 0.002104019271215239,
      "route_consistency_group_knn_score": 0.9978981926257683,
      "route_consistency_intra_group_knn_mean_js": 0.002869939032023947,
      "route_consistency_intra_group_knn_mean_score": 0.9971370331691675,
      "route_consistency_feature_group_knn_mean_score": 0.9862928158843862,
      "family_top_expert_mean_share": 0.09512289613485336,
      "route_consistency_feature_group_knn_tempo_js": 0.00955670327930522,
      "route_consistency_feature_group_knn_tempo_score": 0.9904888168864973,
      "route_consistency_feature_group_knn_focus_js": 0.01645055995901126,
      "route_consistency_feature_group_knn_focus_score": 0.9836840115663259,
      "route_consistency_feature_group_knn_memory_js": 0.01753838503262041,
      "route_consistency_feature_group_knn_memory_score": 0.9826145172508686,
      "route_consistency_feature_group_knn_exposure_js": 0.01168407590874237,
      "route_consistency_feature_group_knn_exposure_score": 0.9883839178338532
    }
  ]
}
