{
  "split": "best_valid",
  "feature_mode": "none",
  "stages": [
    {
      "stage": "macro@1",
      "n_eff": 10.13216256636275,
      "cv_usage": 0.42935699661925386,
      "top1_max_frac": 0.9403299186035715,
      "entropy_mean": 2.384404691900591,
      "route_jitter_adjacent": 0.0,
      "route_consistency_knn_js": 0.002170526555025151,
      "route_consistency_knn_score": 0.99783182733437,
      "route_consistency_group_knn_js": 0.000434039233325122,
      "route_consistency_group_knn_score": 0.9995660549480763,
      "route_consistency_intra_group_knn_mean_js": 0.001527696910969976,
      "route_consistency_intra_group_knn_mean_score": 0.9984758958582942,
      "route_consistency_feature_group_knn_mean_score": 0.994437325339625,
      "family_top_expert_mean_share": 0.18784373998641968,
      "route_consistency_feature_group_knn_tempo_js": 0.006872555677792494,
      "route_consistency_feature_group_knn_tempo_score": 0.9931510063250217,
      "route_consistency_feature_group_knn_focus_js": 0.006388898303265979,
      "route_consistency_feature_group_knn_focus_score": 0.9936314673131333,
      "route_consistency_feature_group_knn_memory_js": 0.007016338418163369,
      "route_consistency_feature_group_knn_memory_score": 0.9930082186171802,
      "route_consistency_feature_group_knn_exposure_js": 0.00204347737526067,
      "route_consistency_feature_group_knn_exposure_score": 0.9979586091031651
    }
  ]
}
