stage_name,stage_key,split,aggregation_level,node_kind,node_name,route_space,support_size,wrapper_name,source_type,temperature,top_k,entropy_norm,n_eff_norm,top1_monopoly_norm,jitter_adj_norm,knn_consistency_score,knn_consistency_js,n_eff,cv_usage,top1_max_frac,entropy_mean
macro,macro@1,best_valid,session,final,final.expert,expert,20,FlatJointWrapper,,,,0.7925636187456848,0.6902961298120195,0.18598379381366012,0.8892256820060622,0.9571137615455055,0.04383302150572597,13.80592259624039,0.6698162507901341,0.22668460412297708,2.3743084115211888
macro,macro@1,best_valid,session,final,final.group,group,4,FlatJointWrapper,,,,0.9109647750993528,0.9783653246181001,0.14491090623722283,0.0,0.9886623631832269,0.011402397777189967,3.9134612984724004,0.14870508901507193,0.35868317967791713,1.262865330899082
macro,macro@1,best_valid,session,final,final.intra.Exposure,intra,5,FlatJointWrapper,,,,0.6383675372864428,0.5711736843377456,0.6519012384758438,0.0,0.9725046330683377,0.027880439420331034,2.855868421688728,0.8664761354554276,0.721520990780675,1.0274129165759902
macro,macro@1,best_valid,session,final,final.intra.Focus,intra,5,FlatJointWrapper,,,,0.7371787163233179,0.744476613320666,0.3089463063348237,0.0,0.9720918608459365,0.0283049719440627,3.7223830666033297,0.5858545663080429,0.44715704506785897,1.1864433742902505
macro,macro@1,best_valid,session,final,final.intra.Memory,intra,5,FlatJointWrapper,,,,0.7178573622567587,0.8299140156930728,0.2812487635025521,0.0,0.970737819076542,0.029698858400112084,4.149570078465364,0.4527075893773498,0.4249990108020417,1.1553468545359673
macro,macro@1,best_valid,session,final,final.intra.Tempo,intra,5,FlatJointWrapper,,,,0.7997359348883171,0.8828832341832495,0.2962351125707276,0.0,0.9747693238056159,0.02555442694494744,4.4144161709162475,0.3642151450482734,0.4369880900565821,1.2871253335451867
