stage_name,stage_key,split,aggregation_level,node_kind,node_name,route_space,support_size,wrapper_name,source_type,temperature,top_k,entropy_norm,n_eff_norm,top1_monopoly_norm,jitter_adj_norm,knn_consistency_score,knn_consistency_js,n_eff,cv_usage,top1_max_frac,entropy_mean
macro,macro@1,best_valid,session,final,final.expert,expert,8,ScalarGroupConditionalProductWrapper,,,,0.9108147147505145,0.7378495636597606,0.8810249221359893,0.0,0.9941801547043395,0.0058368465906553655,5.902796509278085,0.5960619804896105,0.8958968068689906,1.8939859546254896
macro,macro@1,best_valid,session,final,final.group,group,4,ScalarGroupConditionalProductWrapper,,,,0.9232183347009735,0.8267821738655632,0.9565280470594443,0.0,0.9984163216752749,0.001584933668792367,3.3071286954622527,0.4577207863330841,0.9673960352945832,1.2798523714784553
macro,macro@1,best_valid,session,final,final.intra.Exposure,intra,2,ScalarGroupConditionalProductWrapper,,,,0.83228979080426,0.8686350919088696,0.8261385668499981,0.0,0.9928759835067053,0.007149513464854356,1.7372701838177391,0.38888493180274963,0.913069283424999,0.5768993219047995
macro,macro@1,best_valid,session,final,final.intra.Focus,intra,2,ScalarGroupConditionalProductWrapper,,,,0.9960669432710909,0.9988812816570797,0.1638507498120525,0.0,0.9997976826476145,0.0002023378213019533,1.9977625633141594,0.03346526622772217,0.5819253749060262,0.6904209933773197
macro,macro@1,best_valid,session,final,final.intra.Memory,intra,2,ScalarGroupConditionalProductWrapper,,,,0.9421308443486268,0.9637010422680028,0.8224191825268072,0.0,0.9985268864464403,0.0014741996520926319,1.9274020845360056,0.194077730178833,0.9112095912634036,0.6530353384788113
macro,macro@1,best_valid,session,final,final.intra.Tempo,intra,2,ScalarGroupConditionalProductWrapper,,,,0.8738759165135689,0.9886317941117266,0.20444743402049625,0.0,0.9935099347864372,0.0065112172552230325,1.9772635882234533,0.1072334349155426,0.6022237170102481,0.6057246276906184
