best_mrr20,epoch,epoch_time_sec,eval,lr,patience_used,train_loss,trial,valid_mrr20
0.2791,1,55.09296894073486,1,0.0006918502217122324,0,2184.608102798462,1,0.2791
0.3472,3,54.99651098251343,1,0.0006905969424258146,0,1169.4805216789246,1,0.3472
0.3727,7,53.80465745925903,1,0.0006843557582399445,0,784.3156669139862,1,0.3727
0.3727,10,52.96865487098694,1,0.0006764589887885513,3,685.569317817688,1,0.3641
0.3727,17,52.9793336391449,1,0.0006477825875291236,10,489.27597188949585,1,0.3408
