{
  "split": "best_valid",
  "feature_mode": "none",
  "stages": [
    {
      "stage": "macro@1",
      "n_eff": 3.591473394925121,
      "cv_usage": 0.3372671604156494,
      "top1_max_frac": 0.9583019071220774,
      "entropy_mean": 1.3239615881909277,
      "route_jitter_adjacent": 0.0,
      "route_consistency_knn_js": 0.0012251372744812902,
      "route_consistency_knn_score": 0.9987756128998027,
      "route_consistency_group_knn_js": 0.0012251372744812902,
      "route_consistency_group_knn_score": 0.9987756128998027,
      "route_consistency_intra_group_knn_mean_js": 0.0,
      "route_consistency_intra_group_knn_mean_score": 1.0,
      "route_consistency_feature_group_knn_mean_score": 0.9973938118583332,
      "family_top_expert_mean_share": 0.3944682478904724,
      "route_consistency_feature_group_knn_tempo_js": 0.0033445314667367295,
      "route_consistency_feature_group_knn_tempo_score": 0.9966610552485787,
      "route_consistency_feature_group_knn_focus_js": 0.0023707517660423905,
      "route_consistency_feature_group_knn_focus_score": 0.9976320562464539,
      "route_consistency_feature_group_knn_memory_js": 0.0034060223370356094,
      "route_consistency_feature_group_knn_memory_score": 0.9965997715771109,
      "route_consistency_feature_group_knn_exposure_js": 0.0013185044839471433,
      "route_consistency_feature_group_knn_exposure_score": 0.9986823643611893
    }
  ]
}
