stage_name,stage_key,split,aggregation_level,node_kind,node_name,route_space,support_size,wrapper_name,source_type,temperature,top_k,entropy_norm,n_eff_norm,top1_monopoly_norm,jitter_adj_norm,knn_consistency_score,knn_consistency_js,n_eff,cv_usage,top1_max_frac,entropy_mean
macro,macro@1,best_valid,session,final,final.expert,expert,12,FlatJointWrapper,,,,0.7927532461071625,0.8917266589220271,0.16101105303744326,0.5154765394630201,0.8895751044234109,0.1170113410129646,10.700719907064325,0.34845342058498613,0.2309267986176563,1.9699178128927113
macro,macro@1,best_valid,session,final,final.group,group,4,FlatJointWrapper,,,,0.915071646599584,0.9896670580373829,0.19931301706985027,0.0,0.9737571047169378,0.026593385580471484,3.9586682321495315,0.10218057781457901,0.3994847628023877,1.2685586637016966
macro,macro@1,best_valid,session,final,final.intra.Exposure,intra,3,FlatJointWrapper,,,,0.6046942568235223,0.8683810670209504,0.3499962101114227,0.0,0.9179193181086787,0.08564578099459344,2.6051432010628512,0.38931762011892734,0.5666641400742818,0.6643245414333516
macro,macro@1,best_valid,session,final,final.intra.Focus,intra,3,FlatJointWrapper,,,,0.5173023981682443,0.9907740558136937,0.037513106532422145,0.0,0.8642170003742167,0.14593138387240331,2.972322167441081,0.09649774144596632,0.35834207102161475,0.5683147715851167
macro,macro@1,best_valid,session,final,final.intra.Memory,intra,3,FlatJointWrapper,,,,0.5490882724338656,0.8255390353102467,0.27151275529476937,0.0,0.888490169490796,0.11823169561206544,2.4766171059307402,0.4597061139432754,0.5143418368631796,0.6032351236593877
macro,macro@1,best_valid,session,final,final.intra.Tempo,intra,3,FlatJointWrapper,,,,0.4462613758290182,0.6793794058161126,0.4809404159143423,0.0,0.9100885390796163,0.09421338851227418,2.0381382174483376,0.6869727168389345,0.6539602772762282,0.4902682314436972
