{
  "model": "FEARec",
  "dataset": "movielens1m",
  "dataset_raw": "movielens1m",
  "max_evals": 3,
  "tune_epochs": 20,
  "n_completed": 3,
  "n_recorded_trials": 3,
  "timestamp": "2026-04-09T04:34:51.644136",
  "trials": [
    {
      "trial": 1,
      "params": {
        "learning_rate": 0.0005538125664736621
      },
      "mrr@20": 0.0615,
      "valid_result": {
        "hit@5": 0.1025,
        "hit@10": 0.1634,
        "hit@20": 0.2493,
        "ndcg@5": 0.0612,
        "ndcg@10": 0.0807,
        "ndcg@20": 0.1023,
        "mrr@5": 0.0477,
        "mrr@10": 0.0557,
        "mrr@20": 0.0615
      },
      "test_result": {
        "hit@5": 0.0974,
        "hit@10": 0.1643,
        "hit@20": 0.2672,
        "ndcg@5": 0.0538,
        "ndcg@10": 0.0754,
        "ndcg@20": 0.1012,
        "mrr@5": 0.0396,
        "mrr@10": 0.0485,
        "mrr@20": 0.0555
      },
      "best_hr@10": 0.1634,
      "test_mrr@20": 0.0555,
      "test_hr@10": 0.1643,
      "epochs_run": 20,
      "early_stop_epoch": 20,
      "early_stopped": false,
      "elapsed": 245.0,
      "status": "ok"
    },
    {
      "trial": 2,
      "params": {
        "learning_rate": 0.00040846558482782365
      },
      "mrr@20": 0.0561,
      "valid_result": {
        "hit@5": 0.0956,
        "hit@10": 0.1588,
        "hit@20": 0.2415,
        "ndcg@5": 0.0554,
        "ndcg@10": 0.0754,
        "ndcg@20": 0.0964,
        "mrr@5": 0.0423,
        "mrr@10": 0.0503,
        "mrr@20": 0.0561
      },
      "test_result": {
        "hit@5": 0.0831,
        "hit@10": 0.1467,
        "hit@20": 0.2335,
        "ndcg@5": 0.0479,
        "ndcg@10": 0.0682,
        "ndcg@20": 0.09,
        "mrr@5": 0.0365,
        "mrr@10": 0.0446,
        "mrr@20": 0.0506
      },
      "best_hr@10": 0.1588,
      "test_mrr@20": 0.0506,
      "test_hr@10": 0.1467,
      "epochs_run": 20,
      "early_stop_epoch": 20,
      "early_stopped": false,
      "elapsed": 243.9,
      "status": "ok"
    },
    {
      "trial": 3,
      "params": {
        "learning_rate": 0.0004019648649162707
      },
      "mrr@20": 0.0508,
      "valid_result": {
        "hit@5": 0.0886,
        "hit@10": 0.1468,
        "hit@20": 0.2359,
        "ndcg@5": 0.0497,
        "ndcg@10": 0.0687,
        "ndcg@20": 0.0909,
        "mrr@5": 0.0369,
        "mrr@10": 0.0448,
        "mrr@20": 0.0508
      },
      "test_result": {
        "hit@5": 0.0706,
        "hit@10": 0.1375,
        "hit@20": 0.2353,
        "ndcg@5": 0.0416,
        "ndcg@10": 0.0631,
        "ndcg@20": 0.0878,
        "mrr@5": 0.0322,
        "mrr@10": 0.0409,
        "mrr@20": 0.0477
      },
      "best_hr@10": 0.1468,
      "test_mrr@20": 0.0477,
      "test_hr@10": 0.1375,
      "epochs_run": 16,
      "early_stop_epoch": 16,
      "early_stopped": true,
      "elapsed": 194.4,
      "status": "ok"
    }
  ],
  "run_group": "baseline",
  "run_axis": "stageh_targetedrecovery_anchor2_core5",
  "run_phase": "P23_SH_C11_MFEAREC_XFER_FOURSQUARE_FAD_H1_R1_C2_WDHI_S1",
  "parent_result": "",
  "interrupted": false,
  "interrupted_at": null,
  "tuned_search": {
    "learning_rate": [
      0.0003492211358432983,
      0.0006451539201259959
    ]
  },
  "fixed_search": {
    "n_layers": 2,
    "n_heads": 2,
    "weight_decay": 0.00015000000000000001,
    "hidden_dropout_prob": 0.1,
    "MAX_ITEM_LIST_LENGTH": 10,
    "num_layers": 2,
    "num_heads": 2,
    "dropout_ratio": 0.1,
    "dropout_prob": 0.1,
    "attn_dropout_prob": 0.1,
    "hidden_size": 112,
    "embedding_size": 112,
    "inner_size": 224,
    "time_span": 256,
    "num_experts": 4,
    "state_size": 16,
    "conv_kernel": 4,
    "remaining_ratio": 0.5
  },
  "context_fixed": {
    "num_layers": 2,
    "search_space_type_overrides": {
      "learning_rate": "loguniform",
      "weight_decay": "choice",
      "n_layers": "choice",
      "num_layers": "choice",
      "n_heads": "choice",
      "num_heads": "choice",
      "dropout_ratio": "choice",
      "dropout_prob": "choice",
      "hidden_dropout_prob": "choice",
      "attn_dropout_prob": "choice",
      "hidden_size": "choice",
      "embedding_size": "choice",
      "inner_size": "choice",
      "time_span": "choice",
      "num_experts": "choice",
      "state_size": "choice",
      "conv_kernel": "choice",
      "remaining_ratio": "choice",
      "MAX_ITEM_LIST_LENGTH": "choice"
    }
  },
  "best_params": {
    "learning_rate": 0.0005538125664736621
  },
  "best_mrr@20": 0.0615,
  "best_hr@10": 0.1634,
  "test_mrr@20": 0.0555,
  "test_hr@10": 0.1643,
  "best_valid_result": {
    "hit@5": 0.1025,
    "hit@10": 0.1634,
    "hit@20": 0.2493,
    "ndcg@5": 0.0612,
    "ndcg@10": 0.0807,
    "ndcg@20": 0.1023,
    "mrr@5": 0.0477,
    "mrr@10": 0.0557,
    "mrr@20": 0.0615
  },
  "test_result": {
    "hit@5": 0.0974,
    "hit@10": 0.1643,
    "hit@20": 0.2672,
    "ndcg@5": 0.0538,
    "ndcg@10": 0.0754,
    "ndcg@20": 0.1012,
    "mrr@5": 0.0396,
    "mrr@10": 0.0485,
    "mrr@20": 0.0555
  },
  "best_valid_special_metrics": {
    "split": "best_valid",
    "overall": {
      "count": 2166,
      "hit@20": 0.24930747922437674,
      "ndcg@20": 0.1023144629660956,
      "mrr@20": 0.0615364141205011
    },
    "slices": {
      "target_popularity_abs": {
        "rare_1_5": {
          "count": 1940,
          "hit@20": 0.23144329896907218,
          "ndcg@20": 0.09141924072479464,
          "mrr@20": 0.05272408247416474
        },
        "6_20": {
          "count": 226,
          "hit@20": 0.4026548672566372,
          "ndcg@20": 0.19583982202859052,
          "mrr@20": 0.13718209285453886
        }
      },
      "target_popularity_abs_legacy": {
        "<=5": {
          "count": 1940,
          "hit@20": 0.23144329896907218,
          "ndcg@20": 0.09141924072479464,
          "mrr@20": 0.05272408247416474
        },
        "6-20": {
          "count": 226,
          "hit@20": 0.4026548672566372,
          "ndcg@20": 0.19583982202859052,
          "mrr@20": 0.13718209285453886
        }
      },
      "session_len": {
        "<=7": {
          "count": 141,
          "hit@20": 0.14184397163120568,
          "ndcg@20": 0.05352924838133737,
          "mrr@20": 0.02864767259634133
        },
        "8-12": {
          "count": 2025,
          "hit@20": 0.25679012345679014,
          "ndcg@20": 0.10571135938903432,
          "mrr@20": 0.06382644501181296
        }
      },
      "session_len_legacy": {
        "1-2": {
          "count": 38,
          "hit@20": 0.13157894736842105,
          "ndcg@20": 0.03790278811203806,
          "mrr@20": 0.013064859336928317
        },
        "3-5": {
          "count": 59,
          "hit@20": 0.13559322033898305,
          "ndcg@20": 0.052196971440719345,
          "mrr@20": 0.0279391987596528
        },
        "6-10": {
          "count": 2069,
          "hit@20": 0.25471242145964235,
          "ndcg@20": 0.10492663099144668,
          "mrr@20": 0.06338472479622165
        }
      }
    },
    "counts": {
      "target_popularity_abs": {
        "rare_1_5": 1940,
        "6_20": 226
      },
      "target_popularity_abs_legacy": {
        "<=5": 1940,
        "6-20": 226
      },
      "session_len": {
        "<=7": 141,
        "8-12": 2025
      },
      "session_len_legacy": {
        "1-2": 38,
        "3-5": 59,
        "6-10": 2069
      }
    },
    "config_snapshot": {
      "target_popularity_abs_bins": [
        "cold_0",
        "rare_1_5",
        "6_20",
        "21_100",
        "101+"
      ],
      "target_popularity_abs_bins_legacy": [
        "<=5",
        "6-20",
        "21-100",
        ">100"
      ],
      "session_len_bins": [
        "<=7",
        "8-12",
        "13+"
      ],
      "session_len_bins_legacy": [
        "1-2",
        "3-5",
        "6-10",
        "11+"
      ],
      "item_count_source": "cached_loader",
      "item_count_definition": "train_interaction_count_per_item",
      "new_user_enabled": false,
      "feature_logging_available": true,