best_mrr20,epoch,epoch_time_sec,eval,lr,patience_used,train_loss,trial,valid_mrr20
0.0137,1,22.393256902694702,1,0.0007998187552579467,0,678.5535502433777,1,0.0137
0.0176,3,22.363433361053467,1,0.0007983698921263105,0,571.0112595558167,1,0.0176
0.0176,10,22.052375316619873,1,0.0007820256023867403,7,473.39211893081665,1,0.0161
0.0176,13,21.662668466567993,1,0.0007697990446755451,10,442.1837821006775,1,0.0157
