best_mrr20,epoch,epoch_time_sec,eval,lr,patience_used,train_loss,trial,valid_mrr20
0.0132,1,17.348156452178955,1,0.0005476,0,686.6042041778564,1,0.0132
0.0164,3,16.208993911743164,1,0.0005476,0,586.6485285758972,1,0.0164
0.0184,10,17.100098609924316,1,0.0005476,2,491.11054611206055,1,0.0179
0.0186,16,17.305245399475098,1,0.0005476,0,442.37916469573975,1,0.0186
0.0186,26,16.748199939727783,1,0.0005476,10,376.774710893631,1,0.0171
