stage_name,stage_key,split,aggregation_level,node_kind,node_name,route_space,support_size,wrapper_name,source_type,temperature,top_k,entropy_norm,n_eff_norm,top1_monopoly_norm,jitter_adj_norm,knn_consistency_score,knn_consistency_js,n_eff,cv_usage,top1_max_frac,entropy_mean
macro,macro@1,best_valid,session,final,final.expert,expert,12,ScalarGroupConditionalProductWrapper,,,,0.751461663731942,0.7954600238241406,0.33581632171986237,0.0,0.9831743441286604,0.016968815325593488,9.545520285889687,0.5070840273549573,0.39116496157654046,1.867312085268257
macro,macro@1,best_valid,session,final,final.group,group,4,ScalarGroupConditionalProductWrapper,,,,0.9810547284723825,0.9918802489547761,0.21625571637357974,0.0,0.9987043696885927,0.0012964703660377753,3.9675209958191044,0.09047639781518009,0.4121917872801848,1.3600306380312692
macro,macro@1,best_valid,session,final,final.intra.Exposure,intra,3,ScalarGroupConditionalProductWrapper,,,,0.4152830370796275,0.6002342518441305,0.4054735750318231,0.0,0.9973720013960248,0.0026314578542388973,1.8007027555323913,0.816098099467215,0.6036490500212154,0.45623504781109303
macro,macro@1,best_valid,session,final,final.intra.Focus,intra,3,ScalarGroupConditionalProductWrapper,,,,0.5386904860423588,0.6847885750148328,0.5538399886851162,0.0,0.9667700109561875,0.033794649504210836,2.0543657250444984,0.6784575528366102,0.7025599924567442,0.5918119877547322
macro,macro@1,best_valid,session,final,final.intra.Memory,intra,3,ScalarGroupConditionalProductWrapper,,,,0.3686367248854847,0.9800310081160091,0.13865447173636322,0.0,0.9938240399121412,0.006195110217031662,2.940093024348027,0.14274422026442826,0.42576964782424215,0.40498883601355873
macro,macro@1,best_valid,session,final,final.intra.Tempo,intra,3,ScalarGroupConditionalProductWrapper,,,,0.5294494032926286,0.9470494035957383,0.22464758851539296,0.0,0.9812285892140213,0.018949830032854217,2.841148210787215,0.23645544837547994,0.4830983923435953,0.5816596206852798
