{
  "split": "best_valid",
  "feature_mode": "runtime:unknown|ablation:none",
  "stages": [
    {
      "stage": "micro@1",
      "n_eff": 7.407013040250088,
      "cv_usage": 0.7874552562886171,
      "top1_max_frac": 0.27638077285579643,
      "entropy_mean": 1.57759915346175,
      "route_jitter_adjacent": 0.6007311479367488,
      "route_consistency_knn_js": 0.08857951012251553,
      "route_consistency_knn_score": 0.9152303377666563,
      "route_consistency_group_knn_js": 0.04151703411778138,
      "route_consistency_group_knn_score": 0.9593329938110828,
      "route_consistency_intra_group_knn_mean_js": 0.07292347647155807,
      "route_consistency_intra_group_knn_mean_score": 0.9296932466575578,
      "route_consistency_feature_group_knn_mean_score": 0.8711827390194528,
      "family_top_expert_mean_share": 0.19136445224285126,
      "route_consistency_feature_group_knn_tempo_js": 0.149722428035524,
      "route_consistency_feature_group_knn_tempo_score": 0.8609469179891198,
      "route_consistency_feature_group_knn_focus_js": 0.1572020624724912,
      "route_consistency_feature_group_knn_focus_score": 0.8545313726495968,
      "route_consistency_feature_group_knn_memory_js": 0.15273730007253636,
      "route_consistency_feature_group_knn_memory_score": 0.8583551820399643,
      "route_consistency_feature_group_knn_exposure_js": 0.09332491999824813,
      "route_consistency_feature_group_knn_exposure_score": 0.9108974833991298
    }
  ]
}
