{
  "model": "FAME",
  "dataset": "KuaiRecLargeStrictPosV2_0.2",
  "dataset_raw": "KuaiRecLargeStrictPosV2_0.2",
  "max_evals": 10,
  "tune_epochs": 100,
  "n_completed": 10,
  "n_recorded_trials": 10,
  "timestamp": "2026-03-12T21:44:36.187379",
  "trials": [
    {
      "trial": 1,
      "params": {
        "dropout_ratio": 0.15,
        "learning_rate": 0.0006333377508548816,
        "weight_decay": 0.0
      },
      "mrr@20": 0.0745,
      "valid_result": {
        "hit@5": 0.0804,
        "hit@10": 0.0944,
        "hit@20": 0.1176,
        "ndcg@5": 0.0734,
        "ndcg@10": 0.0779,
        "ndcg@20": 0.0837,
        "mrr@5": 0.0711,
        "mrr@10": 0.0729,
        "mrr@20": 0.0745
      },
      "test_result": {
        "hit@5": 0.1612,
        "hit@10": 0.173,
        "hit@20": 0.1943,
        "ndcg@5": 0.1552,
        "ndcg@10": 0.159,
        "ndcg@20": 0.1643,
        "mrr@5": 0.1533,
        "mrr@10": 0.1548,
        "mrr@20": 0.1562
      },
      "best_hr@10": 0.0944,
      "test_mrr@20": 0.1562,
      "test_hr@10": 0.173,
      "epochs_run": 85,
      "early_stop_epoch": 85,
      "early_stopped": true,
      "elapsed": 225.6,
      "status": "ok"
    },
    {
      "trial": 2,
      "params": {
        "dropout_ratio": 0.05,
        "learning_rate": 0.0006032940090151863,
        "weight_decay": 0.0001
      },
      "mrr@20": 0.0741,
      "valid_result": {
        "hit@5": 0.0804,
        "hit@10": 0.0959,
        "hit@20": 0.1196,
        "ndcg@5": 0.0729,
        "ndcg@10": 0.0779,
        "ndcg@20": 0.0838,
        "mrr@5": 0.0705,
        "mrr@10": 0.0725,
        "mrr@20": 0.0741
      },
      "test_result": {
        "hit@5": 0.16,
        "hit@10": 0.174,
        "hit@20": 0.1959,
        "ndcg@5": 0.1531,
        "ndcg@10": 0.1576,
        "ndcg@20": 0.163,
        "mrr@5": 0.1509,
        "mrr@10": 0.1527,
        "mrr@20": 0.1541
      },
      "best_hr@10": 0.0959,
      "test_mrr@20": 0.1541,
      "test_hr@10": 0.174,
      "epochs_run": 69,
      "early_stop_epoch": 69,
      "early_stopped": true,
      "elapsed": 182.9,
      "status": "ok"
    },
    {
      "trial": 3,
      "params": {
        "dropout_ratio": 0.0,
        "learning_rate": 6.760058415983127e-05,
        "weight_decay": 0.0
      },
      "mrr@20": 0.0673,
      "valid_result": {
        "hit@5": 0.0691,
        "hit@10": 0.0732,
        "hit@20": 0.0813,
        "ndcg@5": 0.0669,
        "ndcg@10": 0.0682,
        "ndcg@20": 0.0702,
        "mrr@5": 0.0662,
        "mrr@10": 0.0667,
        "mrr@20": 0.0673
      },
      "test_result": {
        "hit@5": 0.153,
        "hit@10": 0.1566,
        "hit@20": 0.1635,
        "ndcg@5": 0.1506,
        "ndcg@10": 0.1518,
        "ndcg@20": 0.1535,
        "mrr@5": 0.1499,
        "mrr@10": 0.1503,
        "mrr@20": 0.1508
      },
      "best_hr@10": 0.0732,
      "test_mrr@20": 0.1508,
      "test_hr@10": 0.1566,
      "epochs_run": 62,
      "early_stop_epoch": 62,
      "early_stopped": true,
      "elapsed": 160.9,
      "status": "ok"
    },
    {
      "trial": 4,
      "params": {
        "dropout_ratio": 0.05,
        "learning_rate": 0.0001192131424969314,
        "weight_decay": 5e-05
      },
      "mrr@20": 0.0673,
      "valid_result": {
        "hit@5": 0.0687,
        "hit@10": 0.0728,
        "hit@20": 0.0796,
        "ndcg@5": 0.0669,
        "ndcg@10": 0.0682,
        "ndcg@20": 0.0699,
        "mrr@5": 0.0663,
        "mrr@10": 0.0668,
        "mrr@20": 0.0673
      },
      "test_result": {
        "hit@5": 0.1525,
        "hit@10": 0.1561,
        "hit@20": 0.1619,
        "ndcg@5": 0.1508,
        "ndcg@10": 0.152,
        "ndcg@20": 0.1534,
        "mrr@5": 0.1502,
        "mrr@10": 0.1507,
        "mrr@20": 0.1511
      },
      "best_hr@10": 0.0728,
      "test_mrr@20": 0.1511,
      "test_hr@10": 0.1561,
      "epochs_run": 46,
      "early_stop_epoch": 46,
      "early_stopped": true,
      "elapsed": 123.1,
      "status": "ok"
    },
    {
      "trial": 5,
      "params": {
        "dropout_ratio": 0.1,
        "learning_rate": 7.427091970911395e-05,
        "weight_decay": 1e-06
      },
      "mrr@20": 0.068,
      "valid_result": {
        "hit@5": 0.0698,
        "hit@10": 0.075,
        "hit@20": 0.0836,
        "ndcg@5": 0.0675,
        "ndcg@10": 0.0692,
        "ndcg@20": 0.0713,
        "mrr@5": 0.0667,
        "mrr@10": 0.0674,
        "mrr@20": 0.068
      },
      "test_result": {
        "hit@5": 0.154,
        "hit@10": 0.1582,
        "hit@20": 0.1665,
        "ndcg@5": 0.1514,
        "ndcg@10": 0.1527,
        "ndcg@20": 0.1548,
        "mrr@5": 0.1506,
        "mrr@10": 0.1511,
        "mrr@20": 0.1517
      },
      "best_hr@10": 0.075,
      "test_mrr@20": 0.1517,
      "test_hr@10": 0.1582,
      "epochs_run": 89,
      "early_stop_epoch": 89,
      "early_stopped": true,
      "elapsed": 236.7,
      "status": "ok"
    },
    {
      "trial": 6,
      "params": {
        "dropout_ratio": 0.15,
        "learning_rate": 9.667078036749927e-05,
        "weight_decay": 0.0001
      },
      "mrr@20": 0.0679,
      "valid_result": {
        "hit@5": 0.0699,
        "hit@10": 0.075,
        "hit@20": 0.0841,
        "ndcg@5": 0.0674,
        "ndcg@10": 0.069,
        "ndcg@20": 0.0713,
        "mrr@5": 0.0666,
        "mrr@10": 0.0672,
        "mrr@20": 0.0679
      },
      "test_result": {
        "hit@5": 0.1538,
        "hit@10": 0.1583,
        "hit@20": 0.1664,
        "ndcg@5": 0.1512,
        "ndcg@10": 0.1526,
        "ndcg@20": 0.1547,
        "mrr@5": 0.1504,
        "mrr@10": 0.1509,
        "mrr@20": 0.1515
      },
      "best_hr@10": 0.075,
      "test_mrr@20": 0.1515,
      "test_hr@10": 0.1583,
      "epochs_run": 91,
      "early_stop_epoch": 91,
      "early_stopped": true,
      "elapsed": 239.5,
      "status": "ok"
    },
    {
      "trial": 7,
      "params": {
        "dropout_ratio": 0.1,
        "learning_rate": 0.002963221105276826,
        "weight_decay": 0.0001
      },
      "mrr@20": 0.0759,
      "valid_result": {
        "hit@5": 0.0849,
        "hit@10": 0.1018,
        "hit@20": 0.1322,
        "ndcg@5": 0.0749,
        "ndcg@10": 0.0803,
        "ndcg@20": 0.0879,
        "mrr@5": 0.0716,
        "mrr@10": 0.0738,
        "mrr@20": 0.0759
      },
      "test_result": {
        "hit@5": 0.1619,
        "hit@10": 0.178,
        "hit@20": 0.2045,
        "ndcg@5": 0.1535,
        "ndcg@10": 0.1587,
        "ndcg@20": 0.1654,
        "mrr@5": 0.1508,
        "mrr@10": 0.1529,
        "mrr@20": 0.1547
      },
      "best_hr@10": 0.1018,
      "test_mrr@20": 0.1547,
      "test_hr@10": 0.178,
      "epochs_run": 28,
      "early_stop_epoch": 28,
      "early_stopped": true,
      "elapsed": 74.7,
      "status": "ok"
    },
    {
      "trial": 8,
      "params": {
        "dropout_ratio": 0.0,
        "learning_rate": 0.0014962181616606871,
        "weight_decay": 1e-05
      },
      "mrr@20": 0.0723,
      "valid_result": {
        "hit@5": 0.0778,
        "hit@10": 0.0892,
        "hit@20": 0.1087,
        "ndcg@5": 0.0715,
        "ndcg@10": 0.0752,
        "ndcg@20": 0.0801,
        "mrr@5": 0.0695,
        "mrr@10": 0.0709,
        "mrr@20": 0.0723
      },
      "test_result": {
        "hit@5": 0.158,
        "hit@10": 0.1687,
        "hit@20": 0.1865,
        "ndcg@5": 0.1525,
        "ndcg@10": 0.156,
        "ndcg@20": 0.1604,
        "mrr@5": 0.1507,
        "mrr@10": 0.1521,
        "mrr@20": 0.1533
      },
      "best_hr@10": 0.0892,
      "test_mrr@20": 0.1533,
      "test_hr@10": 0.1687,
      "epochs_run": 23,
      "early_stop_epoch": 23,
      "early_stopped": true,
      "elapsed": 60.0,
      "status": "ok"
    },
    {
      "trial": 9,
      "params": {
        "dropout_ratio": 0.1,
        "learning_rate": 0.0011765266517760064,
        "weight_decay": 0.0
      },
      "mrr@20": 0.0744,
      "valid_result": {
        "hit@5": 0.0801,
        "hit@10": 0.093,
        "hit@20": 0.116,