best_mrr20,epoch,epoch_time_sec,eval,lr,patience_used,train_loss,trial,valid_mrr20
0.0195,1,8.706292629241943,1,0.00048288195208845533,0,416.34084606170654,1,0.0195
0.1111,3,7.586768627166748,1,0.0004820072165903013,0,340.3564248085022,1,0.1111
0.1985,10,7.112409591674805,1,0.00047213952783824447,0,185.32342433929443,1,0.1985
0.2044,11,7.8468711376190186,1,0.0004698838017989128,0,173.4568793773651,1,0.2044
0.2044,21,7.069202899932861,1,0.00043649084701292577,10,97.9910900592804,1,0.1936
