cv_usage,entropy_mean,family_top_expert_mean_share,n_eff,route_consistency_feature_group_knn_exposure_js,route_consistency_feature_group_knn_exposure_score,route_consistency_feature_group_knn_focus_js,route_consistency_feature_group_knn_focus_score,route_consistency_feature_group_knn_mean_score,route_consistency_feature_group_knn_memory_js,route_consistency_feature_group_knn_memory_score,route_consistency_feature_group_knn_tempo_js,route_consistency_feature_group_knn_tempo_score,route_consistency_group_knn_js,route_consistency_group_knn_score,route_consistency_intra_group_knn_mean_js,route_consistency_intra_group_knn_mean_score,route_consistency_knn_js,route_consistency_knn_score,route_jitter_adjacent,stage,top1_max_frac
0.2046891945415255,2.3284383944519766,0.10481889545917511,11.517447013655296,0.027083687601081874,0.973279786665476,0.028299997184240467,0.9720966967814981,0.972377248214681,0.027928604016492824,0.9724577939034242,0.02873418535794662,0.9716747155083253,0.015295579653295659,0.9848208035865584,0.0019427898824769323,0.9980601963831998,0.017507601253155727,0.9826447663050542,0.5085940427126264,macro@1,0.2397830718574472
0.20540407831620236,2.2796122449803087,0.11241395771503448,11.514203235732895,0.03504293027660361,0.9655639634397535,0.033088402262780696,0.967453030771563,0.9615057058097445,0.04632731368495466,0.9547294150400538,0.04261901028258288,0.9582764139876078,0.025044654361624494,0.9752663611592004,0.0010025463097436992,0.9989989366537513,0.02591468715743755,0.9744182164506954,0.6091232671412514,micro@1,0.23683474293584694
0.19739126570846838,2.0776730663696816,0.12513262033462524,11.549973671775723,0.06324848759975833,0.9387101868646894,0.06325043803226939,0.938708355975608,0.9253853733906716,0.09065902267971034,0.9133290823139837,0.09343867690962995,0.9107938684084051,0.026747019025451353,0.9736075145496871,0.005786573142605261,0.9942437459442053,0.03265757564531499,0.9678699250865026,0.49480142375421504,mid@1,0.19415929584436267
