{
  "split": "best_valid",
  "feature_mode": "runtime:unknown|ablation:none",
  "stages": [
    {
      "stage": "macro@1",
      "n_eff": 15.82883715752106,
      "cv_usage": 0.10398638498945414,
      "top1_max_frac": 0.09227348526959422,
      "entropy_mean": 2.4772673729328796,
      "route_jitter_adjacent": 0.7182489892653005,
      "route_consistency_knn_js": 0.07317977016125553,
      "route_consistency_knn_score": 0.9294337305548751,
      "route_consistency_group_knn_js": 0.019463470383132897,
      "route_consistency_group_knn_score": 0.9807247200326032,
      "route_consistency_intra_group_knn_mean_js": 0.05404730088076714,
      "route_consistency_intra_group_knn_mean_score": 0.9473890173363756,
      "route_consistency_feature_group_knn_mean_score": 0.9209191788685867,
      "family_top_expert_mean_share": 0.07912923395633698,
      "route_consistency_feature_group_knn_tempo_js": 0.08554737899093397,
      "route_consistency_feature_group_knn_tempo_score": 0.9180096476530095,
      "route_consistency_feature_group_knn_focus_js": 0.08343757854841981,
      "route_consistency_feature_group_knn_focus_score": 0.9199485094003486,
      "route_consistency_feature_group_knn_memory_js": 0.08231889566180786,
      "route_consistency_feature_group_knn_memory_score": 0.9209782159045155,
      "route_consistency_feature_group_knn_exposure_js": 0.07824229166936361,
      "route_consistency_feature_group_knn_exposure_score": 0.9247403425164729
    }
  ]
}
