best_mrr20,epoch,epoch_time_sec,eval,lr,patience_used,train_loss,trial,valid_mrr20
0.0165,1,6.643649339675903,1,0.0004003920266901549,0,419.1368808746338,1,0.0165
0.0857,3,6.396915912628174,1,0.0003996667208107181,0,354.82135677337646,1,0.0857
0.1951,10,6.785126686096191,1,0.0003914847130113047,0,204.93713474273682,1,0.1951
0.2036,15,6.029914617538452,1,0.00038044898965977847,0,155.62572765350342,1,0.2036
0.2036,25,5.847954034805298,1,0.00034668338623816865,10,98.2857825756073,1,0.1961
