{
  "split": "best_valid",
  "feature_mode": "none",
  "stages": [
    {
      "stage": "macro@1",
      "n_eff": 11.933560011387844,
      "cv_usage": 0.07461510857135704,
      "top1_max_frac": 0.11961802999390025,
      "entropy_mean": 2.171698186378647,
      "route_jitter_adjacent": 0.7938285090114692,
      "route_consistency_knn_js": 0.0373672417515879,
      "route_consistency_knn_score": 0.963322298213006,
      "route_consistency_group_knn_js": 0.012402717588212165,
      "route_consistency_group_knn_score": 0.987673879117446,
      "route_consistency_intra_group_knn_mean_js": 0.024936054904913366,
      "route_consistency_intra_group_knn_mean_score": 0.9753752642175485,
      "route_consistency_feature_group_knn_mean_score": 0.955905444454586,
      "family_top_expert_mean_share": 0.09791978448629379,
      "route_consistency_feature_group_knn_tempo_js": 0.04605804638386965,
      "route_consistency_feature_group_knn_tempo_score": 0.9549865270672855,
      "route_consistency_feature_group_knn_focus_js": 0.044862650208554025,
      "route_consistency_feature_group_knn_focus_score": 0.9561287969056951,
      "route_consistency_feature_group_knn_memory_js": 0.04578786109612696,
      "route_consistency_feature_group_knn_memory_score": 0.9552445852370821,
      "route_consistency_feature_group_knn_exposure_js": 0.04367829005100158,
      "route_consistency_feature_group_knn_exposure_score": 0.9572618686082813
    }
  ]
}
