best_mrr20,epoch,epoch_time_sec,eval,lr,patience_used,train_loss,trial,valid_mrr20
0.021,1,10.042168617248535,1,0.0007869537207590462,0,412.0272789001465,1,0.021
0.1274,3,8.77905011177063,1,0.0007395779628164451,0,320.9062485694885,1,0.1274
0.1977,10,8.606057405471802,1,0.00033850616754241134,0,177.6403670310974,1,0.1977
0.2025,14,8.607359886169434,1,0.0001327550371835549,0,154.45821237564087,1,0.2025
0.2025,17,8.647613525390625,1,7.930300000000001e-05,3,147.38758206367493,1,0.2017
