best_mrr20,epoch,epoch_time_sec,eval,lr,patience_used,train_loss,trial,valid_mrr20
0.1062,1,21.27358841896057,1,0.000726461619649768,0,1547.0349893569946,1,0.1062
0.2179,3,19.606285572052002,1,0.0007251456421856989,0,888.7415819168091,1,0.2179
0.3087,10,19.835604190826416,1,0.0007103004049139073,0,313.1877951622009,1,0.3087
0.3087,20,18.418901205062866,1,0.0006629531577687734,10,99.40118151903152,1,0.2991
0.1235,1,19.69395351409912,1,0.0009018462627886455,0,1514.1472721099854,2,0.1235
0.2358,3,18.626358032226562,1,0.0009002125779169561,0,807.3653116226196,2,0.2358
0.3086,9,18.18338394165039,1,0.0008856079028454342,0,297.5913339853287,2,0.3086
0.3086,10,18.16797137260437,1,0.0008817833568932351,1,249.8435025215149,2,0.3055
0.3086,19,17.61311960220337,1,0.0008304769350251525,10,93.64358243346214,2,0.2944
