best_mrr20,epoch,epoch_time_sec,eval,lr,patience_used,train_loss,trial,valid_mrr20
0.0779,1,31.360896587371826,1,0.0004983,0,1582.6443138122559,1,0.0779
0.187,3,30.587143421173096,1,0.0004983,0,1027.1131296157837,1,0.187
0.3013,10,31.65564227104187,1,0.0004983,0,426.7102966308594,1,0.3013
0.3096,14,31.42321801185608,1,0.0004983,0,273.2392283678055,1,0.3096
0.3096,24,32.90494441986084,1,0.0004983,10,100.82929608225822,1,0.3018
