stage_name,stage_key,split,aggregation_level,node_kind,node_name,route_space,support_size,wrapper_name,source_type,temperature,top_k,entropy_norm,n_eff_norm,top1_monopoly_norm,jitter_adj_norm,knn_consistency_score,knn_consistency_js,n_eff,cv_usage,top1_max_frac,entropy_mean
macro,macro@1,best_valid,session,final,final.expert,expert,20,FlatJointWrapper,,,,0.8750398950582629,0.8685196045638752,0.15549567147798674,0.8966657481399835,0.9587431343665193,0.04213208735210618,17.370392091277505,0.3890815609146095,0.19772088790408737,2.6213852542733354
macro,macro@1,best_valid,session,final,final.group,group,4,FlatJointWrapper,,,,0.951364754165454,0.981104694341607,0.234176129993801,0.0,0.9912070886196623,0.008831797139444975,3.924418777366428,0.1387779414653778,0.42563209749535075,1.3188715940677798
macro,macro@1,best_valid,session,final,final.intra.Exposure,intra,5,FlatJointWrapper,,,,0.7968098480501683,0.8068705996192458,0.4655858030309025,0.0,0.9747607402710636,0.0255632326922508,4.034352998096229,0.48924039320289503,0.5724686424247221,1.2824159784527955
macro,macro@1,best_valid,session,final,final.intra.Focus,intra,5,FlatJointWrapper,,,,0.8364013808234427,0.9003616332656721,0.2022613065326633,0.0,0.9713931249409478,0.02902402657037055,4.5018081663283604,0.3326631660362606,0.36180904522613067,1.3461360923094805
macro,macro@1,best_valid,session,final,final.intra.Memory,intra,5,FlatJointWrapper,,,,0.8237985791266189,0.9528037409715667,0.15562062279903455,0.0,0.9683657538896303,0.03214541814367442,4.7640187048578335,0.22256228945592438,0.32449649823922766,1.3258526654557234
macro,macro@1,best_valid,session,final,final.intra.Tempo,intra,5,FlatJointWrapper,,,,0.8612329043406157,0.9854295222414077,0.07895778103113996,0.0,0.9692135613649353,0.03127029780900012,4.9271476112070385,0.12159751546982653,0.263166224824912,1.3861008876815177
