{
  "split": "best_valid",
  "feature_mode": "none",
  "stages": [
    {
      "stage": "macro@1",
      "n_eff": 8.03190747507251,
      "cv_usage": 0.7028806926536972,
      "top1_max_frac": 0.35357867583065417,
      "entropy_mean": 1.6280143357199748,
      "route_jitter_adjacent": 0.0,
      "route_consistency_knn_js": 0.024838187788729992,
      "route_consistency_knn_score": 0.9754677418509234,
      "route_consistency_group_knn_js": 0.017940340574755523,
      "route_consistency_group_knn_score": 0.9822196292689004,
      "route_consistency_intra_group_knn_mean_js": 0.0051735419870196225,
      "route_consistency_intra_group_knn_mean_score": 0.9948707982698252,
      "route_consistency_feature_group_knn_mean_score": 0.9439126616305213,
      "family_top_expert_mean_share": 0.23270733654499054,
      "route_consistency_feature_group_knn_tempo_js": 0.03910280168009335,
      "route_consistency_feature_group_knn_tempo_score": 0.9616518446394413,
      "route_consistency_feature_group_knn_focus_js": 0.06589086490444201,
      "route_consistency_feature_group_knn_focus_score": 0.9362330345980298,
      "route_consistency_feature_group_knn_memory_js": 0.05736701449892213,
      "route_consistency_feature_group_knn_memory_score": 0.9442474532579295,
      "route_consistency_feature_group_knn_exposure_js": 0.06879469752468884,
      "route_consistency_feature_group_knn_exposure_score": 0.9335183140266848
    }
  ]
}
