{
  "model": "DuoRec",
  "dataset": "retail_rocket",
  "dataset_raw": "retail_rocket",
  "max_evals": 5,
  "tune_epochs": 36,
  "n_completed": 5,
  "n_recorded_trials": 5,
  "timestamp": "2026-04-10T09:20:58.748518",
  "trials": [
    {
      "trial": 1,
      "params": {
        "learning_rate": 0.0003870432940026943
      },
      "mrr@20": 0.2634,
      "valid_result": {
        "hit@5": 0.355,
        "hit@10": 0.4194,
        "hit@20": 0.481,
        "ndcg@5": 0.2766,
        "ndcg@10": 0.2974,
        "ndcg@20": 0.313,
        "mrr@5": 0.2505,
        "mrr@10": 0.2591,
        "mrr@20": 0.2634
      },
      "test_result": {
        "hit@5": 0.3537,
        "hit@10": 0.4193,
        "hit@20": 0.4828,
        "ndcg@5": 0.2778,
        "ndcg@10": 0.2991,
        "ndcg@20": 0.3152,
        "mrr@5": 0.2526,
        "mrr@10": 0.2615,
        "mrr@20": 0.2659
      },
      "best_hr@10": 0.4194,
      "test_mrr@20": 0.2659,
      "test_hr@10": 0.4193,
      "epochs_run": 36,
      "early_stop_epoch": 36,
      "early_stopped": false,
      "elapsed": 503.0,
      "status": "ok"
    },
    {
      "trial": 2,
      "params": {
        "learning_rate": 0.0003416173690319087
      },
      "mrr@20": 0.2623,
      "valid_result": {
        "hit@5": 0.3533,
        "hit@10": 0.4169,
        "hit@20": 0.4792,
        "ndcg@5": 0.2754,
        "ndcg@10": 0.296,
        "ndcg@20": 0.3117,
        "mrr@5": 0.2495,
        "mrr@10": 0.258,
        "mrr@20": 0.2623
      },
      "test_result": {
        "hit@5": 0.3517,
        "hit@10": 0.4172,
        "hit@20": 0.4798,
        "ndcg@5": 0.2757,
        "ndcg@10": 0.297,
        "ndcg@20": 0.3128,
        "mrr@5": 0.2504,
        "mrr@10": 0.2593,
        "mrr@20": 0.2636
      },
      "best_hr@10": 0.4169,
      "test_mrr@20": 0.2636,
      "test_hr@10": 0.4172,
      "epochs_run": 36,
      "early_stop_epoch": 36,
      "early_stopped": false,
      "elapsed": 504.7,
      "status": "ok"
    },
    {
      "trial": 3,
      "params": {
        "learning_rate": 0.0003849734615650757
      },
      "mrr@20": 0.2631,
      "valid_result": {
        "hit@5": 0.3547,
        "hit@10": 0.4196,
        "hit@20": 0.4806,
        "ndcg@5": 0.2763,
        "ndcg@10": 0.2973,
        "ndcg@20": 0.3127,
        "mrr@5": 0.2502,
        "mrr@10": 0.2589,
        "mrr@20": 0.2631
      },
      "test_result": {
        "hit@5": 0.3532,
        "hit@10": 0.4193,
        "hit@20": 0.4826,
        "ndcg@5": 0.2775,
        "ndcg@10": 0.299,
        "ndcg@20": 0.315,
        "mrr@5": 0.2523,
        "mrr@10": 0.2613,
        "mrr@20": 0.2657
      },
      "best_hr@10": 0.4196,
      "test_mrr@20": 0.2657,
      "test_hr@10": 0.4193,
      "epochs_run": 36,
      "early_stop_epoch": 36,
      "early_stopped": false,
      "elapsed": 504.4,
      "status": "ok"
    },
    {
      "trial": 4,
      "params": {
        "learning_rate": 0.0003429283659518385
      },
      "mrr@20": 0.2622,
      "valid_result": {
        "hit@5": 0.3537,
        "hit@10": 0.4171,
        "hit@20": 0.479,
        "ndcg@5": 0.2755,
        "ndcg@10": 0.2959,
        "ndcg@20": 0.3116,
        "mrr@5": 0.2495,
        "mrr@10": 0.2579,
        "mrr@20": 0.2622
      },
      "test_result": {
        "hit@5": 0.3518,
        "hit@10": 0.4172,
        "hit@20": 0.4797,
        "ndcg@5": 0.2758,
        "ndcg@10": 0.297,
        "ndcg@20": 0.3128,
        "mrr@5": 0.2505,
        "mrr@10": 0.2593,
        "mrr@20": 0.2637
      },
      "best_hr@10": 0.4171,
      "test_mrr@20": 0.2637,
      "test_hr@10": 0.4172,
      "epochs_run": 36,
      "early_stop_epoch": 36,
      "early_stopped": false,
      "elapsed": 505.5,
      "status": "ok"
    },
    {
      "trial": 5,
      "params": {
        "learning_rate": 0.0005496793766436782
      },
      "mrr@20": 0.2634,
      "valid_result": {
        "hit@5": 0.356,
        "hit@10": 0.4206,
        "hit@20": 0.4842,
        "ndcg@5": 0.2767,
        "ndcg@10": 0.2976,
        "ndcg@20": 0.3137,
        "mrr@5": 0.2503,
        "mrr@10": 0.2589,
        "mrr@20": 0.2634
      },
      "test_result": {
        "hit@5": 0.3573,
        "hit@10": 0.4229,
        "hit@20": 0.4874,
        "ndcg@5": 0.2799,
        "ndcg@10": 0.3011,
        "ndcg@20": 0.3175,
        "mrr@5": 0.2542,
        "mrr@10": 0.263,
        "mrr@20": 0.2675
      },
      "best_hr@10": 0.4206,
      "test_mrr@20": 0.2675,
      "test_hr@10": 0.4229,
      "epochs_run": 34,
      "early_stop_epoch": 34,
      "early_stopped": true,
      "elapsed": 472.1,
      "status": "ok"
    }
  ],
  "run_group": "baseline",
  "run_axis": "stageh_targetedrecovery_anchor2_core5",
  "run_phase": "P23_SH_C02_MDUOREC_XFER_FOURSQUARE_FAD_H2_R1_C2_WDHI_S1",
  "parent_result": "",
  "interrupted": false,
  "interrupted_at": null,
  "tuned_search": {
    "learning_rate": [
      0.0003330291109745121,
      0.0006117647080062569
    ]
  },
  "fixed_search": {
    "n_layers": 2,
    "n_heads": 2,
    "weight_decay": 0.000225,
    "hidden_dropout_prob": 0.12,
    "MAX_ITEM_LIST_LENGTH": 5,
    "num_layers": 2,
    "num_heads": 2,
    "dropout_ratio": 0.12,
    "dropout_prob": 0.12,
    "attn_dropout_prob": 0.12,
    "hidden_size": 128,
    "embedding_size": 128,
    "inner_size": 256,
    "time_span": 384,
    "num_experts": 6,
    "state_size": 24,
    "conv_kernel": 6,
    "remaining_ratio": 0.6
  },
  "context_fixed": {
    "num_layers": 2,
    "search_space_type_overrides": {
      "learning_rate": "loguniform",
      "weight_decay": "choice",
      "n_layers": "choice",
      "num_layers": "choice",
      "n_heads": "choice",
      "num_heads": "choice",
      "dropout_ratio": "choice",
      "dropout_prob": "choice",
      "hidden_dropout_prob": "choice",
      "attn_dropout_prob": "choice",
      "hidden_size": "choice",
      "embedding_size": "choice",
      "inner_size": "choice",
      "time_span": "choice",
      "num_experts": "choice",
      "state_size": "choice",
      "conv_kernel": "choice",
      "remaining_ratio": "choice",
      "MAX_ITEM_LIST_LENGTH": "choice"
    }
  },
  "best_params": {
    "learning_rate": 0.0003870432940026943
  },
  "best_mrr@20": 0.2634,
  "best_hr@10": 0.4194,
  "test_mrr@20": 0.2659,
  "test_hr@10": 0.4193,
  "best_valid_result": {
    "hit@5": 0.355,
    "hit@10": 0.4194,
    "hit@20": 0.481,
    "ndcg@5": 0.2766,
    "ndcg@10": 0.2974,
    "ndcg@20": 0.313,
    "mrr@5": 0.2505,
    "mrr@10": 0.2591,
    "mrr@20": 0.2634
  },
  "test_result": {
    "hit@5": 0.3537,
    "hit@10": 0.4193,
    "hit@20": 0.4828,
    "ndcg@5": 0.2778,
    "ndcg@10": 0.2991,
    "ndcg@20": 0.3152,
    "mrr@5": 0.2526,
    "mrr@10": 0.2615,
    "mrr@20": 0.2659
  },
  "best_valid_special_metrics": {
    "split": "best_valid",
    "overall": {
      "count": 22961,
      "hit@20": 0.4810330560515657,
      "ndcg@20": 0.31295160262612515,
      "mrr@20": 0.2633541513247843
    },
    "slices": {
      "target_popularity_abs": {
        "rare_1_5": {
          "count": 20110,
          "hit@20": 0.4537046245648931,
          "ndcg@20": 0.2910134650355604,
          "mrr@20": 0.24317998577989286
        },
        "6_20": {
          "count": 2526,
          "hit@20": 0.667458432304038,
          "ndcg@20": 0.4583022600822947,
          "mrr@20": 0.39533595586975745
        },
        "21_100": {
          "count": 325,
          "hit@20": 0.7230769230769231,
          "ndcg@20": 0.5407060217398864,
          "mrr@20": 0.4858662461776
        }
      },
      "target_popularity_abs_legacy": {
        "<=5": {
          "count": 20110,
          "hit@20": 0.4537046245648931,
          "ndcg@20": 0.2910134650355604,
          "mrr@20": 0.24317998577989286
        },
        "6-20": {
          "count": 2526,
          "hit@20": 0.667458432304038,
          "ndcg@20": 0.4583022600822947,
          "mrr@20": 0.39533595586975745
        },
        "21-100": {
          "count": 325,
          "hit@20": 0.7230769230769231,