stage_name,stage_key,split,aggregation_level,node_kind,node_name,route_space,support_size,wrapper_name,source_type,temperature,top_k,entropy_norm,n_eff_norm,top1_monopoly_norm,jitter_adj_norm,knn_consistency_score,knn_consistency_js,n_eff,cv_usage,top1_max_frac,entropy_mean
macro,macro@1,best_valid,session,final,final.expert,expert,12,FlatJointWrapper,,,,0.9720027559070255,0.9908406738137742,0.15488304344100765,0.5143211877705162,0.9823579098383456,0.017799566727023906,11.89008808576529,0.096145122957811,0.22530945648759032,2.41533611176563
macro,macro@1,best_valid,session,final,final.group,group,4,FlatJointWrapper,,,,0.9892060902435168,0.9972725597541475,0.14827521206409044,0.0,0.995853378086163,0.004155242990970258,3.98909023901659,0.052296921610832214,0.36120640904806783,1.3713308248900409
macro,macro@1,best_valid,session,final,final.intra.Exposure,intra,3,FlatJointWrapper,,,,0.939722328460437,0.9866523713593623,0.22039585296889724,0.0,0.9858474181012,0.01425368473033184,2.959957114078087,0.1163106712308326,0.48026390197926483,1.0323904979824459
macro,macro@1,best_valid,session,final,final.intra.Focus,intra,3,FlatJointWrapper,,,,0.9382387387665635,0.9979258375239195,0.0793967954759661,0.0,0.9838451911846345,0.016286720338797373,2.9937775125717585,0.04559106278962271,0.38626453031731073,1.030760608113415
macro,macro@1,best_valid,session,final,final.intra.Memory,intra,3,FlatJointWrapper,,,,0.9663237679155898,0.9954421298947739,0.2705749293119698,0.0,0.9892357914428633,0.01082256177869702,2.9863263896843217,0.06766573324305614,0.5137166195413132,1.0616151662641375
macro,macro@1,best_valid,session,final,final.intra.Tempo,intra,3,FlatJointWrapper,,,,0.9688887196614607,0.9984444772156796,0.10574929311969837,0.0,0.9876300369491593,0.012447107889813083,2.995333431647039,0.039469590165627295,0.4038328620797989,1.064433053771992
