stage_name,stage_key,split,aggregation_level,node_kind,node_name,route_space,support_size,wrapper_name,source_type,temperature,top_k,entropy_norm,n_eff_norm,top1_monopoly_norm,jitter_adj_norm,knn_consistency_score,knn_consistency_js,n_eff,cv_usage,top1_max_frac,entropy_mean
macro,macro@1,best_valid,session,final,final.expert,expert,12,GroupConditionalProductWrapper,,,,0.7027141726859032,0.7554327180825737,0.27376907864712746,0.0,0.9805339605605375,0.019657997983754616,9.065192616990885,0.568985660015682,0.33428832209320014,1.7461791206074742
macro,macro@1,best_valid,session,final,final.group,group,4,GroupConditionalProductWrapper,,,,0.7227378991812672,0.9638211797796057,0.15832530466676809,0.0,0.9959163820035447,0.004091978733559394,3.8552847191184227,0.19374418258666992,0.36874397850007606,1.0019274742026267
macro,macro@1,best_valid,session,final,final.intra.Exposure,intra,3,GroupConditionalProductWrapper,,,,0.6563531953010812,0.6554923787342991,0.933446579788043,0.0,0.9934934463714941,0.006527813517816179,1.9664771362028972,0.7249625407170492,0.9556310531920288,0.7210776860643476
macro,macro@1,best_valid,session,final,final.intra.Focus,intra,3,GroupConditionalProductWrapper,,,,0.6770439908140528,0.8774158795481499,0.34366918513259975,0.0,0.9693307082699001,0.031149437112711363,2.6322476386444498,0.37377851087515024,0.5624461234217332,0.7438088482772172
macro,macro@1,best_valid,session,final,final.intra.Memory,intra,3,GroupConditionalProductWrapper,,,,0.5975508865847323,0.7745615060491381,0.4985675168601998,0.0,0.9998448154166031,0.0001551966257702941,2.3236845181474144,0.5394933360966045,0.6657116779067999,0.6564767471065108
macro,macro@1,best_valid,session,final,final.intra.Tempo,intra,3,GroupConditionalProductWrapper,,,,0.4393259338890283,0.6725262725116973,0.3622661122661123,0.0,0.9898502376928375,0.010201622354466939,2.017578817535092,0.697804191774005,0.5748440748440748,0.48264886970108006
