best_mrr20,epoch,epoch_time_sec,eval,lr,patience_used,train_loss,trial,valid_mrr20
0.0405,1,39.77902936935425,1,0.0008536586740513845,0,1360.0128679275513,1,0.0405
0.0625,3,36.21860361099243,1,0.0008022671809551303,0,1118.6155042648315,1,0.0625
0.0791,10,39.483781576156616,1,0.0003671991357557209,0,1029.9020056724548,1,0.0791
0.0836,18,39.562981605529785,1,8.6025e-05,0,1004.5612344741821,1,0.0836
