{
  "model": "GRU4Rec",
  "dataset": "foursquare",
  "dataset_raw": "foursquare",
  "max_evals": 5,
  "tune_epochs": 24,
  "n_completed": 5,
  "n_recorded_trials": 5,
  "timestamp": "2026-04-09T16:41:18.563007",
  "trials": [
    {
      "trial": 1,
      "params": {
        "learning_rate": 0.00040113948107602695
      },
      "mrr@20": 0.0072,
      "valid_result": {
        "hit@5": 0.0089,
        "hit@10": 0.0166,
        "hit@20": 0.0237,
        "ndcg@5": 0.0065,
        "ndcg@10": 0.0089,
        "ndcg@20": 0.0107,
        "mrr@5": 0.0057,
        "mrr@10": 0.0067,
        "mrr@20": 0.0072
      },
      "test_result": {
        "hit@5": 0.0087,
        "hit@10": 0.0163,
        "hit@20": 0.0236,
        "ndcg@5": 0.0059,
        "ndcg@10": 0.0083,
        "ndcg@20": 0.0101,
        "mrr@5": 0.005,
        "mrr@10": 0.006,
        "mrr@20": 0.0064
      },
      "best_hr@10": 0.0166,
      "test_mrr@20": 0.0064,
      "test_hr@10": 0.0163,
      "epochs_run": 11,
      "early_stop_epoch": 11,
      "early_stopped": true,
      "elapsed": 12.3,
      "status": "ok"
    },
    {
      "trial": 2,
      "params": {
        "learning_rate": 0.0007039046689766988
      },
      "mrr@20": 0.012,
      "valid_result": {
        "hit@5": 0.0171,
        "hit@10": 0.0216,
        "hit@20": 0.0294,
        "ndcg@5": 0.0124,
        "ndcg@10": 0.0139,
        "ndcg@20": 0.0159,
        "mrr@5": 0.0109,
        "mrr@10": 0.0115,
        "mrr@20": 0.012
      },
      "test_result": {
        "hit@5": 0.0142,
        "hit@10": 0.0208,
        "hit@20": 0.0273,
        "ndcg@5": 0.0097,
        "ndcg@10": 0.0118,
        "ndcg@20": 0.0135,
        "mrr@5": 0.0082,
        "mrr@10": 0.0091,
        "mrr@20": 0.0095
      },
      "best_hr@10": 0.0216,
      "test_mrr@20": 0.0095,
      "test_hr@10": 0.0208,
      "epochs_run": 23,
      "early_stop_epoch": 23,
      "early_stopped": true,
      "elapsed": 24.2,
      "status": "ok"
    },
    {
      "trial": 3,
      "params": {
        "learning_rate": 0.0008872338437471455
      },
      "mrr@20": 0.01,
      "valid_result": {
        "hit@5": 0.0145,
        "hit@10": 0.0221,
        "hit@20": 0.0313,
        "ndcg@5": 0.0099,
        "ndcg@10": 0.0123,
        "ndcg@20": 0.0146,
        "mrr@5": 0.0084,
        "mrr@10": 0.0094,
        "mrr@20": 0.01
      },
      "test_result": {
        "hit@5": 0.0118,
        "hit@10": 0.0215,
        "hit@20": 0.0294,
        "ndcg@5": 0.008,
        "ndcg@10": 0.0112,
        "ndcg@20": 0.0131,
        "mrr@5": 0.0068,
        "mrr@10": 0.0081,
        "mrr@20": 0.0086
      },
      "best_hr@10": 0.0221,
      "test_mrr@20": 0.0086,
      "test_hr@10": 0.0215,
      "epochs_run": 20,
      "early_stop_epoch": 20,
      "early_stopped": true,
      "elapsed": 21.3,
      "status": "ok"
    },
    {
      "trial": 4,
      "params": {
        "learning_rate": 0.00046321203481749335
      },
      "mrr@20": 0.0103,
      "valid_result": {
        "hit@5": 0.0142,
        "hit@10": 0.0184,
        "hit@20": 0.0276,
        "ndcg@5": 0.0104,
        "ndcg@10": 0.0117,
        "ndcg@20": 0.014,
        "mrr@5": 0.0091,
        "mrr@10": 0.0097,
        "mrr@20": 0.0103
      },
      "test_result": {
        "hit@5": 0.0129,
        "hit@10": 0.0187,
        "hit@20": 0.0255,
        "ndcg@5": 0.0087,
        "ndcg@10": 0.0105,
        "ndcg@20": 0.0122,
        "mrr@5": 0.0073,
        "mrr@10": 0.0081,
        "mrr@20": 0.0085
      },
      "best_hr@10": 0.0184,
      "test_mrr@20": 0.0085,
      "test_hr@10": 0.0187,
      "epochs_run": 24,
      "early_stop_epoch": 24,
      "early_stopped": false,
      "elapsed": 25.3,
      "status": "ok"
    },
    {
      "trial": 5,
      "params": {
        "learning_rate": 0.0003304062410018372
      },
      "mrr@20": 0.0092,
      "valid_result": {
        "hit@5": 0.0152,
        "hit@10": 0.0179,
        "hit@20": 0.0223,
        "ndcg@5": 0.0102,
        "ndcg@10": 0.011,
        "ndcg@20": 0.0122,
        "mrr@5": 0.0086,
        "mrr@10": 0.0089,
        "mrr@20": 0.0092
      },
      "test_result": {
        "hit@5": 0.0131,
        "hit@10": 0.0171,
        "hit@20": 0.021,
        "ndcg@5": 0.0085,
        "ndcg@10": 0.0098,
        "ndcg@20": 0.0108,
        "mrr@5": 0.007,
        "mrr@10": 0.0075,
        "mrr@20": 0.0078
      },
      "best_hr@10": 0.0179,
      "test_mrr@20": 0.0078,
      "test_hr@10": 0.0171,
      "epochs_run": 22,
      "early_stop_epoch": 22,
      "early_stopped": true,
      "elapsed": 23.5,
      "status": "ok"
    }
  ],
  "run_group": "baseline",
  "run_axis": "stageh_targetedrecovery_anchor2_core5",
  "run_phase": "P23_SH_C06_MGRU4REC_FAD_H3_R1_PASS2_XLRLO_S1",
  "parent_result": "",
  "interrupted": false,
  "interrupted_at": null,
  "tuned_search": {
    "learning_rate": [
      0.00032857294562437883,
      0.0008976507731115432
    ]
  },
  "fixed_search": {
    "num_layers": 2,
    "weight_decay": 0.00064,
    "hidden_dropout_prob": 0.28,
    "MAX_ITEM_LIST_LENGTH": 10,
    "n_layers": 2,
    "n_heads": 4,
    "num_heads": 4,
    "dropout_ratio": 0.28,
    "dropout_prob": 0.28,
    "attn_dropout_prob": 0.28,
    "hidden_size": 160,
    "embedding_size": 160,
    "inner_size": 320,
    "time_span": 512,
    "num_experts": 8,
    "state_size": 32,
    "conv_kernel": 8,
    "remaining_ratio": 0.7
  },
  "context_fixed": {
    "num_layers": 2,
    "search_space_type_overrides": {
      "learning_rate": "loguniform",
      "weight_decay": "choice",
      "n_layers": "choice",
      "num_layers": "choice",
      "n_heads": "choice",
      "num_heads": "choice",
      "dropout_ratio": "choice",
      "dropout_prob": "choice",
      "hidden_dropout_prob": "choice",
      "attn_dropout_prob": "choice",
      "hidden_size": "choice",
      "embedding_size": "choice",
      "inner_size": "choice",
      "time_span": "choice",
      "num_experts": "choice",
      "state_size": "choice",
      "conv_kernel": "choice",
      "remaining_ratio": "choice",
      "MAX_ITEM_LIST_LENGTH": "choice"
    }
  },
  "best_params": {
    "learning_rate": 0.0007039046689766988
  },
  "best_mrr@20": 0.012,
  "best_hr@10": 0.0216,
  "test_mrr@20": 0.0095,
  "test_hr@10": 0.0208,
  "best_valid_result": {
    "hit@5": 0.0171,
    "hit@10": 0.0216,
    "hit@20": 0.0294,
    "ndcg@5": 0.0124,
    "ndcg@10": 0.0139,
    "ndcg@20": 0.0159,
    "mrr@5": 0.0109,
    "mrr@10": 0.0115,
    "mrr@20": 0.012
  },
  "test_result": {
    "hit@5": 0.0142,
    "hit@10": 0.0208,
    "hit@20": 0.0273,
    "ndcg@5": 0.0097,
    "ndcg@10": 0.0118,
    "ndcg@20": 0.0135,
    "mrr@5": 0.0082,
    "mrr@10": 0.0091,
    "mrr@20": 0.0095
  },
  "best_valid_special_metrics": {
    "split": "best_valid",
    "overall": {
      "count": 3805,
      "hit@20": 0.029434954007884363,
      "ndcg@20": 0.015864142748122145,
      "mrr@20": 0.012043989065951336
    },
    "slices": {
      "target_popularity_abs": {
        "rare_1_5": {
          "count": 3436,
          "hit@20": 0.008731082654249126,
          "ndcg@20": 0.002791364084196313,
          "mrr@20": 0.0012156525247310733
        },
        "6_20": {
          "count": 342,
          "hit@20": 0.1783625730994152,
          "ndcg@20": 0.09028990309663683,
          "mrr@20": 0.06476724070458732
        },
        "21_100": {
          "count": 27,
          "hit@20": 0.7777777777777778,
          "ndcg@20": 0.73676997423172,
          "mrr@20": 0.7222222222222222
        }
      },
      "target_popularity_abs_legacy": {
        "<=5": {
          "count": 3436,
          "hit@20": 0.008731082654249126,
          "ndcg@20": 0.002791364084196313,
          "mrr@20": 0.0012156525247310733
        },
        "6-20": {
          "count": 342,
          "hit@20": 0.1783625730994152,
          "ndcg@20": 0.09028990309663683,
          "mrr@20": 0.06476724070458732
        },
        "21-100": {
          "count": 27,
          "hit@20": 0.7777777777777778,