stage_name,stage_key,split,aggregation_level,node_kind,node_name,route_space,support_size,wrapper_name,source_type,temperature,top_k,entropy_norm,n_eff_norm,top1_monopoly_norm,jitter_adj_norm,knn_consistency_score,knn_consistency_js,n_eff,cv_usage,top1_max_frac,entropy_mean
macro,macro@1,best_valid,session,final,final.expert,expert,16,FlatJointWrapper,,,,0.8917513199686178,0.9894690753168713,0.03432771292693471,0.725498396765649,0.9288908164010304,0.07376407516888248,15.831505205069941,0.10316486656665802,0.0946822308690013,2.4724596527874283
macro,macro@1,best_valid,session,final,final.group,group,4,FlatJointWrapper,,,,0.9438151765731724,0.9973116860574328,0.07961213019578779,0.0,0.9805813882945251,0.019609629860967273,3.9892467442297312,0.05191977694630623,0.30970909764684085,1.3084056572227627
macro,macro@1,best_valid,session,final,final.intra.Exposure,intra,4,FlatJointWrapper,,,,0.8457834814417494,0.9912179351595723,0.07430053733555682,0.0,0.9477747795753175,0.0536383792399965,3.9648717406382894,0.09412682801485062,0.3057254030016676,1.1725048710510468
macro,macro@1,best_valid,session,final,final.intra.Focus,intra,4,FlatJointWrapper,,,,0.8682274043710442,0.9959004594367966,0.04737199678833918,0.0,0.9513836494126704,0.04983788094972254,3.9836018377471865,0.0641591027379036,0.2855289975912544,1.2036187548493376
macro,macro@1,best_valid,session,final,final.intra.Memory,intra,4,FlatJointWrapper,,,,0.8630893711486418,0.9957075391129325,0.03847816688283615,0.0,0.9497548197227524,0.05155141219945285,3.98283015645173,0.06565629653259557,0.2788586251621271,1.1964959283658745
macro,macro@1,best_valid,session,final,final.intra.Tempo,intra,4,FlatJointWrapper,,,,0.86234022555604,0.9876971851375299,0.08158853684145513,0.0,0.9511970780356819,0.050034005481938044,3.9507887405501196,0.11160693317651749,0.31119140263109135,1.1954573920551927
