stage_name,stage_key,split,aggregation_level,node_kind,node_name,route_space,support_size,wrapper_name,source_type,temperature,top_k,entropy_norm,n_eff_norm,top1_monopoly_norm,jitter_adj_norm,knn_consistency_score,knn_consistency_js,n_eff,cv_usage,top1_max_frac,entropy_mean
macro,macro@1,best_valid,session,final,final.expert,expert,20,FlatJointWrapper,,,,0.7981841019835781,0.6875034729194242,0.23417335329777775,0.8645173142279783,0.957843052852485,0.04307134235269787,13.750069458388483,0.6741941862528754,0.27246468563288884,2.391145874549915
macro,macro@1,best_valid,session,final,final.group,group,4,FlatJointWrapper,,,,0.9131006195084483,0.9865584682872902,0.10718949076089108,0.0,0.9887480921520433,0.011315689457590561,3.946233873149161,0.11672482639551163,0.3303921180706683,1.2658262399596407
macro,macro@1,best_valid,session,final,final.intra.Exposure,intra,5,FlatJointWrapper,,,,0.6354145126637227,0.5499333242700558,0.6926561943576148,0.0,0.9736979845162173,0.02665410092231988,2.749666621350279,0.9046558900973813,0.7541249554860919,1.0226602067918331
macro,macro@1,best_valid,session,final,final.intra.Focus,intra,5,FlatJointWrapper,,,,0.7608074029358399,0.7664683439560647,0.2874807106398132,0.0,0.9731871659348488,0.027178855649605243,3.8323417197803233,0.5519831470849641,0.4299845685118506,1.2244722783454676
macro,macro@1,best_valid,session,final,final.intra.Memory,intra,5,FlatJointWrapper,,,,0.7295505455542508,0.8451621174572317,0.266163494638547,0.0,0.9693370971174688,0.031142846145913342,4.225810587286158,0.4280245240327042,0.41293079571083763,1.1741663070519923
macro,macro@1,best_valid,session,final,final.intra.Tempo,intra,5,FlatJointWrapper,,,,0.8092003166215482,0.8882069113752762,0.2888655877814268,0.0,0.9761564190992968,0.024132439939592115,4.441034556876381,0.3547729126397831,0.43109247022514147,1.3023576683243976
