stage_name,stage_key,split,aggregation_level,node_kind,node_name,route_space,support_size,wrapper_name,source_type,temperature,top_k,entropy_norm,n_eff_norm,top1_monopoly_norm,jitter_adj_norm,knn_consistency_score,knn_consistency_js,n_eff,cv_usage,top1_max_frac,entropy_mean
macro,macro@1,best_valid,session,final,final.expert,expert,16,ScalarGroupConditionalProductWrapper,,,,0.9676998323885486,0.867853709588447,0.7988218666501604,0.0,0.9979504565758718,0.002051646612460516,13.885659353415152,0.39021536707878113,0.8113954999845254,2.6830336417938163
macro,macro@1,best_valid,session,final,final.group,group,4,ScalarGroupConditionalProductWrapper,,,,0.9620302939332894,0.9245894758746811,0.8393529551339585,0.0,0.9987660042199021,0.0012347577798246133,3.6983579034987244,0.28558897972106934,0.8795147163504689,1.33365717170623
macro,macro@1,best_valid,session,final,final.intra.Exposure,intra,4,ScalarGroupConditionalProductWrapper,,,,0.9709635756465328,0.9298569755722951,0.9690095220409973,0.0,0.9994711476442077,0.0005289922475229024,3.7194279022891803,0.2746528685092926,0.976757141530748,1.3460413297715947
macro,macro@1,best_valid,session,final,final.intra.Focus,intra,4,ScalarGroupConditionalProductWrapper,,,,0.994448312270324,0.9924261416007119,0.3802317064364045,0.0,0.9997353582799022,0.0002646767438971342,3.9697045664028474,0.08735986799001694,0.5351737798273034,1.3785980877255424
macro,macro@1,best_valid,session,final,final.intra.Memory,intra,4,ScalarGroupConditionalProductWrapper,,,,0.9862252489964402,0.9888114918254509,0.551195155416628,0.0,0.9985295031504459,0.0014715790911317035,3.9552459673018037,0.10637226700782776,0.663396366562471,1.367198501477825
macro,macro@1,best_valid,session,final,final.intra.Tempo,intra,4,ScalarGroupConditionalProductWrapper,,,,0.950545754798207,0.8985194355547549,0.8462030474657753,0.0,0.9989448448719623,0.0010557121961064068,3.5940777422190195,0.3360684812068939,0.8846522855993315,1.3177362198632045
