stage_name,stage_key,split,aggregation_level,node_kind,node_name,route_space,support_size,wrapper_name,source_type,temperature,top_k,entropy_norm,n_eff_norm,top1_monopoly_norm,jitter_adj_norm,knn_consistency_score,knn_consistency_js,n_eff,cv_usage,top1_max_frac,entropy_mean
macro,macro@1,best_valid,session,final,final.expert,expert,16,FlatJointWrapper,,,,0.8920626621782395,0.8462304517582725,0.19568445904060988,0.8675943786166989,0.9726908761903419,0.02768894903112664,13.53968722813236,0.42627590894699097,0.24595418035057176,2.4733228766865825
macro,macro@1,best_valid,session,final,final.group,group,4,FlatJointWrapper,,,,0.9207246533607182,0.9070448096100855,0.3249713132592094,0.0,0.9917887687690726,0.008245129079674271,3.628179238440342,0.3201271486358135,0.4937284849444071,1.2763953950980296
macro,macro@1,best_valid,session,final,final.intra.Exposure,intra,4,FlatJointWrapper,,,,0.8759981308977902,0.937561247773621,0.2918925335338108,0.0,0.9848310356346416,0.015285189951035116,3.750244991094484,0.25806400179862976,0.4689194001503581,1.2143912692151704
macro,macro@1,best_valid,session,final,final.intra.Focus,intra,4,FlatJointWrapper,,,,0.8839435155819139,0.9589227190370315,0.18368746620240306,0.0,0.982817364947746,0.017331969639204952,3.835690876148126,0.20697081089019775,0.3877655996518023,1.2254059111996993
macro,macro@1,best_valid,session,final,final.intra.Memory,intra,4,FlatJointWrapper,,,,0.8306759289633081,0.873762363862108,0.4322795077750959,0.0,0.9812232931359407,0.018955227442215634,3.495049455448432,0.380099892616272,0.5742096308313219,1.1515613562398608
macro,macro@1,best_valid,session,final,final.intra.Tempo,intra,4,FlatJointWrapper,,,,0.8774318757229178,0.9443572104349988,0.20579274324377797,0.0,0.9808165916574456,0.019369797489921785,3.777428841739995,0.24273692071437836,0.4043445574328335,1.2163788615815296
