best_mrr20,epoch,epoch_time_sec,eval,lr,patience_used,train_loss,trial,valid_mrr20
0.0126,1,18.937121868133545,1,0.0005476,0,687.519157409668,1,0.0126
0.0168,3,18.044198274612427,1,0.0005476,0,587.5066061019897,1,0.0168
0.0185,10,18.6393620967865,1,0.0005476,0,491.4426989555359,1,0.0185
0.0185,20,17.841975927352905,1,0.0005476,10,413.41554737091064,1,0.0158
