stage_name,stage_key,split,aggregation_level,node_kind,node_name,route_space,support_size,wrapper_name,source_type,temperature,top_k,entropy_norm,n_eff_norm,top1_monopoly_norm,jitter_adj_norm,knn_consistency_score,knn_consistency_js,n_eff,cv_usage,top1_max_frac,entropy_mean
macro,macro@1,best_valid,session,final,final.expert,expert,16,FlatJointWrapper,,,,0.8970405438025906,0.9709974319280357,0.05560335923382859,0.8218777885073769,0.9838336174951091,0.016298484138330637,15.53595891084857,0.172826032210948,0.1146281492817143,2.487124495138903
macro,macro@1,best_valid,session,final,final.group,group,4,FlatJointWrapper,,,,0.912228480306575,0.9888239635458298,0.18978358581282287,0.0,0.9940129714017567,0.006005022710753194,3.955295854183319,0.10631316788871097,0.39233768935961716,1.264617198301972
macro,macro@1,best_valid,session,final,final.intra.Exposure,intra,4,FlatJointWrapper,,,,0.8854360398328328,0.9810499631431226,0.12354155899652548,0.0,0.9885622526846582,0.011503661435199031,3.9241998525724906,0.13898183405399323,0.3426561692473941,1.227474989152583
macro,macro@1,best_valid,session,final,final.intra.Focus,intra,4,FlatJointWrapper,,,,0.9039402216464658,0.9715287880246098,0.24845458389545536,0.0,0.992186371811846,0.00784431453319763,3.8861151520984394,0.17118871212005615,0.4363409379215915,1.2531272320579596
macro,macro@1,best_valid,session,final,final.intra.Memory,intra,4,FlatJointWrapper,,,,0.9071975007388056,0.9994561055753289,0.039723290533753085,0.0,0.9912850518192741,0.008753145428235996,3.9978244223013157,0.023328756913542747,0.2797924679003148,1.257642779696264
macro,macro@1,best_valid,session,final,final.intra.Tempo,intra,4,FlatJointWrapper,,,,0.8712478292548228,0.9920821310669267,0.13751127040698755,0.0,0.9898111481404546,0.010241113504486542,3.9683285242677067,0.0893374734722062,0.35313345280524067,1.207805952833906
