best_mrr20,epoch,epoch_time_sec,eval,lr,patience_used,train_loss,trial,valid_mrr20
0.0038,1,2.9370415210723877,1,0.0005672,0,80.6742615699768,1,0.0038
0.0081,3,1.9975354671478271,1,0.0005672,0,74.26140975952148,1,0.0081
0.0479,10,1.9438514709472656,1,0.0005672,0,58.14310598373413,1,0.0479
0.0917,59,2.016197443008423,1,0.0005672,0,18.0968257188797,1,0.0917
0.0917,69,1.798755407333374,1,0.0005672,10,14.394052147865295,1,0.0873
