stage_name,stage_key,split,aggregation_level,node_kind,node_name,route_space,support_size,wrapper_name,source_type,temperature,top_k,entropy_norm,n_eff_norm,top1_monopoly_norm,jitter_adj_norm,knn_consistency_score,knn_consistency_js,n_eff,cv_usage,top1_max_frac,entropy_mean
macro,macro@1,best_valid,session,final,final.expert,expert,20,FlatJointWrapper,,,,0.7368432293896334,0.6983476633522254,0.1736969139106223,0.8773766877927803,0.9412539506902527,0.06054230259636124,13.96695326704451,0.6572299608084594,0.2150120682150912,2.2073850428322714
macro,macro@1,best_valid,session,final,final.group,group,4,FlatJointWrapper,,,,0.8736492790242981,0.9717423938693384,0.2522191007531094,0.0,0.984867499807922,0.01524816481990111,3.8869695754773534,0.17052648961544037,0.43916432556483204,1.2111350691078424
macro,macro@1,best_valid,session,final,final.intra.Exposure,intra,5,FlatJointWrapper,,,,0.6112074559707008,0.6469838962779816,0.46538796343924344,0.0,0.9651331656885508,0.035489191631481766,3.234919481389908,0.7386700698931504,0.5723103707513948,0.983700452001642
macro,macro@1,best_valid,session,final,final.intra.Focus,intra,5,FlatJointWrapper,,,,0.6716364334978888,0.7377779370649705,0.4356625647924662,0.0,0.9606179838214837,0.040178468480182396,3.6888896853248525,0.5961723164294315,0.548530051833973,1.0809571394435267
macro,macro@1,best_valid,session,final,final.intra.Memory,intra,5,FlatJointWrapper,,,,0.6764543955190327,0.8164934219823436,0.3027638190954774,0.0,0.9637365509192468,0.03693730914957287,4.082467109911718,0.47407760509732955,0.44221105527638194,1.0887113501810233
macro,macro@1,best_valid,session,final,final.intra.Tempo,intra,5,FlatJointWrapper,,,,0.7237573613045944,0.8514829706867172,0.22293554386103745,0.0,0.9665129932530018,0.03406053681004283,4.257414853433586,0.41763804230633317,0.37834843508883,1.1648425366868793
