best_mrr20,epoch,epoch_time_sec,eval,lr,patience_used,train_loss,trial,valid_mrr20
0.0118,1,23.944054126739502,1,0.00034992070542535163,0,687.2030181884766,1,0.0118
0.016,3,23.117433786392212,1,0.00034928682780526084,0,594.1479167938232,1,0.016
0.0179,8,22.711867809295654,1,0.0003449519204699261,0,509.2877058982849,1,0.0179
0.0179,10,22.59207534790039,1,0.00034213620104419886,2,483.8621850013733,1,0.0167
0.0179,18,22.420335292816162,1,0.00032499743142091103,10,372.5727331638336,1,0.0148
