stage_name,stage_key,split,aggregation_level,node_kind,node_name,route_space,support_size,wrapper_name,source_type,temperature,top_k,entropy_norm,n_eff_norm,top1_monopoly_norm,jitter_adj_norm,knn_consistency_score,knn_consistency_js,n_eff,cv_usage,top1_max_frac,entropy_mean
mid,mid@1,best_valid,session,final,final.expert,expert,12,GroupConditionalResidualJointWrapper,,,,0.7916676596545572,0.8972425802090419,0.21679635897464059,0.0,0.9795169542475997,0.020695732663524133,10.766910962508502,0.33841640238713017,0.2820633290600872,1.9672202318977128
mid,mid@1,best_valid,session,final,final.group,group,4,GroupConditionalResidualJointWrapper,,,,0.7808443675150988,0.9703726942015989,0.2141791228435209,0.0,0.9931674568974587,0.006855991795673997,3.8814907768063955,0.174733504652977,0.41063434213264066,1.0824801435984088
mid,mid@1,best_valid,session,final,final.intra.Exposure,intra,3,GroupConditionalResidualJointWrapper,,,,0.7326421864625904,0.9866221707384227,0.11515950842008475,0.0,0.9698582264969178,0.030605376417466742,2.9598665122152683,0.11644441287385186,0.41010633894672316,0.8048897092444744
mid,mid@1,best_valid,session,final,final.intra.Focus,intra,3,GroupConditionalResidualJointWrapper,,,,0.7563328532437492,0.8535711600145751,0.5126955681291907,0.0,0.9893238907126058,0.01073350783648304,2.5607134800437255,0.4141842373719357,0.6751303787527938,0.8309165668969969
mid,mid@1,best_valid,session,final,final.intra.Memory,intra,3,GroupConditionalResidualJointWrapper,,,,0.7777349464005875,0.9289378864047674,0.34153863708058985,0.0,0.9956085922415496,0.004401078311446774,2.7868136592143022,0.2765832833473896,0.5610257580537266,0.8544291694423191
mid,mid@1,best_valid,session,final,final.intra.Tempo,intra,3,GroupConditionalResidualJointWrapper,,,,0.8835453528755551,0.8817393433998637,0.6496553436830906,0.0,0.9972167896871126,0.002787090644234878,2.645218030199591,0.3662267963222624,0.7664368957887271,0.9706737822646863
