stage_name,stage_key,split,aggregation_level,node_kind,node_name,route_space,support_size,wrapper_name,source_type,temperature,top_k,entropy_norm,n_eff_norm,top1_monopoly_norm,jitter_adj_norm,knn_consistency_score,knn_consistency_js,n_eff,cv_usage,top1_max_frac,entropy_mean
macro,macro@1,best_valid,session,final,final.expert,expert,12,GroupConditionalProductWrapper,,,,0.7383416965135432,0.6787671526887625,0.5537681549400535,0.23055654023395958,0.9857401716134595,0.014362476739782326,8.14520583226515,0.6879384908694479,0.5909541420283824,1.834710191482257
macro,macro@1,best_valid,session,final,final.group,group,4,GroupConditionalProductWrapper,,,,0.7054784996230519,0.8610904528024113,0.41063508789985237,0.0,0.98952083232377,0.01053446077683085,3.444361811209645,0.4016442596912384,0.5579763159248893,0.9780008659187577
macro,macro@1,best_valid,session,final,final.intra.Exposure,intra,3,GroupConditionalProductWrapper,,,,0.5188315333567841,0.5646123113245058,0.8212888199799986,0.0,0.9957800660449647,0.004228863005182687,1.6938369339735175,0.8781383859001628,0.8808592133199991,0.5699946982942813
macro,macro@1,best_valid,session,final,final.intra.Focus,intra,3,GroupConditionalProductWrapper,,,,0.955010021906902,0.9761591172986673,0.2558443911966656,0.0,0.9984670521032761,0.0015341240635062061,2.928477351896002,0.15627889241937123,0.503896260797777,1.0491857458681233
macro,macro@1,best_valid,session,final,final.intra.Memory,intra,3,GroupConditionalProductWrapper,,,,0.6909046302621252,0.6354205286326228,0.9427508071065649,0.0,0.9980016554800463,0.0020003438744072947,1.9062615858978682,0.7574700189390773,0.9618338714043766,0.7590363171036676
macro,macro@1,best_valid,session,final,final.intra.Tempo,intra,3,GroupConditionalProductWrapper,,,,0.7305601524513778,0.9879944641928904,0.03843907939512319,0.0,0.9878370740273595,0.012237499663173558,2.963983392578671,0.11023295342227955,0.35895938626341545,0.8026023610943314
