stage_name,stage_key,split,aggregation_level,node_kind,node_name,route_space,support_size,wrapper_name,source_type,temperature,top_k,entropy_norm,n_eff_norm,top1_monopoly_norm,jitter_adj_norm,knn_consistency_score,knn_consistency_js,n_eff,cv_usage,top1_max_frac,entropy_mean
macro,macro@1,best_valid,session,final,final.expert,expert,16,ScalarGroupConditionalProductWrapper,,,,0.9320146900587459,0.6703017593586537,0.9597356863055435,0.0,0.996958823547936,0.003045810226305242,10.724828149738459,0.7013310194015503,0.962252205911447,2.584093418618684
macro,macro@1,best_valid,session,final,final.group,group,4,ScalarGroupConditionalProductWrapper,,,,0.967549642189068,0.9287836860362932,0.8468457774436486,0.0,0.9994979049695811,0.0005022211223372257,3.715134744145173,0.2769061326980591,0.8851343330827365,1.3413086130702727
macro,macro@1,best_valid,session,final,final.intra.Exposure,intra,4,ScalarGroupConditionalProductWrapper,,,,0.7229198789990576,0.5419546722791219,0.9763647634497948,0.0,0.9932890104219884,0.006733609526863981,2.1678186891164875,0.9193328022956848,0.9822735725873462,1.0021797517978672
macro,macro@1,best_valid,session,final,final.intra.Focus,intra,4,ScalarGroupConditionalProductWrapper,,,,0.9879333583253074,0.9742081184164715,1.0,0.0,0.9997464542885671,0.0002535778595809086,3.896832473665886,0.16271039843559265,1.0,1.36956644380861
macro,macro@1,best_valid,session,final,final.intra.Memory,intra,4,ScalarGroupConditionalProductWrapper,,,,0.9890228962441499,0.9751967137741202,1.0,0.0,0.9998678919656325,0.00013211676140245827,3.900786855096481,0.15948069095611572,1.0,1.3710768640817275
macro,macro@1,best_valid,session,final,final.intra.Tempo,intra,4,ScalarGroupConditionalProductWrapper,,,,0.9917182685046319,0.9970474653141654,0.12750102217122353,0.0,0.9992330533863023,0.0007672408677128664,3.9881898612566618,0.05441820945848283,0.34562576662841765,1.3748134434475527
