{
  "split": "best_valid",
  "feature_mode": "none",
  "stages": [
    {
      "stage": "macro@1",
      "n_eff": 3.621186115821209,
      "cv_usage": 0.3234351873397827,
      "top1_max_frac": 0.8325485696197523,
      "entropy_mean": 1.3148962547728802,
      "route_jitter_adjacent": 0.0,
      "route_consistency_knn_js": 0.0020485351548327076,
      "route_consistency_knn_score": 0.9979535616612627,
      "route_consistency_group_knn_js": 0.0020485351548327076,
      "route_consistency_group_knn_score": 0.9979535616612627,
      "route_consistency_intra_group_knn_mean_js": 0.0,
      "route_consistency_intra_group_knn_mean_score": 1.0,
      "route_consistency_feature_group_knn_mean_score": 0.9941704607742006,
      "family_top_expert_mean_share": 0.37517938017845154,
      "route_consistency_feature_group_knn_tempo_js": 0.002959272935752291,
      "route_consistency_feature_group_knn_tempo_score": 0.9970451013963904,
      "route_consistency_feature_group_knn_focus_js": 0.006632110124725926,
      "route_consistency_feature_group_knn_focus_score": 0.9933898337793652,
      "route_consistency_feature_group_knn_memory_js": 0.007669943814687846,
      "route_consistency_feature_group_knn_memory_score": 0.9923593951470577,
      "route_consistency_feature_group_knn_exposure_js": 0.006131244952694352,
      "route_consistency_feature_group_knn_exposure_score": 0.9938875127739889
    }
  ]
}
