best_mrr20,epoch,epoch_time_sec,eval,lr,patience_used,train_loss,trial,valid_mrr20
0.0136,1,16.215262174606323,1,0.0005476,0,686.1287488937378,1,0.0136
0.015,3,15.546449661254883,1,0.0005476,0,586.0252819061279,1,0.015
0.0182,5,15.501901865005493,1,0.0005476,0,547.35258436203,1,0.0182
0.0182,10,15.445814609527588,1,0.0005476,5,496.8792533874512,1,0.0179
0.0182,15,16.565742015838623,1,0.0005476,10,459.9070830345154,1,0.0169
