stage_name,stage_key,split,aggregation_level,node_kind,node_name,route_space,support_size,wrapper_name,source_type,temperature,top_k,entropy_norm,n_eff_norm,top1_monopoly_norm,jitter_adj_norm,knn_consistency_score,knn_consistency_js,n_eff,cv_usage,top1_max_frac,entropy_mean
macro,macro@1,best_valid,session,final,final.expert,expert,12,GroupConditionalProductWrapper,,,,0.8255500093128825,0.761314797369534,0.23939473261906463,0.0,0.9886851871808671,0.011379312308338472,9.135777568434408,0.5599261409000242,0.3027785049008092,2.051414707874127
macro,macro@1,best_valid,session,final,final.group,group,4,GroupConditionalProductWrapper,,,,0.8506792262094333,0.8348277471535014,0.6507154517745904,0.0,0.996208109975189,0.0037990974654415026,3.3393109886140055,0.4448055028915405,0.7380365888309428,1.1792918144159692
macro,macro@1,best_valid,session,final,final.intra.Exposure,intra,3,GroupConditionalProductWrapper,,,,0.512352219593209,0.986211121410831,0.03921430441173512,0.0,0.9766988621500321,0.023576901523720255,2.958633364232493,0.1182439068483142,0.35947620294115673,0.5628764445714812
macro,macro@1,best_valid,session,final,final.intra.Focus,intra,3,GroupConditionalProductWrapper,,,,0.9869714154948309,0.9755444839824543,0.38446126895274146,0.0,0.9999486376103899,5.136370870277516e-05,2.926633451947363,0.15833073755113072,0.5896408459684943,1.08429892562678
macro,macro@1,best_valid,session,final,final.intra.Memory,intra,3,GroupConditionalProductWrapper,,,,0.8107600903921373,0.9467576043373885,0.3156709555739014,0.0,0.9894761831189703,0.010579583841149525,2.8402728130121657,0.2371425408976513,0.5437806370492676,0.8907109984664695
macro,macro@1,best_valid,session,final,final.intra.Tempo,intra,3,GroupConditionalProductWrapper,,,,0.6283760202778669,0.7233032974695575,0.5692064514829953,0.0,0.9926739331783149,0.007353034240020918,2.1699098924086724,0.6185028517692431,0.7128043009886635,0.690341617781626
