{
  "split": "best_valid",
  "feature_mode": "none",
  "stages": [
    {
      "stage": "macro@1",
      "n_eff": 15.963789107901436,
      "cv_usage": 0.04762500151991844,
      "top1_max_frac": 0.10288352643958533,
      "entropy_mean": 2.6346509454765226,
      "route_jitter_adjacent": 0.7131585645202342,
      "route_consistency_knn_js": 0.03538025311098939,
      "route_consistency_knn_score": 0.9652383115948148,
      "route_consistency_group_knn_js": 0.00972252213405134,
      "route_consistency_group_knn_score": 0.9903245887816767,
      "route_consistency_intra_group_knn_mean_js": 0.025889438017071102,
      "route_consistency_intra_group_knn_mean_score": 0.9744601987777346,
      "route_consistency_feature_group_knn_mean_score": 0.9618836298325345,
      "family_top_expert_mean_share": 0.0679786205291748,
      "route_consistency_feature_group_knn_tempo_js": 0.04015978434177368,
      "route_consistency_feature_group_knn_tempo_score": 0.9606359323085267,
      "route_consistency_feature_group_knn_focus_js": 0.038921264547302194,
      "route_consistency_feature_group_knn_focus_score": 0.961826436004989,
      "route_consistency_feature_group_knn_memory_js": 0.03905590934932512,
      "route_consistency_feature_group_knn_memory_score": 0.9616969397931242,
      "route_consistency_feature_group_knn_exposure_js": 0.037312315630339946,
      "route_consistency_feature_group_knn_exposure_score": 0.9633752112234983
    }
  ]
}
