best_mrr20,epoch,epoch_time_sec,eval,lr,patience_used,train_loss,trial,valid_mrr20
0.2476,1,56.40848970413208,1,0.0007027447529322896,0,2188.2856216430664,1,0.2476
0.3252,3,55.545121908187866,1,0.0007014717383189401,0,1228.146535873413,1,0.3252
0.3653,9,55.05559515953064,1,0.0006900913521064861,0,738.8059778213501,1,0.3653
0.3653,10,54.721898794174194,1,0.0006871111550250616,1,710.0937347412109,1,0.3645
0.3653,19,54.63583588600159,1,0.0006471317037070099,10,477.42275619506836,1,0.3311
