best_mrr20,epoch,epoch_time_sec,eval,lr,patience_used,train_loss,trial,valid_mrr20
0.004,1,3.0441033840179443,1,0.0005672,0,80.34846210479736,1,0.004
0.0108,3,2.128408670425415,1,0.0005672,0,72.96939659118652,1,0.0108
0.0409,10,2.07714581489563,1,0.0005672,0,53.824706077575684,1,0.0409
0.0802,46,2.179208517074585,1,0.0005672,0,14.494344353675842,1,0.0802
0.0802,56,1.9378712177276611,1,0.0005672,10,9.88699060678482,1,0.0747
