stage_name,stage_key,split,aggregation_level,node_kind,node_name,route_space,support_size,wrapper_name,source_type,temperature,top_k,entropy_norm,n_eff_norm,top1_monopoly_norm,jitter_adj_norm,knn_consistency_score,knn_consistency_js,n_eff,cv_usage,top1_max_frac,entropy_mean
macro,macro@1,best_valid,session,final,final.expert,expert,12,ScalarGroupConditionalProductWrapper,,,,0.7565357014886863,0.7577714669360228,0.27376907864712746,0.0,0.9841877825217423,0.01593856424065728,9.093257603232274,0.5653841178004707,0.33428832209320014,1.879920595431266
macro,macro@1,best_valid,session,final,final.group,group,4,ScalarGroupConditionalProductWrapper,,,,0.7990908525635916,0.8464496442858448,0.16518770177306763,0.0,0.997802217171403,0.0022002014977339783,3.385798577143379,0.42591696977615356,0.3738907763298007,1.107775142931393
macro,macro@1,best_valid,session,final,final.intra.Exposure,intra,3,ScalarGroupConditionalProductWrapper,,,,0.35973517671338756,0.5005584181328405,0.9677120835657419,0.0,0.9947032081221436,0.005310869613182512,1.5016752543985217,0.9988835753341228,0.9784747223771614,0.3952094858035216
macro,macro@1,best_valid,session,final,final.intra.Focus,intra,3,ScalarGroupConditionalProductWrapper,,,,0.6424430255318418,0.8871405407220396,0.20443943004918616,0.0,0.966325725298971,0.03425431185481951,2.661421622166119,0.356675047973542,0.46962628669945744,0.7057958026184017
macro,macro@1,best_valid,session,final,final.intra.Memory,intra,3,ScalarGroupConditionalProductWrapper,,,,0.6378331664139041,0.858233972941398,0.4985675168601998,0.0,0.9993541133679296,0.0006460953066994058,2.574701918824194,0.4064275650254618,0.6657116779067999,0.7007313547424066
macro,macro@1,best_valid,session,final,final.intra.Tempo,intra,3,ScalarGroupConditionalProductWrapper,,,,0.8025722670233633,0.8153689008347133,0.6220526342477563,0.0,0.99468045413361,0.005333745028283567,2.4461067025041396,0.47585604725123154,0.7480350894985042,0.8817157550960905
