best_mrr20,epoch,eval,lr,patience_used,train_loss,trial,valid_mrr20
0.0074,1,1,0.0005,0,40.780635833740234,1,0.0074
0.0152,3,1,0.0005,0,39.36560869216919,1,0.0152
0.0152,8,1,0.0005,5,36.534006118774414,1,0.0114
