best_mrr20,epoch,epoch_time_sec,eval,lr,patience_used,train_loss,trial,valid_mrr20
0.2801,1,46.68739175796509,1,0.00056966,0,2218.1488666534424,1,0.2801
0.3487,3,45.638413190841675,1,0.00056966,0,1229.2988715171814,1,0.3487
0.3732,7,46.97142553329468,1,0.00056966,0,797.4219646453857,1,0.3732
0.3732,10,47.10363745689392,1,0.00056966,3,701.0939688682556,1,0.3674
0.3732,17,45.2319974899292,1,0.00056966,10,520.1955292224884,1,0.344
