best_mrr20,epoch,epoch_time_sec,eval,lr,patience_used,train_loss,trial,valid_mrr20
0.0029,1,3.0872113704681396,1,0.0002836,0,81.32603311538696,1,0.0029
0.0083,3,2.098811388015747,1,0.0002836,0,74.14046049118042,1,0.0083
0.0293,10,2.114344835281372,1,0.0002836,0,57.37308740615845,1,0.0293
0.0681,45,2.2110908031463623,1,0.0002836,0,27.91853976249695,1,0.0681
0.0681,55,2.0248308181762695,1,0.0002836,10,22.987972259521484,1,0.065
