{
  "valid": {
    "count": 3499,
    "hit@5": 0.018005144326950558,
    "hit@10": 0.02572163475278651,
    "hit@20": 0.040297227779365535,
    "ndcg@5": 0.013917316817051686,
    "ndcg@10": 0.016376294052985848,
    "ndcg@20": 0.020025660362915504,
    "mrr@5": 0.012575021464506467,
    "mrr@10": 0.01356827579257692,
    "mrr@20": 0.014551070956638384
  },
  "test": {
    "count": 2706,
    "hit@5": 0.11419068736141907,
    "hit@10": 0.1197339246119734,
    "hit@20": 0.1271249076127125,
    "ndcg@5": 0.11196968250158357,
    "ndcg@10": 0.11372114607826128,
    "ndcg@20": 0.11551765024838233,
    "mrr@5": 0.11122813502551006,
    "mrr@10": 0.11192734549971571,
    "mrr@20": 0.11238270790398076
  },
  "slice_metrics": {
    "valid": {
      "target_popularity_abs": {
        "cold_0": {
          "count": 860,
          "hit@5": 0.0,
          "hit@10": 0.0,
          "hit@20": 0.0,
          "ndcg@5": 0.0,
          "ndcg@10": 0.0,
          "ndcg@20": 0.0,
          "mrr@5": 0.0,
          "mrr@10": 0.0,
          "mrr@20": 0.0
        },
        "rare_1_5": {
          "count": 116,
          "hit@5": 0.017241379310344827,
          "hit@10": 0.017241379310344827,
          "hit@20": 0.017241379310344827,
          "ndcg@5": 0.017241379310344827,
          "ndcg@10": 0.017241379310344827,
          "ndcg@20": 0.017241379310344827,
          "mrr@5": 0.017241379310344827,
          "mrr@10": 0.017241379310344827,
          "mrr@20": 0.017241379310344827
        },
        "6_20": {
          "count": 334,
          "hit@5": 0.005988023952095809,
          "hit@10": 0.005988023952095809,
          "hit@20": 0.014970059880239521,
          "ndcg@5": 0.004491017964071856,
          "ndcg@10": 0.004491017964071856,
          "ndcg@20": 0.006653655075027558,
          "mrr@5": 0.003992015997806709,
          "mrr@10": 0.003992015997806709,
          "mrr@20": 0.004528443156155997
        },
        "21_100": {
          "count": 1259,
          "hit@5": 0.017474185861795076,
          "hit@10": 0.025416997617156472,
          "hit@20": 0.04130262112787927,
          "ndcg@5": 0.011909523353016122,
          "ndcg@10": 0.014505434026786314,
          "ndcg@20": 0.018493381956913246,
          "mrr@5": 0.010100608974150762,
          "mrr@10": 0.01118927851402163,
          "mrr@20": 0.012267797167477293
        },
        "101+": {
          "count": 930,
          "hit@5": 0.03978494623655914,
          "hit@10": 0.05806451612903226,
          "hit@20": 0.08817204301075268,
          "ndcg@5": 0.03247591574345866,
          "ndcg@10": 0.03821323812007904,
          "ndcg@20": 0.045768061216159533,
          "mrr@5": 0.030053763508155782,
          "mrr@10": 0.032316948393339755,
          "mrr@20": 0.03436187164437386
        }
      },
      "target_popularity_abs_legacy": {
        "<=5": {
          "count": 976,
          "hit@5": 0.0020491803278688526,
          "hit@10": 0.0020491803278688526,
          "hit@20": 0.0020491803278688526,
          "ndcg@5": 0.0020491803278688526,
          "ndcg@10": 0.0020491803278688526,
          "ndcg@20": 0.0020491803278688526,
          "mrr@5": 0.0020491803278688526,
          "mrr@10": 0.0020491803278688526,
          "mrr@20": 0.0020491803278688526
        },
        "6-20": {
          "count": 334,
          "hit@5": 0.005988023952095809,
          "hit@10": 0.005988023952095809,
          "hit@20": 0.014970059880239521,
          "ndcg@5": 0.004491017964071856,
          "ndcg@10": 0.004491017964071856,
          "ndcg@20": 0.006653655075027558,
          "mrr@5": 0.003992015997806709,
          "mrr@10": 0.003992015997806709,
          "mrr@20": 0.004528443156155997
        },
        "21-100": {
          "count": 1259,
          "hit@5": 0.017474185861795076,
          "hit@10": 0.025416997617156472,
          "hit@20": 0.04130262112787927,
          "ndcg@5": 0.011909523353016122,
          "ndcg@10": 0.014505434026786314,
          "ndcg@20": 0.018493381956913246,
          "mrr@5": 0.010100608974150762,
          "mrr@10": 0.01118927851402163,
          "mrr@20": 0.012267797167477293
        },
        ">100": {
          "count": 930,
          "hit@5": 0.03978494623655914,
          "hit@10": 0.05806451612903226,
          "hit@20": 0.08817204301075268,
          "ndcg@5": 0.03247591574345866,
          "ndcg@10": 0.03821323812007904,
          "ndcg@20": 0.045768061216159533,
          "mrr@5": 0.030053763508155782,
          "mrr@10": 0.032316948393339755,
          "mrr@20": 0.03436187164437386
        }
      },
      "session_len": {
        "<=7": {
          "count": 2358,
          "hit@5": 0.013994910941475827,
          "hit@10": 0.020780322307039863,
          "hit@20": 0.033927056827820185,
          "ndcg@5": 0.009931649706240324,
          "ndcg@10": 0.01210139399873088,
          "ndcg@20": 0.015429785713692456,
          "mrr@5": 0.008623126979547603,
          "mrr@10": 0.009502773455156929,
          "mrr@20": 0.010418257754267628
        },
        "8-12": {
          "count": 1141,
          "hit@5": 0.026292725679228746,
          "hit@10": 0.03593339176161262,
          "hit@20": 0.05346187554776512,
          "ndcg@5": 0.02215412930372407,
          "ndcg@10": 0.025210837723391815,
          "ndcg@20": 0.02952353277559556,
          "mrr@5": 0.020742039164360106,
          "mrr@10": 0.021970076416272223,
          "mrr@20": 0.02309197676837392
        }
      },
      "session_len_legacy": {
        "1-2": {
          "count": 615,
          "hit@5": 0.004878048780487805,
          "hit@10": 0.008130081300813009,
          "hit@20": 0.01951219512195122,
          "ndcg@5": 0.0031393115113421185,
          "ndcg@10": 0.004260515633637343,
          "ndcg@20": 0.00721019949854874,
          "mrr@5": 0.0025745257614104727,
          "mrr@10": 0.0030778165270642535,
          "mrr@20": 0.003925066931945521
        },
        "3-5": {
          "count": 1305,
          "hit@5": 0.01839080459770115,
          "hit@10": 0.02681992337164751,
          "hit@20": 0.04291187739463601,
          "ndcg@5": 0.013507126642826417,
          "ndcg@10": 0.0161538809880443,
          "ndcg@20": 0.020212556256188285,
          "mrr@5": 0.011941251638291897,
          "mrr@10": 0.012984856837553996,
          "mrr@20": 0.014092516693575629
        },
        "6-10": {
          "count": 1579,
          "hit@5": 0.022799240025332488,
          "hit@10": 0.031665611146295125,
          "hit@20": 0.04623179227359088,
          "ndcg@5": 0.018454220832488898,
          "ndcg@10": 0.021279050720274032,
          "ndcg@20": 0.024862651680752475,
          "mrr@5": 0.016993878007010615,
          "mrr@10": 0.018136353173574517,
          "mrr@20": 0.019068744033575058
        }
      }
    },
    "test": {
      "target_popularity_abs": {
        "cold_0": {
          "count": 1813,
          "hit@5": 0.0,
          "hit@10": 0.0,
          "hit@20": 0.0,
          "ndcg@5": 0.0,
          "ndcg@10": 0.0,
          "ndcg@20": 0.0,
          "mrr@5": 0.0,
          "mrr@10": 0.0,
          "mrr@20": 0.0
        },
        "rare_1_5": {
          "count": 93,
          "hit@5": 0.3763440860215054,
          "hit@10": 0.3763440860215054,
          "hit@20": 0.3763440860215054,
          "ndcg@5": 0.3684070917867845,
          "ndcg@10": 0.3684070917867845,
          "ndcg@20": 0.3684070917867845,
          "mrr@5": 0.3655913978494624,
          "mrr@10": 0.3655913978494624,
          "mrr@20": 0.3655913978494624
        },
        "6_20": {
          "count": 112,
          "hit@5": 0.3392857142857143,
          "hit@10": 0.3482142857142857,
          "hit@20": 0.3482142857142857,
          "ndcg@5": 0.3392857142857143,
          "ndcg@10": 0.3419734822320087,
          "ndcg@20": 0.3419734822320087,
          "mrr@5": 0.3392857142857143,
          "mrr@10": 0.3402777777851692,
          "mrr@20": 0.3402777777851692
        },
        "21_100": {
          "count": 425,