{
  "split": "best_valid",
  "feature_mode": "none",
  "stages": [
    {
      "stage": "macro@1",
      "n_eff": 11.91858109119112,
      "cv_usage": 0.08265141716284548,
      "top1_max_frac": 0.9187817258883249,
      "entropy_mean": 2.4806125079314723,
      "route_jitter_adjacent": 0.0,
      "route_consistency_knn_js": 8.438450111224588e-05,
      "route_consistency_knn_score": 0.9999156190591596,
      "route_consistency_group_knn_js": 4.879094709732891e-05,
      "route_consistency_group_knn_score": 0.9999512102431616,
      "route_consistency_intra_group_knn_mean_js": 3.4945614278456604e-05,
      "route_consistency_intra_group_knn_mean_score": 0.9999650555750015,
      "route_consistency_feature_group_knn_mean_score": 0.9999045082864149,
      "family_top_expert_mean_share": 0.09394842386245728,
      "route_consistency_feature_group_knn_tempo_js": 8.113338587294637e-05,
      "route_consistency_feature_group_knn_tempo_score": 0.9999188699053512,
      "route_consistency_feature_group_knn_focus_js": 8.372024558814226e-05,
      "route_consistency_feature_group_knn_focus_score": 0.9999162832588538,
      "route_consistency_feature_group_knn_memory_js": 0.00011465597930735192,
      "route_consistency_feature_group_knn_memory_score": 0.9998853505934382,
      "route_consistency_feature_group_knn_exposure_js": 0.00010247586245557904,
      "route_consistency_feature_group_knn_exposure_score": 0.9998975293880162
    }
  ]
}
