stage_name,stage_key,split,aggregation_level,node_kind,node_name,route_space,support_size,wrapper_name,source_type,temperature,top_k,entropy_norm,n_eff_norm,top1_monopoly_norm,jitter_adj_norm,knn_consistency_score,knn_consistency_js,n_eff,cv_usage,top1_max_frac,entropy_mean
macro,macro@1,best_valid,session,final,final.expert,expert,12,GroupConditionalProductWrapper,,,,0.801654509693925,0.6175394023678064,0.7352946739814227,0.0,0.9900068128064787,0.010043454254473899,7.410472828413676,0.7869751028403701,0.7573534511496375,1.9920366219709733
macro,macro@1,best_valid,session,final,final.group,group,4,GroupConditionalProductWrapper,,,,0.7506343781675353,0.6600142347544851,0.892009924670054,0.0,0.9954972065386594,0.004512961570563104,2.6400569390179403,0.7177180311343707,0.9190074435025405,1.0406002057163897
macro,macro@1,best_valid,session,final,final.intra.Exposure,intra,3,GroupConditionalProductWrapper,,,,0.608903102845869,0.8724007257207327,0.26251602467296237,0.0,0.9871201674342099,0.012963496772971726,2.617202177162198,0.3824424927698823,0.5083440164486416,0.6689484313946136
macro,macro@1,best_valid,session,final,final.intra.Focus,intra,3,GroupConditionalProductWrapper,,,,0.968131404733391,0.940451840455187,1.0,0.0,0.9999318762748886,6.812604563779818e-05,2.821355521365561,0.25163185591602755,1.0,1.0636010582856228
macro,macro@1,best_valid,session,final,final.intra.Memory,intra,3,GroupConditionalProductWrapper,,,,0.8170763117632965,0.9626866052751701,0.30933491734289104,0.0,0.9892097875357532,0.010848848988603586,2.8880598158255104,0.196874716971078,0.5395566115619274,0.8976500768827732
macro,macro@1,best_valid,session,final,final.intra.Tempo,intra,3,GroupConditionalProductWrapper,,,,0.732469189102209,0.8285558642907466,0.24737061125317975,0.0,0.9890179955123647,0.011042751860287891,2.4856675928722396,0.4548837257956348,0.4982470741687865,0.8046996522184524
