stage_name,stage_key,split,aggregation_level,node_kind,node_name,route_space,support_size,wrapper_name,source_type,temperature,top_k,entropy_norm,n_eff_norm,top1_monopoly_norm,jitter_adj_norm,knn_consistency_score,knn_consistency_js,n_eff,cv_usage,top1_max_frac,entropy_mean
macro,macro@1,best_valid,session,final,final.expert,expert,12,GroupConditionalProductWrapper,,,,0.7888338478452571,0.9199946951695197,0.3122421415104342,0.0,0.9825863053073369,0.017567096544654964,11.039936342034236,0.2948945225806677,0.3695552963845647,1.960178474088535
macro,macro@1,best_valid,session,final,final.group,group,4,GroupConditionalProductWrapper,,,,0.8764470475757937,0.9940675485591924,0.2073086219427683,0.0,0.9930260314968595,0.0069984002786990344,3.9762701942367698,0.07725076377391815,0.4054814664570762,1.2150135998744993
macro,macro@1,best_valid,session,final,final.intra.Exposure,intra,3,GroupConditionalProductWrapper,,,,0.7593776170946802,0.8263192161490158,0.7491126210638405,0.0,0.9932090661047946,0.006814097213392883,2.4789576484470475,0.45846049611388157,0.8327417473758937,0.8342615818797221
macro,macro@1,best_valid,session,final,final.intra.Focus,intra,3,GroupConditionalProductWrapper,,,,0.8006292145377996,0.9306638043173768,0.4558592363470412,0.0,0.9816852841357557,0.018484506580638094,2.7919914129521306,0.2729500972345442,0.6372394908980274,0.879581093757923
macro,macro@1,best_valid,session,final,final.intra.Memory,intra,3,GroupConditionalProductWrapper,,,,0.328247814661935,0.9954524954789287,0.11814816692865475,0.0,0.9905359076475508,0.009509161458671478,2.986357486436786,0.06758907794686919,0.4120987779524365,0.36061708291605393
macro,macro@1,best_valid,session,final,final.intra.Tempo,intra,3,GroupConditionalProductWrapper,,,,0.6600233955351332,0.7919269148240159,0.4601566857664418,0.0,0.9905535377569897,0.009491363060441373,2.375780744472048,0.5125844772879935,0.6401044571776279,0.7251098131433498
