stage_name,stage_key,split,aggregation_level,node_kind,node_name,route_space,support_size,wrapper_name,source_type,temperature,top_k,entropy_norm,n_eff_norm,top1_monopoly_norm,jitter_adj_norm,knn_consistency_score,knn_consistency_js,n_eff,cv_usage,top1_max_frac,entropy_mean
macro,macro@1,best_valid,session,final,final.expert,expert,12,FlatJointWrapper,,,,0.9389986263667991,0.9212405227715953,0.2062819465976986,0.8334251860016534,0.9855329715288335,0.014572696298761142,11.054886273259143,0.2923916715967166,0.272425117714557,2.333323930800657
macro,macro@1,best_valid,session,final,final.group,group,4,FlatJointWrapper,,,,0.9629804620508683,0.974035272198046,0.3251295849325367,0.0,0.994963296176585,0.005049430768671769,3.896141088792184,0.16326920688152313,0.49384718869940253,1.3349743844097455
macro,macro@1,best_valid,session,final,final.intra.Exposure,intra,3,FlatJointWrapper,,,,0.9331343377267897,0.9679658600984534,0.4236932694970917,0.0,0.9917042900819957,0.008330310811721179,2.9038975802953604,0.18191836232190245,0.6157955129980611,1.0251528504048293
macro,macro@1,best_valid,session,final,final.intra.Focus,intra,3,FlatJointWrapper,,,,0.9191653354238773,0.9693231684262975,0.28528469117239735,0.0,0.9916675492655332,0.008367359655248877,2.9079695052788925,0.1778978317112377,0.5235231274482649,1.0098063328144167
macro,macro@1,best_valid,session,final,final.intra.Memory,intra,3,FlatJointWrapper,,,,0.8771528648532868,0.9007301769098374,0.5039963597515135,0.0,0.9896777577377452,0.010375886073825223,2.702190530729512,0.33197948092283364,0.669330906501009,0.9636509163682586
macro,macro@1,best_valid,session,final,final.intra.Tempo,intra,3,FlatJointWrapper,,,,0.9350037897271202,0.9735036852909734,0.3282554504807503,0.0,0.992136020059151,0.007895064101828341,2.9205110558729204,0.164977254866198,0.5521703003205002,1.0272066533454676
