stage_name,stage_key,split,aggregation_level,node_kind,node_name,route_space,support_size,wrapper_name,source_type,temperature,top_k,entropy_norm,n_eff_norm,top1_monopoly_norm,jitter_adj_norm,knn_consistency_score,knn_consistency_js,n_eff,cv_usage,top1_max_frac,entropy_mean
macro,macro@1,best_valid,session,final,final.expert,expert,16,ScalarGroupConditionalProductWrapper,,,,0.9467329352096208,0.9774330469604595,0.2563347562215059,0.0,0.9858890816645398,0.014211423948172607,15.638928751367352,0.15194711089134216,0.3028138339576618,2.62490105913516
macro,macro@1,best_valid,session,final,final.group,group,4,ScalarGroupConditionalProductWrapper,,,,0.9492260019491948,0.9849757466715152,0.226878067195168,0.0,0.9940099641186724,0.006008048111547656,3.939902986686061,0.12350521972806572,0.420158550396376,1.315906653930547
macro,macro@1,best_valid,session,final,final.intra.Exposure,intra,4,ScalarGroupConditionalProductWrapper,,,,0.9801930206123355,0.9776273812789767,0.6643145454017482,0.0,0.9974307920626541,0.00257251401594152,3.910509525115907,0.15127652295091884,0.7482359090513111,1.3588360572839533
macro,macro@1,best_valid,session,final,final.intra.Focus,intra,4,ScalarGroupConditionalProductWrapper,,,,0.897483928293276,0.9977812039163285,0.2817028196416645,0.0,0.9882181019885641,0.011851854595615205,3.991124815665314,0.04715670645236969,0.4612771147312484,1.2441769089886967
macro,macro@1,best_valid,session,final,final.intra.Memory,intra,4,ScalarGroupConditionalProductWrapper,,,,0.9873017434425826,0.9947119736119242,0.3338560269477597,0.0,0.9954950734737904,0.004515104285922046,3.978847894447697,0.07291093468666077,0.5003920202108197,1.368690839658289
macro,macro@1,best_valid,session,final,final.intra.Tempo,intra,4,ScalarGroupConditionalProductWrapper,,,,0.9084183502516072,0.9852510804618599,0.14429247611580567,0.0,0.9864127847939159,0.013680366151604789,3.9410043218474398,0.12235073000192642,0.35821935708685426,1.2593352364916368
