best_mrr20,epoch,epoch_time_sec,eval,lr,patience_used,train_loss,trial,valid_mrr20
0.0125,1,21.227007150650024,1,0.0005476,0,685.6267733573914,1,0.0125
0.0157,3,19.42362880706787,1,0.0005476,0,585.085859298706,1,0.0157
0.019,8,18.93031144142151,1,0.0005476,0,508.9055223464966,1,0.019
0.019,10,18.67934250831604,1,0.0005476,2,489.9483046531677,1,0.0179
0.019,18,18.47863268852234,1,0.0005476,10,426.5921130180359,1,0.0161
