{
  "model": "BSARec",
  "dataset": "KuaiRecSmall0.1",
  "dataset_raw": "KuaiRecSmall0.1",
  "max_evals": 10,
  "tune_epochs": 100,
  "n_completed": 10,
  "n_recorded_trials": 10,
  "timestamp": "2026-03-12T08:41:48.687869",
  "trials": [
    {
      "trial": 1,
      "params": {
        "dropout_ratio": 0.2,
        "learning_rate": 0.0006333377508548816,
        "weight_decay": 0.0
      },
      "mrr@20": 0.0016,
      "valid_result": {
        "hit@5": 0.0023,
        "hit@10": 0.0041,
        "hit@20": 0.0073,
        "ndcg@5": 0.0014,
        "ndcg@10": 0.002,
        "ndcg@20": 0.0028,
        "mrr@5": 0.0011,
        "mrr@10": 0.0014,
        "mrr@20": 0.0016
      },
      "test_result": {
        "hit@5": 0.0017,
        "hit@10": 0.0036,
        "hit@20": 0.0076,
        "ndcg@5": 0.001,
        "ndcg@10": 0.0016,
        "ndcg@20": 0.0026,
        "mrr@5": 0.0007,
        "mrr@10": 0.001,
        "mrr@20": 0.0012
      },
      "best_hr@10": 0.0041,
      "test_mrr@20": 0.0012,
      "test_hr@10": 0.0036,
      "epochs_run": 29,
      "early_stop_epoch": 29,
      "early_stopped": true,
      "elapsed": 40.3,
      "status": "ok"
    },
    {
      "trial": 2,
      "params": {
        "dropout_ratio": 0.1,
        "learning_rate": 0.0006032940090151863,
        "weight_decay": 0.0001
      },
      "mrr@20": 0.0013,
      "valid_result": {
        "hit@5": 0.002,
        "hit@10": 0.0037,
        "hit@20": 0.0069,
        "ndcg@5": 0.0011,
        "ndcg@10": 0.0017,
        "ndcg@20": 0.0025,
        "mrr@5": 0.0009,
        "mrr@10": 0.0011,
        "mrr@20": 0.0013
      },
      "test_result": {
        "hit@5": 0.0017,
        "hit@10": 0.0035,
        "hit@20": 0.0068,
        "ndcg@5": 0.001,
        "ndcg@10": 0.0015,
        "ndcg@20": 0.0024,
        "mrr@5": 0.0007,
        "mrr@10": 0.001,
        "mrr@20": 0.0012
      },
      "best_hr@10": 0.0037,
      "test_mrr@20": 0.0012,
      "test_hr@10": 0.0035,
      "epochs_run": 12,
      "early_stop_epoch": 12,
      "early_stopped": true,
      "elapsed": 16.7,
      "status": "ok"
    },
    {
      "trial": 3,
      "params": {
        "dropout_ratio": 0.05,
        "learning_rate": 6.760058415983127e-05,
        "weight_decay": 0.0
      },
      "mrr@20": 0.0012,
      "valid_result": {
        "hit@5": 0.0013,
        "hit@10": 0.0032,
        "hit@20": 0.0066,
        "ndcg@5": 0.0009,
        "ndcg@10": 0.0015,
        "ndcg@20": 0.0023,
        "mrr@5": 0.0007,
        "mrr@10": 0.0009,
        "mrr@20": 0.0012
      },
      "test_result": {
        "hit@5": 0.0019,
        "hit@10": 0.0035,
        "hit@20": 0.0065,
        "ndcg@5": 0.0011,
        "ndcg@10": 0.0017,
        "ndcg@20": 0.0024,
        "mrr@5": 0.0009,
        "mrr@10": 0.0011,
        "mrr@20": 0.0013
      },
      "best_hr@10": 0.0032,
      "test_mrr@20": 0.0013,
      "test_hr@10": 0.0035,
      "epochs_run": 18,
      "early_stop_epoch": 18,
      "early_stopped": true,
      "elapsed": 24.3,
      "status": "ok"
    },
    {
      "trial": 4,
      "params": {
        "dropout_ratio": 0.1,
        "learning_rate": 0.0001192131424969314,
        "weight_decay": 5e-05
      },
      "mrr@20": 0.0011,
      "valid_result": {
        "hit@5": 0.0013,
        "hit@10": 0.0032,
        "hit@20": 0.0063,
        "ndcg@5": 0.0008,
        "ndcg@10": 0.0014,
        "ndcg@20": 0.0022,
        "mrr@5": 0.0006,
        "mrr@10": 0.0009,
        "mrr@20": 0.0011
      },
      "test_result": {
        "hit@5": 0.0014,
        "hit@10": 0.0028,
        "hit@20": 0.0058,
        "ndcg@5": 0.0008,
        "ndcg@10": 0.0013,
        "ndcg@20": 0.002,
        "mrr@5": 0.0006,
        "mrr@10": 0.0008,
        "mrr@20": 0.001
      },
      "best_hr@10": 0.0032,
      "test_mrr@20": 0.001,
      "test_hr@10": 0.0028,
      "epochs_run": 11,
      "early_stop_epoch": 11,
      "early_stopped": true,
      "elapsed": 15.3,
      "status": "ok"
    },
    {
      "trial": 5,
      "params": {
        "dropout_ratio": 0.15,
        "learning_rate": 7.427091970911395e-05,
        "weight_decay": 1e-06
      },
      "mrr@20": 0.0011,
      "valid_result": {
        "hit@5": 0.0015,
        "hit@10": 0.0029,
        "hit@20": 0.0067,
        "ndcg@5": 0.0009,
        "ndcg@10": 0.0013,
        "ndcg@20": 0.0022,
        "mrr@5": 0.0006,
        "mrr@10": 0.0008,
        "mrr@20": 0.0011
      },
      "test_result": {
        "hit@5": 0.0018,
        "hit@10": 0.0037,
        "hit@20": 0.0066,
        "ndcg@5": 0.0011,
        "ndcg@10": 0.0017,
        "ndcg@20": 0.0024,
        "mrr@5": 0.0009,
        "mrr@10": 0.0011,
        "mrr@20": 0.0013
      },
      "best_hr@10": 0.0029,
      "test_mrr@20": 0.0013,
      "test_hr@10": 0.0037,
      "epochs_run": 20,
      "early_stop_epoch": 20,
      "early_stopped": true,
      "elapsed": 27.0,
      "status": "ok"
    },
    {
      "trial": 6,
      "params": {
        "dropout_ratio": 0.2,
        "learning_rate": 9.667078036749927e-05,
        "weight_decay": 0.0001
      },
      "mrr@20": 0.0011,
      "valid_result": {
        "hit@5": 0.0014,
        "hit@10": 0.003,
        "hit@20": 0.0063,
        "ndcg@5": 0.0008,
        "ndcg@10": 0.0014,
        "ndcg@20": 0.0022,
        "mrr@5": 0.0007,
        "mrr@10": 0.0009,
        "mrr@20": 0.0011
      },
      "test_result": {
        "hit@5": 0.0014,
        "hit@10": 0.0026,
        "hit@20": 0.0061,
        "ndcg@5": 0.0008,
        "ndcg@10": 0.0012,
        "ndcg@20": 0.0021,
        "mrr@5": 0.0006,
        "mrr@10": 0.0008,
        "mrr@20": 0.001
      },
      "best_hr@10": 0.003,
      "test_mrr@20": 0.001,
      "test_hr@10": 0.0026,
      "epochs_run": 11,
      "early_stop_epoch": 11,
      "early_stopped": true,
      "elapsed": 15.2,
      "status": "ok"
    },
    {
      "trial": 7,
      "params": {
        "dropout_ratio": 0.15,
        "learning_rate": 0.002963221105276826,
        "weight_decay": 0.0001
      },
      "mrr@20": 0.0209,
      "valid_result": {
        "hit@5": 0.0308,
        "hit@10": 0.0548,
        "hit@20": 0.0974,
        "ndcg@5": 0.0188,
        "ndcg@10": 0.0265,
        "ndcg@20": 0.0372,
        "mrr@5": 0.0149,
        "mrr@10": 0.018,
        "mrr@20": 0.0209
      },
      "test_result": {
        "hit@5": 0.0278,
        "hit@10": 0.0508,
        "hit@20": 0.0909,
        "ndcg@5": 0.0168,
        "ndcg@10": 0.0241,
        "ndcg@20": 0.0342,
        "mrr@5": 0.0132,
        "mrr@10": 0.0162,
        "mrr@20": 0.0189
      },
      "best_hr@10": 0.0548,
      "test_mrr@20": 0.0189,
      "test_hr@10": 0.0508,
      "epochs_run": 48,
      "early_stop_epoch": 48,
      "early_stopped": true,
      "elapsed": 67.6,
      "status": "ok"
    },
    {
      "trial": 8,
      "params": {
        "dropout_ratio": 0.05,
        "learning_rate": 0.0014962181616606871,
        "weight_decay": 1e-05
      },
      "mrr@20": 0.0134,
      "valid_result": {
        "hit@5": 0.0187,
        "hit@10": 0.0349,
        "hit@20": 0.0621,
        "ndcg@5": 0.0118,
        "ndcg@10": 0.0169,
        "ndcg@20": 0.0238,
        "mrr@5": 0.0095,
        "mrr@10": 0.0116,
        "mrr@20": 0.0134
      },
      "test_result": {
        "hit@5": 0.0195,
        "hit@10": 0.0355,
        "hit@20": 0.0625,
        "ndcg@5": 0.0119,
        "ndcg@10": 0.017,
        "ndcg@20": 0.0238,
        "mrr@5": 0.0094,
        "mrr@10": 0.0115,
        "mrr@20": 0.0134
      },
      "best_hr@10": 0.0349,
      "test_mrr@20": 0.0134,
      "test_hr@10": 0.0355,
      "epochs_run": 65,
      "early_stop_epoch": 65,
      "early_stopped": true,
      "elapsed": 91.7,
      "status": "ok"
    },
    {
      "trial": 9,
      "params": {
        "dropout_ratio": 0.15,
        "learning_rate": 0.0011765266517760064,
        "weight_decay": 0.0
      },
      "mrr@20": 0.0017,
      "valid_result": {
        "hit@5": 0.0027,
        "hit@10": 0.0045,
        "hit@20": 0.0084,
        "ndcg@5": 0.0016,