stage_name,stage_key,split,aggregation_level,node_kind,node_name,route_space,support_size,wrapper_name,source_type,temperature,top_k,entropy_norm,n_eff_norm,top1_monopoly_norm,jitter_adj_norm,knn_consistency_score,knn_consistency_js,n_eff,cv_usage,top1_max_frac,entropy_mean
macro,macro@1,best_valid,session,final,final.expert,expert,16,ScalarGroupConditionalProductWrapper,,,,0.9705421886746536,0.8661069661629472,0.9302776144347127,0.0,0.9977051854457436,0.0022974516764189615,13.857711458607156,0.3931817412376404,0.9346352635325431,2.6909143267772584
macro,macro@1,best_valid,session,final,final.group,group,4,ScalarGroupConditionalProductWrapper,,,,0.9806928008391516,0.9570401355001245,0.9277026399678129,0.0,0.9993294519821428,0.0006707729357303637,3.828160542000498,0.21186843514442444,0.9457769799758596,1.3595288997941877
macro,macro@1,best_valid,session,final,final.intra.Exposure,intra,4,ScalarGroupConditionalProductWrapper,,,,0.9059263511115105,0.820687496086657,0.9413615590149896,0.0,0.9970497805919571,0.002954579883672291,3.282749984346628,0.4674297571182251,0.9560211692612423,1.2558805921358052
macro,macro@1,best_valid,session,final,final.intra.Focus,intra,4,ScalarGroupConditionalProductWrapper,,,,0.9961523481624018,0.995092749967497,0.6884858613681616,0.0,0.9998339987509415,0.00016601502879083142,3.980370999869988,0.07022389769554138,0.7663643960261212,1.3809603830738757
macro,macro@1,best_valid,session,final,final.intra.Memory,intra,4,ScalarGroupConditionalProductWrapper,,,,0.9921357419639719,0.9936704887277272,0.6475503698430876,0.0,0.9988989822927858,0.0011016242724769336,3.974681954910909,0.07981032878160477,0.7356627773823157,1.375392184550153
macro,macro@1,best_valid,session,final,final.intra.Tempo,intra,4,ScalarGroupConditionalProductWrapper,,,,0.976953950746979,0.9813918750198884,0.18801646498096622,0.0,0.9981613142562772,0.0018403782012714508,3.925567500079554,0.137698695063591,0.39101234873572466,1.3543457529943363
