{
  "model": "GRU4Rec",
  "dataset": "foursquare",
  "dataset_raw": "foursquare",
  "max_evals": 8,
  "tune_epochs": 50,
  "n_completed": 8,
  "n_recorded_trials": 8,
  "timestamp": "2026-04-12T22:03:45.300648",
  "trials": [
    {
      "trial": 1,
      "params": {
        "learning_rate": 0.001400735773427841
      },
      "mrr@20": 0.0094,
      "valid_result": {
        "hit@5": 0.0118,
        "hit@10": 0.0179,
        "hit@20": 0.0239,
        "ndcg@5": 0.0091,
        "ndcg@10": 0.0111,
        "ndcg@20": 0.0125,
        "mrr@5": 0.0082,
        "mrr@10": 0.009,
        "mrr@20": 0.0094
      },
      "test_result": {
        "hit@5": 0.0108,
        "hit@10": 0.0173,
        "hit@20": 0.0236,
        "ndcg@5": 0.0078,
        "ndcg@10": 0.01,
        "ndcg@20": 0.0115,
        "mrr@5": 0.0068,
        "mrr@10": 0.0077,
        "mrr@20": 0.0081
      },
      "best_hr@10": 0.0179,
      "test_mrr@20": 0.0081,
      "test_hr@10": 0.0173,
      "epochs_run": 12,
      "early_stop_epoch": 12,
      "early_stopped": true,
      "elapsed": 7.9,
      "status": "ok"
    },
    {
      "trial": 2,
      "params": {
        "learning_rate": 0.001262805702632447
      },
      "mrr@20": 0.0095,
      "valid_result": {
        "hit@5": 0.0142,
        "hit@10": 0.0181,
        "hit@20": 0.0218,
        "ndcg@5": 0.0101,
        "ndcg@10": 0.0113,
        "ndcg@20": 0.0123,
        "mrr@5": 0.0087,
        "mrr@10": 0.0092,
        "mrr@20": 0.0095
      },
      "test_result": {
        "hit@5": 0.0102,
        "hit@10": 0.0152,
        "hit@20": 0.0215,
        "ndcg@5": 0.0069,
        "ndcg@10": 0.0085,
        "ndcg@20": 0.0101,
        "mrr@5": 0.0058,
        "mrr@10": 0.0065,
        "mrr@20": 0.0069
      },
      "best_hr@10": 0.0181,
      "test_mrr@20": 0.0069,
      "test_hr@10": 0.0152,
      "epochs_run": 14,
      "early_stop_epoch": 14,
      "early_stopped": true,
      "elapsed": 8.3,
      "status": "ok"
    },
    {
      "trial": 3,
      "params": {
        "learning_rate": 0.0013321980971791967
      },
      "mrr@20": 0.0092,
      "valid_result": {
        "hit@5": 0.0121,
        "hit@10": 0.0179,
        "hit@20": 0.0244,
        "ndcg@5": 0.009,
        "ndcg@10": 0.0109,
        "ndcg@20": 0.0125,
        "mrr@5": 0.008,
        "mrr@10": 0.0088,
        "mrr@20": 0.0092
      },
      "test_result": {
        "hit@5": 0.011,
        "hit@10": 0.0171,
        "hit@20": 0.0231,
        "ndcg@5": 0.0079,
        "ndcg@10": 0.0099,
        "ndcg@20": 0.0114,
        "mrr@5": 0.0069,
        "mrr@10": 0.0077,
        "mrr@20": 0.0081
      },
      "best_hr@10": 0.0179,
      "test_mrr@20": 0.0081,
      "test_hr@10": 0.0171,
      "epochs_run": 12,
      "early_stop_epoch": 12,
      "early_stopped": true,
      "elapsed": 7.2,
      "status": "ok"
    },
    {
      "trial": 4,
      "params": {
        "learning_rate": 0.0013937220867198212
      },
      "mrr@20": 0.0094,
      "valid_result": {
        "hit@5": 0.0116,
        "hit@10": 0.0179,
        "hit@20": 0.0239,
        "ndcg@5": 0.009,
        "ndcg@10": 0.0111,
        "ndcg@20": 0.0125,
        "mrr@5": 0.0081,
        "mrr@10": 0.009,
        "mrr@20": 0.0094
      },
      "test_result": {
        "hit@5": 0.0108,
        "hit@10": 0.0173,
        "hit@20": 0.0236,
        "ndcg@5": 0.0078,
        "ndcg@10": 0.01,
        "ndcg@20": 0.0115,
        "mrr@5": 0.0068,
        "mrr@10": 0.0077,
        "mrr@20": 0.0081
      },
      "best_hr@10": 0.0179,
      "test_mrr@20": 0.0081,
      "test_hr@10": 0.0173,
      "epochs_run": 12,
      "early_stop_epoch": 12,
      "early_stopped": true,
      "elapsed": 7.7,
      "status": "ok"
    },
    {
      "trial": 5,
      "params": {
        "learning_rate": 0.0010008574281368458
      },
      "mrr@20": 0.0093,
      "valid_result": {
        "hit@5": 0.0126,
        "hit@10": 0.0168,
        "hit@20": 0.0221,
        "ndcg@5": 0.0094,
        "ndcg@10": 0.0107,
        "ndcg@20": 0.0121,
        "mrr@5": 0.0084,
        "mrr@10": 0.0089,
        "mrr@20": 0.0093
      },
      "test_result": {
        "hit@5": 0.0108,
        "hit@10": 0.0176,
        "hit@20": 0.0234,
        "ndcg@5": 0.0075,
        "ndcg@10": 0.0096,
        "ndcg@20": 0.011,
        "mrr@5": 0.0064,
        "mrr@10": 0.0072,
        "mrr@20": 0.0076
      },
      "best_hr@10": 0.0168,
      "test_mrr@20": 0.0076,
      "test_hr@10": 0.0176,
      "epochs_run": 14,
      "early_stop_epoch": 14,
      "early_stopped": true,
      "elapsed": 8.6,
      "status": "ok"
    },
    {
      "trial": 6,
      "params": {
        "learning_rate": 0.0012962467106388902
      },
      "mrr@20": 0.0091,
      "valid_result": {
        "hit@5": 0.0129,
        "hit@10": 0.0179,
        "hit@20": 0.0234,
        "ndcg@5": 0.0093,
        "ndcg@10": 0.0108,
        "ndcg@20": 0.0122,
        "mrr@5": 0.0081,
        "mrr@10": 0.0087,
        "mrr@20": 0.0091
      },
      "test_result": {
        "hit@5": 0.0113,
        "hit@10": 0.0168,
        "hit@20": 0.0226,
        "ndcg@5": 0.0081,
        "ndcg@10": 0.0098,
        "ndcg@20": 0.0113,
        "mrr@5": 0.007,
        "mrr@10": 0.0077,
        "mrr@20": 0.0081
      },
      "best_hr@10": 0.0179,
      "test_mrr@20": 0.0081,
      "test_hr@10": 0.0168,
      "epochs_run": 12,
      "early_stop_epoch": 12,
      "early_stopped": true,
      "elapsed": 7.4,
      "status": "ok"
    },
    {
      "trial": 7,
      "params": {
        "learning_rate": 0.0010085252907823508
      },
      "mrr@20": 0.0091,
      "valid_result": {
        "hit@5": 0.0118,
        "hit@10": 0.016,
        "hit@20": 0.0234,
        "ndcg@5": 0.0089,
        "ndcg@10": 0.0103,
        "ndcg@20": 0.0122,
        "mrr@5": 0.008,
        "mrr@10": 0.0085,
        "mrr@20": 0.0091
      },
      "test_result": {
        "hit@5": 0.011,
        "hit@10": 0.0152,
        "hit@20": 0.0223,
        "ndcg@5": 0.0077,
        "ndcg@10": 0.009,
        "ndcg@20": 0.0108,
        "mrr@5": 0.0065,
        "mrr@10": 0.0071,
        "mrr@20": 0.0076
      },
      "best_hr@10": 0.016,
      "test_mrr@20": 0.0076,
      "test_hr@10": 0.0152,
      "epochs_run": 16,
      "early_stop_epoch": 16,
      "early_stopped": true,
      "elapsed": 9.8,
      "status": "ok"
    },
    {
      "trial": 8,
      "params": {
        "learning_rate": 0.0010012599962752674
      },
      "mrr@20": 0.0093,
      "valid_result": {
        "hit@5": 0.0126,
        "hit@10": 0.0168,
        "hit@20": 0.0221,
        "ndcg@5": 0.0094,
        "ndcg@10": 0.0107,
        "ndcg@20": 0.0121,
        "mrr@5": 0.0084,
        "mrr@10": 0.0089,
        "mrr@20": 0.0093
      },
      "test_result": {
        "hit@5": 0.0108,
        "hit@10": 0.0176,
        "hit@20": 0.0234,
        "ndcg@5": 0.0075,
        "ndcg@10": 0.0096,
        "ndcg@20": 0.011,
        "mrr@5": 0.0064,
        "mrr@10": 0.0072,
        "mrr@20": 0.0076
      },
      "best_hr@10": 0.0168,
      "test_mrr@20": 0.0076,
      "test_hr@10": 0.0176,
      "epochs_run": 14,
      "early_stop_epoch": 14,
      "early_stopped": true,
      "elapsed": 8.6,
      "status": "ok"
    }
  ],
  "run_group": "baseline",
  "run_axis": "stagei_progressiverecovery_anchor2_core5",
  "run_phase": "P24_I2_D06_MGRU4REC_C08_I2_GRU4REC_FB02_S1",
  "parent_result": "",
  "interrupted": false,
  "interrupted_at": null,
  "tuned_search": {
    "learning_rate": [
      0.0008565095905714002,
      0.0016398478600891696
    ]
  },
  "fixed_search": {
    "num_layers": 2,
    "weight_decay": 0.0002,
    "hidden_dropout_prob": 0.2,
    "MAX_ITEM_LIST_LENGTH": 10,
    "n_layers": 2,
    "n_heads": 4,
    "num_heads": 4,
    "dropout_ratio": 0.2,
    "dropout_prob": 0.2,
    "attn_dropout_prob": 0.2,
    "hidden_size": 144,
    "embedding_size": 144,
    "inner_size": 296,
    "time_span": 512,
    "num_experts": 8,
    "state_size": 32,
    "conv_kernel": 8,
    "remaining_ratio": 0.7
  },