best_mrr20,epoch,epoch_time_sec,eval,lr,patience_used,train_loss,trial,valid_mrr20
0.0124,1,18.165736436843872,1,0.0002738,0,705.866840839386,1,0.0124
0.014,3,17.108136653900146,1,0.0002738,0,628.1374816894531,1,0.014
0.0164,10,16.61106777191162,1,0.0002738,2,532.8585181236267,1,0.0164
0.0182,16,16.850996255874634,1,0.0002738,0,495.77862215042114,1,0.0182
0.0182,26,16.795825242996216,1,0.0002738,10,447.55757665634155,1,0.0169
