{
  "model": "FAME",
  "dataset": "amazon_beauty",
  "dataset_raw": "amazon_beauty",
  "max_evals": 12,
  "tune_epochs": 56,
  "n_completed": 12,
  "n_recorded_trials": 12,
  "timestamp": "2026-04-04T05:38:48.992901",
  "trials": [
    {
      "trial": 1,
      "params": {
        "MAX_ITEM_LIST_LENGTH": 5,
        "learning_rate": 0.0028279846736094937
      },
      "mrr@20": 0.0094,
      "valid_result": {
        "hit@5": 0.0088,
        "hit@10": 0.0088,
        "hit@20": 0.0177,
        "ndcg@5": 0.0088,
        "ndcg@10": 0.0088,
        "ndcg@20": 0.011,
        "mrr@5": 0.0088,
        "mrr@10": 0.0088,
        "mrr@20": 0.0094
      },
      "test_result": {
        "hit@5": 0.0088,
        "hit@10": 0.0088,
        "hit@20": 0.0088,
        "ndcg@5": 0.0088,
        "ndcg@10": 0.0088,
        "ndcg@20": 0.0088,
        "mrr@5": 0.0088,
        "mrr@10": 0.0088,
        "mrr@20": 0.0088
      },
      "best_hr@10": 0.0088,
      "test_mrr@20": 0.0088,
      "test_hr@10": 0.0088,
      "epochs_run": 13,
      "early_stop_epoch": 13,
      "early_stopped": true,
      "elapsed": 20.4,
      "status": "ok"
    },
    {
      "trial": 2,
      "params": {
        "MAX_ITEM_LIST_LENGTH": 5,
        "learning_rate": 0.0016593595294815153
      },
      "mrr@20": 0.0111,
      "valid_result": {
        "hit@5": 0.0177,
        "hit@10": 0.0177,
        "hit@20": 0.0177,
        "ndcg@5": 0.0127,
        "ndcg@10": 0.0127,
        "ndcg@20": 0.0127,
        "mrr@5": 0.0111,
        "mrr@10": 0.0111,
        "mrr@20": 0.0111
      },
      "test_result": {
        "hit@5": 0.0088,
        "hit@10": 0.0175,
        "hit@20": 0.0175,
        "ndcg@5": 0.0034,
        "ndcg@10": 0.0059,
        "ndcg@20": 0.0059,
        "mrr@5": 0.0018,
        "mrr@10": 0.0026,
        "mrr@20": 0.0026
      },
      "best_hr@10": 0.0177,
      "test_mrr@20": 0.0026,
      "test_hr@10": 0.0175,
      "epochs_run": 19,
      "early_stop_epoch": 19,
      "early_stopped": true,
      "elapsed": 29.1,
      "status": "ok"
    },
    {
      "trial": 3,
      "params": {
        "MAX_ITEM_LIST_LENGTH": 10,
        "learning_rate": 0.005936022370336295
      },
      "mrr@20": 0.0107,
      "valid_result": {
        "hit@5": 0.0088,
        "hit@10": 0.0088,
        "hit@20": 0.0354,
        "ndcg@5": 0.0088,
        "ndcg@10": 0.0088,
        "ndcg@20": 0.0155,
        "mrr@5": 0.0088,
        "mrr@10": 0.0088,
        "mrr@20": 0.0107
      },
      "test_result": {
        "hit@5": 0.0,
        "hit@10": 0.0,
        "hit@20": 0.0,
        "ndcg@5": 0.0,
        "ndcg@10": 0.0,
        "ndcg@20": 0.0,
        "mrr@5": 0.0,
        "mrr@10": 0.0,
        "mrr@20": 0.0
      },
      "best_hr@10": 0.0088,
      "test_mrr@20": 0.0,
      "test_hr@10": 0.0,
      "epochs_run": 14,
      "early_stop_epoch": 14,
      "early_stopped": true,
      "elapsed": 21.3,
      "status": "ok"
    },
    {
      "trial": 4,
      "params": {
        "MAX_ITEM_LIST_LENGTH": 30,
        "learning_rate": 0.0017888604890661226
      },
      "mrr@20": 0.0051,
      "valid_result": {
        "hit@5": 0.0088,
        "hit@10": 0.0088,
        "hit@20": 0.0177,
        "ndcg@5": 0.0056,
        "ndcg@10": 0.0056,
        "ndcg@20": 0.0078,
        "mrr@5": 0.0044,
        "mrr@10": 0.0044,
        "mrr@20": 0.0051
      },
      "test_result": {
        "hit@5": 0.0,
        "hit@10": 0.0,
        "hit@20": 0.0,
        "ndcg@5": 0.0,
        "ndcg@10": 0.0,
        "ndcg@20": 0.0,
        "mrr@5": 0.0,
        "mrr@10": 0.0,
        "mrr@20": 0.0
      },
      "best_hr@10": 0.0088,
      "test_mrr@20": 0.0,
      "test_hr@10": 0.0,
      "epochs_run": 28,
      "early_stop_epoch": 28,
      "early_stopped": true,
      "elapsed": 44.9,
      "status": "ok"
    },
    {
      "trial": 5,
      "params": {
        "MAX_ITEM_LIST_LENGTH": 50,
        "learning_rate": 0.0016018660213861083
      },
      "mrr@20": 0.01,
      "valid_result": {
        "hit@5": 0.0088,
        "hit@10": 0.0177,
        "hit@20": 0.0177,
        "ndcg@5": 0.0088,
        "ndcg@10": 0.0116,
        "ndcg@20": 0.0116,
        "mrr@5": 0.0088,
        "mrr@10": 0.01,
        "mrr@20": 0.01
      },
      "test_result": {
        "hit@5": 0.0,
        "hit@10": 0.0,
        "hit@20": 0.0,
        "ndcg@5": 0.0,
        "ndcg@10": 0.0,
        "ndcg@20": 0.0,
        "mrr@5": 0.0,
        "mrr@10": 0.0,
        "mrr@20": 0.0
      },
      "best_hr@10": 0.0177,
      "test_mrr@20": 0.0,
      "test_hr@10": 0.0,
      "epochs_run": 17,
      "early_stop_epoch": 17,
      "early_stopped": true,
      "elapsed": 31.4,
      "status": "ok"
    },
    {
      "trial": 6,
      "params": {
        "MAX_ITEM_LIST_LENGTH": 30,
        "learning_rate": 0.001990445844954255
      },
      "mrr@20": 0.0029,
      "valid_result": {
        "hit@5": 0.0088,
        "hit@10": 0.0088,
        "hit@20": 0.0088,
        "ndcg@5": 0.0044,
        "ndcg@10": 0.0044,
        "ndcg@20": 0.0044,
        "mrr@5": 0.0029,
        "mrr@10": 0.0029,
        "mrr@20": 0.0029
      },
      "test_result": {
        "hit@5": 0.0,
        "hit@10": 0.0,
        "hit@20": 0.0,
        "ndcg@5": 0.0,
        "ndcg@10": 0.0,
        "ndcg@20": 0.0,
        "mrr@5": 0.0,
        "mrr@10": 0.0,
        "mrr@20": 0.0
      },
      "best_hr@10": 0.0088,
      "test_mrr@20": 0.0,
      "test_hr@10": 0.0,
      "epochs_run": 20,
      "early_stop_epoch": 20,
      "early_stopped": true,
      "elapsed": 33.3,
      "status": "ok"
    },
    {
      "trial": 7,
      "params": {
        "MAX_ITEM_LIST_LENGTH": 50,
        "learning_rate": 0.003477824672022792
      },
      "mrr@20": 0.0052,
      "valid_result": {
        "hit@5": 0.0177,
        "hit@10": 0.0177,
        "hit@20": 0.0177,
        "ndcg@5": 0.0082,
        "ndcg@10": 0.0082,
        "ndcg@20": 0.0082,
        "mrr@5": 0.0052,
        "mrr@10": 0.0052,
        "mrr@20": 0.0052
      },
      "test_result": {
        "hit@5": 0.0,
        "hit@10": 0.0,
        "hit@20": 0.0,
        "ndcg@5": 0.0,
        "ndcg@10": 0.0,
        "ndcg@20": 0.0,
        "mrr@5": 0.0,
        "mrr@10": 0.0,
        "mrr@20": 0.0
      },
      "best_hr@10": 0.0177,
      "test_mrr@20": 0.0,
      "test_hr@10": 0.0,
      "epochs_run": 11,
      "early_stop_epoch": 11,
      "early_stopped": true,
      "elapsed": 20.8,
      "status": "ok"
    },
    {
      "trial": 8,
      "params": {
        "MAX_ITEM_LIST_LENGTH": 10,
        "learning_rate": 0.0014735843702043446
      },
      "mrr@20": 0.0088,
      "valid_result": {
        "hit@5": 0.0088,
        "hit@10": 0.0088,
        "hit@20": 0.0088,
        "ndcg@5": 0.0088,
        "ndcg@10": 0.0088,
        "ndcg@20": 0.0088,
        "mrr@5": 0.0088,
        "mrr@10": 0.0088,
        "mrr@20": 0.0088
      },
      "test_result": {
        "hit@5": 0.0088,
        "hit@10": 0.0088,
        "hit@20": 0.0088,
        "ndcg@5": 0.0034,
        "ndcg@10": 0.0034,
        "ndcg@20": 0.0034,
        "mrr@5": 0.0018,
        "mrr@10": 0.0018,
        "mrr@20": 0.0018
      },
      "best_hr@10": 0.0088,
      "test_mrr@20": 0.0018,
      "test_hr@10": 0.0088,
      "epochs_run": 32,
      "early_stop_epoch": 32,
      "early_stopped": true,
      "elapsed": 47.6,
      "status": "ok"
    },
    {
      "trial": 9,
      "params": {
        "MAX_ITEM_LIST_LENGTH": 10,
        "learning_rate": 0.004952617042723444
      },
      "mrr@20": 0.0107,
      "valid_result": {
        "hit@5": 0.0088,
        "hit@10": 0.0177,
        "hit@20": 0.0265,
        "ndcg@5": 0.0088,
        "ndcg@10": 0.0118,
        "ndcg@20": 0.014,
        "mrr@5": 0.0088,
        "mrr@10": 0.0101,
        "mrr@20": 0.0107
      },
      "test_result": {
        "hit@5": 0.0,
        "hit@10": 0.0,
        "hit@20": 0.0,
        "ndcg@5": 0.0,
        "ndcg@10": 0.0,
        "ndcg@20": 0.0,
        "mrr@5": 0.0,
        "mrr@10": 0.0,
        "mrr@20": 0.0
      },