{
  "model": "FAME",
  "dataset": "foursquare",
  "dataset_raw": "foursquare",
  "max_evals": 6,
  "tune_epochs": 40,
  "n_completed": 6,
  "n_recorded_trials": 6,
  "timestamp": "2026-04-10T05:27:51.314447",
  "trials": [
    {
      "trial": 1,
      "params": {
        "learning_rate": 0.004504876072142857
      },
      "mrr@20": 0.109,
      "valid_result": {
        "hit@5": 0.1543,
        "hit@10": 0.1858,
        "hit@20": 0.2202,
        "ndcg@5": 0.1153,
        "ndcg@10": 0.1255,
        "ndcg@20": 0.1343,
        "mrr@5": 0.1024,
        "mrr@10": 0.1066,
        "mrr@20": 0.109
      },
      "test_result": {
        "hit@5": 0.1498,
        "hit@10": 0.1837,
        "hit@20": 0.2102,
        "ndcg@5": 0.1132,
        "ndcg@10": 0.1243,
        "ndcg@20": 0.1311,
        "mrr@5": 0.1011,
        "mrr@10": 0.1057,
        "mrr@20": 0.1076
      },
      "best_hr@10": 0.1858,
      "test_mrr@20": 0.1076,
      "test_hr@10": 0.1837,
      "epochs_run": 16,
      "early_stop_epoch": 16,
      "early_stopped": true,
      "elapsed": 40.5,
      "status": "ok"
    },
    {
      "trial": 2,
      "params": {
        "learning_rate": 0.003608172890390719
      },
      "mrr@20": 0.1075,
      "valid_result": {
        "hit@5": 0.1519,
        "hit@10": 0.184,
        "hit@20": 0.21,
        "ndcg@5": 0.1139,
        "ndcg@10": 0.1243,
        "ndcg@20": 0.1309,
        "mrr@5": 0.1013,
        "mrr@10": 0.1056,
        "mrr@20": 0.1075
      },
      "test_result": {
        "hit@5": 0.1477,
        "hit@10": 0.1795,
        "hit@20": 0.207,
        "ndcg@5": 0.1104,
        "ndcg@10": 0.1207,
        "ndcg@20": 0.1277,
        "mrr@5": 0.0981,
        "mrr@10": 0.1024,
        "mrr@20": 0.1043
      },
      "best_hr@10": 0.184,
      "test_mrr@20": 0.1043,
      "test_hr@10": 0.1795,
      "epochs_run": 16,
      "early_stop_epoch": 16,
      "early_stopped": true,
      "elapsed": 39.4,
      "status": "ok"
    },
    {
      "trial": 3,
      "params": {
        "learning_rate": 0.002812873990822244
      },
      "mrr@20": 0.1059,
      "valid_result": {
        "hit@5": 0.1474,
        "hit@10": 0.1782,
        "hit@20": 0.2055,
        "ndcg@5": 0.1116,
        "ndcg@10": 0.1216,
        "ndcg@20": 0.1286,
        "mrr@5": 0.0998,
        "mrr@10": 0.104,
        "mrr@20": 0.1059
      },
      "test_result": {
        "hit@5": 0.1421,
        "hit@10": 0.1752,
        "hit@20": 0.207,
        "ndcg@5": 0.1086,
        "ndcg@10": 0.1194,
        "ndcg@20": 0.1275,
        "mrr@5": 0.0975,
        "mrr@10": 0.102,
        "mrr@20": 0.1043
      },
      "best_hr@10": 0.1782,
      "test_mrr@20": 0.1043,
      "test_hr@10": 0.1752,
      "epochs_run": 19,
      "early_stop_epoch": 19,
      "early_stopped": true,
      "elapsed": 47.3,
      "status": "ok"
    },
    {
      "trial": 4,
      "params": {
        "learning_rate": 0.005347692365212496
      },
      "mrr@20": 0.1102,
      "valid_result": {
        "hit@5": 0.1577,
        "hit@10": 0.1871,
        "hit@20": 0.2179,
        "ndcg@5": 0.1174,
        "ndcg@10": 0.127,
        "ndcg@20": 0.1348,
        "mrr@5": 0.104,
        "mrr@10": 0.108,
        "mrr@20": 0.1102
      },
      "test_result": {
        "hit@5": 0.1471,
        "hit@10": 0.1808,
        "hit@20": 0.2131,
        "ndcg@5": 0.1098,
        "ndcg@10": 0.1207,
        "ndcg@20": 0.1288,
        "mrr@5": 0.0975,
        "mrr@10": 0.102,
        "mrr@20": 0.1042
      },
      "best_hr@10": 0.1871,
      "test_mrr@20": 0.1042,
      "test_hr@10": 0.1808,
      "epochs_run": 13,
      "early_stop_epoch": 13,
      "early_stopped": true,
      "elapsed": 31.9,
      "status": "ok"
    },
    {
      "trial": 5,
      "params": {
        "learning_rate": 0.00520254654048463
      },
      "mrr@20": 0.1094,
      "valid_result": {
        "hit@5": 0.1569,
        "hit@10": 0.1855,
        "hit@20": 0.2194,
        "ndcg@5": 0.1166,
        "ndcg@10": 0.1259,
        "ndcg@20": 0.1344,
        "mrr@5": 0.1033,
        "mrr@10": 0.1071,
        "mrr@20": 0.1094
      },
      "test_result": {
        "hit@5": 0.1469,
        "hit@10": 0.1792,
        "hit@20": 0.2112,
        "ndcg@5": 0.1089,
        "ndcg@10": 0.1194,
        "ndcg@20": 0.1276,
        "mrr@5": 0.0964,
        "mrr@10": 0.1008,
        "mrr@20": 0.103
      },
      "best_hr@10": 0.1855,
      "test_mrr@20": 0.103,
      "test_hr@10": 0.1792,
      "epochs_run": 13,
      "early_stop_epoch": 13,
      "early_stopped": true,
      "elapsed": 31.1,
      "status": "ok"
    },
    {
      "trial": 6,
      "params": {
        "learning_rate": 0.004340103953114584
      },
      "mrr@20": 0.1084,
      "valid_result": {
        "hit@5": 0.1511,
        "hit@10": 0.184,
        "hit@20": 0.2131,
        "ndcg@5": 0.1141,
        "ndcg@10": 0.1248,
        "ndcg@20": 0.1321,
        "mrr@5": 0.1019,
        "mrr@10": 0.1064,
        "mrr@20": 0.1084
      },
      "test_result": {
        "hit@5": 0.1477,
        "hit@10": 0.1789,
        "hit@20": 0.2065,
        "ndcg@5": 0.1095,
        "ndcg@10": 0.1197,
        "ndcg@20": 0.1267,
        "mrr@5": 0.0969,
        "mrr@10": 0.1012,
        "mrr@20": 0.1031
      },
      "best_hr@10": 0.184,
      "test_mrr@20": 0.1031,
      "test_hr@10": 0.1789,
      "epochs_run": 14,
      "early_stop_epoch": 14,
      "early_stopped": true,
      "elapsed": 34.9,
      "status": "ok"
    }
  ],
  "run_group": "baseline",
  "run_axis": "stageh_targetedrecovery_anchor2_core5",
  "run_phase": "P23_SH_C22_MFAME_FSQ_FAME_STAGEH_REC1_LRHI_S1",
  "parent_result": "",
  "interrupted": false,
  "interrupted_at": null,
  "tuned_search": {
    "learning_rate": [
      0.002764810120062497,
      0.007021000000000001
    ]
  },
  "fixed_search": {
    "num_heads": 4,
    "num_experts": 3,
    "num_layers": 2,
    "weight_decay": 0.0001,
    "hidden_dropout_prob": 0.09999999999999999,
    "MAX_ITEM_LIST_LENGTH": 8,
    "n_layers": 2,
    "n_heads": 4,
    "dropout_ratio": 0.09999999999999999,
    "dropout_prob": 0.09999999999999999,
    "attn_dropout_prob": 0.09999999999999999,
    "hidden_size": 80,
    "embedding_size": 80,
    "inner_size": 160,
    "time_span": 384,
    "state_size": 24,
    "conv_kernel": 6,
    "remaining_ratio": 0.6
  },
  "context_fixed": {
    "num_layers": 2,
    "search_space_type_overrides": {
      "learning_rate": "loguniform",
      "weight_decay": "choice",
      "n_layers": "choice",
      "num_layers": "choice",
      "n_heads": "choice",
      "num_heads": "choice",
      "dropout_ratio": "choice",
      "dropout_prob": "choice",
      "hidden_dropout_prob": "choice",
      "attn_dropout_prob": "choice",
      "hidden_size": "choice",
      "embedding_size": "choice",
      "inner_size": "choice",
      "time_span": "choice",
      "num_experts": "choice",
      "state_size": "choice",
      "conv_kernel": "choice",
      "remaining_ratio": "choice",
      "MAX_ITEM_LIST_LENGTH": "choice"
    }
  },
  "best_params": {
    "learning_rate": 0.005347692365212496
  },
  "best_mrr@20": 0.1102,
  "best_hr@10": 0.1871,
  "test_mrr@20": 0.1042,
  "test_hr@10": 0.1808,
  "best_valid_result": {
    "hit@5": 0.1577,
    "hit@10": 0.1871,
    "hit@20": 0.2179,
    "ndcg@5": 0.1174,
    "ndcg@10": 0.127,
    "ndcg@20": 0.1348,
    "mrr@5": 0.104,
    "mrr@10": 0.108,
    "mrr@20": 0.1102
  },
  "test_result": {
    "hit@5": 0.1471,
    "hit@10": 0.1808,
    "hit@20": 0.2131,
    "ndcg@5": 0.1098,
    "ndcg@10": 0.1207,
    "ndcg@20": 0.1288,
    "mrr@5": 0.0975,
    "mrr@10": 0.102,
    "mrr@20": 0.1042
  },
  "best_valid_special_metrics": {
    "split": "best_valid",
    "overall": {
      "count": 3805,
      "hit@20": 0.2178712220762155,
      "ndcg@20": 0.13479526272427864,
      "mrr@20": 0.11020075601088702
    },
    "slices": {
      "target_popularity_abs": {
        "rare_1_5": {
          "count": 3436,
          "hit@20": 0.18451688009313155,
          "ndcg@20": 0.10711925743501179,