{
  "model": "FAME",
  "dataset": "foursquare",
  "dataset_raw": "foursquare",
  "max_evals": 6,
  "tune_epochs": 40,
  "n_completed": 6,
  "n_recorded_trials": 6,
  "timestamp": "2026-04-10T05:13:41.436595",
  "trials": [
    {
      "trial": 1,
      "params": {
        "learning_rate": 0.0001191033453915187
      },
      "mrr@20": 0.0001,
      "valid_result": {
        "hit@5": 0.0003,
        "hit@10": 0.0003,
        "hit@20": 0.0003,
        "ndcg@5": 0.0001,
        "ndcg@10": 0.0001,
        "ndcg@20": 0.0001,
        "mrr@5": 0.0001,
        "mrr@10": 0.0001,
        "mrr@20": 0.0001
      },
      "test_result": {
        "hit@5": 0.0003,
        "hit@10": 0.0003,
        "hit@20": 0.0005,
        "ndcg@5": 0.0002,
        "ndcg@10": 0.0002,
        "ndcg@20": 0.0002,
        "mrr@5": 0.0001,
        "mrr@10": 0.0001,
        "mrr@20": 0.0001
      },
      "best_hr@10": 0.0003,
      "test_mrr@20": 0.0001,
      "test_hr@10": 0.0003,
      "epochs_run": 6,
      "early_stop_epoch": 6,
      "early_stopped": true,
      "elapsed": 14.5,
      "status": "ok"
    },
    {
      "trial": 2,
      "params": {
        "learning_rate": 0.00015838984381640522
      },
      "mrr@20": 0.0158,
      "valid_result": {
        "hit@5": 0.0192,
        "hit@10": 0.0234,
        "hit@20": 0.0258,
        "ndcg@5": 0.0161,
        "ndcg@10": 0.0175,
        "ndcg@20": 0.0181,
        "mrr@5": 0.0151,
        "mrr@10": 0.0157,
        "mrr@20": 0.0158
      },
      "test_result": {
        "hit@5": 0.0184,
        "hit@10": 0.0213,
        "hit@20": 0.0257,
        "ndcg@5": 0.0158,
        "ndcg@10": 0.0167,
        "ndcg@20": 0.0178,
        "mrr@5": 0.0149,
        "mrr@10": 0.0153,
        "mrr@20": 0.0156
      },
      "best_hr@10": 0.0234,
      "test_mrr@20": 0.0156,
      "test_hr@10": 0.0213,
      "epochs_run": 40,
      "early_stop_epoch": 40,
      "early_stopped": false,
      "elapsed": 103.7,
      "status": "ok"
    },
    {
      "trial": 3,
      "params": {
        "learning_rate": 0.00010976768899945992
      },
      "mrr@20": 0.0001,
      "valid_result": {
        "hit@5": 0.0003,
        "hit@10": 0.0003,
        "hit@20": 0.0003,
        "ndcg@5": 0.0001,
        "ndcg@10": 0.0001,
        "ndcg@20": 0.0001,
        "mrr@5": 0.0001,
        "mrr@10": 0.0001,
        "mrr@20": 0.0001
      },
      "test_result": {
        "hit@5": 0.0003,
        "hit@10": 0.0003,
        "hit@20": 0.0003,
        "ndcg@5": 0.0002,
        "ndcg@10": 0.0002,
        "ndcg@20": 0.0002,
        "mrr@5": 0.0001,
        "mrr@10": 0.0001,
        "mrr@20": 0.0001
      },
      "best_hr@10": 0.0003,
      "test_mrr@20": 0.0001,
      "test_hr@10": 0.0003,
      "epochs_run": 6,
      "early_stop_epoch": 6,
      "early_stopped": true,
      "elapsed": 15.3,
      "status": "ok"
    },
    {
      "trial": 4,
      "params": {
        "learning_rate": 0.00016217497886078866
      },
      "mrr@20": 0.0161,
      "valid_result": {
        "hit@5": 0.0194,
        "hit@10": 0.0237,
        "hit@20": 0.0265,
        "ndcg@5": 0.0163,
        "ndcg@10": 0.0177,
        "ndcg@20": 0.0184,
        "mrr@5": 0.0153,
        "mrr@10": 0.0159,
        "mrr@20": 0.0161
      },
      "test_result": {
        "hit@5": 0.0189,
        "hit@10": 0.0221,
        "hit@20": 0.026,
        "ndcg@5": 0.0163,
        "ndcg@10": 0.0174,
        "ndcg@20": 0.0184,
        "mrr@5": 0.0154,
        "mrr@10": 0.0159,
        "mrr@20": 0.0162
      },
      "best_hr@10": 0.0237,
      "test_mrr@20": 0.0162,
      "test_hr@10": 0.0221,
      "epochs_run": 40,
      "early_stop_epoch": 40,
      "early_stopped": false,
      "elapsed": 102.9,
      "status": "ok"
    },
    {
      "trial": 5,
      "params": {
        "learning_rate": 0.00015004826606665903
      },
      "mrr@20": 0.0149,
      "valid_result": {
        "hit@5": 0.0181,
        "hit@10": 0.0213,
        "hit@20": 0.0244,
        "ndcg@5": 0.0152,
        "ndcg@10": 0.0162,
        "ndcg@20": 0.017,
        "mrr@5": 0.0143,
        "mrr@10": 0.0147,
        "mrr@20": 0.0149
      },
      "test_result": {
        "hit@5": 0.0173,
        "hit@10": 0.02,
        "hit@20": 0.0226,
        "ndcg@5": 0.0148,
        "ndcg@10": 0.0156,
        "ndcg@20": 0.0163,
        "mrr@5": 0.014,
        "mrr@10": 0.0143,
        "mrr@20": 0.0145
      },
      "best_hr@10": 0.0213,
      "test_mrr@20": 0.0145,
      "test_hr@10": 0.02,
      "epochs_run": 40,
      "early_stop_epoch": 40,
      "early_stopped": false,
      "elapsed": 101.3,
      "status": "ok"
    },
    {
      "trial": 6,
      "params": {
        "learning_rate": 0.0001721505345332783
      },
      "mrr@20": 0.0169,
      "valid_result": {
        "hit@5": 0.0216,
        "hit@10": 0.0252,
        "hit@20": 0.0279,
        "ndcg@5": 0.0176,
        "ndcg@10": 0.0188,
        "ndcg@20": 0.0194,
        "mrr@5": 0.0162,
        "mrr@10": 0.0168,
        "mrr@20": 0.0169
      },
      "test_result": {
        "hit@5": 0.0208,
        "hit@10": 0.0239,
        "hit@20": 0.0289,
        "ndcg@5": 0.0172,
        "ndcg@10": 0.0182,
        "ndcg@20": 0.0194,
        "mrr@5": 0.0159,
        "mrr@10": 0.0164,
        "mrr@20": 0.0167
      },
      "best_hr@10": 0.0252,
      "test_mrr@20": 0.0167,
      "test_hr@10": 0.0239,
      "epochs_run": 40,
      "early_stop_epoch": 40,
      "early_stopped": false,
      "elapsed": 105.8,
      "status": "ok"
    }
  ],
  "run_group": "baseline",
  "run_axis": "stageh_targetedrecovery_anchor2_core5",
  "run_phase": "P23_SH_C22_MFAME_GLOBAL_1_FAD_H3_R1_PASS3_ULTRATINY_S1",
  "parent_result": "",
  "interrupted": false,
  "interrupted_at": null,
  "tuned_search": {
    "learning_rate": [
      8.800000000000001e-05,
      0.0001872825135289961
    ]
  },
  "fixed_search": {
    "num_heads": 4,
    "num_experts": 4,
    "num_layers": 1,
    "weight_decay": 0.0002,
    "hidden_dropout_prob": 0.25,
    "MAX_ITEM_LIST_LENGTH": 10,
    "n_layers": 1,
    "n_heads": 4,
    "dropout_ratio": 0.25,
    "dropout_prob": 0.25,
    "attn_dropout_prob": 0.25,
    "hidden_size": 88,
    "embedding_size": 88,
    "inner_size": 320,
    "time_span": 512,
    "state_size": 32,
    "conv_kernel": 8,
    "remaining_ratio": 0.7
  },
  "context_fixed": {
    "num_layers": 1,
    "search_space_type_overrides": {
      "learning_rate": "loguniform",
      "weight_decay": "choice",
      "n_layers": "choice",
      "num_layers": "choice",
      "n_heads": "choice",
      "num_heads": "choice",
      "dropout_ratio": "choice",
      "dropout_prob": "choice",
      "hidden_dropout_prob": "choice",
      "attn_dropout_prob": "choice",
      "hidden_size": "choice",
      "embedding_size": "choice",
      "inner_size": "choice",
      "time_span": "choice",
      "num_experts": "choice",
      "state_size": "choice",
      "conv_kernel": "choice",
      "remaining_ratio": "choice",
      "MAX_ITEM_LIST_LENGTH": "choice"
    }
  },
  "best_params": {
    "learning_rate": 0.0001721505345332783
  },
  "best_mrr@20": 0.0169,
  "best_hr@10": 0.0252,
  "test_mrr@20": 0.0167,
  "test_hr@10": 0.0239,
  "best_valid_result": {
    "hit@5": 0.0216,
    "hit@10": 0.0252,
    "hit@20": 0.0279,
    "ndcg@5": 0.0176,
    "ndcg@10": 0.0188,
    "ndcg@20": 0.0194,
    "mrr@5": 0.0162,
    "mrr@10": 0.0168,
    "mrr@20": 0.0169
  },
  "test_result": {
    "hit@5": 0.0208,
    "hit@10": 0.0239,
    "hit@20": 0.0289,
    "ndcg@5": 0.0172,
    "ndcg@10": 0.0182,
    "ndcg@20": 0.0194,
    "mrr@5": 0.0159,
    "mrr@10": 0.0164,
    "mrr@20": 0.0167
  },
  "best_valid_special_metrics": {
    "split": "best_valid",
    "overall": {
      "count": 3805,
      "hit@20": 0.0278580814717477,
      "ndcg@20": 0.019445462393698022,
      "mrr@20": 0.016936718089978424
    },
    "slices": {
      "target_popularity_abs": {
        "rare_1_5": {
          "count": 3436,
          "hit@20": 0.01658905704307334,
          "ndcg@20": 0.010390786998346882,