best_mrr20,epoch,epoch_time_sec,eval,lr,patience_used,train_loss,trial,valid_mrr20
0.2739,1,46.256253242492676,1,0.00056966,0,2223.2202911376953,1,0.2739
0.3455,3,46.67269277572632,1,0.00056966,0,1243.1314058303833,1,0.3455
0.3736,7,45.798794984817505,1,0.00056966,0,804.4751279354095,1,0.3736
0.3736,10,46.30437898635864,1,0.00056966,3,711.1575226783752,1,0.3674
0.3736,17,44.79778289794922,1,0.00056966,10,539.1904623508453,1,0.3433
