{
  "split": "best_valid",
  "feature_mode": "runtime:unknown|ablation:none",
  "stages": [
    {
      "stage": "micro@1",
      "n_eff": 15.668764509495862,
      "cv_usage": 0.14539560675621033,
      "top1_max_frac": 0.09625717991476747,
      "entropy_mean": 2.2433507981864924,
      "route_jitter_adjacent": 0.6373902132998746,
      "route_consistency_knn_js": 0.12342487241444224,
      "route_consistency_knn_score": 0.883888043124324,
      "route_consistency_group_knn_js": 0.047571668437882964,
      "route_consistency_group_knn_score": 0.9535421318086553,
      "route_consistency_intra_group_knn_mean_js": 0.07935113704062996,
      "route_consistency_intra_group_knn_mean_score": 0.9237455600813415,
      "route_consistency_feature_group_knn_mean_score": 0.8678047209598985,
      "family_top_expert_mean_share": 0.08239377290010452,
      "route_consistency_feature_group_knn_tempo_js": 0.14480279829251244,
      "route_consistency_feature_group_knn_tempo_score": 0.8651928938047787,
      "route_consistency_feature_group_knn_focus_js": 0.1429130514166494,
      "route_consistency_feature_group_knn_focus_score": 0.8668294352103425,
      "route_consistency_feature_group_knn_memory_js": 0.14233460804271092,
      "route_consistency_feature_group_knn_memory_score": 0.8673309920005907,
      "route_consistency_feature_group_knn_exposure_js": 0.13712003803226835,
      "route_consistency_feature_group_knn_exposure_score": 0.8718655628238824
    }
  ]
}
