{
  "split": "best_valid",
  "feature_mode": "none",
  "stages": [
    {
      "stage": "macro@1",
      "n_eff": 11.43235740699319,
      "cv_usage": 0.22282776819633057,
      "top1_max_frac": 0.5226302305721605,
      "entropy_mean": 2.4076905756298035,
      "route_jitter_adjacent": 0.0,
      "route_consistency_knn_js": 0.006294276298853746,
      "route_consistency_knn_score": 0.99372549116251,
      "route_consistency_group_knn_js": 0.0035809851654061164,
      "route_consistency_group_knn_score": 0.9964254189153846,
      "route_consistency_intra_group_knn_mean_js": 0.002709972762956174,
      "route_consistency_intra_group_knn_mean_score": 0.9972947996103021,
      "route_consistency_feature_group_knn_mean_score": 0.9835390968822911,
      "family_top_expert_mean_share": 0.13168607652187347,
      "route_consistency_feature_group_knn_tempo_js": 0.01838418180459904,
      "route_consistency_feature_group_knn_tempo_score": 0.9817837764325538,
      "route_consistency_feature_group_knn_focus_js": 0.0199395880057844,
      "route_consistency_feature_group_knn_focus_score": 0.9802578908520443,
      "route_consistency_feature_group_knn_memory_js": 0.019356844274420266,
      "route_consistency_feature_group_knn_memory_score": 0.9808292964684087,
      "route_consistency_feature_group_knn_exposure_js": 0.008752770201338815,
      "route_consistency_feature_group_knn_exposure_score": 0.991285423776158
    }
  ]
}
