cv_usage,entropy_mean,family_top_expert_mean_share,n_eff,route_consistency_feature_group_knn_exposure_js,route_consistency_feature_group_knn_exposure_score,route_consistency_feature_group_knn_focus_js,route_consistency_feature_group_knn_focus_score,route_consistency_feature_group_knn_mean_score,route_consistency_feature_group_knn_memory_js,route_consistency_feature_group_knn_memory_score,route_consistency_feature_group_knn_tempo_js,route_consistency_feature_group_knn_tempo_score,route_consistency_group_knn_js,route_consistency_group_knn_score,route_consistency_intra_group_knn_mean_js,route_consistency_intra_group_knn_mean_score,route_consistency_knn_js,route_consistency_knn_score,route_jitter_adjacent,stage,top1_max_frac
0.09603696316480637,2.6020969338030318,0.075129933655262,15.85377895545901,0.04183646020096529,0.9590266067670125,0.0436457497281483,0.9572930187253557,0.9569904947846153,0.04452898119800297,0.9564478806865422,0.04584032262566668,0.955194472959551,0.009628610366024849,0.9904175962819104,0.028419043207260762,0.9719832708707403,0.0379154444465121,0.9627943470583898,0.6865614660218885,macro@1,0.12840839794407177
0.11376558110303653,2.5944879304055233,0.08240392059087753,15.795566927698458,0.04535695065190469,0.955656298805115,0.04939967431735018,0.9518006433958655,0.9537380161531479,0.04598706995245832,0.9550543110085253,0.04872731417129462,0.9524408114030856,0.009095697368715587,0.9909455433541666,0.03110738657877874,0.9693768474300486,0.0402384296829152,0.9605603857386493,0.6742173581063884,mid@1,0.1293666695705201
