{
  "split": "best_valid",
  "feature_mode": "none",
  "stages": [
    {
      "stage": "macro@1",
      "n_eff": 10.724828149738459,
      "cv_usage": 0.7013310194015503,
      "top1_max_frac": 0.962252205911447,
      "entropy_mean": 2.584093418618684,
      "route_jitter_adjacent": 0.0,
      "route_consistency_knn_js": 0.003045810226305242,
      "route_consistency_knn_score": 0.996958823547936,
      "route_consistency_group_knn_js": 0.0005022211223372257,
      "route_consistency_group_knn_score": 0.9994979049695811,
      "route_consistency_intra_group_knn_mean_js": 0.001971636419979018,
      "route_consistency_intra_group_knn_mean_score": 0.998034102349595,
      "route_consistency_feature_group_knn_mean_score": 0.9938415365633477,
      "family_top_expert_mean_share": 0.22371241450309753,
      "route_consistency_feature_group_knn_tempo_js": 0.006284365418230543,
      "route_consistency_feature_group_knn_tempo_score": 0.9937353399060299,
      "route_consistency_feature_group_knn_focus_js": 0.007305511034158476,
      "route_consistency_feature_group_knn_focus_score": 0.9927211093469681,
      "route_consistency_feature_group_knn_memory_js": 0.008221430858907511,
      "route_consistency_feature_group_knn_memory_score": 0.9918122726767682,
      "route_consistency_feature_group_knn_exposure_js": 0.0029067963182875076,
      "route_consistency_feature_group_knn_exposure_score": 0.9970974243236246
    }
  ]
}
