stage_name,stage_key,split,aggregation_level,node_kind,node_name,route_space,support_size,wrapper_name,source_type,temperature,top_k,entropy_norm,n_eff_norm,top1_monopoly_norm,jitter_adj_norm,knn_consistency_score,knn_consistency_js,n_eff,cv_usage,top1_max_frac,entropy_mean
macro,macro@1,best_valid,session,final,final.expert,expert,16,FlatJointWrapper,,,,0.8862195921049252,0.9909279022260832,0.04104749552220369,0.7519866164784609,0.9263378795392471,0.07651623017680609,15.85484643561733,0.09568184218623135,0.10098202705206596,2.4571224464980546
macro,macro@1,best_valid,session,final,final.group,group,4,FlatJointWrapper,,,,0.940715871390433,0.9981490127988935,0.035390031498980935,0.0,0.9791236518405578,0.021097340197959547,3.992596051195574,0.043062761425971985,0.2765425236242357,1.3041091079245415
macro,macro@1,best_valid,session,final,final.intra.Exposure,intra,4,FlatJointWrapper,,,,0.839599098251041,0.9910911053657409,0.07306528318201473,0.0,0.9474675011392515,0.05396264220298044,3.9643644214629634,0.09481024742126465,0.30479896238651105,1.163931495506763
macro,macro@1,best_valid,session,final,final.intra.Focus,intra,4,FlatJointWrapper,,,,0.8452450677176475,0.9913829913085366,0.035390031498980935,0.0,0.9475001491967762,0.05392818456195198,3.9655319652341463,0.09323004633188248,0.2765425236242357,1.1717584711413749
macro,macro@1,best_valid,session,final,final.intra.Memory,intra,4,FlatJointWrapper,,,,0.8610074721176464,0.9981810812939811,0.0754122660737447,0.0,0.9505234905152623,0.050742403508154475,3.9927243251759243,0.04268796741962433,0.3065591995553085,1.1936098034787845
macro,macro@1,best_valid,session,final,final.intra.Tempo,intra,4,FlatJointWrapper,,,,0.8598491320947269,0.9927790852655894,0.079735655611142,0.0,0.9502282464989213,0.051053063772686674,3.971116341062358,0.08528460088784705,0.3098017417083565,1.1920040032367518
