best_mrr20,epoch,epoch_time_sec,eval,lr,patience_used,train_loss,trial,valid_mrr20
0.0139,1,19.79207944869995,1,0.0005476,0,685.0240588188171,1,0.0139
0.016,3,17.610107898712158,1,0.0005476,0,583.6072688102722,1,0.016
0.0184,7,17.914039611816406,1,0.0005476,0,518.8660969734192,1,0.0184
0.0184,10,17.199013233184814,1,0.0005476,3,488.8702321052551,1,0.0176
0.0184,17,17.04768991470337,1,0.0005476,10,430.6879358291626,1,0.0153
