stage_name,stage_key,split,aggregation_level,node_kind,node_name,route_space,support_size,wrapper_name,source_type,temperature,top_k,entropy_norm,n_eff_norm,top1_monopoly_norm,jitter_adj_norm,knn_consistency_score,knn_consistency_js,n_eff,cv_usage,top1_max_frac,entropy_mean
macro,macro@1,best_valid,session,final,final.expert,expert,12,ScalarGroupConditionalProductWrapper,,,,0.9809173786295673,0.9681192683116057,0.7336082059533386,0.0,0.9990687302180086,0.0009317036831017697,11.617431219739268,0.18146843799760567,0.7558075221238938,2.4374881170492255
macro,macro@1,best_valid,session,final,final.group,group,4,ScalarGroupConditionalProductWrapper,,,,0.9788549702076886,0.9708270712890487,0.8311209439528023,0.0,0.9994523177060846,0.0005478323266456763,3.8833082851561946,0.17334800958633423,0.8733407079646017,1.3569811255530972
macro,macro@1,best_valid,session,final,final.intra.Exposure,intra,3,ScalarGroupConditionalProductWrapper,,,,0.9572820179325913,0.9848660609381038,0.6511338495575221,0.0,0.9991885099916288,0.0008118194446229099,2.9545981828143115,0.12396159398670215,0.7674225663716814,1.0516817886217507
macro,macro@1,best_valid,session,final,final.intra.Focus,intra,3,ScalarGroupConditionalProductWrapper,,,,0.9970851213862388,0.9979965374837844,0.9498064159292035,0.0,0.9998390860515242,0.0001609268965143146,2.993989612451353,0.044804805485761004,0.9665376106194691,1.095409967203056
macro,macro@1,best_valid,session,final,final.intra.Memory,intra,3,ScalarGroupConditionalProductWrapper,,,,0.9926105417286438,0.9988378694527317,0.6337112831858407,0.0,0.9998306045565445,0.00016940979248408875,2.996513608358195,0.034110556271357645,0.7558075221238938,1.0904941390045977
macro,macro@1,best_valid,session,final,final.intra.Tempo,intra,3,ScalarGroupConditionalProductWrapper,,,,0.9822454882145041,0.9989489349083024,0.6337112831858407,0.0,0.999604939948982,0.0003951381077986965,2.9968468047249073,0.03243769329226931,0.7558075221238938,1.0791069638412611
