stage_name,stage_key,split,aggregation_level,node_kind,node_name,route_space,support_size,wrapper_name,source_type,temperature,top_k,entropy_norm,n_eff_norm,top1_monopoly_norm,jitter_adj_norm,knn_consistency_score,knn_consistency_js,n_eff,cv_usage,top1_max_frac,entropy_mean
macro,macro@1,best_valid,session,final,final.expert,expert,12,GroupConditionalProductWrapper,,,,0.8327887992491221,0.9523141512077963,0.1233129474476151,0.0,0.9848352067146686,0.015280954634474963,11.427769814493555,0.22377183877061838,0.1963702018269805,2.0694024251231076
macro,macro@1,best_valid,session,final,final.group,group,4,GroupConditionalProductWrapper,,,,0.8604291690434406,0.985976824406823,0.13363328090589835,0.0,0.9940932248151971,0.00592428918289966,3.943907297627292,0.11925827711820602,0.35022496067942377,1.1928081051879948
macro,macro@1,best_valid,session,final,final.intra.Exposure,intra,3,GroupConditionalProductWrapper,,,,0.6843224702956858,0.9383631905951234,0.2580693876729154,0.0,0.9893062140771478,0.010751375385769485,2.81508957178537,0.256291746905692,0.5053795917819436,0.751805075278558
macro,macro@1,best_valid,session,final,final.intra.Focus,intra,3,GroupConditionalProductWrapper,,,,0.9826029358214949,0.995396417586115,0.31128808167045896,0.0,0.999156407929941,0.0008439480940894886,2.986189252758345,0.06800613349657852,0.5408587211136393,1.0794996601748563
macro,macro@1,best_valid,session,final,final.intra.Memory,intra,3,GroupConditionalProductWrapper,,,,0.7705613213301925,0.9223948618369029,0.5004161381041554,0.0,0.9880395308857464,0.012032571016726794,2.7671845855107087,0.2900592374783982,0.666944092069437,0.8465481367856855
macro,macro@1,best_valid,session,final,final.intra.Tempo,intra,3,GroupConditionalProductWrapper,,,,0.7516521378760964,0.8210844449299337,0.5716697205833988,0.0,0.9911700805019007,0.008869134250003309,2.463253334789801,0.4667992154717679,0.7144464803889325,0.8257742754743359
