stage_name,stage_key,split,aggregation_level,node_kind,node_name,route_space,support_size,wrapper_name,source_type,temperature,top_k,entropy_norm,n_eff_norm,top1_monopoly_norm,jitter_adj_norm,knn_consistency_score,knn_consistency_js,n_eff,cv_usage,top1_max_frac,entropy_mean
macro,macro@1,best_valid,session,final,final.expert,expert,12,ScalarGroupConditionalProductWrapper,,,,0.9760681815080777,0.995384901581302,0.711544854768229,0.0,0.9986326668864428,0.0013682687664756605,11.944618818975623,0.0680920927050086,0.7355827835375432,2.4254383148759033
macro,macro@1,best_valid,session,final,final.group,group,4,ScalarGroupConditionalProductWrapper,,,,0.9807941270752542,0.9978343757813602,0.6663441198031208,0.0,0.9992695444383142,0.0007307224743360939,3.991337503125441,0.046585746109485626,0.7497580898523406,1.3596693677839302
macro,macro@1,best_valid,session,final,final.intra.Exposure,intra,3,ScalarGroupConditionalProductWrapper,,,,0.9982547054732774,0.997178846957039,0.9698209236569274,0.0,0.999968139252231,3.186125533339092e-05,2.9915365408711168,0.05318917548092677,0.9798806157712849,1.0966948866537072
macro,macro@1,best_valid,session,final,final.intra.Focus,intra,3,ScalarGroupConditionalProductWrapper,,,,0.9604482059239053,0.998853033561018,0.6970593779453345,0.0,0.9987396408758287,0.0012611540447260558,2.996559100683054,0.03388710870930228,0.7980395852968897,1.0551602016572417
macro,macro@1,best_valid,session,final,final.intra.Memory,intra,3,ScalarGroupConditionalProductWrapper,,,,0.9867949235471956,0.9992546931741813,0.7108388312912347,0.0,0.9995066186729026,0.0004935030797130537,2.9977640795225438,0.027312033927082004,0.8072258875274898,1.084105029404257
macro,macro@1,best_valid,session,final,final.intra.Tempo,intra,3,ScalarGroupConditionalProductWrapper,,,,0.9527126168642811,0.989400511919861,0.6519321394910462,0.0,0.9991689668742317,0.000831378625223953,2.968201535759583,0.10350426350521257,0.7679547596606975,1.046661788456252
