stage_name,stage_key,split,aggregation_level,node_kind,node_name,route_space,support_size,wrapper_name,source_type,temperature,top_k,entropy_norm,n_eff_norm,top1_monopoly_norm,jitter_adj_norm,knn_consistency_score,knn_consistency_js,n_eff,cv_usage,top1_max_frac,entropy_mean
macro,macro@1,best_valid,session,final,final.expert,expert,12,GroupConditionalProductWrapper,,,,0.9376081299323941,0.9587824299966968,0.12850762124440218,0.0,0.9860558701572346,0.014042262539342779,11.505389159960362,0.20733957864822214,0.201131986140702,2.3298686769642973
macro,macro@1,best_valid,session,final,final.group,group,4,GroupConditionalProductWrapper,,,,0.9445791489579236,0.9734997029114676,0.34336195579658685,0.0,0.993900555021594,0.0061181225803282994,3.8939988116458704,0.16498993337154388,0.5075214668474402,1.3094647478317947
macro,macro@1,best_valid,session,final,final.intra.Exposure,intra,3,GroupConditionalProductWrapper,,,,0.9736839739517211,0.9667299812775907,0.7959842468848861,0.0,0.9985989811195229,0.0014020012250581448,2.900189943832772,0.18551268993280262,0.8639894979232574,1.0697011790625606
macro,macro@1,best_valid,session,final,final.intra.Focus,intra,3,GroupConditionalProductWrapper,,,,0.8298529548351918,0.9716503225105494,0.1850668216153399,0.0,0.9848728599598359,0.01524272232400335,2.9149509675316483,0.17081237447820977,0.4567112144102266,0.9116866539694837
macro,macro@1,best_valid,session,final,final.intra.Memory,intra,3,GroupConditionalProductWrapper,,,,0.9703497222868099,0.995654889105817,0.4307250306669249,0.0,0.9937820373402269,0.006237374700322735,2.986964667317451,0.06606087823030715,0.6204833537779499,1.066038129209977
macro,macro@1,best_valid,session,final,final.intra.Tempo,intra,3,GroupConditionalProductWrapper,,,,0.907670167890028,0.9991249952581329,0.21147265801536577,0.0,0.987997111534587,0.01207550478653169,2.9973749857743988,0.029592755300022505,0.4743151053435772,0.9971776005014311
