stage_name,stage_key,split,aggregation_level,node_kind,node_name,route_space,support_size,wrapper_name,source_type,temperature,top_k,entropy_norm,n_eff_norm,top1_monopoly_norm,jitter_adj_norm,knn_consistency_score,knn_consistency_js,n_eff,cv_usage,top1_max_frac,entropy_mean
macro,macro@1,best_valid,session,final,final.expert,expert,12,ScalarGroupConditionalProductWrapper,,,,0.9537306834156576,0.9695680227556887,0.7080627195613058,0.0,0.9954394599384031,0.004570971050467466,11.634816273068264,0.1771642317278109,0.7323908262645303,2.3699317173264216
macro,macro@1,best_valid,session,final,final.group,group,4,ScalarGroupConditionalProductWrapper,,,,0.9364249400505321,0.9817100130206413,0.669427165148183,0.0,0.9968056496907879,0.0031994631371734935,3.9268400520825653,0.13649497249692513,0.7520703738611373,1.2981606140040842
macro,macro@1,best_valid,session,final,final.intra.Exposure,intra,3,ScalarGroupConditionalProductWrapper,,,,0.9821452999111945,0.9985041972405168,0.7966635249764372,0.0,0.998523853910121,0.0014772366668843976,2.99551259172155,0.03870528634770851,0.8644423499842916,1.0789968957400644
macro,macro@1,best_valid,session,final,final.intra.Focus,intra,3,ScalarGroupConditionalProductWrapper,,,,0.9130590984838358,0.9357661713478077,0.9208482563619225,0.0,0.9977123272681019,0.002290293452826317,2.8072985140434232,0.26199823689450247,0.9472321709079484,1.003097945874568
macro,macro@1,best_valid,session,final,final.intra.Memory,intra,3,ScalarGroupConditionalProductWrapper,,,,0.9919321270670968,0.9954679113623097,0.8345900094250706,0.0,0.9992775948590265,0.0007226662013025263,2.986403734086929,0.06747445263044677,0.8897266729500471,1.0897488243206095
macro,macro@1,best_valid,session,final,final.intra.Tempo,intra,3,ScalarGroupConditionalProductWrapper,,,,0.9888595887801963,0.9997055503739611,0.609688972667295,0.0,0.9989840758941431,0.0010164405065302144,2.9991166511218834,0.017163531808896904,0.7397926484448634,1.0863732960012173
