{
  "valid": {
    "count": 3599,
    "hit@5": 0.3036954709641567,
    "hit@10": 0.32898027229786053,
    "hit@20": 0.34898582939705475,
    "ndcg@5": 0.27607550296262756,
    "ndcg@10": 0.28419283046494526,
    "ndcg@20": 0.2892105739318387,
    "mrr@5": 0.26680096340083387,
    "mrr@10": 0.2701164788050796,
    "mrr@20": 0.27147274813711825
  },
  "test": {
    "count": 3439,
    "hit@5": 0.28351264902587964,
    "hit@10": 0.30648444315207907,
    "hit@20": 0.32916545507414946,
    "ndcg@5": 0.25264487401903213,
    "ndcg@10": 0.26022621399096607,
    "ndcg@20": 0.26592346023650115,
    "mrr@5": 0.2423039645511212,
    "mrr@10": 0.2455243775407115,
    "mrr@20": 0.24706816479702368
  },
  "slice_metrics": {
    "valid": {
      "target_popularity_abs": {
        "cold_0": {
          "count": 491,
          "hit@5": 0.0,
          "hit@10": 0.0,
          "hit@20": 0.0,
          "ndcg@5": 0.0,
          "ndcg@10": 0.0,
          "ndcg@20": 0.0,
          "mrr@5": 0.0,
          "mrr@10": 0.0,
          "mrr@20": 0.0
        },
        "rare_1_5": {
          "count": 1462,
          "hit@5": 0.326265389876881,
          "hit@10": 0.34746922024623805,
          "hit@20": 0.35841313269493846,
          "ndcg@5": 0.2945481085418513,
          "ndcg@10": 0.30141184726671383,
          "ndcg@20": 0.304181272614997,
          "mrr@5": 0.2838235295666879,
          "mrr@10": 0.2866593926543658,
          "mrr@20": 0.28741954944304177
        },
        "6_20": {
          "count": 1086,
          "hit@5": 0.3839779005524862,
          "hit@10": 0.4116022099447514,
          "hit@20": 0.4419889502762431,
          "ndcg@5": 0.35188823691389176,
          "ndcg@10": 0.3607934036911302,
          "ndcg@20": 0.3683953075146587,
          "mrr@5": 0.34116022118657113,
          "mrr@10": 0.3448189806680214,
          "mrr@20": 0.34686765029793176
        },
        "21_100": {
          "count": 534,
          "hit@5": 0.3595505617977528,
          "hit@10": 0.40823970037453183,
          "hit@20": 0.449438202247191,
          "ndcg@5": 0.33003068584181394,
          "ndcg@10": 0.3453371502486954,
          "ndcg@20": 0.35566388971908264,
          "mrr@5": 0.3201935084236695,
          "mrr@10": 0.32625512792711403,
          "mrr@20": 0.32903824656615765
        },
        "101+": {
          "count": 26,
          "hit@5": 0.2692307692307692,
          "hit@10": 0.4230769230769231,
          "hit@20": 0.46153846153846156,
          "ndcg@5": 0.17613034408826095,
          "ndcg@10": 0.2274692883858314,
          "ndcg@20": 0.23669284410201585,
          "mrr@5": 0.1455128210095259,
          "mrr@10": 0.1676739938557148,
          "mrr@20": 0.16993643730305708
        }
      },
      "target_popularity_abs_legacy": {
        "<=5": {
          "count": 1953,
          "hit@5": 0.24423963133640553,
          "hit@10": 0.2601126472094214,
          "hit@20": 0.268305171530978,
          "ndcg@5": 0.2204963311255436,
          "ndcg@10": 0.22563447040652104,
          "ndcg@20": 0.22770763981726863,
          "mrr@5": 0.21246799806784314,
          "mrr@10": 0.2145909022328125,
          "mrr@20": 0.21515994945505737
        },
        "6-20": {
          "count": 1086,
          "hit@5": 0.3839779005524862,
          "hit@10": 0.4116022099447514,
          "hit@20": 0.4419889502762431,
          "ndcg@5": 0.35188823691389176,
          "ndcg@10": 0.3607934036911302,
          "ndcg@20": 0.3683953075146587,
          "mrr@5": 0.34116022118657113,
          "mrr@10": 0.3448189806680214,
          "mrr@20": 0.34686765029793176
        },
        "21-100": {
          "count": 534,
          "hit@5": 0.3595505617977528,
          "hit@10": 0.40823970037453183,
          "hit@20": 0.449438202247191,
          "ndcg@5": 0.33003068584181394,
          "ndcg@10": 0.3453371502486954,
          "ndcg@20": 0.35566388971908264,
          "mrr@5": 0.3201935084236695,
          "mrr@10": 0.32625512792711403,
          "mrr@20": 0.32903824656615765
        },
        ">100": {
          "count": 26,
          "hit@5": 0.2692307692307692,
          "hit@10": 0.4230769230769231,
          "hit@20": 0.46153846153846156,
          "ndcg@5": 0.17613034408826095,
          "ndcg@10": 0.2274692883858314,
          "ndcg@20": 0.23669284410201585,
          "mrr@5": 0.1455128210095259,
          "mrr@10": 0.1676739938557148,
          "mrr@20": 0.16993643730305708
        }
      },
      "session_len": {
        "<=7": {
          "count": 1330,
          "hit@5": 0.2789473684210526,
          "hit@10": 0.29849624060150376,
          "hit@20": 0.31278195488721805,
          "ndcg@5": 0.25553898804618,
          "ndcg@10": 0.26181052033614394,
          "ndcg@20": 0.2654162835133703,
          "mrr@5": 0.24766917308246283,
          "mrr@10": 0.250227652675003,
          "mrr@20": 0.25121282791732846
        },
        "8-12": {
          "count": 2269,
          "hit@5": 0.31820185103569854,
          "hit@10": 0.34684883208461875,
          "hit@20": 0.37020713970912295,
          "ndcg@5": 0.2881132133367462,
          "ndcg@10": 0.29731247456864984,
          "ndcg@20": 0.30315786624411856,
          "mrr@5": 0.27801527857202535,
          "mrr@10": 0.28177453907524347,
          "mrr@20": 0.2833483294030153
        }
      },
      "session_len_legacy": {
        "1-2": {
          "count": 155,
          "hit@5": 0.05806451612903226,
          "hit@10": 0.07096774193548387,
          "hit@20": 0.07096774193548387,
          "ndcg@5": 0.04769541486617058,
          "ndcg@10": 0.05188120988107497,
          "ndcg@20": 0.05188120988107497,
          "mrr@5": 0.04408602156946736,
          "mrr@10": 0.04581413220974707,
          "mrr@20": 0.04581413220974707
        },
        "3-5": {
          "count": 735,
          "hit@5": 0.2816326530612245,
          "hit@10": 0.2965986394557823,
          "hit@20": 0.3115646258503401,
          "ndcg@5": 0.25288807806514557,
          "ndcg@10": 0.25762644393914413,
          "ndcg@20": 0.26138329548495154,
          "mrr@5": 0.24328798203646732,
          "mrr@10": 0.24518626520828324,
          "mrr@20": 0.24620331612979474
        },
        "6-10": {
          "count": 2709,
          "hit@5": 0.3237356958287191,
          "hit@10": 0.35252860834256183,
          "hit@20": 0.37504614248800294,
          "ndcg@5": 0.29543381634564714,
          "ndcg@10": 0.3046928656391659,
          "ndcg@20": 0.3103398102132453,
          "mrr@5": 0.2859234651677852,
          "mrr@10": 0.28971432698371447,
          "mrr@20": 0.2912402335539235
        }
      }
    },
    "test": {
      "target_popularity_abs": {
        "cold_0": {
          "count": 685,
          "hit@5": 0.0,
          "hit@10": 0.0,
          "hit@20": 0.0,
          "ndcg@5": 0.0,
          "ndcg@10": 0.0,
          "ndcg@20": 0.0,
          "mrr@5": 0.0,
          "mrr@10": 0.0,
          "mrr@20": 0.0
        },
        "rare_1_5": {
          "count": 1333,
          "hit@5": 0.32333083270817703,
          "hit@10": 0.34433608402100524,
          "hit@20": 0.36459114778694673,
          "ndcg@5": 0.2897849681005385,
          "ndcg@10": 0.296750636317188,
          "ndcg@20": 0.30189533559612464,
          "mrr@5": 0.27849462396966185,
          "mrr@10": 0.28147394030123657,
          "mrr@20": 0.2828982588426341
        },
        "6_20": {
          "count": 964,
          "hit@5": 0.3879668049792531,
          "hit@10": 0.42323651452282157,
          "hit@20": 0.45020746887966806,
          "ndcg@5": 0.345652681632408,
          "ndcg@10": 0.35717942494574423,
          "ndcg@20": 0.3638574760329921,
          "mrr@5": 0.3315698481106906,
          "mrr@10": 0.33639926270145104,
          "mrr@20": 0.33815783547446193
        },
        "21_100": {
          "count": 436,
          "hit@5": 0.3761467889908257,
          "hit@10": 0.4059633027522936,
          "hit@20": 0.4541284403669725,
          "ndcg@5": 0.33163145560463636,