stage_name,stage_key,split,aggregation_level,node_kind,node_name,route_space,support_size,wrapper_name,source_type,temperature,top_k,entropy_norm,n_eff_norm,top1_monopoly_norm,jitter_adj_norm,knn_consistency_score,knn_consistency_js,n_eff,cv_usage,top1_max_frac,entropy_mean
macro,macro@1,best_valid,token,primitive,primitive.a_joint,expert,12,FlatJointWrapper,both,1.0,,0.9859561458695126,0.9976521254958501,0.061866163996229975,0.0,0.9874342140280853,0.012645403131721106,11.971825505950202,0.048510946138388376,0.1400439836632108,2.4500089832704997
macro,macro@1,best_valid,token,wrapper,wrapper.group,group,4,FlatJointWrapper,,,,0.9933025769630414,0.9994593207362293,0.10652005445596398,0.0,0.9966017257558006,0.003404061492943958,3.9978372829449174,0.023258894681930542,0.329890040841973,1.3770097613297203
macro,macro@1,best_valid,token,wrapper,wrapper.intra.Exposure,intra,3,FlatJointWrapper,,,,0.9805265870870551,0.9992899575481456,0.09898209236569273,0.0,0.991942245203362,0.008090393953273878,2.997869872644437,0.026656577500504926,0.3993213949104618,1.0772185579396403
macro,macro@1,best_valid,token,wrapper,wrapper.intra.Focus,intra,3,FlatJointWrapper,,,,0.9736964277251761,0.9967334630490051,0.11138548539114047,0.0,0.9900697836154109,0.009979849837284074,2.9902003891470152,0.05724888263636128,0.40759032359409364,1.0697148609311184
macro,macro@1,best_valid,token,wrapper,wrapper.intra.Memory,intra,3,FlatJointWrapper,,,,0.9767194129517596,0.9982131518497258,0.12914231856738925,0.0,0.9902682047372047,0.009779458668074668,2.9946394555491773,0.04230969738782354,0.4194282123782595,1.0730359496495052
macro,macro@1,best_valid,token,wrapper,wrapper.intra.Tempo,intra,3,FlatJointWrapper,,,,0.979157546955179,0.999611737138923,0.09509896324222429,0.0,0.991498689980417,0.008537652273368977,2.998835211416769,0.019711364203894764,0.39673264216148285,1.0757145136270814
