{
  "split": "best_valid",
  "feature_mode": "none",
  "stages": [
    {
      "stage": "macro@1",
      "n_eff": 6.386643533130834,
      "cv_usage": 0.9375078398731995,
      "top1_max_frac": 0.7693495672161764,
      "entropy_mean": 1.8212214049536688,
      "route_jitter_adjacent": 0.0,
      "route_consistency_knn_js": 0.05545063569362452,
      "route_consistency_knn_score": 0.9460587240504624,
      "route_consistency_group_knn_js": 0.006425953756301326,
      "route_consistency_group_knn_score": 0.9935946485311344,
      "route_consistency_intra_group_knn_mean_js": 0.04867294782500636,
      "route_consistency_intra_group_knn_mean_score": 0.9524989964303158,
      "route_consistency_feature_group_knn_mean_score": 0.8973268477124937,
      "family_top_expert_mean_share": 0.3324670195579529,
      "route_consistency_feature_group_knn_tempo_js": 0.10197706459658117,
      "route_consistency_feature_group_knn_tempo_score": 0.9030502632534568,
      "route_consistency_feature_group_knn_focus_js": 0.09825522833532795,
      "route_consistency_feature_group_knn_focus_score": 0.906417530791213,
      "route_consistency_feature_group_knn_memory_js": 0.12764406599430195,
      "route_consistency_feature_group_knn_memory_score": 0.8801666046228025,
      "route_consistency_feature_group_knn_exposure_js": 0.10572392370197288,
      "route_consistency_feature_group_knn_exposure_score": 0.8996729921825026
    }
  ]
}
