stage_name,stage_key,split,aggregation_level,node_kind,node_name,route_space,support_size,wrapper_name,source_type,temperature,top_k,entropy_norm,n_eff_norm,top1_monopoly_norm,jitter_adj_norm,knn_consistency_score,knn_consistency_js,n_eff,cv_usage,top1_max_frac,entropy_mean
mid,mid@1,best_valid,session,final,final.expert,expert,16,FlatJointWrapper,,,,0.712387463929052,0.7166794890141459,0.1941585545838209,0.7360192643841142,0.9819757727759647,0.01818864223958445,11.466871824226335,0.6287478804588318,0.24452364492233208,1.9751574483546883
mid,mid@1,best_valid,session,final,final.group,group,4,FlatJointWrapper,,,,0.8478274182694229,0.9196454951216168,0.3248121971719016,0.0,0.9956423503433471,0.004367171885010236,3.678581980486467,0.2955935299396515,0.4936091478789262,1.1753383691497359
mid,mid@1,best_valid,session,final,final.intra.Exposure,intra,4,FlatJointWrapper,,,,0.5660621069447711,0.6576558354179544,0.6148231674075864,0.0,0.9889014652880251,0.011160582972002913,2.6306233416718174,0.7214930653572083,0.7111173755556898,0.7847287069011806
mid,mid@1,best_valid,session,final,final.intra.Focus,intra,4,FlatJointWrapper,,,,0.48053312016728905,0.7114144570854305,0.46917184788437033,0.0,0.9867318143448257,0.013356994459708402,2.845657828341722,0.6369069218635559,0.6018788859132778,0.6661603548192596
mid,mid@1,best_valid,session,final,final.intra.Memory,intra,4,FlatJointWrapper,,,,0.6349020387758272,0.8296666006647533,0.195129245186632,0.0,0.9893737233493938,0.010683138708381498,3.318666402659013,0.4531043739977106,0.396346933889974,0.8801611162184513
mid,mid@1,best_valid,session,final,final.intra.Tempo,intra,4,FlatJointWrapper,,,,0.7559705812748592,0.9056419302982637,0.3136644688906936,0.0,0.9862700283790612,0.013825099419569217,3.6225677211930547,0.32278352975845337,0.4852483516680202,1.0479977539938632
