stage_name,stage_key,split,aggregation_level,node_kind,node_name,route_space,support_size,wrapper_name,source_type,temperature,top_k,entropy_norm,n_eff_norm,top1_monopoly_norm,jitter_adj_norm,knn_consistency_score,knn_consistency_js,n_eff,cv_usage,top1_max_frac,entropy_mean
macro,macro@1,best_valid,session,final,final.expert,expert,16,FlatJointWrapper,,,,0.9531237775544638,0.9917520771136573,0.06268257978337254,0.7196487655892084,0.9671903139238732,0.03335999428518106,15.868033233818517,0.09119491279125214,0.12126491854691175,2.642620236546084
macro,macro@1,best_valid,session,final,final.group,group,4,FlatJointWrapper,,,,0.9818783644121859,0.9974951463630036,0.09330081017510235,0.0,0.9939189534833176,0.006099611380850205,3.9899805854520145,0.05011041462421417,0.31997560763132676,1.3611724398902343
macro,macro@1,best_valid,session,final,final.intra.Exposure,intra,4,FlatJointWrapper,,,,0.9210779130259271,0.9968151284369983,0.07192844905189189,0.0,0.9713579547682997,0.029060233136429636,3.987260513747993,0.056524697691202164,0.3039463367889189,1.2768851169799198
macro,macro@1,best_valid,session,final,final.intra.Focus,intra,4,FlatJointWrapper,,,,0.929045386118826,0.9928051695978413,0.10340622005401164,0.0,0.9740180559431434,0.026325437582121868,3.971220678391365,0.08512952923774719,0.32755466504050873,1.28793038000098
macro,macro@1,best_valid,session,final,final.intra.Memory,intra,4,FlatJointWrapper,,,,0.9401221199976267,0.9932015380484176,0.07552922728460665,0.0,0.9793826332474946,0.02083287190350667,3.9728061521936704,0.08273504674434662,0.306646920463455,1.303285993716787
macro,macro@1,best_valid,session,final,final.intra.Tempo,intra,4,FlatJointWrapper,,,,0.9248705962794048,0.9967822001005741,0.031622963672793825,0.0,0.9712386912414664,0.02918302087749575,3.9871288004022962,0.05681784078478813,0.27371722275459537,1.2821428923877298
