{
  "split": "best_valid",
  "feature_mode": "none",
  "stages": [
    {
      "stage": "macro@1",
      "n_eff": 10.069076444053938,
      "cv_usage": 0.43791289257484034,
      "top1_max_frac": 0.42700628269010554,
      "entropy_mean": 2.3446663868342053,
      "route_jitter_adjacent": 0.0,
      "route_consistency_knn_js": 0.005578062685988101,
      "route_consistency_knn_score": 0.9944374658192681,
      "route_consistency_group_knn_js": 0.0032496130795157284,
      "route_consistency_group_knn_score": 0.9967556611984,
      "route_consistency_intra_group_knn_mean_js": 0.0032323581125122455,
      "route_consistency_intra_group_knn_mean_score": 0.9967762627374313,
      "route_consistency_feature_group_knn_mean_score": 0.9868853702530436,
      "family_top_expert_mean_share": 0.14232520759105682,
      "route_consistency_feature_group_knn_tempo_js": 0.010725295774734252,
      "route_consistency_feature_group_knn_tempo_score": 0.989332015134845,
      "route_consistency_feature_group_knn_focus_js": 0.01520847213291061,
      "route_consistency_feature_group_knn_focus_score": 0.9849065926211633,
      "route_consistency_feature_group_knn_memory_js": 0.015173571245806353,
      "route_consistency_feature_group_knn_memory_score": 0.9849409673348111,
      "route_consistency_feature_group_knn_exposure_js": 0.011706346766466395,
      "route_consistency_feature_group_knn_exposure_score": 0.9883619059213553
    }
  ]
}
