stage_name,stage_key,split,aggregation_level,node_kind,node_name,route_space,support_size,wrapper_name,source_type,temperature,top_k,entropy_norm,n_eff_norm,top1_monopoly_norm,jitter_adj_norm,knn_consistency_score,knn_consistency_js,n_eff,cv_usage,top1_max_frac,entropy_mean
macro,macro@1,best_valid,session,final,final.expert,expert,12,ScalarGroupConditionalProductWrapper,,,,0.8470544902126078,0.5405602835042213,0.8675176041372697,0.0,0.9877049273516846,0.012371282367646336,6.4867234020506555,0.921918112325387,0.8785578037924973,2.1048513354620937
macro,macro@1,best_valid,session,final,final.group,group,4,ScalarGroupConditionalProductWrapper,,,,0.811107370528636,0.6384975782540503,0.9775093191706873,0.0,0.9965909211125477,0.003414903037307534,2.553990313016201,0.7524471282958984,0.9831319893780155,1.1244335740266298
macro,macro@1,best_valid,session,final,final.intra.Exposure,intra,3,ScalarGroupConditionalProductWrapper,,,,0.8784976837439312,0.8545709329311802,0.819688072708232,0.0,0.9894448524789976,0.010611248207146796,2.563712798793541,0.41252610348087243,0.8797920484721546,0.9651283509275536
macro,macro@1,best_valid,session,final,final.intra.Focus,intra,3,ScalarGroupConditionalProductWrapper,,,,0.9358693738461894,0.997832179956006,0.3022590417773123,0.0,0.9950035284128118,0.005008995686302392,2.9934965398680182,0.04660968064189909,0.5348393611848749,1.028157594695553
macro,macro@1,best_valid,session,final,final.intra.Memory,intra,3,ScalarGroupConditionalProductWrapper,,,,0.955931435930291,0.9960581492887718,0.6794890975053297,0.0,0.9932626219165287,0.006760176674711189,2.9881744478663155,0.06290855071221141,0.7863260650035532,1.0501980226371694
macro,macro@1,best_valid,session,final,final.intra.Tempo,intra,3,ScalarGroupConditionalProductWrapper,,,,0.844701720913284,0.9468002407009832,0.28868235030108086,0.0,0.9862174087327471,0.013878453012942315,2.8404007221029497,0.2370423368836842,0.5257882335340539,0.9279996908544339
