{
  "split": "best_valid",
  "feature_mode": "none",
  "stages": [
    {
      "stage": "macro@1",
      "n_eff": 10.764083889738371,
      "cv_usage": 0.33884884152266853,
      "top1_max_frac": 0.3489788452019713,
      "entropy_mean": 2.233382696322121,
      "route_jitter_adjacent": 0.0,
      "route_consistency_knn_js": 0.02363579126865408,
      "route_consistency_knn_score": 0.9766413462967265,
      "route_consistency_group_knn_js": 0.006370902283217658,
      "route_consistency_group_knn_score": 0.9936493488858379,
      "route_consistency_intra_group_knn_mean_js": 0.017739607937437975,
      "route_consistency_intra_group_knn_mean_score": 0.9824375309689449,
      "route_consistency_feature_group_knn_mean_score": 0.9391147795253258,
      "family_top_expert_mean_share": 0.14784006774425507,
      "route_consistency_feature_group_knn_tempo_js": 0.06938381838792188,
      "route_consistency_feature_group_knn_tempo_score": 0.9329685208748908,
      "route_consistency_feature_group_knn_focus_js": 0.06103078501040144,
      "route_consistency_feature_group_knn_focus_score": 0.9407942769685997,
      "route_consistency_feature_group_knn_memory_js": 0.0774287645277621,
      "route_consistency_feature_group_knn_memory_score": 0.9254929499758335,
      "route_consistency_feature_group_knn_exposure_js": 0.04373940197419778,
      "route_consistency_feature_group_knn_exposure_score": 0.9572033702819791
    }
  ]
}
