best_mrr20,epoch,epoch_time_sec,eval,lr,patience_used,train_loss,trial,valid_mrr20
0.0738,1,30.272798538208008,1,0.0004983,0,1581.921085357666,1,0.0738
0.1895,3,30.232338666915894,1,0.0004983,0,1026.5195388793945,1,0.1895
0.3,10,30.059289693832397,1,0.0004983,0,423.7202796936035,1,0.3
0.3113,15,29.80482578277588,1,0.0004983,0,237.81296646595,1,0.3113
0.3113,25,30.497396230697632,1,0.0004983,10,88.09795445203781,1,0.3024
