stage_name,stage_key,split,aggregation_level,node_kind,node_name,route_space,support_size,wrapper_name,source_type,temperature,top_k,entropy_norm,n_eff_norm,top1_monopoly_norm,jitter_adj_norm,knn_consistency_score,knn_consistency_js,n_eff,cv_usage,top1_max_frac,entropy_mean
macro,macro@1,best_valid,session,final,final.expert,expert,12,GroupConditionalProductWrapper,,,,0.900756469147375,0.9793931378331715,0.17909497894597468,0.0,0.9923259580867569,0.007703638889072728,11.752717653998058,0.14505330220182552,0.24750373070047677,2.238295740023872
macro,macro@1,best_valid,session,final,final.group,group,4,GroupConditionalProductWrapper,,,,0.9386243842376504,0.99916896797543,0.08023634854474719,0.0,0.9974694721360724,0.0025337350613067098,3.99667587190172,0.0288397204130888,0.3101772614085604,1.3012096910782842
macro,macro@1,best_valid,session,final,final.intra.Exposure,intra,3,GroupConditionalProductWrapper,,,,0.7076973783124043,0.9829528109337723,0.19250414460127926,0.0,0.9888157190724427,0.011247295284879829,2.948858432801317,0.13169225657903383,0.4616694297341862,0.7774850364722116
macro,macro@1,best_valid,session,final,final.intra.Focus,intra,3,GroupConditionalProductWrapper,,,,0.9676146798269244,0.9990919736376984,0.3287054749008317,0.0,0.9982914713636426,0.001709989835979453,2.9972759209130952,0.03014799769526727,0.5524703166005545,1.0630333779535177
macro,macro@1,best_valid,session,final,final.intra.Memory,intra,3,GroupConditionalProductWrapper,,,,0.928178992042638,0.9747317256422025,0.6019706152803227,0.0,0.9977081505213639,0.0022944797852655343,2.9241951769266072,0.16100730267145327,0.7346470768535485,1.0197088467416218
macro,macro@1,best_valid,session,final,final.intra.Tempo,intra,3,GroupConditionalProductWrapper,,,,0.8141201208252323,0.8728132802420809,0.47558208995294954,0.0,0.994712696646705,0.005301330607750076,2.618439840726243,0.3817334955414088,0.650388059968633,0.8944023691905666
