best_mrr20,epoch,epoch_time_sec,eval,lr,patience_used,train_loss,trial,valid_mrr20
0.0135,1,17.77512264251709,1,0.0002738,0,692.5443863868713,1,0.0135
0.0149,3,17.260446071624756,1,0.0002738,0,611.7328972816467,1,0.0149
0.0174,9,16.864840984344482,1,0.0002738,0,532.6688590049744,1,0.0174
0.0174,10,16.564690828323364,1,0.0002738,1,525.3943867683411,1,0.0172
0.0174,19,16.7931809425354,1,0.0002738,10,470.49247884750366,1,0.017
