best_mrr20,epoch,epoch_time_sec,eval,lr,patience_used,train_loss,trial,valid_mrr20
0.3161,1,46.45293641090393,1,0.00056966,0,2155.2854833602905,1,0.3161
0.3611,3,44.55909252166748,1,0.00056966,0,1170.1718926429749,1,0.3611
0.3769,6,44.91614818572998,1,0.00056966,0,832.5410203933716,1,0.3769
0.3769,10,44.38145899772644,1,0.00056966,4,690.331301689148,1,0.3688
0.3769,16,44.83093214035034,1,0.00056966,10,529.8769972324371,1,0.3457
