stage_name,stage_key,split,aggregation_level,node_kind,node_name,route_space,support_size,wrapper_name,source_type,temperature,top_k,entropy_norm,n_eff_norm,top1_monopoly_norm,jitter_adj_norm,knn_consistency_score,knn_consistency_js,n_eff,cv_usage,top1_max_frac,entropy_mean
macro,macro@1,best_valid,session,final,final.expert,expert,12,FlatPlusGroupIntraResidualWrapper,,,,0.7752238297494994,0.793242907548415,0.2656175349125836,0.4738060604578958,0.9807920309222738,0.019394838912446415,9.51891489058098,0.5105366992310644,0.32681607366986826,1.926358849618652
macro,macro@1,best_valid,session,final,final.group,group,4,FlatPlusGroupIntraResidualWrapper,,,,0.798955289387492,0.8841762473591523,0.3868093170189299,0.0,0.9917061470036874,0.008328438358438661,3.5367049894366094,0.36193403601646423,0.5401069877641974,1.1075872124647905
macro,macro@1,best_valid,session,final,final.intra.Exposure,intra,3,FlatPlusGroupIntraResidualWrapper,,,,0.8307240808423773,0.9753104645535715,0.23691346341005043,0.0,0.9910533919668606,0.00898686924486697,2.9259313936607145,0.15910519185348773,0.49127564227336695,0.9126436837059559
macro,macro@1,best_valid,session,final,final.intra.Focus,intra,3,FlatPlusGroupIntraResidualWrapper,,,,0.7625799834609905,0.821995688412036,0.6418863137547067,0.0,0.9923669448328831,0.007662336029500173,2.465987065236108,0.4653507332399269,0.7612575425031378,0.8377797409225681
macro,macro@1,best_valid,session,final,final.intra.Memory,intra,3,FlatPlusGroupIntraResidualWrapper,,,,0.7736944334318295,0.9451559970395597,0.2456355838350482,0.0,0.9871467812946644,0.012936536021313332,2.835467991118679,0.24088674810866273,0.49709038922336546,0.8499902122423187
macro,macro@1,best_valid,session,final,final.intra.Tempo,intra,3,FlatPlusGroupIntraResidualWrapper,,,,0.7145560013376261,0.9214524236352771,0.3330883488042741,0.0,0.9884308848410304,0.011636558046044696,2.7643572709058315,0.2919644328366389,0.5553922325361828,0.7850200040110623
