{
  "best_trial": 4,
  "mrr@20": 0.0897,
  "feature_ablation_metrics": {
    "feature_zero_delta_mrr": 0.004600000000000007,
    "feature_shuffle_delta_mrr": 0.0016000000000000042,
    "route_change_under_feature_shuffle": 0.040639013452914804,
    "route_change_under_feature_zero": 0.11771300448430493,
    "family_tempo_zero_delta_mrr": 0.0006000000000000033,
    "family_tempo_shuffle_delta_mrr": 0.0007000000000000062,
    "family_tempo_route_change_under_zero": 0.026345291479820628,
    "family_tempo_route_change_under_shuffle": 0.012892376681614356,
    "family_focus_zero_delta_mrr": 0.0005000000000000004,
    "family_focus_shuffle_delta_mrr": 0.00020000000000000573,
    "family_focus_route_change_under_zero": 0.07987668161434978,
    "family_focus_route_change_under_shuffle": 0.03839686098654709,
    "family_memory_zero_delta_mrr": 0.0,
    "family_memory_shuffle_delta_mrr": 0.0003000000000000086,
    "family_memory_route_change_under_zero": 0.0165358744394619,
    "family_memory_route_change_under_shuffle": 0.005044843049327362,
    "family_exposure_zero_delta_mrr": 0.004199999999999995,
    "family_exposure_shuffle_delta_mrr": 0.0032000000000000084,
    "family_exposure_route_change_under_zero": 0.05100896860986547,
    "family_exposure_route_change_under_shuffle": 0.01205156950672645,
    "early_feature_zero_delta_mrr": 0.0,
    "early_feature_shuffle_delta_mrr": 0.0,
    "early_route_change_under_feature_shuffle": 0.034473094170403576,
    "early_route_change_under_feature_zero": 0.12107623318385648,
    "early_family_tempo_zero_delta_mrr": 0.0,
    "early_family_tempo_shuffle_delta_mrr": -9.99999999999994e-05,
    "early_family_tempo_route_change_under_zero": 0.01961883408071749,
    "early_family_tempo_route_change_under_shuffle": 0.008688340807174896,
    "early_family_focus_zero_delta_mrr": 0.0,
    "early_family_focus_shuffle_delta_mrr": 0.0,
    "early_family_focus_route_change_under_zero": 0.09837443946188339,
    "early_family_focus_route_change_under_shuffle": 0.031390134529147976,
    "early_family_memory_zero_delta_mrr": 0.0,
    "early_family_memory_shuffle_delta_mrr": 0.0,
    "early_family_memory_route_change_under_zero": 0.02214125560538117,
    "early_family_memory_route_change_under_shuffle": 0.005325112107623311,
    "early_family_exposure_zero_delta_mrr": 0.0,
    "early_family_exposure_shuffle_delta_mrr": 0.0,
    "early_family_exposure_route_change_under_zero": 0.0445627802690583,
    "early_family_exposure_route_change_under_shuffle": 0.010930493273542601
  }
}
