stage_name,stage_key,split,aggregation_level,node_kind,node_name,route_space,support_size,wrapper_name,source_type,temperature,top_k,entropy_norm,n_eff_norm,top1_monopoly_norm,jitter_adj_norm,knn_consistency_score,knn_consistency_js,n_eff,cv_usage,top1_max_frac,entropy_mean
macro,macro@1,best_valid,session,final,final.expert,expert,12,GroupConditionalProductWrapper,,,,0.9993768919385589,0.9974992681760123,0.9213659437009691,0.0,0.9999492702711491,5.073101564714339e-05,11.969991218112147,0.05006891153547431,0.9279187817258884,2.483358284422589
macro,macro@1,best_valid,session,final,final.group,group,4,GroupConditionalProductWrapper,,,,0.9997379305210019,0.9995908028105674,0.9079526226734349,0.0,0.9999624347133875,3.756599220554386e-05,3.99836321124227,0.020230041816830635,0.9309644670050762,1.385931055678934
macro,macro@1,best_valid,session,final,final.intra.Exposure,intra,3,GroupConditionalProductWrapper,,,,0.9995629483229075,0.9991524851908237,0.9573604060913706,0.0,0.9999843072460604,1.5692877072214553e-05,2.997457455572471,0.029122268103388773,0.9715736040609138,1.098132138324873
macro,macro@1,best_valid,session,final,final.intra.Focus,intra,3,GroupConditionalProductWrapper,,,,0.9989949738094458,0.9980038395616906,0.9406091370558375,0.0,0.999992498768239,7.501259895321806e-06,2.9940115186850718,0.0447240442618158,0.9604060913705583,1.0975081545447336
macro,macro@1,best_valid,session,final,final.intra.Memory,intra,3,GroupConditionalProductWrapper,,,,0.9984935544028244,0.9968187412106607,0.9741116751269034,0.0,0.9999948256258564,5.1743875307121635e-06,2.9904562236319823,0.05649200285994998,0.9827411167512691,1.0969572890228427
macro,macro@1,best_valid,session,final,final.intra.Tempo,intra,3,GroupConditionalProductWrapper,,,,0.9986691922017242,0.9977485084068909,1.0,0.0,0.9999762021232487,2.3798159925283585e-05,2.9932455252206727,0.04750290930262478,1.0,1.0971502468670686
