best_mrr20,epoch,epoch_time_sec,eval,lr,patience_used,train_loss,trial,valid_mrr20
0.013,1,17.27059054374695,1,0.0005476,0,677.7151560783386,1,0.013
0.0169,3,16.260729789733887,1,0.0005476,0,583.322877407074,1,0.0169
0.0186,7,16.971452236175537,1,0.0005476,0,529.6304106712341,1,0.0186
0.0186,10,16.321548461914062,1,0.0005476,3,509.098895072937,1,0.0182
0.0186,17,16.622255563735962,1,0.0005476,10,474.3611855506897,1,0.017
