best_mrr20,epoch,epoch_time_sec,eval,lr,patience_used,train_loss,trial,valid_mrr20
0.2742,1,46.46064066886902,1,0.00056966,0,2223.8370819091797,1,0.2742
0.3454,3,44.495436906814575,1,0.00056966,0,1243.0064339637756,1,0.3454
0.3724,6,44.659271478652954,1,0.00056966,0,849.551150560379,1,0.3724
0.3724,10,43.98236417770386,1,0.00056966,4,707.0096447467804,1,0.3652
0.3724,16,43.49980640411377,1,0.00056966,10,554.6254932880402,1,0.3457
