{
  "split": "best_valid",
  "feature_mode": "none",
  "stages": [
    {
      "stage": "macro@1",
      "n_eff": 3.9671457313179506,
      "cv_usage": 0.09100364488406716,
      "top1_max_frac": 0.7724215246636771,
      "entropy_mean": 1.3474160780286575,
      "route_jitter_adjacent": 0.0,
      "route_consistency_knn_js": 0.0007691418059895104,
      "route_consistency_knn_score": 0.9992311539077492,
      "route_consistency_group_knn_js": 0.0007691418059895104,
      "route_consistency_group_knn_score": 0.9992311539077492,
      "route_consistency_intra_group_knn_mean_js": 0.0,
      "route_consistency_intra_group_knn_mean_score": 1.0,
      "route_consistency_feature_group_knn_mean_score": 0.9982608583391354,
      "family_top_expert_mean_share": 0.2880394756793976,
      "route_consistency_feature_group_knn_tempo_js": 0.0007433650786416573,
      "route_consistency_feature_group_knn_tempo_score": 0.9992569111487283,
      "route_consistency_feature_group_knn_focus_js": 0.0030935101531909415,
      "route_consistency_feature_group_knn_focus_score": 0.9969112698191084,
      "route_consistency_feature_group_knn_memory_js": 0.0017068376571557928,
      "route_consistency_feature_group_knn_memory_score": 0.9982946181618382,
      "route_consistency_feature_group_knn_exposure_js": 0.0014203740268993225,
      "route_consistency_feature_group_knn_exposure_score": 0.9985806342268665
    }
  ]
}
