best_mrr20,epoch,epoch_time_sec,eval,lr,patience_used,train_loss,trial,valid_mrr20
0.0677,1,9.142857789993286,1,0.00095164,0,397.3557720184326,1,0.0677
0.1679,3,8.1436128616333,1,0.00095164,0,267.78855991363525,1,0.1679
0.1921,9,8.275461196899414,1,0.00095164,0,137.18137645721436,1,0.1921
0.1921,10,8.041300773620605,1,0.00095164,1,126.44924116134644,1,0.1893
0.1921,19,7.797533273696899,1,0.00095164,10,64.03408420085907,1,0.1775
