{
  "valid": {
    "count": 3499,
    "hit@5": 0.016576164618462418,
    "hit@10": 0.021148899685624466,
    "hit@20": 0.03543869677050586,
    "ndcg@5": 0.012414678782182068,
    "ndcg@10": 0.013862775526376546,
    "ndcg@20": 0.017494630459275507,
    "mrr@5": 0.011069829500924182,
    "mrr@10": 0.011649473585991152,
    "mrr@20": 0.01265553988369406
  },
  "test": {
    "count": 2706,
    "hit@5": 0.11160384331116038,
    "hit@10": 0.11566888396156688,
    "hit@20": 0.12195121951219512,
    "ndcg@5": 0.1095259996889612,
    "ndcg@10": 0.11086083741559863,
    "ndcg@20": 0.11238052551163097,
    "mrr@5": 0.10883222469689664,
    "mrr@10": 0.10939388076244067,
    "mrr@20": 0.10977568042774995
  },
  "slice_metrics": {
    "valid": {
      "target_popularity_abs": {
        "cold_0": {
          "count": 860,
          "hit@5": 0.0,
          "hit@10": 0.0,
          "hit@20": 0.0,
          "ndcg@5": 0.0,
          "ndcg@10": 0.0,
          "ndcg@20": 0.0,
          "mrr@5": 0.0,
          "mrr@10": 0.0,
          "mrr@20": 0.0
        },
        "rare_1_5": {
          "count": 116,
          "hit@5": 0.017241379310344827,
          "hit@10": 0.017241379310344827,
          "hit@20": 0.017241379310344827,
          "ndcg@5": 0.017241379310344827,
          "ndcg@10": 0.017241379310344827,
          "ndcg@20": 0.017241379310344827,
          "mrr@5": 0.017241379310344827,
          "mrr@10": 0.017241379310344827,
          "mrr@20": 0.017241379310344827
        },
        "6_20": {
          "count": 334,
          "hit@5": 0.0029940119760479044,
          "hit@10": 0.0029940119760479044,
          "hit@20": 0.011976047904191617,
          "ndcg@5": 0.0029940119760479044,
          "ndcg@10": 0.0029940119760479044,
          "ndcg@20": 0.005157919567145273,
          "mrr@5": 0.0029940119760479044,
          "mrr@10": 0.0029940119760479044,
          "mrr@20": 0.0035317835626666417
        },
        "21_100": {
          "count": 1259,
          "hit@5": 0.011914217633042097,
          "hit@10": 0.015885623510722795,
          "hit@20": 0.030182684670373314,
          "ndcg@5": 0.008174335393193604,
          "ndcg@10": 0.009439331870688817,
          "ndcg@20": 0.01305081873445685,
          "mrr@5": 0.006963198352087292,
          "mrr@10": 0.007473807690207971,
          "mrr@20": 0.008461560627905693
        },
        "101+": {
          "count": 930,
          "hit@5": 0.043010752688172046,
          "hit@10": 0.054838709677419356,
          "hit@20": 0.08602150537634409,
          "ndcg@5": 0.03241663741809066,
          "ndcg@10": 0.03615240079741324,
          "ndcg@20": 0.044150522639674526,
          "mrr@5": 0.028996415804791193,
          "mrr@10": 0.030486004511194844,
          "mrr@20": 0.032740874744711386
        }
      },
      "target_popularity_abs_legacy": {
        "<=5": {
          "count": 976,
          "hit@5": 0.0020491803278688526,
          "hit@10": 0.0020491803278688526,
          "hit@20": 0.0020491803278688526,
          "ndcg@5": 0.0020491803278688526,
          "ndcg@10": 0.0020491803278688526,
          "ndcg@20": 0.0020491803278688526,
          "mrr@5": 0.0020491803278688526,
          "mrr@10": 0.0020491803278688526,
          "mrr@20": 0.0020491803278688526
        },
        "6-20": {
          "count": 334,
          "hit@5": 0.0029940119760479044,
          "hit@10": 0.0029940119760479044,
          "hit@20": 0.011976047904191617,
          "ndcg@5": 0.0029940119760479044,
          "ndcg@10": 0.0029940119760479044,
          "ndcg@20": 0.005157919567145273,
          "mrr@5": 0.0029940119760479044,
          "mrr@10": 0.0029940119760479044,
          "mrr@20": 0.0035317835626666417
        },
        "21-100": {
          "count": 1259,
          "hit@5": 0.011914217633042097,
          "hit@10": 0.015885623510722795,
          "hit@20": 0.030182684670373314,
          "ndcg@5": 0.008174335393193604,
          "ndcg@10": 0.009439331870688817,
          "ndcg@20": 0.01305081873445685,
          "mrr@5": 0.006963198352087292,
          "mrr@10": 0.007473807690207971,
          "mrr@20": 0.008461560627905693
        },
        ">100": {
          "count": 930,
          "hit@5": 0.043010752688172046,
          "hit@10": 0.054838709677419356,
          "hit@20": 0.08602150537634409,
          "ndcg@5": 0.03241663741809066,
          "ndcg@10": 0.03615240079741324,
          "ndcg@20": 0.044150522639674526,
          "mrr@5": 0.028996415804791193,
          "mrr@10": 0.030486004511194844,
          "mrr@20": 0.032740874744711386
        }
      },
      "session_len": {
        "<=7": {
          "count": 2358,
          "hit@5": 0.01272264631043257,
          "hit@10": 0.016115351993214587,
          "hit@20": 0.03095843935538592,
          "ndcg@5": 0.008603104172974345,
          "ndcg@10": 0.009693535014772133,
          "ndcg@20": 0.013457339892102259,
          "mrr@5": 0.0072660446925321,
          "mrr@10": 0.0077123470585461484,
          "mrr@20": 0.008750245728679286
        },
        "8-12": {
          "count": 507,
          "hit@5": 0.015779092702169626,
          "hit@10": 0.021696252465483234,
          "hit@20": 0.03747534516765286,
          "ndcg@5": 0.009760274513233342,
          "ndcg@10": 0.011558031894751554,
          "ndcg@20": 0.015664204573019955,
          "mrr@5": 0.007790927086356123,
          "mrr@10": 0.008467173934923357,
          "mrr@20": 0.009656889360449488
        },
        "13+": {
          "count": 634,
          "hit@5": 0.031545741324921134,
          "hit@10": 0.03943217665615142,
          "hit@20": 0.050473186119873815,
          "ndcg@5": 0.028713536657369476,
          "ndcg@10": 0.031212261563595915,
          "ndcg@20": 0.033974058032975964,
          "mrr@5": 0.027839116728644267,
          "mrr@10": 0.028837439319124733,
          "mrr@20": 0.029578251922826284
        }
      },
      "session_len_legacy": {
        "1-2": {
          "count": 615,
          "hit@5": 0.008130081300813009,
          "hit@10": 0.011382113821138212,
          "hit@20": 0.02113821138211382,
          "ndcg@5": 0.004213390360033609,
          "ndcg@10": 0.005282068737154084,
          "ndcg@20": 0.007783623924100302,
          "mrr@5": 0.003008130095838531,
          "mrr@10": 0.0034598012886396267,
          "mrr@20": 0.004166402746506823
        },
        "3-5": {
          "count": 1305,
          "hit@5": 0.013793103448275862,
          "hit@10": 0.016091954022988506,
          "hit@20": 0.03218390804597701,
          "ndcg@5": 0.010103309611251072,
          "ndcg@10": 0.010844839646898467,
          "ndcg@20": 0.014923760214984646,
          "mrr@5": 0.008876117527256524,
          "mrr@10": 0.009180198301529063,
          "mrr@20": 0.010303638818391895
        },
        "6-10": {
          "count": 799,
          "hit@5": 0.017521902377972465,
          "hit@10": 0.025031289111389236,
          "hit@20": 0.0425531914893617,
          "ndcg@5": 0.010586388866056937,
          "ndcg@10": 0.012911501530562534,
          "ndcg@20": 0.01739345625210763,
          "mrr@5": 0.008322903674296354,
          "mrr@10": 0.009224824747245512,
          "mrr@20": 0.010480690034146005
        },
        "11+": {
          "count": 780,
          "hit@5": 0.026923076923076925,
          "hit@10": 0.03333333333333333,
          "hit@20": 0.04487179487179487,
          "ndcg@5": 0.024621002872784934,
          "ndcg@10": 0.026652017732461293,
          "ndcg@20": 0.02955628799704405,
          "mrr@5": 0.02391025641789803,
          "mrr@10": 0.024721713497852668,
          "mrr@20": 0.025511636370076585
        }
      }
    },
    "test": {
      "target_popularity_abs": {
        "cold_0": {
          "count": 1813,
          "hit@5": 0.0,
          "hit@10": 0.0,
          "hit@20": 0.0,
          "ndcg@5": 0.0,
          "ndcg@10": 0.0,
          "ndcg@20": 0.0,
          "mrr@5": 0.0,
          "mrr@10": 0.0,
          "mrr@20": 0.0
        },