best_mrr20,epoch,epoch_time_sec,eval,lr,patience_used,train_loss,trial,valid_mrr20
0.0126,1,18.360352516174316,1,0.0005476,0,697.0981125831604,1,0.0126
0.0159,3,17.328826904296875,1,0.0005476,0,601.1773085594177,1,0.0159
0.0179,10,17.112496852874756,1,0.0005476,0,510.74591541290283,1,0.0179
0.0184,11,16.878833293914795,1,0.0005476,0,503.67381286621094,1,0.0184
0.0184,21,16.67111325263977,1,0.0005476,10,451.79755210876465,1,0.0174
