{
  "model": "BSARec",
  "dataset": "foursquare",
  "dataset_raw": "foursquare",
  "max_evals": 5,
  "tune_epochs": 34,
  "n_completed": 5,
  "n_recorded_trials": 5,
  "timestamp": "2026-04-12T05:19:07.176199",
  "trials": [
    {
      "trial": 1,
      "params": {
        "learning_rate": 0.00022121328709287597
      },
      "mrr@20": 0.0003,
      "valid_result": {
        "hit@5": 0.0003,
        "hit@10": 0.0003,
        "hit@20": 0.0003,
        "ndcg@5": 0.0003,
        "ndcg@10": 0.0003,
        "ndcg@20": 0.0003,
        "mrr@5": 0.0003,
        "mrr@10": 0.0003,
        "mrr@20": 0.0003
      },
      "test_result": {
        "hit@5": 0.0003,
        "hit@10": 0.0008,
        "hit@20": 0.0013,
        "ndcg@5": 0.0001,
        "ndcg@10": 0.0003,
        "ndcg@20": 0.0004,
        "mrr@5": 0.0001,
        "mrr@10": 0.0001,
        "mrr@20": 0.0002
      },
      "best_hr@10": 0.0003,
      "test_mrr@20": 0.0002,
      "test_hr@10": 0.0008,
      "epochs_run": 13,
      "early_stop_epoch": 13,
      "early_stopped": true,
      "elapsed": 12.5,
      "status": "ok"
    },
    {
      "trial": 2,
      "params": {
        "learning_rate": 0.0004184083769335249
      },
      "mrr@20": 0.0003,
      "valid_result": {
        "hit@5": 0.0003,
        "hit@10": 0.0003,
        "hit@20": 0.0005,
        "ndcg@5": 0.0003,
        "ndcg@10": 0.0003,
        "ndcg@20": 0.0003,
        "mrr@5": 0.0003,
        "mrr@10": 0.0003,
        "mrr@20": 0.0003
      },
      "test_result": {
        "hit@5": 0.0003,
        "hit@10": 0.0003,
        "hit@20": 0.0005,
        "ndcg@5": 0.0002,
        "ndcg@10": 0.0002,
        "ndcg@20": 0.0002,
        "mrr@5": 0.0001,
        "mrr@10": 0.0001,
        "mrr@20": 0.0001
      },
      "best_hr@10": 0.0003,
      "test_mrr@20": 0.0001,
      "test_hr@10": 0.0003,
      "epochs_run": 9,
      "early_stop_epoch": 9,
      "early_stopped": true,
      "elapsed": 8.5,
      "status": "ok"
    },
    {
      "trial": 3,
      "params": {
        "learning_rate": 0.00023441972220223812
      },
      "mrr@20": 0.0003,
      "valid_result": {
        "hit@5": 0.0003,
        "hit@10": 0.0003,
        "hit@20": 0.0003,
        "ndcg@5": 0.0003,
        "ndcg@10": 0.0003,
        "ndcg@20": 0.0003,
        "mrr@5": 0.0003,
        "mrr@10": 0.0003,
        "mrr@20": 0.0003
      },
      "test_result": {
        "hit@5": 0.0003,
        "hit@10": 0.0008,
        "hit@20": 0.0011,
        "ndcg@5": 0.0001,
        "ndcg@10": 0.0003,
        "ndcg@20": 0.0004,
        "mrr@5": 0.0001,
        "mrr@10": 0.0001,
        "mrr@20": 0.0002
      },
      "best_hr@10": 0.0003,
      "test_mrr@20": 0.0002,
      "test_hr@10": 0.0008,
      "epochs_run": 13,
      "early_stop_epoch": 13,
      "early_stopped": true,
      "elapsed": 12.4,
      "status": "ok"
    },
    {
      "trial": 4,
      "params": {
        "learning_rate": 0.0001250590343098184
      },
      "mrr@20": 0.0,
      "valid_result": {
        "hit@5": 0.0,
        "hit@10": 0.0003,
        "hit@20": 0.0003,
        "ndcg@5": 0.0,
        "ndcg@10": 0.0001,
        "ndcg@20": 0.0001,
        "mrr@5": 0.0,
        "mrr@10": 0.0,
        "mrr@20": 0.0
      },
      "test_result": {
        "hit@5": 0.0,
        "hit@10": 0.0,
        "hit@20": 0.0,
        "ndcg@5": 0.0,
        "ndcg@10": 0.0,
        "ndcg@20": 0.0,
        "mrr@5": 0.0,
        "mrr@10": 0.0,
        "mrr@20": 0.0
      },
      "best_hr@10": 0.0003,
      "test_mrr@20": 0.0,
      "test_hr@10": 0.0,
      "epochs_run": 6,
      "early_stop_epoch": 6,
      "early_stopped": true,
      "elapsed": 5.8,
      "status": "ok"
    },
    {
      "trial": 5,
      "params": {
        "learning_rate": 0.00031874648168391705
      },
      "mrr@20": 0.0003,
      "valid_result": {
        "hit@5": 0.0003,
        "hit@10": 0.0003,
        "hit@20": 0.0003,
        "ndcg@5": 0.0003,
        "ndcg@10": 0.0003,
        "ndcg@20": 0.0003,
        "mrr@5": 0.0003,
        "mrr@10": 0.0003,
        "mrr@20": 0.0003
      },
      "test_result": {
        "hit@5": 0.0,
        "hit@10": 0.0003,
        "hit@20": 0.0013,
        "ndcg@5": 0.0,
        "ndcg@10": 0.0001,
        "ndcg@20": 0.0004,
        "mrr@5": 0.0,
        "mrr@10": 0.0,
        "mrr@20": 0.0001
      },
      "best_hr@10": 0.0003,
      "test_mrr@20": 0.0001,
      "test_hr@10": 0.0003,
      "epochs_run": 11,
      "early_stop_epoch": 11,
      "early_stopped": true,
      "elapsed": 10.3,
      "status": "ok"
    }
  ],
  "run_group": "baseline",
  "run_axis": "stageh_targetedrecovery_anchor2_core5",
  "run_phase": "P23_SH_C20_MBSAREC_FAD_H3_R2_PASS3_MINI_S1",
  "parent_result": "",
  "interrupted": false,
  "interrupted_at": null,
  "tuned_search": {
    "learning_rate": [
      0.00010040256412375832,
      0.0004489050702562039
    ]
  },
  "fixed_search": {
    "num_layers": 1,
    "num_heads": 4,
    "weight_decay": 0.0002,
    "hidden_dropout_prob": 0.10999999999999999,
    "MAX_ITEM_LIST_LENGTH": 5,
    "n_layers": 1,
    "n_heads": 4,
    "dropout_ratio": 0.10999999999999999,
    "dropout_prob": 0.10999999999999999,
    "attn_dropout_prob": 0.10999999999999999,
    "hidden_size": 80,
    "embedding_size": 80,
    "inner_size": 160,
    "time_span": 512,
    "num_experts": 8,
    "state_size": 32,
    "conv_kernel": 8,
    "remaining_ratio": 0.7
  },
  "context_fixed": {
    "num_layers": 1,
    "search_space_type_overrides": {
      "learning_rate": "loguniform",
      "weight_decay": "choice",
      "n_layers": "choice",
      "num_layers": "choice",
      "n_heads": "choice",
      "num_heads": "choice",
      "dropout_ratio": "choice",
      "dropout_prob": "choice",
      "hidden_dropout_prob": "choice",
      "attn_dropout_prob": "choice",
      "hidden_size": "choice",
      "embedding_size": "choice",
      "inner_size": "choice",
      "time_span": "choice",
      "num_experts": "choice",
      "state_size": "choice",
      "conv_kernel": "choice",
      "remaining_ratio": "choice",
      "MAX_ITEM_LIST_LENGTH": "choice"
    }
  },
  "best_params": {
    "learning_rate": 0.00022121328709287597
  },
  "best_mrr@20": 0.0003,
  "best_hr@10": 0.0003,
  "test_mrr@20": 0.0002,
  "test_hr@10": 0.0008,
  "best_valid_result": {
    "hit@5": 0.0003,
    "hit@10": 0.0003,
    "hit@20": 0.0003,
    "ndcg@5": 0.0003,
    "ndcg@10": 0.0003,
    "ndcg@20": 0.0003,
    "mrr@5": 0.0003,
    "mrr@10": 0.0003,
    "mrr@20": 0.0003
  },
  "test_result": {
    "hit@5": 0.0003,
    "hit@10": 0.0008,
    "hit@20": 0.0013,
    "ndcg@5": 0.0001,
    "ndcg@10": 0.0003,
    "ndcg@20": 0.0004,
    "mrr@5": 0.0001,
    "mrr@10": 0.0001,
    "mrr@20": 0.0002
  },
  "best_valid_special_metrics": {
    "split": "best_valid",
    "overall": {
      "count": 3805,
      "hit@20": 0.00026281208935611036,
      "ndcg@20": 0.00026281208935611036,
      "mrr@20": 0.00026281208935611036
    },
    "slices": {
      "target_popularity_abs": {
        "rare_1_5": {
          "count": 3436,
          "hit@20": 0.0,
          "ndcg@20": 0.0,
          "mrr@20": 0.0
        },
        "6_20": {
          "count": 342,
          "hit@20": 0.0,
          "ndcg@20": 0.0,
          "mrr@20": 0.0
        },
        "21_100": {
          "count": 27,
          "hit@20": 0.037037037037037035,
          "ndcg@20": 0.037037037037037035,
          "mrr@20": 0.037037037037037035
        }
      },
      "target_popularity_abs_legacy": {
        "<=5": {
          "count": 3436,
          "hit@20": 0.0,
          "ndcg@20": 0.0,
          "mrr@20": 0.0
        },
        "6-20": {
          "count": 342,
          "hit@20": 0.0,
          "ndcg@20": 0.0,
          "mrr@20": 0.0
        },
        "21-100": {
          "count": 27,
          "hit@20": 0.037037037037037035,
          "ndcg@20": 0.037037037037037035,
          "mrr@20": 0.037037037037037035
        }
      },
      "session_len": {
        "<=7": {
          "count": 3805,