stage_name,stage_key,split,aggregation_level,node_kind,node_name,route_space,support_size,wrapper_name,source_type,temperature,top_k,entropy_norm,n_eff_norm,top1_monopoly_norm,jitter_adj_norm,knn_consistency_score,knn_consistency_js,n_eff,cv_usage,top1_max_frac,entropy_mean
macro,macro@1,best_valid,session,final,final.expert,expert,12,GroupConditionalProductWrapper,,,,0.9563950223516136,0.9718466987035396,0.4751729688402866,0.0,0.9973558023009957,0.0026476997645379975,11.662160384442474,0.1702023395835656,0.5189085547702627,2.376552350865668
macro,macro@1,best_valid,session,final,final.group,group,4,GroupConditionalProductWrapper,,,,0.9750357003362314,0.9963026169813577,0.39258752137555275,0.0,0.9993090032452874,0.0006912356030053903,3.9852104679254308,0.06091929227113724,0.5444406410316646,1.351686493266701
macro,macro@1,best_valid,session,final,final.intra.Exposure,intra,3,GroupConditionalProductWrapper,,,,0.8597598585303908,0.9675656023755081,0.4073320849190208,0.0,0.9959864421921387,0.004021633747075279,2.9026968071265244,0.18308921357723434,0.6048880566126805,0.944542745885043
macro,macro@1,best_valid,session,final,final.intra.Focus,intra,3,GroupConditionalProductWrapper,,,,0.9925137825311149,0.9975224873705956,0.39352905248038444,0.0,0.9996840616702191,0.0003159882488095316,2.992567462111787,0.04983593933773221,0.595686034986923,1.0903878381611507
macro,macro@1,best_valid,session,final,final.intra.Memory,intra,3,GroupConditionalProductWrapper,,,,0.9681443833140442,0.9998885815320507,0.4403311653880488,0.0,0.9992139856324116,0.0007863234388483117,2.999665744596152,0.01055807891501251,0.6268874435920325,1.0636153167138178
macro,macro@1,best_valid,session,final,final.intra.Tempo,intra,3,GroupConditionalProductWrapper,,,,0.9266219700579628,0.9862015560881026,0.24572283859882277,0.0,0.9970958291029497,0.0029083961839697532,2.9586046682643077,0.11828582753879346,0.49714855906588185,1.0179982832555312
