stage_name,stage_key,split,aggregation_level,node_kind,node_name,route_space,support_size,wrapper_name,source_type,temperature,top_k,entropy_norm,n_eff_norm,top1_monopoly_norm,jitter_adj_norm,knn_consistency_score,knn_consistency_js,n_eff,cv_usage,top1_max_frac,entropy_mean
macro,macro@1,best_valid,session,final,final.expert,expert,8,ScalarGroupConditionalProductWrapper,,,,0.9663221629715788,0.9847009134939323,0.7028212378259503,0.0,0.9986412412345494,0.0013596827151865496,7.877607307951458,0.12464687969051358,0.7399685830977065,2.0094104483290134
macro,macro@1,best_valid,session,final,final.group,group,4,ScalarGroupConditionalProductWrapper,,,,0.9764019345075324,0.9902040878960809,0.6552518588333857,0.0,0.9993597402383556,0.0006404648154554232,3.9608163515843238,0.09946320646562654,0.7414388941250393,1.353580495994345
macro,macro@1,best_valid,session,final,final.intra.Exposure,intra,2,ScalarGroupConditionalProductWrapper,,,,0.9945487137279705,0.9975480504926315,0.8935344015080113,0.0,0.9998654754418314,0.00013453360740854796,1.995096100985263,0.04957783222198486,0.9467672007540057,0.6893686368500629
macro,macro@1,best_valid,session,final,final.intra.Focus,intra,2,ScalarGroupConditionalProductWrapper,,,,0.9997326864016269,0.9999129847909335,0.787822808671065,0.0,0.9999936371246103,6.362895632826835e-06,1.999825969581867,0.009324491024017334,0.8939114043355325,0.6929618928929077
macro,macro@1,best_valid,session,final,final.intra.Memory,intra,2,ScalarGroupConditionalProductWrapper,,,,0.986718667906043,0.9980711068172786,0.6422243166823751,0.0,0.9997195198363512,0.00028051950556645135,1.9961422136345572,0.04396325611849166,0.8211121583411876,0.6839412626649387
macro,macro@1,best_valid,session,final,final.intra.Tempo,intra,2,ScalarGroupConditionalProductWrapper,,,,0.7896031820412659,0.9807710092569046,0.5931134150172792,0.0,0.9969754641910227,0.00302911896101186,1.9615420185138093,0.1400212049484253,0.7965567075086396,0.5473112193930647
