{
  "split": "best_valid",
  "feature_mode": "none",
  "stages": [
    {
      "stage": "macro@1",
      "n_eff": 6.231625771491301,
      "cv_usage": 0.9621127259101652,
      "top1_max_frac": 0.9582974903691514,
      "entropy_mean": 2.144363966600591,
      "route_jitter_adjacent": 0.0,
      "route_consistency_knn_js": 0.005268775043776459,
      "route_consistency_knn_score": 0.9947450806066722,
      "route_consistency_group_knn_js": 0.0009190446821476058,
      "route_consistency_group_knn_score": 0.9990813775100685,
      "route_consistency_intra_group_knn_mean_js": 0.003701508948039109,
      "route_consistency_intra_group_knn_mean_score": 0.9963070700021388,
      "route_consistency_feature_group_knn_mean_score": 0.9874909536785661,
      "family_top_expert_mean_share": 0.34331411123275757,
      "route_consistency_feature_group_knn_tempo_js": 0.01158895653361898,
      "route_consistency_feature_group_knn_tempo_score": 0.9884779367659396,
      "route_consistency_feature_group_knn_focus_js": 0.014541204059488538,
      "route_consistency_feature_group_knn_focus_score": 0.9855640086576957,
      "route_consistency_feature_group_knn_memory_js": 0.015686826659598054,
      "route_consistency_feature_group_knn_memory_score": 0.9844355707609198,
      "route_consistency_feature_group_knn_exposure_js": 0.008550150048974652,
      "route_consistency_feature_group_knn_exposure_score": 0.9914862985297093
    }
  ]
}
