best_mrr20,epoch,eval,lr,patience_used,train_loss,trial,valid_mrr20
0.0601,1,1,0.00017505196833952436,0,360.89452505111694,1,0.0601
