stage_name,stage_key,split,aggregation_level,node_kind,node_name,route_space,support_size,wrapper_name,source_type,temperature,top_k,entropy_norm,n_eff_norm,top1_monopoly_norm,jitter_adj_norm,knn_consistency_score,knn_consistency_js,n_eff,cv_usage,top1_max_frac,entropy_mean
macro,macro@1,best_valid,session,final,final.expert,expert,16,FlatJointWrapper,,,,0.8483217939885368,0.8245005562616465,0.15132618472942136,0.8765959401120602,0.9614743015546041,0.039287441762797186,13.192008900186345,0.4613625109195709,0.20436829818383254,2.352047438842836
macro,macro@1,best_valid,session,final,final.group,group,4,FlatJointWrapper,,,,0.9256909717287949,0.9776371797794345,0.21993167939434702,0.0,0.9907088929737146,0.009334538588696938,3.910548719117738,0.1512429267168045,0.41494875954576027,1.2832801742472204
macro,macro@1,best_valid,session,final,final.intra.Exposure,intra,4,FlatJointWrapper,,,,0.7438565170237077,0.7675375988849003,0.5648584127989027,0.0,0.9709869738443965,0.029442225977092784,3.070150395539601,0.5503343343734741,0.673643809599177,1.0312040950322479
macro,macro@1,best_valid,session,final,final.intra.Focus,intra,4,FlatJointWrapper,,,,0.8530883725646919,0.9153211449937974,0.21877102045661379,0.0,0.974657597113537,0.025669052110940737,3.6612845799751894,0.30415916442871094,0.41407826534246034,1.1826316004233768
macro,macro@1,best_valid,session,final,final.intra.Memory,intra,4,FlatJointWrapper,,,,0.7467697327594568,0.8131078844617505,0.463406270196125,0.0,0.9762129249691756,0.024074555533584372,3.252431537847002,0.479425847530365,0.5975547026470938,1.0352426695794426
macro,macro@1,best_valid,session,final,final.intra.Tempo,intra,4,FlatJointWrapper,,,,0.8082527820295075,0.892686207571746,0.3959825373587096,0.0,0.9718803533084125,0.028522575402402918,3.570744830286984,0.3467194139957428,0.5469869030190322,1.1204762740869703
