stage_name,stage_key,split,aggregation_level,node_kind,node_name,route_space,support_size,wrapper_name,source_type,temperature,top_k,entropy_norm,n_eff_norm,top1_monopoly_norm,jitter_adj_norm,knn_consistency_score,knn_consistency_js,n_eff,cv_usage,top1_max_frac,entropy_mean
macro,macro@1,best_valid,session,final,final.expert,expert,12,GroupConditionalProductWrapper,,,,0.9435503223668419,0.8390270112509288,0.3759625908429722,0.0,0.9953965594590319,0.0046140690042514995,10.068324135011146,0.4380144644375305,0.42796570827272445,2.3446344704589768
macro,macro@1,best_valid,session,final,final.group,group,4,GroupConditionalProductWrapper,,,,0.9194880001174993,0.8495669578460805,0.9201097665397748,0.0,0.9973066852289488,0.002696948268847683,3.398267831384322,0.420797199010849,0.9400823249048311,1.2746810296802946
macro,macro@1,best_valid,session,final,final.intra.Exposure,intra,3,GroupConditionalProductWrapper,,,,0.9795859050026638,0.966292091473053,0.8815264151527342,0.0,0.9992172207411439,0.0007830857905149134,2.898876274419159,0.18677188644492965,0.9210176101018229,1.0761851130419982
macro,macro@1,best_valid,session,final,final.intra.Focus,intra,3,GroupConditionalProductWrapper,,,,0.9959176005096743,0.9983141875715202,0.21316270000928478,0.0,0.9997558079319486,0.00024422188778897307,2.9949425627145607,0.04109295521399512,0.47544180000618985,1.0941273144207855
macro,macro@1,best_valid,session,final,final.intra.Memory,intra,3,GroupConditionalProductWrapper,,,,0.9662177963706108,0.9934420758544872,0.49987620315062975,0.0,0.9951993875632777,0.00481217238800857,2.9803262275634617,0.08124800901865932,0.6665841354337532,1.0614987446225743
macro,macro@1,best_valid,session,final,final.intra.Tempo,intra,3,GroupConditionalProductWrapper,,,,0.9290219254558902,0.9707351732916739,0.29031908637925163,0.0,0.9951854033277943,0.004826224178946347,2.912205519875022,0.17362900678428989,0.5268793909195011,1.0206349037479496
