stage_name,stage_key,split,aggregation_level,node_kind,node_name,route_space,support_size,wrapper_name,source_type,temperature,top_k,entropy_norm,n_eff_norm,top1_monopoly_norm,jitter_adj_norm,knn_consistency_score,knn_consistency_js,n_eff,cv_usage,top1_max_frac,entropy_mean
macro,macro@1,best_valid,session,final,final.expert,expert,12,ScalarGroupConditionalProductWrapper,,,,0.9943524812360436,0.9968068369243347,0.7407256420709335,0.0,0.999563847891316,0.00043624725068014777,11.961682043092017,0.0565984580873524,0.7623318385650224,2.4708730928566425
macro,macro@1,best_valid,session,final,final.group,group,4,ScalarGroupConditionalProductWrapper,,,,0.994054021109208,0.9994531285929392,0.6831091180866965,0.0,0.9997570644880367,0.00024296502557477693,3.997812514371757,0.02339392900466919,0.7623318385650224,1.3780514841122478
macro,macro@1,best_valid,session,final,final.intra.Exposure,intra,3,ScalarGroupConditionalProductWrapper,,,,0.9978669224157631,0.9968995912746471,0.772141255605381,0.0,0.9999770107878206,2.2989476435302356e-05,2.9906987738239414,0.05576717501082495,0.8480941704035875,1.0962688634213846
macro,macro@1,best_valid,session,final,final.intra.Focus,intra,3,ScalarGroupConditionalProductWrapper,,,,0.9833698902577855,0.9926248691010188,0.9726737668161435,0.0,0.999376869052654,0.0006233251741248074,2.977874607303056,0.08619676832268333,0.9817825112107623,1.0803422457434138
macro,macro@1,best_valid,session,final,final.intra.Memory,intra,3,ScalarGroupConditionalProductWrapper,,,,0.9982970500325485,0.9990214753208192,0.6434977578475336,0.0,0.9999816937345479,1.8306433013751748e-05,2.9970644259624577,0.03129670116911229,0.7623318385650224,1.0967414069068806
macro,macro@1,best_valid,session,final,final.intra.Tempo,intra,3,ScalarGroupConditionalProductWrapper,,,,0.9980633635543876,0.9993412069232123,0.7128643497757847,0.0,0.9998844977413154,0.00011550892958420505,2.998023620769637,0.025672204027408243,0.8085762331838565,1.0964846760702776
