best_mrr20,epoch,epoch_time_sec,eval,lr,patience_used,train_loss,trial,valid_mrr20
0.0137,1,17.67953372001648,1,0.0005476,0,696.1489949226379,1,0.0137
0.0162,3,16.87605047225952,1,0.0005476,0,599.9751663208008,1,0.0162
0.0188,10,16.723610162734985,1,0.0005476,2,513.5249481201172,1,0.0186
0.0193,13,16.837594032287598,1,0.0005476,0,496.32779264450073,1,0.0193
0.0193,23,16.443561553955078,1,0.0005476,10,452.45401191711426,1,0.018
