best_mrr20,epoch,epoch_time_sec,eval,lr,patience_used,train_loss,trial,valid_mrr20
0.3146,1,45.68741536140442,1,0.00056966,0,2156.5078144073486,1,0.3146
0.3606,3,44.512922286987305,1,0.00056966,0,1179.8456511497498,1,0.3606
0.3767,7,44.99987173080444,1,0.00056966,0,792.6278402805328,1,0.3767
0.3767,10,45.93910098075867,1,0.00056966,3,698.2264451980591,1,0.3689
0.3767,17,45.09365677833557,1,0.00056966,10,517.271088719368,1,0.3391
