stage_name,stage_key,split,aggregation_level,node_kind,node_name,route_space,support_size,wrapper_name,source_type,temperature,top_k,entropy_norm,n_eff_norm,top1_monopoly_norm,jitter_adj_norm,knn_consistency_score,knn_consistency_js,n_eff,cv_usage,top1_max_frac,entropy_mean
macro,macro@1,best_valid,session,final,final.expert,expert,12,ScalarGroupConditionalProductWrapper,,,,0.922292606452701,0.7978377956297056,0.7251471726205052,0.0,0.9918805349691883,0.008152607407832902,9.574053547556467,0.5033760066776267,0.7480515749021298,2.291811030824624
macro,macro@1,best_valid,session,final,final.group,group,4,ScalarGroupConditionalProductWrapper,,,,0.9587645846070886,0.9963632053156424,0.09990542206898205,0.0,0.994943558012744,0.005069269047835515,3.9854528212625695,0.060416094958782196,0.32492906655173653,1.3291299372822611
macro,macro@1,best_valid,session,final,final.intra.Exposure,intra,3,ScalarGroupConditionalProductWrapper,,,,0.6365186530852696,0.5704414943395878,0.9577092985669647,0.0,0.9898512407964888,0.010200608965668483,1.7113244830187633,0.8677719274827264,0.9718061990446432,0.6992872142459505
macro,macro@1,best_valid,session,final,final.intra.Focus,intra,3,ScalarGroupConditionalProductWrapper,,,,0.9978194841322965,0.9980862179643628,0.28730740221958834,0.0,0.9999115765947506,8.842731482916541e-05,2.9942586538930884,0.04378804154580708,0.5248716014797256,1.0962167471402149
macro,macro@1,best_valid,session,final,final.intra.Memory,intra,3,ScalarGroupConditionalProductWrapper,,,,0.9918564776136406,0.9999297906581525,0.4019502208813706,0.0,0.9997827181739996,0.0002173054351163408,2.9997893719744573,0.008374822309245994,0.6013001472542471,1.0896657149014115
macro,macro@1,best_valid,session,final,final.intra.Tempo,intra,3,ScalarGroupConditionalProductWrapper,,,,0.9125283586091941,0.8544698710936977,0.9853464066372156,0.0,0.9990724739646113,0.0009279564538319542,2.563409613281093,0.4126938309462717,0.9902309377581439,1.0025148685262004
