best_mrr20,epoch,epoch_time_sec,eval,lr,patience_used,train_loss,trial,valid_mrr20
0.0127,1,17.61097502708435,1,0.0005476,0,695.8514728546143,1,0.0127
0.0153,3,16.721741914749146,1,0.0005476,0,602.019148349762,1,0.0153
0.019,10,16.052123546600342,1,0.0005476,3,513.4001684188843,1,0.0179
0.0194,18,16.486567497253418,1,0.0005476,0,472.0579266548157,1,0.0194
0.0194,28,16.718950748443604,1,0.0005476,10,435.55697774887085,1,0.0187
