stage_name,stage_key,split,aggregation_level,node_kind,node_name,route_space,support_size,wrapper_name,source_type,temperature,top_k,entropy_norm,n_eff_norm,top1_monopoly_norm,jitter_adj_norm,knn_consistency_score,knn_consistency_js,n_eff,cv_usage,top1_max_frac,entropy_mean
macro,macro@1,best_valid,session,final,final.expert,expert,20,FlatJointWrapper,,,,0.7749873840446242,0.6972766785835703,0.19214805898535361,0.8918434830531827,0.9504673404487202,0.050801478034600285,13.945533571671406,0.6589014730021138,0.23254065603608595,2.321654717979662
macro,macro@1,best_valid,session,final,final.group,group,4,FlatJointWrapper,,,,0.892308504344685,0.9933171463266329,0.12465213205133274,0.0,0.9867833745826675,0.013304742277264765,3.9732685853065317,0.08202341943979263,0.34348909903849956,1.2370022479523601
macro,macro@1,best_valid,session,final,final.intra.Exposure,intra,5,FlatJointWrapper,,,,0.6417863550985268,0.5860739793158058,0.6354805523681397,0.0,0.9694177699045674,0.031059624910967865,2.930369896579029,0.840398346805474,0.7083844418945119,1.0329152915784632
macro,macro@1,best_valid,session,final,final.intra.Focus,intra,5,FlatJointWrapper,,,,0.7624280155885514,0.816036414493446,0.25681557393265536,0.0,0.967723458397665,0.03280891599434381,4.08018207246723,0.47480075468431104,0.4054524591461243,1.227080553790112
macro,macro@1,best_valid,session,final,final.intra.Memory,intra,5,FlatJointWrapper,,,,0.7139570255432837,0.834804433084366,0.2923277806354607,0.0,0.9669209962332799,0.033638486728630054,4.17402216542183,0.44484305463965157,0.4338622245083686,1.1490695047580421
macro,macro@1,best_valid,session,final,final.intra.Tempo,intra,5,FlatJointWrapper,,,,0.7713304492062086,0.8803405772775935,0.25918964903256436,0.0,0.9715630072216428,0.028849156661250312,4.401702886387968,0.36867882507027944,0.4073517192260515,1.2414084679672972
