{
  "split": "best_valid",
  "feature_mode": "runtime:unknown|ablation:none",
  "stages": [
    {
      "stage": "macro@1",
      "n_eff": 9.65352230064693,
      "cv_usage": 0.4930209805102617,
      "top1_max_frac": 0.8677488125070127,
      "entropy_mean": 2.3200690990013837,
      "route_jitter_adjacent": 0.0,
      "route_consistency_knn_js": 0.005251952872067801,
      "route_consistency_knn_score": 0.9947618145199746,
      "route_consistency_group_knn_js": 0.000971492136093711,
      "route_consistency_group_knn_score": 0.9990289796096135,
      "route_consistency_intra_group_knn_mean_js": 0.0038815415154255673,
      "route_consistency_intra_group_knn_mean_score": 0.9961309961196929,
      "route_consistency_feature_group_knn_mean_score": 0.9850480955723191,
      "family_top_expert_mean_share": 0.2037917524576187,
      "route_consistency_feature_group_knn_tempo_js": 0.01221408282528267,
      "route_consistency_feature_group_knn_tempo_score": 0.9878602063188261,
      "route_consistency_feature_group_knn_focus_js": 0.01600251766094721,
      "route_consistency_feature_group_knn_focus_score": 0.9841248423594833,
      "route_consistency_feature_group_knn_memory_js": 0.01924759089929712,
      "route_consistency_feature_group_knn_memory_score": 0.980936461233417,
      "route_consistency_feature_group_knn_exposure_js": 0.012810837101616087,
      "route_consistency_feature_group_knn_exposure_score": 0.9872708723775498
    }
  ]
}
