stage_name,stage_key,split,aggregation_level,node_kind,node_name,route_space,support_size,wrapper_name,source_type,temperature,top_k,entropy_norm,n_eff_norm,top1_monopoly_norm,jitter_adj_norm,knn_consistency_score,knn_consistency_js,n_eff,cv_usage,top1_max_frac,entropy_mean
macro,macro@1,best_valid,session,final,final.expert,expert,12,GroupConditionalProductWrapper,,,,0.7814692979572336,0.7252098000142041,0.37689359617152945,0.383754843599115,0.9848238591112712,0.015292477038117766,8.702517600170449,0.6155578310621431,0.42881912982390197,1.94187825509909
macro,macro@1,best_valid,session,final,final.group,group,4,GroupConditionalProductWrapper,,,,0.8134399015827444,0.8176887929290837,0.5291315317089031,0.0,0.9933510220574652,0.006671180868946005,3.270755171716335,0.47218555046233834,0.6468486487816774,1.1276671486740772
macro,macro@1,best_valid,session,final,final.intra.Exposure,intra,3,GroupConditionalProductWrapper,,,,0.501105174706864,0.85066449290386,0.26783856526320743,0.0,0.9834604694347892,0.016677835723102788,2.55199347871158,0.41898888590965017,0.5118923768421383,0.5505203028481409
macro,macro@1,best_valid,session,final,final.intra.Focus,intra,3,GroupConditionalProductWrapper,,,,0.8519092789663312,0.8511287571229813,0.77456389397875,0.0,0.99735780312333,0.0026456936396197497,2.553386271368944,0.41822280233434433,0.8497092626525,0.9359180027028002
macro,macro@1,best_valid,session,final,final.intra.Memory,intra,3,GroupConditionalProductWrapper,,,,0.7103022784892096,0.8368769831115341,0.36911114243333404,0.0,0.9872399421107524,0.01284216665076113,2.5106309493346024,0.4414958375246573,0.5794074282888894,0.7803468118172036
macro,macro@1,best_valid,session,final,final.intra.Tempo,intra,3,GroupConditionalProductWrapper,,,,0.6378417649133278,0.9720293846082226,0.11239755955137633,0.0,0.9859048009797636,0.014195479771286292,2.916088153824668,0.16963348777194356,0.40826503970091754,0.7007408011595375
