{
  "split": "best_valid",
  "feature_mode": "runtime:unknown|ablation:none",
  "stages": [
    {
      "stage": "macro@1",
      "n_eff": 13.932862232262524,
      "cv_usage": 0.6598903140442026,
      "top1_max_frac": 0.16879673960352945,
      "entropy_mean": 2.1938155652771734,
      "route_jitter_adjacent": 0.893772389087903,
      "route_consistency_knn_js": 0.06057445987288221,
      "route_consistency_knn_score": 0.9412236830133496,
      "route_consistency_group_knn_js": 0.014755605527011623,
      "route_consistency_group_knn_score": 0.9853527249384806,
      "route_consistency_intra_group_knn_mean_js": 0.04693068324173816,
      "route_consistency_intra_group_knn_mean_score": 0.9541658249175751,
      "route_consistency_feature_group_knn_mean_score": 0.9238984233350283,
      "family_top_expert_mean_share": 0.12076890468597412,
      "route_consistency_feature_group_knn_tempo_js": 0.07852711858801176,
      "route_consistency_feature_group_knn_tempo_score": 0.9244769890810184,
      "route_consistency_feature_group_knn_focus_js": 0.08138488612538851,
      "route_consistency_feature_group_knn_focus_score": 0.9218388201847432,
      "route_consistency_feature_group_knn_memory_js": 0.0830106209195931,
      "route_consistency_feature_group_knn_memory_score": 0.920341372296502,
      "route_consistency_feature_group_knn_exposure_js": 0.0737148828934383,
      "route_consistency_feature_group_knn_exposure_score": 0.928936511777849
    }
  ]
}
