stage_name,stage_key,split,aggregation_level,node_kind,node_name,route_space,support_size,wrapper_name,source_type,temperature,top_k,entropy_norm,n_eff_norm,top1_monopoly_norm,jitter_adj_norm,knn_consistency_score,knn_consistency_js,n_eff,cv_usage,top1_max_frac,entropy_mean
macro,macro@1,best_valid,session,final,final.expert,expert,12,ScalarGroupConditionalProductWrapper,,,,0.976738191948061,0.9686168598361843,0.8530772325020113,0.0,0.9985785021395288,0.0014225091470295543,11.623402318034211,0.17999963298441074,0.865320796460177,2.427103228273645
macro,macro@1,best_valid,session,final,final.group,group,4,ScalarGroupConditionalProductWrapper,,,,0.9840691189089623,0.9955305248384546,0.7426253687315634,0.0,0.999501655703946,0.0004984685108422092,3.9821220993538184,0.0670037791132927,0.8069690265486725,1.3642094704957135
macro,macro@1,best_valid,session,final,final.intra.Exposure,intra,3,ScalarGroupConditionalProductWrapper,,,,0.9952345460088884,0.9920086885526617,0.9402654867256638,0.0,0.9998385325519246,0.00016148048534727933,2.976026065657985,0.08975315385302443,0.9601769911504425,1.093376902352392
macro,macro@1,best_valid,session,final,final.intra.Focus,intra,3,ScalarGroupConditionalProductWrapper,,,,0.9867119556261569,0.9790248508169036,0.657771017699115,0.0,0.9998847089236725,0.00011529772285449258,2.937074552450711,0.14637119259324097,0.7718473451327433,1.0840138798266385
macro,macro@1,best_valid,session,final,final.intra.Memory,intra,3,ScalarGroupConditionalProductWrapper,,,,0.9974123767623144,0.9999542853273842,0.7423949115044248,0.0,0.9999637951174983,3.620553791427916e-05,2.9998628559821525,0.006763257583208156,0.8282632743362832,1.0957694939807452
macro,macro@1,best_valid,session,final,final.intra.Tempo,intra,3,ScalarGroupConditionalProductWrapper,,,,0.8880355792882917,0.8732498143125348,0.8199668141592921,0.0,0.9975931867699829,0.0024097142607401433,2.6197494429376045,0.3809824323361387,0.8799778761061947,0.9756068001806208
