best_mrr20,epoch,epoch_time_sec,eval,lr,patience_used,train_loss,trial,valid_mrr20
0.0137,1,17.931163787841797,1,0.0005476,0,687.43958568573,1,0.0137
0.0161,3,16.613738536834717,1,0.0005476,0,587.6623754501343,1,0.0161
0.0187,8,17.434988498687744,1,0.0005476,0,511.0446891784668,1,0.0187
0.0187,10,17.363182067871094,1,0.0005476,2,492.1005892753601,1,0.0181
0.0187,18,16.76090908050537,1,0.0005476,10,427.5328903198242,1,0.0167
