stage_name,stage_key,split,aggregation_level,node_kind,node_name,route_space,support_size,wrapper_name,source_type,temperature,top_k,entropy_norm,n_eff_norm,top1_monopoly_norm,jitter_adj_norm,knn_consistency_score,knn_consistency_js,n_eff,cv_usage,top1_max_frac,entropy_mean
macro,macro@1,best_valid,session,final,final.expert,expert,8,ScalarGroupConditionalProductWrapper,,,,0.7479824220749848,0.8861038709306004,0.30599254342093296,0.0,0.9844324442750536,0.015690002581846094,7.088830967444803,0.35851895809173584,0.39274347549331634,1.555385720909024
macro,macro@1,best_valid,session,final,final.group,group,4,ScalarGroupConditionalProductWrapper,,,,0.9543945050316007,0.9697342984195332,0.24317354616527118,0.0,0.9985310870650423,0.001469992845221922,3.8789371936781327,0.17666397988796234,0.4323801596239534,1.3230717206091172
macro,macro@1,best_valid,session,final,final.intra.Exposure,intra,2,ScalarGroupConditionalProductWrapper,,,,0.3339555706295645,0.5969680377670915,0.9932429124026831,0.0,0.9986202918577722,0.0013806608158819038,1.193936075534183,0.8216638565063477,0.9966214562013416,0.2314803622141703
macro,macro@1,best_valid,session,final,final.intra.Focus,intra,2,ScalarGroupConditionalProductWrapper,,,,0.46671386892141287,0.9673020708773006,0.2606864809283651,0.0,0.9561200340168097,0.04487181521756716,1.9346041417546012,0.18385657668113708,0.6303432404641826,0.3235014023711012
macro,macro@1,best_valid,session,final,final.intra.Memory,intra,2,ScalarGroupConditionalProductWrapper,,,,0.005993078146199039,0.9562966051081097,0.21451304901336732,0.0,0.9999501343051062,4.9866938228931944e-05,1.9125932102162193,0.21377688646316528,0.6072565245066837,0.004154085219913287
macro,macro@1,best_valid,session,final,final.intra.Tempo,intra,2,ScalarGroupConditionalProductWrapper,,,,0.5327630280338839,0.9741478188880632,0.25040395632375256,0.0,0.9953414112001131,0.004669473843809321,1.9482956377761265,0.16290569305419922,0.6252019781618763,0.36928319078826566
