stage_name,stage_key,split,aggregation_level,node_kind,node_name,route_space,support_size,wrapper_name,source_type,temperature,top_k,entropy_norm,n_eff_norm,top1_monopoly_norm,jitter_adj_norm,knn_consistency_score,knn_consistency_js,n_eff,cv_usage,top1_max_frac,entropy_mean
macro,macro@1,best_valid,session,final,final.expert,expert,16,ScalarGroupConditionalProductWrapper,,,,0.7977065433146543,0.5853512987151186,0.6119178570015432,0.0,0.978351452818462,0.021886314791112194,9.365620779441898,0.8416507149726579,0.6361729909389467,2.21171216565109
macro,macro@1,best_valid,session,final,final.group,group,4,ScalarGroupConditionalProductWrapper,,,,0.9380257818876933,0.9213109431901627,0.6874662024030916,0.0,0.9970883292013599,0.00291591795828384,3.685243772760651,0.2922496795654297,0.7655996518023187,1.3003798520159855
macro,macro@1,best_valid,session,final,final.intra.Exposure,intra,4,ScalarGroupConditionalProductWrapper,,,,0.27459541468618787,0.3339159587919933,0.9385905907490207,0.0,0.9808184383588769,0.019367914671351412,1.3356638351679733,1.4123616218566895,0.9539429430617655,0.38067007496884026
macro,macro@1,best_valid,session,final,final.intra.Focus,intra,4,ScalarGroupConditionalProductWrapper,,,,0.7872646620908638,0.9475694763318525,0.40621743890053946,0.0,0.9809111286314418,0.01927341614903365,3.79027790532741,0.23522675037384033,0.5546630791754046,1.0913805617655206
macro,macro@1,best_valid,session,final,final.intra.Memory,intra,4,ScalarGroupConditionalProductWrapper,,,,0.8711319611582894,0.8506302908299818,0.3400598794497422,0.0,0.986649990495065,0.013439922000245047,3.402521163319927,0.4190448917096982,0.5050449095873066,1.207645325545048
macro,macro@1,best_valid,session,final,final.intra.Tempo,intra,4,ScalarGroupConditionalProductWrapper,,,,0.7484326376040212,0.8700722943651552,0.2410345691713159,0.0,0.9798030124161982,0.02040373526085578,3.480289177460621,0.3864321708679199,0.4307759268784869,1.0375479451885412
