{
  "split": "best_valid",
  "feature_mode": "none",
  "stages": [
    {
      "stage": "macro@1",
      "n_eff": 11.7451132518658,
      "cv_usage": 0.14731390880776538,
      "top1_max_frac": 0.39504258703662687,
      "entropy_mean": 2.3193529335638874,
      "route_jitter_adjacent": 0.0,
      "route_consistency_knn_js": 0.005166921137279677,
      "route_consistency_knn_score": 0.994846404439127,
      "route_consistency_group_knn_js": 0.0015074035851149789,
      "route_consistency_group_knn_score": 0.9984937319770141,
      "route_consistency_intra_group_knn_mean_js": 0.00356731426866112,
      "route_consistency_intra_group_knn_mean_score": 0.9964423999643272,
      "route_consistency_feature_group_knn_mean_score": 0.9854818246016765,
      "family_top_expert_mean_share": 0.12436320632696152,
      "route_consistency_feature_group_knn_tempo_js": 0.011251293967201592,
      "route_consistency_feature_group_knn_tempo_score": 0.9888117651204126,
      "route_consistency_feature_group_knn_focus_js": 0.01719714375426451,
      "route_consistency_feature_group_knn_focus_score": 0.9829498831019479,
      "route_consistency_feature_group_knn_memory_js": 0.01711043398136718,
      "route_consistency_feature_group_knn_memory_score": 0.9830351181583838,
      "route_consistency_feature_group_knn_exposure_js": 0.01295299700031891,
      "route_consistency_feature_group_knn_exposure_score": 0.9871305320259618
    }
  ]
}
