stage_name,stage_key,split,aggregation_level,node_kind,node_name,route_space,support_size,wrapper_name,source_type,temperature,top_k,entropy_norm,n_eff_norm,top1_monopoly_norm,jitter_adj_norm,knn_consistency_score,knn_consistency_js,n_eff,cv_usage,top1_max_frac,entropy_mean
macro,macro@1,best_valid,session,final,final.expert,expert,12,GroupConditionalProductWrapper,,,,0.7639847580334569,0.5890323772994331,0.5977982511216507,0.0,0.9876144283963203,0.012462912063031286,7.068388527593198,0.8352842828800847,0.6313150635281799,1.8984308055740133
macro,macro@1,best_valid,session,final,final.group,group,4,GroupConditionalProductWrapper,,,,0.9120048502891323,0.9705472747103407,0.21201938099829895,0.0,0.9959223302741604,0.004086006090715335,3.882189098841363,0.17420239294781642,0.4090145357487242,1.2643071812698141
macro,macro@1,best_valid,session,final,final.intra.Exposure,intra,3,GroupConditionalProductWrapper,,,,0.5005758391384421,0.9471839804271864,0.1214787668888307,0.0,0.9795726283368429,0.02063889596779244,2.8415519412815593,0.2361378971893222,0.4143191779258871,0.5499387682878434
macro,macro@1,best_valid,session,final,final.intra.Focus,intra,3,GroupConditionalProductWrapper,,,,0.9407402952188302,0.9555851429810819,0.38467940586217775,0.0,0.9978499639827779,0.002152350662969397,2.8667554289432458,0.21559034082831985,0.5897862705747852,1.0335088487726722
macro,macro@1,best_valid,session,final,final.intra.Memory,intra,3,GroupConditionalProductWrapper,,,,0.6627393969371024,0.7452845820343107,0.6721133774976675,0.0,0.9859871814168787,0.014111925055410948,2.235853746102932,0.5846104596671325,0.7814089183317784,0.7280936456595929
macro,macro@1,best_valid,session,final,final.intra.Tempo,intra,3,GroupConditionalProductWrapper,,,,0.2872680831623201,0.4109800843677824,0.9687661505211792,0.0,0.9983647689210176,0.001636569528638559,1.232940253103347,1.197166675413648,0.9791774336807862,0.31559624630425737
