stage_name,stage_key,split,aggregation_level,node_kind,node_name,route_space,support_size,wrapper_name,source_type,temperature,top_k,entropy_norm,n_eff_norm,top1_monopoly_norm,jitter_adj_norm,knn_consistency_score,knn_consistency_js,n_eff,cv_usage,top1_max_frac,entropy_mean
macro,macro@1,best_valid,session,final,final.expert,expert,16,FlatJointWrapper,,,,0.8031923774672317,0.7778678692267804,0.2400005275722444,0.9018554239000643,0.9559172291858579,0.045083950028551686,12.445885907628487,0.5343831181526184,0.28750049459897914,2.226922127554604
macro,macro@1,best_valid,session,final,final.group,group,4,FlatJointWrapper,,,,0.8844949880607262,0.9250292138295738,0.21080467956580806,0.0,0.9851591087510967,0.014952119127891171,3.7001168553182953,0.2846875786781311,0.40810350967435605,1.2261704143873897
macro,macro@1,best_valid,session,final,final.intra.Exposure,intra,4,FlatJointWrapper,,,,0.7408951502287144,0.8484819060288422,0.38580039304132213,0.0,0.9754644051551926,0.024841608405624264,3.393927624115369,0.4225820004940033,0.5393502947809916,1.027098768943141
macro,macro@1,best_valid,session,final,final.intra.Focus,intra,4,FlatJointWrapper,,,,0.7469162764318023,0.8125185425899621,0.4178767855023147,0.0,0.9773665927363556,0.022893474455661998,3.2500741703598486,0.4803553521633148,0.563407589126736,1.035445822246073
macro,macro@1,best_valid,session,final,final.intra.Memory,intra,4,FlatJointWrapper,,,,0.7335334177038068,0.8658285899246656,0.36527783273321984,0.0,0.976390400039018,0.02389277250775612,3.4633143596986624,0.39365342259407043,0.5239583745499149,1.0168932406557887
macro,macro@1,best_valid,session,final,final.intra.Tempo,intra,4,FlatJointWrapper,,,,0.7697609228260325,0.8771632747021254,0.32676505889025176,0.0,0.9706714740394335,0.029767205695419116,3.5086530988085016,0.3742171823978424,0.4950737941676888,1.0671152267241721
