stage_name,stage_key,split,aggregation_level,node_kind,node_name,route_space,support_size,wrapper_name,source_type,temperature,top_k,entropy_norm,n_eff_norm,top1_monopoly_norm,jitter_adj_norm,knn_consistency_score,knn_consistency_js,n_eff,cv_usage,top1_max_frac,entropy_mean
macro,macro@1,best_valid,session,final,final.expert,expert,20,ScalarGroupConditionalProductWrapper,,,,0.7598932910324543,0.7219051303140959,0.21605541174584067,0.0,0.9374331752468226,0.06460980341481495,14.438102606281918,0.62066378110673,0.2552526411585486,2.2764368564030786
macro,macro@1,best_valid,session,final,final.group,group,4,ScalarGroupConditionalProductWrapper,,,,0.928016995401117,0.8828079508837384,0.22974452314063756,0.0,0.9968539962372801,0.0031509628361311936,3.5312318035349537,0.3643474876880646,0.4223083923554782,1.286504727747992
macro,macro@1,best_valid,session,final,final.intra.Exposure,intra,5,ScalarGroupConditionalProductWrapper,,,,0.13205730597787302,0.23429781456593876,0.9588988248328256,0.0,0.9767334150611954,0.02354152490834435,1.1714890728296938,1.8077808492379621,0.9671190598662605,0.2125380348546992
macro,macro@1,best_valid,session,final,final.intra.Focus,intra,5,ScalarGroupConditionalProductWrapper,,,,0.6200564701849078,0.9812518505705496,0.12752740078344474,0.0,0.931705165074674,0.07073886083105217,4.906259252852748,0.13822611313915928,0.3020219206267558,0.9979423909656551
macro,macro@1,best_valid,session,final,final.intra.Memory,intra,5,ScalarGroupConditionalProductWrapper,,,,0.7685801782293923,0.8438953212562421,0.5145511019665254,0.0,0.9419155408232347,0.05983966784873803,4.21947660628121,0.43009433254459006,0.6116408815732204,1.2369820775877418
macro,macro@1,best_valid,session,final,final.intra.Tempo,intra,5,ScalarGroupConditionalProductWrapper,,,,0.5748981313890023,0.8030295223347339,0.20557511969295297,0.0,0.9403956585848222,0.06145457888916923,4.01514761167367,0.4952618033399909,0.3644600957543624,0.9252628484449809
