{
  "split": "best_valid",
  "feature_mode": "none",
  "stages": [
    {
      "stage": "macro@1",
      "n_eff": 11.756299059313731,
      "cv_usage": 0.1439763599939239,
      "top1_max_frac": 1.0,
      "entropy_mean": 2.473862825190355,
      "route_jitter_adjacent": 0.0,
      "route_consistency_knn_js": 8.236258331917029e-05,
      "route_consistency_knn_score": 0.9999176408083853,
      "route_consistency_group_knn_js": 7.424375817047811e-05,
      "route_consistency_group_knn_score": 0.9999257589978291,
      "route_consistency_intra_group_knn_mean_js": 7.764082744540399e-06,
      "route_consistency_intra_group_knn_mean_score": 0.9999922359532476,
      "route_consistency_feature_group_knn_mean_score": 0.9999321958740076,
      "family_top_expert_mean_share": 0.10898546874523163,
      "route_consistency_feature_group_knn_tempo_js": 5.592449065462678e-05,
      "route_consistency_feature_group_knn_tempo_score": 0.9999440770730905,
      "route_consistency_feature_group_knn_focus_js": 4.56489325888389e-05,
      "route_consistency_feature_group_knn_focus_score": 0.9999543521093078,
      "route_consistency_feature_group_knn_memory_js": 5.956871880103001e-05,
      "route_consistency_feature_group_knn_memory_score": 0.9999404330553798,
      "route_consistency_feature_group_knn_exposure_js": 0.00011008480085735828,
      "route_consistency_feature_group_knn_exposure_score": 0.999889921258252
    }
  ]
}
