stage_name,stage_key,split,aggregation_level,node_kind,node_name,route_space,support_size,wrapper_name,source_type,temperature,top_k,entropy_norm,n_eff_norm,top1_monopoly_norm,jitter_adj_norm,knn_consistency_score,knn_consistency_js,n_eff,cv_usage,top1_max_frac,entropy_mean
macro,macro@1,best_valid,session,final,final.expert,expert,20,FlatJointWrapper,,,,0.7354264031633845,0.7009477525527944,0.16399236130923997,0.8821530265454212,0.940828593188138,0.06099430988025038,14.018955051055888,0.6531767449799665,0.20579274324377794,2.2031406107802796
macro,macro@1,best_valid,session,final,final.group,group,4,FlatJointWrapper,,,,0.871630056341326,0.9707031591274257,0.24636304884000051,0.0,0.9846960898888812,0.015422223601623344,3.8828126365097027,0.1737269014120102,0.4347722866300004,1.2083358320885926
macro,macro@1,best_valid,session,final,final.intra.Exposure,intra,5,FlatJointWrapper,,,,0.6116636936892454,0.648836029756273,0.46034305385193686,0.0,0.9651776689817079,0.03544308165544508,3.2441801487813646,0.7356778028771315,0.5682744430815495,0.9844347382829501
macro,macro@1,best_valid,session,final,final.intra.Focus,intra,5,FlatJointWrapper,,,,0.6714269213971216,0.7435008659366918,0.42522652633244956,0.0,0.9601335177341753,0.04068292321801765,3.717504329683459,0.5873570503688298,0.5401812210659597,1.0806199427254382
macro,macro@1,best_valid,session,final,final.intra.Memory,intra,5,FlatJointWrapper,,,,0.6772323500943103,0.8193646330793516,0.3014778617496933,0.0,0.9635917116237587,0.03708760974815349,4.096823165396758,0.46952936098680853,0.4411822893997547,1.0899634197686265
macro,macro@1,best_valid,session,final,final.intra.Tempo,intra,5,FlatJointWrapper,,,,0.7197215673892026,0.850163349788979,0.21625845764254337,0.0,0.9665051515256867,0.03406865026447289,4.250816748944895,0.41981491565980145,0.3730067661140347,1.1583471769526767
