stage_name,stage_key,split,aggregation_level,node_kind,node_name,route_space,support_size,wrapper_name,source_type,temperature,top_k,entropy_norm,n_eff_norm,top1_monopoly_norm,jitter_adj_norm,knn_consistency_score,knn_consistency_js,n_eff,cv_usage,top1_max_frac,entropy_mean
macro,macro@1,best_valid,session,final,final.expert,expert,16,ScalarGroupConditionalProductWrapper,,,,0.8810578525651593,0.6458836754492677,0.7861433150001979,0.0,0.9887122404617311,0.011351949795888949,10.334138807188284,0.7404502630233765,0.7995093578126855,2.4428110656629607
macro,macro@1,best_valid,session,final,final.group,group,4,ScalarGroupConditionalProductWrapper,,,,0.8108619144189031,0.6823739588918197,0.9121592213033672,0.0,0.9935250922235007,0.006495960919166777,2.729495835567279,0.6822551488876343,0.9341194159775255,1.1240932996058046
macro,macro@1,best_valid,session,final,final.intra.Exposure,intra,4,ScalarGroupConditionalProductWrapper,,,,0.9702975555474807,0.9498290420318709,0.7421226869254408,0.0,0.9969088455801964,0.0030959419060789133,3.7993161681274836,0.22982816398143768,0.8065920151940806,1.3451180298638863
macro,macro@1,best_valid,session,final,final.intra.Focus,intra,4,ScalarGroupConditionalProductWrapper,,,,0.9444941066983155,0.9963472291605944,0.37498516203062565,0.0,0.9943823782413965,0.005633459938836459,3.9853889166423775,0.06054732971819285,0.5312388715229692,1.309346854226843
macro,macro@1,best_valid,session,final,final.intra.Memory,intra,4,ScalarGroupConditionalProductWrapper,,,,0.9791165439935926,0.9846865805914828,0.18363470897796064,0.0,0.9989285077033815,0.0010720667548777887,3.9387463223659314,0.12470611929893494,0.3877260317334705,1.3573437438175127
macro,macro@1,best_valid,session,final,final.intra.Tempo,intra,4,ScalarGroupConditionalProductWrapper,,,,0.8763876876005388,0.9270135805160907,0.3900737282211583,0.0,0.9871432226017307,0.012940141056973309,3.708054322064363,0.2805933021791813,0.5425552961658687,1.2149313094755272
