stage_name,stage_key,split,aggregation_level,node_kind,node_name,route_space,support_size,wrapper_name,source_type,temperature,top_k,entropy_norm,n_eff_norm,top1_monopoly_norm,jitter_adj_norm,knn_consistency_score,knn_consistency_js,n_eff,cv_usage,top1_max_frac,entropy_mean
macro,macro@1,best_valid,session,final,final.expert,expert,12,ScalarGroupConditionalProductWrapper,,,,0.988583340786196,0.9955329468386792,0.7363859138034444,0.0,0.9986540523221547,0.0013468542790041754,11.94639536206415,0.06698432284920633,0.7583537543198241,2.4565373173892553
macro,macro@1,best_valid,session,final,final.group,group,4,ScalarGroupConditionalProductWrapper,,,,0.9849394399838227,0.9977224603422767,0.6917457325374384,0.0,0.9989947776252196,0.0010057279496302508,3.990889841369107,0.04777837172150612,0.7688092994030788,1.3654159916941564
macro,macro@1,best_valid,session,final,final.intra.Exposure,intra,3,ScalarGroupConditionalProductWrapper,,,,0.9972089080190675,0.9970398217106325,0.8938737040527803,0.0,0.9998231816198807,0.00017683401433205587,2.9911194651318977,0.05448878881268435,0.9292491360351869,1.0955459607190543
macro,macro@1,best_valid,session,final,final.intra.Focus,intra,3,ScalarGroupConditionalProductWrapper,,,,0.987772822920055,0.9983930524116279,0.6679170593779453,0.0,0.9997212888103229,0.00027875003685899977,2.9951791572348836,0.04011831592415822,0.7786113729186303,1.085179361672361
macro,macro@1,best_valid,session,final,final.intra.Memory,intra,3,ScalarGroupConditionalProductWrapper,,,,0.9989961777673251,0.9990942940045883,0.6922525918944391,0.0,0.9999311596655827,6.884270402194837e-05,2.997282882013765,0.03010789308375439,0.7948350612629594,1.0975094772276548
macro,macro@1,best_valid,session,final,final.intra.Tempo,intra,3,ScalarGroupConditionalProductWrapper,,,,0.984380340093689,0.9944701426439009,0.5985862393967954,0.0,0.9991205412190006,0.0008798457317612099,2.9834104279317026,0.07456929200681174,0.7323908262645303,1.08145233835022
