stage_name,stage_key,split,aggregation_level,node_kind,node_name,route_space,support_size,wrapper_name,source_type,temperature,top_k,entropy_norm,n_eff_norm,top1_monopoly_norm,jitter_adj_norm,knn_consistency_score,knn_consistency_js,n_eff,cv_usage,top1_max_frac,entropy_mean
macro,macro@1,best_valid,session,final,final.expert,expert,12,ScalarGroupConditionalProductWrapper,,,,0.8870372595950132,0.8198418625206864,0.3702872927094455,0.0,0.9793300567366209,0.0208865566640692,9.838102350248237,0.4687722930678042,0.422763351650325,2.204204784977373
macro,macro@1,best_valid,session,final,final.group,group,4,ScalarGroupConditionalProductWrapper,,,,0.9829092262809558,0.9599839968488074,0.9838618922769338,0.0,0.9996651132794766,0.0003349428076034071,3.8399359873952297,0.20416676998138428,0.9878964192077003,1.3626015178860036
macro,macro@1,best_valid,session,final,final.intra.Exposure,intra,3,ScalarGroupConditionalProductWrapper,,,,0.567444122654441,0.5639873327191641,0.9035664260316775,0.0,0.9812914639832788,0.01888575448959887,1.6919619981574925,0.8792550897820267,0.9357109506877851,0.623401086280663
macro,macro@1,best_valid,session,final,final.intra.Focus,intra,3,ScalarGroupConditionalProductWrapper,,,,0.7776364788773241,0.9898901753499691,0.09363215170779014,0.0,0.9792398218613809,0.020978700300392745,2.9696705260499074,0.10105988827169274,0.3957547678051934,0.8543209918112272
macro,macro@1,best_valid,session,final,final.intra.Memory,intra,3,ScalarGroupConditionalProductWrapper,,,,0.8504166817783226,0.9438098079799029,0.6946988471069927,0.0,0.974875740618409,0.025445261625740723,2.8314294239397086,0.2439988480806694,0.7964658980713285,0.9342782170900227
macro,macro@1,best_valid,session,final,final.intra.Tempo,intra,3,ScalarGroupConditionalProductWrapper,,,,0.8321321195499694,0.9964240969150567,0.0094278633767913,0.0,0.9828922447366857,0.017255783626167188,2.9892722907451703,0.05990547694547543,0.3396185755845275,0.914190572333037
