{
  "split": "best_valid",
  "feature_mode": "none",
  "stages": [
    {
      "stage": "macro@1",
      "n_eff": 11.348646345351868,
      "cv_usage": 0.2395721760902195,
      "top1_max_frac": 0.21613452447272394,
      "entropy_mean": 1.9154838419978433,
      "route_jitter_adjacent": 0.0,
      "route_consistency_knn_js": 0.04681970640473914,
      "route_consistency_knn_score": 0.9542594289450855,
      "route_consistency_group_knn_js": 0.021523129907968862,
      "route_consistency_group_knn_score": 0.9787068398082118,
      "route_consistency_intra_group_knn_mean_js": 0.0299449393746848,
      "route_consistency_intra_group_knn_mean_score": 0.970504656044367,
      "route_consistency_feature_group_knn_mean_score": 0.9397541431579042,
      "family_top_expert_mean_share": 0.12601907551288605,
      "route_consistency_feature_group_knn_tempo_js": 0.05752715895456463,
      "route_consistency_feature_group_knn_tempo_score": 0.9440962493710908,
      "route_consistency_feature_group_knn_focus_js": 0.06283199313722905,
      "route_consistency_feature_group_knn_focus_score": 0.939101235888662,
      "route_consistency_feature_group_knn_memory_js": 0.0680377598672934,
      "route_consistency_feature_group_knn_memory_score": 0.9342251966917432,
      "route_consistency_feature_group_knn_exposure_js": 0.06018121128978561,
      "route_consistency_feature_group_knn_exposure_score": 0.9415938906801209
    },
    {
      "stage": "micro@1",
      "n_eff": 11.254923210808398,
      "cv_usage": 0.2572936406977605,
      "top1_max_frac": 0.1847697928482416,
      "entropy_mean": 1.9665132139928674,
      "route_jitter_adjacent": 0.49495043332640665,
      "route_consistency_knn_js": 0.030927175535229487,
      "route_consistency_knn_score": 0.9695461771865653,
      "route_consistency_group_knn_js": 0.012259227629358221,
      "route_consistency_group_knn_score": 0.9878156105699986,
      "route_consistency_intra_group_knn_mean_js": 0.02025601632622348,
      "route_consistency_intra_group_knn_mean_score": 0.9799558061117268,
      "route_consistency_feature_group_knn_mean_score": 0.9418313302874166,
      "family_top_expert_mean_share": 0.11773822456598282,
      "route_consistency_feature_group_knn_tempo_js": 0.055092976104734716,
      "route_consistency_feature_group_knn_tempo_score": 0.946397151542083,
      "route_consistency_feature_group_knn_focus_js": 0.06548300675152287,
      "route_consistency_feature_group_knn_focus_score": 0.9366149627551847,
      "route_consistency_feature_group_knn_memory_js": 0.07099148674005194,
      "route_consistency_feature_group_knn_memory_score": 0.9314698219385658,
      "route_consistency_feature_group_knn_exposure_js": 0.048304727853183835,
      "route_consistency_feature_group_knn_exposure_score": 0.9528433849138328
    },
    {
      "stage": "mid@1",
      "n_eff": 8.762878195236993,
      "cv_usage": 0.6077935961546422,
      "top1_max_frac": 0.35656771081533983,
      "entropy_mean": 1.5917644974873704,
      "route_jitter_adjacent": 0.0,
      "route_consistency_knn_js": 0.04357482956831518,
      "route_consistency_knn_score": 0.9573609125067413,
      "route_consistency_group_knn_js": 0.024432580208616175,
      "route_consistency_group_knn_score": 0.975863479212786,
      "route_consistency_intra_group_knn_mean_js": 0.021290624753425823,
      "route_consistency_intra_group_knn_mean_score": 0.9789409112813362,
      "route_consistency_feature_group_knn_mean_score": 0.932920307600951,
      "family_top_expert_mean_share": 0.22719301283359528,
      "route_consistency_feature_group_knn_tempo_js": 0.06610384576400243,
      "route_consistency_feature_group_knn_tempo_score": 0.9360336561142263,
      "route_consistency_feature_group_knn_focus_js": 0.06326313098267497,
      "route_consistency_feature_group_knn_focus_score": 0.9386964410726181,
      "route_consistency_feature_group_knn_memory_js": 0.07549904939538724,
      "route_consistency_feature_group_knn_memory_score": 0.9272806120108069,
      "route_consistency_feature_group_knn_exposure_js": 0.07292503387916315,
      "route_consistency_feature_group_knn_exposure_score": 0.9296705212061526
    }
  ]
}
