stage_name,stage_key,split,aggregation_level,node_kind,node_name,route_space,support_size,wrapper_name,source_type,temperature,top_k,entropy_norm,n_eff_norm,top1_monopoly_norm,jitter_adj_norm,knn_consistency_score,knn_consistency_js,n_eff,cv_usage,top1_max_frac,entropy_mean
macro,macro@1,best_valid,session,final,final.expert,expert,12,ScalarGroupConditionalProductWrapper,,,,0.9067896158828088,0.7432678079227023,0.8452752936106023,0.0,0.9911372050949806,0.0089023030802467,8.919213695072427,0.5877160105789897,0.8581690191430521,2.253287546465898
macro,macro@1,best_valid,session,final,final.group,group,4,ScalarGroupConditionalProductWrapper,,,,0.8965530354832689,0.8544904558255971,0.8442217672904021,0.0,0.994278003539705,0.005738429799697235,3.4179618233023885,0.4126597590839719,0.8831663254678016,1.2428864175353769
macro,macro@1,best_valid,session,final,final.intra.Exposure,intra,3,ScalarGroupConditionalProductWrapper,,,,0.8777885252307155,0.8421768291559601,0.8603060015084579,0.0,0.9951484826301198,0.0048633241830603946,2.5265304874678804,0.4328960945339175,0.9068706676723054,0.9643492606703211
macro,macro@1,best_valid,session,final,final.intra.Focus,intra,3,ScalarGroupConditionalProductWrapper,,,,0.9160170325286393,0.8959665974366885,0.8138670401896345,0.0,0.9977633815159314,0.00223912345099088,2.6878997923100654,0.34075363454956903,0.8759113601264231,1.0063475685652588
macro,macro@1,best_valid,session,final,final.intra.Memory,intra,3,ScalarGroupConditionalProductWrapper,,,,0.9970588558446662,0.998786404118469,0.7402758323456523,0.0,0.9998484125191648,0.00015159897137860225,2.996359212355407,0.03485679429451244,0.8268505548971016,1.0953811115563157
macro,macro@1,best_valid,session,final,final.intra.Tempo,intra,3,ScalarGroupConditionalProductWrapper,,,,0.9449520988053621,0.9867092092418828,0.30988040081887736,0.0,0.9946816995311094,0.005332492971188615,2.9601276277256483,0.11605992939889641,0.5399202672125849,1.0381359879502927
