{
  "model": "FEARec",
  "dataset": "movielens1m",
  "dataset_raw": "movielens1m",
  "max_evals": 6,
  "tune_epochs": 42,
  "n_completed": 6,
  "n_recorded_trials": 6,
  "timestamp": "2026-04-07T19:38:53.684347",
  "trials": [
    {
      "trial": 1,
      "params": {
        "learning_rate": 0.00016203699324724135
      },
      "mrr@20": 0.0561,
      "valid_result": {
        "hit@5": 0.0956,
        "hit@10": 0.1519,
        "hit@20": 0.2327,
        "ndcg@5": 0.0559,
        "ndcg@10": 0.0742,
        "ndcg@20": 0.0946,
        "mrr@5": 0.0429,
        "mrr@10": 0.0505,
        "mrr@20": 0.0561
      },
      "test_result": {
        "hit@5": 0.0803,
        "hit@10": 0.1444,
        "hit@20": 0.234,
        "ndcg@5": 0.0458,
        "ndcg@10": 0.0663,
        "ndcg@20": 0.0889,
        "mrr@5": 0.0347,
        "mrr@10": 0.043,
        "mrr@20": 0.0491
      },
      "best_hr@10": 0.1519,
      "test_mrr@20": 0.0491,
      "test_hr@10": 0.1444,
      "epochs_run": 27,
      "early_stop_epoch": 27,
      "early_stopped": true,
      "elapsed": 666.5,
      "status": "ok"
    },
    {
      "trial": 2,
      "params": {
        "learning_rate": 0.00017039947333340901
      },
      "mrr@20": 0.0553,
      "valid_result": {
        "hit@5": 0.0942,
        "hit@10": 0.1491,
        "hit@20": 0.2322,
        "ndcg@5": 0.055,
        "ndcg@10": 0.0728,
        "ndcg@20": 0.0938,
        "mrr@5": 0.0421,
        "mrr@10": 0.0495,
        "mrr@20": 0.0553
      },
      "test_result": {
        "hit@5": 0.078,
        "hit@10": 0.1384,
        "hit@20": 0.233,
        "ndcg@5": 0.0444,
        "ndcg@10": 0.0638,
        "ndcg@20": 0.0877,
        "mrr@5": 0.0334,
        "mrr@10": 0.0414,
        "mrr@20": 0.0479
      },
      "best_hr@10": 0.1491,
      "test_mrr@20": 0.0479,
      "test_hr@10": 0.1384,
      "epochs_run": 24,
      "early_stop_epoch": 24,
      "early_stopped": true,
      "elapsed": 623.4,
      "status": "ok"
    },
    {
      "trial": 3,
      "params": {
        "learning_rate": 0.000163695479197764
      },
      "mrr@20": 0.0559,
      "valid_result": {
        "hit@5": 0.0965,
        "hit@10": 0.1519,
        "hit@20": 0.2345,
        "ndcg@5": 0.0561,
        "ndcg@10": 0.0739,
        "ndcg@20": 0.0948,
        "mrr@5": 0.0428,
        "mrr@10": 0.0502,
        "mrr@20": 0.0559
      },
      "test_result": {
        "hit@5": 0.0789,
        "hit@10": 0.1412,
        "hit@20": 0.2344,
        "ndcg@5": 0.0472,
        "ndcg@10": 0.0672,
        "ndcg@20": 0.0906,
        "mrr@5": 0.0367,
        "mrr@10": 0.0449,
        "mrr@20": 0.0513
      },
      "best_hr@10": 0.1519,
      "test_mrr@20": 0.0513,
      "test_hr@10": 0.1412,
      "epochs_run": 24,
      "early_stop_epoch": 24,
      "early_stopped": true,
      "elapsed": 616.5,
      "status": "ok"
    },
    {
      "trial": 4,
      "params": {
        "learning_rate": 0.0001807962174175592
      },
      "mrr@20": 0.0574,
      "valid_result": {
        "hit@5": 0.0979,
        "hit@10": 0.1533,
        "hit@20": 0.2378,
        "ndcg@5": 0.0575,
        "ndcg@10": 0.0752,
        "ndcg@20": 0.0965,
        "mrr@5": 0.0444,
        "mrr@10": 0.0516,
        "mrr@20": 0.0574
      },
      "test_result": {
        "hit@5": 0.0854,
        "hit@10": 0.1523,
        "hit@20": 0.239,
        "ndcg@5": 0.0476,
        "ndcg@10": 0.069,
        "ndcg@20": 0.091,
        "mrr@5": 0.0354,
        "mrr@10": 0.044,
        "mrr@20": 0.0501
      },
      "best_hr@10": 0.1533,
      "test_mrr@20": 0.0501,
      "test_hr@10": 0.1523,
      "epochs_run": 32,
      "early_stop_epoch": 32,
      "early_stopped": true,
      "elapsed": 819.1,
      "status": "ok"
    },
    {
      "trial": 5,
      "params": {
        "learning_rate": 0.00017560768281267613
      },
      "mrr@20": 0.0563,
      "valid_result": {
        "hit@5": 0.0965,
        "hit@10": 0.157,
        "hit@20": 0.2327,
        "ndcg@5": 0.0563,
        "ndcg@10": 0.0757,
        "ndcg@20": 0.0949,
        "mrr@5": 0.0432,
        "mrr@10": 0.0511,
        "mrr@20": 0.0563
      },
      "test_result": {
        "hit@5": 0.0766,
        "hit@10": 0.1463,
        "hit@20": 0.24,
        "ndcg@5": 0.0452,
        "ndcg@10": 0.0677,
        "ndcg@20": 0.0912,
        "mrr@5": 0.0349,
        "mrr@10": 0.0441,
        "mrr@20": 0.0506
      },
      "best_hr@10": 0.157,
      "test_mrr@20": 0.0506,
      "test_hr@10": 0.1463,
      "epochs_run": 24,
      "early_stop_epoch": 24,
      "early_stopped": true,
      "elapsed": 641.6,
      "status": "ok"
    },
    {
      "trial": 6,
      "params": {
        "learning_rate": 0.0001698318027117668
      },
      "mrr@20": 0.0562,
      "valid_result": {
        "hit@5": 0.0942,
        "hit@10": 0.1547,
        "hit@20": 0.2262,
        "ndcg@5": 0.0556,
        "ndcg@10": 0.0753,
        "ndcg@20": 0.0935,
        "mrr@5": 0.0429,
        "mrr@10": 0.0512,
        "mrr@20": 0.0562
      },
      "test_result": {
        "hit@5": 0.0803,
        "hit@10": 0.1384,
        "hit@20": 0.2307,
        "ndcg@5": 0.0471,
        "ndcg@10": 0.0658,
        "ndcg@20": 0.0892,
        "mrr@5": 0.0363,
        "mrr@10": 0.0439,
        "mrr@20": 0.0504
      },
      "best_hr@10": 0.1547,
      "test_mrr@20": 0.0504,
      "test_hr@10": 0.1384,
      "epochs_run": 24,
      "early_stop_epoch": 24,
      "early_stopped": true,
      "elapsed": 607.5,
      "status": "ok"
    }
  ],
  "run_group": "baseline",
  "run_axis": "stageg_cross6x9_anchor2_core5",
  "run_phase": "P22_SG_D04_M07_C01_FEAREC_XFER_LASTFM0_03_FAD_H2_R1_C1_S3",
  "parent_result": "",
  "interrupted": false,
  "interrupted_at": null,
  "tuned_search": {
    "learning_rate": [
      0.000154320987654321,
      0.00018343264533470644
    ]
  },
  "fixed_search": {
    "n_layers": 2,
    "n_heads": 2,
    "weight_decay": 0.00015,
    "hidden_dropout_prob": 0.12,
    "MAX_ITEM_LIST_LENGTH": 22,
    "num_layers": 2,
    "num_heads": 2,
    "dropout_ratio": 0.12,
    "dropout_prob": 0.12,
    "attn_dropout_prob": 0.12,
    "hidden_size": 128,
    "embedding_size": 128,
    "inner_size": 256,
    "time_span": 384,
    "num_experts": 6,
    "state_size": 24,
    "conv_kernel": 6,
    "remaining_ratio": 0.6
  },
  "context_fixed": {
    "num_layers": 2,
    "search_space_type_overrides": {
      "learning_rate": "loguniform",
      "weight_decay": "choice",
      "n_layers": "choice",
      "num_layers": "choice",
      "n_heads": "choice",
      "num_heads": "choice",
      "dropout_ratio": "choice",
      "dropout_prob": "choice",
      "hidden_dropout_prob": "choice",
      "attn_dropout_prob": "choice",
      "hidden_size": "choice",
      "embedding_size": "choice",
      "inner_size": "choice",
      "time_span": "choice",
      "num_experts": "choice",
      "state_size": "choice",
      "conv_kernel": "choice",
      "remaining_ratio": "choice",
      "MAX_ITEM_LIST_LENGTH": "choice"
    }
  },
  "best_params": {
    "learning_rate": 0.0001807962174175592
  },
  "best_mrr@20": 0.0574,
  "best_hr@10": 0.1533,
  "test_mrr@20": 0.0501,
  "test_hr@10": 0.1523,
  "best_valid_result": {
    "hit@5": 0.0979,
    "hit@10": 0.1533,
    "hit@20": 0.2378,
    "ndcg@5": 0.0575,
    "ndcg@10": 0.0752,
    "ndcg@20": 0.0965,
    "mrr@5": 0.0444,
    "mrr@10": 0.0516,
    "mrr@20": 0.0574
  },
  "test_result": {
    "hit@5": 0.0854,
    "hit@10": 0.1523,
    "hit@20": 0.239,
    "ndcg@5": 0.0476,
    "ndcg@10": 0.069,
    "ndcg@20": 0.091,
    "mrr@5": 0.0354,
    "mrr@10": 0.044,
    "mrr@20": 0.0501
  },
  "best_valid_special_metrics": {
    "split": "best_valid",
    "overall": {
      "count": 2166,
      "hit@20": 0.23776546629732226,
      "ndcg@20": 0.09647971344896741,
      "mrr@20": 0.05735037337372893
    },
    "slices": {
      "target_popularity_abs": {
        "rare_1_5": {
          "count": 1940,
          "hit@20": 0.21804123711340206,
          "ndcg@20": 0.08712996226764216,