best_mrr20,epoch,eval,lr,patience_used,train_loss,trial,valid_mrr20
0.0195,1,1,8e-05,0,223.70312786102295,1,0.0195
0.0195,3,1,8e-05,2,220.39105987548828,1,0.0076
0.0195,6,1,8e-05,5,214.4057559967041,1,0.0093
