{
  "model": "FAME",
  "dataset": "retail_rocket",
  "dataset_raw": "retail_rocket",
  "max_evals": 7,
  "tune_epochs": 48,
  "n_completed": 7,
  "n_recorded_trials": 7,
  "timestamp": "2026-04-08T06:39:48.451392",
  "trials": [
    {
      "trial": 1,
      "params": {
        "learning_rate": 0.005057022672600737
      },
      "mrr@20": 0.2303,
      "valid_result": {
        "hit@5": 0.3135,
        "hit@10": 0.3744,
        "hit@20": 0.4328,
        "ndcg@5": 0.2419,
        "ndcg@10": 0.2616,
        "ndcg@20": 0.2764,
        "mrr@5": 0.2181,
        "mrr@10": 0.2263,
        "mrr@20": 0.2303
      },
      "test_result": {
        "hit@5": 0.3136,
        "hit@10": 0.3769,
        "hit@20": 0.4373,
        "ndcg@5": 0.2422,
        "ndcg@10": 0.2628,
        "ndcg@20": 0.2781,
        "mrr@5": 0.2185,
        "mrr@10": 0.2271,
        "mrr@20": 0.2313
      },
      "best_hr@10": 0.3744,
      "test_mrr@20": 0.2313,
      "test_hr@10": 0.3769,
      "epochs_run": 23,
      "early_stop_epoch": 23,
      "early_stopped": true,
      "elapsed": 1183.1,
      "status": "ok"
    },
    {
      "trial": 2,
      "params": {
        "learning_rate": 0.002730069613207371
      },
      "mrr@20": 0.2701,
      "valid_result": {
        "hit@5": 0.3147,
        "hit@10": 0.3437,
        "hit@20": 0.368,
        "ndcg@5": 0.2771,
        "ndcg@10": 0.2865,
        "ndcg@20": 0.2927,
        "mrr@5": 0.2645,
        "mrr@10": 0.2684,
        "mrr@20": 0.2701
      },
      "test_result": {
        "hit@5": 0.3163,
        "hit@10": 0.3424,
        "hit@20": 0.3648,
        "ndcg@5": 0.2768,
        "ndcg@10": 0.2853,
        "ndcg@20": 0.291,
        "mrr@5": 0.2636,
        "mrr@10": 0.2672,
        "mrr@20": 0.2687
      },
      "best_hr@10": 0.3437,
      "test_mrr@20": 0.2687,
      "test_hr@10": 0.3424,
      "epochs_run": 8,
      "early_stop_epoch": 8,
      "early_stopped": true,
      "elapsed": 408.8,
      "status": "ok"
    },
    {
      "trial": 3,
      "params": {
        "learning_rate": 0.0015058419434022768
      },
      "mrr@20": 0.3162,
      "valid_result": {
        "hit@5": 0.3414,
        "hit@10": 0.3532,
        "hit@20": 0.3654,
        "ndcg@5": 0.3207,
        "ndcg@10": 0.3245,
        "ndcg@20": 0.3276,
        "mrr@5": 0.3137,
        "mrr@10": 0.3153,
        "mrr@20": 0.3162
      },
      "test_result": {
        "hit@5": 0.3418,
        "hit@10": 0.3533,
        "hit@20": 0.3645,
        "ndcg@5": 0.3198,
        "ndcg@10": 0.3236,
        "ndcg@20": 0.3264,
        "mrr@5": 0.3124,
        "mrr@10": 0.314,
        "mrr@20": 0.3148
      },
      "best_hr@10": 0.3532,
      "test_mrr@20": 0.3148,
      "test_hr@10": 0.3533,
      "epochs_run": 8,
      "early_stop_epoch": 8,
      "early_stopped": true,
      "elapsed": 403.3,
      "status": "ok"
    },
    {
      "trial": 4,
      "params": {
        "learning_rate": 0.002783673325464696
      },
      "mrr@20": 0.267,
      "valid_result": {
        "hit@5": 0.3138,
        "hit@10": 0.3408,
        "hit@20": 0.3668,
        "ndcg@5": 0.2747,
        "ndcg@10": 0.2834,
        "ndcg@20": 0.29,
        "mrr@5": 0.2616,
        "mrr@10": 0.2652,
        "mrr@20": 0.267
      },
      "test_result": {
        "hit@5": 0.3137,
        "hit@10": 0.3406,
        "hit@20": 0.3639,
        "ndcg@5": 0.2736,
        "ndcg@10": 0.2824,
        "ndcg@20": 0.2883,
        "mrr@5": 0.2602,
        "mrr@10": 0.2638,
        "mrr@20": 0.2655
      },
      "best_hr@10": 0.3408,
      "test_mrr@20": 0.2655,
      "test_hr@10": 0.3406,
      "epochs_run": 8,
      "early_stop_epoch": 8,
      "early_stopped": true,
      "elapsed": 404.5,
      "status": "ok"
    },
    {
      "trial": 5,
      "params": {
        "learning_rate": 0.0020564304174120673
      },
      "mrr@20": 0.3023,
      "valid_result": {
        "hit@5": 0.3365,
        "hit@10": 0.3543,
        "hit@20": 0.3701,
        "ndcg@5": 0.3083,
        "ndcg@10": 0.3141,
        "ndcg@20": 0.3181,
        "mrr@5": 0.2988,
        "mrr@10": 0.3012,
        "mrr@20": 0.3023
      },
      "test_result": {
        "hit@5": 0.3371,
        "hit@10": 0.3545,
        "hit@20": 0.3683,
        "ndcg@5": 0.3071,
        "ndcg@10": 0.3128,
        "ndcg@20": 0.3163,
        "mrr@5": 0.297,
        "mrr@10": 0.2994,
        "mrr@20": 0.3003
      },
      "best_hr@10": 0.3543,
      "test_mrr@20": 0.3003,
      "test_hr@10": 0.3545,
      "epochs_run": 8,
      "early_stop_epoch": 8,
      "early_stopped": true,
      "elapsed": 403.5,
      "status": "ok"
    },
    {
      "trial": 6,
      "params": {
        "learning_rate": 0.0021250204954871674
      },
      "mrr@20": 0.2996,
      "valid_result": {
        "hit@5": 0.3361,
        "hit@10": 0.3541,
        "hit@20": 0.3711,
        "ndcg@5": 0.306,
        "ndcg@10": 0.3119,
        "ndcg@20": 0.3162,
        "mrr@5": 0.2959,
        "mrr@10": 0.2984,
        "mrr@20": 0.2996
      },
      "test_result": {
        "hit@5": 0.3352,
        "hit@10": 0.3534,
        "hit@20": 0.3699,
        "ndcg@5": 0.3045,
        "ndcg@10": 0.3104,
        "ndcg@20": 0.3146,
        "mrr@5": 0.2941,
        "mrr@10": 0.2966,
        "mrr@20": 0.2978
      },
      "best_hr@10": 0.3541,
      "test_mrr@20": 0.2978,
      "test_hr@10": 0.3534,
      "epochs_run": 8,
      "early_stop_epoch": 8,
      "early_stopped": true,
      "elapsed": 398.1,
      "status": "ok"
    },
    {
      "trial": 7,
      "params": {
        "learning_rate": 0.001881094624320019
      },
      "mrr@20": 0.3072,
      "valid_result": {
        "hit@5": 0.3384,
        "hit@10": 0.3554,
        "hit@20": 0.3688,
        "ndcg@5": 0.3127,
        "ndcg@10": 0.3182,
        "ndcg@20": 0.3215,
        "mrr@5": 0.304,
        "mrr@10": 0.3062,
        "mrr@20": 0.3072
      },
      "test_result": {
        "hit@5": 0.3395,
        "hit@10": 0.354,
        "hit@20": 0.3666,
        "ndcg@5": 0.3118,
        "ndcg@10": 0.3165,
        "ndcg@20": 0.3197,
        "mrr@5": 0.3025,
        "mrr@10": 0.3044,
        "mrr@20": 0.3053
      },
      "best_hr@10": 0.3554,
      "test_mrr@20": 0.3053,
      "test_hr@10": 0.354,
      "epochs_run": 8,
      "early_stop_epoch": 8,
      "early_stopped": true,
      "elapsed": 404.0,
      "status": "ok"
    }
  ],
  "run_group": "baseline",
  "run_axis": "stageg_cross6x9_anchor2_core5",
  "run_phase": "P22_SG_D05_M09_C02_FAME_AGGR_SPARSE_FAME_G2_S1",
  "parent_result": "",
  "interrupted": false,
  "interrupted_at": null,
  "tuned_search": {
    "learning_rate": [
      0.0013,
      0.01
    ]
  },
  "fixed_search": {
    "num_heads": 8,
    "num_experts": 4,
    "num_layers": 3,
    "weight_decay": 0.00012,
    "hidden_dropout_prob": 0.14,
    "MAX_ITEM_LIST_LENGTH": 10,
    "n_layers": 3,
    "n_heads": 8,
    "dropout_ratio": 0.14,
    "dropout_prob": 0.14,
    "attn_dropout_prob": 0.14,
    "hidden_size": 88,
    "embedding_size": 88,
    "inner_size": 176,
    "time_span": 384,
    "state_size": 24,
    "conv_kernel": 6,
    "remaining_ratio": 0.6
  },
  "context_fixed": {
    "num_layers": 3,
    "search_space_type_overrides": {
      "learning_rate": "loguniform",
      "weight_decay": "choice",
      "n_layers": "choice",
      "num_layers": "choice",
      "n_heads": "choice",
      "num_heads": "choice",
      "dropout_ratio": "choice",
      "dropout_prob": "choice",
      "hidden_dropout_prob": "choice",
      "attn_dropout_prob": "choice",
      "hidden_size": "choice",
      "embedding_size": "choice",
      "inner_size": "choice",
      "time_span": "choice",
      "num_experts": "choice",
      "state_size": "choice",
      "conv_kernel": "choice",
      "remaining_ratio": "choice",
      "MAX_ITEM_LIST_LENGTH": "choice"
    }
  },
  "best_params": {
    "learning_rate": 0.0015058419434022768
  },
  "best_mrr@20": 0.3162,
  "best_hr@10": 0.3532,
  "test_mrr@20": 0.3148,
  "test_hr@10": 0.3533,
  "best_valid_result": {
    "hit@5": 0.3414,