stage_name,stage_key,split,aggregation_level,node_kind,node_name,route_space,support_size,wrapper_name,source_type,temperature,top_k,entropy_norm,n_eff_norm,top1_monopoly_norm,jitter_adj_norm,knn_consistency_score,knn_consistency_js,n_eff,cv_usage,top1_max_frac,entropy_mean
macro,macro@1,best_valid,session,final,final.expert,expert,12,GroupConditionalProductWrapper,,,,0.9997477093616056,0.9991189262560631,0.95270043609527,0.0,0.999968997724603,3.1002755977411183e-05,11.989427115072758,0.029696660162608024,0.9566420664206642,2.484279731102975
macro,macro@1,best_valid,session,final,final.group,group,4,GroupConditionalProductWrapper,,,,0.9997497762409202,0.9994315757694249,0.942189421894219,0.0,0.9999892932515699,1.0706805747694674e-05,3.9977263030776995,0.023847149685025215,0.9566420664206642,1.38594747733366
macro,macro@1,best_valid,session,final,final.intra.Exposure,intra,3,GroupConditionalProductWrapper,,,,0.9998809176456508,0.9997733749064941,0.9723247232472325,0.0,0.9999971333066855,2.8666974234897478e-06,2.9993201247194823,0.015058309271681862,0.981549815498155,1.0984814633302582
macro,macro@1,best_valid,session,final,final.intra.Focus,intra,3,GroupConditionalProductWrapper,,,,0.9993663528873875,0.9992959393470852,1.0,0.0,0.9999402623862763,5.973939808596552e-05,2.9978878180412556,0.02654481278626995,1.0,1.0979161561635147
macro,macro@1,best_valid,session,final,final.intra.Memory,intra,3,GroupConditionalProductWrapper,,,,0.9998164432964582,0.9997746260383322,0.9626383763837636,0.0,0.99998583709775,1.4163002544865672e-05,2.9993238781149967,0.015011036786853171,0.9750922509225092,1.0984106310179313
macro,macro@1,best_valid,session,final,final.intra.Tempo,intra,3,GroupConditionalProductWrapper,,,,0.9998909629337605,0.9998700787561124,0.9349630996309961,0.0,0.9999932901452168,6.709877294447042e-06,2.9996102362683374,0.011402248939834377,0.9566420664206642,1.0984924992072187
