stage_name,stage_key,split,aggregation_level,node_kind,node_name,route_space,support_size,wrapper_name,source_type,temperature,top_k,entropy_norm,n_eff_norm,top1_monopoly_norm,jitter_adj_norm,knn_consistency_score,knn_consistency_js,n_eff,cv_usage,top1_max_frac,entropy_mean
macro,macro@1,best_valid,session,final,final.expert,expert,12,ScalarGroupConditionalProductWrapper,,,,0.9446453949198655,0.8159691526096547,0.7485075190810851,0.0,0.9992710939278754,0.0007291718533164577,9.791629831315857,0.47490703910035126,0.7694652258243281,2.3473556235279855
macro,macro@1,best_valid,session,final,final.group,group,4,ScalarGroupConditionalProductWrapper,,,,0.9023447285392627,0.8185310267419138,0.6977925556479172,0.0,0.9993006714878825,0.0006995731563659376,3.274124106967655,0.4708511531352997,0.7733444167359379,1.2509154089602383
macro,macro@1,best_valid,session,final,final.intra.Exposure,intra,3,ScalarGroupConditionalProductWrapper,,,,0.9982565723877136,0.9968875962058865,0.7385702410640067,0.0,0.9999779885089589,2.201173329752598e-05,2.9906627886176596,0.055875513900056066,0.8257134940426711,1.0966969376688487
macro,macro@1,best_valid,session,final,final.intra.Focus,intra,3,ScalarGroupConditionalProductWrapper,,,,0.997365203868592,0.9944635111217015,0.9966749792186199,0.0,0.999985288975439,1.4711132769189193e-05,2.9833905333651045,0.0746145933981361,0.99778331947908,1.0957176692600097
macro,macro@1,best_valid,session,final,final.intra.Memory,intra,3,ScalarGroupConditionalProductWrapper,,,,0.9974492545751823,0.9954829733187059,0.894846217788861,0.0,0.9999494348652737,5.056641318581321e-05,2.9864489199561177,0.06736092254933945,0.9298974785259074,1.0958100083991411
macro,macro@1,best_valid,session,final,final.intra.Tempo,intra,3,ScalarGroupConditionalProductWrapper,,,,0.9984293535471953,0.99759304121067,0.9530340814630089,0.0,0.999973322227087,2.667812877104423e-05,2.99277912363201,0.049119761612422416,0.9686893876420061,1.0968867571739056
