{
  "split": "best_valid",
  "feature_mode": "none",
  "stages": [
    {
      "stage": "macro@1",
      "n_eff": 3.994747392685256,
      "cv_usage": 0.03626273199915886,
      "top1_max_frac": 0.7529626138862708,
      "entropy_mean": 1.3780204651665096,
      "route_jitter_adjacent": 0.0,
      "route_consistency_knn_js": 0.0003080448291759477,
      "route_consistency_knn_score": 0.999692002611761,
      "route_consistency_group_knn_js": 0.0003080448291759477,
      "route_consistency_group_knn_score": 0.999692002611761,
      "route_consistency_intra_group_knn_mean_js": 0.0,
      "route_consistency_intra_group_knn_mean_score": 1.0,
      "route_consistency_feature_group_knn_mean_score": 0.9991066217481853,
      "family_top_expert_mean_share": 0.26662591099739075,
      "route_consistency_feature_group_knn_tempo_js": 0.0012508678471626752,
      "route_consistency_feature_group_knn_tempo_score": 0.9987499141619255,
      "route_consistency_feature_group_knn_focus_js": 0.0006619852679671845,
      "route_consistency_feature_group_knn_focus_score": 0.9993382337959387,
      "route_consistency_feature_group_knn_memory_js": 0.0008663550582614273,
      "route_consistency_feature_group_knn_memory_score": 0.9991340201189287,
      "route_consistency_feature_group_knn_exposure_js": 0.0007959978062634648,
      "route_consistency_feature_group_knn_exposure_score": 0.9992043189159481
    }
  ]
}
