{
  "split": "best_valid",
  "feature_mode": "runtime:unknown|ablation:none",
  "stages": [
    {
      "stage": "macro@1",
      "n_eff": 11.857818968979554,
      "cv_usage": 0.10950142563875241,
      "top1_max_frac": 0.13919726729291204,
      "entropy_mean": 2.35615234375,
      "route_jitter_adjacent": 0.6837680801087898,
      "route_consistency_knn_js": 0.03217924803339029,
      "route_consistency_knn_score": 0.968332994737094,
      "route_consistency_group_knn_js": 0.008783541671217756,
      "route_consistency_group_knn_score": 0.9912549209359099,
      "route_consistency_intra_group_knn_mean_js": 0.023410823983205875,
      "route_consistency_intra_group_knn_mean_score": 0.9768718646394787,
      "route_consistency_feature_group_knn_mean_score": 0.9652678788386392,
      "family_top_expert_mean_share": 0.09949164092540741,
      "route_consistency_feature_group_knn_tempo_js": 0.0365256135946346,
      "route_consistency_feature_group_knn_tempo_score": 0.9641333986580115,
      "route_consistency_feature_group_knn_focus_js": 0.035320643330436816,
      "route_consistency_feature_group_knn_focus_score": 0.9652958509536871,
      "route_consistency_feature_group_knn_memory_js": 0.0354958707803654,
      "route_consistency_feature_group_knn_memory_score": 0.9651267194419724,
      "route_consistency_feature_group_knn_exposure_js": 0.034057895309587305,
      "route_consistency_feature_group_knn_exposure_score": 0.9665155463008857
    }
  ]
}
