stage_name,stage_key,split,aggregation_level,node_kind,node_name,route_space,support_size,wrapper_name,source_type,temperature,top_k,entropy_norm,n_eff_norm,top1_monopoly_norm,jitter_adj_norm,knn_consistency_score,knn_consistency_js,n_eff,cv_usage,top1_max_frac,entropy_mean
macro,macro@1,best_valid,session,final,final.expert,expert,16,ScalarGroupConditionalProductWrapper,,,,0.9996485166068665,0.9980537696404721,1.0,0.0,1.0000000007063754,-7.063754977856009e-10,15.968860314247554,0.0441582128405571,1.0,2.7716142033479247
macro,macro@1,best_valid,session,final,final.group,group,4,ScalarGroupConditionalProductWrapper,,,,0.9998014097889442,0.9994461029848127,1.0,0.0,0.9999999984184541,1.5815458560131106e-09,3.997784411939251,0.023541957139968872,1.0,1.3860190566301303
macro,macro@1,best_valid,session,final,final.intra.Exposure,intra,4,ScalarGroupConditionalProductWrapper,,,,0.9993518506448863,0.9982266933697943,1.0,0.0,0.9999999952008106,4.799189416916261e-09,3.992906773479177,0.042146287858486176,1.0,1.385395835323733
macro,macro@1,best_valid,session,final,final.intra.Focus,intra,4,ScalarGroupConditionalProductWrapper,,,,0.9993535311483283,0.998211488881363,1.0,0.0,1.000000000777855,-7.778549549542622e-10,3.992845955525452,0.04232935607433319,1.0,1.3853981649961784
macro,macro@1,best_valid,session,final,final.intra.Memory,intra,4,ScalarGroupConditionalProductWrapper,,,,0.9998588079550468,0.9996091463565767,1.0,0.0,0.9999999981261564,1.8738436324101086e-09,3.998436585426307,0.01977553777396679,1.0,1.386098627384137
macro,macro@1,best_valid,session,final,final.intra.Tempo,intra,4,ScalarGroupConditionalProductWrapper,,,,0.9994262333166494,0.9984315239640714,1.0,0.0,1.0000000016521031,-1.6521030283182988e-09,3.9937260958562857,0.039634257555007935,1.0,1.3854989516021632
