stage_name,stage_key,split,aggregation_level,node_kind,node_name,route_space,support_size,wrapper_name,source_type,temperature,top_k,entropy_norm,n_eff_norm,top1_monopoly_norm,jitter_adj_norm,knn_consistency_score,knn_consistency_js,n_eff,cv_usage,top1_max_frac,entropy_mean
macro,macro@1,best_valid,session,final,final.expert,expert,12,ScalarGroupConditionalProductWrapper,,,,0.7946969809014298,0.7429745315621831,0.26178076599919825,0.0,0.9889282526925172,0.011133495296810028,8.915694378746197,0.5881677918534155,0.32329903549926503,1.9747478124084106
macro,macro@1,best_valid,session,final,final.group,group,4,ScalarGroupConditionalProductWrapper,,,,0.8613699256000126,0.8832062316064682,0.4900264821936891,0.0,0.9961280107308608,0.003879504825965644,3.5328249264258726,0.363646000623703,0.6175198616452668,1.194112270697557
macro,macro@1,best_valid,session,final,final.intra.Exposure,intra,3,ScalarGroupConditionalProductWrapper,,,,0.45323370283867137,0.941358766581717,0.13678191007389806,0.0,0.9756881301565169,0.02461228240649727,2.824076299745151,0.24958834798370755,0.4245212733825987,0.49792811557711475
macro,macro@1,best_valid,session,final,final.intra.Focus,intra,3,ScalarGroupConditionalProductWrapper,,,,0.8757995227478388,0.8878210689710664,0.65109504728537,0.0,0.9977638385740235,0.0022386653684474556,2.663463206913199,0.3554619072240023,0.7673966981902467,0.9621641181004414
macro,macro@1,best_valid,session,final,final.intra.Memory,intra,3,ScalarGroupConditionalProductWrapper,,,,0.6897770390038391,0.6920985796898435,0.9169301089342167,0.0,0.9996660136081335,0.00033404217774301795,2.0762957390695305,0.6669938365520883,0.9446200726228111,0.7577975314907197
macro,macro@1,best_valid,session,final,final.intra.Tempo,intra,3,ScalarGroupConditionalProductWrapper,,,,0.6242690134623217,0.98275934734771,0.11367617743591814,0.0,0.9841812659298648,0.01594518555171957,2.94827804204313,0.1324502935275348,0.4091174516239454,0.6858296096244242
