stage_name,stage_key,split,aggregation_level,node_kind,node_name,route_space,support_size,wrapper_name,source_type,temperature,top_k,entropy_norm,n_eff_norm,top1_monopoly_norm,jitter_adj_norm,knn_consistency_score,knn_consistency_js,n_eff,cv_usage,top1_max_frac,entropy_mean
macro,macro@1,best_valid,session,final,final.expert,expert,8,ScalarGroupConditionalProductWrapper,,,,0.9745125457804097,0.9764355955982569,0.3717294066421249,0.0,0.9969747060617411,0.0030298793905279473,7.811484764786055,0.1553482562303543,0.45026323081185926,2.0264418705839566
macro,macro@1,best_valid,session,final,final.group,group,4,ScalarGroupConditionalProductWrapper,,,,0.9702572072135213,0.9778556461883238,0.674517410178258,0.0,0.9977148582276326,0.002287756693230101,3.911422584753295,0.1504853069782257,0.7558880576336935,1.3450620951960377
macro,macro@1,best_valid,session,final,final.intra.Exposure,intra,2,ScalarGroupConditionalProductWrapper,,,,0.993991538133175,0.9999227583471049,0.6713771127736214,0.0,0.9996214768335954,0.00037859482438180246,1.9998455166942097,0.008790850639343262,0.8356885563868107,0.6889824321574536
macro,macro@1,best_valid,session,final,final.intra.Focus,intra,2,ScalarGroupConditionalProductWrapper,,,,0.9932035558482096,0.9989606227498816,0.5284012191742864,0.0,0.999574844535867,0.00042524586834215473,1.9979212454997632,0.03225657343864441,0.7642006095871432,0.6884362444582987
macro,macro@1,best_valid,session,final,final.intra.Memory,intra,2,ScalarGroupConditionalProductWrapper,,,,0.9983620388373261,0.9997730770184227,0.513992795788307,0.0,0.9999441877848281,5.5813772731610655e-05,1.9995461540368453,0.015066742897033691,0.7569963978941535,0.6920118323981712
macro,macro@1,best_valid,session,final,final.intra.Tempo,intra,2,ScalarGroupConditionalProductWrapper,,,,0.9496344010906551,0.9790899838464197,0.7279024660570794,0.0,0.998054354810761,0.00194754041553114,1.9581799676928393,0.1461385190486908,0.8639512330285397,0.6582364076787198
