stage_name,stage_key,split,aggregation_level,node_kind,node_name,route_space,support_size,wrapper_name,source_type,temperature,top_k,entropy_norm,n_eff_norm,top1_monopoly_norm,jitter_adj_norm,knn_consistency_score,knn_consistency_js,n_eff,cv_usage,top1_max_frac,entropy_mean
macro,macro@1,best_valid,session,final,final.expert,expert,16,FlatJointWrapper,,,,0.6678048208110606,0.9595876771699661,0.041936878512753996,0.711975463543845,0.7893987123346367,0.2364837469497592,15.353402834719457,0.20521768927574158,0.10181582360570687,1.8515481148381046
macro,macro@1,best_valid,session,final,final.group,group,4,FlatJointWrapper,,,,0.848674404197694,0.996058208424441,0.049471928849360726,0.0,0.9435732819706384,0.0580812468445785,3.984232833697764,0.06290740519762039,0.28710394663702055,1.176512540966046
macro,macro@1,best_valid,session,final,final.intra.Exposure,intra,4,FlatJointWrapper,,,,0.3538682470078257,0.9450993200577609,0.10946148336263595,0.0,0.7837472712704003,0.2436686686737305,3.7803972802310435,0.24101847410202026,0.33209611252197696,0.49056555540632935
macro,macro@1,best_valid,session,final,final.intra.Focus,intra,4,FlatJointWrapper,,,,0.4413205158085183,0.9595147961373293,0.13635075120476237,0.0,0.8154807304387327,0.2039774863372946,3.838059184549317,0.2054101973772049,0.3522630634035718,0.6118001425118704
macro,macro@1,best_valid,session,final,final.intra.Memory,intra,4,FlatJointWrapper,,,,0.4011563331489513,0.8992870439903667,0.1658055425082198,0.0,0.8069566593398292,0.21448531805300244,3.597148175961467,0.3346520662307739,0.37435415688116486,0.5561207625719234
macro,macro@1,best_valid,session,final,final.intra.Tempo,intra,4,FlatJointWrapper,,,,0.4229841015903298,0.9646297029907908,0.11663796951725014,0.0,0.8000817129208921,0.22304141537914682,3.858518811963163,0.19148705899715424,0.3374784771379376,0.5863804748780371
