best_mrr20,epoch,epoch_time_sec,eval,lr,patience_used,train_loss,trial,valid_mrr20
0.013,1,26.99069118499756,1,0.00034992070542535163,0,683.3881692886353,1,0.013
0.0156,3,24.942063331604004,1,0.00034928682780526084,0,590.316677570343,1,0.0156
0.0173,5,24.599583864212036,1,0.0003480216249665321,0,547.7350664138794,1,0.0173
0.0173,10,23.46874713897705,1,0.00034213620104419886,5,476.5301079750061,1,0.0164
0.0173,15,23.54151201248169,1,0.00033249158316315044,10,400.8663272857666,1,0.016
