best_mrr20,epoch,epoch_time_sec,eval,lr,patience_used,train_loss,trial,valid_mrr20
0.0415,1,34.95536661148071,1,0.00129037,0,1343.9874725341797,1,0.0415
0.0639,3,36.3023521900177,1,0.00129037,0,1100.070749282837,1,0.0639
0.0833,10,35.010950565338135,1,0.00129037,1,1013.4598240852356,1,0.0822
0.0968,32,33.98552918434143,1,0.00129037,0,928.5581378936768,1,0.0968
0.0968,42,34.870744705200195,1,0.00129037,10,907.7120461463928,1,0.0967
