best_mrr20,epoch,epoch_time_sec,eval,lr,patience_used,train_loss,trial,valid_mrr20
0.2969,1,54.777618408203125,1,0.0006918502217122324,0,2135.3145036697388,1,0.2969
0.3535,3,55.95575547218323,1,0.0006905969424258146,0,1135.4259977340698,1,0.3535
0.3693,6,53.26973032951355,1,0.0006863795394030031,0,816.5571594238281,1,0.3693
0.3693,10,53.287984132766724,1,0.0006764589887885513,4,670.6646964550018,1,0.358
0.3693,16,53.56921577453613,1,0.0006527232986450689,10,494.7577602863312,1,0.339
