stage_name,stage_key,split,aggregation_level,node_kind,node_name,route_space,support_size,wrapper_name,source_type,temperature,top_k,entropy_norm,n_eff_norm,top1_monopoly_norm,jitter_adj_norm,knn_consistency_score,knn_consistency_js,n_eff,cv_usage,top1_max_frac,entropy_mean
macro,macro@1,best_valid,session,final,final.expert,expert,12,ScalarGroupConditionalProductWrapper,,,,0.9410097005054942,0.7879729179773353,0.864434671028788,0.0,0.996465564541898,0.00354069633189526,9.455675015728023,0.5187287060512165,0.875731781776389,2.338321262301117
macro,macro@1,best_valid,session,final,final.group,group,4,ScalarGroupConditionalProductWrapper,,,,0.9242735694404673,0.8130070931375176,0.9967436459193814,0.0,0.9994462181471443,0.0005539352466597425,3.2520283725500705,0.47958481311798096,0.997557734439536,1.2813152374474734
macro,macro@1,best_valid,session,final,final.intra.Exposure,intra,3,ScalarGroupConditionalProductWrapper,,,,0.967184665047107,0.9636136984047997,0.842689365370111,0.0,0.9967933100851591,0.003211842362762826,2.890841095214399,0.19431993531227304,0.895126243580074,1.0625609584321014
macro,macro@1,best_valid,session,final,final.intra.Focus,intra,3,ScalarGroupConditionalProductWrapper,,,,0.9832421746931158,0.9977196716779179,0.13597672664583554,0.0,0.9988013995123046,0.00119931938376349,2.9931590150337537,0.04780829851452984,0.42398448443055703,1.0802019358546133
macro,macro@1,best_valid,session,final,final.intra.Memory,intra,3,ScalarGroupConditionalProductWrapper,,,,0.9553588665825079,0.9708723526173171,0.6894192436159896,0.0,0.9977001065011056,0.0023025423160584597,2.9126170578519512,0.1732093528446748,0.7929461624106597,1.0495689909155803
macro,macro@1,best_valid,session,final,final.intra.Tempo,intra,3,ScalarGroupConditionalProductWrapper,,,,0.9430220025301485,0.984535416998225,0.3604676220234889,0.0,0.9948856501604083,0.0051274728897674725,2.953606250994675,0.1253299899300936,0.5736450813489926,1.0360155604640304
