stage_name,stage_key,split,aggregation_level,node_kind,node_name,route_space,support_size,wrapper_name,source_type,temperature,top_k,entropy_norm,n_eff_norm,top1_monopoly_norm,jitter_adj_norm,knn_consistency_score,knn_consistency_js,n_eff,cv_usage,top1_max_frac,entropy_mean
macro,macro@1,best_valid,session,final,final.expert,expert,12,GroupConditionalProductWrapper,,,,0.8261079201699194,0.7825645902501273,0.3855252668753869,0.0,0.9844082770311706,0.015714552301508727,9.390775083001527,0.5271145842339222,0.4367314946357713,2.052801064272767
macro,macro@1,best_valid,session,final,final.group,group,4,GroupConditionalProductWrapper,,,,0.8608805228241878,0.9788842158892387,0.18992798706706507,0.0,0.989531931894253,0.010523243723214221,3.9155368635569547,0.14687197785806524,0.3924459903002988,1.1934338143891148
macro,macro@1,best_valid,session,final,final.intra.Exposure,intra,3,GroupConditionalProductWrapper,,,,0.7010283750192868,0.682311643060887,0.9785063439964728,0.0,0.9956875614153035,0.004321763967721283,2.046934929182661,0.6823533272041878,0.9856708959976486,0.7701583875012247
macro,macro@1,best_valid,session,final,final.intra.Focus,intra,3,GroupConditionalProductWrapper,,,,0.7043486741504243,0.8431926601317942,0.3324107186596776,0.0,0.9906321831887444,0.009411970774332682,2.5295779803953824,0.4312404625129148,0.5549404791064517,0.7738061089287464
macro,macro@1,best_valid,session,final,final.intra.Memory,intra,3,GroupConditionalProductWrapper,,,,0.6817962625538208,0.7384332015398667,0.6889849605643462,0.0,0.9915046635389131,0.008531627514524794,2.2152996046196,0.5951624399229956,0.7926566403762308,0.7490297524096164
macro,macro@1,best_valid,session,final,final.intra.Tempo,intra,3,GroupConditionalProductWrapper,,,,0.8868053559098308,0.9547419610746067,0.48720178317738694,0.0,0.9958299909853024,0.004178727748863824,2.86422588322382,0.2177233929120483,0.658134522118258,0.9742552616592368
