stage_name,stage_key,split,aggregation_level,node_kind,node_name,route_space,support_size,wrapper_name,source_type,temperature,top_k,entropy_norm,n_eff_norm,top1_monopoly_norm,jitter_adj_norm,knn_consistency_score,knn_consistency_js,n_eff,cv_usage,top1_max_frac,entropy_mean
macro,macro@1,best_valid,session,final,final.expert,expert,12,GroupConditionalProductWrapper,,,,0.868546960600357,0.9821074007867412,0.0796880062530547,0.7089537825911575,0.9887618248972438,0.011301800530832356,11.785288809440894,0.13497659996012448,0.15638067239863346,2.1582581180489835
macro,macro@1,best_valid,session,final,final.group,group,4,GroupConditionalProductWrapper,,,,0.8835871902909115,0.9863572040422663,0.10620396285780975,0.0,0.9943346720851713,0.0056814367550723725,3.9454288161690654,0.11760714650154114,0.3296529721433573,1.2249119394580583
macro,macro@1,best_valid,session,final,final.intra.Exposure,intra,3,GroupConditionalProductWrapper,,,,0.7862729870230668,0.9985482341928225,0.07260267536529545,0.0,0.9935442697276747,0.006476658619466786,2.9956447025784674,0.038130407947885754,0.38173511691019696,0.8638091657913224
macro,macro@1,best_valid,session,final,final.intra.Focus,intra,3,GroupConditionalProductWrapper,,,,0.9784707434795337,0.9948130686288253,0.05531952023303737,0.0,0.9990281668469053,0.0009723056891090124,2.984439205886476,0.07220820494865761,0.37021301348869157,1.0749599828888374
macro,macro@1,best_valid,session,final,final.intra.Memory,intra,3,GroupConditionalProductWrapper,,,,0.841566227224467,0.99835295008844,0.39150876910375937,0.0,0.9918619266457112,0.00817136823373419,2.99505885026532,0.04061648314844122,0.5943391794025062,0.9245549989568581
macro,macro@1,best_valid,session,final,final.intra.Tempo,intra,3,GroupConditionalProductWrapper,,,,0.8298015992861525,0.9912635866045069,0.07390814086946014,0.0,0.9933996574070494,0.006622221178032981,2.9737907598135207,0.09387979376674313,0.38260542724630675,0.9116302341322178
