cv_usage,entropy_mean,family_top_expert_mean_share,n_eff,route_consistency_feature_group_knn_exposure_js,route_consistency_feature_group_knn_exposure_score,route_consistency_feature_group_knn_focus_js,route_consistency_feature_group_knn_focus_score,route_consistency_feature_group_knn_mean_score,route_consistency_feature_group_knn_memory_js,route_consistency_feature_group_knn_memory_score,route_consistency_feature_group_knn_tempo_js,route_consistency_feature_group_knn_tempo_score,route_consistency_group_knn_js,route_consistency_group_knn_score,route_consistency_intra_group_knn_mean_js,route_consistency_intra_group_knn_mean_score,route_consistency_knn_js,route_consistency_knn_score,route_jitter_adjacent,stage,top1_max_frac
0.1189172860334686,2.536882993537111,0.07878787815570831,15.776897585489616,0.05713140934878573,0.9444699490304659,0.05953236147699617,0.9422050419510647,0.941950719036763,0.06046422638638972,0.9413274431003105,0.06208772193131214,0.9398004420652105,0.014021197395145613,0.9860766417851039,0.036906839964370705,0.9637763956450032,0.05020808673174926,0.9510315068713564,0.6996691270043268,macro@1,0.12675320149838837
0.14547664171178837,2.519574042136728,0.0888570249080658,15.668402337575618,0.06038119851538767,0.941405602758497,0.06567247122633164,0.9364375243028407,0.9387608053483014,0.0605812778594052,0.94121726578484,0.06615814824224144,0.9359828285470281,0.012928139666304737,0.9871550697642821,0.039964535262037526,0.9608313854396557,0.05289125903407963,0.9484831458482244,0.6915245609569866,mid@1,0.13511629932920985
