stage_name,stage_key,split,aggregation_level,node_kind,node_name,route_space,support_size,wrapper_name,source_type,temperature,top_k,entropy_norm,n_eff_norm,top1_monopoly_norm,jitter_adj_norm,knn_consistency_score,knn_consistency_js,n_eff,cv_usage,top1_max_frac,entropy_mean
macro,macro@1,best_valid,session,final,final.expert,expert,8,FlatJointWrapper,,,,0.9559094279992566,0.9980062736114049,0.07562252869616157,0.7523693803159174,0.9892706650130113,0.010787309358834757,7.984050188891239,0.044695602989720945,0.19116971260914137,1.987757774665064
macro,macro@1,best_valid,session,final,final.group,group,4,FlatJointWrapper,,,,0.9685198064546493,0.999058418767598,0.08100910836956647,0.0,0.9950453848591703,0.0049669299399928936,3.996233675070392,0.03069830685853958,0.31075683127717485,1.342653546321008
macro,macro@1,best_valid,session,final,final.intra.Exposure,intra,2,FlatJointWrapper,,,,0.9324615145306315,0.9999504113946986,0.11492099402594658,0.0,0.9947836710577802,0.005229981484165387,1.9999008227893973,0.007047117176480125,0.5574604970129733,0.6463330697775637
macro,macro@1,best_valid,session,final,final.intra.Focus,intra,2,FlatJointWrapper,,,,0.9259469859784075,0.9999032114258196,0.017780762840680087,0.0,0.9943995606302715,0.005616180629788521,1.9998064228516392,0.009841352701187134,0.50889038142034,0.6418175426789123
macro,macro@1,best_valid,session,final,final.intra.Memory,intra,2,FlatJointWrapper,,,,0.9391251786753929,0.9970563533726184,0.20435504966594786,0.0,0.9948518782835349,0.005161418951892561,1.9941127067452369,0.0543348491191864,0.6021775248329739,0.6509519697917034
macro,macro@1,best_valid,session,final,final.intra.Tempo,intra,2,FlatJointWrapper,,,,0.9476159717176048,0.9995186263024495,0.058574004029834814,0.0,0.9954364368041243,0.004574008039647786,1.999037252604899,0.02194535732269287,0.5292870020149174,0.6568373390496306
