stage_name,stage_key,split,aggregation_level,node_kind,node_name,route_space,support_size,wrapper_name,source_type,temperature,top_k,entropy_norm,n_eff_norm,top1_monopoly_norm,jitter_adj_norm,knn_consistency_score,knn_consistency_js,n_eff,cv_usage,top1_max_frac,entropy_mean
macro,macro@1,best_valid,session,final,final.expert,expert,12,ScalarGroupConditionalProductWrapper,,,,0.9691617497474453,0.9662218054915211,0.7618222584590298,0.0,0.9988245749747404,0.0011761163790640458,11.594661665898254,0.18697290682873408,0.781670403587444,2.408276476667601
macro,macro@1,best_valid,session,final,final.group,group,4,ScalarGroupConditionalProductWrapper,,,,0.9588340472589869,0.9738985544784651,0.7115097159940209,0.0,0.999269114018702,0.0007311532086732855,3.8955942179138603,0.1637102612084306,0.7836322869955157,1.3292262329648963
macro,macro@1,best_valid,session,final,final.intra.Exposure,intra,3,ScalarGroupConditionalProductWrapper,,,,0.9988308168550002,0.9983566928356288,0.9688901345291479,0.0,0.9999793662963186,2.0633916559211754e-05,2.9950700785068864,0.040571640801229526,0.9792600896860987,1.0973278096973094
macro,macro@1,best_valid,session,final,final.intra.Focus,intra,3,ScalarGroupConditionalProductWrapper,,,,0.9831140309687969,0.9644687215098936,0.9932735426008968,0.0,0.9999230252751169,7.697768758928947e-05,2.8934061645296807,0.19193839680781347,0.9955156950672646,1.0800611555843609
macro,macro@1,best_valid,session,final,final.intra.Memory,intra,3,ScalarGroupConditionalProductWrapper,,,,0.9855334832424214,0.9982552921293103,0.6434977578475336,0.0,0.9998517109084815,0.00014830008743292218,2.994765876387931,0.041805461665825196,0.7623318385650224,1.0827191955840108
macro,macro@1,best_valid,session,final,final.intra.Tempo,intra,3,ScalarGroupConditionalProductWrapper,,,,0.9156563681845459,0.9881837085078771,0.6779708520179372,0.0,0.997544638792628,0.0024583805500985713,2.964551125523631,0.1093506407931256,0.7853139013452914,1.0059513382847534
