stage_name,stage_key,split,aggregation_level,node_kind,node_name,route_space,support_size,wrapper_name,source_type,temperature,top_k,entropy_norm,n_eff_norm,top1_monopoly_norm,jitter_adj_norm,knn_consistency_score,knn_consistency_js,n_eff,cv_usage,top1_max_frac,entropy_mean
macro,macro@1,best_valid,session,final,final.expert,expert,12,ScalarGroupConditionalProductWrapper,,,,0.7690415010687786,0.547197375730359,0.8743865766815879,0.0,0.967835775639842,0.03269285936292903,6.566368508764308,0.9096669581631732,0.8848543619581223,1.9109963399687533
macro,macro@1,best_valid,session,final,final.group,group,4,ScalarGroupConditionalProductWrapper,,,,0.9240884206136957,0.9216314110705531,0.7505058123525962,0.0,0.9963853655662889,0.003621183009991206,3.6865256442822125,0.2916034460067749,0.8128793592644471,1.281058566672952
macro,macro@1,best_valid,session,final,final.intra.Exposure,intra,3,ScalarGroupConditionalProductWrapper,,,,0.2977034149114088,0.42964476387525113,0.932173257192113,0.0,0.9784647656968946,0.021770501279871814,1.2889342916257533,1.1521736934133264,0.9547821714614086,0.3270606300001347
macro,macro@1,best_valid,session,final,final.intra.Focus,intra,3,ScalarGroupConditionalProductWrapper,,,,0.6348552795394999,0.9651106105087325,0.1747656502532055,0.0,0.9566777345330848,0.04428868976515612,2.8953318315261973,0.1901332753856994,0.44984376683547034,0.6974598116279226
macro,macro@1,best_valid,session,final,final.intra.Memory,intra,3,ScalarGroupConditionalProductWrapper,,,,0.8834409431954904,0.9624324600763753,0.6336601659303953,0.0,0.9750654132745408,0.02525071969676883,2.8872973802291257,0.19757012434094773,0.7557734439535969,0.9705590765071113
macro,macro@1,best_valid,session,final,final.intra.Tempo,intra,3,ScalarGroupConditionalProductWrapper,,,,0.7183294372800314,0.9898105457861425,0.08468914987609098,0.0,0.9708230103784449,0.029611102919402752,2.9694316373584275,0.10146114672836223,0.38979276658406065,0.7891655471078907
