best_mrr20,epoch,epoch_time_sec,eval,lr,patience_used,train_loss,trial,valid_mrr20
0.0131,1,19.92972731590271,1,0.0005476,0,686.250440120697,1,0.0131
0.0154,3,19.46554923057556,1,0.0005476,0,585.1047558784485,1,0.0154
0.0173,10,19.56868028640747,1,0.0005476,2,492.4559574127197,1,0.0168
0.018,14,16.760494232177734,1,0.0005476,0,459.8374571800232,1,0.018
0.018,24,16.970053672790527,1,0.0005476,10,392.0593066215515,1,0.0161
