{
  "model": "FAME",
  "dataset": "amazon_beauty",
  "dataset_raw": "amazon_beauty",
  "max_evals": 10,
  "tune_epochs": 52,
  "n_completed": 10,
  "n_recorded_trials": 10,
  "timestamp": "2026-03-31T15:48:01.799208",
  "trials": [
    {
      "trial": 1,
      "params": {
        "MAX_ITEM_LIST_LENGTH": 50,
        "learning_rate": 0.007246301098171427
      },
      "mrr@20": 0.02,
      "valid_result": {
        "hit@5": 0.0177,
        "hit@10": 0.0265,
        "hit@20": 0.0354,
        "ndcg@5": 0.0177,
        "ndcg@10": 0.0209,
        "ndcg@20": 0.0233,
        "mrr@5": 0.0177,
        "mrr@10": 0.0192,
        "mrr@20": 0.02
      },
      "test_result": {
        "hit@5": 0.0,
        "hit@10": 0.0,
        "hit@20": 0.0088,
        "ndcg@5": 0.0,
        "ndcg@10": 0.0,
        "ndcg@20": 0.0021,
        "mrr@5": 0.0,
        "mrr@10": 0.0,
        "mrr@20": 0.0005
      },
      "best_hr@10": 0.0265,
      "test_mrr@20": 0.0005,
      "test_hr@10": 0.0,
      "epochs_run": 14,
      "early_stop_epoch": 14,
      "early_stopped": true,
      "elapsed": 502.0,
      "status": "ok"
    },
    {
      "trial": 2,
      "params": {
        "MAX_ITEM_LIST_LENGTH": 10,
        "learning_rate": 0.008188324736677847
      },
      "mrr@20": 0.0088,
      "valid_result": {
        "hit@5": 0.0088,
        "hit@10": 0.0088,
        "hit@20": 0.0088,
        "ndcg@5": 0.0088,
        "ndcg@10": 0.0088,
        "ndcg@20": 0.0088,
        "mrr@5": 0.0088,
        "mrr@10": 0.0088,
        "mrr@20": 0.0088
      },
      "test_result": {
        "hit@5": 0.0,
        "hit@10": 0.0,
        "hit@20": 0.0,
        "ndcg@5": 0.0,
        "ndcg@10": 0.0,
        "ndcg@20": 0.0,
        "mrr@5": 0.0,
        "mrr@10": 0.0,
        "mrr@20": 0.0
      },
      "best_hr@10": 0.0088,
      "test_mrr@20": 0.0,
      "test_hr@10": 0.0,
      "epochs_run": 9,
      "early_stop_epoch": 9,
      "early_stopped": true,
      "elapsed": 67.1,
      "status": "ok"
    },
    {
      "trial": 3,
      "params": {
        "MAX_ITEM_LIST_LENGTH": 50,
        "learning_rate": 0.0026513008078757456
      },
      "mrr@20": 0.0137,
      "valid_result": {
        "hit@5": 0.0177,
        "hit@10": 0.0177,
        "hit@20": 0.0265,
        "ndcg@5": 0.0144,
        "ndcg@10": 0.0144,
        "ndcg@20": 0.0164,
        "mrr@5": 0.0133,
        "mrr@10": 0.0133,
        "mrr@20": 0.0137
      },
      "test_result": {
        "hit@5": 0.0,
        "hit@10": 0.0088,
        "hit@20": 0.0088,
        "ndcg@5": 0.0,
        "ndcg@10": 0.0029,
        "ndcg@20": 0.0029,
        "mrr@5": 0.0,
        "mrr@10": 0.0013,
        "mrr@20": 0.0013
      },
      "best_hr@10": 0.0177,
      "test_mrr@20": 0.0013,
      "test_hr@10": 0.0088,
      "epochs_run": 18,
      "early_stop_epoch": 18,
      "early_stopped": true,
      "elapsed": 661.8,
      "status": "ok"
    },
    {
      "trial": 4,
      "params": {
        "MAX_ITEM_LIST_LENGTH": 50,
        "learning_rate": 0.0014172815409806139
      },
      "mrr@20": 0.0044,
      "valid_result": {
        "hit@5": 0.0088,
        "hit@10": 0.0088,
        "hit@20": 0.0088,
        "ndcg@5": 0.0056,
        "ndcg@10": 0.0056,
        "ndcg@20": 0.0056,
        "mrr@5": 0.0044,
        "mrr@10": 0.0044,
        "mrr@20": 0.0044
      },
      "test_result": {
        "hit@5": 0.0,
        "hit@10": 0.0,
        "hit@20": 0.0,
        "ndcg@5": 0.0,
        "ndcg@10": 0.0,
        "ndcg@20": 0.0,
        "mrr@5": 0.0,
        "mrr@10": 0.0,
        "mrr@20": 0.0
      },
      "best_hr@10": 0.0088,
      "test_mrr@20": 0.0,
      "test_hr@10": 0.0,
      "epochs_run": 9,
      "early_stop_epoch": 9,
      "early_stopped": true,
      "elapsed": 317.5,
      "status": "ok"
    },
    {
      "trial": 5,
      "params": {
        "MAX_ITEM_LIST_LENGTH": 30,
        "learning_rate": 0.007547603510581813
      },
      "mrr@20": 0.0049,
      "valid_result": {
        "hit@5": 0.0088,
        "hit@10": 0.0088,
        "hit@20": 0.0177,
        "ndcg@5": 0.0056,
        "ndcg@10": 0.0056,
        "ndcg@20": 0.0077,
        "mrr@5": 0.0044,
        "mrr@10": 0.0044,
        "mrr@20": 0.0049
      },
      "test_result": {
        "hit@5": 0.0,
        "hit@10": 0.0,
        "hit@20": 0.0088,
        "ndcg@5": 0.0,
        "ndcg@10": 0.0,
        "ndcg@20": 0.0023,
        "mrr@5": 0.0,
        "mrr@10": 0.0,
        "mrr@20": 0.0007
      },
      "best_hr@10": 0.0088,
      "test_mrr@20": 0.0007,
      "test_hr@10": 0.0,
      "epochs_run": 22,
      "early_stop_epoch": 22,
      "early_stopped": true,
      "elapsed": 313.5,
      "status": "ok"
    },
    {
      "trial": 6,
      "params": {
        "MAX_ITEM_LIST_LENGTH": 30,
        "learning_rate": 0.0022538642161474332
      },
      "mrr@20": 0.0106,
      "valid_result": {
        "hit@5": 0.0177,
        "hit@10": 0.0177,
        "hit@20": 0.0177,
        "ndcg@5": 0.0123,
        "ndcg@10": 0.0123,
        "ndcg@20": 0.0123,
        "mrr@5": 0.0106,
        "mrr@10": 0.0106,
        "mrr@20": 0.0106
      },
      "test_result": {
        "hit@5": 0.0,
        "hit@10": 0.0,
        "hit@20": 0.0,
        "ndcg@5": 0.0,
        "ndcg@10": 0.0,
        "ndcg@20": 0.0,
        "mrr@5": 0.0,
        "mrr@10": 0.0,
        "mrr@20": 0.0
      },
      "best_hr@10": 0.0177,
      "test_mrr@20": 0.0,
      "test_hr@10": 0.0,
      "epochs_run": 36,
      "early_stop_epoch": 36,
      "early_stopped": true,
      "elapsed": 514.6,
      "status": "ok"
    },
    {
      "trial": 7,
      "params": {
        "MAX_ITEM_LIST_LENGTH": 5,
        "learning_rate": 0.008511429147148262
      },
      "mrr@20": 0.0088,
      "valid_result": {
        "hit@5": 0.0088,
        "hit@10": 0.0088,
        "hit@20": 0.0088,
        "ndcg@5": 0.0088,
        "ndcg@10": 0.0088,
        "ndcg@20": 0.0088,
        "mrr@5": 0.0088,
        "mrr@10": 0.0088,
        "mrr@20": 0.0088
      },
      "test_result": {
        "hit@5": 0.0,
        "hit@10": 0.0,
        "hit@20": 0.0,
        "ndcg@5": 0.0,
        "ndcg@10": 0.0,
        "ndcg@20": 0.0,
        "mrr@5": 0.0,
        "mrr@10": 0.0,
        "mrr@20": 0.0
      },
      "best_hr@10": 0.0088,
      "test_mrr@20": 0.0,
      "test_hr@10": 0.0,
      "epochs_run": 11,
      "early_stop_epoch": 11,
      "early_stopped": true,
      "elapsed": 54.7,
      "status": "ok"
    },
    {
      "trial": 8,
      "params": {
        "MAX_ITEM_LIST_LENGTH": 5,
        "learning_rate": 0.006488475293153662
      },
      "mrr@20": 0.0112,
      "valid_result": {
        "hit@5": 0.0088,
        "hit@10": 0.0177,
        "hit@20": 0.0442,
        "ndcg@5": 0.0088,
        "ndcg@10": 0.0114,
        "ndcg@20": 0.0177,
        "mrr@5": 0.0088,
        "mrr@10": 0.0097,
        "mrr@20": 0.0112
      },
      "test_result": {
        "hit@5": 0.0,
        "hit@10": 0.0088,
        "hit@20": 0.0088,
        "ndcg@5": 0.0,
        "ndcg@10": 0.0025,
        "ndcg@20": 0.0025,
        "mrr@5": 0.0,
        "mrr@10": 0.0009,
        "mrr@20": 0.0009
      },
      "best_hr@10": 0.0177,
      "test_mrr@20": 0.0009,
      "test_hr@10": 0.0088,
      "epochs_run": 14,
      "early_stop_epoch": 14,
      "early_stopped": true,
      "elapsed": 60.2,
      "status": "ok"
    },
    {
      "trial": 9,
      "params": {
        "MAX_ITEM_LIST_LENGTH": 30,
        "learning_rate": 0.0015040949441475521
      },
      "mrr@20": 0.0044,
      "valid_result": {
        "hit@5": 0.0088,
        "hit@10": 0.0088,
        "hit@20": 0.0088,
        "ndcg@5": 0.0056,
        "ndcg@10": 0.0056,
        "ndcg@20": 0.0056,
        "mrr@5": 0.0044,
        "mrr@10": 0.0044,
        "mrr@20": 0.0044
      },
      "test_result": {
        "hit@5": 0.0,
        "hit@10": 0.0,
        "hit@20": 0.0,
        "ndcg@5": 0.0,
        "ndcg@10": 0.0,
        "ndcg@20": 0.0,
        "mrr@5": 0.0,
        "mrr@10": 0.0,
        "mrr@20": 0.0
      },
      "best_hr@10": 0.0088,