best_mrr20,epoch,epoch_time_sec,eval,lr,patience_used,train_loss,trial,valid_mrr20
0.0145,1,18.200576305389404,1,0.0005476,0,657.6103839874268,1,0.0145
0.0164,3,16.4997718334198,1,0.0005476,0,564.953583240509,1,0.0164
0.0181,10,16.8924663066864,1,0.0005476,3,486.73689556121826,1,0.0179
0.0184,11,17.007701635360718,1,0.0005476,0,478.41922092437744,1,0.0184
0.0184,21,16.628570318222046,1,0.0005476,10,404.0069622993469,1,0.0176
