best_mrr20,epoch,epoch_time_sec,eval,lr,patience_used,train_loss,trial,valid_mrr20
0.0139,1,23.88080072402954,1,0.0007998187552579467,0,663.1059818267822,1,0.0139
0.0167,3,23.219343900680542,1,0.0007983698921263105,0,559.8677172660828,1,0.0167
0.0182,6,22.610767126083374,1,0.0007934943310145744,0,513.4577798843384,1,0.0182
0.0182,10,22.56955599784851,1,0.0007820256023867403,4,468.33792448043823,1,0.0165
0.0182,16,23.270917177200317,1,0.0007545857757451227,10,404.8152689933777,1,0.0173
