{
  "split": "best_valid",
  "feature_mode": "none",
  "stages": [
    {
      "stage": "macro@1",
      "n_eff": 12.598096643360451,
      "cv_usage": 0.5196473312167723,
      "top1_max_frac": 0.553713449135441,
      "entropy_mean": 2.507768990746053,
      "route_jitter_adjacent": 0.0,
      "route_consistency_knn_js": 0.014708879028738958,
      "route_consistency_knn_score": 0.9853987680965898,
      "route_consistency_group_knn_js": 0.005859127791481858,
      "route_consistency_group_knn_score": 0.9941580034234343,
      "route_consistency_intra_group_knn_mean_js": 0.009664124371358824,
      "route_consistency_intra_group_knn_mean_score": 0.9903861035444056,
      "route_consistency_feature_group_knn_mean_score": 0.9585624199286593,
      "family_top_expert_mean_share": 0.14030218124389648,
      "route_consistency_feature_group_knn_tempo_js": 0.02910366532597483,
      "route_consistency_feature_group_knn_tempo_score": 0.9713157674816416,
      "route_consistency_feature_group_knn_focus_js": 0.039028921070082524,
      "route_consistency_feature_group_knn_focus_score": 0.9617228946889195,
      "route_consistency_feature_group_knn_memory_js": 0.04950474043783715,
      "route_consistency_feature_group_knn_memory_score": 0.951700646648014,
      "route_consistency_feature_group_knn_exposure_js": 0.05180882630807463,
      "route_consistency_feature_group_knn_exposure_score": 0.9495103708960625
    }
  ]
}
