{
  "model": "TiSASRec",
  "dataset": "KuaiRecLargeStrictPosV2_0.2",
  "dataset_raw": "KuaiRecLargeStrictPosV2_0.2",
  "max_evals": 4,
  "tune_epochs": 16,
  "n_completed": 4,
  "n_recorded_trials": 4,
  "timestamp": "2026-04-12T10:12:08.572910",
  "trials": [
    {
      "trial": 1,
      "params": {
        "learning_rate": 0.0017046886151148403
      },
      "mrr@20": 0.0354,
      "valid_result": {
        "hit@5": 0.0388,
        "hit@10": 0.0448,
        "hit@20": 0.0541,
        "ndcg@5": 0.0352,
        "ndcg@10": 0.0371,
        "ndcg@20": 0.0394,
        "mrr@5": 0.0341,
        "mrr@10": 0.0348,
        "mrr@20": 0.0354
      },
      "test_result": {
        "hit@5": 0.039,
        "hit@10": 0.0439,
        "hit@20": 0.054,
        "ndcg@5": 0.0349,
        "ndcg@10": 0.0365,
        "ndcg@20": 0.039,
        "mrr@5": 0.0335,
        "mrr@10": 0.0342,
        "mrr@20": 0.0349
      },
      "best_hr@10": 0.0448,
      "test_mrr@20": 0.0349,
      "test_hr@10": 0.0439,
      "epochs_run": 6,
      "early_stop_epoch": 6,
      "early_stopped": true,
      "elapsed": 13.9,
      "status": "ok"
    },
    {
      "trial": 2,
      "params": {
        "learning_rate": 0.0003730228544658578
      },
      "mrr@20": 0.0429,
      "valid_result": {
        "hit@5": 0.0453,
        "hit@10": 0.0519,
        "hit@20": 0.0592,
        "ndcg@5": 0.0425,
        "ndcg@10": 0.0445,
        "ndcg@20": 0.0464,
        "mrr@5": 0.0416,
        "mrr@10": 0.0424,
        "mrr@20": 0.0429
      },
      "test_result": {
        "hit@5": 0.0431,
        "hit@10": 0.0494,
        "hit@20": 0.0546,
        "ndcg@5": 0.0407,
        "ndcg@10": 0.0427,
        "ndcg@20": 0.0439,
        "mrr@5": 0.0399,
        "mrr@10": 0.0407,
        "mrr@20": 0.041
      },
      "best_hr@10": 0.0519,
      "test_mrr@20": 0.041,
      "test_hr@10": 0.0494,
      "epochs_run": 16,
      "early_stop_epoch": 16,
      "early_stopped": true,
      "elapsed": 36.1,
      "status": "ok"
    },
    {
      "trial": 3,
      "params": {
        "learning_rate": 0.00265675119069656
      },
      "mrr@20": 0.0326,
      "valid_result": {
        "hit@5": 0.0355,
        "hit@10": 0.0404,
        "hit@20": 0.0511,
        "ndcg@5": 0.0323,
        "ndcg@10": 0.0339,
        "ndcg@20": 0.0366,
        "mrr@5": 0.0312,
        "mrr@10": 0.0319,
        "mrr@20": 0.0326
      },
      "test_result": {
        "hit@5": 0.0376,
        "hit@10": 0.042,
        "hit@20": 0.0483,
        "ndcg@5": 0.0335,
        "ndcg@10": 0.0349,
        "ndcg@20": 0.0365,
        "mrr@5": 0.0322,
        "mrr@10": 0.0327,
        "mrr@20": 0.0331
      },
      "best_hr@10": 0.0404,
      "test_mrr@20": 0.0331,
      "test_hr@10": 0.042,
      "epochs_run": 6,
      "early_stop_epoch": 6,
      "early_stopped": true,
      "elapsed": 13.4,
      "status": "ok"
    },
    {
      "trial": 4,
      "params": {
        "learning_rate": 0.0035732999211939274
      },
      "mrr@20": 0.0337,
      "valid_result": {
        "hit@5": 0.0369,
        "hit@10": 0.0407,
        "hit@20": 0.0472,
        "ndcg@5": 0.0338,
        "ndcg@10": 0.035,
        "ndcg@20": 0.0367,
        "mrr@5": 0.0327,
        "mrr@10": 0.0333,
        "mrr@20": 0.0337
      },
      "test_result": {
        "hit@5": 0.0371,
        "hit@10": 0.0412,
        "hit@20": 0.0499,
        "ndcg@5": 0.0335,
        "ndcg@10": 0.0349,
        "ndcg@20": 0.037,
        "mrr@5": 0.0323,
        "mrr@10": 0.0329,
        "mrr@20": 0.0335
      },
      "best_hr@10": 0.0407,
      "test_mrr@20": 0.0335,
      "test_hr@10": 0.0412,
      "epochs_run": 10,
      "early_stop_epoch": 10,
      "early_stopped": true,
      "elapsed": 22.9,
      "status": "ok"
    }
  ],
  "run_group": "baseline",
  "run_axis": "stageh_targetedrecovery_anchor2_core5",
  "run_phase": "P23_SH_C05_MTISASREC_FAD_H2_R2_PASS4_EDGEHI_S1",
  "parent_result": "",
  "interrupted": false,
  "interrupted_at": null,
  "tuned_search": {
    "learning_rate": [
      0.0003630985044800873,
      0.003940809290034846
    ]
  },
  "fixed_search": {
    "n_layers": 2,
    "n_heads": 4,
    "time_span": 640,
    "weight_decay": 0.00015,
    "dropout_ratio": 0.15,
    "num_layers": 2,
    "num_heads": 4,
    "dropout_prob": 0.15,
    "hidden_dropout_prob": 0.15,
    "attn_dropout_prob": 0.15,
    "hidden_size": 144,
    "embedding_size": 144,
    "inner_size": 288,
    "num_experts": 6,
    "state_size": 24,
    "conv_kernel": 6,
    "remaining_ratio": 0.6,
    "MAX_ITEM_LIST_LENGTH": 10
  },
  "context_fixed": {
    "num_layers": 2,
    "search_space_type_overrides": {
      "learning_rate": "loguniform",
      "weight_decay": "choice",
      "dropout_ratio": "choice",
      "n_layers": "choice",
      "num_layers": "choice",
      "n_heads": "choice",
      "num_heads": "choice",
      "dropout_prob": "choice",
      "hidden_dropout_prob": "choice",
      "attn_dropout_prob": "choice",
      "hidden_size": "choice",
      "embedding_size": "choice",
      "inner_size": "choice",
      "time_span": "choice",
      "num_experts": "choice",
      "state_size": "choice",
      "conv_kernel": "choice",
      "remaining_ratio": "choice",
      "MAX_ITEM_LIST_LENGTH": "choice"
    }
  },
  "best_params": {
    "learning_rate": 0.0003730228544658578
  },
  "best_mrr@20": 0.0429,
  "best_hr@10": 0.0519,
  "test_mrr@20": 0.041,
  "test_hr@10": 0.0494,
  "best_valid_result": {
    "hit@5": 0.0453,
    "hit@10": 0.0519,
    "hit@20": 0.0592,
    "ndcg@5": 0.0425,
    "ndcg@10": 0.0445,
    "ndcg@20": 0.0464,
    "mrr@5": 0.0416,
    "mrr@10": 0.0424,
    "mrr@20": 0.0429
  },
  "test_result": {
    "hit@5": 0.0431,
    "hit@10": 0.0494,
    "hit@20": 0.0546,
    "ndcg@5": 0.0407,
    "ndcg@10": 0.0427,
    "ndcg@20": 0.0439,
    "mrr@5": 0.0399,
    "mrr@10": 0.0407,
    "mrr@20": 0.041
  },
  "best_valid_special_metrics": {
    "split": "best_valid",
    "overall": {
      "count": 3663,
      "hit@20": 0.05924105924105924,
      "ndcg@20": 0.0463531668634321,
      "mrr@20": 0.04285213092320153
    },
    "slices": {
      "target_popularity_abs": {
        "rare_1_5": {
          "count": 2785,
          "hit@20": 0.05780969479353681,
          "ndcg@20": 0.04528535042673724,
          "mrr@20": 0.041921575411592395
        },
        "6_20": {
          "count": 856,
          "hit@20": 0.06542056074766354,
          "ndcg@20": 0.05101863233912214,
          "mrr@20": 0.04698103744205888
        },
        "21_100": {
          "count": 22,
          "hit@20": 0.0,
          "ndcg@20": 0.0,
          "mrr@20": 0.0
        }
      },
      "target_popularity_abs_legacy": {
        "<=5": {
          "count": 2785,
          "hit@20": 0.05780969479353681,
          "ndcg@20": 0.04528535042673724,
          "mrr@20": 0.041921575411592395
        },
        "6-20": {
          "count": 856,
          "hit@20": 0.06542056074766354,
          "ndcg@20": 0.05101863233912214,
          "mrr@20": 0.04698103744205888
        },
        "21-100": {
          "count": 22,
          "hit@20": 0.0,
          "ndcg@20": 0.0,
          "mrr@20": 0.0
        }
      },
      "session_len": {
        "<=7": {
          "count": 2152,
          "hit@20": 0.04972118959107807,
          "ndcg@20": 0.03954449287688422,
          "mrr@20": 0.03676252859751919
        },
        "8-12": {
          "count": 1511,
          "hit@20": 0.07279947054930509,
          "ndcg@20": 0.05605023266028916,
          "mrr@20": 0.051525078775530066
        }
      },
      "session_len_legacy": {
        "1-2": {
          "count": 9,
          "hit@20": 0.2222222222222222,
          "ndcg@20": 0.2222222222222222,
          "mrr@20": 0.2222222222222222
        },
        "3-5": {
          "count": 1478,
          "hit@20": 0.046008119079837616,
          "ndcg@20": 0.037296734326827834,
          "mrr@20": 0.03486691789855331
        },
        "6-10": {
          "count": 2176,
          "hit@20": 0.06755514705882353,