stage_name,stage_key,split,aggregation_level,node_kind,node_name,route_space,support_size,wrapper_name,source_type,temperature,top_k,entropy_norm,n_eff_norm,top1_monopoly_norm,jitter_adj_norm,knn_consistency_score,knn_consistency_js,n_eff,cv_usage,top1_max_frac,entropy_mean
macro,macro@1,best_valid,session,final,final.expert,expert,12,ScalarGroupConditionalProductWrapper,,,,0.989576494033629,0.9754717396358333,0.7349051613390766,0.0,0.9993696581331347,0.0006305406158240408,11.70566087563,0.15857182343090107,0.7569963978941535,2.45900521049806
macro,macro@1,best_valid,session,final,final.group,group,4,ScalarGroupConditionalProductWrapper,,,,0.9887330202366904,0.9923769490903043,0.6759951971922047,0.0,0.9994213974183576,0.0005787700367125978,3.969507796361217,0.08764468878507614,0.7569963978941535,1.3706750106071626
macro,macro@1,best_valid,session,final,final.intra.Exposure,intra,3,ScalarGroupConditionalProductWrapper,,,,0.9795228706131163,0.9567689376020977,1.0,0.0,0.9999757540637864,2.4246230151094317e-05,2.870306812806293,0.2125662203858429,1.0,1.0761158626870324
macro,macro@1,best_valid,session,final,final.intra.Focus,intra,3,ScalarGroupConditionalProductWrapper,,,,0.9921920522108845,0.9851799185371162,0.9933499584372402,0.0,0.9999274067740938,7.259586092197534e-05,2.9555397556113485,0.12265045202820146,0.9955666389581601,1.0900343812777085
macro,macro@1,best_valid,session,final,final.intra.Memory,intra,3,ScalarGroupConditionalProductWrapper,,,,0.9922629873127102,0.9880840145059255,0.6533665835411472,0.0,0.9999665409172904,3.3459642477202834e-05,2.9642520435177766,0.10981646225403362,0.7689110556940981,1.0901123114522722
macro,macro@1,best_valid,session,final,final.intra.Tempo,intra,3,ScalarGroupConditionalProductWrapper,,,,0.9986518262233205,0.998473712394948,0.9580216126350789,0.0,0.9999422193866944,5.778228266957844e-05,2.995421137184844,0.03909760131396051,0.9720144084233859,1.0971311683897895
