stage_name,stage_key,split,aggregation_level,node_kind,node_name,route_space,support_size,wrapper_name,source_type,temperature,top_k,entropy_norm,n_eff_norm,top1_monopoly_norm,jitter_adj_norm,knn_consistency_score,knn_consistency_js,n_eff,cv_usage,top1_max_frac,entropy_mean
macro,macro@1,best_valid,session,final,final.expert,expert,8,ScalarGroupConditionalProductWrapper,,,,0.9873308032398073,0.9626669956420327,0.5537615171303337,0.0,0.9995122949623526,0.000487824004431289,7.701335965136262,0.19692842662334442,0.609541327489042,2.0530966876369754
macro,macro@1,best_valid,session,final,final.group,group,4,ScalarGroupConditionalProductWrapper,,,,0.9822215847192892,0.9649698094932435,0.3185138801920267,0.0,0.9995657487753282,0.0004343455390399055,3.859879237972974,0.19053058326244354,0.48888541014402004,1.3616482442665936
macro,macro@1,best_valid,session,final,final.intra.Exposure,intra,2,ScalarGroupConditionalProductWrapper,,,,0.9988498314552319,0.9984652744235495,0.9917031934877896,0.0,0.9999949926930243,5.007319512375059e-06,1.996930548847099,0.039207758856282166,0.9958515967438948,0.6923499444759705
macro,macro@1,best_valid,session,final,final.intra.Focus,intra,2,ScalarGroupConditionalProductWrapper,,,,0.9953883886561067,0.9970133366422078,0.6189730745147151,0.0,0.9998691322062181,0.00013087635771876112,1.9940266732844156,0.05473145842552185,0.8094865372573575,0.6899506551590874
macro,macro@1,best_valid,session,final,final.intra.Memory,intra,2,ScalarGroupConditionalProductWrapper,,,,0.9955545740808822,0.994937194693958,1.0,0.0,0.9999332160921621,6.678613798233645e-05,1.989874389387916,0.07133349776268005,1.0,0.6900658461177207
macro,macro@1,best_valid,session,final,final.intra.Tempo,intra,2,ScalarGroupConditionalProductWrapper,,,,0.9995646383055276,0.9998737732975576,0.4034909204758923,0.0,0.9999613560475941,3.864469910266782e-05,1.999747546595115,0.011234372854232788,0.7017454602379462,0.692845410828898
