stage_name,stage_key,split,aggregation_level,node_kind,node_name,route_space,support_size,wrapper_name,source_type,temperature,top_k,entropy_norm,n_eff_norm,top1_monopoly_norm,jitter_adj_norm,knn_consistency_score,knn_consistency_js,n_eff,cv_usage,top1_max_frac,entropy_mean
macro,macro@1,best_valid,session,final,final.expert,expert,20,FlatJointWrapper,,,,0.6886581875721569,0.6665378528099402,0.30397949132317204,0.8267658675484523,0.9126945125791668,0.09135405177148828,13.330757056198802,0.7073117687208686,0.33878051675701343,2.0630355579571082
macro,macro@1,best_valid,session,final,final.group,group,4,FlatJointWrapper,,,,0.8777090474352915,0.9567161785768133,0.31758530183727035,0.0,0.9840487314621679,0.01607985931248214,3.8268647143072534,0.2127019762992859,0.4881889763779528,1.2167631031634552
macro,macro@1,best_valid,session,final,final.intra.Exposure,intra,5,FlatJointWrapper,,,,0.44205559082731366,0.7082703546741516,0.3392123219344798,0.0,0.9148528397548592,0.08899205751029311,3.541351773370758,0.6417867445679494,0.47136985754758387,0.7114610272809345
macro,macro@1,best_valid,session,final,final.intra.Focus,intra,5,FlatJointWrapper,,,,0.5040132511514719,0.5855143172932326,0.5397894027127785,0.0,0.9422005794635091,0.05953709770523163,2.9275715864661627,0.8413679772411589,0.6318315221702229,0.8111780347723487
macro,macro@1,best_valid,session,final,final.intra.Memory,intra,5,FlatJointWrapper,,,,0.3653603783900995,0.8573769812166617,0.27187784867821324,0.0,0.8836289543881574,0.12371803931285055,4.2868849060833085,0.4078580005786121,0.41750227894257064,0.5880248446822947
macro,macro@1,best_valid,session,final,final.intra.Tempo,intra,5,FlatJointWrapper,,,,0.568004121196678,0.9224113182925466,0.18643310837633978,0.0,0.9182669795882683,0.08526710320554756,4.612056591462733,0.2900259339805553,0.34914648670107185,0.9141673670727472
