stage_name,stage_key,split,aggregation_level,node_kind,node_name,route_space,support_size,wrapper_name,source_type,temperature,top_k,entropy_norm,n_eff_norm,top1_monopoly_norm,jitter_adj_norm,knn_consistency_score,knn_consistency_js,n_eff,cv_usage,top1_max_frac,entropy_mean
macro,macro@1,best_valid,session,final,final.expert,expert,12,GroupConditionalProductWrapper,,,,0.9135759935688904,0.9271082218995593,0.16717435834228397,0.0,0.9805020239822746,0.01969056911301239,11.125298662794712,0.2803979039785123,0.23657649514709364,2.270151061506015
macro,macro@1,best_valid,session,final,final.group,group,4,GroupConditionalProductWrapper,,,,0.936943832076941,0.9659600899010136,0.30892891729614563,0.0,0.9913682911614013,0.00866917780729928,3.8638403596040543,0.18772222101688385,0.48169668797210924,1.298879951094325
macro,macro@1,best_valid,session,final,final.intra.Exposure,intra,3,GroupConditionalProductWrapper,,,,0.9881784114344129,0.9923057225174053,0.6125637549228484,0.0,0.9989862283572721,0.001014285856759393,2.976917167552216,0.08805632142554756,0.7417091699485656,1.0856249461983773
macro,macro@1,best_valid,session,final,final.intra.Focus,intra,3,GroupConditionalProductWrapper,,,,0.7538527689074265,0.8877933035095351,0.3710052295177222,0.0,0.9775664178195761,0.022689042812391,2.6633799105286053,0.355511492819279,0.5806701530118148,0.8281919157681795
macro,macro@1,best_valid,session,final,final.intra.Memory,intra,3,GroupConditionalProductWrapper,,,,0.9799227449331216,0.9988443810428244,0.43731034928013424,0.0,0.9969567006850523,0.0030479395671502854,2.996533143128473,0.03401161908323708,0.6248735661867562,1.076555169528913
macro,macro@1,best_valid,session,final,final.intra.Tempo,intra,3,GroupConditionalProductWrapper,,,,0.7410878204808308,0.8969139836242199,0.3722964684614887,0.0,0.97367721780094,0.026675428825903534,2.6907419508726598,0.339019295900485,0.5815309789743258,0.8141681865625068
