{
  "split": "best_valid",
  "feature_mode": "none",
  "stages": [
    {
      "stage": "macro@1",
      "n_eff": 3.980218495215887,
      "cv_usage": 0.07049841433763504,
      "top1_max_frac": 0.28104693796057645,
      "entropy_mean": 1.0634174306072348,
      "route_jitter_adjacent": 0.48390510627039424,
      "route_consistency_knn_js": 0.039435878086932316,
      "route_consistency_knn_score": 0.9613315944352531,
      "route_consistency_group_knn_js": 0.039435878086932316,
      "route_consistency_group_knn_score": 0.9613315944352531,
      "route_consistency_intra_group_knn_mean_js": 0.0,
      "route_consistency_intra_group_knn_mean_score": 1.0,
      "route_consistency_feature_group_knn_mean_score": 0.9281091645691568,
      "family_top_expert_mean_share": 0.2739036977291107,
      "route_consistency_feature_group_knn_tempo_js": 0.07417257563194765,
      "route_consistency_feature_group_knn_tempo_score": 0.9285114415650673,
      "route_consistency_feature_group_knn_focus_js": 0.07432462449777932,
      "route_consistency_feature_group_knn_focus_score": 0.9283702731859835,
      "route_consistency_feature_group_knn_memory_js": 0.07716574897068829,
      "route_consistency_feature_group_knn_memory_score": 0.9257364010339436,
      "route_consistency_feature_group_knn_exposure_js": 0.07276582747275492,
      "route_consistency_feature_group_knn_exposure_score": 0.9298185424916332
    }
  ]
}
