{
  "split": "best_valid",
  "feature_mode": "none",
  "stage_metrics": {
    "macro@1": {
      "mode": "moe",
      "n_slots": 4,
      "expert_names": [
        "Tempo",
        "Focus",
        "Memory",
        "Exposure"
      ],
      "family_names": [
        "Tempo",
        "Focus",
        "Memory",
        "Exposure"
      ],
      "usage_sum": [
        6421.154296875,
        6394.060546875,
        7475.8505859375,
        7255.935546875
      ],
      "top1_count": [
        6637.0,
        6722.0,
        7742.0,
        6446.0
      ],
      "entropy_mean": 1.0634174306072348,
      "route_jitter_adjacent": 0.48390510627039424,
      "route_jitter_session": 0.3649841726243441,
      "route_consistency_knn_js": 0.039435878086932316,
      "route_consistency_knn_score": 0.9613315944352531,
      "route_consistency_group_knn_js": 0.039435878086932316,
      "route_consistency_group_knn_score": 0.9613315944352531,
      "route_consistency_intra_group_knn": {
        "group_names": [
          "Tempo",
          "Focus",
          "Memory",
          "Exposure"
        ],
        "js_by_group": [
          0.0,
          0.0,
          0.0,
          0.0
        ],
        "score_by_group": [
          1.0,
          1.0,
          1.0,
          1.0
        ],
        "mean_js": 0.0,
        "mean_score": 1.0
      },
      "route_consistency_feature_group_knn": {
        "group_names": [
          "Tempo",
          "Focus",
          "Memory",
          "Exposure"
        ],
        "js_by_group": [
          0.07417257563194765,
          0.07432462449777932,
          0.07716574897068829,
          0.07276582747275492
        ],
        "score_by_group": [
          0.9285114415650673,
          0.9283702731859835,
          0.9257364010339436,
          0.9298185424916332
        ],
        "mean_js": 0.07460719414329255,
        "mean_score": 0.9281091645691568
      },
      "condition_norm": 0.0,
      "stage_delta_norm": 7.070649292719244,
      "shared_delta_norm": 7.252279728897104,
      "moe_delta_norm": 7.070649292719244,
      "residual_delta_norm": 7.070649292719244,
      "alpha_value": 1.0,
      "alpha_effective": 1.0,
      "usage_share": [
        0.2330981194972992,
        0.23211456835269928,
        0.2713852822780609,
        0.2634020149707794
      ],
      "n_eff": 3.980218495215887,
      "cv_usage": 0.07049841433763504,
      "dead_expert_frac": 0.0,
      "top1_max_frac": 0.28104693796057645,
      "wrapper_name": "FlatJointWrapper",
      "feature_family_expert_heatmap": {
        "family_names": [
          "Tempo",
          "Focus",
          "Memory",
          "Exposure"
        ],
        "values": [
          [
            2543.141357421875,
            2529.041015625,
            3082.21435546875,
            2843.697998046875
          ],
          [
            3346.61279296875,
            3327.216796875,
            4064.06005859375,
            3787.9013671875
          ],
          [
            3001.66064453125,
            2994.2177734375,
            3223.1875,
            3394.85205078125
          ],
          [
            3098.14111328125,
            3103.832275390625,
            3496.96630859375,
            3522.929443359375
          ]
        ]
      },
      "position_expert_usage": {
        "values": [
          [
            739.0,
            3064.0,
            486.0,
            580.0
          ],
          [
            1151.0,
            1320.0,
            1491.0,
            907.0
          ],
          [
            1955.0,
            622.0,
            549.0,
            1743.0
          ],
          [
            1018.0,
            304.0,
            762.0,
            1181.0
          ],
          [
            426.0,
            340.0,
            1028.0,
            593.0
          ],
          [
            206.0,
            370.0,
            940.0,
            396.0
          ],
          [
            578.0,
            53.0,
            637.0,
            333.0
          ],
          [
            155.0,
            349.0,
            635.0,
            248.0
          ],
          [
            228.0,
            160.0,
            610.0,
            246.0
          ],
          [
            181.0,
            140.0,
            604.0,
            219.0
          ]
        ]
      },
      "route_transition_matrix": {
        "values": [
          [
            2746.0,
            701.0,
            942.0,
            654.0
          ],
          [
            1690.0,
            1893.0,
            1265.0,
            1226.0
          ],
          [
            937.0,
            657.0,
            3936.0,
            857.0
          ],
          [
            525.0,
            407.0,
            1113.0,
            3129.0
          ]
        ]
      },
      "group_routing": {
        "group_names": [
          "Tempo",
          "Focus",
          "Memory",
          "Exposure"
        ],
        "group_share": [
          0.2330981194972992,
          0.23211456835269928,
          0.2713852822780609,
          0.2634020149707794
        ],
        "group_n_eff": 3.980218495215887,
        "group_cv_usage": 0.07049839000316575,
        "group_top1_max_frac": 0.28104693796057645,
        "group_entropy_mean": 1.0634174306072348,
        "group_prior_mean": [
          0.0,
          0.0,
          0.0,
          0.0
        ],
        "factored_group_entropy_mean": 0.0
      },
      "specialization_summary": {
        "mean_top_expert_share": 0.2739036977291107,
        "family_top_expert": [
          {
            "family": "Tempo",
            "expert": "Memory",
            "top_share": 0.28024983406066895
          },
          {
            "family": "Focus",
            "expert": "Memory",
            "top_share": 0.27978235483169556
          },
          {
            "family": "Memory",
            "expert": "Exposure",
            "top_share": 0.26913541555404663
          },
          {
            "family": "Exposure",
            "expert": "Exposure",
            "top_share": 0.26644715666770935
          }
        ]
      },
      "expert_similarity_mean": 0.10666423290967941,
      "expert_similarity_max": 0.18834561109542847
    }
  },
  "scalar_metrics": {
    "macro_1.entropy_mean": 1.0634174306072348,
    "macro_1.n_eff": 3.980218495215887,
    "macro_1.cv_usage": 0.07049841433763504,
    "macro_1.dead_expert_frac": 0.0,
    "macro_1.top1_max_frac": 0.28104693796057645,
    "macro_1.route_jitter_adjacent": 0.48390510627039424,
    "macro_1.route_jitter_session": 0.3649841726243441,
    "macro_1.route_consistency_knn_js": 0.039435878086932316,
    "macro_1.route_consistency_knn_score": 0.9613315944352531,
    "macro_1.route_consistency_group_knn_js": 0.039435878086932316,
    "macro_1.route_consistency_group_knn_score": 0.9613315944352531,
    "macro_1.route_consistency_intra_group_knn_mean_js": 0.0,
    "macro_1.route_consistency_intra_group_knn_mean_score": 1.0,
    "macro_1.route_consistency_feature_group_knn_mean_js": 0.07460719414329255,
    "macro_1.route_consistency_feature_group_knn_mean_score": 0.9281091645691568,
    "macro_1.route_consistency_feature_group_knn_tempo_js": 0.07417257563194765,
    "macro_1.route_consistency_feature_group_knn_tempo_score": 0.9285114415650673,
    "macro_1.route_consistency_feature_group_knn_focus_js": 0.07432462449777932,
    "macro_1.route_consistency_feature_group_knn_focus_score": 0.9283702731859835,
    "macro_1.route_consistency_feature_group_knn_memory_js": 0.07716574897068829,
    "macro_1.route_consistency_feature_group_knn_memory_score": 0.9257364010339436,
    "macro_1.route_consistency_feature_group_knn_exposure_js": 0.07276582747275492,
    "macro_1.route_consistency_feature_group_knn_exposure_score": 0.9298185424916332,
    "macro_1.condition_norm": 0.0,
    "macro_1.stage_delta_norm": 7.070649292719244,
    "macro_1.shared_delta_norm": 7.252279728897104,