{
  "split": "best_valid",
  "feature_mode": "none",
  "stages": [
    {
      "stage": "macro@1",
      "n_eff": 9.92784166902995,
      "cv_usage": 0.4568608267050735,
      "top1_max_frac": 0.8248893565658754,
      "entropy_mean": 2.362105300826344,
      "route_jitter_adjacent": 0.0,
      "route_consistency_knn_js": 0.004141985898196226,
      "route_consistency_knn_score": 0.9958665802942969,
      "route_consistency_group_knn_js": 0.0012256596018764903,
      "route_consistency_group_knn_score": 0.9987750912120745,
      "route_consistency_intra_group_knn_mean_js": 0.0024207225188901766,
      "route_consistency_intra_group_knn_mean_score": 0.9975855712263727,
      "route_consistency_feature_group_knn_mean_score": 0.9894988328734028,
      "family_top_expert_mean_share": 0.19264253973960876,
      "route_consistency_feature_group_knn_tempo_js": 0.011079176377638292,
      "route_consistency_feature_group_knn_tempo_score": 0.9889819716653069,
      "route_consistency_feature_group_knn_focus_js": 0.012559249757125733,
      "route_consistency_feature_group_knn_focus_score": 0.9875192884824877,
      "route_consistency_feature_group_knn_memory_js": 0.01326105199548803,
      "route_consistency_feature_group_knn_memory_score": 0.9868264883681754,
      "route_consistency_feature_group_knn_exposure_js": 0.005346685102849654,
      "route_consistency_feature_group_knn_exposure_score": 0.994667582977641
    }
  ]
}
