stage_name,stage_key,split,aggregation_level,node_kind,node_name,route_space,support_size,wrapper_name,source_type,temperature,top_k,entropy_norm,n_eff_norm,top1_monopoly_norm,jitter_adj_norm,knn_consistency_score,knn_consistency_js,n_eff,cv_usage,top1_max_frac,entropy_mean
macro,macro@1,best_valid,session,final,final.expert,expert,12,ScalarGroupConditionalProductWrapper,,,,0.8483247528411676,0.7572093109323762,0.34164617840945827,0.0,0.9744268498163887,0.02590582717585884,9.086511731188514,0.5662499348446747,0.3965089968753367,2.1080078195147793
macro,macro@1,best_valid,session,final,final.group,group,4,ScalarGroupConditionalProductWrapper,,,,0.9606287484094059,0.9517446650057346,0.6954351183421327,0.0,0.9975798983108733,0.0024230348685701495,3.8069786600229385,0.22517099976539612,0.7715763387565995,1.3317142170496175
macro,macro@1,best_valid,session,final,final.intra.Exposure,intra,3,ScalarGroupConditionalProductWrapper,,,,0.27635158918290303,0.4171886679817502,0.9462881155047946,0.0,0.9799499487225924,0.02025378135382431,1.2515660039452505,1.1819462125913438,0.9641920770031965,0.3036032518692984
macro,macro@1,best_valid,session,final,final.intra.Focus,intra,3,ScalarGroupConditionalProductWrapper,,,,0.9442052145042094,0.9824937181412491,0.39101389936429265,0.0,0.9931281048761222,0.006895615326128336,2.9474811544237474,0.13348513519675345,0.5940092662428618,1.037315451678833
macro,macro@1,best_valid,session,final,final.intra.Memory,intra,3,ScalarGroupConditionalProductWrapper,,,,0.7235409941315268,0.795735119566591,0.688126279495744,0.0,0.9635026663622175,0.037180023760276376,2.3872053586997732,0.5066552756233431,0.792084186330496,0.7948910275080361
macro,macro@1,best_valid,session,final,final.intra.Tempo,intra,3,ScalarGroupConditionalProductWrapper,,,,0.7526231577780401,0.9245521026511302,0.33557806270875984,0.0,0.9781754054328134,0.022066273870519924,2.7736563079533907,0.2856656227807515,0.5570520418058399,0.8268410498711526
