stage_name,stage_key,split,aggregation_level,node_kind,node_name,route_space,support_size,wrapper_name,source_type,temperature,top_k,entropy_norm,n_eff_norm,top1_monopoly_norm,jitter_adj_norm,knn_consistency_score,knn_consistency_js,n_eff,cv_usage,top1_max_frac,entropy_mean
macro,macro@1,best_valid,session,final,final.expert,expert,8,ScalarGroupConditionalProductWrapper,,,,0.998396424453565,0.9959476369922377,0.9645875251509055,0.0,0.999738840109695,0.00026119399848764977,7.967581095937901,0.06378922246630325,0.9690140845070423,2.076107000073357
macro,macro@1,best_valid,session,final,final.group,group,4,ScalarGroupConditionalProductWrapper,,,,0.9982515124640634,0.997729699075704,0.9586854460093898,0.0,0.999741770245424,0.00025826310161995676,3.990918796302816,0.047703846407165906,0.9690140845070423,1.3838704427083333
macro,macro@1,best_valid,session,final,final.intra.Exposure,intra,2,ScalarGroupConditionalProductWrapper,,,,0.9992751015264606,0.999032242774393,1.0,0.0,0.9999946127862898,5.3872282212946265e-06,1.998064485548786,0.03112354874610901,1.0,0.6926447192268192
macro,macro@1,best_valid,session,final,final.intra.Focus,intra,2,ScalarGroupConditionalProductWrapper,,,,0.9984684670440094,0.997884823079208,1.0,0.0,0.9999997371826905,2.6281734395862876e-07,1.995769646158416,0.04604032635688782,1.0,0.6920856028095658
macro,macro@1,best_valid,session,final,final.intra.Memory,intra,2,ScalarGroupConditionalProductWrapper,,,,0.9981767689654845,0.9975019073403589,1.0,0.0,0.9999988687028131,1.131297826799935e-06,1.9950038146807179,0.05004456639289856,1.0,0.6918834131088615
macro,macro@1,best_valid,session,final,final.intra.Tempo,intra,2,ScalarGroupConditionalProductWrapper,,,,0.99880977363929,0.998520777499439,1.0,0.0,0.9999926605946379,7.339432295741497e-06,1.997041554998878,0.03849083414619173,1.0,0.6923221785137911
