stage_name,stage_key,split,aggregation_level,node_kind,node_name,route_space,support_size,wrapper_name,source_type,temperature,top_k,entropy_norm,n_eff_norm,top1_monopoly_norm,jitter_adj_norm,knn_consistency_score,knn_consistency_js,n_eff,cv_usage,top1_max_frac,entropy_mean
macro,macro@1,best_valid,session,final,final.expert,expert,20,FlatJointWrapper,,,,0.7717110540122412,0.7372770210120366,0.155537321918336,0.9167355561679067,0.9577086299473834,0.04321169137750295,14.745540420240733,0.5969440848090636,0.1977604558224192,2.311839710362838
macro,macro@1,best_valid,session,final,final.group,group,4,FlatJointWrapper,,,,0.8575187996071356,0.9107027720899168,0.42647621308642947,0.0,0.9894147027839071,0.010641719995821908,3.642811088359667,0.31313446164131165,0.5698571598148221,1.1887734764496696
macro,macro@1,best_valid,session,final,final.intra.Exposure,intra,5,FlatJointWrapper,,,,0.7857549365912021,0.8784837096176679,0.18094409053139712,0.0,0.9729040875039131,0.02746977564879028,4.392418548088339,0.3719205726396952,0.3447552724251177,1.2646237848321331
macro,macro@1,best_valid,session,final,final.intra.Focus,intra,5,FlatJointWrapper,,,,0.7298667404052338,0.8712727451184173,0.28599691370237007,0.0,0.9714032197347233,0.029013634545696092,4.356363725592087,0.38437775694761045,0.4287975309618961,1.1746752030328809
macro,macro@1,best_valid,session,final,final.intra.Memory,intra,5,FlatJointWrapper,,,,0.6995053362777918,0.8036024415270836,0.3859553673881217,0.0,0.9704227684053478,0.030023458720139347,4.018012207635418,0.49436471619658595,0.5087642939104974,1.1258104081554425
macro,macro@1,best_valid,session,final,final.intra.Tempo,intra,5,FlatJointWrapper,,,,0.7851183933805631,0.8787624364143529,0.15205951014917105,0.0,0.9764268093058688,0.023855483542172765,4.393812182071764,0.3714349065507217,0.32164760811933685,1.2635993080560282
