stage_name,stage_key,split,aggregation_level,node_kind,node_name,route_space,support_size,wrapper_name,source_type,temperature,top_k,entropy_norm,n_eff_norm,top1_monopoly_norm,jitter_adj_norm,knn_consistency_score,knn_consistency_js,n_eff,cv_usage,top1_max_frac,entropy_mean
macro,macro@1,best_valid,session,final,final.expert,expert,12,ScalarGroupConditionalProductWrapper,,,,0.9760307065944981,0.9891534124351086,0.7297780824265273,0.0,0.9985815728681414,0.0014194340518971919,11.869840949221302,0.10471700947240137,0.7522965755576501,2.425345193213949
macro,macro@1,best_valid,session,final,final.group,group,4,ScalarGroupConditionalProductWrapper,,,,0.9731270078413533,0.9925716343871562,0.6805529374803645,0.0,0.9992956411808498,0.0007046069963672941,3.970286537548625,0.08650884491099776,0.7604147031102734,1.3490404836239396
macro,macro@1,best_valid,session,final,final.intra.Exposure,intra,3,ScalarGroupConditionalProductWrapper,,,,0.9958016921469676,0.9974921513979411,0.9182469368520264,0.0,0.9998129512522861,0.00018706624351270645,2.9924764541938234,0.05014105736788936,0.9454979579013509,1.0939999760691566
macro,macro@1,best_valid,session,final,final.intra.Focus,intra,3,ScalarGroupConditionalProductWrapper,,,,0.9843710516875451,0.9996849993021005,0.6936852026390197,0.0,0.9994949398942103,0.0005051876916056478,2.9990549979063017,0.01775423524143591,0.7957901350926798,1.0814421339930882
macro,macro@1,best_valid,session,final,final.intra.Memory,intra,3,ScalarGroupConditionalProductWrapper,,,,0.9733369530026186,0.9974149408836975,0.657813383600377,0.0,0.9990110034362796,0.0009894859435118242,2.9922448226510925,0.05091059987513424,0.771875589066918,1.0693199375834512
macro,macro@1,best_valid,session,final,final.intra.Tempo,intra,3,ScalarGroupConditionalProductWrapper,,,,0.9180417949807944,0.9971695122066104,0.6426201696512723,0.0,0.9978912625415992,0.002110963975879508,2.9915085366198313,0.05327843633463599,0.7617467797675149,1.0085719974768301
