stage_name,stage_key,split,aggregation_level,node_kind,node_name,route_space,support_size,wrapper_name,source_type,temperature,top_k,entropy_norm,n_eff_norm,top1_monopoly_norm,jitter_adj_norm,knn_consistency_score,knn_consistency_js,n_eff,cv_usage,top1_max_frac,entropy_mean
macro,macro@1,best_valid,session,final,final.expert,expert,12,ScalarGroupConditionalProductWrapper,,,,0.9315057878574513,0.9712594949423025,0.7120383857424386,0.0,0.9919599888952245,0.008072506285668126,11.655113939307629,0.1720204190307731,0.7360351869305687,2.314704926562991
macro,macro@1,best_valid,session,final,final.group,group,4,ScalarGroupConditionalProductWrapper,,,,0.9056298363706472,0.9826449460240437,0.6621887108597759,0.0,0.9946624451083551,0.005351850529614867,3.930579784096175,0.13289648294448853,0.746641533144832,1.2554695354225573
macro,macro@1,best_valid,session,final,final.intra.Exposure,intra,3,ScalarGroupConditionalProductWrapper,,,,0.9603355302405977,0.9997990237350733,0.6508199811498586,0.0,0.9961731554836986,0.003834185620605548,2.99939707120522,0.01418028111340291,0.7672133207665724,1.0550364147669258
macro,macro@1,best_valid,session,final,final.intra.Focus,intra,3,ScalarGroupConditionalProductWrapper,,,,0.8815747249287998,0.9157439615686142,0.9333270499528746,0.0,0.9961433136038434,0.003864142588105707,2.7472318847058426,0.3033285944661917,0.9555513666352498,0.9685088261859881
macro,macro@1,best_valid,session,final,final.intra.Memory,intra,3,ScalarGroupConditionalProductWrapper,,,,0.9930000731530343,0.9988660572215413,0.6564184731385485,0.0,0.9993429514791287,0.0006572644718493949,2.996598171664624,0.03369387790727979,0.7709456487590324,1.0909220830142554
macro,macro@1,best_valid,session,final,final.intra.Tempo,intra,3,ScalarGroupConditionalProductWrapper,,,,0.9148531320684374,0.9735753736940326,0.6533836003770027,0.0,0.9961302323587288,0.0038772745650286493,2.920726121082098,0.16474785537279082,0.7689224002513352,1.0050688932168945
