best_mrr20,epoch,epoch_time_sec,eval,lr,patience_used,train_loss,trial,valid_mrr20
0.0138,1,26.63977026939392,1,0.0007998187552579467,0,678.686773777008,1,0.0138
0.0176,3,21.662930011749268,1,0.0007983698921263105,0,571.225959777832,1,0.0176
0.0176,10,21.559372901916504,1,0.0007820256023867403,7,477.81043100357056,1,0.0167
0.0176,13,22.106253147125244,1,0.0007697990446755451,10,448.22950983047485,1,0.0161
