{
  "split": "best_valid",
  "feature_mode": "none",
  "stages": [
    {
      "stage": "macro@1",
      "n_eff": 3.379615562348139,
      "cv_usage": 0.42844656109809875,
      "top1_max_frac": 0.5796304356427808,
      "entropy_mean": 1.2435323455367389,
      "route_jitter_adjacent": 0.0,
      "route_consistency_knn_js": 0.003190373924671837,
      "route_consistency_knn_score": 0.9968147099103358,
      "route_consistency_group_knn_js": 0.003190373924671837,
      "route_consistency_group_knn_score": 0.9968147099103358,
      "route_consistency_intra_group_knn_mean_js": 0.0,
      "route_consistency_intra_group_knn_mean_score": 1.0,
      "route_consistency_feature_group_knn_mean_score": 0.9918852623794839,
      "family_top_expert_mean_share": 0.35011011362075806,
      "route_consistency_feature_group_knn_tempo_js": 0.006288136506496276,
      "route_consistency_feature_group_knn_tempo_score": 0.9937315924494163,
      "route_consistency_feature_group_knn_focus_js": 0.007929530747449886,
      "route_consistency_feature_group_knn_focus_score": 0.9921018250478363,
      "route_consistency_feature_group_knn_memory_js": 0.010441850137288109,
      "route_consistency_feature_group_knn_memory_score": 0.9896124767244501,
      "route_consistency_feature_group_knn_exposure_js": 0.007936253619895863,
      "route_consistency_feature_group_knn_exposure_score": 0.992095155296233
    }
  ]
}
