best_mrr20,epoch,epoch_time_sec,eval,lr,patience_used,train_loss,trial,valid_mrr20
0.312,1,53.31053805351257,1,0.00056966,0,2151.6680841445923,1,0.312
0.3602,3,51.83529186248779,1,0.00056966,0,1140.9157481193542,1,0.3602
0.3722,5,51.37297701835632,1,0.00056966,0,862.995335817337,1,0.3722
0.3722,10,50.770506858825684,1,0.00056966,5,632.4371256828308,1,0.3594
0.3722,15,50.25834774971008,1,0.00056966,10,453.3871946334839,1,0.3341
