stage_name,stage_key,split,aggregation_level,node_kind,node_name,route_space,support_size,wrapper_name,source_type,temperature,top_k,entropy_norm,n_eff_norm,top1_monopoly_norm,jitter_adj_norm,knn_consistency_score,knn_consistency_js,n_eff,cv_usage,top1_max_frac,entropy_mean
macro,macro@1,best_valid,session,final,final.expert,expert,12,GroupConditionalProductWrapper,,,,0.9378967778259506,0.9726161666992906,0.41168567051014754,0.0,0.9976965280607502,0.002306129011849576,11.671394000391487,0.16779405506217807,0.46071186463430186,2.3305859400344433
macro,macro@1,best_valid,session,final,final.group,group,4,GroupConditionalProductWrapper,,,,0.9234506163949587,0.9871378947456368,0.35043675856756024,0.0,0.9988399468395249,0.0011607265429659978,3.9485515789825474,0.11414802074432373,0.5128275689256702,1.2801743822810185
macro,macro@1,best_valid,session,final,final.intra.Exposure,intra,3,GroupConditionalProductWrapper,,,,0.9626634050040244,0.9965649039509604,0.3300713475491479,0.0,0.9996209463135581,0.0003791255454500041,2.989694711852881,0.05870906122516856,0.5533808983660986,1.0575938465885066
macro,macro@1,best_valid,session,final,final.intra.Focus,intra,3,GroupConditionalProductWrapper,,,,0.99970448101783,0.9993918364671224,0.8978985025740154,0.0,0.9999997168258389,2.8317420122605965e-07,2.998175509401367,0.02466771119333174,0.9319323350493437,1.0982876278827631
macro,macro@1,best_valid,session,final,final.intra.Memory,intra,3,GroupConditionalProductWrapper,,,,0.8607180282002869,0.9963209583751406,0.42069884353878473,0.0,0.9955740200415177,0.0044358036046691805,2.988962875125422,0.06076667835513716,0.6137992290258565,0.9455954028590198
macro,macro@1,best_valid,session,final,final.intra.Tempo,intra,3,GroupConditionalProductWrapper,,,,0.9891393137750744,0.9810800243872174,0.8689634805254077,0.0,0.9999794114988101,2.0588713136034156e-05,2.943240073161652,0.1388699606877542,0.9126423203502719,1.086680605318038
