stage_name,stage_key,split,aggregation_level,node_kind,node_name,route_space,support_size,wrapper_name,source_type,temperature,top_k,entropy_norm,n_eff_norm,top1_monopoly_norm,jitter_adj_norm,knn_consistency_score,knn_consistency_js,n_eff,cv_usage,top1_max_frac,entropy_mean
macro,macro@1,best_valid,session,final,final.expert,expert,12,GroupConditionalProductWrapper,,,,0.9200345380469807,0.967758069942506,0.16158695106063528,0.0,0.979662812556615,0.02054683534255726,11.613096839310073,0.18252694435337352,0.23145470513891567,2.286199941627573
macro,macro@1,best_valid,session,final,final.group,group,4,GroupConditionalProductWrapper,,,,0.896857932138484,0.9726923769079066,0.1835143414090782,0.0,0.9865728941702906,0.013518064540971507,3.890769507631626,0.16755364835262299,0.38763575605680867,1.2433090940492257
macro,macro@1,best_valid,session,final,final.intra.Exposure,intra,3,GroupConditionalProductWrapper,,,,0.986733197525719,0.9915320459244166,0.21669558511663778,0.0,0.9982380652570766,0.00176348877561368,2.9745961377732497,0.09241381012160152,0.4777970567444252,1.0840372164385321
macro,macro@1,best_valid,session,final,final.intra.Focus,intra,3,GroupConditionalProductWrapper,,,,0.8917045673858205,0.9874733696981597,0.15452091767881243,0.0,0.9902394524225588,0.009808493965710537,2.962420109094479,0.11263007707506188,0.4363472784525416,0.979637595591543
macro,macro@1,best_valid,session,final,final.intra.Memory,intra,3,GroupConditionalProductWrapper,,,,0.9578577357474535,0.9953040313002091,0.47317010474905213,0.0,0.9889409874584731,0.01112061803910506,2.985912093900627,0.06868806835448538,0.6487800698327014,1.0523142792879634
macro,macro@1,best_valid,session,final,final.intra.Tempo,intra,3,GroupConditionalProductWrapper,,,,0.97707605419811,0.9992809403447919,0.09250690829638199,0.0,0.9970043649874342,0.0030001309080830985,2.9978428210343755,0.026824475397930283,0.3950046055309213,1.0734277601053916
