{
  "split": "best_valid",
  "feature_mode": "runtime:unknown|ablation:none",
  "stages": [
    {
      "stage": "macro@1",
      "n_eff": 15.637826377575196,
      "cv_usage": 0.152184396982193,
      "top1_max_frac": 0.7795393359258151,
      "entropy_mean": 2.578974489605145,
      "route_jitter_adjacent": 0.0,
      "route_consistency_knn_js": 0.005468212626577374,
      "route_consistency_knn_score": 0.9945467108341445,
      "route_consistency_group_knn_js": 0.002257053171428577,
      "route_consistency_group_knn_score": 0.9977454920578147,
      "route_consistency_intra_group_knn_mean_js": 0.002773206057160665,
      "route_consistency_intra_group_knn_mean_score": 0.9972323507208376,
      "route_consistency_feature_group_knn_mean_score": 0.988681725549964,
      "family_top_expert_mean_share": 0.0862928181886673,
      "route_consistency_feature_group_knn_tempo_js": 0.005488357665626246,
      "route_consistency_feature_group_knn_tempo_score": 0.9945266758536222,
      "route_consistency_feature_group_knn_focus_js": 0.013396460854075552,
      "route_consistency_feature_group_knn_focus_score": 0.9866928723663609,
      "route_consistency_feature_group_knn_memory_js": 0.012223668075634532,
      "route_consistency_feature_group_knn_memory_score": 0.9878507374768166,
      "route_consistency_feature_group_knn_exposure_js": 0.014447244160483328,
      "route_consistency_feature_group_knn_exposure_score": 0.985656616503056
    }
  ]
}
