{
  "split": "best_valid",
  "feature_mode": "runtime:unknown|ablation:none",
  "stages": [
    {
      "stage": "macro@1",
      "n_eff": 9.734797208962751,
      "cv_usage": 0.4823810580940631,
      "top1_max_frac": 0.4533496770543586,
      "entropy_mean": 1.8826485962472301,
      "route_jitter_adjacent": 0.0,
      "route_consistency_knn_js": 0.018166644310984147,
      "route_consistency_knn_score": 0.9819973744464966,
      "route_consistency_group_knn_js": 0.0013093230804429314,
      "route_consistency_group_knn_score": 0.9986915337090427,
      "route_consistency_intra_group_knn_mean_js": 0.0189638220106354,
      "route_consistency_intra_group_knn_mean_score": 0.9814227985847332,
      "route_consistency_feature_group_knn_mean_score": 0.9620661098758784,
      "family_top_expert_mean_share": 0.17998258769512177,
      "route_consistency_feature_group_knn_tempo_js": 0.03121126317999849,
      "route_consistency_feature_group_knn_tempo_score": 0.9692707802168841,
      "route_consistency_feature_group_knn_focus_js": 0.01798344316759035,
      "route_consistency_feature_group_knn_focus_score": 0.9821772939685328,
      "route_consistency_feature_group_knn_memory_js": 0.04540728425518796,
      "route_consistency_feature_group_knn_memory_score": 0.9556081983906396,
      "route_consistency_feature_group_knn_exposure_js": 0.06059094502308157,
      "route_consistency_feature_group_knn_exposure_score": 0.9412081669274568
    }
  ]
}
