{
  "split": "best_valid",
  "feature_mode": "none",
  "stages": [
    {
      "stage": "macro@1",
      "n_eff": 11.90019379149057,
      "cv_usage": 0.0915803360468049,
      "top1_max_frac": 0.7325290606346214,
      "entropy_mean": 2.445072921575558,
      "route_jitter_adjacent": 0.0,
      "route_consistency_knn_js": 0.0009706996276345051,
      "route_consistency_knn_score": 0.9990297713488445,
      "route_consistency_group_knn_js": 0.00054584450749135,
      "route_consistency_group_knn_score": 0.9994543044385201,
      "route_consistency_intra_group_knn_mean_js": 0.0004114348709229808,
      "route_consistency_intra_group_knn_mean_score": 0.9995887026875057,
      "route_consistency_feature_group_knn_mean_score": 0.9978913309758048,
      "family_top_expert_mean_share": 0.09260578453540802,
      "route_consistency_feature_group_knn_tempo_js": 0.0023135435501675503,
      "route_consistency_feature_group_knn_tempo_score": 0.9976891306290375,
      "route_consistency_feature_group_knn_focus_js": 0.001148001453097084,
      "route_consistency_feature_group_knn_focus_score": 0.9988526572484835,
      "route_consistency_feature_group_knn_memory_js": 0.0019267160332229422,
      "route_consistency_feature_group_knn_memory_score": 0.998075138892617,
      "route_consistency_feature_group_knn_exposure_js": 0.0030562685011403484,
      "route_consistency_feature_group_knn_exposure_score": 0.9969483971330813
    }
  ]
}
