{
  "model": "BSARec",
  "dataset": "amazon_beauty",
  "dataset_raw": "amazon_beauty",
  "max_evals": 10,
  "tune_epochs": 100,
  "n_completed": 10,
  "n_recorded_trials": 10,
  "timestamp": "2026-04-13T03:10:15.383677",
  "trials": [
    {
      "trial": 1,
      "params": {
        "learning_rate": 0.0009067694666035735
      },
      "mrr@20": 0.0088,
      "valid_result": {
        "hit@5": 0.0088,
        "hit@10": 0.0088,
        "hit@20": 0.0088,
        "ndcg@5": 0.0088,
        "ndcg@10": 0.0088,
        "ndcg@20": 0.0088,
        "mrr@5": 0.0088,
        "mrr@10": 0.0088,
        "mrr@20": 0.0088
      },
      "test_result": {
        "hit@5": 0.0,
        "hit@10": 0.0088,
        "hit@20": 0.0175,
        "ndcg@5": 0.0,
        "ndcg@10": 0.0028,
        "ndcg@20": 0.0051,
        "mrr@5": 0.0,
        "mrr@10": 0.0011,
        "mrr@20": 0.0018
      },
      "best_hr@10": 0.0088,
      "test_mrr@20": 0.0018,
      "test_hr@10": 0.0088,
      "epochs_run": 9,
      "early_stop_epoch": 9,
      "early_stopped": true,
      "elapsed": 2.1,
      "status": "ok"
    },
    {
      "trial": 2,
      "params": {
        "learning_rate": 0.0006364096050704576
      },
      "mrr@20": 0.0029,
      "valid_result": {
        "hit@5": 0.0088,
        "hit@10": 0.0088,
        "hit@20": 0.0088,
        "ndcg@5": 0.0044,
        "ndcg@10": 0.0044,
        "ndcg@20": 0.0044,
        "mrr@5": 0.0029,
        "mrr@10": 0.0029,
        "mrr@20": 0.0029
      },
      "test_result": {
        "hit@5": 0.0,
        "hit@10": 0.0088,
        "hit@20": 0.0175,
        "ndcg@5": 0.0,
        "ndcg@10": 0.0031,
        "ndcg@20": 0.0052,
        "mrr@5": 0.0,
        "mrr@10": 0.0015,
        "mrr@20": 0.0019
      },
      "best_hr@10": 0.0088,
      "test_mrr@20": 0.0019,
      "test_hr@10": 0.0088,
      "epochs_run": 10,
      "early_stop_epoch": 10,
      "early_stopped": true,
      "elapsed": 1.3,
      "status": "ok"
    },
    {
      "trial": 3,
      "params": {
        "learning_rate": 0.0006299102408714332
      },
      "mrr@20": 0.0022,
      "valid_result": {
        "hit@5": 0.0088,
        "hit@10": 0.0088,
        "hit@20": 0.0088,
        "ndcg@5": 0.0038,
        "ndcg@10": 0.0038,
        "ndcg@20": 0.0038,
        "mrr@5": 0.0022,
        "mrr@10": 0.0022,
        "mrr@20": 0.0022
      },
      "test_result": {
        "hit@5": 0.0,
        "hit@10": 0.0088,
        "hit@20": 0.0175,
        "ndcg@5": 0.0,
        "ndcg@10": 0.0029,
        "ndcg@20": 0.0051,
        "mrr@5": 0.0,
        "mrr@10": 0.0013,
        "mrr@20": 0.0018
      },
      "best_hr@10": 0.0088,
      "test_mrr@20": 0.0018,
      "test_hr@10": 0.0088,
      "epochs_run": 10,
      "early_stop_epoch": 10,
      "early_stopped": true,
      "elapsed": 1.3,
      "status": "ok"
    },
    {
      "trial": 4,
      "params": {
        "learning_rate": 0.000616996466402069
      },
      "mrr@20": 0.001,
      "valid_result": {
        "hit@5": 0.0,
        "hit@10": 0.0088,
        "hit@20": 0.0088,
        "ndcg@5": 0.0,
        "ndcg@10": 0.0027,
        "ndcg@20": 0.0027,
        "mrr@5": 0.0,
        "mrr@10": 0.001,
        "mrr@20": 0.001
      },
      "test_result": {
        "hit@5": 0.0,
        "hit@10": 0.0088,
        "hit@20": 0.0175,
        "ndcg@5": 0.0,
        "ndcg@10": 0.0029,
        "ndcg@20": 0.0052,
        "mrr@5": 0.0,
        "mrr@10": 0.0013,
        "mrr@20": 0.0019
      },
      "best_hr@10": 0.0088,
      "test_mrr@20": 0.0019,
      "test_hr@10": 0.0088,
      "epochs_run": 10,
      "early_stop_epoch": 10,
      "early_stopped": true,
      "elapsed": 1.3,
      "status": "ok"
    },
    {
      "trial": 5,
      "params": {
        "learning_rate": 0.0008063810336753895
      },
      "mrr@20": 0.0022,
      "valid_result": {
        "hit@5": 0.0088,
        "hit@10": 0.0088,
        "hit@20": 0.0177,
        "ndcg@5": 0.0034,
        "ndcg@10": 0.0034,
        "ndcg@20": 0.0055,
        "mrr@5": 0.0018,
        "mrr@10": 0.0018,
        "mrr@20": 0.0022
      },
      "test_result": {
        "hit@5": 0.0,
        "hit@10": 0.0,
        "hit@20": 0.0175,
        "ndcg@5": 0.0,
        "ndcg@10": 0.0,
        "ndcg@20": 0.0045,
        "mrr@5": 0.0,
        "mrr@10": 0.0,
        "mrr@20": 0.0012
      },
      "best_hr@10": 0.0088,
      "test_mrr@20": 0.0012,
      "test_hr@10": 0.0,
      "epochs_run": 11,
      "early_stop_epoch": 11,
      "early_stopped": true,
      "elapsed": 1.4,
      "status": "ok"
    },
    {
      "trial": 6,
      "params": {
        "learning_rate": 0.0009364167051268365
      },
      "mrr@20": 0.0088,
      "valid_result": {
        "hit@5": 0.0088,
        "hit@10": 0.0088,
        "hit@20": 0.0088,
        "ndcg@5": 0.0088,
        "ndcg@10": 0.0088,
        "ndcg@20": 0.0088,
        "mrr@5": 0.0088,
        "mrr@10": 0.0088,
        "mrr@20": 0.0088
      },
      "test_result": {
        "hit@5": 0.0,
        "hit@10": 0.0088,
        "hit@20": 0.0175,
        "ndcg@5": 0.0,
        "ndcg@10": 0.0029,
        "ndcg@20": 0.0049,
        "mrr@5": 0.0,
        "mrr@10": 0.0013,
        "mrr@20": 0.0017
      },
      "best_hr@10": 0.0088,
      "test_mrr@20": 0.0017,
      "test_hr@10": 0.0088,
      "epochs_run": 9,
      "early_stop_epoch": 9,
      "early_stopped": true,
      "elapsed": 1.1,
      "status": "ok"
    },
    {
      "trial": 7,
      "params": {
        "learning_rate": 0.0006797334315458175
      },
      "mrr@20": 0.0029,
      "valid_result": {
        "hit@5": 0.0088,
        "hit@10": 0.0088,
        "hit@20": 0.0088,
        "ndcg@5": 0.0044,
        "ndcg@10": 0.0044,
        "ndcg@20": 0.0044,
        "mrr@5": 0.0029,
        "mrr@10": 0.0029,
        "mrr@20": 0.0029
      },
      "test_result": {
        "hit@5": 0.0,
        "hit@10": 0.0088,
        "hit@20": 0.0088,
        "ndcg@5": 0.0,
        "ndcg@10": 0.0029,
        "ndcg@20": 0.0029,
        "mrr@5": 0.0,
        "mrr@10": 0.0013,
        "mrr@20": 0.0013
      },
      "best_hr@10": 0.0088,
      "test_mrr@20": 0.0013,
      "test_hr@10": 0.0088,
      "epochs_run": 10,
      "early_stop_epoch": 10,
      "early_stopped": true,
      "elapsed": 1.2,
      "status": "ok"
    },
    {
      "trial": 8,
      "params": {
        "learning_rate": 0.0007621589028817004
      },
      "mrr@20": 0.0044,
      "valid_result": {
        "hit@5": 0.0088,
        "hit@10": 0.0088,
        "hit@20": 0.0088,
        "ndcg@5": 0.0056,
        "ndcg@10": 0.0056,
        "ndcg@20": 0.0056,
        "mrr@5": 0.0044,
        "mrr@10": 0.0044,
        "mrr@20": 0.0044
      },
      "test_result": {
        "hit@5": 0.0,
        "hit@10": 0.0088,
        "hit@20": 0.0175,
        "ndcg@5": 0.0,
        "ndcg@10": 0.0028,
        "ndcg@20": 0.005,
        "mrr@5": 0.0,
        "mrr@10": 0.0011,
        "mrr@20": 0.0017
      },
      "best_hr@10": 0.0088,
      "test_mrr@20": 0.0017,
      "test_hr@10": 0.0088,
      "epochs_run": 10,
      "early_stop_epoch": 10,
      "early_stopped": true,
      "elapsed": 1.2,
      "status": "ok"
    },
    {
      "trial": 9,
      "params": {
        "learning_rate": 0.0008957103701342586
      },
      "mrr@20": 0.0044,
      "valid_result": {
        "hit@5": 0.0088,
        "hit@10": 0.0088,
        "hit@20": 0.0088,
        "ndcg@5": 0.0056,
        "ndcg@10": 0.0056,
        "ndcg@20": 0.0056,
        "mrr@5": 0.0044,
        "mrr@10": 0.0044,
        "mrr@20": 0.0044
      },
      "test_result": {
        "hit@5": 0.0,
        "hit@10": 0.0088,
        "hit@20": 0.0175,
        "ndcg@5": 0.0,
        "ndcg@10": 0.0026,
        "ndcg@20": 0.005,
        "mrr@5": 0.0,
        "mrr@10": 0.001,
        "mrr@20": 0.0017
      },
      "best_hr@10": 0.0088,
      "test_mrr@20": 0.0017,
      "test_hr@10": 0.0088,
      "epochs_run": 9,
      "early_stop_epoch": 9,
      "early_stopped": true,
      "elapsed": 1.3,
      "status": "ok"
    },
    {
      "trial": 10,