stage_name,stage_key,split,aggregation_level,node_kind,node_name,route_space,support_size,wrapper_name,source_type,temperature,top_k,entropy_norm,n_eff_norm,top1_monopoly_norm,jitter_adj_norm,knn_consistency_score,knn_consistency_js,n_eff,cv_usage,top1_max_frac,entropy_mean
macro,macro@1,best_valid,session,final,final.expert,expert,16,FlatJointWrapper,,,,0.9363970357250991,0.9168022881236916,0.19289887759004998,0.8651602829062184,0.9822033111740335,0.01795695420161899,14.668836609979065,0.3012436628341675,0.24334269774067185,2.5962438607901714
macro,macro@1,best_valid,session,final,final.group,group,4,FlatJointWrapper,,,,0.9559705597692669,0.9534505919819344,0.3766206359883406,0.0,0.9943867918954568,0.005629021360316117,3.8138023679277375,0.22095715999603271,0.5324654769912555,1.32525659640476
macro,macro@1,best_valid,session,final,final.intra.Exposure,intra,4,FlatJointWrapper,,,,0.915189135119514,0.9528346935724895,0.21006607842361413,0.0,0.9903691021470039,0.009677574885985142,3.811338774289958,0.22248566150665283,0.4075495588177106,1.2687215373743719
macro,macro@1,best_valid,session,final,final.intra.Focus,intra,4,FlatJointWrapper,,,,0.9269478885829554,0.9850517373019383,0.1294530394755932,0.0,0.9884000980513176,0.011667705665625446,3.940206949207753,0.12318720668554306,0.3470897796066949,1.2850226309945396
macro,macro@1,best_valid,session,final,final.intra.Memory,intra,4,FlatJointWrapper,,,,0.9054717078354156,0.9530123311175622,0.227423205265171,0.0,0.9869803174927274,0.013105181497517706,3.812049324470249,0.2220456749200821,0.42056740394887826,1.2552503227258338
macro,macro@1,best_valid,session,final,final.intra.Tempo,intra,4,FlatJointWrapper,,,,0.9326578376946375,0.9749857795822463,0.17619594033157915,0.0,0.9879154278263885,0.012158184264107546,3.899943118328985,0.16017471253871918,0.38214695524868436,1.2929383012503461
