best_mrr20,epoch,epoch_time_sec,eval,lr,patience_used,train_loss,trial,valid_mrr20
0.0973,1,29.969674110412598,1,0.0004983,0,1559.2407703399658,1,0.0973
0.1839,3,29.197025775909424,1,0.0004983,0,1009.1231908798218,1,0.1839
0.293,10,28.105011463165283,1,0.0004983,0,493.7436378002167,1,0.293
0.3093,14,30.19120192527771,1,0.0004983,0,364.7407329082489,1,0.3093
0.3093,24,28.930559158325195,1,0.0004983,10,174.56806153059006,1,0.3009
