best_mrr20,epoch,epoch_time_sec,eval,lr,patience_used,train_loss,trial,valid_mrr20
0.0143,1,17.048213005065918,1,0.0009094193116834568,0,667.4165177345276,1,0.0143
0.017,3,15.928327083587646,1,0.0009077719083145883,0,555.8011350631714,1,0.017
0.0183,6,15.926748991012573,1,0.0009022282405759196,0,501.06710386276245,1,0.0183
0.0183,10,15.680067539215088,1,0.0008891879320984752,4,436.39304971694946,1,0.0172
0.0183,16,15.339569807052612,1,0.0008579879782425726,10,336.1178810596466,1,0.015
