{
  "split": "best_valid",
  "feature_mode": "none",
  "stages": [
    {
      "stage": "macro@1",
      "n_eff": 3.870064214973221,
      "cv_usage": 0.18323340317804776,
      "top1_max_frac": 0.3668496158068057,
      "entropy_mean": 1.3233444532107574,
      "route_jitter_adjacent": 0.0,
      "route_consistency_knn_js": 0.004346467548358702,
      "route_consistency_knn_score": 0.9956629646711554,
      "route_consistency_group_knn_js": 0.004346467548358702,
      "route_consistency_group_knn_score": 0.9956629646711554,
      "route_consistency_intra_group_knn_mean_js": 0.0,
      "route_consistency_intra_group_knn_mean_score": 1.0,
      "route_consistency_feature_group_knn_mean_score": 0.9866411582671091,
      "family_top_expert_mean_share": 0.2927406430244446,
      "route_consistency_feature_group_knn_tempo_js": 0.016274834050175612,
      "route_consistency_feature_group_knn_tempo_score": 0.9838568855220371,
      "route_consistency_feature_group_knn_focus_js": 0.012546543546370845,
      "route_consistency_feature_group_knn_focus_score": 0.9875318361904085,
      "route_consistency_feature_group_knn_memory_js": 0.015022394424612305,
      "route_consistency_feature_group_knn_memory_score": 0.9850898788350165,
      "route_consistency_feature_group_knn_exposure_js": 0.009963438092883874,
      "route_consistency_feature_group_knn_exposure_score": 0.9900860325209739
    }
  ]
}
