best_mrr20,epoch,epoch_time_sec,eval,lr,patience_used,train_loss,trial,valid_mrr20
0.0108,1,26.510131359100342,1,0.00034992070542535163,0,700.8095135688782,1,0.0108
0.0147,3,25.630573511123657,1,0.00034928682780526084,0,612.9391684532166,1,0.0147
0.0182,8,25.259499311447144,1,0.0003449519204699261,0,526.1951603889465,1,0.0182
0.0182,10,24.220614671707153,1,0.00034213620104419886,2,506.50500679016113,1,0.0178
0.0182,18,25.63509511947632,1,0.00032499743142091103,10,450.36634159088135,1,0.0168
