{
  "split": "best_valid",
  "feature_mode": "none",
  "stages": [
    {
      "stage": "macro@1",
      "n_eff": 11.755271459667359,
      "cv_usage": 0.14428657980899276,
      "top1_max_frac": 0.2321862827382874,
      "entropy_mean": 2.2651680224675577,
      "route_jitter_adjacent": 0.0,
      "route_consistency_knn_js": 0.022480731754267496,
      "route_consistency_knn_score": 0.9777700769259435,
      "route_consistency_group_knn_js": 0.010152352987183493,
      "route_consistency_group_knn_score": 0.9898990081891899,
      "route_consistency_intra_group_knn_mean_js": 0.013122302371391807,
      "route_consistency_intra_group_knn_mean_score": 0.9870113528997095,
      "route_consistency_feature_group_knn_mean_score": 0.9411409949518929,
      "family_top_expert_mean_share": 0.10420017689466476,
      "route_consistency_feature_group_knn_tempo_js": 0.06808952597142406,
      "route_consistency_feature_group_knn_tempo_score": 0.9341768367446437,
      "route_consistency_feature_group_knn_focus_js": 0.044620758226948665,
      "route_consistency_feature_group_knn_focus_score": 0.9563601047696795,
      "route_consistency_feature_group_knn_memory_js": 0.06278381023259991,
      "route_consistency_feature_group_knn_memory_score": 0.9391464856040705,
      "route_consistency_feature_group_knn_exposure_js": 0.0673365089888906,
      "route_consistency_feature_group_knn_exposure_score": 0.9348805526891777
    }
  ]
}
