stage_name,stage_key,split,aggregation_level,node_kind,node_name,route_space,support_size,wrapper_name,source_type,temperature,top_k,entropy_norm,n_eff_norm,top1_monopoly_norm,jitter_adj_norm,knn_consistency_score,knn_consistency_js,n_eff,cv_usage,top1_max_frac,entropy_mean
macro,macro@1,best_valid,session,final,final.expert,expert,12,GroupConditionalProductWrapper,,,,0.7827275478014479,0.793580824057114,0.2538436333615844,0.0,0.9840179326805776,0.01611115782706397,9.522969888685369,0.510010942518385,0.3160233305814523,1.945004888504073
macro,macro@1,best_valid,session,final,final.group,group,4,GroupConditionalProductWrapper,,,,0.8541696310015615,0.9063426312434978,0.38006161528703464,0.0,0.9946936425275851,0.005320486190745199,3.625370524973991,0.32145845890045166,0.535046211465276,1.1841305428973223
macro,macro@1,best_valid,session,final,final.intra.Exposure,intra,3,GroupConditionalProductWrapper,,,,0.5759372424890076,0.993253899501488,0.038033009148326434,0.0,0.9822925539690149,0.01786609853057757,2.979761698504464,0.08241322204729253,0.35868867276555094,0.6327317321000487
macro,macro@1,best_valid,session,final,final.intra.Focus,intra,3,GroupConditionalProductWrapper,,,,0.9721571870329953,0.9869091948464086,0.3894146547731711,0.0,0.9987151017749495,0.001285724414563696,2.960727584539226,0.1151716153272505,0.5929431031821141,1.0680238321914706
macro,macro@1,best_valid,session,final,final.intra.Memory,intra,3,GroupConditionalProductWrapper,,,,0.8265094309596502,0.9667182834687827,0.09436267106967626,0.0,0.9893953209097982,0.010661309419644733,2.900154850406348,0.18554651929299476,0.3962417807131175,0.9080134175523584
macro,macro@1,best_valid,session,final,final.intra.Tempo,intra,3,GroupConditionalProductWrapper,,,,0.5325086693085606,0.7265383364534629,0.31832551396411823,0.0,0.9906592906587997,0.009384607339507637,2.1796150093603885,0.6135060753373481,0.5455503426427455,0.5850205679246874
