stage_name,stage_key,split,aggregation_level,node_kind,node_name,route_space,support_size,wrapper_name,source_type,temperature,top_k,entropy_norm,n_eff_norm,top1_monopoly_norm,jitter_adj_norm,knn_consistency_score,knn_consistency_js,n_eff,cv_usage,top1_max_frac,entropy_mean
macro,macro@1,best_valid,session,final,final.expert,expert,12,GroupConditionalProductWrapper,,,,0.7994979186886318,0.6054735227747791,0.7611977455321595,0.0,0.9906238096161385,0.00942042356653748,7.265682273297348,0.8072175394322781,0.7810979334044795,1.9866776946410474
macro,macro@1,best_valid,session,final,final.group,group,4,GroupConditionalProductWrapper,,,,0.7394467102240314,0.6384962660798935,0.9176553675476415,0.0,0.9957006909928161,0.004308577611422364,2.553985064319574,0.752449378517233,0.9382415256607312,1.0250908047322285
macro,macro@1,best_valid,session,final,final.intra.Exposure,intra,3,GroupConditionalProductWrapper,,,,0.6046048787394103,0.8702476296470466,0.24668599695279517,0.0,0.986827888678213,0.013259632993200888,2.61074288894114,0.3861324523051842,0.4977906646351968,0.6642263495718085
macro,macro@1,best_valid,session,final,final.intra.Focus,intra,3,GroupConditionalProductWrapper,,,,0.9755407065889977,0.955927751207636,1.0,0.0,0.9998843809484689,0.00011562573592890781,2.8677832536229078,0.21471860364918102,1.0,1.0717410083546437
macro,macro@1,best_valid,session,final,final.intra.Memory,intra,3,GroupConditionalProductWrapper,,,,0.8372810403667779,0.9612605580739834,0.34135741564813515,0.0,0.9907733132402475,0.009269516287357468,2.88378167422195,0.20075037477164343,0.5609049437654234,0.9198472400157618
macro,macro@1,best_valid,session,final,final.intra.Tempo,intra,3,GroupConditionalProductWrapper,,,,0.7236946642621329,0.8182810719544005,0.2573109424185678,0.0,0.9892321053535261,0.010826287984558817,2.4548432158632014,0.47124721195557084,0.5048739616123785,0.7950598514019211
