stage_name,stage_key,split,aggregation_level,node_kind,node_name,route_space,support_size,wrapper_name,source_type,temperature,top_k,entropy_norm,n_eff_norm,top1_monopoly_norm,jitter_adj_norm,knn_consistency_score,knn_consistency_js,n_eff,cv_usage,top1_max_frac,entropy_mean
macro,macro@1,best_valid,session,final,final.expert,expert,8,ScalarGroupConditionalProductWrapper,,,,0.9763983783142562,0.9481633661564574,0.7003275713482525,0.0,0.9989230352294011,0.0010775451138677337,7.585306929251659,0.2338176965713501,0.7377866249297209,2.0303633490954884
macro,macro@1,best_valid,session,final,final.group,group,4,ScalarGroupConditionalProductWrapper,,,,0.9672992594378707,0.9506136044841051,0.730168619287129,0.0,0.9989858992971182,0.0010146152508979803,3.8024544179364206,0.22793005669950764,0.7976264644653467,1.3409615088741662
macro,macro@1,best_valid,session,final,final.intra.Exposure,intra,2,ScalarGroupConditionalProductWrapper,,,,0.9947709788204198,0.9996448824703977,0.1304836724460181,0.0,0.9999182924731005,8.171086514137687e-05,1.9992897649407955,0.018848925828933716,0.565241836223009,0.689522699272231
macro,macro@1,best_valid,session,final,final.intra.Focus,intra,2,ScalarGroupConditionalProductWrapper,,,,0.9987786942366078,0.9988019531663942,0.9698825388624657,0.0,0.9999936440293772,6.355990822128879e-06,1.9976039063327884,0.034633129835128784,0.9849412694312328,0.6923006359134484
macro,macro@1,best_valid,session,final,final.intra.Memory,intra,2,ScalarGroupConditionalProductWrapper,,,,0.999355518209354,0.9999051184088882,0.14288319226853474,0.0,0.9999839203319137,1.6079797365493585e-05,1.9998102368177764,0.009738057851791382,0.5714415961342674,0.6927004598238368
macro,macro@1,best_valid,session,final,final.intra.Tempo,intra,2,ScalarGroupConditionalProductWrapper,,,,0.9800071239051641,0.9839506155462313,0.7646826421917974,0.0,0.999810624956833,0.00018939297688464965,1.9679012310924626,0.12771520018577576,0.8823413210958987,0.6792891748635255
