stage_name,stage_key,split,aggregation_level,node_kind,node_name,route_space,support_size,wrapper_name,source_type,temperature,top_k,entropy_norm,n_eff_norm,top1_monopoly_norm,jitter_adj_norm,knn_consistency_score,knn_consistency_js,n_eff,cv_usage,top1_max_frac,entropy_mean
macro,macro@1,best_valid,session,final,final.expert,expert,12,ScalarGroupConditionalProductWrapper,,,,0.98838220766495,0.967507851925513,0.4258302126210888,0.0,0.9989954532625885,0.0010050516326408584,11.610094223106156,0.18325761159486736,0.4736776949026647,2.4560375203587785
macro,macro@1,best_valid,session,final,final.group,group,4,ScalarGroupConditionalProductWrapper,,,,0.9860570146955032,0.9795324321073717,0.3440830264203109,0.0,0.9992146489710443,0.0007856595786321434,3.918129728429487,0.14455154538154602,0.5080622698152332,1.3669652792150893
macro,macro@1,best_valid,session,final,final.intra.Exposure,intra,3,ScalarGroupConditionalProductWrapper,,,,0.9637736157579458,0.9367559409771511,0.9394169168394663,0.0,0.9991269426663123,0.0008734386702101965,2.8102678229314533,0.25983436376350033,0.9596112778929776,1.0588135377657764
macro,macro@1,best_valid,session,final,final.intra.Focus,intra,3,ScalarGroupConditionalProductWrapper,,,,0.9996464862937657,0.9999044926792671,0.3158986103803659,0.0,0.9999639188005395,3.608185040260839e-05,2.999713478037801,0.009773434314178398,0.5439324069202439,1.0982239141662282
macro,macro@1,best_valid,session,final,final.intra.Memory,intra,3,ScalarGroupConditionalProductWrapper,,,,0.9993659023706132,0.9989711509634556,0.7163968926990808,0.0,0.9999776900690337,2.231017983646429e-05,2.9969134528903667,0.03209213258051477,0.8109312617993872,1.09791566122025
macro,macro@1,best_valid,session,final,final.intra.Tempo,intra,3,ScalarGroupConditionalProductWrapper,,,,0.9922138322000252,0.9857067603325732,0.9630930642815139,0.0,0.9998741412639868,0.0001258666568885499,2.9571202809977195,0.12041777013487309,0.975395376187676,1.0900583090414255
