stage_name,stage_key,split,aggregation_level,node_kind,node_name,route_space,support_size,wrapper_name,source_type,temperature,top_k,entropy_norm,n_eff_norm,top1_monopoly_norm,jitter_adj_norm,knn_consistency_score,knn_consistency_js,n_eff,cv_usage,top1_max_frac,entropy_mean
macro,macro@1,best_valid,session,final,final.expert,expert,20,ScalarGroupConditionalProductWrapper,,,,0.9983212215105617,0.9910367910361856,0.9759123208478863,0.0,0.9999449416900089,5.505982575551519e-05,19.820735820723712,0.0951009695216869,0.977116704805492,2.990703102653032
macro,macro@1,best_valid,session,final,final.group,group,4,ScalarGroupConditionalProductWrapper,,,,0.998952964498323,0.9979839520393302,0.969488939740656,0.0,0.9999612872953508,3.8713454005290875e-05,3.991935808157321,0.04494607343948325,0.977116704805492,1.3848428617080235
macro,macro@1,best_valid,session,final,final.intra.Exposure,intra,5,ScalarGroupConditionalProductWrapper,,,,0.9995432335982213,0.9987238411887619,1.0,0.0,0.9999797554354882,2.024476943572737e-05,4.993619205943809,0.03574547503929063,1.0,1.6087027752699514
macro,macro@1,best_valid,session,final,final.intra.Focus,intra,5,ScalarGroupConditionalProductWrapper,,,,0.9987850284447803,0.9965361060008051,1.0,0.0,0.9999812470930302,1.8753082807755697e-05,4.982680530004026,0.05895755139485308,1.0,1.6074824911506007
macro,macro@1,best_valid,session,final,final.intra.Memory,intra,5,ScalarGroupConditionalProductWrapper,,,,0.9976879436845881,0.9928028196018188,1.0,0.0,0.9999935292789983,6.4707419369369745e-06,4.964014098009094,0.08514397650742565,1.0,1.6057168013443937
macro,macro@1,best_valid,session,final,final.intra.Tempo,intra,5,ScalarGroupConditionalProductWrapper,,,,0.9952771689149201,0.9852755845281953,1.0,0.0,0.9999805865233664,1.941366507759634e-05,4.9263779226409765,0.12224648896982537,1.0,1.6018368090317505
