{
  "valid": {
    "count": 3621,
    "hit@5": 0.22535211267605634,
    "hit@10": 0.2651201325600663,
    "hit@20": 0.3076498204915769,
    "ndcg@5": 0.16271850292243473,
    "ndcg@10": 0.17566214424903404,
    "ndcg@20": 0.18644120894604974,
    "mrr@5": 0.14194053239879673,
    "mrr@10": 0.1473300592288132,
    "mrr@20": 0.1503018134897814
  },
  "test": {
    "count": 3561,
    "hit@5": 0.17888233642235327,
    "hit@10": 0.2243751755124965,
    "hit@20": 0.2589160348216793,
    "ndcg@5": 0.12704945077590815,
    "ndcg@10": 0.14180805818882594,
    "ndcg@20": 0.15067860669498528,
    "mrr@5": 0.10993634780716675,
    "mrr@10": 0.11605744377485791,
    "mrr@20": 0.11856480163010243
  },
  "slice_metrics": {
    "valid": {
      "target_popularity_abs": {
        "cold_0": {
          "count": 948,
          "hit@5": 0.0,
          "hit@10": 0.0,
          "hit@20": 0.0010548523206751054,
          "ndcg@5": 0.0,
          "ndcg@10": 0.0,
          "ndcg@20": 0.00024015849401176227,
          "mrr@5": 0.0,
          "mrr@10": 0.0,
          "mrr@20": 5.27426168196815e-05
        },
        "rare_1_5": {
          "count": 1134,
          "hit@5": 0.08112874779541446,
          "hit@10": 0.11992945326278659,
          "hit@20": 0.15608465608465608,
          "ndcg@5": 0.05106283561367627,
          "ndcg@10": 0.06363676425325808,
          "ndcg@20": 0.07280115884395293,
          "mrr@5": 0.041225749729907495,
          "mrr@10": 0.04643102124911557,
          "mrr@20": 0.048955465662022114
        },
        "6_20": {
          "count": 832,
          "hit@5": 0.3701923076923077,
          "hit@10": 0.43990384615384615,
          "hit@20": 0.5192307692307693,
          "ndcg@5": 0.26143850192714196,
          "ndcg@10": 0.2841377369343088,
          "ndcg@20": 0.30427667844252515,
          "mrr@5": 0.2253605774245583,
          "mrr@10": 0.23482142928808641,
          "mrr@20": 0.24039274892465284
        },
        "21_100": {
          "count": 606,
          "hit@5": 0.6056105610561056,
          "hit@10": 0.6617161716171617,
          "hit@20": 0.7227722772277227,
          "ndcg@5": 0.4540048427019182,
          "ndcg@10": 0.47232633824198944,
          "ndcg@20": 0.4878398144353341,
          "mrr@5": 0.4035203528433743,
          "mrr@10": 0.41118052382968834,
          "mrr@20": 0.41547619043034884
        },
        "101+": {
          "count": 101,
          "hit@5": 0.48514851485148514,
          "hit@10": 0.5643564356435643,
          "hit@20": 0.6534653465346535,
          "ndcg@5": 0.38271955658893775,
          "ndcg@10": 0.4086750055303668,
          "ndcg@20": 0.43099316039887986,
          "mrr@5": 0.3483498354654501,
          "mrr@10": 0.3592330669560055,
          "mrr@20": 0.36526762454374
        }
      },
      "target_popularity_abs_legacy": {
        "<=5": {
          "count": 2082,
          "hit@5": 0.04418828049951969,
          "hit@10": 0.06532180595581172,
          "hit@20": 0.08549471661863593,
          "ndcg@5": 0.02781232256767958,
          "ndcg@10": 0.034660946524108865,
          "ndcg@20": 0.039761856090953784,
          "mrr@5": 0.02245437089035307,
          "mrr@10": 0.025289518778336725,
          "mrr@20": 0.02668851972213167
        },
        "6-20": {
          "count": 832,
          "hit@5": 0.3701923076923077,
          "hit@10": 0.43990384615384615,
          "hit@20": 0.5192307692307693,
          "ndcg@5": 0.26143850192714196,
          "ndcg@10": 0.2841377369343088,
          "ndcg@20": 0.30427667844252515,
          "mrr@5": 0.2253605774245583,
          "mrr@10": 0.23482142928808641,
          "mrr@20": 0.24039274892465284
        },
        "21-100": {
          "count": 606,
          "hit@5": 0.6056105610561056,
          "hit@10": 0.6617161716171617,
          "hit@20": 0.7227722772277227,
          "ndcg@5": 0.4540048427019182,
          "ndcg@10": 0.47232633824198944,
          "ndcg@20": 0.4878398144353341,
          "mrr@5": 0.4035203528433743,
          "mrr@10": 0.41118052382968834,
          "mrr@20": 0.41547619043034884
        },
        ">100": {
          "count": 101,
          "hit@5": 0.48514851485148514,
          "hit@10": 0.5643564356435643,
          "hit@20": 0.6534653465346535,
          "ndcg@5": 0.38271955658893775,
          "ndcg@10": 0.4086750055303668,
          "ndcg@20": 0.43099316039887986,
          "mrr@5": 0.3483498354654501,
          "mrr@10": 0.3592330669560055,
          "mrr@20": 0.36526762454374
        }
      },
      "session_len": {
        "<=7": {
          "count": 3391,
          "hit@5": 0.21616042465349455,
          "hit@10": 0.2544971984665291,
          "hit@20": 0.29489826010026543,
          "ndcg@5": 0.1569005374235588,
          "ndcg@10": 0.1693250660047669,
          "ndcg@20": 0.17956517389814822,
          "mrr@5": 0.13719158587343958,
          "mrr@10": 0.14233323077656673,
          "mrr@20": 0.14515786720272258
        },
        "8-12": {
          "count": 230,
          "hit@5": 0.36086956521739133,
          "hit@10": 0.4217391304347826,
          "hit@20": 0.4956521739130435,
          "ndcg@5": 0.24849555077760116,
          "ndcg@10": 0.2690927195808162,
          "ndcg@20": 0.287817882195763,
          "mrr@5": 0.2119565222574317,
          "mrr@10": 0.2210006908878036,
          "mrr@20": 0.2261414737481138
        }
      },
      "session_len_legacy": {
        "1-2": {
          "count": 2078,
          "hit@5": 0.17998075072184794,
          "hit@10": 0.20452358036573628,
          "hit@20": 0.23339749759384024,
          "ndcg@5": 0.13128384698228956,
          "ndcg@10": 0.1392783160044438,
          "ndcg@20": 0.14661475699090176,
          "mrr@5": 0.11502245775602321,
          "mrr@10": 0.11835422526051839,
          "mrr@20": 0.12038631087188771
        },
        "3-5": {
          "count": 1143,
          "hit@5": 0.2677165354330709,
          "hit@10": 0.32808398950131235,
          "hit@20": 0.38407699037620296,
          "ndcg@5": 0.1929161449534165,
          "ndcg@10": 0.2124683907286493,
          "ndcg@20": 0.22667272804811767,
          "mrr@5": 0.16813939961027077,
          "mrr@10": 0.17622623615429678,
          "mrr@20": 0.18015452930646722
        },
        "6-10": {
          "count": 400,
          "hit@5": 0.34,
          "hit@10": 0.4,
          "hit@20": 0.475,
          "ndcg@5": 0.23973177842795848,
          "ndcg@10": 0.2595022826641798,
          "ndcg@20": 0.2783780610188842,
          "mrr@5": 0.20691666711121798,
          "mrr@10": 0.21528869112953544,
          "mrr@20": 0.22040871414355934
        }
      }
    },
    "test": {
      "target_popularity_abs": {
        "cold_0": {
          "count": 1059,
          "hit@5": 0.0,
          "hit@10": 0.0,
          "hit@20": 0.0,
          "ndcg@5": 0.0,
          "ndcg@10": 0.0,
          "ndcg@20": 0.0,
          "mrr@5": 0.0,
          "mrr@10": 0.0,
          "mrr@20": 0.0
        },
        "rare_1_5": {
          "count": 1086,
          "hit@5": 0.07366482504604052,
          "hit@10": 0.10957642725598526,
          "hit@20": 0.15009208103130756,
          "ndcg@5": 0.05043842880875147,
          "ndcg@10": 0.06175011731203968,
          "ndcg@20": 0.07213695738361685,
          "mrr@5": 0.04266421130513618,
          "mrr@10": 0.04716156591175889,
          "mrr@20": 0.050087536505078745
        },
        "6_20": {
          "count": 802,
          "hit@5": 0.30174563591022446,
          "hit@10": 0.39650872817955113,
          "hit@20": 0.45760598503740646,
          "ndcg@5": 0.205493338721946,
          "ndcg@10": 0.23629618527140106,
          "ndcg@20": 0.25200559715380394,
          "mrr@5": 0.1739401503505552,
          "mrr@10": 0.1867484077718341,
          "mrr@20": 0.19119891335727865
        },
        "21_100": {
          "count": 507,
          "hit@5": 0.5325443786982249,
          "hit@10": 0.6074950690335306,
          "hit@20": 0.650887573964497,
          "ndcg@5": 0.39207035532364476,