{
  "split": "best_valid",
  "feature_mode": "none",
  "stages": [
    {
      "stage": "macro@1",
      "n_eff": 3.84423278561111,
      "cv_usage": 0.20129525661468506,
      "top1_max_frac": 0.9125944684050172,
      "entropy_mean": 1.3564137818150794,
      "route_jitter_adjacent": 0.0,
      "route_consistency_knn_js": 0.0015199136038990353,
      "route_consistency_knn_score": 0.9984812408798034,
      "route_consistency_group_knn_js": 0.0015199136038990353,
      "route_consistency_group_knn_score": 0.9984812408798034,
      "route_consistency_intra_group_knn_mean_js": 0.0,
      "route_consistency_intra_group_knn_mean_score": 1.0,
      "route_consistency_feature_group_knn_mean_score": 0.9965297525372522,
      "family_top_expert_mean_share": 0.33499446511268616,
      "route_consistency_feature_group_knn_tempo_js": 0.0027285592492630427,
      "route_consistency_feature_group_knn_tempo_score": 0.9972751598851302,
      "route_consistency_feature_group_knn_focus_js": 0.003709920647144999,
      "route_consistency_feature_group_knn_focus_score": 0.9962969526060905,
      "route_consistency_feature_group_knn_memory_js": 0.004222467034910365,
      "route_consistency_feature_group_knn_memory_score": 0.9957864350450328,
      "route_consistency_feature_group_knn_exposure_js": 0.0032447960486443393,
      "route_consistency_feature_group_knn_exposure_score": 0.9967604626127554
    }
  ]
}
