best_mrr20,epoch,epoch_time_sec,eval,lr,patience_used,train_loss,trial,valid_mrr20
0.3072,1,45.81591534614563,1,0.00056966,0,2163.21267414093,1,0.3072
0.358,3,44.91742920875549,1,0.00056966,0,1190.505190372467,1,0.358
0.3745,6,47.44262933731079,1,0.00056966,0,836.9663653373718,1,0.3745
0.3745,10,46.17580270767212,1,0.00056966,4,696.428174495697,1,0.368
0.3745,16,46.64241886138916,1,0.00056966,10,540.9202787876129,1,0.3465
