{
  "model": "FAME",
  "dataset": "amazon_beauty",
  "dataset_raw": "amazon_beauty",
  "max_evals": 8,
  "tune_epochs": 50,
  "n_completed": 8,
  "n_recorded_trials": 8,
  "timestamp": "2026-04-12T16:18:15.846084",
  "trials": [
    {
      "trial": 1,
      "params": {
        "learning_rate": 0.005569519590034218
      },
      "mrr@20": 0.0106,
      "valid_result": {
        "hit@5": 0.0177,
        "hit@10": 0.0177,
        "hit@20": 0.0177,
        "ndcg@5": 0.0123,
        "ndcg@10": 0.0123,
        "ndcg@20": 0.0123,
        "mrr@5": 0.0106,
        "mrr@10": 0.0106,
        "mrr@20": 0.0106
      },
      "test_result": {
        "hit@5": 0.0,
        "hit@10": 0.0,
        "hit@20": 0.0088,
        "ndcg@5": 0.0,
        "ndcg@10": 0.0,
        "ndcg@20": 0.0021,
        "mrr@5": 0.0,
        "mrr@10": 0.0,
        "mrr@20": 0.0005
      },
      "best_hr@10": 0.0177,
      "test_mrr@20": 0.0005,
      "test_hr@10": 0.0,
      "epochs_run": 11,
      "early_stop_epoch": 11,
      "early_stopped": true,
      "elapsed": 5.7,
      "status": "ok"
    },
    {
      "trial": 2,
      "params": {
        "learning_rate": 0.0051024969918395035
      },
      "mrr@20": 0.0059,
      "valid_result": {
        "hit@5": 0.0088,
        "hit@10": 0.0177,
        "hit@20": 0.0177,
        "ndcg@5": 0.0056,
        "ndcg@10": 0.0087,
        "ndcg@20": 0.0087,
        "mrr@5": 0.0044,
        "mrr@10": 0.0059,
        "mrr@20": 0.0059
      },
      "test_result": {
        "hit@5": 0.0,
        "hit@10": 0.0,
        "hit@20": 0.0,
        "ndcg@5": 0.0,
        "ndcg@10": 0.0,
        "ndcg@20": 0.0,
        "mrr@5": 0.0,
        "mrr@10": 0.0,
        "mrr@20": 0.0
      },
      "best_hr@10": 0.0177,
      "test_mrr@20": 0.0,
      "test_hr@10": 0.0,
      "epochs_run": 14,
      "early_stop_epoch": 14,
      "early_stopped": true,
      "elapsed": 7.2,
      "status": "ok"
    },
    {
      "trial": 3,
      "params": {
        "learning_rate": 0.004251984652595214
      },
      "mrr@20": 0.0144,
      "valid_result": {
        "hit@5": 0.0265,
        "hit@10": 0.0265,
        "hit@20": 0.0354,
        "ndcg@5": 0.0167,
        "ndcg@10": 0.0167,
        "ndcg@20": 0.0192,
        "mrr@5": 0.0136,
        "mrr@10": 0.0136,
        "mrr@20": 0.0144
      },
      "test_result": {
        "hit@5": 0.0088,
        "hit@10": 0.0088,
        "hit@20": 0.0175,
        "ndcg@5": 0.0044,
        "ndcg@10": 0.0044,
        "ndcg@20": 0.0065,
        "mrr@5": 0.0029,
        "mrr@10": 0.0029,
        "mrr@20": 0.0034
      },
      "best_hr@10": 0.0265,
      "test_mrr@20": 0.0034,
      "test_hr@10": 0.0088,
      "epochs_run": 15,
      "early_stop_epoch": 15,
      "early_stopped": true,
      "elapsed": 7.0,
      "status": "ok"
    },
    {
      "trial": 4,
      "params": {
        "learning_rate": 0.004887182363430171
      },
      "mrr@20": 0.0052,
      "valid_result": {
        "hit@5": 0.0177,
        "hit@10": 0.0177,
        "hit@20": 0.0177,
        "ndcg@5": 0.0082,
        "ndcg@10": 0.0082,
        "ndcg@20": 0.0082,
        "mrr@5": 0.0052,
        "mrr@10": 0.0052,
        "mrr@20": 0.0052
      },
      "test_result": {
        "hit@5": 0.0,
        "hit@10": 0.0,
        "hit@20": 0.0,
        "ndcg@5": 0.0,
        "ndcg@10": 0.0,
        "ndcg@20": 0.0,
        "mrr@5": 0.0,
        "mrr@10": 0.0,
        "mrr@20": 0.0
      },
      "best_hr@10": 0.0177,
      "test_mrr@20": 0.0,
      "test_hr@10": 0.0,
      "epochs_run": 10,
      "early_stop_epoch": 10,
      "early_stopped": true,
      "elapsed": 5.1,
      "status": "ok"
    },
    {
      "trial": 5,
      "params": {
        "learning_rate": 0.006230679959653862
      },
      "mrr@20": 0.0111,
      "valid_result": {
        "hit@5": 0.0177,
        "hit@10": 0.0177,
        "hit@20": 0.0177,
        "ndcg@5": 0.0127,
        "ndcg@10": 0.0127,
        "ndcg@20": 0.0127,
        "mrr@5": 0.0111,
        "mrr@10": 0.0111,
        "mrr@20": 0.0111
      },
      "test_result": {
        "hit@5": 0.0,
        "hit@10": 0.0088,
        "hit@20": 0.0175,
        "ndcg@5": 0.0,
        "ndcg@10": 0.0026,
        "ndcg@20": 0.0046,
        "mrr@5": 0.0,
        "mrr@10": 0.001,
        "mrr@20": 0.0014
      },
      "best_hr@10": 0.0177,
      "test_mrr@20": 0.0014,
      "test_hr@10": 0.0088,
      "epochs_run": 11,
      "early_stop_epoch": 11,
      "early_stopped": true,
      "elapsed": 5.3,
      "status": "ok"
    },
    {
      "trial": 6,
      "params": {
        "learning_rate": 0.005993297419595969
      },
      "mrr@20": 0.0133,
      "valid_result": {
        "hit@5": 0.0177,
        "hit@10": 0.0177,
        "hit@20": 0.0177,
        "ndcg@5": 0.0144,
        "ndcg@10": 0.0144,
        "ndcg@20": 0.0144,
        "mrr@5": 0.0133,
        "mrr@10": 0.0133,
        "mrr@20": 0.0133
      },
      "test_result": {
        "hit@5": 0.0,
        "hit@10": 0.0,
        "hit@20": 0.0,
        "ndcg@5": 0.0,
        "ndcg@10": 0.0,
        "ndcg@20": 0.0,
        "mrr@5": 0.0,
        "mrr@10": 0.0,
        "mrr@20": 0.0
      },
      "best_hr@10": 0.0177,
      "test_mrr@20": 0.0,
      "test_hr@10": 0.0,
      "epochs_run": 11,
      "early_stop_epoch": 11,
      "early_stopped": true,
      "elapsed": 5.4,
      "status": "ok"
    },
    {
      "trial": 7,
      "params": {
        "learning_rate": 0.004431192850639073
      },
      "mrr@20": 0.0074,
      "valid_result": {
        "hit@5": 0.0177,
        "hit@10": 0.0177,
        "hit@20": 0.0177,
        "ndcg@5": 0.01,
        "ndcg@10": 0.01,
        "ndcg@20": 0.01,
        "mrr@5": 0.0074,
        "mrr@10": 0.0074,
        "mrr@20": 0.0074
      },
      "test_result": {
        "hit@5": 0.0,
        "hit@10": 0.0,
        "hit@20": 0.0,
        "ndcg@5": 0.0,
        "ndcg@10": 0.0,
        "ndcg@20": 0.0,
        "mrr@5": 0.0,
        "mrr@10": 0.0,
        "mrr@20": 0.0
      },
      "best_hr@10": 0.0177,
      "test_mrr@20": 0.0,
      "test_hr@10": 0.0,
      "epochs_run": 9,
      "early_stop_epoch": 9,
      "early_stopped": true,
      "elapsed": 4.2,
      "status": "ok"
    },
    {
      "trial": 8,
      "params": {
        "learning_rate": 0.005643280454772283
      },
      "mrr@20": 0.0162,
      "valid_result": {
        "hit@5": 0.0265,
        "hit@10": 0.0265,
        "hit@20": 0.0265,
        "ndcg@5": 0.0189,
        "ndcg@10": 0.0189,
        "ndcg@20": 0.0189,
        "mrr@5": 0.0162,
        "mrr@10": 0.0162,
        "mrr@20": 0.0162
      },
      "test_result": {
        "hit@5": 0.0,
        "hit@10": 0.0175,
        "hit@20": 0.0175,
        "ndcg@5": 0.0,
        "ndcg@10": 0.0052,
        "ndcg@20": 0.0052,
        "mrr@5": 0.0,
        "mrr@10": 0.0019,
        "mrr@20": 0.0019
      },
      "best_hr@10": 0.0265,
      "test_mrr@20": 0.0019,
      "test_hr@10": 0.0175,
      "epochs_run": 13,
      "early_stop_epoch": 13,
      "early_stopped": true,
      "elapsed": 5.9,
      "status": "ok"
    }
  ],
  "run_group": "baseline",
  "run_axis": "stagei_progressiverecovery_anchor2_core5",
  "run_phase": "P24_I2_D04_MFAME_C05_I2_FAME_SHORT_HI_S1",
  "parent_result": "",
  "interrupted": false,
  "interrupted_at": null,
  "tuned_search": {
    "learning_rate": [
      0.004074173991842286,
      0.007471896487861536
    ]
  },
  "fixed_search": {
    "num_heads": 8,
    "num_experts": 2,
    "num_layers": 1,
    "weight_decay": 0.00012342000000000003,
    "hidden_dropout_prob": 0.11,
    "MAX_ITEM_LIST_LENGTH": 6,
    "n_layers": 1,
    "n_heads": 8,
    "dropout_ratio": 0.11,
    "dropout_prob": 0.11,
    "attn_dropout_prob": 0.11,
    "hidden_size": 208,
    "embedding_size": 208,
    "inner_size": 416,
    "time_span": 384,
    "state_size": 24,
    "conv_kernel": 6,
    "remaining_ratio": 0.6
  },
  "context_fixed": {
    "num_layers": 1,
    "search_space_type_overrides": {
      "learning_rate": "loguniform",
      "weight_decay": "choice",
      "n_layers": "choice",