stage_name,stage_key,split,aggregation_level,node_kind,node_name,route_space,support_size,wrapper_name,source_type,temperature,top_k,entropy_norm,n_eff_norm,top1_monopoly_norm,jitter_adj_norm,knn_consistency_score,knn_consistency_js,n_eff,cv_usage,top1_max_frac,entropy_mean
macro,macro@1,best_valid,session,final,final.expert,expert,16,ScalarGroupConditionalProductWrapper,,,,0.8655332821065223,0.5882898962151745,0.8643506245136443,0.0,0.986891426302762,0.013195249345446355,9.412638339442791,0.8365656733512878,0.8728287104815415,2.3997678166917265
macro,macro@1,best_valid,session,final,final.group,group,4,ScalarGroupConditionalProductWrapper,,,,0.8091424407901209,0.6742059525788197,0.9284084464316332,0.0,0.9935808242964367,0.006439867207717133,2.6968238103152786,0.69514487356811,0.946306334823725,1.1217096030101295
macro,macro@1,best_valid,session,final,final.intra.Exposure,intra,4,ScalarGroupConditionalProductWrapper,,,,0.9299625769272015,0.8782943729262034,0.864888748202957,0.0,0.9933302034914407,0.006692139003303399,3.5131774917048135,0.3722503185272217,0.8986665611522178,1.289201876446702
macro,macro@1,best_valid,session,final,final.intra.Focus,intra,4,ScalarGroupConditionalProductWrapper,,,,0.9296236101940786,0.9522566665622303,0.5012859573457841,0.0,0.9941772482842164,0.005839770028985681,3.809026666248921,0.22391287982463837,0.625964468009338,1.2887319687759664
macro,macro@1,best_valid,session,final,final.intra.Memory,intra,4,ScalarGroupConditionalProductWrapper,,,,0.9712645347354999,0.9717983430579494,0.7955657552856144,0.0,0.9985640836846478,0.0014369482311326184,3.8871933722317977,0.17035244405269623,0.8466743164642108,1.3464585476595576
macro,macro@1,best_valid,session,final,final.intra.Tempo,intra,4,ScalarGroupConditionalProductWrapper,,,,0.8440050341064973,0.8790519334492324,0.47575146071565183,0.0,0.9848448820048585,0.015271130409469669,3.5162077337969295,0.3709300458431244,0.6068135955367389,1.170039419538638
