best_mrr20,epoch,epoch_time_sec,eval,lr,patience_used,train_loss,trial,valid_mrr20
0.1785,1,45.65530967712402,1,0.00028483,0,2358.053512573242,1,0.1785
0.3001,3,50.43687438964844,1,0.00028483,0,1712.6851139068604,1,0.3001
0.3666,10,47.145254611968994,1,0.00028483,0,849.5900011062622,1,0.3666
0.3715,15,46.04643702507019,1,0.00028483,0,724.9281303882599,1,0.3715
0.3715,25,43.73128938674927,1,0.00028483,10,576.7896761894226,1,0.357
