stage_name,stage_key,split,aggregation_level,node_kind,node_name,route_space,support_size,wrapper_name,source_type,temperature,top_k,entropy_norm,n_eff_norm,top1_monopoly_norm,jitter_adj_norm,knn_consistency_score,knn_consistency_js,n_eff,cv_usage,top1_max_frac,entropy_mean
macro,macro@1,best_valid,session,final,final.expert,expert,12,FlatPlusGroupIntraResidualWrapper,,,,0.886673910099589,0.9725951919563812,0.08940684455655361,0.6266401007224144,0.9875079401160699,0.01257074161531754,11.671142303476575,0.16785985476196244,0.16528960751017413,2.203301895399996
macro,macro@1,best_valid,session,final,final.group,group,4,FlatPlusGroupIntraResidualWrapper,,,,0.8834324445536827,0.9812083216997769,0.17246687115603612,0.0,0.9939852026525958,0.006032959103779189,3.9248332867991076,0.13838933408260345,0.3793501533670271,1.2246974163151307
macro,macro@1,best_valid,session,final,final.intra.Exposure,intra,3,FlatPlusGroupIntraResidualWrapper,,,,0.8608347359886785,0.9637877375746111,0.2832793024988422,0.0,0.993532147912113,0.0064888592731046696,2.8913632127238333,0.1938376244209781,0.5221862016658948,0.9457236194695302
macro,macro@1,best_valid,session,final,final.intra.Focus,intra,3,FlatPlusGroupIntraResidualWrapper,,,,0.9433607076434278,0.9960169038699332,0.059474189369685064,0.0,0.995910917785337,0.004097465372093116,2.9880507116098,0.06323775274343035,0.37298279291312336,1.036387666063714
macro,macro@1,best_valid,session,final,final.intra.Memory,intra,3,FlatPlusGroupIntraResidualWrapper,,,,0.9017067167173208,0.993849726903658,0.09462107940854698,0.0,0.993695788808004,0.006324166644506644,2.981549180710974,0.07866655759016022,0.3964140529390313,0.9906260797602228
macro,macro@1,best_valid,session,final,final.intra.Tempo,intra,3,FlatPlusGroupIntraResidualWrapper,,,,0.9070609937716212,0.9948065210130234,0.09750719851801141,0.0,0.9929865133226553,0.007038196778789074,2.98441956303907,0.07225328282257072,0.39833813234534093,0.9965083543290109
