{
  "model": "BSARec",
  "dataset": "foursquare",
  "dataset_raw": "foursquare",
  "max_evals": 6,
  "tune_epochs": 44,
  "n_completed": 6,
  "n_recorded_trials": 6,
  "timestamp": "2026-04-07T15:20:00.421397",
  "trials": [
    {
      "trial": 1,
      "params": {
        "learning_rate": 0.00030401747957910333
      },
      "mrr@20": 0.0609,
      "valid_result": {
        "hit@5": 0.0788,
        "hit@10": 0.0922,
        "hit@20": 0.1014,
        "ndcg@5": 0.0636,
        "ndcg@10": 0.0679,
        "ndcg@20": 0.0702,
        "mrr@5": 0.0585,
        "mrr@10": 0.0603,
        "mrr@20": 0.0609
      },
      "test_result": {
        "hit@5": 0.0696,
        "hit@10": 0.0809,
        "hit@20": 0.0917,
        "ndcg@5": 0.0551,
        "ndcg@10": 0.0588,
        "ndcg@20": 0.0615,
        "mrr@5": 0.0502,
        "mrr@10": 0.0518,
        "mrr@20": 0.0525
      },
      "best_hr@10": 0.0922,
      "test_mrr@20": 0.0525,
      "test_hr@10": 0.0809,
      "epochs_run": 44,
      "early_stop_epoch": 44,
      "early_stopped": false,
      "elapsed": 89.7,
      "status": "ok"
    },
    {
      "trial": 2,
      "params": {
        "learning_rate": 0.0002856580767666994
      },
      "mrr@20": 0.0592,
      "valid_result": {
        "hit@5": 0.077,
        "hit@10": 0.0896,
        "hit@20": 0.0978,
        "ndcg@5": 0.062,
        "ndcg@10": 0.066,
        "ndcg@20": 0.0681,
        "mrr@5": 0.057,
        "mrr@10": 0.0587,
        "mrr@20": 0.0592
      },
      "test_result": {
        "hit@5": 0.0683,
        "hit@10": 0.0772,
        "hit@20": 0.0875,
        "ndcg@5": 0.0548,
        "ndcg@10": 0.0577,
        "ndcg@20": 0.0603,
        "mrr@5": 0.0503,
        "mrr@10": 0.0516,
        "mrr@20": 0.0522
      },
      "best_hr@10": 0.0896,
      "test_mrr@20": 0.0522,
      "test_hr@10": 0.0772,
      "epochs_run": 44,
      "early_stop_epoch": 44,
      "early_stopped": false,
      "elapsed": 89.2,
      "status": "ok"
    },
    {
      "trial": 3,
      "params": {
        "learning_rate": 0.00036580615158246407
      },
      "mrr@20": 0.0667,
      "valid_result": {
        "hit@5": 0.0878,
        "hit@10": 0.1017,
        "hit@20": 0.1117,
        "ndcg@5": 0.0699,
        "ndcg@10": 0.0746,
        "ndcg@20": 0.0772,
        "mrr@5": 0.064,
        "mrr@10": 0.066,
        "mrr@20": 0.0667
      },
      "test_result": {
        "hit@5": 0.0804,
        "hit@10": 0.0941,
        "hit@20": 0.1059,
        "ndcg@5": 0.0633,
        "ndcg@10": 0.0677,
        "ndcg@20": 0.0707,
        "mrr@5": 0.0576,
        "mrr@10": 0.0594,
        "mrr@20": 0.0602
      },
      "best_hr@10": 0.1017,
      "test_mrr@20": 0.0602,
      "test_hr@10": 0.0941,
      "epochs_run": 44,
      "early_stop_epoch": 44,
      "early_stopped": false,
      "elapsed": 92.7,
      "status": "ok"
    },
    {
      "trial": 4,
      "params": {
        "learning_rate": 0.0007243675344431748
      },
      "mrr@20": 0.0854,
      "valid_result": {
        "hit@5": 0.1138,
        "hit@10": 0.1309,
        "hit@20": 0.148,
        "ndcg@5": 0.0898,
        "ndcg@10": 0.0953,
        "ndcg@20": 0.0997,
        "mrr@5": 0.0819,
        "mrr@10": 0.0841,
        "mrr@20": 0.0854
      },
      "test_result": {
        "hit@5": 0.1096,
        "hit@10": 0.129,
        "hit@20": 0.149,
        "ndcg@5": 0.0835,
        "ndcg@10": 0.0898,
        "ndcg@20": 0.0949,
        "mrr@5": 0.0748,
        "mrr@10": 0.0774,
        "mrr@20": 0.0788
      },
      "best_hr@10": 0.1309,
      "test_mrr@20": 0.0788,
      "test_hr@10": 0.129,
      "epochs_run": 44,
      "early_stop_epoch": 44,
      "early_stopped": false,
      "elapsed": 89.6,
      "status": "ok"
    },
    {
      "trial": 5,
      "params": {
        "learning_rate": 0.0006459305885965498
      },
      "mrr@20": 0.0829,
      "valid_result": {
        "hit@5": 0.1114,
        "hit@10": 0.1288,
        "hit@20": 0.1435,
        "ndcg@5": 0.0875,
        "ndcg@10": 0.0932,
        "ndcg@20": 0.0969,
        "mrr@5": 0.0795,
        "mrr@10": 0.0819,
        "mrr@20": 0.0829
      },
      "test_result": {
        "hit@5": 0.1085,
        "hit@10": 0.123,
        "hit@20": 0.1395,
        "ndcg@5": 0.0838,
        "ndcg@10": 0.0885,
        "ndcg@20": 0.0927,
        "mrr@5": 0.0756,
        "mrr@10": 0.0775,
        "mrr@20": 0.0787
      },
      "best_hr@10": 0.1288,
      "test_mrr@20": 0.0787,
      "test_hr@10": 0.123,
      "epochs_run": 44,
      "early_stop_epoch": 44,
      "early_stopped": false,
      "elapsed": 75.0,
      "status": "ok"
    },
    {
      "trial": 6,
      "params": {
        "learning_rate": 0.0003566045966930657
      },
      "mrr@20": 0.0658,
      "valid_result": {
        "hit@5": 0.0862,
        "hit@10": 0.1012,
        "hit@20": 0.1106,
        "ndcg@5": 0.0688,
        "ndcg@10": 0.0738,
        "ndcg@20": 0.0762,
        "mrr@5": 0.063,
        "mrr@10": 0.0651,
        "mrr@20": 0.0658
      },
      "test_result": {
        "hit@5": 0.077,
        "hit@10": 0.0893,
        "hit@20": 0.1027,
        "ndcg@5": 0.061,
        "ndcg@10": 0.065,
        "ndcg@20": 0.0684,
        "mrr@5": 0.0558,
        "mrr@10": 0.0574,
        "mrr@20": 0.0583
      },
      "best_hr@10": 0.1012,
      "test_mrr@20": 0.0583,
      "test_hr@10": 0.0893,
      "epochs_run": 44,
      "early_stop_epoch": 44,
      "early_stopped": false,
      "elapsed": 91.6,
      "status": "ok"
    }
  ],
  "run_group": "baseline",
  "run_axis": "stageg_cross6x9_anchor2_core5",
  "run_phase": "P22_SG_D03_M06_C02_BSAREC_FAD_H3_R2_S1",
  "parent_result": "",
  "interrupted": false,
  "interrupted_at": null,
  "tuned_search": {
    "learning_rate": [
      0.0002124921992037213,
      0.0008376889257459517
    ]
  },
  "fixed_search": {
    "num_layers": 3,
    "num_heads": 4,
    "weight_decay": 0.0002,
    "hidden_dropout_prob": 0.15,
    "MAX_ITEM_LIST_LENGTH": 5,
    "n_layers": 3,
    "n_heads": 4,
    "dropout_ratio": 0.15,
    "dropout_prob": 0.15,
    "attn_dropout_prob": 0.15,
    "hidden_size": 160,
    "embedding_size": 160,
    "inner_size": 320,
    "time_span": 512,
    "num_experts": 8,
    "state_size": 32,
    "conv_kernel": 8,
    "remaining_ratio": 0.7
  },
  "context_fixed": {
    "num_layers": 3,
    "search_space_type_overrides": {
      "learning_rate": "loguniform",
      "weight_decay": "choice",
      "n_layers": "choice",
      "num_layers": "choice",
      "n_heads": "choice",
      "num_heads": "choice",
      "dropout_ratio": "choice",
      "dropout_prob": "choice",
      "hidden_dropout_prob": "choice",
      "attn_dropout_prob": "choice",
      "hidden_size": "choice",
      "embedding_size": "choice",
      "inner_size": "choice",
      "time_span": "choice",
      "num_experts": "choice",
      "state_size": "choice",
      "conv_kernel": "choice",
      "remaining_ratio": "choice",
      "MAX_ITEM_LIST_LENGTH": "choice"
    }
  },
  "best_params": {
    "learning_rate": 0.0007243675344431748
  },
  "best_mrr@20": 0.0854,
  "best_hr@10": 0.1309,
  "test_mrr@20": 0.0788,
  "test_hr@10": 0.129,
  "best_valid_result": {
    "hit@5": 0.1138,
    "hit@10": 0.1309,
    "hit@20": 0.148,
    "ndcg@5": 0.0898,
    "ndcg@10": 0.0953,
    "ndcg@20": 0.0997,
    "mrr@5": 0.0819,
    "mrr@10": 0.0841,
    "mrr@20": 0.0854
  },
  "test_result": {
    "hit@5": 0.1096,
    "hit@10": 0.129,
    "hit@20": 0.149,
    "ndcg@5": 0.0835,
    "ndcg@10": 0.0898,
    "ndcg@20": 0.0949,
    "mrr@5": 0.0748,
    "mrr@10": 0.0774,
    "mrr@20": 0.0788
  },
  "best_valid_special_metrics": {
    "split": "best_valid",
    "overall": {
      "count": 3805,
      "hit@20": 0.14796320630749016,
      "ndcg@20": 0.09969001655196391,
      "mrr@20": 0.0853558531620891
    },
    "slices": {
      "target_popularity_abs": {
        "rare_1_5": {
          "count": 3436,
          "hit@20": 0.12136204889406287,
          "ndcg@20": 0.07823388930301728,
          "mrr@20": 0.06557107338631944
        },