{
  "split": "best_valid",
  "feature_mode": "none",
  "stages": [
    {
      "stage": "macro@1",
      "n_eff": 2.669318396246678,
      "cv_usage": 0.706052303314209,
      "top1_max_frac": 0.5384385282680227,
      "entropy_mean": 0.6151294303161456,
      "route_jitter_adjacent": 0.37812960235640647,
      "route_consistency_knn_js": 0.07347408702308862,
      "route_consistency_knn_score": 0.9291602227869648,
      "route_consistency_group_knn_js": 0.07347408702308862,
      "route_consistency_group_knn_score": 0.9291602227869648,
      "route_consistency_intra_group_knn_mean_js": 0.0,
      "route_consistency_intra_group_knn_mean_score": 1.0,
      "route_consistency_feature_group_knn_mean_score": 0.8530806970723002,
      "family_top_expert_mean_share": 0.45957034826278687,
      "route_consistency_feature_group_knn_tempo_js": 0.09050513454601525,
      "route_consistency_feature_group_knn_tempo_score": 0.9134696436369929,
      "route_consistency_feature_group_knn_focus_js": 0.1826627935138806,
      "route_consistency_feature_group_knn_focus_score": 0.8330490179122514,
      "route_consistency_feature_group_knn_memory_js": 0.18571700928123755,
      "route_consistency_feature_group_knn_memory_score": 0.8305085879521926,
      "route_consistency_feature_group_knn_exposure_js": 0.1799696780848161,
      "route_consistency_feature_group_knn_exposure_score": 0.8352955387877634
    }
  ]
}
