cv_usage,entropy_mean,family_top_expert_mean_share,n_eff,route_consistency_feature_group_knn_exposure_js,route_consistency_feature_group_knn_exposure_score,route_consistency_feature_group_knn_focus_js,route_consistency_feature_group_knn_focus_score,route_consistency_feature_group_knn_mean_score,route_consistency_feature_group_knn_memory_js,route_consistency_feature_group_knn_memory_score,route_consistency_feature_group_knn_tempo_js,route_consistency_feature_group_knn_tempo_score,route_consistency_group_knn_js,route_consistency_group_knn_score,route_consistency_intra_group_knn_mean_js,route_consistency_intra_group_knn_mean_score,route_consistency_knn_js,route_consistency_knn_score,route_jitter_adjacent,stage,top1_max_frac
0.2256328694333771,2.073933039589612,0.11904989182949066,11.41867269592773,0.03648060762984712,0.9641767913882605,0.04262586703978726,0.9582698433414291,0.9613192087360413,0.044201897717271635,0.9567607701561942,0.034519573586078,0.966069430058281,0.012868822931796964,0.9872136263161478,0.013049730085935542,0.9870395175111715,0.02522931512124767,0.9750862843591849,0.0,macro@1,0.26227663339799134
0.4633253078661767,1.5616537865386315,0.1798228919506073,9.879222800707707,0.060931382642743656,0.9408877987952778,0.06522683356420746,0.9368549291306444,0.93997044180827,0.0655504702188868,0.9365517775935813,0.05594910353612349,0.9455872617135767,0.014405858836705395,0.9856974090653647,0.020721657958553033,0.9795321918794547,0.033009041588578404,0.9675298115429907,0.517576305785427,micro@1,0.2667713723831961
0.5424991982430458,1.9368376363635347,0.211751788854599,9.271382063737375,0.042128183137426826,0.9587468775128452,0.03249199026641033,0.9680302034642903,0.9639149665818887,0.03872520841505261,0.9620150264624813,0.033693546874381954,0.9668677588879382,0.0070099125217268545,0.9930145996056554,0.011190297237573487,0.9888817135961303,0.02008383387623001,0.9801165028968766,0.0,mid@1,0.412932050912036
