best_mrr20,epoch,epoch_time_sec,eval,lr,patience_used,train_loss,trial,valid_mrr20
0.2783,1,54.151468992233276,1,0.0007027447529322896,0,2169.107865333557,1,0.2783
0.3485,3,53.294464111328125,1,0.0007014717383189401,0,1142.0737843513489,1,0.3485
0.3707,5,55.57618522644043,1,0.0006989308350727865,0,868.9044787883759,1,0.3707
0.3707,10,54.485920667648315,1,0.0006871111550250616,5,656.2663331031799,1,0.3625
0.3707,15,53.930097341537476,1,0.0006677418964906031,10,493.88275480270386,1,0.3424
