best_mrr20,epoch,epoch_time_sec,eval,lr,patience_used,train_loss,trial,valid_mrr20
0.004,1,2.9473400115966797,1,0.0005672,0,80.56579065322876,1,0.004
0.0106,3,2.008249282836914,1,0.0005672,0,74.4649920463562,1,0.0106
0.0543,10,2.0066213607788086,1,0.0005672,0,58.3838996887207,1,0.0543
0.0878,37,2.131373405456543,1,0.0005672,0,30.30273723602295,1,0.0878
0.0878,47,1.812218189239502,1,0.0005672,10,23.831408262252808,1,0.0857
