{
  "split": "best_valid",
  "feature_mode": "none",
  "stages": [
    {
      "stage": "macro@1",
      "n_eff": 3.9842948088467924,
      "cv_usage": 0.06278431415557861,
      "top1_max_frac": 0.4196365410415904,
      "entropy_mean": 1.3688643432125869,
      "route_jitter_adjacent": 0.0,
      "route_consistency_knn_js": 0.001696622977822514,
      "route_consistency_knn_score": 0.9983048154733238,
      "route_consistency_group_knn_js": 0.001696622977822514,
      "route_consistency_group_knn_score": 0.9983048154733238,
      "route_consistency_intra_group_knn_mean_js": 0.0,
      "route_consistency_intra_group_knn_mean_score": 1.0,
      "route_consistency_feature_group_knn_mean_score": 0.9956953916284492,
      "family_top_expert_mean_share": 0.26856517791748047,
      "route_consistency_feature_group_knn_tempo_js": 0.005039398986188926,
      "route_consistency_feature_group_knn_tempo_score": 0.9949732774820157,
      "route_consistency_feature_group_knn_focus_js": 0.002523308828427547,
      "route_consistency_feature_group_knn_focus_score": 0.9974798720392946,
      "route_consistency_feature_group_knn_memory_js": 0.00508901813885476,
      "route_consistency_feature_group_knn_memory_score": 0.9949239089758838,
      "route_consistency_feature_group_knn_exposure_js": 0.00460608371862871,
      "route_consistency_feature_group_knn_exposure_score": 0.995404508016603
    }
  ]
}
