{
  "split": "best_valid",
  "feature_mode": "runtime:unknown|ablation:none",
  "stages": [
    {
      "stage": "macro@1",
      "n_eff": 15.580345540813836,
      "cv_usage": 0.5326055704571326,
      "top1_max_frac": 0.24500455031060817,
      "entropy_mean": 2.5417157143987654,
      "route_jitter_adjacent": 0.8513823826582162,
      "route_consistency_knn_js": 0.037653253363963364,
      "route_consistency_knn_score": 0.9630468162466554,
      "route_consistency_group_knn_js": 0.008170550603395055,
      "route_consistency_group_knn_score": 0.9918627376224461,
      "route_consistency_intra_group_knn_mean_js": 0.029545901468325496,
      "route_consistency_intra_group_knn_mean_score": 0.9708995691188913,
      "route_consistency_feature_group_knn_mean_score": 0.9544872042474002,
      "family_top_expert_mean_share": 0.11499848961830139,
      "route_consistency_feature_group_knn_tempo_js": 0.04706358275913654,
      "route_consistency_feature_group_knn_tempo_score": 0.9540267360097108,
      "route_consistency_feature_group_knn_focus_js": 0.04741158257828129,
      "route_consistency_feature_group_knn_focus_score": 0.9536947926395865,
      "route_consistency_feature_group_knn_memory_js": 0.047941314182679426,
      "route_consistency_feature_group_knn_memory_score": 0.9531897241541557,
      "route_consistency_feature_group_knn_exposure_js": 0.043912636276380305,
      "route_consistency_feature_group_knn_exposure_score": 0.9570375641861478
    }
  ]
}
