stage_name,stage_key,split,aggregation_level,node_kind,node_name,route_space,support_size,wrapper_name,source_type,temperature,top_k,entropy_norm,n_eff_norm,top1_monopoly_norm,jitter_adj_norm,knn_consistency_score,knn_consistency_js,n_eff,cv_usage,top1_max_frac,entropy_mean
macro,macro@1,best_valid,session,final,final.expert,expert,16,ScalarGroupConditionalProductWrapper,,,,0.9642226050024268,0.8353048238344544,0.9273395025429936,0.0,0.9970216040496351,0.002982840198263782,13.36487718135127,0.44403567910194397,0.9318807836340565,2.673392720358392
macro,macro@1,best_valid,session,final,final.group,group,4,ScalarGroupConditionalProductWrapper,,,,0.9779191641171692,0.9503142221639176,0.9376063879174276,0.0,0.9992719320794178,0.0007283330907464971,3.8012568886556704,0.2286558747291565,0.9532047909380706,1.3556838228467085
macro,macro@1,best_valid,session,final,final.intra.Exposure,intra,4,ScalarGroupConditionalProductWrapper,,,,0.8887842209580785,0.7847199128077345,0.9377301847667977,0.0,0.9963531415162951,0.0036535244836789025,3.138879651230938,0.5237747430801392,0.9532976385750983,1.232116553766519
macro,macro@1,best_valid,session,final,final.intra.Focus,intra,4,ScalarGroupConditionalProductWrapper,,,,0.9952977139893026,0.9932742164086764,0.798788854156995,0.0,0.9998145361539374,0.00018548104660842316,3.9730968656347057,0.08228802680969238,0.8490916406177462,1.3797756085388877
macro,macro@1,best_valid,session,final,final.intra.Memory,intra,4,ScalarGroupConditionalProductWrapper,,,,0.9891537663604045,0.9963784718980584,0.6470551824456067,0.0,0.9980625706753649,0.0019393085684894767,3.9855138875922336,0.06028887629508972,0.735291386834205,1.3712582885859306
macro,macro@1,best_valid,session,final,final.intra.Tempo,intra,4,ScalarGroupConditionalProductWrapper,,,,0.9661300961522434,0.9700627580951235,0.38283144027317845,0.0,0.9973369678786186,0.0026665842991984347,3.880251032380494,0.17567318677902222,0.5371235802048838,1.3393407044040728
