{
  "split": "best_valid",
  "feature_mode": "none",
  "stages": [
    {
      "stage": "macro@1",
      "n_eff": 11.463205110718484,
      "cv_usage": 0.21639665760974036,
      "top1_max_frac": 0.7673766816143498,
      "entropy_mean": 2.3996702459360986,
      "route_jitter_adjacent": 0.0,
      "route_consistency_knn_js": 0.0028314869939995726,
      "route_consistency_knn_score": 0.9971725178844868,
      "route_consistency_group_knn_js": 0.0020031735087125495,
      "route_consistency_group_knn_score": 0.9979988315043207,
      "route_consistency_intra_group_knn_mean_js": 0.0013271756150850362,
      "route_consistency_intra_group_knn_mean_score": 0.9986744884229355,
      "route_consistency_feature_group_knn_mean_score": 0.9943173517456005,
      "family_top_expert_mean_share": 0.11911177635192871,
      "route_consistency_feature_group_knn_tempo_js": 0.005575607077736984,
      "route_consistency_feature_group_knn_tempo_score": 0.9944399077711126,
      "route_consistency_feature_group_knn_focus_js": 0.00347901759535502,
      "route_consistency_feature_group_knn_focus_score": 0.9965270271743741,
      "route_consistency_feature_group_knn_memory_js": 0.0072399965313633095,
      "route_consistency_feature_group_knn_memory_score": 0.9927861491073617,
      "route_consistency_feature_group_knn_exposure_js": 0.0065047874024800325,
      "route_consistency_feature_group_knn_exposure_score": 0.993516322929554
    }
  ]
}
