cv_usage,entropy_mean,family_top_expert_mean_share,n_eff,route_consistency_feature_group_knn_exposure_js,route_consistency_feature_group_knn_exposure_score,route_consistency_feature_group_knn_focus_js,route_consistency_feature_group_knn_focus_score,route_consistency_feature_group_knn_mean_score,route_consistency_feature_group_knn_memory_js,route_consistency_feature_group_knn_memory_score,route_consistency_feature_group_knn_tempo_js,route_consistency_feature_group_knn_tempo_score,route_consistency_group_knn_js,route_consistency_group_knn_score,route_consistency_intra_group_knn_mean_js,route_consistency_intra_group_knn_mean_score,route_consistency_knn_js,route_consistency_knn_score,route_jitter_adjacent,stage,top1_max_frac
0.49138961681065657,1.6075959781426816,0.15080049633979797,9.66600986811024,0.09068337691923553,0.9133068391496065,0.10011690577451743,0.9047316434997392,0.907953216649927,0.10757867171224816,0.8980058720121834,0.08799166247082828,0.915768511938179,0.029316946974937867,0.9711086257436403,0.07699897846185509,0.9259316250656957,0.06907493120934552,0.933256747401452,0.0,macro@1,0.18416572140672577
0.7195664924124773,1.4697716734051396,0.21464788913726807,7.906305570982531,0.0496087897887028,0.951601627965016,0.05718787803748484,0.9444166175567218,0.9471626671557448,0.059717091733937425,0.9420310042470835,0.050660422215336745,0.9506014188541577,0.009376583166762712,0.9906672399119724,0.03912987092157298,0.9616984102243953,0.032132184805356276,0.9683785686860583,0.5186299795865981,micro@1,0.3564782187499301
0.39483425334589917,1.7012864667931302,0.14701992273330688,10.381573609286862,0.1239854406124743,0.8833927024458147,0.0982392144463471,0.9064320461771449,0.8926709123199552,0.12028949327731923,0.8866637163744104,0.11183120070061574,0.894195184282451,0.03169877807913334,0.9687983614351863,0.09629143617882595,0.9087352658054367,0.07454213436680575,0.9281683654487136,0.0,mid@1,0.26801754939402683
