{
  "valid": {
    "count": 3599,
    "hit@5": 0.3042511808835788,
    "hit@10": 0.32925812725757153,
    "hit@20": 0.34981939427618786,
    "ndcg@5": 0.27623993101203465,
    "ndcg@10": 0.284258989136429,
    "ndcg@20": 0.2893980834162146,
    "mrr@5": 0.2668472725580255,
    "mrr@10": 0.27011736087805366,
    "mrr@20": 0.2714974521342318
  },
  "test": {
    "count": 3439,
    "hit@5": 0.28380343123000873,
    "hit@10": 0.30619366094795,
    "hit@20": 0.330619366094795,
    "ndcg@5": 0.2530667353903495,
    "ndcg@10": 0.26046640184356157,
    "ndcg@20": 0.26661125683410114,
    "mrr@5": 0.24277890881988745,
    "mrr@10": 0.24592708781313918,
    "mrr@20": 0.24759792251711185
  },
  "slice_metrics": {
    "valid": {
      "target_popularity_abs": {
        "cold_0": {
          "count": 491,
          "hit@5": 0.0,
          "hit@10": 0.0,
          "hit@20": 0.0,
          "ndcg@5": 0.0,
          "ndcg@10": 0.0,
          "ndcg@20": 0.0,
          "mrr@5": 0.0,
          "mrr@10": 0.0,
          "mrr@20": 0.0
        },
        "rare_1_5": {
          "count": 1462,
          "hit@5": 0.32694938440492477,
          "hit@10": 0.34746922024623805,
          "hit@20": 0.35841313269493846,
          "ndcg@5": 0.2946583000400324,
          "ndcg@10": 0.30127598308587367,
          "ndcg@20": 0.30406026285340454,
          "mrr@5": 0.28376653001588936,
          "mrr@10": 0.28648757973301103,
          "mrr@20": 0.28725937408396385
        },
        "6_20": {
          "count": 1086,
          "hit@5": 0.3839779005524862,
          "hit@10": 0.4116022099447514,
          "hit@20": 0.4447513812154696,
          "ndcg@5": 0.3519285902737693,
          "ndcg@10": 0.3608604013974715,
          "ndcg@20": 0.369091352046524,
          "mrr@5": 0.3412062616994807,
          "mrr@10": 0.344890964637694,
          "mrr@20": 0.34707784292186933
        },
        "21_100": {
          "count": 534,
          "hit@5": 0.3595505617977528,
          "hit@10": 0.4101123595505618,
          "hit@20": 0.449438202247191,
          "ndcg@5": 0.33003068584181394,
          "ndcg@10": 0.34596136999264193,
          "ndcg@20": 0.35579425760645994,
          "mrr@5": 0.3201935084236695,
          "mrr@10": 0.32652265067850605,
          "mrr@20": 0.3291595040817051
        },
        "101+": {
          "count": 26,
          "hit@5": 0.3076923076923077,
          "hit@10": 0.4230769230769231,
          "hit@20": 0.46153846153846156,
          "ndcg@5": 0.19100929911320025,
          "ndcg@10": 0.22864796679753524,
          "ndcg@20": 0.23770215534246886,
          "mrr@5": 0.1532051288164579,
          "mrr@10": 0.16895604506134987,
          "mrr@20": 0.17109279721402204
        }
      },
      "target_popularity_abs_legacy": {
        "<=5": {
          "count": 1953,
          "hit@5": 0.24475166410650281,
          "hit@10": 0.2601126472094214,
          "hit@20": 0.268305171530978,
          "ndcg@5": 0.22057881958961975,
          "ndcg@10": 0.22553276357990135,
          "ndcg@20": 0.22761705288872375,
          "mrr@5": 0.21242532866524844,
          "mrr@10": 0.21446228446987306,
          "mrr@20": 0.2150400434770892
        },
        "6-20": {
          "count": 1086,
          "hit@5": 0.3839779005524862,
          "hit@10": 0.4116022099447514,
          "hit@20": 0.4447513812154696,
          "ndcg@5": 0.3519285902737693,
          "ndcg@10": 0.3608604013974715,
          "ndcg@20": 0.369091352046524,
          "mrr@5": 0.3412062616994807,
          "mrr@10": 0.344890964637694,
          "mrr@20": 0.34707784292186933
        },
        "21-100": {
          "count": 534,
          "hit@5": 0.3595505617977528,
          "hit@10": 0.4101123595505618,
          "hit@20": 0.449438202247191,
          "ndcg@5": 0.33003068584181394,
          "ndcg@10": 0.34596136999264193,
          "ndcg@20": 0.35579425760645994,
          "mrr@5": 0.3201935084236695,
          "mrr@10": 0.32652265067850605,
          "mrr@20": 0.3291595040817051
        },
        ">100": {
          "count": 26,
          "hit@5": 0.3076923076923077,
          "hit@10": 0.4230769230769231,
          "hit@20": 0.46153846153846156,
          "ndcg@5": 0.19100929911320025,
          "ndcg@10": 0.22864796679753524,
          "ndcg@20": 0.23770215534246886,
          "mrr@5": 0.1532051288164579,
          "mrr@10": 0.16895604506134987,
          "mrr@20": 0.17109279721402204
        }
      },
      "session_len": {
        "<=7": {
          "count": 1330,
          "hit@5": 0.2789473684210526,
          "hit@10": 0.29849624060150376,
          "hit@20": 0.31278195488721805,
          "ndcg@5": 0.25553898804618,
          "ndcg@10": 0.26182957562736997,
          "ndcg@20": 0.2654520694922684,
          "mrr@5": 0.24766917308246283,
          "mrr@10": 0.2502476431261328,
          "mrr@20": 0.25124604352434776
        },
        "8-12": {
          "count": 2269,
          "hit@5": 0.31908329660643453,
          "hit@10": 0.3472895548699868,
          "hit@20": 0.371529308065227,
          "ndcg@5": 0.28837402274609664,
          "ndcg@10": 0.2974062434189537,
          "ndcg@20": 0.3034343101763946,
          "mrr@5": 0.2780887323652085,
          "mrr@10": 0.28176422055635014,
          "mrr@20": 0.2833680442237628
        }
      },
      "session_len_legacy": {
        "1-2": {
          "count": 155,
          "hit@5": 0.05806451612903226,
          "hit@10": 0.07096774193548387,
          "hit@20": 0.07096774193548387,
          "ndcg@5": 0.04769541486617058,
          "ndcg@10": 0.05188120988107497,
          "ndcg@20": 0.05188120988107497,
          "mrr@5": 0.04408602156946736,
          "mrr@10": 0.04581413220974707,
          "mrr@20": 0.04581413220974707
        },
        "3-5": {
          "count": 735,
          "hit@5": 0.2816326530612245,
          "hit@10": 0.2965986394557823,
          "hit@20": 0.3115646258503401,
          "ndcg@5": 0.25288807806514557,
          "ndcg@10": 0.25764608322357646,
          "ndcg@20": 0.26143320934707615,
          "mrr@5": 0.24328798203646732,
          "mrr@10": 0.2452051616546248,
          "mrr@20": 0.24624614381060309
        },
        "6-10": {
          "count": 2709,
          "hit@5": 0.32447397563676633,
          "hit@10": 0.35289774824658543,
          "hit@20": 0.37615356220007384,
          "ndcg@5": 0.2956522646844497,
          "ndcg@10": 0.3047754312296466,
          "ndcg@20": 0.31057538051431843,
          "mrr@5": 0.2859849884814554,
          "mrr@10": 0.289710371905299,
          "mrr@20": 0.29126143375333935
        }
      }
    },
    "test": {
      "target_popularity_abs": {
        "cold_0": {
          "count": 685,
          "hit@5": 0.0,
          "hit@10": 0.0,
          "hit@20": 0.0,
          "ndcg@5": 0.0,
          "ndcg@10": 0.0,
          "ndcg@20": 0.0,
          "mrr@5": 0.0,
          "mrr@10": 0.0,
          "mrr@20": 0.0
        },
        "rare_1_5": {
          "count": 1333,
          "hit@5": 0.32408102025506375,
          "hit@10": 0.3435858964741185,
          "hit@20": 0.3668417104276069,
          "ndcg@5": 0.2902867063175711,
          "ndcg@10": 0.296788104498914,
          "ndcg@20": 0.302674422352187,
          "mrr@5": 0.2789322333794649,
          "mrr@10": 0.2817302543812467,
          "mrr@20": 0.28335105960061024
        },
        "6_20": {
          "count": 964,
          "hit@5": 0.3879668049792531,
          "hit@10": 0.42323651452282157,
          "hit@20": 0.4512448132780083,
          "ndcg@5": 0.3460809948904386,
          "ndcg@10": 0.3575629124812071,
          "ndcg@20": 0.3645489168241311,
          "mrr@5": 0.3321403875266863,
          "mrr@10": 0.33692369791698407,
          "mrr@20": 0.3387917255078485
        },
        "21_100": {
          "count": 436,
          "hit@5": 0.3761467889908257,
          "hit@10": 0.4059633027522936,
          "hit@20": 0.45642201834862384,
          "ndcg@5": 0.3324779469622384,
          "ndcg@10": 0.3424055481996011,