stage_name,stage_key,split,aggregation_level,node_kind,node_name,route_space,support_size,wrapper_name,source_type,temperature,top_k,entropy_norm,n_eff_norm,top1_monopoly_norm,jitter_adj_norm,knn_consistency_score,knn_consistency_js,n_eff,cv_usage,top1_max_frac,entropy_mean
mid,mid@1,best_valid,session,final,final.expert,expert,16,FlatJointWrapper,,,,0.933663159398484,0.9926392872069572,0.03796497952783344,0.7281751081700178,0.9574890349596439,0.04344100973218293,15.882228595311314,0.086112841963768,0.09809216830734385,2.588663946119
mid,mid@1,best_valid,session,final,final.group,group,4,FlatJointWrapper,,,,0.9713079762236799,0.9994021654050347,0.037662978772831535,0.0,0.9895324280435105,0.010522742325414844,3.9976086616201387,0.024458056315779686,0.27824723407962365,1.3465187703496602
mid,mid@1,best_valid,session,final,final.intra.Exposure,intra,4,FlatJointWrapper,,,,0.9119014022870044,0.9988708148077938,0.05578302407294481,0.0,0.9714915438661568,0.028922714406171248,3.9954832592311753,0.03362166881561279,0.2918372680547086,1.2641637718877952
mid,mid@1,best_valid,session,final,final.intra.Focus,intra,4,FlatJointWrapper,,,,0.8804122357259274,0.9860882066497354,0.09469465981357257,0.0,0.9632586590429295,0.037433306112766136,3.9443528265989416,0.11877749860286713,0.32102099486017943,1.220510517847809
mid,mid@1,best_valid,session,final,final.intra.Memory,intra,4,FlatJointWrapper,,,,0.8973497476058647,0.9953326695099066,0.06774690013648114,0.0,0.9669167195164695,0.03364290976451925,3.9813306780396265,0.06847789883613586,0.30081017510236085,1.2439908950583674
mid,mid@1,best_valid,session,final,final.intra.Tempo,intra,4,FlatJointWrapper,,,,0.9169727142679256,0.9969232860859063,0.04300606905363417,0.0,0.9716989843663386,0.028709209350484804,3.987693144343625,0.05555350333452225,0.2822545517902256,1.271194103090426
