{
  "split": "best_valid",
  "feature_mode": "none",
  "stages": [
    {
      "stage": "macro@1",
      "n_eff": 3.993908635725323,
      "cv_usage": 0.039054468274116516,
      "top1_max_frac": 0.7623318385650224,
      "entropy_mean": 1.3560080763470432,
      "route_jitter_adjacent": 0.0,
      "route_consistency_knn_js": 0.0006855009465316456,
      "route_consistency_knn_score": 0.9993147339555639,
      "route_consistency_group_knn_js": 0.0006855009465316456,
      "route_consistency_group_knn_score": 0.9993147339555639,
      "route_consistency_intra_group_knn_mean_js": 0.0,
      "route_consistency_intra_group_knn_mean_score": 1.0,
      "route_consistency_feature_group_knn_mean_score": 0.9986740015393112,
      "family_top_expert_mean_share": 0.2688121795654297,
      "route_consistency_feature_group_knn_tempo_js": 0.0005261346674041504,
      "route_consistency_feature_group_knn_tempo_score": 0.9994740037171692,
      "route_consistency_feature_group_knn_focus_js": 0.001966219769710559,
      "route_consistency_feature_group_knn_focus_score": 0.9980357119740958,
      "route_consistency_feature_group_knn_memory_js": 0.0010204999640797885,
      "route_consistency_feature_group_knn_memory_score": 0.9989800205689255,
      "route_consistency_feature_group_knn_exposure_js": 0.0017953407631346294,
      "route_consistency_feature_group_knn_exposure_score": 0.9982062698970544
    }
  ]
}
