stage_name,stage_key,split,aggregation_level,node_kind,node_name,route_space,support_size,wrapper_name,source_type,temperature,top_k,entropy_norm,n_eff_norm,top1_monopoly_norm,jitter_adj_norm,knn_consistency_score,knn_consistency_js,n_eff,cv_usage,top1_max_frac,entropy_mean
macro,macro@1,best_valid,session,final,final.expert,expert,12,ScalarGroupConditionalProductWrapper,,,,0.9043757071839008,0.7340367867707247,0.815968106885034,0.0,0.9926346536139445,0.0073926044757381855,8.808441441248696,0.6019381552357032,0.8313040979779478,2.2472892086880005
macro,macro@1,best_valid,session,final,final.group,group,4,ScalarGroupConditionalProductWrapper,,,,0.8717833457408869,0.7730703487264063,0.9371236337080534,0.0,0.9961715985302566,0.0038357485563763893,3.0922813949056254,0.5417962670326233,0.9528427252810401,1.2085483363188234
macro,macro@1,best_valid,session,final,final.intra.Exposure,intra,3,ScalarGroupConditionalProductWrapper,,,,0.9570027654900631,0.9512301665294723,0.8232410300614156,0.0,0.9964778146799149,0.003528402818547347,2.853690499588417,0.2264295078388003,0.8821606867076105,1.0513749984567486
macro,macro@1,best_valid,session,final,final.intra.Focus,intra,3,ScalarGroupConditionalProductWrapper,,,,0.9896332720704842,0.9975785381562784,0.36499299644434874,0.0,0.9986799258182221,0.00132094624724583,2.992735614468835,0.04926664607922297,0.5766619976295658,1.087223273971465
macro,macro@1,best_valid,session,final,final.intra.Memory,intra,3,ScalarGroupConditionalProductWrapper,,,,0.9394423245840973,0.9352333203449231,0.8036849477427,0.0,0.9956790952398563,0.004330266847307936,2.8056999610347693,0.2631573971165002,0.8691232984951335,1.0320828822830244
macro,macro@1,best_valid,session,final,final.intra.Tempo,intra,3,ScalarGroupConditionalProductWrapper,,,,0.9030710752219022,0.9369427026732401,0.3563193621377006,0.0,0.9941602787105499,0.005856839136656232,2.81082810801972,0.25942458929346235,0.5708795747584671,0.9921249807795047
