{
  "model": "GRU4Rec",
  "dataset": "lastfm0.03",
  "dataset_raw": "lastfm0.03",
  "max_evals": 12,
  "tune_epochs": 72,
  "n_completed": 12,
  "n_recorded_trials": 12,
  "timestamp": "2026-04-05T18:10:40.250817",
  "trials": [
    {
      "trial": 1,
      "params": {
        "learning_rate": 0.00356329863162989
      },
      "mrr@20": 0.1977,
      "valid_result": {
        "hit@5": 0.2147,
        "hit@10": 0.2317,
        "hit@20": 0.2463,
        "ndcg@5": 0.1995,
        "ndcg@10": 0.205,
        "ndcg@20": 0.2087,
        "mrr@5": 0.1944,
        "mrr@10": 0.1967,
        "mrr@20": 0.1977
      },
      "test_result": {
        "hit@5": 0.2125,
        "hit@10": 0.2256,
        "hit@20": 0.2388,
        "ndcg@5": 0.1939,
        "ndcg@10": 0.1982,
        "ndcg@20": 0.2015,
        "mrr@5": 0.1877,
        "mrr@10": 0.1895,
        "mrr@20": 0.1904
      },
      "best_hr@10": 0.2317,
      "test_mrr@20": 0.1904,
      "test_hr@10": 0.2256,
      "epochs_run": 52,
      "early_stop_epoch": 52,
      "early_stopped": true,
      "elapsed": 200.0,
      "status": "ok"
    },
    {
      "trial": 2,
      "params": {
        "learning_rate": 0.0049456722496030595
      },
      "mrr@20": 0.1981,
      "valid_result": {
        "hit@5": 0.219,
        "hit@10": 0.2325,
        "hit@20": 0.2501,
        "ndcg@5": 0.201,
        "ndcg@10": 0.2054,
        "ndcg@20": 0.2098,
        "mrr@5": 0.195,
        "mrr@10": 0.1968,
        "mrr@20": 0.1981
      },
      "test_result": {
        "hit@5": 0.2216,
        "hit@10": 0.2357,
        "hit@20": 0.2505,
        "ndcg@5": 0.1994,
        "ndcg@10": 0.204,
        "ndcg@20": 0.2078,
        "mrr@5": 0.1921,
        "mrr@10": 0.194,
        "mrr@20": 0.1951
      },
      "best_hr@10": 0.2325,
      "test_mrr@20": 0.1951,
      "test_hr@10": 0.2357,
      "epochs_run": 49,
      "early_stop_epoch": 49,
      "early_stopped": true,
      "elapsed": 188.1,
      "status": "ok"
    },
    {
      "trial": 3,
      "params": {
        "learning_rate": 0.0032443817663352233
      },
      "mrr@20": 0.1902,
      "valid_result": {
        "hit@5": 0.2107,
        "hit@10": 0.2301,
        "hit@20": 0.245,
        "ndcg@5": 0.1927,
        "ndcg@10": 0.1989,
        "ndcg@20": 0.2027,
        "mrr@5": 0.1866,
        "mrr@10": 0.1892,
        "mrr@20": 0.1902
      },
      "test_result": {
        "hit@5": 0.2115,
        "hit@10": 0.2282,
        "hit@20": 0.2447,
        "ndcg@5": 0.192,
        "ndcg@10": 0.1973,
        "ndcg@20": 0.2015,
        "mrr@5": 0.1855,
        "mrr@10": 0.1877,
        "mrr@20": 0.1888
      },
      "best_hr@10": 0.2301,
      "test_mrr@20": 0.1888,
      "test_hr@10": 0.2282,
      "epochs_run": 38,
      "early_stop_epoch": 38,
      "early_stopped": true,
      "elapsed": 147.5,
      "status": "ok"
    },
    {
      "trial": 4,
      "params": {
        "learning_rate": 0.004312855422492488
      },
      "mrr@20": 0.1959,
      "valid_result": {
        "hit@5": 0.2192,
        "hit@10": 0.2331,
        "hit@20": 0.2503,
        "ndcg@5": 0.1994,
        "ndcg@10": 0.2039,
        "ndcg@20": 0.2083,
        "mrr@5": 0.1928,
        "mrr@10": 0.1947,
        "mrr@20": 0.1959
      },
      "test_result": {
        "hit@5": 0.2202,
        "hit@10": 0.2341,
        "hit@20": 0.25,
        "ndcg@5": 0.1982,
        "ndcg@10": 0.2027,
        "ndcg@20": 0.2068,
        "mrr@5": 0.1908,
        "mrr@10": 0.1928,
        "mrr@20": 0.1939
      },
      "best_hr@10": 0.2331,
      "test_mrr@20": 0.1939,
      "test_hr@10": 0.2341,
      "epochs_run": 41,
      "early_stop_epoch": 41,
      "early_stopped": true,
      "elapsed": 159.7,
      "status": "ok"
    },
    {
      "trial": 5,
      "params": {
        "learning_rate": 0.002875804019789368
      },
      "mrr@20": 0.193,
      "valid_result": {
        "hit@5": 0.2153,
        "hit@10": 0.2315,
        "hit@20": 0.245,
        "ndcg@5": 0.1962,
        "ndcg@10": 0.2015,
        "ndcg@20": 0.2049,
        "mrr@5": 0.1899,
        "mrr@10": 0.1921,
        "mrr@20": 0.193
      },
      "test_result": {
        "hit@5": 0.2117,
        "hit@10": 0.2258,
        "hit@20": 0.2442,
        "ndcg@5": 0.1919,
        "ndcg@10": 0.1965,
        "ndcg@20": 0.2011,
        "mrr@5": 0.1853,
        "mrr@10": 0.1872,
        "mrr@20": 0.1885
      },
      "best_hr@10": 0.2315,
      "test_mrr@20": 0.1885,
      "test_hr@10": 0.2258,
      "epochs_run": 41,
      "early_stop_epoch": 41,
      "early_stopped": true,
      "elapsed": 158.0,
      "status": "ok"
    },
    {
      "trial": 6,
      "params": {
        "learning_rate": 0.005092292755115872
      },
      "mrr@20": 0.1975,
      "valid_result": {
        "hit@5": 0.2161,
        "hit@10": 0.2325,
        "hit@20": 0.2511,
        "ndcg@5": 0.1996,
        "ndcg@10": 0.205,
        "ndcg@20": 0.2096,
        "mrr@5": 0.1941,
        "mrr@10": 0.1963,
        "mrr@20": 0.1975
      },
      "test_result": {
        "hit@5": 0.2216,
        "hit@10": 0.2386,
        "hit@20": 0.2548,
        "ndcg@5": 0.1991,
        "ndcg@10": 0.2046,
        "ndcg@20": 0.2088,
        "mrr@5": 0.1916,
        "mrr@10": 0.1939,
        "mrr@20": 0.1951
      },
      "best_hr@10": 0.2325,
      "test_mrr@20": 0.1951,
      "test_hr@10": 0.2386,
      "epochs_run": 45,
      "early_stop_epoch": 45,
      "early_stopped": true,
      "elapsed": 173.8,
      "status": "ok"
    },
    {
      "trial": 7,
      "params": {
        "learning_rate": 0.005147469355372499
      },
      "mrr@20": 0.2015,
      "valid_result": {
        "hit@5": 0.2238,
        "hit@10": 0.236,
        "hit@20": 0.2493,
        "ndcg@5": 0.2052,
        "ndcg@10": 0.2091,
        "ndcg@20": 0.2125,
        "mrr@5": 0.199,
        "mrr@10": 0.2006,
        "mrr@20": 0.2015
      },
      "test_result": {
        "hit@5": 0.2189,
        "hit@10": 0.2341,
        "hit@20": 0.2487,
        "ndcg@5": 0.1993,
        "ndcg@10": 0.2043,
        "ndcg@20": 0.208,
        "mrr@5": 0.1928,
        "mrr@10": 0.1948,
        "mrr@20": 0.1959
      },
      "best_hr@10": 0.236,
      "test_mrr@20": 0.1959,
      "test_hr@10": 0.2341,
      "epochs_run": 52,
      "early_stop_epoch": 52,
      "early_stopped": true,
      "elapsed": 199.2,
      "status": "ok"
    },
    {
      "trial": 8,
      "params": {
        "learning_rate": 0.005669316710918937
      },
      "mrr@20": 0.1982,
      "valid_result": {
        "hit@5": 0.2203,
        "hit@10": 0.2352,
        "hit@20": 0.2527,
        "ndcg@5": 0.2013,
        "ndcg@10": 0.2062,
        "ndcg@20": 0.2106,
        "mrr@5": 0.195,
        "mrr@10": 0.197,
        "mrr@20": 0.1982
      },
      "test_result": {
        "hit@5": 0.2165,
        "hit@10": 0.2357,
        "hit@20": 0.2516,
        "ndcg@5": 0.1955,
        "ndcg@10": 0.2017,
        "ndcg@20": 0.2057,
        "mrr@5": 0.1884,
        "mrr@10": 0.191,
        "mrr@20": 0.1921
      },
      "best_hr@10": 0.2352,
      "test_mrr@20": 0.1921,
      "test_hr@10": 0.2357,
      "epochs_run": 45,
      "early_stop_epoch": 45,
      "early_stopped": true,
      "elapsed": 173.8,
      "status": "ok"
    },
    {
      "trial": 9,
      "params": {
        "learning_rate": 0.005145130435326447
      },
      "mrr@20": 0.2009,
      "valid_result": {
        "hit@5": 0.2214,
        "hit@10": 0.2381,
        "hit@20": 0.2514,
        "ndcg@5": 0.2037,
        "ndcg@10": 0.2091,
        "ndcg@20": 0.2125,
        "mrr@5": 0.1978,
        "mrr@10": 0.2,
        "mrr@20": 0.2009
      },
      "test_result": {
        "hit@5": 0.2189,
        "hit@10": 0.2346,
        "hit@20": 0.2516,
        "ndcg@5": 0.1998,
        "ndcg@10": 0.2049,
        "ndcg@20": 0.2092,
        "mrr@5": 0.1933,
        "mrr@10": 0.1955,
        "mrr@20": 0.1967
      },
      "best_hr@10": 0.2381,
      "test_mrr@20": 0.1967,
      "test_hr@10": 0.2346,
      "epochs_run": 45,
      "early_stop_epoch": 45,