stage_name,stage_key,split,aggregation_level,node_kind,node_name,route_space,support_size,wrapper_name,source_type,temperature,top_k,entropy_norm,n_eff_norm,top1_monopoly_norm,jitter_adj_norm,knn_consistency_score,knn_consistency_js,n_eff,cv_usage,top1_max_frac,entropy_mean
macro,macro@1,best_valid,session,final,final.expert,expert,12,ScalarGroupConditionalProductWrapper,,,,0.9201739089697555,0.9089174286478937,0.394854999735883,0.0,0.9828117542577556,0.017337678437406575,10.907009143774724,0.31655968527317985,0.4452837497578927,2.2865462653603634
macro,macro@1,best_valid,session,final,final.group,group,4,ScalarGroupConditionalProductWrapper,,,,0.9260968939632674,0.9242272332440317,0.5813803344308864,0.0,0.9920780143675029,0.007953531273875564,3.6969089329761267,0.28633013367652893,0.6860352508231649,1.2838429019519229
macro,macro@1,best_valid,session,final,final.intra.Exposure,intra,3,ScalarGroupConditionalProductWrapper,,,,0.9671414978971572,0.9933387597102321,0.4874749822454645,0.0,0.995676461340398,0.0043329121804826605,2.9800162791306963,0.08188954869241867,0.6583166548303097,1.0625135344706997
macro,macro@1,best_valid,session,final,final.intra.Focus,intra,3,ScalarGroupConditionalProductWrapper,,,,0.7679248964130988,0.8974417835801294,0.3973142229969656,0.0,0.9814944607244978,0.018678908965196694,2.692325350740388,0.3380507502540722,0.5982094819979771,0.8436517279736157
macro,macro@1,best_valid,session,final,final.intra.Memory,intra,3,ScalarGroupConditionalProductWrapper,,,,0.9956705684320442,0.9996664147125025,0.15665956485247592,0.0,0.999092202497227,0.0009082098004667803,2.9989992441375075,0.018268383960623028,0.43777304323498395,1.0938559219446058
macro,macro@1,best_valid,session,final,final.intra.Tempo,intra,3,ScalarGroupConditionalProductWrapper,,,,0.8328130271582613,0.9987638395352394,0.15178513783975725,0.0,0.9775310815039926,0.022725190693097263,2.996291518605718,0.035180237958424156,0.43452342522650483,0.9149386257989541
