stage_name,stage_key,split,aggregation_level,node_kind,node_name,route_space,support_size,wrapper_name,source_type,temperature,top_k,entropy_norm,n_eff_norm,top1_monopoly_norm,jitter_adj_norm,knn_consistency_score,knn_consistency_js,n_eff,cv_usage,top1_max_frac,entropy_mean
macro,macro@1,best_valid,session,final,final.expert,expert,12,FlatJointWrapper,,,,0.9823393178996114,0.9937784653638723,0.06696598406306228,0.5839871704229966,0.9853890130516502,0.014718778668906266,11.925341584366468,0.07912274549142989,0.14471881872447376,2.4410215033969527
macro,macro@1,best_valid,session,final,final.group,group,4,FlatJointWrapper,,,,0.9900997365369828,0.9971574513751585,0.17912242119593672,0.0,0.9956590057982637,0.004350443673717083,3.988629805500634,0.05339159071445465,0.38434181589695254,1.3725696817075086
macro,macro@1,best_valid,session,final,final.intra.Exposure,intra,3,FlatJointWrapper,,,,0.9781134362710564,0.9989875682816808,0.09760603204524036,0.0,0.9908088286078,0.009233670821447916,2.9969627048450422,0.03183381350833733,0.39840402136349357,1.0745674407987746
macro,macro@1,best_valid,session,final,final.intra.Focus,intra,3,FlatJointWrapper,,,,0.9704778693264184,0.9962168651340612,0.12278982092365696,0.0,0.9895260951731488,0.010529142207265165,2.9886505954021834,0.061623532351150145,0.41519321394910463,1.0661789131224473
macro,macro@1,best_valid,session,final,final.intra.Memory,intra,3,FlatJointWrapper,,,,0.9714558720279088,0.9944475958292657,0.10531573986804905,0.0,0.9891034460434014,0.010956356223200408,2.983342787487797,0.07472199351423998,0.40354382657869936,1.0672533589086552
macro,macro@1,best_valid,session,final,final.intra.Tempo,intra,3,FlatJointWrapper,,,,0.9749674006080615,0.9996959002002077,0.029123468426013235,0.0,0.9899096040154256,0.010141649097756512,2.999087700600623,0.0174405481125251,0.3527489789506755,1.0711111673588203
