{
  "model": "BSARec",
  "dataset": "foursquare",
  "dataset_raw": "foursquare",
  "max_evals": 4,
  "tune_epochs": 20,
  "n_completed": 4,
  "n_recorded_trials": 4,
  "timestamp": "2026-04-09T16:44:32.739424",
  "trials": [
    {
      "trial": 1,
      "params": {
        "learning_rate": 0.0006742810624222404
      },
      "mrr@20": 0.0001,
      "valid_result": {
        "hit@5": 0.0,
        "hit@10": 0.0005,
        "hit@20": 0.0011,
        "ndcg@5": 0.0,
        "ndcg@10": 0.0002,
        "ndcg@20": 0.0003,
        "mrr@5": 0.0,
        "mrr@10": 0.0001,
        "mrr@20": 0.0001
      },
      "test_result": {
        "hit@5": 0.0008,
        "hit@10": 0.0011,
        "hit@20": 0.0021,
        "ndcg@5": 0.0004,
        "ndcg@10": 0.0004,
        "ndcg@20": 0.0007,
        "mrr@5": 0.0002,
        "mrr@10": 0.0003,
        "mrr@20": 0.0003
      },
      "best_hr@10": 0.0005,
      "test_mrr@20": 0.0003,
      "test_hr@10": 0.0011,
      "epochs_run": 4,
      "early_stop_epoch": 4,
      "early_stopped": true,
      "elapsed": 4.7,
      "status": "ok"
    },
    {
      "trial": 2,
      "params": {
        "learning_rate": 0.0008606456908241071
      },
      "mrr@20": 0.0004,
      "valid_result": {
        "hit@5": 0.0008,
        "hit@10": 0.0011,
        "hit@20": 0.0018,
        "ndcg@5": 0.0005,
        "ndcg@10": 0.0006,
        "ndcg@20": 0.0007,
        "mrr@5": 0.0004,
        "mrr@10": 0.0004,
        "mrr@20": 0.0004
      },
      "test_result": {
        "hit@5": 0.0005,
        "hit@10": 0.0008,
        "hit@20": 0.0013,
        "ndcg@5": 0.0002,
        "ndcg@10": 0.0003,
        "ndcg@20": 0.0004,
        "mrr@5": 0.0001,
        "mrr@10": 0.0001,
        "mrr@20": 0.0002
      },
      "best_hr@10": 0.0011,
      "test_mrr@20": 0.0002,
      "test_hr@10": 0.0008,
      "epochs_run": 5,
      "early_stop_epoch": 5,
      "early_stopped": true,
      "elapsed": 5.0,
      "status": "ok"
    },
    {
      "trial": 3,
      "params": {
        "learning_rate": 0.0006454039379105355
      },
      "mrr@20": 0.0002,
      "valid_result": {
        "hit@5": 0.0003,
        "hit@10": 0.0008,
        "hit@20": 0.0016,
        "ndcg@5": 0.0001,
        "ndcg@10": 0.0003,
        "ndcg@20": 0.0005,
        "mrr@5": 0.0001,
        "mrr@10": 0.0002,
        "mrr@20": 0.0002
      },
      "test_result": {
        "hit@5": 0.0008,
        "hit@10": 0.0011,
        "hit@20": 0.0018,
        "ndcg@5": 0.0005,
        "ndcg@10": 0.0005,
        "ndcg@20": 0.0007,
        "mrr@5": 0.0004,
        "mrr@10": 0.0004,
        "mrr@20": 0.0004
      },
      "best_hr@10": 0.0008,
      "test_mrr@20": 0.0004,
      "test_hr@10": 0.0011,
      "epochs_run": 4,
      "early_stop_epoch": 4,
      "early_stopped": true,
      "elapsed": 4.0,
      "status": "ok"
    },
    {
      "trial": 4,
      "params": {
        "learning_rate": 0.0006017841461818469
      },
      "mrr@20": 0.0006,
      "valid_result": {
        "hit@5": 0.0011,
        "hit@10": 0.0013,
        "hit@20": 0.0026,
        "ndcg@5": 0.0006,
        "ndcg@10": 0.0007,
        "ndcg@20": 0.001,
        "mrr@5": 0.0004,
        "mrr@10": 0.0005,
        "mrr@20": 0.0006
      },
      "test_result": {
        "hit@5": 0.0011,
        "hit@10": 0.0011,
        "hit@20": 0.0021,
        "ndcg@5": 0.0005,
        "ndcg@10": 0.0005,
        "ndcg@20": 0.0007,
        "mrr@5": 0.0003,
        "mrr@10": 0.0003,
        "mrr@20": 0.0004
      },
      "best_hr@10": 0.0013,
      "test_mrr@20": 0.0004,
      "test_hr@10": 0.0011,
      "epochs_run": 4,
      "early_stop_epoch": 4,
      "early_stopped": true,
      "elapsed": 4.1,
      "status": "ok"
    }
  ],
  "run_group": "baseline",
  "run_axis": "stageh_targetedrecovery_anchor2_core5",
  "run_phase": "P23_SH_C08_MBSAREC_FAD_H3_R2_REGHI_S1",
  "parent_result": "",
  "interrupted": false,
  "interrupted_at": null,
  "tuned_search": {
    "learning_rate": [
      0.0004164185191192418,
      0.0010132685245823035
    ]
  },
  "fixed_search": {
    "num_layers": 3,
    "num_heads": 4,
    "weight_decay": 0.0002,
    "hidden_dropout_prob": 0.18,
    "MAX_ITEM_LIST_LENGTH": 5,
    "n_layers": 3,
    "n_heads": 4,
    "dropout_ratio": 0.18,
    "dropout_prob": 0.18,
    "attn_dropout_prob": 0.18,
    "hidden_size": 160,
    "embedding_size": 160,
    "inner_size": 320,
    "time_span": 512,
    "num_experts": 8,
    "state_size": 32,
    "conv_kernel": 8,
    "remaining_ratio": 0.7
  },
  "context_fixed": {
    "num_layers": 3,
    "search_space_type_overrides": {
      "learning_rate": "loguniform",
      "weight_decay": "choice",
      "n_layers": "choice",
      "num_layers": "choice",
      "n_heads": "choice",
      "num_heads": "choice",
      "dropout_ratio": "choice",
      "dropout_prob": "choice",
      "hidden_dropout_prob": "choice",
      "attn_dropout_prob": "choice",
      "hidden_size": "choice",
      "embedding_size": "choice",
      "inner_size": "choice",
      "time_span": "choice",
      "num_experts": "choice",
      "state_size": "choice",
      "conv_kernel": "choice",
      "remaining_ratio": "choice",
      "MAX_ITEM_LIST_LENGTH": "choice"
    }
  },
  "best_params": {
    "learning_rate": 0.0006017841461818469
  },
  "best_mrr@20": 0.0006,
  "best_hr@10": 0.0013,
  "test_mrr@20": 0.0004,
  "test_hr@10": 0.0011,
  "best_valid_result": {
    "hit@5": 0.0011,
    "hit@10": 0.0013,
    "hit@20": 0.0026,
    "ndcg@5": 0.0006,
    "ndcg@10": 0.0007,
    "ndcg@20": 0.001,
    "mrr@5": 0.0004,
    "mrr@10": 0.0005,
    "mrr@20": 0.0006
  },
  "test_result": {
    "hit@5": 0.0011,
    "hit@10": 0.0011,
    "hit@20": 0.0021,
    "ndcg@5": 0.0005,
    "ndcg@10": 0.0005,
    "ndcg@20": 0.0007,
    "mrr@5": 0.0003,
    "mrr@10": 0.0003,
    "mrr@20": 0.0004
  },
  "best_valid_special_metrics": {
    "split": "best_valid",
    "overall": {
      "count": 3805,
      "hit@20": 0.002628120893561104,
      "ndcg@20": 0.0010037980396080267,
      "mrr@20": 0.0005693175025901092
    },
    "slices": {
      "target_popularity_abs": {
        "rare_1_5": {
          "count": 3436,
          "hit@20": 0.002037252619324796,
          "ndcg@20": 0.0007691017164479035,
          "mrr@20": 0.00044856027280423913
        },
        "6_20": {
          "count": 342,
          "hit@20": 0.008771929824561403,
          "ndcg@20": 0.0034409884298056887,
          "mrr@20": 0.001827485380116959
        },
        "21_100": {
          "count": 27,
          "hit@20": 0.0,
          "ndcg@20": 0.0,
          "mrr@20": 0.0
        }
      },
      "target_popularity_abs_legacy": {
        "<=5": {
          "count": 3436,
          "hit@20": 0.002037252619324796,
          "ndcg@20": 0.0007691017164479035,
          "mrr@20": 0.00044856027280423913
        },
        "6-20": {
          "count": 342,
          "hit@20": 0.008771929824561403,
          "ndcg@20": 0.0034409884298056887,
          "mrr@20": 0.001827485380116959
        },
        "21-100": {
          "count": 27,
          "hit@20": 0.0,
          "ndcg@20": 0.0,
          "mrr@20": 0.0
        }
      },
      "session_len": {
        "<=7": {
          "count": 3805,
          "hit@20": 0.002628120893561104,
          "ndcg@20": 0.0010037980396080267,
          "mrr@20": 0.0005693175025901092
        }
      },
      "session_len_legacy": {
        "1-2": {
          "count": 1625,
          "hit@20": 0.0018461538461538461,
          "ndcg@20": 0.0009265520389263447,
          "mrr@20": 0.0007008547026377458
        },
        "3-5": {
          "count": 2180,
          "hit@20": 0.003211009174311927,
          "ndcg@20": 0.00106137820066662,
          "mrr@20": 0.0004712679842059765
        }
      }
    },
    "counts": {
      "target_popularity_abs": {
        "rare_1_5": 3436,
        "6_20": 342,
        "21_100": 27
      },
      "target_popularity_abs_legacy": {
        "<=5": 3436,
        "6-20": 342,
        "21-100": 27
      },