best_mrr20,epoch,epoch_time_sec,eval,lr,patience_used,train_loss,trial,valid_mrr20
0.0124,1,18.443986177444458,1,0.0002738,0,686.4905405044556,1,0.0124
0.015,3,17.471364498138428,1,0.0002738,0,610.9652829170227,1,0.015
0.0181,10,17.18231987953186,1,0.0002738,1,531.8730549812317,1,0.0179
0.0192,18,17.272560834884644,1,0.0002738,0,490.92949390411377,1,0.0192
0.0192,28,17.93651056289673,1,0.0002738,10,454.8180422782898,1,0.0192
