best_mrr20,epoch,epoch_time_sec,eval,lr,patience_used,train_loss,trial,valid_mrr20
0.2771,1,59.38571262359619,1,0.0006918502217122324,0,2184.8140077590942,1,0.2771
0.3452,3,53.46428871154785,1,0.0006905969424258146,0,1168.2287921905518,1,0.3452
0.3685,7,54.13209247589111,1,0.0006843557582399445,0,780.8250029087067,1,0.3685
0.3685,10,52.18586230278015,1,0.0006764589887885513,3,678.7097790241241,1,0.3603
0.3685,17,53.94199323654175,1,0.0006477825875291236,10,479.0852550268173,1,0.3345
