stage_name,stage_key,split,aggregation_level,node_kind,node_name,route_space,support_size,wrapper_name,source_type,temperature,top_k,entropy_norm,n_eff_norm,top1_monopoly_norm,jitter_adj_norm,knn_consistency_score,knn_consistency_js,n_eff,cv_usage,top1_max_frac,entropy_mean
macro,macro@1,best_valid,session,final,final.expert,expert,12,ScalarGroupConditionalProductWrapper,,,,0.9295775777804522,0.9784233799879041,0.21923217028224784,0.0,0.9946504275322936,0.005363932667348928,11.741080559854849,0.14850018475949214,0.2842961560920605,2.309913504520468
macro,macro@1,best_valid,session,final,final.group,group,4,ScalarGroupConditionalProductWrapper,,,,0.973860398061648,0.9932134151763329,0.07929071572025077,0.0,0.9990778902038965,0.0009225352008749769,3.9728536607053315,0.08266177773475647,0.3094680367901881,1.3500571783508346
macro,macro@1,best_valid,session,final,final.intra.Exposure,intra,3,ScalarGroupConditionalProductWrapper,,,,0.7076375845634133,0.9983305833032982,0.11624683701481316,0.0,0.9890290727025562,0.011031551732273081,2.9949917499098944,0.040892284076145764,0.4108312246765421,0.7774193463247846
macro,macro@1,best_valid,session,final,final.intra.Focus,intra,3,ScalarGroupConditionalProductWrapper,,,,0.9884483525171527,0.9966886090390598,0.29749176113672815,0.0,0.9994661795267843,0.0005339630060913656,2.990065827117179,0.057641859373727344,0.5316611740911521,1.0859215067890917
macro,macro@1,best_valid,session,final,final.intra.Memory,intra,3,ScalarGroupConditionalProductWrapper,,,,0.9130949598504472,0.9976543501914946,0.039231084173999446,0.0,0.9971432025057342,0.0028608859286366885,2.9929630505744838,0.04848885019156783,0.35948738944933295,1.0031373436126156
macro,macro@1,best_valid,session,final,final.intra.Tempo,intra,3,ScalarGroupConditionalProductWrapper,,,,0.8854818302949813,0.8919511601755022,0.6273281920141756,0.0,0.9972718101418141,0.0027319181506741015,2.6758534805265066,0.34804819232081796,0.7515521280094504,0.9728012201543962
