stage_name,stage_key,split,aggregation_level,node_kind,node_name,route_space,support_size,wrapper_name,source_type,temperature,top_k,entropy_norm,n_eff_norm,top1_monopoly_norm,jitter_adj_norm,knn_consistency_score,knn_consistency_js,n_eff,cv_usage,top1_max_frac,entropy_mean
macro,macro@1,best_valid,session,final,final.expert,expert,16,ScalarGroupConditionalProductWrapper,,,,0.8689192701672335,0.8309261202921067,0.31090623722285976,0.0,0.9782547937985963,0.021985117521719375,13.294817924673707,0.45108333813150664,0.353974597396431,2.409155769002493
macro,macro@1,best_valid,session,final,final.group,group,4,ScalarGroupConditionalProductWrapper,,,,0.8643660056613514,0.8894985280014794,0.3598438386156504,0.0,0.9892996240730575,0.010758036645898549,3.5579941120059178,0.35246159747014033,0.5198828789617378,1.1982657195920547
macro,macro@1,best_valid,session,final,final.intra.Exposure,intra,4,ScalarGroupConditionalProductWrapper,,,,0.7348063198734386,0.6306173821427484,0.9338424405492027,0.0,0.9961482929591305,0.0038591439671501427,2.5224695285709937,0.7653414011001587,0.950381830411902,1.0186578577558065
macro,macro@1,best_valid,session,final,final.intra.Focus,intra,4,ScalarGroupConditionalProductWrapper,,,,0.8340620285170652,0.9497473128390121,0.4523800102876588,0.0,0.9795196883155557,0.020692941426345028,3.7989892513560486,0.23002509772777557,0.5892850077157441,1.1562554869574249
macro,macro@1,best_valid,session,final,final.intra.Memory,intra,4,ScalarGroupConditionalProductWrapper,,,,0.9300586560595981,0.8856310651116529,0.8169324311847954,0.0,0.9964693933303992,0.0035368539701703277,3.5425242604466116,0.35935813188552856,0.8626993233885966,1.2893350704061646
macro,macro@1,best_valid,session,final,final.intra.Tempo,intra,4,ScalarGroupConditionalProductWrapper,,,,0.8576263346500094,0.856917771276335,0.521544731531674,0.0,0.9920325684625981,0.007999341124703319,3.42767108510534,0.4086233377456665,0.6411585486487555,1.1889225516732282
