stage_name,stage_key,split,aggregation_level,node_kind,node_name,route_space,support_size,wrapper_name,source_type,temperature,top_k,entropy_norm,n_eff_norm,top1_monopoly_norm,jitter_adj_norm,knn_consistency_score,knn_consistency_js,n_eff,cv_usage,top1_max_frac,entropy_mean
macro,macro@1,best_valid,session,final,final.expert,expert,16,ScalarGroupConditionalProductWrapper,,,,0.930168426683122,0.9773641485984498,0.7648419583208695,0.0,0.9945467108341445,0.005468212626577374,15.637826377575196,0.152184396982193,0.7795393359258151,2.578974489605145
macro,macro@1,best_valid,session,final,final.group,group,4,ScalarGroupConditionalProductWrapper,,,,0.9406751959341932,0.997342396427709,0.7060524479010869,0.0,0.9977454920578147,0.002257053171428577,3.989369585710836,0.05162104526883633,0.7795393359258151,1.3040527197689202
macro,macro@1,best_valid,session,final,final.intra.Exposure,intra,4,ScalarGroupConditionalProductWrapper,,,,0.7883291490055628,0.8177051328040925,0.7080466646724499,0.0,0.9961916053903561,0.0038156650092993436,3.27082053121637,0.47215962409973145,0.7810349985043374,1.0928562539728537
macro,macro@1,best_valid,session,final,final.intra.Focus,intra,4,ScalarGroupConditionalProductWrapper,,,,0.9818265156731305,0.9966389042614037,0.7495263735168013,0.0,0.9983397697146742,0.001661609994927852,3.9865556170456147,0.05807146057486534,0.8121447801376009,1.3611005622756507
macro,macro@1,best_valid,session,final,final.intra.Memory,intra,4,ScalarGroupConditionalProductWrapper,,,,0.9876658105672648,0.9961232619128622,0.7060524479010869,0.0,0.9995832933349147,0.0004167935114347954,3.9844930476514486,0.062385145567962264,0.7795393359258151,1.3691955438603052
macro,macro@1,best_valid,session,final,final.intra.Tempo,intra,4,ScalarGroupConditionalProductWrapper,,,,0.936618075503887,0.9477331635340338,0.8189251171602353,0.0,0.9948147232707618,0.005198766930441727,3.7909326541361352,0.2348392447733429,0.8641938378701765,1.2984283565940025
