{
  "model": "FEARec",
  "dataset": "movielens1m",
  "dataset_raw": "movielens1m",
  "max_evals": 3,
  "tune_epochs": 20,
  "n_completed": 3,
  "n_recorded_trials": 3,
  "timestamp": "2026-04-09T04:25:43.398736",
  "trials": [
    {
      "trial": 1,
      "params": {
        "learning_rate": 0.00020043431601301666
      },
      "mrr@20": 0.0523,
      "valid_result": {
        "hit@5": 0.0863,
        "hit@10": 0.1427,
        "hit@20": 0.2267,
        "ndcg@5": 0.0509,
        "ndcg@10": 0.069,
        "ndcg@20": 0.09,
        "mrr@5": 0.0392,
        "mrr@10": 0.0467,
        "mrr@20": 0.0523
      },
      "test_result": {
        "hit@5": 0.0849,
        "hit@10": 0.1444,
        "hit@20": 0.2257,
        "ndcg@5": 0.0479,
        "ndcg@10": 0.067,
        "ndcg@20": 0.0874,
        "mrr@5": 0.0359,
        "mrr@10": 0.0437,
        "mrr@20": 0.0492
      },
      "best_hr@10": 0.1427,
      "test_mrr@20": 0.0492,
      "test_hr@10": 0.1444,
      "epochs_run": 20,
      "early_stop_epoch": 20,
      "early_stopped": true,
      "elapsed": 258.6,
      "status": "ok"
    },
    {
      "trial": 2,
      "params": {
        "learning_rate": 0.00019230485925536946
      },
      "mrr@20": 0.0505,
      "valid_result": {
        "hit@5": 0.0886,
        "hit@10": 0.144,
        "hit@20": 0.2221,
        "ndcg@5": 0.0503,
        "ndcg@10": 0.0681,
        "ndcg@20": 0.0879,
        "mrr@5": 0.0377,
        "mrr@10": 0.045,
        "mrr@20": 0.0505
      },
      "test_result": {
        "hit@5": 0.0817,
        "hit@10": 0.1435,
        "hit@20": 0.2275,
        "ndcg@5": 0.049,
        "ndcg@10": 0.069,
        "ndcg@20": 0.0902,
        "mrr@5": 0.0384,
        "mrr@10": 0.0467,
        "mrr@20": 0.0524
      },
      "best_hr@10": 0.144,
      "test_mrr@20": 0.0524,
      "test_hr@10": 0.1435,
      "epochs_run": 20,
      "early_stop_epoch": 20,
      "early_stopped": false,
      "elapsed": 255.5,
      "status": "ok"
    },
    {
      "trial": 3,
      "params": {
        "learning_rate": 0.00019252031291076233
      },
      "mrr@20": 0.0496,
      "valid_result": {
        "hit@5": 0.0849,
        "hit@10": 0.145,
        "hit@20": 0.2258,
        "ndcg@5": 0.048,
        "ndcg@10": 0.0673,
        "ndcg@20": 0.0879,
        "mrr@5": 0.0359,
        "mrr@10": 0.0439,
        "mrr@20": 0.0496
      },
      "test_result": {
        "hit@5": 0.084,
        "hit@10": 0.1458,
        "hit@20": 0.2321,
        "ndcg@5": 0.0486,
        "ndcg@10": 0.0686,
        "ndcg@20": 0.0902,
        "mrr@5": 0.0372,
        "mrr@10": 0.0454,
        "mrr@20": 0.0512
      },
      "best_hr@10": 0.145,
      "test_mrr@20": 0.0512,
      "test_hr@10": 0.1458,
      "epochs_run": 20,
      "early_stop_epoch": 20,
      "early_stopped": false,
      "elapsed": 255.5,
      "status": "ok"
    }
  ],
  "run_group": "baseline",
  "run_axis": "stageh_targetedrecovery_anchor2_core5",
  "run_phase": "P23_SH_C11_MFEAREC_XFER_LASTFM0_03_FAD_H2_R1_C1_WDHI_S1",
  "parent_result": "",
  "interrupted": false,
  "interrupted_at": null,
  "tuned_search": {
    "learning_rate": [
      0.00015277777777777783,
      0.00020448904357278934
    ]
  },
  "fixed_search": {
    "n_layers": 2,
    "n_heads": 2,
    "weight_decay": 0.000225,
    "hidden_dropout_prob": 0.12,
    "MAX_ITEM_LIST_LENGTH": 10,
    "num_layers": 2,
    "num_heads": 2,
    "dropout_ratio": 0.12,
    "dropout_prob": 0.12,
    "attn_dropout_prob": 0.12,
    "hidden_size": 128,
    "embedding_size": 128,
    "inner_size": 256,
    "time_span": 384,
    "num_experts": 6,
    "state_size": 24,
    "conv_kernel": 6,
    "remaining_ratio": 0.6
  },
  "context_fixed": {
    "num_layers": 2,
    "search_space_type_overrides": {
      "learning_rate": "loguniform",
      "weight_decay": "choice",
      "n_layers": "choice",
      "num_layers": "choice",
      "n_heads": "choice",
      "num_heads": "choice",
      "dropout_ratio": "choice",
      "dropout_prob": "choice",
      "hidden_dropout_prob": "choice",
      "attn_dropout_prob": "choice",
      "hidden_size": "choice",
      "embedding_size": "choice",
      "inner_size": "choice",
      "time_span": "choice",
      "num_experts": "choice",
      "state_size": "choice",
      "conv_kernel": "choice",
      "remaining_ratio": "choice",
      "MAX_ITEM_LIST_LENGTH": "choice"
    }
  },
  "best_params": {
    "learning_rate": 0.00020043431601301666
  },
  "best_mrr@20": 0.0523,
  "best_hr@10": 0.1427,
  "test_mrr@20": 0.0492,
  "test_hr@10": 0.1444,
  "best_valid_result": {
    "hit@5": 0.0863,
    "hit@10": 0.1427,
    "hit@20": 0.2267,
    "ndcg@5": 0.0509,
    "ndcg@10": 0.069,
    "ndcg@20": 0.09,
    "mrr@5": 0.0392,
    "mrr@10": 0.0467,
    "mrr@20": 0.0523
  },
  "test_result": {
    "hit@5": 0.0849,
    "hit@10": 0.1444,
    "hit@20": 0.2257,
    "ndcg@5": 0.0479,
    "ndcg@10": 0.067,
    "ndcg@20": 0.0874,
    "mrr@5": 0.0359,
    "mrr@10": 0.0437,
    "mrr@20": 0.0492
  },
  "best_valid_special_metrics": {
    "split": "best_valid",
    "overall": {
      "count": 2166,
      "hit@20": 0.22668513388734995,
      "ndcg@20": 0.09003231046327484,
      "mrr@20": 0.05230978646918457
    },
    "slices": {
      "target_popularity_abs": {
        "rare_1_5": {
          "count": 1940,
          "hit@20": 0.20463917525773195,
          "ndcg@20": 0.07909888326353634,
          "mrr@20": 0.044679493627981424
        },
        "6_20": {
          "count": 226,
          "hit@20": 0.415929203539823,
          "ndcg@20": 0.18388562359377347,
          "mrr@20": 0.11780876041579563
        }
      },
      "target_popularity_abs_legacy": {
        "<=5": {
          "count": 1940,
          "hit@20": 0.20463917525773195,
          "ndcg@20": 0.07909888326353634,
          "mrr@20": 0.044679493627981424
        },
        "6-20": {
          "count": 226,
          "hit@20": 0.415929203539823,
          "ndcg@20": 0.18388562359377347,
          "mrr@20": 0.11780876041579563
        }
      },
      "session_len": {
        "<=7": {
          "count": 141,
          "hit@20": 0.15602836879432624,
          "ndcg@20": 0.05357980897240605,
          "mrr@20": 0.025248894560421613
        },
        "8-12": {
          "count": 2025,
          "hit@20": 0.23160493827160494,
          "ndcg@20": 0.09257048464115755,
          "mrr@20": 0.05419402635023918
        }
      },
      "session_len_legacy": {
        "1-2": {
          "count": 38,
          "hit@20": 0.15789473684210525,
          "ndcg@20": 0.04943820598878359,
          "mrr@20": 0.02000674811240874
        },
        "3-5": {
          "count": 59,
          "hit@20": 0.13559322033898305,
          "ndcg@20": 0.04896906119281963,
          "mrr@20": 0.02415254263807151
        },
        "6-10": {
          "count": 2069,
          "hit@20": 0.2305461575640406,
          "ndcg@20": 0.09194884389826155,
          "mrr@20": 0.05370601307314453
        }
      }
    },
    "counts": {
      "target_popularity_abs": {
        "rare_1_5": 1940,
        "6_20": 226
      },
      "target_popularity_abs_legacy": {
        "<=5": 1940,
        "6-20": 226
      },
      "session_len": {
        "<=7": 141,
        "8-12": 2025
      },
      "session_len_legacy": {
        "1-2": 38,
        "3-5": 59,
        "6-10": 2069
      }
    },
    "config_snapshot": {
      "target_popularity_abs_bins": [
        "cold_0",
        "rare_1_5",
        "6_20",
        "21_100",
        "101+"
      ],
      "target_popularity_abs_bins_legacy": [
        "<=5",
        "6-20",
        "21-100",
        ">100"
      ],
      "session_len_bins": [
        "<=7",
        "8-12",
        "13+"
      ],
      "session_len_bins_legacy": [
        "1-2",
        "3-5",
        "6-10",
        "11+"
      ],
      "item_count_source": "cached_loader",
      "item_count_definition": "train_interaction_count_per_item",
      "new_user_enabled": false,
      "feature_logging_available": true,
      "split": "best_valid",