{
  "split": "best_valid",
  "feature_mode": "none",
  "stages": [
    {
      "stage": "macro@1",
      "n_eff": 3.5165301724024998,
      "cv_usage": 0.37078961730003357,
      "top1_max_frac": 0.9474142365370158,
      "entropy_mean": 1.306847854244154,
      "route_jitter_adjacent": 0.0,
      "route_consistency_knn_js": 0.0023810301347608805,
      "route_consistency_knn_score": 0.9976218022690315,
      "route_consistency_group_knn_js": 0.0023810301347608805,
      "route_consistency_group_knn_score": 0.9976218022690315,
      "route_consistency_intra_group_knn_mean_js": 0.0,
      "route_consistency_intra_group_knn_mean_score": 1.0,
      "route_consistency_feature_group_knn_mean_score": 0.9945902626399236,
      "family_top_expert_mean_share": 0.40990614891052246,
      "route_consistency_feature_group_knn_tempo_js": 0.004278456357316516,
      "route_consistency_feature_group_knn_tempo_score": 0.995730683198042,
      "route_consistency_feature_group_knn_focus_js": 0.006553876124030694,
      "route_consistency_feature_group_knn_focus_score": 0.9934675536804415,
      "route_consistency_feature_group_knn_memory_js": 0.007094160561290391,
      "route_consistency_feature_group_knn_memory_score": 0.9929309435963576,
      "route_consistency_feature_group_knn_exposure_js": 0.0037752472015407023,
      "route_consistency_feature_group_knn_exposure_score": 0.9962318700848535
    }
  ]
}
