{
  "model": "FAME",
  "dataset": "amazon_beauty",
  "dataset_raw": "amazon_beauty",
  "max_evals": 6,
  "tune_epochs": 40,
  "n_completed": 6,
  "n_recorded_trials": 6,
  "timestamp": "2026-04-10T11:33:01.432415",
  "trials": [
    {
      "trial": 1,
      "params": {
        "learning_rate": 0.009751963481496656
      },
      "mrr@20": 0.0044,
      "valid_result": {
        "hit@5": 0.0088,
        "hit@10": 0.0088,
        "hit@20": 0.0088,
        "ndcg@5": 0.0056,
        "ndcg@10": 0.0056,
        "ndcg@20": 0.0056,
        "mrr@5": 0.0044,
        "mrr@10": 0.0044,
        "mrr@20": 0.0044
      },
      "test_result": {
        "hit@5": 0.0,
        "hit@10": 0.0,
        "hit@20": 0.0,
        "ndcg@5": 0.0,
        "ndcg@10": 0.0,
        "ndcg@20": 0.0,
        "mrr@5": 0.0,
        "mrr@10": 0.0,
        "mrr@20": 0.0
      },
      "best_hr@10": 0.0088,
      "test_mrr@20": 0.0,
      "test_hr@10": 0.0,
      "epochs_run": 7,
      "early_stop_epoch": 7,
      "early_stopped": true,
      "elapsed": 9.8,
      "status": "ok"
    },
    {
      "trial": 2,
      "params": {
        "learning_rate": 0.005391922418223536
      },
      "mrr@20": 0.0112,
      "valid_result": {
        "hit@5": 0.0265,
        "hit@10": 0.0265,
        "hit@20": 0.0354,
        "ndcg@5": 0.0146,
        "ndcg@10": 0.0146,
        "ndcg@20": 0.0168,
        "mrr@5": 0.0106,
        "mrr@10": 0.0106,
        "mrr@20": 0.0112
      },
      "test_result": {
        "hit@5": 0.0,
        "hit@10": 0.0088,
        "hit@20": 0.0088,
        "ndcg@5": 0.0,
        "ndcg@10": 0.0028,
        "ndcg@20": 0.0028,
        "mrr@5": 0.0,
        "mrr@10": 0.0011,
        "mrr@20": 0.0011
      },
      "best_hr@10": 0.0265,
      "test_mrr@20": 0.0011,
      "test_hr@10": 0.0088,
      "epochs_run": 12,
      "early_stop_epoch": 12,
      "early_stopped": true,
      "elapsed": 14.7,
      "status": "ok"
    },
    {
      "trial": 3,
      "params": {
        "learning_rate": 0.006174503827590843
      },
      "mrr@20": 0.0088,
      "valid_result": {
        "hit@5": 0.0088,
        "hit@10": 0.0088,
        "hit@20": 0.0088,
        "ndcg@5": 0.0088,
        "ndcg@10": 0.0088,
        "ndcg@20": 0.0088,
        "mrr@5": 0.0088,
        "mrr@10": 0.0088,
        "mrr@20": 0.0088
      },
      "test_result": {
        "hit@5": 0.0088,
        "hit@10": 0.0088,
        "hit@20": 0.0088,
        "ndcg@5": 0.0055,
        "ndcg@10": 0.0055,
        "ndcg@20": 0.0055,
        "mrr@5": 0.0044,
        "mrr@10": 0.0044,
        "mrr@20": 0.0044
      },
      "best_hr@10": 0.0088,
      "test_mrr@20": 0.0044,
      "test_hr@10": 0.0088,
      "epochs_run": 8,
      "early_stop_epoch": 8,
      "early_stopped": true,
      "elapsed": 10.3,
      "status": "ok"
    },
    {
      "trial": 4,
      "params": {
        "learning_rate": 0.008938438727352397
      },
      "mrr@20": 0.005,
      "valid_result": {
        "hit@5": 0.0088,
        "hit@10": 0.0088,
        "hit@20": 0.0177,
        "ndcg@5": 0.0056,
        "ndcg@10": 0.0056,
        "ndcg@20": 0.0077,
        "mrr@5": 0.0044,
        "mrr@10": 0.0044,
        "mrr@20": 0.005
      },
      "test_result": {
        "hit@5": 0.0,
        "hit@10": 0.0,
        "hit@20": 0.0,
        "ndcg@5": 0.0,
        "ndcg@10": 0.0,
        "ndcg@20": 0.0,
        "mrr@5": 0.0,
        "mrr@10": 0.0,
        "mrr@20": 0.0
      },
      "best_hr@10": 0.0088,
      "test_mrr@20": 0.0,
      "test_hr@10": 0.0,
      "epochs_run": 7,
      "early_stop_epoch": 7,
      "early_stopped": true,
      "elapsed": 8.8,
      "status": "ok"
    },
    {
      "trial": 5,
      "params": {
        "learning_rate": 0.009712695517235944
      },
      "mrr@20": 0.0044,
      "valid_result": {
        "hit@5": 0.0088,
        "hit@10": 0.0088,
        "hit@20": 0.0088,
        "ndcg@5": 0.0056,
        "ndcg@10": 0.0056,
        "ndcg@20": 0.0056,
        "mrr@5": 0.0044,
        "mrr@10": 0.0044,
        "mrr@20": 0.0044
      },
      "test_result": {
        "hit@5": 0.0,
        "hit@10": 0.0,
        "hit@20": 0.0,
        "ndcg@5": 0.0,
        "ndcg@10": 0.0,
        "ndcg@20": 0.0,
        "mrr@5": 0.0,
        "mrr@10": 0.0,
        "mrr@20": 0.0
      },
      "best_hr@10": 0.0088,
      "test_mrr@20": 0.0,
      "test_hr@10": 0.0,
      "epochs_run": 7,
      "early_stop_epoch": 7,
      "early_stopped": true,
      "elapsed": 8.8,
      "status": "ok"
    },
    {
      "trial": 6,
      "params": {
        "learning_rate": 0.003307709059276337
      },
      "mrr@20": 0.0018,
      "valid_result": {
        "hit@5": 0.0088,
        "hit@10": 0.0088,
        "hit@20": 0.0088,
        "ndcg@5": 0.0034,
        "ndcg@10": 0.0034,
        "ndcg@20": 0.0034,
        "mrr@5": 0.0018,
        "mrr@10": 0.0018,
        "mrr@20": 0.0018
      },
      "test_result": {
        "hit@5": 0.0,
        "hit@10": 0.0175,
        "hit@20": 0.0175,
        "ndcg@5": 0.0,
        "ndcg@10": 0.0054,
        "ndcg@20": 0.0054,
        "mrr@5": 0.0,
        "mrr@10": 0.0021,
        "mrr@20": 0.0021
      },
      "best_hr@10": 0.0088,
      "test_mrr@20": 0.0021,
      "test_hr@10": 0.0175,
      "epochs_run": 6,
      "early_stop_epoch": 6,
      "early_stopped": true,
      "elapsed": 7.3,
      "status": "ok"
    }
  ],
  "run_group": "baseline",
  "run_axis": "stageh_targetedrecovery_anchor2_core5",
  "run_phase": "P23_SH_C04_MFAME_MANUAL_AB_FAME_RECOVER_G_WDLO_S1",
  "parent_result": "",
  "interrupted": false,
  "interrupted_at": null,
  "tuned_search": {
    "learning_rate": [
      0.0032104927970640277,
      0.01
    ]
  },
  "fixed_search": {
    "num_heads": 8,
    "num_experts": 4,
    "num_layers": 3,
    "weight_decay": 0.00010989999999999999,
    "hidden_dropout_prob": 0.16,
    "MAX_ITEM_LIST_LENGTH": 10,
    "n_layers": 3,
    "n_heads": 8,
    "dropout_ratio": 0.16,
    "dropout_prob": 0.16,
    "attn_dropout_prob": 0.16,
    "hidden_size": 88,
    "embedding_size": 88,
    "inner_size": 176,
    "time_span": 384,
    "state_size": 24,
    "conv_kernel": 6,
    "remaining_ratio": 0.6
  },
  "context_fixed": {
    "num_layers": 3,
    "search_space_type_overrides": {
      "learning_rate": "loguniform",
      "weight_decay": "choice",
      "n_layers": "choice",
      "num_layers": "choice",
      "n_heads": "choice",
      "num_heads": "choice",
      "dropout_ratio": "choice",
      "dropout_prob": "choice",
      "hidden_dropout_prob": "choice",
      "attn_dropout_prob": "choice",
      "hidden_size": "choice",
      "embedding_size": "choice",
      "inner_size": "choice",
      "time_span": "choice",
      "num_experts": "choice",
      "state_size": "choice",
      "conv_kernel": "choice",
      "remaining_ratio": "choice",
      "MAX_ITEM_LIST_LENGTH": "choice"
    }
  },
  "best_params": {
    "learning_rate": 0.005391922418223536
  },
  "best_mrr@20": 0.0112,
  "best_hr@10": 0.0265,
  "test_mrr@20": 0.0011,
  "test_hr@10": 0.0088,
  "best_valid_result": {
    "hit@5": 0.0265,
    "hit@10": 0.0265,
    "hit@20": 0.0354,
    "ndcg@5": 0.0146,
    "ndcg@10": 0.0146,
    "ndcg@20": 0.0168,
    "mrr@5": 0.0106,
    "mrr@10": 0.0106,
    "mrr@20": 0.0112
  },
  "test_result": {
    "hit@5": 0.0,
    "hit@10": 0.0088,
    "hit@20": 0.0088,
    "ndcg@5": 0.0,
    "ndcg@10": 0.0028,
    "ndcg@20": 0.0028,
    "mrr@5": 0.0,
    "mrr@10": 0.0011,
    "mrr@20": 0.0011
  },
  "best_valid_special_metrics": {
    "split": "best_valid",
    "overall": {
      "count": 113,
      "hit@20": 0.035398230088495575,
      "ndcg@20": 0.016755423978366685,
      "mrr@20": 0.011172566398055153
    },
    "slices": {
      "target_popularity_abs": {
        "rare_1_5": {
          "count": 113,
          "hit@20": 0.035398230088495575,
          "ndcg@20": 0.016755423978366685,
          "mrr@20": 0.011172566398055153
        }
      },
      "target_popularity_abs_legacy": {
        "<=5": {
          "count": 113,