best_mrr20,epoch,epoch_time_sec,eval,lr,patience_used,train_loss,trial,valid_mrr20
0.0042,1,3.0279781818389893,1,0.0005672,0,80.30473947525024,1,0.0042
0.0099,3,2.0465686321258545,1,0.0005672,0,73.09841442108154,1,0.0099
0.0476,10,2.1759090423583984,1,0.0005672,0,54.21021270751953,1,0.0476
0.075,30,2.1488280296325684,1,0.0005672,0,27.46886920928955,1,0.075
0.075,40,1.9257221221923828,1,0.0005672,10,18.970160126686096,1,0.0573
