stage_name,stage_key,split,aggregation_level,node_kind,node_name,route_space,support_size,wrapper_name,source_type,temperature,top_k,entropy_norm,n_eff_norm,top1_monopoly_norm,jitter_adj_norm,knn_consistency_score,knn_consistency_js,n_eff,cv_usage,top1_max_frac,entropy_mean
macro,macro@1,best_valid,session,final,final.expert,expert,12,ScalarGroupConditionalProductWrapper,,,,0.9760600672114236,0.9880500602837051,0.7080627195613058,0.0,0.9982361838491911,0.0017653735060440866,11.856600723404462,0.10997371927217016,0.7323908262645303,2.425418151606189
macro,macro@1,best_valid,session,final,final.group,group,4,ScalarGroupConditionalProductWrapper,,,,0.9670270937501065,0.9930463383300889,0.6852277725416274,0.0,0.9985883014914033,0.0014126958937181907,3.9721853533203557,0.08367932587862015,0.7639208294062205,1.3405842071159284
macro,macro@1,best_valid,session,final,final.intra.Exposure,intra,3,ScalarGroupConditionalProductWrapper,,,,0.9944281334819765,0.9951320595664609,0.6067295004712535,0.0,0.9998282816295713,0.00017173311571618908,2.9853961786993826,0.06994168943787954,0.7378196669808357,1.0924909676405907
macro,macro@1,best_valid,session,final,final.intra.Focus,intra,3,ScalarGroupConditionalProductWrapper,,,,0.9500514745407755,0.9747929753640037,0.6828652214891612,0.0,0.9991819252167662,0.0008184095890191505,2.924378926092011,0.16080689696052977,0.7885768143261075,1.0437382247977538
macro,macro@1,best_valid,session,final,final.intra.Memory,intra,3,ScalarGroupConditionalProductWrapper,,,,0.9972784677365142,0.9983928741719529,0.6715551366635248,0.0,0.9998774317551683,0.00012257575693286907,2.9951786225158585,0.04012107915815475,0.7810367577756833,1.0956223798794376
macro,macro@1,best_valid,session,final,final.intra.Tempo,intra,3,ScalarGroupConditionalProductWrapper,,,,0.9778929357647757,0.9993290637389448,0.5998303487276154,0.0,0.9995842973861443,0.00041578904214039655,2.9979871912168345,0.025912244963281008,0.733220232485077,1.074325196232917
