stage_name,stage_key,split,aggregation_level,node_kind,node_name,route_space,support_size,wrapper_name,source_type,temperature,top_k,entropy_norm,n_eff_norm,top1_monopoly_norm,jitter_adj_norm,knn_consistency_score,knn_consistency_js,n_eff,cv_usage,top1_max_frac,entropy_mean
macro,macro@1,best_valid,session,final,final.expert,expert,12,ScalarGroupConditionalProductWrapper,,,,0.936937078867172,0.9902875509642975,0.702700183700283,0.0,0.9976770506582819,0.0023256515741171746,11.88345061157157,0.09903414997356683,0.727475168391926,2.32820117770998
macro,macro@1,best_valid,session,final,final.group,group,4,ScalarGroupConditionalProductWrapper,,,,0.9098918818317739,0.9932379935015591,0.6386619777829222,0.0,0.9982912073790027,0.0017102542724516338,3.9729519740062362,0.08250972628593445,0.7289964833371917,1.261377985012154
macro,macro@1,best_valid,session,final,final.intra.Exposure,intra,3,ScalarGroupConditionalProductWrapper,,,,0.9882850330328617,0.9998318239803748,0.6538347058239905,0.0,0.9993588122696995,0.0006413933790642274,2.9994954719411244,0.012970109083649246,0.7692231372159937,1.0857420819966708
macro,macro@1,best_valid,session,final,final.intra.Focus,intra,3,ScalarGroupConditionalProductWrapper,,,,0.9936556739933923,0.9968402407168554,0.6739921288487615,0.0,0.9998728929668367,0.000127115111946826,2.990520722150566,0.056302432155536646,0.7826614192325076,1.0916423341539339
macro,macro@1,best_valid,session,final,final.intra.Memory,intra,3,ScalarGroupConditionalProductWrapper,,,,0.9953117677143161,0.9981734202994934,0.6987134967093297,0.0,0.9997708999392537,0.00022912630817417817,2.9945202608984802,0.04277743830450063,0.7991423311395531,1.0934617390669268
macro,macro@1,best_valid,session,final,final.intra.Tempo,intra,3,ScalarGroupConditionalProductWrapper,,,,0.917475000256314,0.9348809238824926,0.7737705460197771,0.0,0.998713748227114,0.001287079704726263,2.8046427716474778,0.2639220725321152,0.8491803640131848,1.0079493098273637
