stage_name,stage_key,split,aggregation_level,node_kind,node_name,route_space,support_size,wrapper_name,source_type,temperature,top_k,entropy_norm,n_eff_norm,top1_monopoly_norm,jitter_adj_norm,knn_consistency_score,knn_consistency_js,n_eff,cv_usage,top1_max_frac,entropy_mean
macro,macro@1,best_valid,session,final,final.expert,expert,16,FlatJointWrapper,,,,0.9295766437484482,0.907148783245653,0.1873277146889302,0.8658491779186185,0.9808378080818211,0.019348166335749945,14.514380531930447,0.31992968916893005,0.23811973252087207,2.577333718914454
macro,macro@1,best_valid,session,final,final.group,group,4,FlatJointWrapper,,,,0.9510201291602461,0.9465597000837376,0.37340244529735295,0.0,0.9939721901726036,0.006046050410503726,3.7862388003349503,0.23760749399662018,0.5300518339730147,1.3183938423663593
macro,macro@1,best_valid,session,final,final.intra.Exposure,intra,4,FlatJointWrapper,,,,0.9094614864867782,0.9525648459098436,0.20320763924609922,0.0,0.9897146932374907,0.010338566036829441,3.8102593836393743,0.2231529951095581,0.4024057294345744,1.260781330372334
macro,macro@1,best_valid,session,final,final.intra.Focus,intra,4,FlatJointWrapper,,,,0.9203814777651085,0.9827167783096341,0.13662802199976257,0.0,0.9875472250286206,0.012530960536541411,3.9308671132385364,0.13261696696281433,0.35247101649982193,1.2759196527049619
macro,macro@1,best_valid,session,final,final.intra.Memory,intra,4,FlatJointWrapper,,,,0.8936985996423009,0.9402199941873778,0.2786504701987629,0.0,0.9862876529013238,0.013807229704092353,3.760879976749511,0.25215272618250406,0.45898785264907216,1.2389293292248644
macro,macro@1,best_valid,session,final,final.intra.Tempo,intra,4,FlatJointWrapper,,,,0.9236468582233015,0.9725773472220484,0.15904984238779196,0.0,0.9869316229285504,0.013154519629771452,3.8903093888881934,0.16791635751724243,0.36928738179084397,1.280446431221066
