stage_name,stage_key,split,aggregation_level,node_kind,node_name,route_space,support_size,wrapper_name,source_type,temperature,top_k,entropy_norm,n_eff_norm,top1_monopoly_norm,jitter_adj_norm,knn_consistency_score,knn_consistency_js,n_eff,cv_usage,top1_max_frac,entropy_mean
macro,macro@1,best_valid,session,final,final.expert,expert,8,FlatJointWrapper,,,,0.950561497201424,0.998662356110423,0.05602884513415107,0.7532199270959903,0.9876628096004368,0.012413925315049265,7.989298848883384,0.03660098154556531,0.1740252394923822,1.976637065202022
macro,macro@1,best_valid,session,final,final.group,group,4,FlatJointWrapper,,,,0.9634557205236507,0.9995673383467749,0.06856610932400109,0.0,0.9941505066360212,0.0058666686608944375,3.9982693533870997,0.020804202184081078,0.3014245819930008,1.3356332325506381
macro,macro@1,best_valid,session,final,final.intra.Exposure,intra,2,FlatJointWrapper,,,,0.9330535746154814,0.999876156887173,0.12382905016083989,0.0,0.9947231999498537,0.005290771531012033,1.999752313774346,0.01112830638885498,0.56191452508042,0.6467434545560995
macro,macro@1,best_valid,session,final,final.intra.Focus,intra,2,FlatJointWrapper,,,,0.9212101068742478,0.999935631127261,0.02633532468450639,0.0,0.9937999566198358,0.006219343464717033,1.999871262254522,0.008025556802749634,0.5131676623422532,0.6385341882832107
macro,macro@1,best_valid,session,final,final.intra.Memory,intra,2,FlatJointWrapper,,,,0.9297534671623849,0.9963500693284911,0.20386015765845378,0.0,0.9940905623924579,0.005926967429001817,1.9927001386569823,0.06052541732788086,0.6019300788292269,0.6444559943794408
macro,macro@1,best_valid,session,final,final.intra.Tempo,intra,2,FlatJointWrapper,,,,0.9426727082770037,0.9997503188946146,0.02718371098306771,0.0,0.9948276084987971,0.005185814624562731,1.9995006377892293,0.015802979469299316,0.5135918554915339,0.6534109299330129
