stage_name,stage_key,split,aggregation_level,node_kind,node_name,route_space,support_size,wrapper_name,source_type,temperature,top_k,entropy_norm,n_eff_norm,top1_monopoly_norm,jitter_adj_norm,knn_consistency_score,knn_consistency_js,n_eff,cv_usage,top1_max_frac,entropy_mean
micro,micro@1,best_valid,token,primitive,primitive.a_joint,expert,16,FlatJointWrapper,both,1.0,,0.9162279546875818,0.9863139458540192,0.05385486540639429,0.0,0.9458231517812261,0.055699670555116855,15.781023133664307,0.11779610024667383,0.11298893631849465,2.5403232941676106
micro,micro@1,best_valid,token,wrapper,wrapper.group,group,4,FlatJointWrapper,,,,0.9609487546235032,0.9957305863226826,0.08970003194238751,0.0,0.9871747699366581,0.012908183353047975,3.9829223452907305,0.0654807910323143,0.31727502395679064,1.3321578398597438
micro,micro@1,best_valid,token,wrapper,wrapper.intra.Exposure,intra,4,FlatJointWrapper,,,,0.855107961184081,0.9901258978709823,0.07181229491535264,0.0,0.9536581462772585,0.04745000898755739,3.960503591483929,0.09986348150533217,0.3038592211865145,1.1854313447382177
micro,micro@1,best_valid,token,wrapper,wrapper.intra.Focus,intra,4,FlatJointWrapper,,,,0.8995576075104317,0.98033672149049,0.21781804454511136,0.0,0.9675821792491607,0.032954917892965944,3.92134688596196,0.1416250467300415,0.41336353340883353,1.2470516387942112
micro,micro@1,best_valid,token,wrapper,wrapper.intra.Memory,intra,4,FlatJointWrapper,,,,0.9097764195918355,0.9991694440206104,0.05961611057873798,0.0,0.9633947951028574,0.03729198743414069,3.9966777760824415,0.028831463307142258,0.2947120829340535,1.2612179203600051
micro,micro@1,best_valid,token,wrapper,wrapper.intra.Tempo,intra,4,FlatJointWrapper,,,,0.8724161959236802,0.9969625034733092,0.044864535238261206,0.0,0.9536250609946014,0.04748470261096296,3.9878500138932367,0.055197786539793015,0.2836484014286959,1.2094256529586636
