best_mrr20,epoch,epoch_time_sec,eval,lr,patience_used,train_loss,trial,valid_mrr20
0.0122,1,16.089661359786987,1,0.0005476,0,695.6299471855164,1,0.0122
0.0152,3,15.502567052841187,1,0.0005476,0,602.1491603851318,1,0.0152
0.0178,10,15.413127422332764,1,0.0005476,1,517.2370290756226,1,0.0176
0.0182,13,15.797311544418335,1,0.0005476,0,500.06888341903687,1,0.0182
0.0182,23,15.278964281082153,1,0.0005476,10,457.4158101081848,1,0.0159
