best_mrr20,epoch,epoch_time_sec,eval,lr,patience_used,train_loss,trial,valid_mrr20
0.0118,1,17.838266611099243,1,0.0005476,0,692.0197968482971,1,0.0118
0.0158,3,16.723982572555542,1,0.0005476,0,592.3189702033997,1,0.0158
0.0174,10,16.400773286819458,1,0.0005476,3,509.2081274986267,1,0.0164
0.0189,21,16.7611243724823,1,0.0005476,0,452.2161645889282,1,0.0189
0.0189,31,16.145781755447388,1,0.0005476,10,419.4532403945923,1,0.0167
