cv_usage,entropy_mean,family_top_expert_mean_share,n_eff,route_consistency_feature_group_knn_exposure_js,route_consistency_feature_group_knn_exposure_score,route_consistency_feature_group_knn_focus_js,route_consistency_feature_group_knn_focus_score,route_consistency_feature_group_knn_mean_score,route_consistency_feature_group_knn_memory_js,route_consistency_feature_group_knn_memory_score,route_consistency_feature_group_knn_tempo_js,route_consistency_feature_group_knn_tempo_score,route_consistency_group_knn_js,route_consistency_group_knn_score,route_consistency_intra_group_knn_mean_js,route_consistency_intra_group_knn_mean_score,route_consistency_knn_js,route_consistency_knn_score,route_jitter_adjacent,stage,top1_max_frac
0.32308601370197493,1.9607282161630502,0.12035512924194336,10.865779606168324,0.05184689144514563,0.9494742283415339,0.05343432698305898,0.9479681948909031,0.9482104160918189,0.05831048584306273,0.9433570029672211,0.04914587735186699,0.9520422381676173,0.01715017787188356,0.9829960492946535,0.026725634248012366,0.9736396789038685,0.03953803065305873,0.9612333969616305,0.0,macro@1,0.24682806560663315
0.3056866137478765,1.9692809483837732,0.15070049464702606,10.974495436128697,0.04854838884956292,0.9526112424284546,0.06722590634229471,0.9349839586709384,0.9407582375713585,0.07358853086804823,0.9290538922030419,0.0551070237510548,0.9463838569829988,0.011800574109584594,0.9882687795925132,0.020281274486811537,0.9799244507716811,0.030537318293099337,0.9699242354749136,0.4624992360253762,micro@1,0.2705143780189589
0.4331303974416023,1.7737784350550487,0.18523982167243958,10.104392594292886,0.05660597585586862,0.9449663355723773,0.051211705420830915,0.9500775126804304,0.9452390940933856,0.06470557704177325,0.9373433981708048,0.05280060881546332,0.9485691299499294,0.015550425947797014,0.9845698576316981,0.018019423367359625,0.9821586115362255,0.033675450450301105,0.9668852558952492,0.0,mid@1,0.2813048838057396
