{
  "model": "GRU4Rec",
  "dataset": "amazon_beauty",
  "dataset_raw": "amazon_beauty",
  "max_evals": 5,
  "tune_epochs": 26,
  "n_completed": 5,
  "n_recorded_trials": 5,
  "timestamp": "2026-04-09T17:20:44.573454",
  "trials": [
    {
      "trial": 1,
      "params": {
        "learning_rate": 0.0061148290561042155
      },
      "mrr@20": 0.0104,
      "valid_result": {
        "hit@5": 0.0088,
        "hit@10": 0.0177,
        "hit@20": 0.0265,
        "ndcg@5": 0.0088,
        "ndcg@10": 0.0116,
        "ndcg@20": 0.0137,
        "mrr@5": 0.0088,
        "mrr@10": 0.01,
        "mrr@20": 0.0104
      },
      "test_result": {
        "hit@5": 0.0175,
        "hit@10": 0.0175,
        "hit@20": 0.0175,
        "ndcg@5": 0.0122,
        "ndcg@10": 0.0122,
        "ndcg@20": 0.0122,
        "mrr@5": 0.0105,
        "mrr@10": 0.0105,
        "mrr@20": 0.0105
      },
      "best_hr@10": 0.0177,
      "test_mrr@20": 0.0105,
      "test_hr@10": 0.0175,
      "epochs_run": 7,
      "early_stop_epoch": 7,
      "early_stopped": true,
      "elapsed": 1.7,
      "status": "ok"
    },
    {
      "trial": 2,
      "params": {
        "learning_rate": 0.007385585944192542
      },
      "mrr@20": 0.014,
      "valid_result": {
        "hit@5": 0.0177,
        "hit@10": 0.0265,
        "hit@20": 0.0442,
        "ndcg@5": 0.0133,
        "ndcg@10": 0.0161,
        "ndcg@20": 0.0203,
        "mrr@5": 0.0118,
        "mrr@10": 0.0129,
        "mrr@20": 0.014
      },
      "test_result": {
        "hit@5": 0.0175,
        "hit@10": 0.0175,
        "hit@20": 0.0175,
        "ndcg@5": 0.0072,
        "ndcg@10": 0.0072,
        "ndcg@20": 0.0072,
        "mrr@5": 0.0039,
        "mrr@10": 0.0039,
        "mrr@20": 0.0039
      },
      "best_hr@10": 0.0265,
      "test_mrr@20": 0.0039,
      "test_hr@10": 0.0175,
      "epochs_run": 7,
      "early_stop_epoch": 7,
      "early_stopped": true,
      "elapsed": 1.1,
      "status": "ok"
    },
    {
      "trial": 3,
      "params": {
        "learning_rate": 0.004072796663889481
      },
      "mrr@20": 0.0164,
      "valid_result": {
        "hit@5": 0.0177,
        "hit@10": 0.0354,
        "hit@20": 0.0531,
        "ndcg@5": 0.0144,
        "ndcg@10": 0.0199,
        "ndcg@20": 0.0241,
        "mrr@5": 0.0133,
        "mrr@10": 0.0154,
        "mrr@20": 0.0164
      },
      "test_result": {
        "hit@5": 0.0175,
        "hit@10": 0.0175,
        "hit@20": 0.0263,
        "ndcg@5": 0.0089,
        "ndcg@10": 0.0089,
        "ndcg@20": 0.011,
        "mrr@5": 0.0061,
        "mrr@10": 0.0061,
        "mrr@20": 0.0066
      },
      "best_hr@10": 0.0354,
      "test_mrr@20": 0.0066,
      "test_hr@10": 0.0175,
      "epochs_run": 8,
      "early_stop_epoch": 8,
      "early_stopped": true,
      "elapsed": 1.4,
      "status": "ok"
    },
    {
      "trial": 4,
      "params": {
        "learning_rate": 0.006804817290200914
      },
      "mrr@20": 0.0193,
      "valid_result": {
        "hit@5": 0.0177,
        "hit@10": 0.0265,
        "hit@20": 0.0354,
        "ndcg@5": 0.0177,
        "ndcg@10": 0.0205,
        "ndcg@20": 0.0226,
        "mrr@5": 0.0177,
        "mrr@10": 0.0188,
        "mrr@20": 0.0193
      },
      "test_result": {
        "hit@5": 0.0088,
        "hit@10": 0.0175,
        "hit@20": 0.0175,
        "ndcg@5": 0.0044,
        "ndcg@10": 0.0075,
        "ndcg@20": 0.0075,
        "mrr@5": 0.0029,
        "mrr@10": 0.0044,
        "mrr@20": 0.0044
      },
      "best_hr@10": 0.0265,
      "test_mrr@20": 0.0044,
      "test_hr@10": 0.0175,
      "epochs_run": 7,
      "early_stop_epoch": 7,
      "early_stopped": true,
      "elapsed": 1.0,
      "status": "ok"
    },
    {
      "trial": 5,
      "params": {
        "learning_rate": 0.006314970177650565
      },
      "mrr@20": 0.0104,
      "valid_result": {
        "hit@5": 0.0088,
        "hit@10": 0.0177,
        "hit@20": 0.0265,
        "ndcg@5": 0.0088,
        "ndcg@10": 0.0116,
        "ndcg@20": 0.0137,
        "mrr@5": 0.0088,
        "mrr@10": 0.01,
        "mrr@20": 0.0104
      },
      "test_result": {
        "hit@5": 0.0088,
        "hit@10": 0.0175,
        "hit@20": 0.0175,
        "ndcg@5": 0.0088,
        "ndcg@10": 0.0119,
        "ndcg@20": 0.0119,
        "mrr@5": 0.0088,
        "mrr@10": 0.0102,
        "mrr@20": 0.0102
      },
      "best_hr@10": 0.0177,
      "test_mrr@20": 0.0102,
      "test_hr@10": 0.0175,
      "epochs_run": 7,
      "early_stop_epoch": 7,
      "early_stopped": true,
      "elapsed": 1.0,
      "status": "ok"
    }
  ],
  "run_group": "baseline",
  "run_axis": "stageh_targetedrecovery_anchor2_core5",
  "run_phase": "P23_SH_C03_MGRU4REC_MANUAL_AB_GRU_RECOVER_G_LRHI_S1",
  "parent_result": "",
  "interrupted": false,
  "interrupted_at": null,
  "tuned_search": {
    "learning_rate": [
      0.0034342204355573914,
      0.01
    ]
  },
  "fixed_search": {
    "num_layers": 3,
    "weight_decay": 4.84e-05,
    "hidden_dropout_prob": 0.039999999999999994,
    "MAX_ITEM_LIST_LENGTH": 10,
    "n_layers": 3,
    "n_heads": 4,
    "num_heads": 4,
    "dropout_ratio": 0.039999999999999994,
    "dropout_prob": 0.039999999999999994,
    "attn_dropout_prob": 0.039999999999999994,
    "hidden_size": 264,
    "embedding_size": 264,
    "inner_size": 288,
    "time_span": 384,
    "num_experts": 6,
    "state_size": 24,
    "conv_kernel": 6,
    "remaining_ratio": 0.6
  },
  "context_fixed": {
    "num_layers": 3,
    "search_space_type_overrides": {
      "learning_rate": "loguniform",
      "weight_decay": "choice",
      "n_layers": "choice",
      "num_layers": "choice",
      "n_heads": "choice",
      "num_heads": "choice",
      "dropout_ratio": "choice",
      "dropout_prob": "choice",
      "hidden_dropout_prob": "choice",
      "attn_dropout_prob": "choice",
      "hidden_size": "choice",
      "embedding_size": "choice",
      "inner_size": "choice",
      "time_span": "choice",
      "num_experts": "choice",
      "state_size": "choice",
      "conv_kernel": "choice",
      "remaining_ratio": "choice",
      "MAX_ITEM_LIST_LENGTH": "choice"
    }
  },
  "best_params": {
    "learning_rate": 0.006804817290200914
  },
  "best_mrr@20": 0.0193,
  "best_hr@10": 0.0265,
  "test_mrr@20": 0.0044,
  "test_hr@10": 0.0175,
  "best_valid_result": {
    "hit@5": 0.0177,
    "hit@10": 0.0265,
    "hit@20": 0.0354,
    "ndcg@5": 0.0177,
    "ndcg@10": 0.0205,
    "ndcg@20": 0.0226,
    "mrr@5": 0.0177,
    "mrr@10": 0.0188,
    "mrr@20": 0.0193
  },
  "test_result": {
    "hit@5": 0.0088,
    "hit@10": 0.0175,
    "hit@20": 0.0175,
    "ndcg@5": 0.0044,
    "ndcg@10": 0.0075,
    "ndcg@20": 0.0075,
    "mrr@5": 0.0029,
    "mrr@10": 0.0044,
    "mrr@20": 0.0044
  },
  "best_valid_special_metrics": {
    "split": "best_valid",
    "overall": {
      "count": 113,
      "hit@20": 0.035398230088495575,
      "ndcg@20": 0.022613073740385275,
      "mrr@20": 0.019325871943636278
    },
    "slices": {
      "target_popularity_abs": {
        "rare_1_5": {
          "count": 113,
          "hit@20": 0.035398230088495575,
          "ndcg@20": 0.022613073740385275,
          "mrr@20": 0.019325871943636278
        }
      },
      "target_popularity_abs_legacy": {
        "<=5": {
          "count": 113,
          "hit@20": 0.035398230088495575,
          "ndcg@20": 0.022613073740385275,
          "mrr@20": 0.019325871943636278
        }
      },
      "session_len": {
        "<=7": {
          "count": 73,
          "hit@20": 0.0410958904109589,
          "ndcg@20": 0.03171869704168137,
          "mrr@20": 0.02910958904109589
        },
        "8-12": {
          "count": 40,
          "hit@20": 0.025,
          "ndcg@20": 0.0059953112155199054,
          "mrr@20": 0.0014705882407724858
        }
      },
      "session_len_legacy": {
        "3-5": {
          "count": 38,
          "hit@20": 0.05263157894736842,
          "ndcg@20": 0.03461749694849316,
          "mrr@20": 0.029605263157894735
        },