cv_usage,entropy_mean,family_top_expert_mean_share,n_eff,route_consistency_feature_group_knn_exposure_js,route_consistency_feature_group_knn_exposure_score,route_consistency_feature_group_knn_focus_js,route_consistency_feature_group_knn_focus_score,route_consistency_feature_group_knn_mean_score,route_consistency_feature_group_knn_memory_js,route_consistency_feature_group_knn_memory_score,route_consistency_feature_group_knn_tempo_js,route_consistency_feature_group_knn_tempo_score,route_consistency_group_knn_js,route_consistency_group_knn_score,route_consistency_intra_group_knn_mean_js,route_consistency_intra_group_knn_mean_score,route_consistency_knn_js,route_consistency_knn_score,route_jitter_adjacent,stage,top1_max_frac
0.25506128310426673,1.6540304001399992,0.12056048959493637,11.267010077605343,0.06821696070841135,0.9340577977501661,0.07595228234723578,0.9268604331084882,0.9302185523491814,0.08176940496281841,0.9214844239336918,0.06350273284018841,0.9384715546043795,0.044938467152604925,0.9560563088901393,0.006061445817333266,0.9939610934761135,0.04969750911297599,0.9515172062565795,0.0,macro@1,0.1684173551962449
0.4568367762316234,1.4606648900394212,0.151851087808609,9.92802305541672,0.08282519953580705,0.9205120390894563,0.09475268133644388,0.9095978671809406,0.9156105480776335,0.09676614941112678,0.9077682634570251,0.07843297951634276,0.9245640225831121,0.042477007336232,0.9584125017240136,0.008863256762383715,0.9911814192855576,0.04807590265124667,0.9530614444416065,0.5731227615543522,micro@1,0.24708982989795666
0.64197133058395,1.4965207862101677,0.1742696315050125,8.497818780282143,0.06719815869993012,0.9350099026313804,0.07007193888524471,0.932326746946541,0.9296567755464374,0.07795612565965997,0.9250050096378636,0.07657283808912044,0.926285442969965,0.02666323404134587,0.9736890916572392,0.008499301829724602,0.9915391211085639,0.033915163865729944,0.9666535083058436,0.0,mid@1,0.19783563439806517
