{
  "split": "best_valid",
  "feature_mode": "none",
  "stages": [
    {
      "stage": "macro@1",
      "n_eff": 15.869241479508444,
      "cv_usage": 0.09077262133359909,
      "top1_max_frac": 0.09681304428386141,
      "entropy_mean": 2.484438421374143,
      "route_jitter_adjacent": 0.7328872159486965,
      "route_consistency_knn_js": 0.07201052805034866,
      "route_consistency_knn_score": 0.9305210991866534,
      "route_consistency_group_knn_js": 0.019306129133197625,
      "route_consistency_group_knn_score": 0.9808790406260747,
      "route_consistency_intra_group_knn_mean_js": 0.05290774092823061,
      "route_consistency_intra_group_knn_mean_score": 0.9484681521702198,
      "route_consistency_feature_group_knn_mean_score": 0.9220299511293892,
      "family_top_expert_mean_share": 0.07262232899665833,
      "route_consistency_feature_group_knn_tempo_js": 0.08424028103208712,
      "route_consistency_feature_group_knn_tempo_score": 0.9192103607435212,
      "route_consistency_feature_group_knn_focus_js": 0.08150816977731894,
      "route_consistency_feature_group_knn_focus_score": 0.9217251795336607,
      "route_consistency_feature_group_knn_memory_js": 0.08210967200067747,
      "route_consistency_feature_group_knn_memory_score": 0.9211709264977733,
      "route_consistency_feature_group_knn_exposure_js": 0.07686664082996755,
      "route_consistency_feature_group_knn_exposure_score": 0.9260133377426017
    }
  ]
}
