best_mrr20,epoch,eval,lr,patience_used,train_loss,trial,valid_mrr20
0.001,1,1,0.00016,0,40.868210792541504,1,0.001
0.0028,3,1,0.00016,0,40.452006340026855,1,0.0028
0.0097,10,1,0.00016,2,38.79454469680786,1,0.0093
0.0104,12,1,0.00016,0,38.35490417480469,1,0.0104
0.0104,17,1,0.00016,5,37.34606885910034,1,0.0104
