best_mrr20,epoch,epoch_time_sec,eval,lr,patience_used,train_loss,trial,valid_mrr20
0.0061,1,3.717815399169922,1,0.001349694149497785,0,78.50195741653442,1,0.0061
0.0377,3,2.646620512008667,1,0.001347249192963149,0,63.402342319488525,1,0.0377
0.062,10,2.6811063289642334,1,0.0013196682040276242,0,42.8189377784729,1,0.062
0.0828,14,2.6771857738494873,1,0.0012910278720091226,0,38.64021372795105,1,0.0828
0.0828,24,2.4415605068206787,1,0.0011821684281488301,10,32.78640294075012,1,0.0638
