best_mrr20,epoch,epoch_time_sec,eval,lr,patience_used,train_loss,trial,valid_mrr20
0.014,1,23.27048373222351,1,0.0007998187552579467,0,681.5687823295593,1,0.014
0.0169,3,21.783599615097046,1,0.0007983698921263105,0,571.204017162323,1,0.0169
0.0186,10,21.90560793876648,1,0.0007820256023867403,0,476.8991904258728,1,0.0186
0.0186,20,22.18086266517639,1,0.0007298972927111812,10,380.3787941932678,1,0.0158
