best_mrr20,epoch,epoch_time_sec,eval,lr,patience_used,train_loss,trial,valid_mrr20
0.0116,1,18.211877822875977,1,0.0005476,0,696.8445506095886,1,0.0116
0.0147,3,16.63770866394043,1,0.0005476,0,602.0511469841003,1,0.0147
0.0167,10,16.1613826751709,1,0.0005476,5,515.6062016487122,1,0.0163
0.0178,24,17.320168018341064,1,0.0005476,0,452.6862998008728,1,0.0178
0.0178,34,16.950746059417725,1,0.0005476,10,422.84064054489136,1,0.0168
