stage_name,stage_key,split,aggregation_level,node_kind,node_name,route_space,support_size,wrapper_name,source_type,temperature,top_k,entropy_norm,n_eff_norm,top1_monopoly_norm,jitter_adj_norm,knn_consistency_score,knn_consistency_js,n_eff,cv_usage,top1_max_frac,entropy_mean
macro,macro@1,best_valid,session,final,final.expert,expert,12,GroupConditionalProductWrapper,,,,0.9337294907450424,0.9425529068214148,0.28937251656600876,0.0,0.9854674308069513,0.014639201330245254,11.310634881856977,0.24687739470966474,0.34859147351884134,2.320230620655519
macro,macro@1,best_valid,session,final,final.group,group,4,GroupConditionalProductWrapper,,,,0.9577157361502564,0.9744256207505554,0.3517406618316941,0.0,0.9948106586693789,0.0052028527261093836,3.8977024830022216,0.16200494766235352,0.5138054963737706,1.3276759245808853
macro,macro@1,best_valid,session,final,final.intra.Exposure,intra,3,GroupConditionalProductWrapper,,,,0.9193995042077308,0.9559834737845122,0.5653044095809929,0.0,0.9926384532567876,0.007388776646881955,2.8679504213535365,0.21457731195946217,0.710202939720662,1.0100635935179805
macro,macro@1,best_valid,session,final,final.intra.Focus,intra,3,GroupConditionalProductWrapper,,,,0.7720961926220608,0.9546492261207261,0.2412357156691846,0.0,0.9803323914130601,0.01986358991304104,2.8639476783621785,0.21795670038590728,0.4941571437794564,0.8482343652484559
macro,macro@1,best_valid,session,final,final.intra.Memory,intra,3,GroupConditionalProductWrapper,,,,0.958137855308646,0.992889394924351,0.4887985021628252,0.0,0.9918643878888808,0.008168886799524669,2.978668184773053,0.08462634616713684,0.6591990014418835,1.0526220220801858
macro,macro@1,best_valid,session,final,final.intra.Tempo,intra,3,GroupConditionalProductWrapper,,,,0.9889357228753552,0.9973740277147751,0.2788430499063852,0.0,0.9987627568586114,0.0012380091585822795,2.9921220831443254,0.051313082089630306,0.5192286999375901,1.0864569378537456
