{
  "model": "GRU4Rec",
  "dataset": "lastfm0.03",
  "dataset_raw": "lastfm0.03",
  "max_evals": 8,
  "tune_epochs": 68,
  "n_completed": 8,
  "n_recorded_trials": 8,
  "timestamp": "2026-04-04T07:30:55.784979",
  "trials": [
    {
      "trial": 1,
      "params": {
        "learning_rate": 0.0033469494470432675
      },
      "mrr@20": 0.1915,
      "valid_result": {
        "hit@5": 0.2102,
        "hit@10": 0.2227,
        "hit@20": 0.2397,
        "ndcg@5": 0.1941,
        "ndcg@10": 0.1981,
        "ndcg@20": 0.2024,
        "mrr@5": 0.1887,
        "mrr@10": 0.1904,
        "mrr@20": 0.1915
      },
      "test_result": {
        "hit@5": 0.2109,
        "hit@10": 0.2285,
        "hit@20": 0.2423,
        "ndcg@5": 0.1919,
        "ndcg@10": 0.1976,
        "ndcg@20": 0.2011,
        "mrr@5": 0.1855,
        "mrr@10": 0.1879,
        "mrr@20": 0.1889
      },
      "best_hr@10": 0.2227,
      "test_mrr@20": 0.1889,
      "test_hr@10": 0.2285,
      "epochs_run": 64,
      "early_stop_epoch": 64,
      "early_stopped": true,
      "elapsed": 210.8,
      "status": "ok"
    },
    {
      "trial": 2,
      "params": {
        "learning_rate": 0.002392534413439763
      },
      "mrr@20": 0.1893,
      "valid_result": {
        "hit@5": 0.2041,
        "hit@10": 0.2216,
        "hit@20": 0.2378,
        "ndcg@5": 0.1904,
        "ndcg@10": 0.1961,
        "ndcg@20": 0.2002,
        "mrr@5": 0.1858,
        "mrr@10": 0.1881,
        "mrr@20": 0.1893
      },
      "test_result": {
        "hit@5": 0.2094,
        "hit@10": 0.2256,
        "hit@20": 0.2372,
        "ndcg@5": 0.1912,
        "ndcg@10": 0.1965,
        "ndcg@20": 0.1994,
        "mrr@5": 0.1851,
        "mrr@10": 0.1873,
        "mrr@20": 0.1881
      },
      "best_hr@10": 0.2216,
      "test_mrr@20": 0.1881,
      "test_hr@10": 0.2256,
      "epochs_run": 68,
      "early_stop_epoch": 68,
      "early_stopped": false,
      "elapsed": 222.1,
      "status": "ok"
    },
    {
      "trial": 3,
      "params": {
        "learning_rate": 0.004310523707313985
      },
      "mrr@20": 0.1937,
      "valid_result": {
        "hit@5": 0.2153,
        "hit@10": 0.2288,
        "hit@20": 0.2445,
        "ndcg@5": 0.1969,
        "ndcg@10": 0.2013,
        "ndcg@20": 0.2053,
        "mrr@5": 0.1908,
        "mrr@10": 0.1926,
        "mrr@20": 0.1937
      },
      "test_result": {
        "hit@5": 0.2141,
        "hit@10": 0.2282,
        "hit@20": 0.2423,
        "ndcg@5": 0.1942,
        "ndcg@10": 0.1988,
        "ndcg@20": 0.2024,
        "mrr@5": 0.1875,
        "mrr@10": 0.1894,
        "mrr@20": 0.1904
      },
      "best_hr@10": 0.2288,
      "test_mrr@20": 0.1904,
      "test_hr@10": 0.2282,
      "epochs_run": 68,
      "early_stop_epoch": 68,
      "early_stopped": false,
      "elapsed": 223.9,
      "status": "ok"
    },
    {
      "trial": 4,
      "params": {
        "learning_rate": 0.004291204084982752
      },
      "mrr@20": 0.1928,
      "valid_result": {
        "hit@5": 0.2126,
        "hit@10": 0.2256,
        "hit@20": 0.2437,
        "ndcg@5": 0.1955,
        "ndcg@10": 0.1997,
        "ndcg@20": 0.2043,
        "mrr@5": 0.1898,
        "mrr@10": 0.1915,
        "mrr@20": 0.1928
      },
      "test_result": {
        "hit@5": 0.2179,
        "hit@10": 0.2274,
        "hit@20": 0.2463,
        "ndcg@5": 0.1987,
        "ndcg@10": 0.2017,
        "ndcg@20": 0.2065,
        "mrr@5": 0.1922,
        "mrr@10": 0.1935,
        "mrr@20": 0.1948
      },
      "best_hr@10": 0.2256,
      "test_mrr@20": 0.1948,
      "test_hr@10": 0.2274,
      "epochs_run": 68,
      "early_stop_epoch": 68,
      "early_stopped": false,
      "elapsed": 227.5,
      "status": "ok"
    },
    {
      "trial": 5,
      "params": {
        "learning_rate": 0.006167845472975659
      },
      "mrr@20": 0.1961,
      "valid_result": {
        "hit@5": 0.219,
        "hit@10": 0.232,
        "hit@20": 0.2482,
        "ndcg@5": 0.1997,
        "ndcg@10": 0.2039,
        "ndcg@20": 0.208,
        "mrr@5": 0.1932,
        "mrr@10": 0.1949,
        "mrr@20": 0.1961
      },
      "test_result": {
        "hit@5": 0.2181,
        "hit@10": 0.2354,
        "hit@20": 0.2535,
        "ndcg@5": 0.2003,
        "ndcg@10": 0.2059,
        "ndcg@20": 0.2104,
        "mrr@5": 0.1943,
        "mrr@10": 0.1966,
        "mrr@20": 0.1978
      },
      "best_hr@10": 0.232,
      "test_mrr@20": 0.1978,
      "test_hr@10": 0.2354,
      "epochs_run": 68,
      "early_stop_epoch": 68,
      "early_stopped": false,
      "elapsed": 225.5,
      "status": "ok"
    },
    {
      "trial": 6,
      "params": {
        "learning_rate": 0.0038982651864966776
      },
      "mrr@20": 0.1913,
      "valid_result": {
        "hit@5": 0.2086,
        "hit@10": 0.2261,
        "hit@20": 0.2424,
        "ndcg@5": 0.1931,
        "ndcg@10": 0.1987,
        "ndcg@20": 0.2028,
        "mrr@5": 0.1878,
        "mrr@10": 0.1901,
        "mrr@20": 0.1913
      },
      "test_result": {
        "hit@5": 0.2144,
        "hit@10": 0.2293,
        "hit@20": 0.2492,
        "ndcg@5": 0.1944,
        "ndcg@10": 0.1992,
        "ndcg@20": 0.2042,
        "mrr@5": 0.1877,
        "mrr@10": 0.1896,
        "mrr@20": 0.191
      },
      "best_hr@10": 0.2261,
      "test_mrr@20": 0.191,
      "test_hr@10": 0.2293,
      "epochs_run": 64,
      "early_stop_epoch": 64,
      "early_stopped": true,
      "elapsed": 215.4,
      "status": "ok"
    },
    {
      "trial": 7,
      "params": {
        "learning_rate": 0.0020849544943247022
      },
      "mrr@20": 0.1844,
      "valid_result": {
        "hit@5": 0.2038,
        "hit@10": 0.2192,
        "hit@20": 0.2333,
        "ndcg@5": 0.187,
        "ndcg@10": 0.192,
        "ndcg@20": 0.1955,
        "mrr@5": 0.1814,
        "mrr@10": 0.1834,
        "mrr@20": 0.1844
      },
      "test_result": {
        "hit@5": 0.2043,
        "hit@10": 0.2194,
        "hit@20": 0.2359,
        "ndcg@5": 0.1851,
        "ndcg@10": 0.1901,
        "ndcg@20": 0.1943,
        "mrr@5": 0.1788,
        "mrr@10": 0.1809,
        "mrr@20": 0.182
      },
      "best_hr@10": 0.2192,
      "test_mrr@20": 0.182,
      "test_hr@10": 0.2194,
      "epochs_run": 68,
      "early_stop_epoch": 68,
      "early_stopped": false,
      "elapsed": 224.2,
      "status": "ok"
    },
    {
      "trial": 8,
      "params": {
        "learning_rate": 0.0019167465040165438
      },
      "mrr@20": 0.1852,
      "valid_result": {
        "hit@5": 0.2038,
        "hit@10": 0.2168,
        "hit@20": 0.2381,
        "ndcg@5": 0.1874,
        "ndcg@10": 0.1917,
        "ndcg@20": 0.197,
        "mrr@5": 0.182,
        "mrr@10": 0.1838,
        "mrr@20": 0.1852
      },
      "test_result": {
        "hit@5": 0.2024,
        "hit@10": 0.2165,
        "hit@20": 0.2386,
        "ndcg@5": 0.1824,
        "ndcg@10": 0.1871,
        "ndcg@20": 0.1927,
        "mrr@5": 0.1757,
        "mrr@10": 0.1777,
        "mrr@20": 0.1793
      },
      "best_hr@10": 0.2168,
      "test_mrr@20": 0.1793,
      "test_hr@10": 0.2165,
      "epochs_run": 64,
      "early_stop_epoch": 64,
      "early_stopped": true,
      "elapsed": 212.0,
      "status": "ok"
    }
  ],
  "run_group": "baseline",
  "run_axis": "stagee_relrseed_anchor2_core5",
  "run_phase": "P20_SC_D00_M01_P02_GRU4REC_D7_E2_S1",
  "parent_result": "",
  "interrupted": false,
  "interrupted_at": null,
  "tuned_search": {
    "learning_rate": [
      0.001614011963209205,
      0.006999999999999999
    ]
  },
  "fixed_search": {
    "num_layers": 3,
    "weight_decay": 0.00020240000000000004,
    "dropout_ratio": 0.21000000000000005,
    "hidden_size": 112,
    "embedding_size": 112,
    "n_layers": 3,
    "dropout_prob": 0.21000000000000005,
    "hidden_dropout_prob": 0.21000000000000005,
    "attn_dropout_prob": 0.21000000000000005
  },
  "context_fixed": {
    "num_layers": 3,
    "search_space_type_overrides": {
      "learning_rate": "loguniform",
      "weight_decay": "choice",