stage_name,stage_key,split,aggregation_level,node_kind,node_name,route_space,support_size,wrapper_name,source_type,temperature,top_k,entropy_norm,n_eff_norm,top1_monopoly_norm,jitter_adj_norm,knn_consistency_score,knn_consistency_js,n_eff,cv_usage,top1_max_frac,entropy_mean
macro,macro@1,best_valid,session,final,final.expert,expert,16,FlatJointWrapper,,,,0.9143216913483176,0.9022227293959278,0.27072633508751104,0.8586846697896574,0.9749308947553653,0.025388687670179762,14.435563670334846,0.32920166850090027,0.3163059391445416,2.5350380099315477
macro,macro@1,best_valid,session,final,final.group,group,4,FlatJointWrapper,,,,0.9523959812212348,0.9740093731737922,0.22531291628747416,0.0,0.9927833724305347,0.007242793388181361,3.896037492695169,0.16335269808769226,0.4189846872156056,1.320301178320243
macro,macro@1,best_valid,session,final,final.intra.Exposure,intra,4,FlatJointWrapper,,,,0.87946241495006,0.9131378030591165,0.4626676690539311,0.0,0.9849570146041257,0.015157278758111972,3.652551212236466,0.30842331051826477,0.5970007517904483,1.2191937866621494
macro,macro@1,best_valid,session,final,final.intra.Focus,intra,4,FlatJointWrapper,,,,0.8957790598807926,0.9387924387249553,0.2503725978976246,0.0,0.9845927026512652,0.015527223171115297,3.7551697548998213,0.25533962313409125,0.4377794484232185,1.2418134595220196
macro,macro@1,best_valid,session,final,final.intra.Memory,intra,4,FlatJointWrapper,,,,0.8781977772024634,0.9543306040333814,0.14390851897281687,0.0,0.9835749761392221,0.01656141005846118,3.8173224161335257,0.2187575101852417,0.35793138922961265,1.217440626483797
macro,macro@1,best_valid,session,final,final.intra.Tempo,intra,4,FlatJointWrapper,,,,0.8901078546025978,0.9420877050630175,0.3524578271937114,0.0,0.9809260984004966,0.019258155179521157,3.76835082025207,0.24793601036071777,0.5143433703952836,1.2339514996241048
