best_mrr20,epoch,epoch_time_sec,eval,lr,patience_used,train_loss,trial,valid_mrr20
0.0144,1,17.853530406951904,1,0.0005476,0,678.0764698982239,1,0.0144
0.0165,3,16.900768280029297,1,0.0005476,0,575.517147064209,1,0.0165
0.0179,5,16.683696508407593,1,0.0005476,0,539.2065057754517,1,0.0179
0.0179,10,16.653440713882446,1,0.0005476,5,483.17423009872437,1,0.0175
0.0179,15,16.715478897094727,1,0.0005476,10,444.0705738067627,1,0.0153
