stage_name,stage_key,split,aggregation_level,node_kind,node_name,route_space,support_size,wrapper_name,source_type,temperature,top_k,entropy_norm,n_eff_norm,top1_monopoly_norm,jitter_adj_norm,knn_consistency_score,knn_consistency_js,n_eff,cv_usage,top1_max_frac,entropy_mean
macro,macro@1,best_valid,session,final,final.expert,expert,12,ScalarGroupConditionalProductWrapper,,,,0.9895558930596606,0.9891493009878541,0.24838133685272884,0.0,0.9978702354498298,0.0021320357239730317,11.86979161185425,0.104736807377719,0.31101622544833474,2.458954019000854
macro,macro@1,best_valid,session,final,final.group,group,4,ScalarGroupConditionalProductWrapper,,,,0.9835028994440296,0.9901240280066287,0.22083689154568745,0.0,0.9982314098434562,0.0017701559585617643,3.9604961120265147,0.09987276792526245,0.4156276686592656,1.363424523644321
macro,macro@1,best_valid,session,final,final.intra.Exposure,intra,3,ScalarGroupConditionalProductWrapper,,,,0.999161126910768,0.9988360854702626,0.46404782237403935,0.0,0.9999453349485543,5.466654563404453e-05,2.9965082564107877,0.034135998140692764,0.6426985482493596,1.0976906923836465
macro,macro@1,best_valid,session,final,final.intra.Focus,intra,3,ScalarGroupConditionalProductWrapper,,,,0.9967058196325631,0.9992225556593954,0.34184457728437234,0.0,0.9997338426299095,0.0002661927962494107,2.9976676669781863,0.02789141899670902,0.5612297181895816,1.0949932616353544
macro,macro@1,best_valid,session,final,final.intra.Memory,intra,3,ScalarGroupConditionalProductWrapper,,,,0.9945633372513589,0.9995136541297741,0.453800170794193,0.0,0.9990925844538218,0.0009078274968907636,2.998540962389322,0.02205822225114041,0.635866780529462,1.0926395041631085
macro,macro@1,best_valid,session,final,final.intra.Tempo,intra,3,ScalarGroupConditionalProductWrapper,,,,0.997294653101632,0.9967892475291654,0.6505550811272416,0.0,0.9998276387828793,0.00017237607302240363,2.9903677425874964,0.05675449611978244,0.7670367207514944,1.0956401613204525
