stage_name,stage_key,split,aggregation_level,node_kind,node_name,route_space,support_size,wrapper_name,source_type,temperature,top_k,entropy_norm,n_eff_norm,top1_monopoly_norm,jitter_adj_norm,knn_consistency_score,knn_consistency_js,n_eff,cv_usage,top1_max_frac,entropy_mean
macro,macro@1,best_valid,session,final,final.expert,expert,12,ScalarGroupConditionalProductWrapper,,,,0.7996871213236039,0.5855399427541473,0.9510940529418748,0.0,0.9831463653857008,0.01699727329059,7.026479313049768,0.8413234840245862,0.9551695485300519,1.9871478455268468
macro,macro@1,best_valid,session,final,final.group,group,4,ScalarGroupConditionalProductWrapper,,,,0.97223078921872,0.9334804300464548,0.9576359487727352,0.0,0.99945578431839,0.0005443638207129527,3.733921720185819,0.2669450640678406,0.9682269615795513,1.3477980608010525
macro,macro@1,best_valid,session,final,final.intra.Exposure,intra,3,ScalarGroupConditionalProductWrapper,,,,0.5103980126939701,0.5511233136088455,0.9584536857515925,0.0,0.9934372678699408,0.006584361540518273,1.6533699408265363,0.9024831085657147,0.9723024571677285,0.5607295288573775
macro,macro@1,best_valid,session,final,final.intra.Focus,intra,3,ScalarGroupConditionalProductWrapper,,,,0.6295833815336046,0.6663743347860956,0.3911090887508409,0.0,0.9998649337840673,0.00013507533819548026,1.999123004358287,0.7075718579419894,0.5940727258338939,0.6916680396940411
macro,macro@1,best_valid,session,final,final.intra.Memory,intra,3,ScalarGroupConditionalProductWrapper,,,,0.6229032424958207,0.7200801112609666,0.3934831638507498,0.0,0.9840746412934736,0.016053529833684344,2.1602403337829,0.6234856807146764,0.5956554425671665,0.6843291568571203
macro,macro@1,best_valid,session,final,final.intra.Tempo,intra,3,ScalarGroupConditionalProductWrapper,,,,0.6256079624773718,0.84804129220985,0.3933051082182566,0.0,0.9422605088371717,0.05947349397888794,2.54412387662955,0.42330576708001594,0.5955367388121711,0.6873005954662584
