{
  "split": "early_valid",
  "feature_mode": "none",
  "stage_metrics": {
    "mid@1": {
      "mode": "moe",
      "n_slots": 4,
      "expert_names": [
        "Tempo",
        "Focus",
        "Memory",
        "Exposure"
      ],
      "family_names": [
        "Tempo",
        "Focus",
        "Memory",
        "Exposure"
      ],
      "usage_sum": [
        14449.4599609375,
        3948.539306640625,
        3245.472900390625,
        5903.52734375
      ],
      "top1_count": [
        22953.0,
        1601.0,
        501.0,
        2492.0
      ],
      "entropy_mean": 1.0802612459784642,
      "route_jitter_adjacent": 0.27643531175588676,
      "route_jitter_session": 0.14483401630659937,
      "route_consistency_knn_js": 0.01354235607781041,
      "route_consistency_knn_score": 0.986548929089563,
      "route_consistency_group_knn_js": 0.01354235607781041,
      "route_consistency_group_knn_score": 0.986548929089563,
      "route_consistency_intra_group_knn": {
        "group_names": [
          "Tempo",
          "Focus",
          "Memory",
          "Exposure"
        ],
        "js_by_group": [
          0.0,
          0.0,
          0.0,
          0.0
        ],
        "score_by_group": [
          1.0,
          1.0,
          1.0,
          1.0
        ],
        "mean_js": 0.0,
        "mean_score": 1.0
      },
      "route_consistency_feature_group_knn": {
        "group_names": [
          "Tempo",
          "Focus",
          "Memory",
          "Exposure"
        ],
        "js_by_group": [
          0.01429886895299423,
          0.015136992963194283,
          0.015455037961385166,
          0.014259156614731754
        ],
        "score_by_group": [
          0.9858028743582942,
          0.9849769954427896,
          0.9846637782472774,
          0.9858420236728511
        ],
        "mean_js": 0.014787514123076358,
        "mean_score": 0.9853214179303031
      },
      "condition_norm": 0.0,
      "stage_delta_norm": 7.149796223557199,
      "shared_delta_norm": 7.148552866348326,
      "moe_delta_norm": 7.149796223557199,
      "residual_delta_norm": 7.149796223557199,
      "alpha_value": 1.0,
      "alpha_effective": 1.0,
      "usage_share": [
        0.5245383977890015,
        0.14333826303482056,
        0.11781583726406097,
        0.21430745720863342
      ],
      "n_eff": 2.8129818691006965,
      "cv_usage": 0.6495988368988037,
      "dead_expert_frac": 0.0,
      "top1_max_frac": 0.8332304788180201,
      "wrapper_name": "FlatJointWrapper",
      "feature_family_expert_heatmap": {
        "family_names": [
          "Tempo",
          "Focus",
          "Memory",
          "Exposure"
        ],
        "values": [
          [
            9086.4609375,
            2339.322509765625,
            2070.30615234375,
            3657.97607421875
          ],
          [
            8900.166015625,
            2436.929931640625,
            1994.4423828125,
            3604.4482421875
          ],
          [
            7624.7236328125,
            2089.56298828125,
            1710.2943115234375,
            3109.63037109375
          ],
          [
            5085.11669921875,
            1437.43115234375,
            1139.723876953125,
            2174.743896484375
          ]
        ]
      },
      "position_expert_usage": {
        "values": [
          [
            4385.0,
            392.0,
            36.0,
            56.0
          ],
          [
            4528.0,
            65.0,
            10.0,
            266.0
          ],
          [
            4010.0,
            336.0,
            107.0,
            416.0
          ],
          [
            3015.0,
            9.0,
            5.0,
            236.0
          ],
          [
            1256.0,
            506.0,
            146.0,
            479.0
          ],
          [
            1731.0,
            3.0,
            0.0,
            178.0
          ],
          [
            1509.0,
            36.0,
            5.0,
            51.0
          ],
          [
            939.0,
            170.0,
            93.0,
            185.0
          ],
          [
            912.0,
            83.0,
            24.0,
            225.0
          ],
          [
            668.0,
            1.0,
            75.0,
            400.0
          ]
        ]
      },
      "route_transition_matrix": {
        "values": [
          [
            15959.0,
            1063.0,
            403.0,
            1868.0
          ],
          [
            1101.0,
            61.0,
            22.0,
            136.0
          ],
          [
            278.0,
            8.0,
            8.0,
            51.0
          ],
          [
            1230.0,
            77.0,
            32.0,
            381.0
          ]
        ]
      },
      "group_routing": {
        "group_names": [
          "Tempo",
          "Focus",
          "Memory",
          "Exposure"
        ],
        "group_share": [
          0.5245383977890015,
          0.14333826303482056,
          0.11781583726406097,
          0.21430745720863342
        ],
        "group_n_eff": 2.8129818691006965,
        "group_cv_usage": 0.6495988673902784,
        "group_top1_max_frac": 0.8332304788180201,
        "group_entropy_mean": 1.0802612459784642,
        "group_prior_mean": [
          0.0,
          0.0,
          0.0,
          0.0
        ],
        "factored_group_entropy_mean": 0.0
      },
      "specialization_summary": {
        "mean_top_expert_share": 0.5241893529891968,
        "family_top_expert": [
          {
            "family": "Tempo",
            "expert": "Tempo",
            "top_share": 0.5296971797943115
          },
          {
            "family": "Focus",
            "expert": "Tempo",
            "top_share": 0.525518000125885
          },
          {
            "family": "Memory",
            "expert": "Tempo",
            "top_share": 0.5246052742004395
          },
          {
            "family": "Exposure",
            "expert": "Tempo",
            "top_share": 0.5169369578361511
          }
        ]
      },
      "expert_similarity_mean": 0.3116900622844696,
      "expert_similarity_max": 0.39790546894073486
    }
  },
  "scalar_metrics": {
    "mid_1.entropy_mean": 1.0802612459784642,
    "mid_1.n_eff": 2.8129818691006965,
    "mid_1.cv_usage": 0.6495988368988037,
    "mid_1.dead_expert_frac": 0.0,
    "mid_1.top1_max_frac": 0.8332304788180201,
    "mid_1.route_jitter_adjacent": 0.27643531175588676,
    "mid_1.route_jitter_session": 0.14483401630659937,
    "mid_1.route_consistency_knn_js": 0.01354235607781041,
    "mid_1.route_consistency_knn_score": 0.986548929089563,
    "mid_1.route_consistency_group_knn_js": 0.01354235607781041,
    "mid_1.route_consistency_group_knn_score": 0.986548929089563,
    "mid_1.route_consistency_intra_group_knn_mean_js": 0.0,
    "mid_1.route_consistency_intra_group_knn_mean_score": 1.0,
    "mid_1.route_consistency_feature_group_knn_mean_js": 0.014787514123076358,
    "mid_1.route_consistency_feature_group_knn_mean_score": 0.9853214179303031,
    "mid_1.route_consistency_feature_group_knn_tempo_js": 0.01429886895299423,
    "mid_1.route_consistency_feature_group_knn_tempo_score": 0.9858028743582942,
    "mid_1.route_consistency_feature_group_knn_focus_js": 0.015136992963194283,
    "mid_1.route_consistency_feature_group_knn_focus_score": 0.9849769954427896,
    "mid_1.route_consistency_feature_group_knn_memory_js": 0.015455037961385166,
    "mid_1.route_consistency_feature_group_knn_memory_score": 0.9846637782472774,
    "mid_1.route_consistency_feature_group_knn_exposure_js": 0.014259156614731754,
    "mid_1.route_consistency_feature_group_knn_exposure_score": 0.9858420236728511,
    "mid_1.condition_norm": 0.0,
    "mid_1.stage_delta_norm": 7.149796223557199,
    "mid_1.shared_delta_norm": 7.148552866348326,
    "mid_1.moe_delta_norm": 7.149796223557199,
    "mid_1.residual_delta_norm": 7.149796223557199,