{
  "split": "best_valid",
  "feature_mode": "runtime:unknown|ablation:none",
  "stages": [
    {
      "stage": "macro@1",
      "n_eff": 7.9899589839448035,
      "cv_usage": 0.03545164900729948,
      "top1_max_frac": 0.18109512531372618,
      "entropy_mean": 1.980179740800311,
      "route_jitter_adjacent": 0.7528554070473876,
      "route_consistency_knn_js": 0.011878747879117354,
      "route_consistency_knn_score": 0.9881915259163458,
      "route_consistency_group_knn_js": 0.0055356085317007,
      "route_consistency_group_knn_score": 0.9944796847170486,
      "route_consistency_intra_group_knn_mean_js": 0.006323933634502286,
      "route_consistency_intra_group_knn_mean_score": 0.9936961896370063,
      "route_consistency_feature_group_knn_mean_score": 0.9858313720842703,
      "family_top_expert_mean_share": 0.13481268286705017,
      "route_consistency_feature_group_knn_tempo_js": 0.014736190376165146,
      "route_consistency_feature_group_knn_tempo_score": 0.9853718558959869,
      "route_consistency_feature_group_knn_focus_js": 0.014027000102906731,
      "route_consistency_feature_group_knn_focus_score": 0.9860709198871228,
      "route_consistency_feature_group_knn_memory_js": 0.014558671811912813,
      "route_consistency_feature_group_knn_memory_score": 0.9855467932199521,
      "route_consistency_feature_group_knn_exposure_js": 0.013758293421078338,
      "route_consistency_feature_group_knn_exposure_score": 0.9863359193340197
    }
  ]
}
