stage_name,stage_key,split,aggregation_level,node_kind,node_name,route_space,support_size,wrapper_name,source_type,temperature,top_k,entropy_norm,n_eff_norm,top1_monopoly_norm,jitter_adj_norm,knn_consistency_score,knn_consistency_js,n_eff,cv_usage,top1_max_frac,entropy_mean
macro,macro@1,best_valid,session,final,final.expert,expert,12,ScalarGroupConditionalProductWrapper,,,,0.9724098922161547,0.9949003194112533,0.7336082059533386,0.0,0.9977591056248273,0.0022434089362526246,11.93880383293504,0.07159337479253115,0.7558075221238938,2.4163478074875555
macro,macro@1,best_valid,session,final,final.group,group,4,ScalarGroupConditionalProductWrapper,,,,0.9610031588723662,0.9979367000906024,0.6803097345132744,0.0,0.9982019050316526,0.0017997134815562856,3.9917468003624097,0.04546892270445824,0.7602323008849557,1.3322332601631637
macro,macro@1,best_valid,session,final,final.intra.Exposure,intra,3,ScalarGroupConditionalProductWrapper,,,,0.9763648473833437,0.9971733349880361,0.6357853982300884,0.0,0.999329673181193,0.0006705515882805394,2.991520004964108,0.053242842011367024,0.7571902654867256,1.072646419558905
macro,macro@1,best_valid,session,final,final.intra.Focus,intra,3,ScalarGroupConditionalProductWrapper,,,,0.9997523295217664,0.9997904441894893,0.9713772123893804,0.0,0.9999923822567064,7.6177723087857595e-06,2.999371332568468,0.014476214104109581,0.9809181415929203,1.098340194837182
macro,macro@1,best_valid,session,final,final.intra.Memory,intra,3,ScalarGroupConditionalProductWrapper,,,,0.9994063299410515,0.999523926037969,1.0,0.0,0.9999905784413569,9.421603026334938e-06,2.998571778113907,0.02182524446546303,1.0,1.0979600754459347
macro,macro@1,best_valid,session,final,final.intra.Tempo,intra,3,ScalarGroupConditionalProductWrapper,,,,0.9771883632592898,0.9727071804978228,0.792588495575221,0.0,0.9994001177975689,0.0006000622037495153,2.9181215414934685,0.16750725604572128,0.8617256637168141,1.0735511442201326
