stage_name,stage_key,split,aggregation_level,node_kind,node_name,route_space,support_size,wrapper_name,source_type,temperature,top_k,entropy_norm,n_eff_norm,top1_monopoly_norm,jitter_adj_norm,knn_consistency_score,knn_consistency_js,n_eff,cv_usage,top1_max_frac,entropy_mean
macro,macro@1,best_valid,session,final,final.expert,expert,16,FlatJointWrapper,,,,0.9390054715694842,0.9819458208404183,0.05905857072334988,0.7230847543904302,0.9618478630029415,0.03889898738950631,15.711133133446692,0.1355949627643868,0.11786741005314051,2.6034759805949994
macro,macro@1,best_valid,session,final,final.group,group,4,FlatJointWrapper,,,,0.9744385930028217,0.9963562230811497,0.06124226849028661,0.0,0.9919859262335626,0.008046359062458198,3.9854248923245987,0.06047357991337776,0.29593170136771496,1.3508587267374117
macro,macro@1,best_valid,session,final,final.intra.Exposure,intra,4,FlatJointWrapper,,,,0.8985013756781072,0.9914323196747468,0.04985916310944627,0.0,0.9665082233110608,0.034065472029480806,3.965729278698987,0.09296070784330368,0.2873943723320847,1.2455873905610244
macro,macro@1,best_valid,session,final,final.intra.Focus,intra,4,FlatJointWrapper,,,,0.9083374061278043,0.9856215198643917,0.08679617852890782,0.0,0.96991781530177,0.030543937567221267,3.942486079457567,0.12078192059885982,0.31509713389668087,1.259223024109243
macro,macro@1,best_valid,session,final,final.intra.Memory,intra,4,FlatJointWrapper,,,,0.9221180358116267,0.9812684654426811,0.15393326944855823,0.0,0.9771972335179578,0.023066770632074077,3.9250738617707244,0.1381632685661316,0.3654499520864187,1.2783270333326073
macro,macro@1,best_valid,session,final,final.intra.Tempo,intra,4,FlatJointWrapper,,,,0.9171804749435399,0.9975659632520862,0.02778987716700058,0.0,0.9698065250359461,0.030658686105074457,3.990263853008345,0.049397277796106205,0.27084240787525043,1.2714821205434925
