best_mrr20,epoch,epoch_time_sec,eval,lr,patience_used,train_loss,trial,valid_mrr20
0.0128,1,17.482040882110596,1,0.0005476,0,680.3709540367126,1,0.0128
0.0168,3,16.650197982788086,1,0.0005476,0,582.4309072494507,1,0.0168
0.0196,8,17.88820219039917,1,0.0005476,0,518.9513330459595,1,0.0196
0.0196,10,16.25799584388733,1,0.0005476,2,504.4914741516113,1,0.0184
0.0196,18,16.13322162628174,1,0.0005476,10,459.79765033721924,1,0.0163
