stage_name,stage_key,split,aggregation_level,node_kind,node_name,route_space,support_size,wrapper_name,source_type,temperature,top_k,entropy_norm,n_eff_norm,top1_monopoly_norm,jitter_adj_norm,knn_consistency_score,knn_consistency_js,n_eff,cv_usage,top1_max_frac,entropy_mean
macro,macro@1,best_valid,session,final,final.expert,expert,12,GroupConditionalProductWrapper,,,,0.9515711673187351,0.8389075690969771,0.8870297478201906,0.0,0.9970532577424338,0.002951092450566022,10.066890829163725,0.43820833791544067,0.8964439355018414,2.364565521416855
macro,macro@1,best_valid,session,final,final.group,group,4,GroupConditionalProductWrapper,,,,0.9537813300115064,0.913948028148605,0.4772471707261716,0.0,0.9988667662702513,0.001133876324611188,3.65579211259442,0.3068453371524811,0.6079353780446287,1.3222216795363808
macro,macro@1,best_valid,session,final,final.intra.Exposure,intra,3,GroupConditionalProductWrapper,,,,0.8662666446009948,0.8180300133722317,0.9072916344279038,0.0,0.9957809224216787,0.00422800299967048,2.454090040116695,0.47164511765107164,0.9381944229519359,0.951691181021943
macro,macro@1,best_valid,session,final,final.intra.Focus,intra,3,GroupConditionalProductWrapper,,,,0.9974710874174674,0.9974664428831921,0.6234564080344156,0.0,0.9999257678551682,7.423490017384022e-05,2.9923993286495763,0.05039800180798763,0.7489709386896104,1.095833994227972
macro,macro@1,best_valid,session,final,final.intra.Memory,intra,3,GroupConditionalProductWrapper,,,,0.9968087343893448,0.9973396988194158,0.851072390207669,0.0,0.999898533943664,0.00010147120436455687,2.992019096458247,0.05164667623798024,0.9007149268051128,1.09510632505184
macro,macro@1,best_valid,session,final,final.intra.Tempo,intra,3,GroupConditionalProductWrapper,,,,0.9712564772896463,0.9933983116531695,0.3310791990343846,0.0,0.9976388065177908,0.002363985495394187,2.9801949349595085,0.08151977266312323,0.5540527993562564,1.0670343013989043
