stage_name,stage_key,split,aggregation_level,node_kind,node_name,route_space,support_size,wrapper_name,source_type,temperature,top_k,entropy_norm,n_eff_norm,top1_monopoly_norm,jitter_adj_norm,knn_consistency_score,knn_consistency_js,n_eff,cv_usage,top1_max_frac,entropy_mean
macro,macro@1,best_valid,session,final,final.expert,expert,12,ScalarGroupConditionalProductWrapper,,,,0.9453323765012568,0.9909134460031773,0.7080764287550338,0.0,0.997122156183219,0.002881992771238464,11.890961352038127,0.09575950814010178,0.7324033930254477,2.3490627086278666
macro,macro@1,best_valid,session,final,final.group,group,4,ScalarGroupConditionalProductWrapper,,,,0.9573716805630621,0.9981765678256321,0.6483820295318882,0.0,0.998350839119955,0.0016505222427924532,3.9927062713025285,0.042739039780015975,0.7362865221489161,1.327198962260446
macro,macro@1,best_valid,session,final,final.intra.Exposure,intra,3,ScalarGroupConditionalProductWrapper,,,,0.9984883510570444,0.9988830063294323,0.6459943449575871,0.0,0.999937980978633,6.202094462611129e-05,2.996649018988297,0.03343926084222612,0.7639962299717248,1.0969515725632266
macro,macro@1,best_valid,session,final,final.intra.Focus,intra,3,ScalarGroupConditionalProductWrapper,,,,0.9263574849392135,0.998466492572584,0.6942695570216776,0.0,0.9972261225287892,0.0027777317985947527,2.995399477717752,0.03918910934212478,0.7961797046811184,1.0177077166539035
macro,macro@1,best_valid,session,final,final.intra.Memory,intra,3,ScalarGroupConditionalProductWrapper,,,,0.992973841644042,0.9990869759610037,0.7532704995287464,0.0,0.9997410346237252,0.0002589989135979369,2.997260927883011,0.030230484001920105,0.8355136663524977,1.0908932647561262
macro,macro@1,best_valid,session,final,final.intra.Tempo,intra,3,ScalarGroupConditionalProductWrapper,,,,0.8399133469285136,0.8912102446902903,0.6962865221489161,0.0,0.9980692846987289,0.0019325815345553488,2.673630734070871,0.34938460292266005,0.7975243480992774,0.9227391243520264
