{
  "model": "SASRec",
  "dataset": "amazon_beauty",
  "dataset_raw": "amazon_beauty",
  "max_evals": 6,
  "tune_epochs": 36,
  "n_completed": 6,
  "n_recorded_trials": 6,
  "timestamp": "2026-03-29T16:02:53.164428",
  "trials": [
    {
      "trial": 1,
      "params": {
        "MAX_ITEM_LIST_LENGTH": 10,
        "learning_rate": 0.0030126324716594714
      },
      "mrr@20": 0.1159,
      "valid_result": {
        "hit@5": 0.1416,
        "hit@10": 0.1593,
        "hit@20": 0.1681,
        "ndcg@5": 0.1196,
        "ndcg@10": 0.1257,
        "ndcg@20": 0.1281,
        "mrr@5": 0.1124,
        "mrr@10": 0.1151,
        "mrr@20": 0.1159
      },
      "test_result": {
        "hit@5": 0.0965,
        "hit@10": 0.0965,
        "hit@20": 0.1053,
        "ndcg@5": 0.0871,
        "ndcg@10": 0.0871,
        "ndcg@20": 0.0894,
        "mrr@5": 0.0841,
        "mrr@10": 0.0841,
        "mrr@20": 0.0847
      },
      "best_hr@10": 0.1593,
      "test_mrr@20": 0.0847,
      "test_hr@10": 0.0965,
      "epochs_run": 19,
      "early_stop_epoch": 19,
      "early_stopped": true,
      "elapsed": 5.5,
      "status": "ok"
    },
    {
      "trial": 2,
      "params": {
        "MAX_ITEM_LIST_LENGTH": 5,
        "learning_rate": 0.004590310447679329
      },
      "mrr@20": 0.1162,
      "valid_result": {
        "hit@5": 0.1327,
        "hit@10": 0.1593,
        "hit@20": 0.177,
        "ndcg@5": 0.1167,
        "ndcg@10": 0.1256,
        "ndcg@20": 0.1299,
        "mrr@5": 0.1114,
        "mrr@10": 0.1151,
        "mrr@20": 0.1162
      },
      "test_result": {
        "hit@5": 0.0965,
        "hit@10": 0.0965,
        "hit@20": 0.0965,
        "ndcg@5": 0.09,
        "ndcg@10": 0.09,
        "ndcg@20": 0.09,
        "mrr@5": 0.0877,
        "mrr@10": 0.0877,
        "mrr@20": 0.0877
      },
      "best_hr@10": 0.1593,
      "test_mrr@20": 0.0877,
      "test_hr@10": 0.0965,
      "epochs_run": 12,
      "early_stop_epoch": 12,
      "early_stopped": true,
      "elapsed": 2.8,
      "status": "ok"
    },
    {
      "trial": 3,
      "params": {
        "MAX_ITEM_LIST_LENGTH": 5,
        "learning_rate": 0.0049528876140528064
      },
      "mrr@20": 0.1163,
      "valid_result": {
        "hit@5": 0.1416,
        "hit@10": 0.1593,
        "hit@20": 0.1681,
        "ndcg@5": 0.1202,
        "ndcg@10": 0.1263,
        "ndcg@20": 0.1283,
        "mrr@5": 0.1131,
        "mrr@10": 0.1159,
        "mrr@20": 0.1163
      },
      "test_result": {
        "hit@5": 0.0965,
        "hit@10": 0.0965,
        "hit@20": 0.0965,
        "ndcg@5": 0.0877,
        "ndcg@10": 0.0877,
        "ndcg@20": 0.0877,
        "mrr@5": 0.0848,
        "mrr@10": 0.0848,
        "mrr@20": 0.0848
      },
      "best_hr@10": 0.1593,
      "test_mrr@20": 0.0848,
      "test_hr@10": 0.0965,
      "epochs_run": 16,
      "early_stop_epoch": 16,
      "early_stopped": true,
      "elapsed": 3.5,
      "status": "ok"
    },
    {
      "trial": 4,
      "params": {
        "MAX_ITEM_LIST_LENGTH": 10,
        "learning_rate": 0.004296212662424218
      },
      "mrr@20": 0.1178,
      "valid_result": {
        "hit@5": 0.1416,
        "hit@10": 0.1858,
        "hit@20": 0.1858,
        "ndcg@5": 0.1192,
        "ndcg@10": 0.1334,
        "ndcg@20": 0.1334,
        "mrr@5": 0.1119,
        "mrr@10": 0.1178,
        "mrr@20": 0.1178
      },
      "test_result": {
        "hit@5": 0.0965,
        "hit@10": 0.1053,
        "hit@20": 0.114,
        "ndcg@5": 0.0877,
        "ndcg@10": 0.0905,
        "ndcg@20": 0.0929,
        "mrr@5": 0.0848,
        "mrr@10": 0.0859,
        "mrr@20": 0.0867
      },
      "best_hr@10": 0.1858,
      "test_mrr@20": 0.0867,
      "test_hr@10": 0.1053,
      "epochs_run": 14,
      "early_stop_epoch": 14,
      "early_stopped": true,
      "elapsed": 3.4,
      "status": "ok"
    },
    {
      "trial": 5,
      "params": {
        "MAX_ITEM_LIST_LENGTH": 5,
        "learning_rate": 0.00257453075447991
      },
      "mrr@20": 0.1212,
      "valid_result": {
        "hit@5": 0.1239,
        "hit@10": 0.1593,
        "hit@20": 0.1681,
        "ndcg@5": 0.1174,
        "ndcg@10": 0.1294,
        "ndcg@20": 0.1319,
        "mrr@5": 0.115,
        "mrr@10": 0.1204,
        "mrr@20": 0.1212
      },
      "test_result": {
        "hit@5": 0.0965,
        "hit@10": 0.0965,
        "hit@20": 0.114,
        "ndcg@5": 0.09,
        "ndcg@10": 0.09,
        "ndcg@20": 0.0944,
        "mrr@5": 0.0877,
        "mrr@10": 0.0877,
        "mrr@20": 0.0889
      },
      "best_hr@10": 0.1593,
      "test_mrr@20": 0.0889,
      "test_hr@10": 0.0965,
      "epochs_run": 25,
      "early_stop_epoch": 25,
      "early_stopped": true,
      "elapsed": 5.5,
      "status": "ok"
    },
    {
      "trial": 6,
      "params": {
        "MAX_ITEM_LIST_LENGTH": 30,
        "learning_rate": 0.005386240983817599
      },
      "mrr@20": 0.1176,
      "valid_result": {
        "hit@5": 0.1593,
        "hit@10": 0.1681,
        "hit@20": 0.1681,
        "ndcg@5": 0.1268,
        "ndcg@10": 0.1297,
        "ndcg@20": 0.1297,
        "mrr@5": 0.1164,
        "mrr@10": 0.1176,
        "mrr@20": 0.1176
      },
      "test_result": {
        "hit@5": 0.0877,
        "hit@10": 0.0965,
        "hit@20": 0.1053,
        "ndcg@5": 0.0789,
        "ndcg@10": 0.0817,
        "ndcg@20": 0.084,
        "mrr@5": 0.076,
        "mrr@10": 0.0771,
        "mrr@20": 0.0778
      },
      "best_hr@10": 0.1681,
      "test_mrr@20": 0.0778,
      "test_hr@10": 0.0965,
      "epochs_run": 13,
      "early_stop_epoch": 13,
      "early_stopped": true,
      "elapsed": 4.0,
      "status": "ok"
    }
  ],
  "run_group": "baseline",
  "run_axis": "stagea_lr_anchor2_core5",
  "run_phase": "P16_SA_D01_M01_SASREC_LR4_1.6e3_4.8e3_S1",
  "parent_result": "",
  "interrupted": false,
  "interrupted_at": null,
  "tuned_search": {
    "learning_rate": [
      0.00192,
      0.0057599999999999995
    ],
    "MAX_ITEM_LIST_LENGTH": [
      5,
      10,
      30,
      50
    ]
  },
  "fixed_search": {
    "attn_dropout_prob": 0.2,
    "num_layers": 2,
    "weight_decay": 0.0003,
    "hidden_dropout_prob": 0.2,
    "hidden_size": 128,
    "embedding_size": 128,
    "inner_size": 256,
    "n_layers": 2,
    "n_heads": 4,
    "num_heads": 4,
    "dropout_ratio": 0.2,
    "dropout_prob": 0.2,
    "num_experts": 2
  },
  "context_fixed": {
    "num_layers": 2,
    "search_space_type_overrides": {
      "learning_rate": "loguniform",
      "weight_decay": "choice",
      "hidden_size": "choice",
      "embedding_size": "choice",
      "inner_size": "choice",
      "n_layers": "choice",
      "num_layers": "choice",
      "n_heads": "choice",
      "num_heads": "choice",
      "dropout_ratio": "choice",
      "dropout_prob": "choice",
      "hidden_dropout_prob": "choice",
      "attn_dropout_prob": "choice",
      "num_experts": "choice"
    }
  },
  "best_params": {
    "MAX_ITEM_LIST_LENGTH": 5,
    "learning_rate": 0.00257453075447991
  },
  "best_mrr@20": 0.1212,
  "best_hr@10": 0.1593,
  "test_mrr@20": 0.0889,
  "test_hr@10": 0.0965,
  "best_valid_result": {
    "hit@5": 0.1239,
    "hit@10": 0.1593,
    "hit@20": 0.1681,
    "ndcg@5": 0.1174,
    "ndcg@10": 0.1294,
    "ndcg@20": 0.1319,
    "mrr@5": 0.115,
    "mrr@10": 0.1204,
    "mrr@20": 0.1212
  },
  "test_result": {
    "hit@5": 0.0965,
    "hit@10": 0.0965,
    "hit@20": 0.114,
    "ndcg@5": 0.09,
    "ndcg@10": 0.09,
    "ndcg@20": 0.0944,
    "mrr@5": 0.0877,
    "mrr@10": 0.0877,
    "mrr@20": 0.0889
  },
  "best_valid_special_metrics": {
    "split": "best_valid",
    "overall": {
      "count": 113,
      "hit@20": 0.168141592920354,
      "ndcg@20": 0.13187623973441334,
      "mrr@20": 0.12116902288609901
    },
    "slices": {
      "target_popularity_abs": {
        "rare_1_5": {
          "count": 113,
          "hit@20": 0.168141592920354,
          "ndcg@20": 0.13187623973441334,
          "mrr@20": 0.12116902288609901
        }
      },