stage_name,stage_key,split,aggregation_level,node_kind,node_name,route_space,support_size,wrapper_name,source_type,temperature,top_k,entropy_norm,n_eff_norm,top1_monopoly_norm,jitter_adj_norm,knn_consistency_score,knn_consistency_js,n_eff,cv_usage,top1_max_frac,entropy_mean
macro,macro@1,best_valid,session,final,final.expert,expert,12,GroupConditionalProductWrapper,,,,0.9045803711291415,0.9779479852852112,0.7027843671359894,0.0,0.994015298266317,0.006002681834020399,11.735375823422535,0.15016423835860973,0.7275523365413236,2.247797779486501
macro,macro@1,best_valid,session,final,final.group,group,4,GroupConditionalProductWrapper,,,,0.8407759291834346,0.9803757904934048,0.6448354297347253,0.0,0.9948363693985194,0.005177008213209185,3.9215031619736194,0.14148201244855074,0.733626572301044,1.1655629295923318
macro,macro@1,best_valid,session,final,final.intra.Exposure,intra,3,GroupConditionalProductWrapper,,,,0.9934453415360347,0.9988748885270393,0.6067896947448489,0.0,0.9993819586332663,0.0006182324330278517,2.996624665581118,0.0335615947153689,0.737859796496566,1.091411260331575
macro,macro@1,best_valid,session,final,final.intra.Focus,intra,3,GroupConditionalProductWrapper,,,,0.9952758434323242,0.995990384426442,0.9145087144888713,0.0,0.9999386798832043,6.132199695096718e-05,2.987971153279326,0.06344882582280559,0.9430058096592475,1.093422272209269
macro,macro@1,best_valid,session,final,final.intra.Memory,intra,3,GroupConditionalProductWrapper,,,,0.9683213333303718,0.9971827587139438,0.6422264113503323,0.0,0.9987038670205013,0.0012969736863727701,2.9915482761418315,0.05315302153965767,0.7614842742335549,1.0638097161762354
macro,macro@1,best_valid,session,final,final.intra.Tempo,intra,3,GroupConditionalProductWrapper,,,,0.9598270927094814,0.9526735672574791,0.7188047756060456,0.0,0.9991699434199287,0.0008304012677877302,2.8580207017724373,0.22288451927211997,0.8125365170706971,1.0544778390472214
