{
  "model": "BSARec",
  "dataset": "amazon_beauty",
  "dataset_raw": "amazon_beauty",
  "max_evals": 8,
  "tune_epochs": 50,
  "n_completed": 8,
  "n_recorded_trials": 8,
  "timestamp": "2026-04-12T20:56:27.451206",
  "trials": [
    {
      "trial": 1,
      "params": {
        "learning_rate": 0.00047521836577335883
      },
      "mrr@20": 0.0013,
      "valid_result": {
        "hit@5": 0.0,
        "hit@10": 0.0088,
        "hit@20": 0.0088,
        "ndcg@5": 0.0,
        "ndcg@10": 0.0029,
        "ndcg@20": 0.0029,
        "mrr@5": 0.0,
        "mrr@10": 0.0013,
        "mrr@20": 0.0013
      },
      "test_result": {
        "hit@5": 0.0,
        "hit@10": 0.0,
        "hit@20": 0.0175,
        "ndcg@5": 0.0,
        "ndcg@10": 0.0,
        "ndcg@20": 0.0046,
        "mrr@5": 0.0,
        "mrr@10": 0.0,
        "mrr@20": 0.0014
      },
      "best_hr@10": 0.0088,
      "test_mrr@20": 0.0014,
      "test_hr@10": 0.0,
      "epochs_run": 7,
      "early_stop_epoch": 7,
      "early_stopped": true,
      "elapsed": 2.0,
      "status": "ok"
    },
    {
      "trial": 2,
      "params": {
        "learning_rate": 0.0006913502748083511
      },
      "mrr@20": 0.0025,
      "valid_result": {
        "hit@5": 0.0,
        "hit@10": 0.0088,
        "hit@20": 0.0265,
        "ndcg@5": 0.0,
        "ndcg@10": 0.0029,
        "ndcg@20": 0.0075,
        "mrr@5": 0.0,
        "mrr@10": 0.0013,
        "mrr@20": 0.0025
      },
      "test_result": {
        "hit@5": 0.0,
        "hit@10": 0.0,
        "hit@20": 0.0088,
        "ndcg@5": 0.0,
        "ndcg@10": 0.0,
        "ndcg@20": 0.002,
        "mrr@5": 0.0,
        "mrr@10": 0.0,
        "mrr@20": 0.0004
      },
      "best_hr@10": 0.0088,
      "test_mrr@20": 0.0004,
      "test_hr@10": 0.0,
      "epochs_run": 7,
      "early_stop_epoch": 7,
      "early_stopped": true,
      "elapsed": 1.5,
      "status": "ok"
    },
    {
      "trial": 3,
      "params": {
        "learning_rate": 0.0008145738090033849
      },
      "mrr@20": 0.0032,
      "valid_result": {
        "hit@5": 0.0088,
        "hit@10": 0.0177,
        "hit@20": 0.0177,
        "ndcg@5": 0.0038,
        "ndcg@10": 0.0065,
        "ndcg@20": 0.0065,
        "mrr@5": 0.0022,
        "mrr@10": 0.0032,
        "mrr@20": 0.0032
      },
      "test_result": {
        "hit@5": 0.0,
        "hit@10": 0.0,
        "hit@20": 0.0,
        "ndcg@5": 0.0,
        "ndcg@10": 0.0,
        "ndcg@20": 0.0,
        "mrr@5": 0.0,
        "mrr@10": 0.0,
        "mrr@20": 0.0
      },
      "best_hr@10": 0.0177,
      "test_mrr@20": 0.0,
      "test_hr@10": 0.0,
      "epochs_run": 10,
      "early_stop_epoch": 10,
      "early_stopped": true,
      "elapsed": 1.9,
      "status": "ok"
    },
    {
      "trial": 4,
      "params": {
        "learning_rate": 0.00070553566253853
      },
      "mrr@20": 0.0028,
      "valid_result": {
        "hit@5": 0.0,
        "hit@10": 0.0088,
        "hit@20": 0.0265,
        "ndcg@5": 0.0,
        "ndcg@10": 0.0032,
        "ndcg@20": 0.0077,
        "mrr@5": 0.0,
        "mrr@10": 0.0015,
        "mrr@20": 0.0028
      },
      "test_result": {
        "hit@5": 0.0,
        "hit@10": 0.0,
        "hit@20": 0.0088,
        "ndcg@5": 0.0,
        "ndcg@10": 0.0,
        "ndcg@20": 0.002,
        "mrr@5": 0.0,
        "mrr@10": 0.0,
        "mrr@20": 0.0005
      },
      "best_hr@10": 0.0088,
      "test_mrr@20": 0.0005,
      "test_hr@10": 0.0,
      "epochs_run": 7,
      "early_stop_epoch": 7,
      "early_stopped": true,
      "elapsed": 1.4,
      "status": "ok"
    },
    {
      "trial": 5,
      "params": {
        "learning_rate": 0.000494161039527851
      },
      "mrr@20": 0.0054,
      "valid_result": {
        "hit@5": 0.0088,
        "hit@10": 0.0177,
        "hit@20": 0.0177,
        "ndcg@5": 0.0056,
        "ndcg@10": 0.0082,
        "ndcg@20": 0.0082,
        "mrr@5": 0.0044,
        "mrr@10": 0.0054,
        "mrr@20": 0.0054
      },
      "test_result": {
        "hit@5": 0.0,
        "hit@10": 0.0,
        "hit@20": 0.0,
        "ndcg@5": 0.0,
        "ndcg@10": 0.0,
        "ndcg@20": 0.0,
        "mrr@5": 0.0,
        "mrr@10": 0.0,
        "mrr@20": 0.0
      },
      "best_hr@10": 0.0177,
      "test_mrr@20": 0.0,
      "test_hr@10": 0.0,
      "epochs_run": 13,
      "early_stop_epoch": 13,
      "early_stopped": true,
      "elapsed": 2.6,
      "status": "ok"
    },
    {
      "trial": 6,
      "params": {
        "learning_rate": 0.0007442421423948883
      },
      "mrr@20": 0.0029,
      "valid_result": {
        "hit@5": 0.0088,
        "hit@10": 0.0088,
        "hit@20": 0.0177,
        "ndcg@5": 0.0038,
        "ndcg@10": 0.0038,
        "ndcg@20": 0.0061,
        "mrr@5": 0.0022,
        "mrr@10": 0.0022,
        "mrr@20": 0.0029
      },
      "test_result": {
        "hit@5": 0.0,
        "hit@10": 0.0,
        "hit@20": 0.0,
        "ndcg@5": 0.0,
        "ndcg@10": 0.0,
        "ndcg@20": 0.0,
        "mrr@5": 0.0,
        "mrr@10": 0.0,
        "mrr@20": 0.0
      },
      "best_hr@10": 0.0088,
      "test_mrr@20": 0.0,
      "test_hr@10": 0.0,
      "epochs_run": 10,
      "early_stop_epoch": 10,
      "early_stopped": true,
      "elapsed": 2.0,
      "status": "ok"
    },
    {
      "trial": 7,
      "params": {
        "learning_rate": 0.0005099870972365314
      },
      "mrr@20": 0.0094,
      "valid_result": {
        "hit@5": 0.0088,
        "hit@10": 0.0088,
        "hit@20": 0.0177,
        "ndcg@5": 0.0088,
        "ndcg@10": 0.0088,
        "ndcg@20": 0.0111,
        "mrr@5": 0.0088,
        "mrr@10": 0.0088,
        "mrr@20": 0.0094
      },
      "test_result": {
        "hit@5": 0.0,
        "hit@10": 0.0,
        "hit@20": 0.0,
        "ndcg@5": 0.0,
        "ndcg@10": 0.0,
        "ndcg@20": 0.0,
        "mrr@5": 0.0,
        "mrr@10": 0.0,
        "mrr@20": 0.0
      },
      "best_hr@10": 0.0088,
      "test_mrr@20": 0.0,
      "test_hr@10": 0.0,
      "epochs_run": 13,
      "early_stop_epoch": 13,
      "early_stopped": true,
      "elapsed": 2.5,
      "status": "ok"
    },
    {
      "trial": 8,
      "params": {
        "learning_rate": 0.00048254256686958396
      },
      "mrr@20": 0.0013,
      "valid_result": {
        "hit@5": 0.0,
        "hit@10": 0.0088,
        "hit@20": 0.0088,
        "ndcg@5": 0.0,
        "ndcg@10": 0.0029,
        "ndcg@20": 0.0029,
        "mrr@5": 0.0,
        "mrr@10": 0.0013,
        "mrr@20": 0.0013
      },
      "test_result": {
        "hit@5": 0.0,
        "hit@10": 0.0,
        "hit@20": 0.0175,
        "ndcg@5": 0.0,
        "ndcg@10": 0.0,
        "ndcg@20": 0.0044,
        "mrr@5": 0.0,
        "mrr@10": 0.0,
        "mrr@20": 0.0012
      },
      "best_hr@10": 0.0088,
      "test_mrr@20": 0.0012,
      "test_hr@10": 0.0,
      "epochs_run": 7,
      "early_stop_epoch": 7,
      "early_stopped": true,
      "elapsed": 1.4,
      "status": "ok"
    }
  ],
  "run_group": "baseline",
  "run_axis": "stagei_progressiverecovery_anchor2_core5",
  "run_phase": "P24_I2_D01_MBSAREC_C05_I2_BSAREC_SHORT_HI_S1",
  "parent_result": "",
  "interrupted": false,
  "interrupted_at": null,
  "tuned_search": {
    "learning_rate": [
      0.00044675437405737784,
      0.0008193323223652154
    ]
  },
  "fixed_search": {
    "num_layers": 3,
    "num_heads": 4,
    "weight_decay": 0.00017,
    "hidden_dropout_prob": 0.13,
    "MAX_ITEM_LIST_LENGTH": 6,
    "n_layers": 3,
    "n_heads": 4,
    "dropout_ratio": 0.13,
    "dropout_prob": 0.13,
    "attn_dropout_prob": 0.13,
    "hidden_size": 320,
    "embedding_size": 320,
    "inner_size": 640,
    "time_span": 512,
    "num_experts": 8,
    "state_size": 32,
    "conv_kernel": 8,
    "remaining_ratio": 0.7
  },
  "context_fixed": {
    "num_layers": 3,
    "search_space_type_overrides": {
      "learning_rate": "loguniform",
      "weight_decay": "choice",
      "n_layers": "choice",
      "num_layers": "choice",
      "n_heads": "choice",