{
  "model": "GRU4Rec",
  "dataset": "amazon_beauty",
  "dataset_raw": "amazon_beauty",
  "max_evals": 8,
  "tune_epochs": 68,
  "n_completed": 8,
  "n_recorded_trials": 8,
  "timestamp": "2026-04-05T10:05:30.613081",
  "trials": [
    {
      "trial": 1,
      "params": {
        "MAX_ITEM_LIST_LENGTH": 30,
        "learning_rate": 0.002660916616317464
      },
      "mrr@20": 0.0026,
      "valid_result": {
        "hit@5": 0.0,
        "hit@10": 0.0088,
        "hit@20": 0.0265,
        "ndcg@5": 0.0,
        "ndcg@10": 0.0029,
        "ndcg@20": 0.0075,
        "mrr@5": 0.0,
        "mrr@10": 0.0013,
        "mrr@20": 0.0026
      },
      "test_result": {
        "hit@5": 0.0,
        "hit@10": 0.0,
        "hit@20": 0.0088,
        "ndcg@5": 0.0,
        "ndcg@10": 0.0,
        "ndcg@20": 0.0022,
        "mrr@5": 0.0,
        "mrr@10": 0.0,
        "mrr@20": 0.0006
      },
      "best_hr@10": 0.0088,
      "test_mrr@20": 0.0006,
      "test_hr@10": 0.0,
      "epochs_run": 16,
      "early_stop_epoch": 16,
      "early_stopped": true,
      "elapsed": 3.3,
      "status": "ok"
    },
    {
      "trial": 2,
      "params": {
        "MAX_ITEM_LIST_LENGTH": 10,
        "learning_rate": 0.001678719739795068
      },
      "mrr@20": 0.0043,
      "valid_result": {
        "hit@5": 0.0,
        "hit@10": 0.0177,
        "hit@20": 0.0354,
        "ndcg@5": 0.0,
        "ndcg@10": 0.0063,
        "ndcg@20": 0.0109,
        "mrr@5": 0.0,
        "mrr@10": 0.0029,
        "mrr@20": 0.0043
      },
      "test_result": {
        "hit@5": 0.0,
        "hit@10": 0.0088,
        "hit@20": 0.0088,
        "ndcg@5": 0.0,
        "ndcg@10": 0.0025,
        "ndcg@20": 0.0025,
        "mrr@5": 0.0,
        "mrr@10": 0.0009,
        "mrr@20": 0.0009
      },
      "best_hr@10": 0.0177,
      "test_mrr@20": 0.0009,
      "test_hr@10": 0.0088,
      "epochs_run": 18,
      "early_stop_epoch": 18,
      "early_stopped": true,
      "elapsed": 1.6,
      "status": "ok"
    },
    {
      "trial": 3,
      "params": {
        "MAX_ITEM_LIST_LENGTH": 50,
        "learning_rate": 0.002675619572159733
      },
      "mrr@20": 0.0024,
      "valid_result": {
        "hit@5": 0.0,
        "hit@10": 0.0088,
        "hit@20": 0.0265,
        "ndcg@5": 0.0,
        "ndcg@10": 0.0029,
        "ndcg@20": 0.0074,
        "mrr@5": 0.0,
        "mrr@10": 0.0013,
        "mrr@20": 0.0024
      },
      "test_result": {
        "hit@5": 0.0,
        "hit@10": 0.0,
        "hit@20": 0.0088,
        "ndcg@5": 0.0,
        "ndcg@10": 0.0,
        "ndcg@20": 0.0023,
        "mrr@5": 0.0,
        "mrr@10": 0.0,
        "mrr@20": 0.0007
      },
      "best_hr@10": 0.0088,
      "test_mrr@20": 0.0007,
      "test_hr@10": 0.0,
      "epochs_run": 16,
      "early_stop_epoch": 16,
      "early_stopped": true,
      "elapsed": 3.9,
      "status": "ok"
    },
    {
      "trial": 4,
      "params": {
        "MAX_ITEM_LIST_LENGTH": 10,
        "learning_rate": 0.0018236876238644823
      },
      "mrr@20": 0.0038,
      "valid_result": {
        "hit@5": 0.0088,
        "hit@10": 0.0088,
        "hit@20": 0.0354,
        "ndcg@5": 0.0034,
        "ndcg@10": 0.0034,
        "ndcg@20": 0.0104,
        "mrr@5": 0.0018,
        "mrr@10": 0.0018,
        "mrr@20": 0.0038
      },
      "test_result": {
        "hit@5": 0.0,
        "hit@10": 0.0,
        "hit@20": 0.0088,
        "ndcg@5": 0.0,
        "ndcg@10": 0.0,
        "ndcg@20": 0.0023,
        "mrr@5": 0.0,
        "mrr@10": 0.0,
        "mrr@20": 0.0007
      },
      "best_hr@10": 0.0088,
      "test_mrr@20": 0.0007,
      "test_hr@10": 0.0,
      "epochs_run": 18,
      "early_stop_epoch": 18,
      "early_stopped": true,
      "elapsed": 1.8,
      "status": "ok"
    },
    {
      "trial": 5,
      "params": {
        "MAX_ITEM_LIST_LENGTH": 50,
        "learning_rate": 0.002557338335267197
      },
      "mrr@20": 0.011,
      "valid_result": {
        "hit@5": 0.0088,
        "hit@10": 0.0265,
        "hit@20": 0.0265,
        "ndcg@5": 0.0088,
        "ndcg@10": 0.0144,
        "ndcg@20": 0.0144,
        "mrr@5": 0.0088,
        "mrr@10": 0.011,
        "mrr@20": 0.011
      },
      "test_result": {
        "hit@5": 0.0,
        "hit@10": 0.0,
        "hit@20": 0.0,
        "ndcg@5": 0.0,
        "ndcg@10": 0.0,
        "ndcg@20": 0.0,
        "mrr@5": 0.0,
        "mrr@10": 0.0,
        "mrr@20": 0.0
      },
      "best_hr@10": 0.0265,
      "test_mrr@20": 0.0,
      "test_hr@10": 0.0,
      "epochs_run": 32,
      "early_stop_epoch": 32,
      "early_stopped": true,
      "elapsed": 8.9,
      "status": "ok"
    },
    {
      "trial": 6,
      "params": {
        "MAX_ITEM_LIST_LENGTH": 30,
        "learning_rate": 0.002243391411240781
      },
      "mrr@20": 0.0034,
      "valid_result": {
        "hit@5": 0.0,
        "hit@10": 0.0177,
        "hit@20": 0.0265,
        "ndcg@5": 0.0,
        "ndcg@10": 0.0061,
        "ndcg@20": 0.0084,
        "mrr@5": 0.0,
        "mrr@10": 0.0027,
        "mrr@20": 0.0034
      },
      "test_result": {
        "hit@5": 0.0,
        "hit@10": 0.0088,
        "hit@20": 0.0088,
        "ndcg@5": 0.0,
        "ndcg@10": 0.0026,
        "ndcg@20": 0.0026,
        "mrr@5": 0.0,
        "mrr@10": 0.001,
        "mrr@20": 0.001
      },
      "best_hr@10": 0.0177,
      "test_mrr@20": 0.001,
      "test_hr@10": 0.0088,
      "epochs_run": 16,
      "early_stop_epoch": 16,
      "early_stopped": true,
      "elapsed": 2.4,
      "status": "ok"
    },
    {
      "trial": 7,
      "params": {
        "MAX_ITEM_LIST_LENGTH": 5,
        "learning_rate": 0.001919606702942734
      },
      "mrr@20": 0.0036,
      "valid_result": {
        "hit@5": 0.0088,
        "hit@10": 0.0088,
        "hit@20": 0.0354,
        "ndcg@5": 0.0034,
        "ndcg@10": 0.0034,
        "ndcg@20": 0.0101,
        "mrr@5": 0.0018,
        "mrr@10": 0.0018,
        "mrr@20": 0.0036
      },
      "test_result": {
        "hit@5": 0.0,
        "hit@10": 0.0,
        "hit@20": 0.0088,
        "ndcg@5": 0.0,
        "ndcg@10": 0.0,
        "ndcg@20": 0.0024,
        "mrr@5": 0.0,
        "mrr@10": 0.0,
        "mrr@20": 0.0008
      },
      "best_hr@10": 0.0088,
      "test_mrr@20": 0.0008,
      "test_hr@10": 0.0,
      "epochs_run": 18,
      "early_stop_epoch": 18,
      "early_stopped": true,
      "elapsed": 1.5,
      "status": "ok"
    },
    {
      "trial": 8,
      "params": {
        "MAX_ITEM_LIST_LENGTH": 30,
        "learning_rate": 0.002476508708299166
      },
      "mrr@20": 0.0027,
      "valid_result": {
        "hit@5": 0.0,
        "hit@10": 0.0177,
        "hit@20": 0.0265,
        "ndcg@5": 0.0,
        "ndcg@10": 0.0055,
        "ndcg@20": 0.0077,
        "mrr@5": 0.0,
        "mrr@10": 0.0021,
        "mrr@20": 0.0027
      },
      "test_result": {
        "hit@5": 0.0,
        "hit@10": 0.0,
        "hit@20": 0.0088,
        "ndcg@5": 0.0,
        "ndcg@10": 0.0,
        "ndcg@20": 0.0023,
        "mrr@5": 0.0,
        "mrr@10": 0.0,
        "mrr@20": 0.0007
      },
      "best_hr@10": 0.0177,
      "test_mrr@20": 0.0007,
      "test_hr@10": 0.0,
      "epochs_run": 16,
      "early_stop_epoch": 16,
      "early_stopped": true,
      "elapsed": 2.4,
      "status": "ok"
    }
  ],
  "run_group": "baseline",
  "run_axis": "stagee_relrseed_anchor2_core5",
  "run_phase": "P20_SC_D01_M01_P01_GRU4REC_D7_E1_S2",
  "parent_result": "",
  "interrupted": false,
  "interrupted_at": null,
  "tuned_search": {
    "learning_rate": [
      0.0012700784124881567,
      0.00615
    ],
    "MAX_ITEM_LIST_LENGTH": [
      5,
      10,
      30,
      50
    ]
  },
  "fixed_search": {
    "num_layers": 3,
    "weight_decay": 4.840000000000001e-05,
    "hidden_dropout_prob": 0.06000000000000001,
    "hidden_size": 264,
    "embedding_size": 264,
    "n_layers": 3,
    "dropout_ratio": 0.06000000000000001,
    "dropout_prob": 0.06000000000000001,
    "attn_dropout_prob": 0.06000000000000001
  },