{
  "model": "SIGMA",
  "dataset": "foursquare",
  "dataset_raw": "foursquare",
  "max_evals": 6,
  "tune_epochs": 42,
  "n_completed": 6,
  "n_recorded_trials": 6,
  "timestamp": "2026-04-07T14:40:01.802709",
  "trials": [
    {
      "trial": 1,
      "params": {
        "learning_rate": 0.00025377503611363804
      },
      "mrr@20": 0.0257,
      "valid_result": {
        "hit@5": 0.036,
        "hit@10": 0.0455,
        "hit@20": 0.0565,
        "ndcg@5": 0.0268,
        "ndcg@10": 0.0299,
        "ndcg@20": 0.0326,
        "mrr@5": 0.0237,
        "mrr@10": 0.025,
        "mrr@20": 0.0257
      },
      "test_result": {
        "hit@5": 0.036,
        "hit@10": 0.0444,
        "hit@20": 0.0504,
        "ndcg@5": 0.0267,
        "ndcg@10": 0.0295,
        "ndcg@20": 0.031,
        "mrr@5": 0.0237,
        "mrr@10": 0.0248,
        "mrr@20": 0.0253
      },
      "best_hr@10": 0.0455,
      "test_mrr@20": 0.0253,
      "test_hr@10": 0.0444,
      "epochs_run": 42,
      "early_stop_epoch": 42,
      "early_stopped": false,
      "elapsed": 128.4,
      "status": "ok"
    },
    {
      "trial": 2,
      "params": {
        "learning_rate": 0.0006393579981387121
      },
      "mrr@20": 0.0771,
      "valid_result": {
        "hit@5": 0.1091,
        "hit@10": 0.133,
        "hit@20": 0.1548,
        "ndcg@5": 0.0815,
        "ndcg@10": 0.0893,
        "ndcg@20": 0.0948,
        "mrr@5": 0.0724,
        "mrr@10": 0.0756,
        "mrr@20": 0.0771
      },
      "test_result": {
        "hit@5": 0.1019,
        "hit@10": 0.1256,
        "hit@20": 0.1521,
        "ndcg@5": 0.076,
        "ndcg@10": 0.0838,
        "ndcg@20": 0.0905,
        "mrr@5": 0.0674,
        "mrr@10": 0.0707,
        "mrr@20": 0.0726
      },
      "best_hr@10": 0.133,
      "test_mrr@20": 0.0726,
      "test_hr@10": 0.1256,
      "epochs_run": 42,
      "early_stop_epoch": 42,
      "early_stopped": false,
      "elapsed": 136.9,
      "status": "ok"
    },
    {
      "trial": 3,
      "params": {
        "learning_rate": 0.00019955884645387543
      },
      "mrr@20": 0.0032,
      "valid_result": {
        "hit@5": 0.0045,
        "hit@10": 0.005,
        "hit@20": 0.0063,
        "ndcg@5": 0.0034,
        "ndcg@10": 0.0036,
        "ndcg@20": 0.0039,
        "mrr@5": 0.0031,
        "mrr@10": 0.0031,
        "mrr@20": 0.0032
      },
      "test_result": {
        "hit@5": 0.0013,
        "hit@10": 0.0016,
        "hit@20": 0.0024,
        "ndcg@5": 0.0012,
        "ndcg@10": 0.0013,
        "ndcg@20": 0.0015,
        "mrr@5": 0.0011,
        "mrr@10": 0.0012,
        "mrr@20": 0.0012
      },
      "best_hr@10": 0.005,
      "test_mrr@20": 0.0012,
      "test_hr@10": 0.0016,
      "epochs_run": 7,
      "early_stop_epoch": 7,
      "early_stopped": true,
      "elapsed": 18.3,
      "status": "ok"
    },
    {
      "trial": 4,
      "params": {
        "learning_rate": 0.0004938416887215495
      },
      "mrr@20": 0.0549,
      "valid_result": {
        "hit@5": 0.0783,
        "hit@10": 0.0946,
        "hit@20": 0.1101,
        "ndcg@5": 0.0583,
        "ndcg@10": 0.0635,
        "ndcg@20": 0.0675,
        "mrr@5": 0.0517,
        "mrr@10": 0.0538,
        "mrr@20": 0.0549
      },
      "test_result": {
        "hit@5": 0.0712,
        "hit@10": 0.0851,
        "hit@20": 0.1033,
        "ndcg@5": 0.0509,
        "ndcg@10": 0.0553,
        "ndcg@20": 0.0599,
        "mrr@5": 0.0441,
        "mrr@10": 0.0459,
        "mrr@20": 0.0471
      },
      "best_hr@10": 0.0946,
      "test_mrr@20": 0.0471,
      "test_hr@10": 0.0851,
      "epochs_run": 42,
      "early_stop_epoch": 42,
      "early_stopped": false,
      "elapsed": 135.3,
      "status": "ok"
    },
    {
      "trial": 5,
      "params": {
        "learning_rate": 0.00021581021751515932
      },
      "mrr@20": 0.0028,
      "valid_result": {
        "hit@5": 0.0034,
        "hit@10": 0.0042,
        "hit@20": 0.006,
        "ndcg@5": 0.0027,
        "ndcg@10": 0.003,
        "ndcg@20": 0.0035,
        "mrr@5": 0.0025,
        "mrr@10": 0.0026,
        "mrr@20": 0.0028
      },
      "test_result": {
        "hit@5": 0.0013,
        "hit@10": 0.0013,
        "hit@20": 0.0013,
        "ndcg@5": 0.0012,
        "ndcg@10": 0.0012,
        "ndcg@20": 0.0012,
        "mrr@5": 0.0011,
        "mrr@10": 0.0011,
        "mrr@20": 0.0011
      },
      "best_hr@10": 0.0042,
      "test_mrr@20": 0.0011,
      "test_hr@10": 0.0013,
      "epochs_run": 7,
      "early_stop_epoch": 7,
      "early_stopped": true,
      "elapsed": 20.7,
      "status": "ok"
    },
    {
      "trial": 6,
      "params": {
        "learning_rate": 0.0002444499695778531
      },
      "mrr@20": 0.012,
      "valid_result": {
        "hit@5": 0.0163,
        "hit@10": 0.0221,
        "hit@20": 0.0286,
        "ndcg@5": 0.0121,
        "ndcg@10": 0.014,
        "ndcg@20": 0.0156,
        "mrr@5": 0.0108,
        "mrr@10": 0.0115,
        "mrr@20": 0.012
      },
      "test_result": {
        "hit@5": 0.0152,
        "hit@10": 0.0218,
        "hit@20": 0.0292,
        "ndcg@5": 0.0112,
        "ndcg@10": 0.0133,
        "ndcg@20": 0.0151,
        "mrr@5": 0.0098,
        "mrr@10": 0.0107,
        "mrr@20": 0.0112
      },
      "best_hr@10": 0.0221,
      "test_mrr@20": 0.0112,
      "test_hr@10": 0.0218,
      "epochs_run": 25,
      "early_stop_epoch": 25,
      "early_stopped": true,
      "elapsed": 73.9,
      "status": "ok"
    }
  ],
  "run_group": "baseline",
  "run_axis": "stageg_cross6x9_anchor2_core5",
  "run_phase": "P22_SG_D03_M05_C02_SIGMA_FAD_H4_R2_S2",
  "parent_result": "",
  "interrupted": false,
  "interrupted_at": null,
  "tuned_search": {
    "learning_rate": [
      0.0001707804561012415,
      0.0006732524645419891
    ]
  },
  "fixed_search": {
    "num_layers": 1,
    "state_size": 8,
    "remaining_ratio": 0.35,
    "conv_kernel": 10,
    "weight_decay": 0.0005,
    "hidden_dropout_prob": 0.2,
    "MAX_ITEM_LIST_LENGTH": 10,
    "n_layers": 1,
    "n_heads": 4,
    "num_heads": 4,
    "dropout_ratio": 0.2,
    "dropout_prob": 0.2,
    "attn_dropout_prob": 0.2,
    "hidden_size": 112,
    "embedding_size": 112,
    "inner_size": 224,
    "time_span": 1024,
    "num_experts": 2
  },
  "context_fixed": {
    "num_layers": 1,
    "search_space_type_overrides": {
      "learning_rate": "loguniform",
      "weight_decay": "choice",
      "n_layers": "choice",
      "num_layers": "choice",
      "n_heads": "choice",
      "num_heads": "choice",
      "dropout_ratio": "choice",
      "dropout_prob": "choice",
      "hidden_dropout_prob": "choice",
      "attn_dropout_prob": "choice",
      "hidden_size": "choice",
      "embedding_size": "choice",
      "inner_size": "choice",
      "time_span": "choice",
      "num_experts": "choice",
      "state_size": "choice",
      "conv_kernel": "choice",
      "remaining_ratio": "choice",
      "MAX_ITEM_LIST_LENGTH": "choice"
    }
  },
  "best_params": {
    "learning_rate": 0.0006393579981387121
  },
  "best_mrr@20": 0.0771,
  "best_hr@10": 0.133,
  "test_mrr@20": 0.0726,
  "test_hr@10": 0.1256,
  "best_valid_result": {
    "hit@5": 0.1091,
    "hit@10": 0.133,
    "hit@20": 0.1548,
    "ndcg@5": 0.0815,
    "ndcg@10": 0.0893,
    "ndcg@20": 0.0948,
    "mrr@5": 0.0724,
    "mrr@10": 0.0756,
    "mrr@20": 0.0771
  },
  "test_result": {
    "hit@5": 0.1019,
    "hit@10": 0.1256,
    "hit@20": 0.1521,
    "ndcg@5": 0.076,
    "ndcg@10": 0.0838,
    "ndcg@20": 0.0905,
    "mrr@5": 0.0674,
    "mrr@10": 0.0707,
    "mrr@20": 0.0726
  },
  "best_valid_special_metrics": {
    "split": "best_valid",
    "overall": {
      "count": 3805,
      "hit@20": 0.15479632063074902,
      "ndcg@20": 0.09482296042624033,
      "mrr@20": 0.07712345283757528
    },
    "slices": {
      "target_popularity_abs": {
        "rare_1_5": {
          "count": 3436,
          "hit@20": 0.12165308498253784,
          "ndcg@20": 0.07191374315527876,
          "mrr@20": 0.057365520473469885
        },