{
  "model": "TiSASRec",
  "dataset": "KuaiRecLargeStrictPosV2_0.2",
  "dataset_raw": "KuaiRecLargeStrictPosV2_0.2",
  "max_evals": 4,
  "tune_epochs": 22,
  "n_completed": 4,
  "n_recorded_trials": 4,
  "timestamp": "2026-04-09T08:22:44.861577",
  "trials": [
    {
      "trial": 1,
      "params": {
        "learning_rate": 0.000887960898051616
      },
      "mrr@20": 0.0348,
      "valid_result": {
        "hit@5": 0.0374,
        "hit@10": 0.044,
        "hit@20": 0.0551,
        "ndcg@5": 0.0342,
        "ndcg@10": 0.0363,
        "ndcg@20": 0.0391,
        "mrr@5": 0.0332,
        "mrr@10": 0.034,
        "mrr@20": 0.0348
      },
      "test_result": {
        "hit@5": 0.0371,
        "hit@10": 0.0401,
        "hit@20": 0.0491,
        "ndcg@5": 0.0341,
        "ndcg@10": 0.0351,
        "ndcg@20": 0.0374,
        "mrr@5": 0.0331,
        "mrr@10": 0.0336,
        "mrr@20": 0.0342
      },
      "best_hr@10": 0.044,
      "test_mrr@20": 0.0342,
      "test_hr@10": 0.0401,
      "epochs_run": 8,
      "early_stop_epoch": 8,
      "early_stopped": true,
      "elapsed": 32.6,
      "status": "ok"
    },
    {
      "trial": 2,
      "params": {
        "learning_rate": 0.0010614569312017387
      },
      "mrr@20": 0.0298,
      "valid_result": {
        "hit@5": 0.0322,
        "hit@10": 0.0363,
        "hit@20": 0.0505,
        "ndcg@5": 0.0292,
        "ndcg@10": 0.0306,
        "ndcg@20": 0.0341,
        "mrr@5": 0.0283,
        "mrr@10": 0.0288,
        "mrr@20": 0.0298
      },
      "test_result": {
        "hit@5": 0.0346,
        "hit@10": 0.0406,
        "hit@20": 0.048,
        "ndcg@5": 0.0313,
        "ndcg@10": 0.0333,
        "ndcg@20": 0.0351,
        "mrr@5": 0.0302,
        "mrr@10": 0.0311,
        "mrr@20": 0.0316
      },
      "best_hr@10": 0.0363,
      "test_mrr@20": 0.0316,
      "test_hr@10": 0.0406,
      "epochs_run": 6,
      "early_stop_epoch": 6,
      "early_stopped": true,
      "elapsed": 23.6,
      "status": "ok"
    },
    {
      "trial": 3,
      "params": {
        "learning_rate": 0.001170260426143398
      },
      "mrr@20": 0.0306,
      "valid_result": {
        "hit@5": 0.0339,
        "hit@10": 0.0382,
        "hit@20": 0.0502,
        "ndcg@5": 0.0304,
        "ndcg@10": 0.0318,
        "ndcg@20": 0.0347,
        "mrr@5": 0.0292,
        "mrr@10": 0.0298,
        "mrr@20": 0.0306
      },
      "test_result": {
        "hit@5": 0.0357,
        "hit@10": 0.0404,
        "hit@20": 0.0491,
        "ndcg@5": 0.0318,
        "ndcg@10": 0.0333,
        "ndcg@20": 0.0355,
        "mrr@5": 0.0305,
        "mrr@10": 0.0311,
        "mrr@20": 0.0317
      },
      "best_hr@10": 0.0382,
      "test_mrr@20": 0.0317,
      "test_hr@10": 0.0404,
      "epochs_run": 6,
      "early_stop_epoch": 6,
      "early_stopped": true,
      "elapsed": 23.4,
      "status": "ok"
    },
    {
      "trial": 4,
      "params": {
        "learning_rate": 0.001379995350299676
      },
      "mrr@20": 0.0303,
      "valid_result": {
        "hit@5": 0.0322,
        "hit@10": 0.0407,
        "hit@20": 0.0491,
        "ndcg@5": 0.0296,
        "ndcg@10": 0.0322,
        "ndcg@20": 0.0344,
        "mrr@5": 0.0287,
        "mrr@10": 0.0298,
        "mrr@20": 0.0303
      },
      "test_result": {
        "hit@5": 0.0363,
        "hit@10": 0.0406,
        "hit@20": 0.048,
        "ndcg@5": 0.0326,
        "ndcg@10": 0.034,
        "ndcg@20": 0.0358,
        "mrr@5": 0.0314,
        "mrr@10": 0.032,
        "mrr@20": 0.0324
      },
      "best_hr@10": 0.0407,
      "test_mrr@20": 0.0324,
      "test_hr@10": 0.0406,
      "epochs_run": 6,
      "early_stop_epoch": 6,
      "early_stopped": true,
      "elapsed": 24.8,
      "status": "ok"
    }
  ],
  "run_group": "baseline",
  "run_axis": "stageh_targetedrecovery_anchor2_core5",
  "run_phase": "P23_SH_C02_MTISASREC_FAD_H2_R2_STRUCTL_S1",
  "parent_result": "",
  "interrupted": false,
  "interrupted_at": null,
  "tuned_search": {
    "learning_rate": [
      0.000713229205228743,
      0.0020592337763826367
    ]
  },
  "fixed_search": {
    "n_layers": 3,
    "n_heads": 4,
    "time_span": 384,
    "weight_decay": 0.00015,
    "dropout_ratio": 0.12,
    "num_layers": 3,
    "num_heads": 4,
    "dropout_prob": 0.12,
    "hidden_dropout_prob": 0.12,
    "attn_dropout_prob": 0.12,
    "hidden_size": 160,
    "embedding_size": 160,
    "inner_size": 320,
    "num_experts": 6,
    "state_size": 24,
    "conv_kernel": 6,
    "remaining_ratio": 0.6,
    "MAX_ITEM_LIST_LENGTH": 10
  },
  "context_fixed": {
    "num_layers": 3,
    "search_space_type_overrides": {
      "learning_rate": "loguniform",
      "weight_decay": "choice",
      "dropout_ratio": "choice",
      "n_layers": "choice",
      "num_layers": "choice",
      "n_heads": "choice",
      "num_heads": "choice",
      "dropout_prob": "choice",
      "hidden_dropout_prob": "choice",
      "attn_dropout_prob": "choice",
      "hidden_size": "choice",
      "embedding_size": "choice",
      "inner_size": "choice",
      "time_span": "choice",
      "num_experts": "choice",
      "state_size": "choice",
      "conv_kernel": "choice",
      "remaining_ratio": "choice",
      "MAX_ITEM_LIST_LENGTH": "choice"
    }
  },
  "best_params": {
    "learning_rate": 0.000887960898051616
  },
  "best_mrr@20": 0.0348,
  "best_hr@10": 0.044,
  "test_mrr@20": 0.0342,
  "test_hr@10": 0.0401,
  "best_valid_result": {
    "hit@5": 0.0374,
    "hit@10": 0.044,
    "hit@20": 0.0551,
    "ndcg@5": 0.0342,
    "ndcg@10": 0.0363,
    "ndcg@20": 0.0391,
    "mrr@5": 0.0332,
    "mrr@10": 0.034,
    "mrr@20": 0.0348
  },
  "test_result": {
    "hit@5": 0.0371,
    "hit@10": 0.0401,
    "hit@20": 0.0491,
    "ndcg@5": 0.0341,
    "ndcg@10": 0.0351,
    "ndcg@20": 0.0374,
    "mrr@5": 0.0331,
    "mrr@10": 0.0336,
    "mrr@20": 0.0342
  },
  "best_valid_special_metrics": {
    "split": "best_valid",
    "overall": {
      "count": 3663,
      "hit@20": 0.055146055146055147,
      "ndcg@20": 0.03909829717384737,
      "mrr@20": 0.03476161905469023
    },
    "slices": {
      "target_popularity_abs": {
        "rare_1_5": {
          "count": 2785,
          "hit@20": 0.05457809694793537,
          "ndcg@20": 0.038252005483988584,
          "mrr@20": 0.03383566475267684
        },
        "6_20": {
          "count": 856,
          "hit@20": 0.05841121495327103,
          "ndcg@20": 0.042856573919269524,
          "mrr@20": 0.03866762180038005
        },
        "21_100": {
          "count": 22,
          "hit@20": 0.0,
          "ndcg@20": 0.0,
          "mrr@20": 0.0
        }
      },
      "target_popularity_abs_legacy": {
        "<=5": {
          "count": 2785,
          "hit@20": 0.05457809694793537,
          "ndcg@20": 0.038252005483988584,
          "mrr@20": 0.03383566475267684
        },
        "6-20": {
          "count": 856,
          "hit@20": 0.05841121495327103,
          "ndcg@20": 0.042856573919269524,
          "mrr@20": 0.03866762180038005
        },
        "21-100": {
          "count": 22,
          "hit@20": 0.0,
          "ndcg@20": 0.0,
          "mrr@20": 0.0
        }
      },
      "session_len": {
        "<=7": {
          "count": 2152,
          "hit@20": 0.04972118959107807,
          "ndcg@20": 0.034242094740216174,
          "mrr@20": 0.030039380489741228
        },
        "8-12": {
          "count": 1511,
          "hit@20": 0.0628722700198544,
          "ndcg@20": 0.0460146093096345,
          "mrr@20": 0.0414871368520233
        }
      },
      "session_len_legacy": {
        "1-2": {
          "count": 9,
          "hit@20": 0.2222222222222222,
          "ndcg@20": 0.2222222222222222,
          "mrr@20": 0.2222222222222222
        },
        "3-5": {
          "count": 1478,
          "hit@20": 0.04736129905277402,
          "ndcg@20": 0.03294044197694536,
          "mrr@20": 0.02900739528329511
        },
        "6-10": {
          "count": 2176,
          "hit@20": 0.05974264705882353,