{
  "model": "GRU4Rec",
  "dataset": "KuaiRecLargeStrictPosV2_0.2",
  "dataset_raw": "KuaiRecLargeStrictPosV2_0.2",
  "max_evals": 10,
  "tune_epochs": 100,
  "n_completed": 10,
  "n_recorded_trials": 10,
  "timestamp": "2026-03-12T21:03:49.997671",
  "trials": [
    {
      "trial": 1,
      "params": {
        "dropout_ratio": 0.25,
        "learning_rate": 0.00040565955976336814,
        "weight_decay": 0.0
      },
      "mrr@20": 0.0746,
      "valid_result": {
        "hit@5": 0.0834,
        "hit@10": 0.1023,
        "hit@20": 0.1344,
        "ndcg@5": 0.0733,
        "ndcg@10": 0.0793,
        "ndcg@20": 0.0874,
        "mrr@5": 0.0699,
        "mrr@10": 0.0724,
        "mrr@20": 0.0746
      },
      "test_result": {
        "hit@5": 0.1593,
        "hit@10": 0.1773,
        "hit@20": 0.2059,
        "ndcg@5": 0.1474,
        "ndcg@10": 0.1532,
        "ndcg@20": 0.1604,
        "mrr@5": 0.1435,
        "mrr@10": 0.1458,
        "mrr@20": 0.1478
      },
      "best_hr@10": 0.1023,
      "test_mrr@20": 0.1478,
      "test_hr@10": 0.1773,
      "epochs_run": 78,
      "early_stop_epoch": 78,
      "early_stopped": true,
      "elapsed": 184.8,
      "status": "ok"
    },
    {
      "trial": 2,
      "params": {
        "dropout_ratio": 0.15,
        "learning_rate": 0.0003859332691417012,
        "weight_decay": 0.0001
      },
      "mrr@20": 0.0752,
      "valid_result": {
        "hit@5": 0.0848,
        "hit@10": 0.1062,
        "hit@20": 0.1397,
        "ndcg@5": 0.0737,
        "ndcg@10": 0.0806,
        "ndcg@20": 0.089,
        "mrr@5": 0.0701,
        "mrr@10": 0.0729,
        "mrr@20": 0.0752
      },
      "test_result": {
        "hit@5": 0.1585,
        "hit@10": 0.1782,
        "hit@20": 0.2083,
        "ndcg@5": 0.1463,
        "ndcg@10": 0.1526,
        "ndcg@20": 0.1601,
        "mrr@5": 0.1423,
        "mrr@10": 0.1448,
        "mrr@20": 0.1469
      },
      "best_hr@10": 0.1062,
      "test_mrr@20": 0.1469,
      "test_hr@10": 0.1782,
      "epochs_run": 100,
      "early_stop_epoch": 100,
      "early_stopped": false,
      "elapsed": 235.1,
      "status": "ok"
    },
    {
      "trial": 3,
      "params": {
        "dropout_ratio": 0.1,
        "learning_rate": 4.0876362593744024e-05,
        "weight_decay": 0.0
      },
      "mrr@20": 0.0232,
      "valid_result": {
        "hit@5": 0.0278,
        "hit@10": 0.0421,
        "hit@20": 0.0679,
        "ndcg@5": 0.0216,
        "ndcg@10": 0.0262,
        "ndcg@20": 0.0326,
        "mrr@5": 0.0196,
        "mrr@10": 0.0214,
        "mrr@20": 0.0232
      },
      "test_result": {
        "hit@5": 0.0291,
        "hit@10": 0.0445,
        "hit@20": 0.0705,
        "ndcg@5": 0.0224,
        "ndcg@10": 0.0273,
        "ndcg@20": 0.0338,
        "mrr@5": 0.0202,
        "mrr@10": 0.0222,
        "mrr@20": 0.024
      },
      "best_hr@10": 0.0421,
      "test_mrr@20": 0.024,
      "test_hr@10": 0.0445,
      "epochs_run": 100,
      "early_stop_epoch": 100,
      "early_stopped": false,
      "elapsed": 235.3,
      "status": "ok"
    },
    {
      "trial": 4,
      "params": {
        "dropout_ratio": 0.15,
        "learning_rate": 7.314521307769713e-05,
        "weight_decay": 5e-05
      },
      "mrr@20": 0.0273,
      "valid_result": {
        "hit@5": 0.0355,
        "hit@10": 0.0525,
        "hit@20": 0.0831,
        "ndcg@5": 0.0261,
        "ndcg@10": 0.0315,
        "ndcg@20": 0.0392,
        "mrr@5": 0.023,
        "mrr@10": 0.0252,
        "mrr@20": 0.0273
      },
      "test_result": {
        "hit@5": 0.0395,
        "hit@10": 0.0602,
        "hit@20": 0.0929,
        "ndcg@5": 0.0291,
        "ndcg@10": 0.0357,
        "ndcg@20": 0.0439,
        "mrr@5": 0.0257,
        "mrr@10": 0.0284,
        "mrr@20": 0.0306
      },
      "best_hr@10": 0.0525,
      "test_mrr@20": 0.0306,
      "test_hr@10": 0.0602,
      "epochs_run": 100,
      "early_stop_epoch": 100,
      "early_stopped": false,
      "elapsed": 234.3,
      "status": "ok"
    },
    {
      "trial": 5,
      "params": {
        "dropout_ratio": 0.2,
        "learning_rate": 4.5018629404215895e-05,
        "weight_decay": 1e-06
      },
      "mrr@20": 0.0234,
      "valid_result": {
        "hit@5": 0.0288,
        "hit@10": 0.0433,
        "hit@20": 0.0698,
        "ndcg@5": 0.0219,
        "ndcg@10": 0.0266,
        "ndcg@20": 0.0332,
        "mrr@5": 0.0197,
        "mrr@10": 0.0216,
        "mrr@20": 0.0234
      },
      "test_result": {
        "hit@5": 0.0301,
        "hit@10": 0.0467,
        "hit@20": 0.0735,
        "ndcg@5": 0.0232,
        "ndcg@10": 0.0285,
        "ndcg@20": 0.0352,
        "mrr@5": 0.0209,
        "mrr@10": 0.0231,
        "mrr@20": 0.0249
      },
      "best_hr@10": 0.0433,
      "test_mrr@20": 0.0249,
      "test_hr@10": 0.0467,
      "epochs_run": 100,
      "early_stop_epoch": 100,
      "early_stopped": false,
      "elapsed": 237.0,
      "status": "ok"
    },
    {
      "trial": 6,
      "params": {
        "dropout_ratio": 0.25,
        "learning_rate": 5.8994908778002176e-05,
        "weight_decay": 0.0001
      },
      "mrr@20": 0.0237,
      "valid_result": {
        "hit@5": 0.029,
        "hit@10": 0.044,
        "hit@20": 0.0702,
        "ndcg@5": 0.0222,
        "ndcg@10": 0.027,
        "ndcg@20": 0.0336,
        "mrr@5": 0.02,
        "mrr@10": 0.0219,
        "mrr@20": 0.0237
      },
      "test_result": {
        "hit@5": 0.0304,
        "hit@10": 0.0474,
        "hit@20": 0.0745,
        "ndcg@5": 0.0233,
        "ndcg@10": 0.0287,
        "ndcg@20": 0.0356,
        "mrr@5": 0.021,
        "mrr@10": 0.0232,
        "mrr@20": 0.0251
      },
      "best_hr@10": 0.044,
      "test_mrr@20": 0.0251,
      "test_hr@10": 0.0474,
      "epochs_run": 100,
      "early_stop_epoch": 100,
      "early_stopped": false,
      "elapsed": 235.2,
      "status": "ok"
    },
    {
      "trial": 7,
      "params": {
        "dropout_ratio": 0.2,
        "learning_rate": 0.001974853761257737,
        "weight_decay": 0.0001
      },
      "mrr@20": 0.0762,
      "valid_result": {
        "hit@5": 0.0849,
        "hit@10": 0.1055,
        "hit@20": 0.1387,
        "ndcg@5": 0.0746,
        "ndcg@10": 0.0813,
        "ndcg@20": 0.0896,
        "mrr@5": 0.0713,
        "mrr@10": 0.074,
        "mrr@20": 0.0762
      },
      "test_result": {
        "hit@5": 0.1618,
        "hit@10": 0.1798,
        "hit@20": 0.2105,
        "ndcg@5": 0.1496,
        "ndcg@10": 0.1553,
        "ndcg@20": 0.163,
        "mrr@5": 0.1455,
        "mrr@10": 0.1479,
        "mrr@20": 0.1499
      },
      "best_hr@10": 0.1055,
      "test_mrr@20": 0.1499,
      "test_hr@10": 0.1798,
      "epochs_run": 29,
      "early_stop_epoch": 29,
      "early_stopped": true,
      "elapsed": 68.4,
      "status": "ok"
    },
    {
      "trial": 8,
      "params": {
        "dropout_ratio": 0.1,
        "learning_rate": 0.0009797809495691895,
        "weight_decay": 1e-05
      },
      "mrr@20": 0.076,
      "valid_result": {
        "hit@5": 0.0836,
        "hit@10": 0.1045,
        "hit@20": 0.1365,
        "ndcg@5": 0.0741,
        "ndcg@10": 0.0808,
        "ndcg@20": 0.0889,
        "mrr@5": 0.0711,
        "mrr@10": 0.0738,
        "mrr@20": 0.076
      },
      "test_result": {
        "hit@5": 0.1633,
        "hit@10": 0.182,
        "hit@20": 0.211,
        "ndcg@5": 0.1525,
        "ndcg@10": 0.1586,
        "ndcg@20": 0.1658,
        "mrr@5": 0.149,
        "mrr@10": 0.1515,
        "mrr@20": 0.1535
      },
      "best_hr@10": 0.1045,
      "test_mrr@20": 0.1535,
      "test_hr@10": 0.182,
      "epochs_run": 35,
      "early_stop_epoch": 35,
      "early_stopped": true,
      "elapsed": 84.3,
      "status": "ok"
    },
    {
      "trial": 9,
      "params": {
        "dropout_ratio": 0.2,
        "learning_rate": 0.000765683821067362,
        "weight_decay": 0.0
      },
      "mrr@20": 0.0765,
      "valid_result": {
        "hit@5": 0.0848,
        "hit@10": 0.1034,