{
  "model": "SASRec",
  "dataset": "KuaiRecLargeStrictPosV2_0.2",
  "dataset_raw": "KuaiRecLargeStrictPosV2_0.2",
  "max_evals": 6,
  "tune_epochs": 44,
  "n_completed": 6,
  "n_recorded_trials": 6,
  "timestamp": "2026-04-07T04:19:57.429754",
  "trials": [
    {
      "trial": 1,
      "params": {
        "learning_rate": 0.001050448877668404
      },
      "mrr@20": 0.0467,
      "valid_result": {
        "hit@5": 0.0527,
        "hit@10": 0.059,
        "hit@20": 0.0685,
        "ndcg@5": 0.0471,
        "ndcg@10": 0.0491,
        "ndcg@20": 0.0515,
        "mrr@5": 0.0452,
        "mrr@10": 0.046,
        "mrr@20": 0.0467
      },
      "test_result": {
        "hit@5": 0.0491,
        "hit@10": 0.0543,
        "hit@20": 0.0638,
        "ndcg@5": 0.044,
        "ndcg@10": 0.0457,
        "ndcg@20": 0.0481,
        "mrr@5": 0.0423,
        "mrr@10": 0.043,
        "mrr@20": 0.0437
      },
      "best_hr@10": 0.059,
      "test_mrr@20": 0.0437,
      "test_hr@10": 0.0543,
      "epochs_run": 8,
      "early_stop_epoch": 8,
      "early_stopped": true,
      "elapsed": 43.7,
      "status": "ok"
    },
    {
      "trial": 2,
      "params": {
        "learning_rate": 0.003167497128434597
      },
      "mrr@20": 0.0473,
      "valid_result": {
        "hit@5": 0.0491,
        "hit@10": 0.0524,
        "hit@20": 0.0622,
        "ndcg@5": 0.047,
        "ndcg@10": 0.048,
        "ndcg@20": 0.0504,
        "mrr@5": 0.0462,
        "mrr@10": 0.0466,
        "mrr@20": 0.0473
      },
      "test_result": {
        "hit@5": 0.0466,
        "hit@10": 0.0516,
        "hit@20": 0.0576,
        "ndcg@5": 0.0449,
        "ndcg@10": 0.0465,
        "ndcg@20": 0.048,
        "mrr@5": 0.0443,
        "mrr@10": 0.045,
        "mrr@20": 0.0454
      },
      "best_hr@10": 0.0524,
      "test_mrr@20": 0.0454,
      "test_hr@10": 0.0516,
      "epochs_run": 11,
      "early_stop_epoch": 11,
      "early_stopped": true,
      "elapsed": 58.3,
      "status": "ok"
    },
    {
      "trial": 3,
      "params": {
        "learning_rate": 0.003225975341587858
      },
      "mrr@20": 0.047,
      "valid_result": {
        "hit@5": 0.0491,
        "hit@10": 0.053,
        "hit@20": 0.0603,
        "ndcg@5": 0.0468,
        "ndcg@10": 0.048,
        "ndcg@20": 0.0499,
        "mrr@5": 0.046,
        "mrr@10": 0.0465,
        "mrr@20": 0.047
      },
      "test_result": {
        "hit@5": 0.0469,
        "hit@10": 0.0518,
        "hit@20": 0.0578,
        "ndcg@5": 0.0451,
        "ndcg@10": 0.0466,
        "ndcg@20": 0.0481,
        "mrr@5": 0.0445,
        "mrr@10": 0.0451,
        "mrr@20": 0.0455
      },
      "best_hr@10": 0.053,
      "test_mrr@20": 0.0455,
      "test_hr@10": 0.0518,
      "epochs_run": 11,
      "early_stop_epoch": 11,
      "early_stopped": true,
      "elapsed": 59.4,
      "status": "ok"
    },
    {
      "trial": 4,
      "params": {
        "learning_rate": 0.001559387937935354
      },
      "mrr@20": 0.0611,
      "valid_result": {
        "hit@5": 0.071,
        "hit@10": 0.0792,
        "hit@20": 0.0931,
        "ndcg@5": 0.0621,
        "ndcg@10": 0.0647,
        "ndcg@20": 0.0682,
        "mrr@5": 0.0591,
        "mrr@10": 0.0602,
        "mrr@20": 0.0611
      },
      "test_result": {
        "hit@5": 0.0663,
        "hit@10": 0.0742,
        "hit@20": 0.0859,
        "ndcg@5": 0.0586,
        "ndcg@10": 0.0611,
        "ndcg@20": 0.064,
        "mrr@5": 0.056,
        "mrr@10": 0.0571,
        "mrr@20": 0.0578
      },
      "best_hr@10": 0.0792,
      "test_mrr@20": 0.0578,
      "test_hr@10": 0.0742,
      "epochs_run": 7,
      "early_stop_epoch": 7,
      "early_stopped": true,
      "elapsed": 36.8,
      "status": "ok"
    },
    {
      "trial": 5,
      "params": {
        "learning_rate": 0.003966858971461422
      },
      "mrr@20": 0.0472,
      "valid_result": {
        "hit@5": 0.0502,
        "hit@10": 0.0535,
        "hit@20": 0.0628,
        "ndcg@5": 0.0472,
        "ndcg@10": 0.0482,
        "ndcg@20": 0.0506,
        "mrr@5": 0.0461,
        "mrr@10": 0.0466,
        "mrr@20": 0.0472
      },
      "test_result": {
        "hit@5": 0.0469,
        "hit@10": 0.0507,
        "hit@20": 0.0595,
        "ndcg@5": 0.0447,
        "ndcg@10": 0.0459,
        "ndcg@20": 0.0481,
        "mrr@5": 0.044,
        "mrr@10": 0.0445,
        "mrr@20": 0.045
      },
      "best_hr@10": 0.0535,
      "test_mrr@20": 0.045,
      "test_hr@10": 0.0507,
      "epochs_run": 11,
      "early_stop_epoch": 11,
      "early_stopped": true,
      "elapsed": 58.4,
      "status": "ok"
    },
    {
      "trial": 6,
      "params": {
        "learning_rate": 0.0026654051245329313
      },
      "mrr@20": 0.047,
      "valid_result": {
        "hit@5": 0.0491,
        "hit@10": 0.0538,
        "hit@20": 0.0603,
        "ndcg@5": 0.0467,
        "ndcg@10": 0.0482,
        "ndcg@20": 0.0498,
        "mrr@5": 0.0459,
        "mrr@10": 0.0465,
        "mrr@20": 0.047
      },
      "test_result": {
        "hit@5": 0.0469,
        "hit@10": 0.0499,
        "hit@20": 0.0565,
        "ndcg@5": 0.0451,
        "ndcg@10": 0.0461,
        "ndcg@20": 0.0477,
        "mrr@5": 0.0445,
        "mrr@10": 0.0449,
        "mrr@20": 0.0453
      },
      "best_hr@10": 0.0538,
      "test_mrr@20": 0.0453,
      "test_hr@10": 0.0499,
      "epochs_run": 13,
      "early_stop_epoch": 13,
      "early_stopped": true,
      "elapsed": 69.6,
      "status": "ok"
    }
  ],
  "run_group": "baseline",
  "run_axis": "stageg_cross6x9_anchor2_core5",
  "run_phase": "P22_SG_D00_M01_C02_SASREC_FAD_H2_R2_S1",
  "parent_result": "",
  "interrupted": false,
  "interrupted_at": null,
  "tuned_search": {
    "learning_rate": [
      0.0010184622734360261,
      0.004014992413577805
    ]
  },
  "fixed_search": {
    "attn_dropout_prob": 0.12,
    "num_layers": 2,
    "weight_decay": 0.00015,
    "dropout_ratio": 0.12,
    "n_layers": 2,
    "n_heads": 4,
    "num_heads": 4,
    "dropout_prob": 0.12,
    "hidden_dropout_prob": 0.12,
    "hidden_size": 144,
    "embedding_size": 144,
    "inner_size": 288,
    "time_span": 384,
    "num_experts": 6,
    "state_size": 24,
    "conv_kernel": 6,
    "remaining_ratio": 0.6,
    "MAX_ITEM_LIST_LENGTH": 25
  },
  "context_fixed": {
    "num_layers": 2,
    "search_space_type_overrides": {
      "learning_rate": "loguniform",
      "weight_decay": "choice",
      "dropout_ratio": "choice",
      "n_layers": "choice",
      "num_layers": "choice",
      "n_heads": "choice",
      "num_heads": "choice",
      "dropout_prob": "choice",
      "hidden_dropout_prob": "choice",
      "attn_dropout_prob": "choice",
      "hidden_size": "choice",
      "embedding_size": "choice",
      "inner_size": "choice",
      "time_span": "choice",
      "num_experts": "choice",
      "state_size": "choice",
      "conv_kernel": "choice",
      "remaining_ratio": "choice",
      "MAX_ITEM_LIST_LENGTH": "choice"
    }
  },
  "best_params": {
    "learning_rate": 0.001559387937935354
  },
  "best_mrr@20": 0.0611,
  "best_hr@10": 0.0792,
  "test_mrr@20": 0.0578,
  "test_hr@10": 0.0742,
  "best_valid_result": {
    "hit@5": 0.071,
    "hit@10": 0.0792,
    "hit@20": 0.0931,
    "ndcg@5": 0.0621,
    "ndcg@10": 0.0647,
    "ndcg@20": 0.0682,
    "mrr@5": 0.0591,
    "mrr@10": 0.0602,
    "mrr@20": 0.0611
  },
  "test_result": {
    "hit@5": 0.0663,
    "hit@10": 0.0742,
    "hit@20": 0.0859,
    "ndcg@5": 0.0586,
    "ndcg@10": 0.0611,
    "ndcg@20": 0.064,
    "mrr@5": 0.056,
    "mrr@10": 0.0571,
    "mrr@20": 0.0578
  },
  "best_valid_special_metrics": {
    "split": "best_valid",
    "overall": {
      "count": 3663,
      "hit@20": 0.09309309309309309,
      "ndcg@20": 0.06822452200930072,
      "mrr@20": 0.06114672584072215
    },
    "slices": {
      "target_popularity_abs": {
        "rare_1_5": {
          "count": 2785,
          "hit@20": 0.08043087971274686,
          "ndcg@20": 0.05823558781904635,