{
  "model": "SASRec",
  "dataset": "KuaiRecLargeStrictPosV2_0.2",
  "dataset_raw": "KuaiRecLargeStrictPosV2_0.2",
  "max_evals": 3,
  "tune_epochs": 20,
  "n_completed": 3,
  "n_recorded_trials": 3,
  "timestamp": "2026-04-09T06:52:13.415141",
  "trials": [
    {
      "trial": 1,
      "params": {
        "learning_rate": 0.0010118720951762066
      },
      "mrr@20": 0.166,
      "valid_result": {
        "hit@5": 0.1671,
        "hit@10": 0.1693,
        "hit@20": 0.1723,
        "ndcg@5": 0.1659,
        "ndcg@10": 0.1666,
        "ndcg@20": 0.1673,
        "mrr@5": 0.1655,
        "mrr@10": 0.1658,
        "mrr@20": 0.166
      },
      "test_result": {
        "hit@5": 0.1686,
        "hit@10": 0.1705,
        "hit@20": 0.1732,
        "ndcg@5": 0.1664,
        "ndcg@10": 0.167,
        "ndcg@20": 0.1676,
        "mrr@5": 0.1656,
        "mrr@10": 0.1659,
        "mrr@20": 0.166
      },
      "best_hr@10": 0.1693,
      "test_mrr@20": 0.166,
      "test_hr@10": 0.1705,
      "epochs_run": 4,
      "early_stop_epoch": 4,
      "early_stopped": true,
      "elapsed": 12.4,
      "status": "ok"
    },
    {
      "trial": 2,
      "params": {
        "learning_rate": 0.0010215221206478179
      },
      "mrr@20": 0.1652,
      "valid_result": {
        "hit@5": 0.1673,
        "hit@10": 0.1693,
        "hit@20": 0.172,
        "ndcg@5": 0.1654,
        "ndcg@10": 0.1661,
        "ndcg@20": 0.1667,
        "mrr@5": 0.1648,
        "mrr@10": 0.165,
        "mrr@20": 0.1652
      },
      "test_result": {
        "hit@5": 0.1686,
        "hit@10": 0.1702,
        "hit@20": 0.1729,
        "ndcg@5": 0.1661,
        "ndcg@10": 0.1667,
        "ndcg@20": 0.1673,
        "mrr@5": 0.1653,
        "mrr@10": 0.1655,
        "mrr@20": 0.1657
      },
      "best_hr@10": 0.1693,
      "test_mrr@20": 0.1657,
      "test_hr@10": 0.1702,
      "epochs_run": 4,
      "early_stop_epoch": 4,
      "early_stopped": true,
      "elapsed": 11.7,
      "status": "ok"
    },
    {
      "trial": 3,
      "params": {
        "learning_rate": 0.0006615829808477036
      },
      "mrr@20": 0.1664,
      "valid_result": {
        "hit@5": 0.1676,
        "hit@10": 0.1695,
        "hit@20": 0.1739,
        "ndcg@5": 0.1663,
        "ndcg@10": 0.1669,
        "ndcg@20": 0.168,
        "mrr@5": 0.1658,
        "mrr@10": 0.1661,
        "mrr@20": 0.1664
      },
      "test_result": {
        "hit@5": 0.1683,
        "hit@10": 0.1713,
        "hit@20": 0.1765,
        "ndcg@5": 0.1664,
        "ndcg@10": 0.1674,
        "ndcg@20": 0.1687,
        "mrr@5": 0.1657,
        "mrr@10": 0.1662,
        "mrr@20": 0.1665
      },
      "best_hr@10": 0.1695,
      "test_mrr@20": 0.1665,
      "test_hr@10": 0.1713,
      "epochs_run": 4,
      "early_stop_epoch": 4,
      "early_stopped": true,
      "elapsed": 11.8,
      "status": "ok"
    }
  ],
  "run_group": "baseline",
  "run_axis": "stageh_targetedrecovery_anchor2_core5",
  "run_phase": "P23_SH_C04_MSASREC_FAD_H3_R1_STRUCTL_S1",
  "parent_result": "",
  "interrupted": false,
  "interrupted_at": null,
  "tuned_search": {
    "learning_rate": [
      0.0006168247915623915,
      0.001022954077363068
    ]
  },
  "fixed_search": {
    "attn_dropout_prob": 0.15,
    "num_layers": 2,
    "weight_decay": 0.0002,
    "dropout_ratio": 0.15,
    "n_layers": 2,
    "n_heads": 4,
    "num_heads": 4,
    "dropout_prob": 0.15,
    "hidden_dropout_prob": 0.15,
    "hidden_size": 144,
    "embedding_size": 144,
    "inner_size": 288,
    "time_span": 512,
    "num_experts": 8,
    "state_size": 32,
    "conv_kernel": 8,
    "remaining_ratio": 0.7,
    "MAX_ITEM_LIST_LENGTH": 10
  },
  "context_fixed": {
    "num_layers": 2,
    "search_space_type_overrides": {
      "learning_rate": "loguniform",
      "weight_decay": "choice",
      "dropout_ratio": "choice",
      "n_layers": "choice",
      "num_layers": "choice",
      "n_heads": "choice",
      "num_heads": "choice",
      "dropout_prob": "choice",
      "hidden_dropout_prob": "choice",
      "attn_dropout_prob": "choice",
      "hidden_size": "choice",
      "embedding_size": "choice",
      "inner_size": "choice",
      "time_span": "choice",
      "num_experts": "choice",
      "state_size": "choice",
      "conv_kernel": "choice",
      "remaining_ratio": "choice",
      "MAX_ITEM_LIST_LENGTH": "choice"
    }
  },
  "best_params": {
    "learning_rate": 0.0006615829808477036
  },
  "best_mrr@20": 0.1664,
  "best_hr@10": 0.1695,
  "test_mrr@20": 0.1665,
  "test_hr@10": 0.1713,
  "best_valid_result": {
    "hit@5": 0.1676,
    "hit@10": 0.1695,
    "hit@20": 0.1739,
    "ndcg@5": 0.1663,
    "ndcg@10": 0.1669,
    "ndcg@20": 0.168,
    "mrr@5": 0.1658,
    "mrr@10": 0.1661,
    "mrr@20": 0.1664
  },
  "test_result": {
    "hit@5": 0.1683,
    "hit@10": 0.1713,
    "hit@20": 0.1765,
    "ndcg@5": 0.1664,
    "ndcg@10": 0.1674,
    "ndcg@20": 0.1687,
    "mrr@5": 0.1657,
    "mrr@10": 0.1662,
    "mrr@20": 0.1665
  },
  "best_valid_special_metrics": {
    "split": "best_valid",
    "overall": {
      "count": 3663,
      "hit@20": 0.1739011739011739,
      "ndcg@20": 0.16797699753033343,
      "mrr@20": 0.1663566834201521
    },
    "slices": {
      "target_popularity_abs": {
        "rare_1_5": {
          "count": 2785,
          "hit@20": 0.15152603231597844,
          "ndcg@20": 0.14404625213124808,
          "mrr@20": 0.14202197415610404
        },
        "6_20": {
          "count": 856,
          "hit@20": 0.2266355140186916,
          "ndcg@20": 0.22562024505617462,
          "mrr@20": 0.2252725856813872
        },
        "21_100": {
          "count": 22,
          "hit@20": 0.9545454545454546,
          "ndcg@20": 0.9545454545454546,
          "mrr@20": 0.9545454545454546
        }
      },
      "target_popularity_abs_legacy": {
        "<=5": {
          "count": 2785,
          "hit@20": 0.15152603231597844,
          "ndcg@20": 0.14404625213124808,
          "mrr@20": 0.14202197415610404
        },
        "6-20": {
          "count": 856,
          "hit@20": 0.2266355140186916,
          "ndcg@20": 0.22562024505617462,
          "mrr@20": 0.2252725856813872
        },
        "21-100": {
          "count": 22,
          "hit@20": 0.9545454545454546,
          "ndcg@20": 0.9545454545454546,
          "mrr@20": 0.9545454545454546
        }
      },
      "session_len": {
        "<=7": {
          "count": 2152,
          "hit@20": 0.17657992565055763,
          "ndcg@20": 0.17085393358949835,
          "mrr@20": 0.16932377761202175
        },
        "8-12": {
          "count": 1511,
          "hit@20": 0.17008603573792191,
          "ndcg@20": 0.1638796008398484,
          "mrr@20": 0.16213088150029542
        }
      },
      "session_len_legacy": {
        "1-2": {
          "count": 9,
          "hit@20": 0.2222222222222222,
          "ndcg@20": 0.2222222222222222,
          "mrr@20": 0.2222222222222222
        },
        "3-5": {
          "count": 1478,
          "hit@20": 0.17456021650879566,
          "ndcg@20": 0.1691043465240721,
          "mrr@20": 0.167618330220247
        },
        "6-10": {
          "count": 2176,
          "hit@20": 0.17325367647058823,
          "ndcg@20": 0.16698691074955552,
          "mrr@20": 0.16526867615004234
        }
      }
    },
    "counts": {
      "target_popularity_abs": {
        "rare_1_5": 2785,
        "6_20": 856,
        "21_100": 22
      },
      "target_popularity_abs_legacy": {
        "<=5": 2785,
        "6-20": 856,
        "21-100": 22
      },
      "session_len": {
        "<=7": 2152,
        "8-12": 1511
      },
      "session_len_legacy": {
        "1-2": 9,
        "3-5": 1478,
        "6-10": 2176
      }
    },
    "config_snapshot": {
      "target_popularity_abs_bins": [
        "cold_0",
        "rare_1_5",
        "6_20",
        "21_100",
        "101+"
      ],
      "target_popularity_abs_bins_legacy": [
        "<=5",
        "6-20",
        "21-100",
        ">100"
      ],