{
  "model": "SASRec",
  "dataset": "KuaiRecSmall0.1",
  "dataset_raw": "KuaiRecSmall0.1",
  "max_evals": 10,
  "tune_epochs": 40,
  "n_completed": 2,
  "n_recorded_trials": 2,
  "timestamp": "2026-03-11T16:50:04.385405",
  "trials": [
    {
      "trial": 1,
      "params": {
        "dropout_ratio": 0.15,
        "learning_rate": 0.0015140571038230629,
        "weight_decay": 0.0
      },
      "mrr@20": 0.0185,
      "valid_result": {
        "hit@5": 0.0317,
        "hit@10": 0.0646,
        "hit@20": 0.1175,
        "ndcg@5": 0.0158,
        "ndcg@10": 0.0263,
        "ndcg@20": 0.0396,
        "mrr@5": 0.0106,
        "mrr@10": 0.0149,
        "mrr@20": 0.0185
      },
      "test_result": {
        "hit@5": 0.0291,
        "hit@10": 0.0605,
        "hit@20": 0.1122,
        "ndcg@5": 0.0145,
        "ndcg@10": 0.0246,
        "ndcg@20": 0.0375,
        "mrr@5": 0.0098,
        "mrr@10": 0.0139,
        "mrr@20": 0.0174
      },
      "best_hr@10": 0.0646,
      "test_mrr@20": 0.0174,
      "test_hr@10": 0.0605,
      "epochs_run": 23,
      "early_stop_epoch": 23,
      "early_stopped": true,
      "elapsed": 33.0,
      "status": "ok"
    },
    {
      "trial": 2,
      "params": {
        "dropout_ratio": 0.05,
        "learning_rate": 0.0014373180850601793,
        "weight_decay": 0.0001
      },
      "mrr@20": 0.0181,
      "valid_result": {
        "hit@5": 0.0306,
        "hit@10": 0.0634,
        "hit@20": 0.1153,
        "ndcg@5": 0.0153,
        "ndcg@10": 0.0258,
        "ndcg@20": 0.0389,
        "mrr@5": 0.0103,
        "mrr@10": 0.0146,
        "mrr@20": 0.0181
      },
      "test_result": {
        "hit@5": 0.0278,
        "hit@10": 0.0593,
        "hit@20": 0.1091,
        "ndcg@5": 0.0139,
        "ndcg@10": 0.024,
        "ndcg@20": 0.0365,
        "mrr@5": 0.0094,
        "mrr@10": 0.0135,
        "mrr@20": 0.0169
      },
      "best_hr@10": 0.0634,
      "test_mrr@20": 0.0169,
      "test_hr@10": 0.0593,
      "epochs_run": 23,
      "early_stop_epoch": 23,
      "early_stopped": true,
      "elapsed": 33.0,
      "status": "ok"
    }
  ],
  "run_group": "baseline",
  "run_axis": "hparam",
  "run_phase": "P0_A_pair01_C1",
  "parent_result": "",
  "interrupted": false,
  "interrupted_at": null,
  "tuned_search": {
    "learning_rate": [
      0.0001,
      0.008
    ],
    "weight_decay": [
      0.0,
      1e-07,
      1e-06,
      1e-05,
      5e-05,
      0.0001,
      0.0005
    ],
    "dropout_ratio": [
      0.0,
      0.05,
      0.1,
      0.15
    ]
  },
  "fixed_search": {
    "attn_dropout_prob": 0.1,
    "num_layers": 2
  },
  "context_fixed": {
    "num_layers": 2,
    "search_space_type_overrides": {
      "learning_rate": "loguniform",
      "weight_decay": "choice",
      "dropout_ratio": "choice"
    },
    "wave": "A",
    "combo_id": "C1",
    "combo_desc": "a_c1_hi_bs_short",
    "pair_id": "pair01"
  },
  "best_mrr@20": 0.0185,
  "best_hr@10": 0.0646,
  "test_mrr@20": 0.0174,
  "test_hr@10": 0.0605,
  "best_valid_result": {
    "hit@5": 0.0317,
    "hit@10": 0.0646,
    "hit@20": 0.1175,
    "ndcg@5": 0.0158,
    "ndcg@10": 0.0263,
    "ndcg@20": 0.0396,
    "mrr@5": 0.0106,
    "mrr@10": 0.0149,
    "mrr@20": 0.0185
  },
  "test_result": {
    "hit@5": 0.0291,
    "hit@10": 0.0605,
    "hit@20": 0.1122,
    "ndcg@5": 0.0145,
    "ndcg@10": 0.0246,
    "ndcg@20": 0.0375,
    "mrr@5": 0.0098,
    "mrr@10": 0.0139,
    "mrr@20": 0.0174
  }
}