{
  "model": "GRU4Rec",
  "dataset": "KuaiRecLargeStrictPosV2_0.2",
  "dataset_raw": "KuaiRecLargeStrictPosV2_0.2",
  "max_evals": 5,
  "tune_epochs": 30,
  "n_completed": 5,
  "n_recorded_trials": 5,
  "timestamp": "2026-04-12T15:10:11.603128",
  "trials": [
    {
      "trial": 1,
      "params": {
        "learning_rate": 0.002224173263110127
      },
      "mrr@20": 0.0033,
      "valid_result": {
        "hit@5": 0.0057,
        "hit@10": 0.0076,
        "hit@20": 0.0131,
        "ndcg@5": 0.0034,
        "ndcg@10": 0.004,
        "ndcg@20": 0.0054,
        "mrr@5": 0.0027,
        "mrr@10": 0.0029,
        "mrr@20": 0.0033
      },
      "test_result": {
        "hit@5": 0.0052,
        "hit@10": 0.0079,
        "hit@20": 0.0155,
        "ndcg@5": 0.0028,
        "ndcg@10": 0.0037,
        "ndcg@20": 0.0056,
        "mrr@5": 0.002,
        "mrr@10": 0.0023,
        "mrr@20": 0.0029
      },
      "best_hr@10": 0.0076,
      "test_mrr@20": 0.0029,
      "test_hr@10": 0.0079,
      "epochs_run": 4,
      "early_stop_epoch": 4,
      "early_stopped": true,
      "elapsed": 3.9,
      "status": "ok"
    },
    {
      "trial": 2,
      "params": {
        "learning_rate": 0.001877015736602819
      },
      "mrr@20": 0.004,
      "valid_result": {
        "hit@5": 0.0063,
        "hit@10": 0.0085,
        "hit@20": 0.0147,
        "ndcg@5": 0.0041,
        "ndcg@10": 0.0048,
        "ndcg@20": 0.0063,
        "mrr@5": 0.0034,
        "mrr@10": 0.0036,
        "mrr@20": 0.004
      },
      "test_result": {
        "hit@5": 0.0055,
        "hit@10": 0.0074,
        "hit@20": 0.0161,
        "ndcg@5": 0.0037,
        "ndcg@10": 0.0043,
        "ndcg@20": 0.0065,
        "mrr@5": 0.0031,
        "mrr@10": 0.0034,
        "mrr@20": 0.0039
      },
      "best_hr@10": 0.0085,
      "test_mrr@20": 0.0039,
      "test_hr@10": 0.0074,
      "epochs_run": 4,
      "early_stop_epoch": 4,
      "early_stopped": true,
      "elapsed": 3.3,
      "status": "ok"
    },
    {
      "trial": 3,
      "params": {
        "learning_rate": 0.0014144152794412052
      },
      "mrr@20": 0.0031,
      "valid_result": {
        "hit@5": 0.0049,
        "hit@10": 0.0079,
        "hit@20": 0.0123,
        "ndcg@5": 0.003,
        "ndcg@10": 0.004,
        "ndcg@20": 0.0051,
        "mrr@5": 0.0024,
        "mrr@10": 0.0028,
        "mrr@20": 0.0031
      },
      "test_result": {
        "hit@5": 0.0035,
        "hit@10": 0.0071,
        "hit@20": 0.0109,
        "ndcg@5": 0.0021,
        "ndcg@10": 0.0033,
        "ndcg@20": 0.0042,
        "mrr@5": 0.0017,
        "mrr@10": 0.0021,
        "mrr@20": 0.0024
      },
      "best_hr@10": 0.0079,
      "test_mrr@20": 0.0024,
      "test_hr@10": 0.0071,
      "epochs_run": 7,
      "early_stop_epoch": 7,
      "early_stopped": true,
      "elapsed": 5.7,
      "status": "ok"
    },
    {
      "trial": 4,
      "params": {
        "learning_rate": 0.0031485696464792806
      },
      "mrr@20": 0.003,
      "valid_result": {
        "hit@5": 0.0052,
        "hit@10": 0.0074,
        "hit@20": 0.0093,
        "ndcg@5": 0.0032,
        "ndcg@10": 0.0039,
        "ndcg@20": 0.0044,
        "mrr@5": 0.0025,
        "mrr@10": 0.0028,
        "mrr@20": 0.003
      },
      "test_result": {
        "hit@5": 0.0038,
        "hit@10": 0.006,
        "hit@20": 0.009,
        "ndcg@5": 0.0023,
        "ndcg@10": 0.003,
        "ndcg@20": 0.0037,
        "mrr@5": 0.0018,
        "mrr@10": 0.0021,
        "mrr@20": 0.0023
      },
      "best_hr@10": 0.0074,
      "test_mrr@20": 0.0023,
      "test_hr@10": 0.006,
      "epochs_run": 5,
      "early_stop_epoch": 5,
      "early_stopped": true,
      "elapsed": 4.1,
      "status": "ok"
    },
    {
      "trial": 5,
      "params": {
        "learning_rate": 0.0021483235240066794
      },
      "mrr@20": 0.0033,
      "valid_result": {
        "hit@5": 0.0055,
        "hit@10": 0.0079,
        "hit@20": 0.0106,
        "ndcg@5": 0.0035,
        "ndcg@10": 0.0042,
        "ndcg@20": 0.0049,
        "mrr@5": 0.0028,
        "mrr@10": 0.0031,
        "mrr@20": 0.0033
      },
      "test_result": {
        "hit@5": 0.0052,
        "hit@10": 0.0076,
        "hit@20": 0.0147,
        "ndcg@5": 0.0029,
        "ndcg@10": 0.0037,
        "ndcg@20": 0.0055,
        "mrr@5": 0.0022,
        "mrr@10": 0.0025,
        "mrr@20": 0.003
      },
      "best_hr@10": 0.0079,
      "test_mrr@20": 0.003,
      "test_hr@10": 0.0076,
      "epochs_run": 4,
      "early_stop_epoch": 4,
      "early_stopped": true,
      "elapsed": 3.3,
      "status": "ok"
    }
  ],
  "run_group": "baseline",
  "run_axis": "stagei_progressiverecovery_anchor2_core5",
  "run_phase": "P24_I1_D03_MGRU4REC_C02_I1_GRU4REC_H2_S1",
  "parent_result": "",
  "interrupted": false,
  "interrupted_at": null,
  "tuned_search": {
    "learning_rate": [
      0.0006771205822220398,
      0.004915895426932009
    ]
  },
  "fixed_search": {
    "num_layers": 2,
    "weight_decay": 0.00015,
    "dropout_ratio": 0.15,
    "n_layers": 2,
    "n_heads": 4,
    "num_heads": 4,
    "dropout_prob": 0.15,
    "hidden_dropout_prob": 0.15,
    "attn_dropout_prob": 0.15,
    "hidden_size": 144,
    "embedding_size": 144,
    "inner_size": 288,
    "time_span": 384,
    "num_experts": 6,
    "state_size": 24,
    "conv_kernel": 6,
    "remaining_ratio": 0.6,
    "MAX_ITEM_LIST_LENGTH": 10
  },
  "context_fixed": {
    "num_layers": 2,
    "search_space_type_overrides": {
      "learning_rate": "loguniform",
      "weight_decay": "choice",
      "dropout_ratio": "choice",
      "n_layers": "choice",
      "num_layers": "choice",
      "n_heads": "choice",
      "num_heads": "choice",
      "dropout_prob": "choice",
      "hidden_dropout_prob": "choice",
      "attn_dropout_prob": "choice",
      "hidden_size": "choice",
      "embedding_size": "choice",
      "inner_size": "choice",
      "time_span": "choice",
      "num_experts": "choice",
      "state_size": "choice",
      "conv_kernel": "choice",
      "remaining_ratio": "choice",
      "MAX_ITEM_LIST_LENGTH": "choice"
    }
  },
  "best_params": {
    "learning_rate": 0.001877015736602819
  },
  "best_mrr@20": 0.004,
  "best_hr@10": 0.0085,
  "test_mrr@20": 0.0039,
  "test_hr@10": 0.0074,
  "best_valid_result": {
    "hit@5": 0.0063,
    "hit@10": 0.0085,
    "hit@20": 0.0147,
    "ndcg@5": 0.0041,
    "ndcg@10": 0.0048,
    "ndcg@20": 0.0063,
    "mrr@5": 0.0034,
    "mrr@10": 0.0036,
    "mrr@20": 0.004
  },
  "test_result": {
    "hit@5": 0.0055,
    "hit@10": 0.0074,
    "hit@20": 0.0161,
    "ndcg@5": 0.0037,
    "ndcg@10": 0.0043,
    "ndcg@20": 0.0065,
    "mrr@5": 0.0031,
    "mrr@10": 0.0034,
    "mrr@20": 0.0039
  },
  "best_valid_special_metrics": {
    "split": "best_valid",
    "overall": {
      "count": 3663,
      "hit@20": 0.014742014742014743,
      "ndcg@20": 0.006306090492093104,
      "mrr@20": 0.004016786858484194
    },
    "slices": {
      "target_popularity_abs": {
        "rare_1_5": {
          "count": 2785,
          "hit@20": 0.012567324955116697,
          "ndcg@20": 0.00501071605797944,
          "mrr@20": 0.003046008294424848
        },
        "6_20": {
          "count": 856,
          "hit@20": 0.02219626168224299,
          "ndcg@20": 0.010682669685822781,
          "mrr@20": 0.007278454629269159
        },
        "21_100": {
          "count": 22,
          "hit@20": 0.0,
          "ndcg@20": 0.0,
          "mrr@20": 0.0
        }
      },
      "target_popularity_abs_legacy": {
        "<=5": {
          "count": 2785,
          "hit@20": 0.012567324955116697,
          "ndcg@20": 0.00501071605797944,
          "mrr@20": 0.003046008294424848
        },
        "6-20": {
          "count": 856,
          "hit@20": 0.02219626168224299,
          "ndcg@20": 0.010682669685822781,
          "mrr@20": 0.007278454629269159
        },
        "21-100": {
          "count": 22,
          "hit@20": 0.0,
          "ndcg@20": 0.0,