{
  "model": "SIGMA",
  "dataset": "KuaiRecLargeStrictPosV2_0.2",
  "dataset_raw": "KuaiRecLargeStrictPosV2_0.2",
  "max_evals": 5,
  "tune_epochs": 100,
  "n_completed": 5,
  "n_recorded_trials": 5,
  "timestamp": "2026-03-19T19:32:29.355737",
  "trials": [
    {
      "trial": 1,
      "params": {
        "learning_rate": 0.002793100354514871
      },
      "mrr@20": 0.0802,
      "valid_result": {
        "hit@5": 0.0887,
        "hit@10": 0.1103,
        "hit@20": 0.1457,
        "ndcg@5": 0.0784,
        "ndcg@10": 0.0853,
        "ndcg@20": 0.0941,
        "mrr@5": 0.075,
        "mrr@10": 0.0778,
        "mrr@20": 0.0802
      },
      "test_result": {
        "hit@5": 0.1682,
        "hit@10": 0.1879,
        "hit@20": 0.2178,
        "ndcg@5": 0.1587,
        "ndcg@10": 0.165,
        "ndcg@20": 0.1725,
        "mrr@5": 0.1556,
        "mrr@10": 0.1582,
        "mrr@20": 0.1602
      },
      "best_hr@10": 0.1103,
      "test_mrr@20": 0.1602,
      "test_hr@10": 0.1879,
      "epochs_run": 42,
      "early_stop_epoch": 42,
      "early_stopped": true,
      "elapsed": 2565.4,
      "status": "ok"
    },
    {
      "trial": 2,
      "params": {
        "learning_rate": 0.002327299207965582
      },
      "mrr@20": 0.0798,
      "valid_result": {
        "hit@5": 0.0884,
        "hit@10": 0.1086,
        "hit@20": 0.1448,
        "ndcg@5": 0.0781,
        "ndcg@10": 0.0846,
        "ndcg@20": 0.0936,
        "mrr@5": 0.0748,
        "mrr@10": 0.0774,
        "mrr@20": 0.0798
      },
      "test_result": {
        "hit@5": 0.1672,
        "hit@10": 0.1861,
        "hit@20": 0.2171,
        "ndcg@5": 0.158,
        "ndcg@10": 0.1641,
        "ndcg@20": 0.1719,
        "mrr@5": 0.155,
        "mrr@10": 0.1575,
        "mrr@20": 0.1596
      },
      "best_hr@10": 0.1086,
      "test_mrr@20": 0.1596,
      "test_hr@10": 0.1861,
      "epochs_run": 42,
      "early_stop_epoch": 42,
      "early_stopped": true,
      "elapsed": 2565.9,
      "status": "ok"
    },
    {
      "trial": 3,
      "params": {
        "learning_rate": 0.003062347853740415
      },
      "mrr@20": 0.08,
      "valid_result": {
        "hit@5": 0.0898,
        "hit@10": 0.1085,
        "hit@20": 0.1423,
        "ndcg@5": 0.0788,
        "ndcg@10": 0.0848,
        "ndcg@20": 0.0933,
        "mrr@5": 0.0752,
        "mrr@10": 0.0777,
        "mrr@20": 0.08
      },
      "test_result": {
        "hit@5": 0.1675,
        "hit@10": 0.1856,
        "hit@20": 0.2152,
        "ndcg@5": 0.1585,
        "ndcg@10": 0.1643,
        "ndcg@20": 0.1717,
        "mrr@5": 0.1555,
        "mrr@10": 0.1579,
        "mrr@20": 0.1599
      },
      "best_hr@10": 0.1085,
      "test_mrr@20": 0.1599,
      "test_hr@10": 0.1856,
      "epochs_run": 38,
      "early_stop_epoch": 38,
      "early_stopped": true,
      "elapsed": 2328.3,
      "status": "ok"
    },
    {
      "trial": 4,
      "params": {
        "learning_rate": 0.0021777370739266334
      },
      "mrr@20": 0.0801,
      "valid_result": {
        "hit@5": 0.0882,
        "hit@10": 0.1078,
        "hit@20": 0.1435,
        "ndcg@5": 0.0784,
        "ndcg@10": 0.0846,
        "ndcg@20": 0.0935,
        "mrr@5": 0.0751,
        "mrr@10": 0.0777,
        "mrr@20": 0.0801
      },
      "test_result": {
        "hit@5": 0.1664,
        "hit@10": 0.1836,
        "hit@20": 0.2132,
        "ndcg@5": 0.1577,
        "ndcg@10": 0.1632,
        "ndcg@20": 0.1706,
        "mrr@5": 0.1549,
        "mrr@10": 0.1572,
        "mrr@20": 0.1591
      },
      "best_hr@10": 0.1078,
      "test_mrr@20": 0.1591,
      "test_hr@10": 0.1836,
      "epochs_run": 54,
      "early_stop_epoch": 54,
      "early_stopped": true,
      "elapsed": 3303.8,
      "status": "ok"
    },
    {
      "trial": 5,
      "params": {
        "learning_rate": 0.0016412667251521635
      },
      "mrr@20": 0.0806,
      "valid_result": {
        "hit@5": 0.0897,
        "hit@10": 0.1104,
        "hit@20": 0.1446,
        "ndcg@5": 0.079,
        "ndcg@10": 0.0856,
        "ndcg@20": 0.0942,
        "mrr@5": 0.0756,
        "mrr@10": 0.0782,
        "mrr@20": 0.0806
      },
      "test_result": {
        "hit@5": 0.1672,
        "hit@10": 0.1864,
        "hit@20": 0.215,
        "ndcg@5": 0.1584,
        "ndcg@10": 0.1645,
        "ndcg@20": 0.1717,
        "mrr@5": 0.1555,
        "mrr@10": 0.158,
        "mrr@20": 0.16
      },
      "best_hr@10": 0.1104,
      "test_mrr@20": 0.16,
      "test_hr@10": 0.1864,
      "epochs_run": 69,
      "early_stop_epoch": 69,
      "early_stopped": true,
      "elapsed": 4217.9,
      "status": "ok"
    }
  ],
  "run_group": "baseline",
  "run_axis": "hparam",
  "run_phase": "P2_MORE_SEARCH_M04_SIGMA_C11",
  "parent_result": "",
  "interrupted": false,
  "interrupted_at": null,
  "tuned_search": {
    "learning_rate": [
      0.0002,
      0.006
    ]
  },
  "fixed_search": {
    "num_layers": 4,
    "state_size": 16,
    "remaining_ratio": 0.8,
    "conv_kernel": 4,
    "weight_decay": 5e-05,
    "dropout_ratio": 0.25,
    "hidden_size": 160
  },
  "context_fixed": {
    "num_layers": 4,
    "search_space_type_overrides": {
      "learning_rate": "loguniform",
      "weight_decay": "choice",
      "dropout_ratio": "choice"
    },
    "combo_id": "C11"
  },
  "best_params": {
    "learning_rate": 0.0016412667251521635
  },
  "best_mrr@20": 0.0806,
  "best_hr@10": 0.1104,
  "test_mrr@20": 0.16,
  "test_hr@10": 0.1864,
  "best_valid_result": {
    "hit@5": 0.0897,
    "hit@10": 0.1104,
    "hit@20": 0.1446,
    "ndcg@5": 0.079,
    "ndcg@10": 0.0856,
    "ndcg@20": 0.0942,
    "mrr@5": 0.0756,
    "mrr@10": 0.0782,
    "mrr@20": 0.0806
  },
  "test_result": {
    "hit@5": 0.1672,
    "hit@10": 0.1864,
    "hit@20": 0.215,
    "ndcg@5": 0.1584,
    "ndcg@10": 0.1645,
    "ndcg@20": 0.1717,
    "mrr@5": 0.1555,
    "mrr@10": 0.158,
    "mrr@20": 0.16
  },
  "best_valid_special_metrics": {},
  "early_valid_result": {},
  "early_valid_special_metrics": {},
  "test_special_metrics": {},
  "normal_result_mirror_file": "/workspace/jy1559/FMoE/experiments/run/artifacts/results/baseline/normal/hparam/P2/KuaiRecLargeStrictPosV2_0.2/SIGMA/KuaiRecLargeStrictPosV2_0.2_SIGMA_p2_more_search_m04_sigma_c11_20260319_152241_420343_pid104785.json",
  "special_result_file": "/workspace/jy1559/FMoE/experiments/run/artifacts/results/baseline/special/hparam/P2/KuaiRecLargeStrictPosV2_0.2/SIGMA/KuaiRecLargeStrictPosV2_0.2_SIGMA_p2_more_search_m04_sigma_c11_20260319_152241_420343_pid104785_special_metrics.json",
  "special_log_file": "/workspace/jy1559/FMoE/experiments/run/artifacts/logs/baseline/special/hparam/P2/KuaiRecLargeStrictPosV2_0.2/SIGMA/KuaiRecLargeStrictPosV2_0.2_SIGMA_p2_more_search_m04_sigma_c11_20260319_152241_420343_pid104785_special_metrics.json",
  "diag_trial_summary_file": "",
  "diag_best_valid_file": "",
  "diag_best_valid_overview_file": "",
  "diag_best_valid_overview_md_file": "",
  "diag_early_valid_file": "",
  "diag_test_file": "",
  "diag_collapse_file": "",
  "diag_epoch_trace_file": "",
  "feature_ablation_file": "",
  "logging_bundle_dir": "/workspace/jy1559/FMoE/experiments/run/artifacts/logging/baseline/KuaiRecLargeStrictPosV2_0.2/P2/KuaiRecLargeStrictPosV2_0.2_SIGMA_p2_more_search_m04_sigma_c11_20260319_152241_420343_pid104785",
  "logging_bundle_summary_file": "/workspace/jy1559/FMoE/experiments/run/artifacts/logging/baseline/KuaiRecLargeStrictPosV2_0.2/P2/KuaiRecLargeStrictPosV2_0.2_SIGMA_p2_more_search_m04_sigma_c11_20260319_152241_420343_pid104785/run_summary.json"
}
