{
  "model": "FAME",
  "dataset": "lastfm0.03",
  "dataset_raw": "lastfm0.03",
  "max_evals": 10,
  "tune_epochs": 53,
  "n_completed": 5,
  "n_recorded_trials": 5,
  "timestamp": "2026-03-29T11:41:27.148338",
  "trials": [
    {
      "trial": 1,
      "params": {
        "learning_rate": 0.00145969558646646
      },
      "mrr@20": 0.2115,
      "valid_result": {
        "hit@5": 0.2386,
        "hit@10": 0.2533,
        "hit@20": 0.2681,
        "ndcg@5": 0.216,
        "ndcg@10": 0.2208,
        "ndcg@20": 0.2246,
        "mrr@5": 0.2084,
        "mrr@10": 0.2104,
        "mrr@20": 0.2115
      },
      "test_result": {
        "hit@5": 0.237,
        "hit@10": 0.2548,
        "hit@20": 0.2681,
        "ndcg@5": 0.2149,
        "ndcg@10": 0.2206,
        "ndcg@20": 0.224,
        "mrr@5": 0.2075,
        "mrr@10": 0.2098,
        "mrr@20": 0.2108
      },
      "best_hr@10": 0.2533,
      "test_mrr@20": 0.2108,
      "test_hr@10": 0.2548,
      "epochs_run": 26,
      "early_stop_epoch": 26,
      "early_stopped": true,
      "elapsed": 1382.0,
      "status": "ok"
    },
    {
      "trial": 2,
      "params": {
        "learning_rate": 0.0032048935202407887
      },
      "mrr@20": 0.1881,
      "valid_result": {
        "hit@5": 0.215,
        "hit@10": 0.228,
        "hit@20": 0.2474,
        "ndcg@5": 0.1926,
        "ndcg@10": 0.1968,
        "ndcg@20": 0.2017,
        "mrr@5": 0.1851,
        "mrr@10": 0.1867,
        "mrr@20": 0.1881
      },
      "test_result": {
        "hit@5": 0.2218,
        "hit@10": 0.2372,
        "hit@20": 0.255,
        "ndcg@5": 0.1981,
        "ndcg@10": 0.203,
        "ndcg@20": 0.2075,
        "mrr@5": 0.1901,
        "mrr@10": 0.1921,
        "mrr@20": 0.1933
      },
      "best_hr@10": 0.228,
      "test_mrr@20": 0.1933,
      "test_hr@10": 0.2372,
      "epochs_run": 26,
      "early_stop_epoch": 26,
      "early_stopped": true,
      "elapsed": 1391.4,
      "status": "ok"
    },
    {
      "trial": 3,
      "params": {
        "learning_rate": 0.002678013995101163
      },
      "mrr@20": 0.1941,
      "valid_result": {
        "hit@5": 0.2261,
        "hit@10": 0.24,
        "hit@20": 0.2567,
        "ndcg@5": 0.1999,
        "ndcg@10": 0.2043,
        "ndcg@20": 0.2086,
        "mrr@5": 0.1911,
        "mrr@10": 0.1929,
        "mrr@20": 0.1941
      },
      "test_result": {
        "hit@5": 0.2293,
        "hit@10": 0.2452,
        "hit@20": 0.2604,
        "ndcg@5": 0.2049,
        "ndcg@10": 0.21,
        "ndcg@20": 0.2139,
        "mrr@5": 0.1968,
        "mrr@10": 0.1989,
        "mrr@20": 0.2
      },
      "best_hr@10": 0.24,
      "test_mrr@20": 0.2,
      "test_hr@10": 0.2452,
      "epochs_run": 22,
      "early_stop_epoch": 22,
      "early_stopped": true,
      "elapsed": 1185.9,
      "status": "ok"
    },
    {
      "trial": 4,
      "params": {
        "learning_rate": 0.001422368211427994
      },
      "mrr@20": 0.2104,
      "valid_result": {
        "hit@5": 0.24,
        "hit@10": 0.2572,
        "hit@20": 0.2713,
        "ndcg@5": 0.2153,
        "ndcg@10": 0.2208,
        "ndcg@20": 0.2245,
        "mrr@5": 0.2071,
        "mrr@10": 0.2093,
        "mrr@20": 0.2104
      },
      "test_result": {
        "hit@5": 0.2407,
        "hit@10": 0.2577,
        "hit@20": 0.2736,
        "ndcg@5": 0.2151,
        "ndcg@10": 0.2206,
        "ndcg@20": 0.2246,
        "mrr@5": 0.2065,
        "mrr@10": 0.2088,
        "mrr@20": 0.2099
      },
      "best_hr@10": 0.2572,
      "test_mrr@20": 0.2099,
      "test_hr@10": 0.2577,
      "epochs_run": 24,
      "early_stop_epoch": 24,
      "early_stopped": true,
      "elapsed": 1296.9,
      "status": "ok"
    },
    {
      "trial": 5,
      "params": {
        "learning_rate": 0.002105802147160617
      },
      "mrr@20": 0.1988,
      "valid_result": {
        "hit@5": 0.2259,
        "hit@10": 0.2445,
        "hit@20": 0.2618,
        "ndcg@5": 0.203,
        "ndcg@10": 0.2089,
        "ndcg@20": 0.2132,
        "mrr@5": 0.1952,
        "mrr@10": 0.1976,
        "mrr@20": 0.1988
      },
      "test_result": {
        "hit@5": 0.233,
        "hit@10": 0.2548,
        "hit@20": 0.2697,
        "ndcg@5": 0.2076,
        "ndcg@10": 0.2147,
        "ndcg@20": 0.2185,
        "mrr@5": 0.1991,
        "mrr@10": 0.202,
        "mrr@20": 0.2031
      },
      "best_hr@10": 0.2445,
      "test_mrr@20": 0.2031,
      "test_hr@10": 0.2548,
      "epochs_run": 22,
      "early_stop_epoch": 22,
      "early_stopped": true,
      "elapsed": 1186.4,
      "status": "ok"
    }
  ],
  "run_group": "baseline",
  "run_axis": "widesearch_anchor2_core5",
  "run_phase": "P15_WS_D00_M05_FAME_C2D3_S1",
  "parent_result": "",
  "interrupted": false,
  "interrupted_at": null,
  "tuned_search": {
    "learning_rate": [
      0.0012,
      0.004
    ]
  },
  "fixed_search": {
    "num_heads": 4,
    "num_experts": 4,
    "num_layers": 3,
    "weight_decay": 0.00016,
    "dropout_ratio": 0.13999999999999999,
    "hidden_size": 168,
    "embedding_size": 152,
    "inner_size": 504,
    "n_layers": 3,
    "n_heads": 4,
    "dropout_prob": 0.13999999999999999,
    "hidden_dropout_prob": 0.13999999999999999,
    "attn_dropout_prob": 0.13999999999999999
  },
  "context_fixed": {
    "num_layers": 3,
    "search_space_type_overrides": {
      "learning_rate": "loguniform",
      "weight_decay": "choice",
      "dropout_ratio": "choice",
      "hidden_size": "choice",
      "embedding_size": "choice",
      "inner_size": "choice",
      "n_layers": "choice",
      "num_layers": "choice",
      "n_heads": "choice",
      "num_heads": "choice",
      "dropout_prob": "choice",
      "hidden_dropout_prob": "choice",
      "attn_dropout_prob": "choice",
      "num_experts": "choice"
    }
  },
  "best_mrr@20": 0.2115,
  "best_hr@10": 0.2533,
  "test_mrr@20": 0.2108,
  "test_hr@10": 0.2548,
  "best_valid_result": {
    "hit@5": 0.2386,
    "hit@10": 0.2533,
    "hit@20": 0.2681,
    "ndcg@5": 0.216,
    "ndcg@10": 0.2208,
    "ndcg@20": 0.2246,
    "mrr@5": 0.2084,
    "mrr@10": 0.2104,
    "mrr@20": 0.2115
  },
  "test_result": {
    "hit@5": 0.237,
    "hit@10": 0.2548,
    "hit@20": 0.2681,
    "ndcg@5": 0.2149,
    "ndcg@10": 0.2206,
    "ndcg@20": 0.224,
    "mrr@5": 0.2075,
    "mrr@10": 0.2098,
    "mrr@20": 0.2108
  },
  "best_valid_special_metrics": {
    "split": "best_valid",
    "overall": {
      "count": 3763,
      "hit@20": 0.26813712463460004,
      "ndcg@20": 0.22459486646440605,
      "mrr@20": 0.21148565805183267
    },
    "slices": {
      "target_popularity_abs": {
        "rare_1_5": {
          "count": 3735,
          "hit@20": 0.2672021419009371,
          "ndcg@20": 0.2239377208901856,
          "mrr@20": 0.21091006764645875
        },
        "6_20": {
          "count": 28,
          "hit@20": 0.39285714285714285,
          "ndcg@20": 0.31225339216845377,
          "mrr@20": 0.2882653067686728
        }
      },
      "target_popularity_abs_legacy": {
        "<=5": {
          "count": 3735,
          "hit@20": 0.2672021419009371,
          "ndcg@20": 0.2239377208901856,
          "mrr@20": 0.21091006764645875
        },
        "6-20": {
          "count": 28,
          "hit@20": 0.39285714285714285,
          "ndcg@20": 0.31225339216845377,
          "mrr@20": 0.2882653067686728
        }
      },
      "session_len": {
        "<=7": {
          "count": 1152,
          "hit@20": 0.2725694444444444,
          "ndcg@20": 0.2311510280188587,
          "mrr@20": 0.2184625067230728
        },
        "8-12": {
          "count": 878,
          "hit@20": 0.265375854214123,
          "ndcg@20": 0.22100801501160058,
          "mrr@20": 0.20779350160245608
        },
        "13+": {
          "count": 1733,
          "hit@20": 0.26658972879399884,
          "ndcg@20": 0.22205393020637587,
          "mrr@20": 0.20871842417605888
        }
      },
      "session_len_legacy": {
        "3-5": {
          "count": 665,