{
  "model": "SASRec",
  "dataset": "lastfm0.03",
  "dataset_raw": "lastfm0.03",
  "max_evals": 10,
  "tune_epochs": 49,
  "n_completed": 10,
  "n_recorded_trials": 10,
  "timestamp": "2026-03-28T15:57:52.092291",
  "trials": [
    {
      "trial": 1,
      "params": {
        "learning_rate": 0.0014037337834567325
      },
      "mrr@20": 0.2293,
      "valid_result": {
        "hit@5": 0.27,
        "hit@10": 0.2899,
        "hit@20": 0.3067,
        "ndcg@5": 0.2367,
        "ndcg@10": 0.2431,
        "ndcg@20": 0.2473,
        "mrr@5": 0.2255,
        "mrr@10": 0.2281,
        "mrr@20": 0.2293
      },
      "test_result": {
        "hit@5": 0.2657,
        "hit@10": 0.2901,
        "hit@20": 0.3084,
        "ndcg@5": 0.2339,
        "ndcg@10": 0.2419,
        "ndcg@20": 0.2465,
        "mrr@5": 0.2232,
        "mrr@10": 0.2266,
        "mrr@20": 0.2278
      },
      "best_hr@10": 0.2899,
      "test_mrr@20": 0.2278,
      "test_hr@10": 0.2901,
      "epochs_run": 46,
      "early_stop_epoch": 46,
      "early_stopped": true,
      "elapsed": 306.6,
      "status": "ok"
    },
    {
      "trial": 2,
      "params": {
        "learning_rate": 0.0011821670817731948
      },
      "mrr@20": 0.2298,
      "valid_result": {
        "hit@5": 0.2644,
        "hit@10": 0.2849,
        "hit@20": 0.3029,
        "ndcg@5": 0.2356,
        "ndcg@10": 0.2421,
        "ndcg@20": 0.2467,
        "mrr@5": 0.226,
        "mrr@10": 0.2286,
        "mrr@20": 0.2298
      },
      "test_result": {
        "hit@5": 0.2659,
        "hit@10": 0.2819,
        "hit@20": 0.3015,
        "ndcg@5": 0.2374,
        "ndcg@10": 0.2425,
        "ndcg@20": 0.2475,
        "mrr@5": 0.2278,
        "mrr@10": 0.2299,
        "mrr@20": 0.2313
      },
      "best_hr@10": 0.2849,
      "test_mrr@20": 0.2313,
      "test_hr@10": 0.2819,
      "epochs_run": 49,
      "early_stop_epoch": 49,
      "early_stopped": false,
      "elapsed": 327.2,
      "status": "ok"
    },
    {
      "trial": 3,
      "params": {
        "learning_rate": 0.0010673685173191911
      },
      "mrr@20": 0.2303,
      "valid_result": {
        "hit@5": 0.2668,
        "hit@10": 0.2865,
        "hit@20": 0.3006,
        "ndcg@5": 0.2367,
        "ndcg@10": 0.2431,
        "ndcg@20": 0.2466,
        "mrr@5": 0.2267,
        "mrr@10": 0.2293,
        "mrr@20": 0.2303
      },
      "test_result": {
        "hit@5": 0.2657,
        "hit@10": 0.2861,
        "hit@20": 0.3021,
        "ndcg@5": 0.2362,
        "ndcg@10": 0.2428,
        "ndcg@20": 0.2468,
        "mrr@5": 0.2263,
        "mrr@10": 0.229,
        "mrr@20": 0.2301
      },
      "best_hr@10": 0.2865,
      "test_mrr@20": 0.2301,
      "test_hr@10": 0.2861,
      "epochs_run": 49,
      "early_stop_epoch": 49,
      "early_stopped": false,
      "elapsed": 328.2,
      "status": "ok"
    },
    {
      "trial": 4,
      "params": {
        "learning_rate": 0.001425298269846523
      },
      "mrr@20": 0.2296,
      "valid_result": {
        "hit@5": 0.2665,
        "hit@10": 0.2854,
        "hit@20": 0.3016,
        "ndcg@5": 0.2361,
        "ndcg@10": 0.2423,
        "ndcg@20": 0.2464,
        "mrr@5": 0.2259,
        "mrr@10": 0.2285,
        "mrr@20": 0.2296
      },
      "test_result": {
        "hit@5": 0.2691,
        "hit@10": 0.2891,
        "hit@20": 0.3077,
        "ndcg@5": 0.2373,
        "ndcg@10": 0.2438,
        "ndcg@20": 0.2485,
        "mrr@5": 0.2266,
        "mrr@10": 0.2293,
        "mrr@20": 0.2306
      },
      "best_hr@10": 0.2854,
      "test_mrr@20": 0.2306,
      "test_hr@10": 0.2891,
      "epochs_run": 48,
      "early_stop_epoch": 48,
      "early_stopped": true,
      "elapsed": 318.5,
      "status": "ok"
    },
    {
      "trial": 5,
      "params": {
        "learning_rate": 0.0001369095786840993
      },
      "mrr@20": 0.1344,
      "valid_result": {
        "hit@5": 0.2129,
        "hit@10": 0.2463,
        "hit@20": 0.279,
        "ndcg@5": 0.1488,
        "ndcg@10": 0.1598,
        "ndcg@20": 0.1682,
        "mrr@5": 0.1273,
        "mrr@10": 0.132,
        "mrr@20": 0.1344
      },
      "test_result": {
        "hit@5": 0.2067,
        "hit@10": 0.245,
        "hit@20": 0.2774,
        "ndcg@5": 0.1445,
        "ndcg@10": 0.157,
        "ndcg@20": 0.1652,
        "mrr@5": 0.1236,
        "mrr@10": 0.1288,
        "mrr@20": 0.1311
      },
      "best_hr@10": 0.2463,
      "test_mrr@20": 0.1311,
      "test_hr@10": 0.245,
      "epochs_run": 49,
      "early_stop_epoch": 49,
      "early_stopped": false,
      "elapsed": 330.4,
      "status": "ok"
    },
    {
      "trial": 6,
      "params": {
        "learning_rate": 0.0006075863979751062
      },
      "mrr@20": 0.2148,
      "valid_result": {
        "hit@5": 0.2657,
        "hit@10": 0.2886,
        "hit@20": 0.3085,
        "ndcg@5": 0.2242,
        "ndcg@10": 0.2315,
        "ndcg@20": 0.2366,
        "mrr@5": 0.2104,
        "mrr@10": 0.2134,
        "mrr@20": 0.2148
      },
      "test_result": {
        "hit@5": 0.267,
        "hit@10": 0.2928,
        "hit@20": 0.3108,
        "ndcg@5": 0.2271,
        "ndcg@10": 0.2355,
        "ndcg@20": 0.24,
        "mrr@5": 0.2137,
        "mrr@10": 0.2172,
        "mrr@20": 0.2185
      },
      "best_hr@10": 0.2886,
      "test_mrr@20": 0.2185,
      "test_hr@10": 0.2928,
      "epochs_run": 49,
      "early_stop_epoch": 49,
      "early_stopped": false,
      "elapsed": 329.9,
      "status": "ok"
    },
    {
      "trial": 7,
      "params": {
        "learning_rate": 0.00025593496281515847
      },
      "mrr@20": 0.1694,
      "valid_result": {
        "hit@5": 0.2365,
        "hit@10": 0.27,
        "hit@20": 0.2987,
        "ndcg@5": 0.1814,
        "ndcg@10": 0.1923,
        "ndcg@20": 0.1996,
        "mrr@5": 0.1629,
        "mrr@10": 0.1674,
        "mrr@20": 0.1694
      },
      "test_result": {
        "hit@5": 0.2375,
        "hit@10": 0.2715,
        "hit@20": 0.2991,
        "ndcg@5": 0.181,
        "ndcg@10": 0.192,
        "ndcg@20": 0.199,
        "mrr@5": 0.162,
        "mrr@10": 0.1665,
        "mrr@20": 0.1685
      },
      "best_hr@10": 0.27,
      "test_mrr@20": 0.1685,
      "test_hr@10": 0.2715,
      "epochs_run": 49,
      "early_stop_epoch": 49,
      "early_stopped": false,
      "elapsed": 331.5,
      "status": "ok"
    },
    {
      "trial": 8,
      "params": {
        "learning_rate": 0.00042263744316531126
      },
      "mrr@20": 0.1997,
      "valid_result": {
        "hit@5": 0.2514,
        "hit@10": 0.2825,
        "hit@20": 0.3077,
        "ndcg@5": 0.2081,
        "ndcg@10": 0.2183,
        "ndcg@20": 0.2247,
        "mrr@5": 0.1936,
        "mrr@10": 0.1979,
        "mrr@20": 0.1997
      },
      "test_result": {
        "hit@5": 0.2529,
        "hit@10": 0.2816,
        "hit@20": 0.3069,
        "ndcg@5": 0.2101,
        "ndcg@10": 0.2195,
        "ndcg@20": 0.2259,
        "mrr@5": 0.1958,
        "mrr@10": 0.1997,
        "mrr@20": 0.2016
      },
      "best_hr@10": 0.2825,
      "test_mrr@20": 0.2016,
      "test_hr@10": 0.2816,
      "epochs_run": 49,
      "early_stop_epoch": 49,
      "early_stopped": false,
      "elapsed": 330.7,
      "status": "ok"
    },
    {
      "trial": 9,
      "params": {
        "learning_rate": 0.0013759940970235402
      },
      "mrr@20": 0.2293,
      "valid_result": {
        "hit@5": 0.2703,
        "hit@10": 0.2891,
        "hit@20": 0.3091,
        "ndcg@5": 0.2366,
        "ndcg@10": 0.2427,
        "ndcg@20": 0.2478,
        "mrr@5": 0.2253,
        "mrr@10": 0.2279,
        "mrr@20": 0.2293
      },
      "test_result": {
        "hit@5": 0.2646,
        "hit@10": 0.2904,
        "hit@20": 0.3077,
        "ndcg@5": 0.2333,
        "ndcg@10": 0.2418,
        "ndcg@20": 0.2462,
        "mrr@5": 0.2228,
        "mrr@10": 0.2264,
        "mrr@20": 0.2276
      },
      "best_hr@10": 0.2891,
      "test_mrr@20": 0.2276,
      "test_hr@10": 0.2904,
      "epochs_run": 46,
      "early_stop_epoch": 46,