{
  "model": "SASRec",
  "dataset": "lastfm0.03",
  "dataset_raw": "lastfm0.03",
  "max_evals": 6,
  "tune_epochs": 40,
  "n_completed": 4,
  "n_recorded_trials": 4,
  "timestamp": "2026-03-29T17:03:26.508940",
  "trials": [
    {
      "trial": 1,
      "params": {
        "learning_rate": 0.002252850022750298
      },
      "mrr@20": 0.2184,
      "valid_result": {
        "hit@5": 0.257,
        "hit@10": 0.2798,
        "hit@20": 0.2992,
        "ndcg@5": 0.2246,
        "ndcg@10": 0.2321,
        "ndcg@20": 0.2371,
        "mrr@5": 0.2138,
        "mrr@10": 0.217,
        "mrr@20": 0.2184
      },
      "test_result": {
        "hit@5": 0.255,
        "hit@10": 0.2766,
        "hit@20": 0.296,
        "ndcg@5": 0.2238,
        "ndcg@10": 0.2308,
        "ndcg@20": 0.2357,
        "mrr@5": 0.2134,
        "mrr@10": 0.2163,
        "mrr@20": 0.2176
      },
      "best_hr@10": 0.2798,
      "test_mrr@20": 0.2176,
      "test_hr@10": 0.2766,
      "epochs_run": 28,
      "early_stop_epoch": 28,
      "early_stopped": true,
      "elapsed": 300.3,
      "status": "ok"
    },
    {
      "trial": 2,
      "params": {
        "learning_rate": 0.0015363706163386407
      },
      "mrr@20": 0.2253,
      "valid_result": {
        "hit@5": 0.2639,
        "hit@10": 0.283,
        "hit@20": 0.3037,
        "ndcg@5": 0.232,
        "ndcg@10": 0.2382,
        "ndcg@20": 0.2434,
        "mrr@5": 0.2213,
        "mrr@10": 0.2239,
        "mrr@20": 0.2253
      },
      "test_result": {
        "hit@5": 0.2646,
        "hit@10": 0.2843,
        "hit@20": 0.3047,
        "ndcg@5": 0.23,
        "ndcg@10": 0.2364,
        "ndcg@20": 0.2416,
        "mrr@5": 0.2184,
        "mrr@10": 0.221,
        "mrr@20": 0.2225
      },
      "best_hr@10": 0.283,
      "test_mrr@20": 0.2225,
      "test_hr@10": 0.2843,
      "epochs_run": 33,
      "early_stop_epoch": 33,
      "early_stopped": true,
      "elapsed": 350.7,
      "status": "ok"
    },
    {
      "trial": 3,
      "params": {
        "learning_rate": 0.0010223291377634382
      },
      "mrr@20": 0.2239,
      "valid_result": {
        "hit@5": 0.2615,
        "hit@10": 0.2825,
        "hit@20": 0.3014,
        "ndcg@5": 0.2302,
        "ndcg@10": 0.237,
        "ndcg@20": 0.2418,
        "mrr@5": 0.2198,
        "mrr@10": 0.2226,
        "mrr@20": 0.2239
      },
      "test_result": {
        "hit@5": 0.2612,
        "hit@10": 0.2808,
        "hit@20": 0.3018,
        "ndcg@5": 0.2328,
        "ndcg@10": 0.2392,
        "ndcg@20": 0.2446,
        "mrr@5": 0.2234,
        "mrr@10": 0.2261,
        "mrr@20": 0.2276
      },
      "best_hr@10": 0.2825,
      "test_mrr@20": 0.2276,
      "test_hr@10": 0.2808,
      "epochs_run": 40,
      "early_stop_epoch": 40,
      "early_stopped": false,
      "elapsed": 429.3,
      "status": "ok"
    },
    {
      "trial": 4,
      "params": {
        "learning_rate": 0.0007984342896072374
      },
      "mrr@20": 0.2236,
      "valid_result": {
        "hit@5": 0.2604,
        "hit@10": 0.2836,
        "hit@20": 0.3059,
        "ndcg@5": 0.2293,
        "ndcg@10": 0.2368,
        "ndcg@20": 0.2425,
        "mrr@5": 0.219,
        "mrr@10": 0.2221,
        "mrr@20": 0.2236
      },
      "test_result": {
        "hit@5": 0.2689,
        "hit@10": 0.2885,
        "hit@20": 0.3082,
        "ndcg@5": 0.2347,
        "ndcg@10": 0.241,
        "ndcg@20": 0.246,
        "mrr@5": 0.2233,
        "mrr@10": 0.2259,
        "mrr@20": 0.2273
      },
      "best_hr@10": 0.2836,
      "test_mrr@20": 0.2273,
      "test_hr@10": 0.2885,
      "epochs_run": 40,
      "early_stop_epoch": 40,
      "early_stopped": false,
      "elapsed": 422.9,
      "status": "ok"
    }
  ],
  "run_group": "baseline",
  "run_axis": "stageb_structure_anchor2_core5",
  "run_phase": "P17_SB_D00_M01_SASREC_B3_S1",
  "parent_result": "",
  "interrupted": false,
  "interrupted_at": null,
  "tuned_search": {
    "learning_rate": [
      0.00034363636363636367,
      0.0024948
    ]
  },
  "fixed_search": {
    "attn_dropout_prob": 0.18000000000000002,
    "num_layers": 3,
    "weight_decay": 0.00025499999999999996,
    "dropout_ratio": 0.18000000000000002,
    "hidden_size": 160,
    "embedding_size": 160,
    "n_layers": 3,
    "dropout_prob": 0.18000000000000002,
    "hidden_dropout_prob": 0.18000000000000002,
    "inner_size": 480,
    "n_heads": 4,
    "num_heads": 4
  },
  "context_fixed": {
    "num_layers": 3,
    "search_space_type_overrides": {
      "learning_rate": "loguniform",
      "weight_decay": "choice",
      "dropout_ratio": "choice",
      "hidden_size": "choice",
      "embedding_size": "choice",
      "n_layers": "choice",
      "num_layers": "choice",
      "dropout_prob": "choice",
      "hidden_dropout_prob": "choice",
      "attn_dropout_prob": "choice",
      "inner_size": "choice",
      "n_heads": "choice",
      "num_heads": "choice"
    }
  },
  "best_mrr@20": 0.2253,
  "best_hr@10": 0.283,
  "test_mrr@20": 0.2225,
  "test_hr@10": 0.2843,
  "best_valid_result": {
    "hit@5": 0.2639,
    "hit@10": 0.283,
    "hit@20": 0.3037,
    "ndcg@5": 0.232,
    "ndcg@10": 0.2382,
    "ndcg@20": 0.2434,
    "mrr@5": 0.2213,
    "mrr@10": 0.2239,
    "mrr@20": 0.2253
  },
  "test_result": {
    "hit@5": 0.2646,
    "hit@10": 0.2843,
    "hit@20": 0.3047,
    "ndcg@5": 0.23,
    "ndcg@10": 0.2364,
    "ndcg@20": 0.2416,
    "mrr@5": 0.2184,
    "mrr@10": 0.221,
    "mrr@20": 0.2225
  },
  "best_valid_special_metrics": {
    "split": "best_valid",
    "overall": {
      "count": 3763,
      "hit@20": 0.3037470103640712,
      "ndcg@20": 0.24337617460160124,
      "mrr@20": 0.22530083523614275
    },
    "slices": {
      "target_popularity_abs": {
        "rare_1_5": {
          "count": 3735,
          "hit@20": 0.3028112449799197,
          "ndcg@20": 0.24254259705703102,
          "mrr@20": 0.2244983902108797
        },
        "6_20": {
          "count": 28,
          "hit@20": 0.42857142857142855,
          "ndcg@20": 0.3545694649219513,
          "mrr@20": 0.3323412698560527
        }
      },
      "target_popularity_abs_legacy": {
        "<=5": {
          "count": 3735,
          "hit@20": 0.3028112449799197,
          "ndcg@20": 0.24254259705703102,
          "mrr@20": 0.2244983902108797
        },
        "6-20": {
          "count": 28,
          "hit@20": 0.42857142857142855,
          "ndcg@20": 0.3545694649219513,
          "mrr@20": 0.3323412698560527
        }
      },
      "session_len": {
        "<=7": {
          "count": 1152,
          "hit@20": 0.3116319444444444,
          "ndcg@20": 0.25096168951131403,
          "mrr@20": 0.23277938784384686
        },
        "8-12": {
          "count": 2611,
          "hit@20": 0.3002680965147453,
          "ndcg@20": 0.2400293675636889,
          "mrr@20": 0.2220012210637662
        }
      },
      "session_len_legacy": {
        "3-5": {
          "count": 665,
          "hit@20": 0.28270676691729324,
          "ndcg@20": 0.2217624880541536,
          "mrr@20": 0.20323110196487348
        },
        "6-10": {
          "count": 3098,
          "hit@20": 0.3082633957391866,
          "ndcg@20": 0.24801565218522056,
          "mrr@20": 0.2300382053540879
        }
      }
    },
    "counts": {
      "target_popularity_abs": {
        "rare_1_5": 3735,
        "6_20": 28
      },
      "target_popularity_abs_legacy": {
        "<=5": 3735,
        "6-20": 28
      },
      "session_len": {
        "<=7": 1152,
        "8-12": 2611
      },
      "session_len_legacy": {
        "3-5": 665,
        "6-10": 3098
      }
    },
    "config_snapshot": {
      "target_popularity_abs_bins": [
        "cold_0",
        "rare_1_5",
        "6_20",
        "21_100",
        "101+"
      ],
      "target_popularity_abs_bins_legacy": [
        "<=5",
        "6-20",
        "21-100",
        ">100"
      ],
      "session_len_bins": [
        "<=7",
        "8-12",
        "13+"
      ],