{
  "model": "GRU4Rec",
  "dataset": "movielens1m",
  "dataset_raw": "movielens1m",
  "max_evals": 4,
  "tune_epochs": 24,
  "n_completed": 4,
  "n_recorded_trials": 4,
  "timestamp": "2026-04-09T05:06:22.388561",
  "trials": [
    {
      "trial": 1,
      "params": {
        "learning_rate": 0.0010897219088960863
      },
      "mrr@20": 0.0446,
      "valid_result": {
        "hit@5": 0.0646,
        "hit@10": 0.1085,
        "hit@20": 0.1911,
        "ndcg@5": 0.0409,
        "ndcg@10": 0.0551,
        "ndcg@20": 0.0759,
        "mrr@5": 0.033,
        "mrr@10": 0.0389,
        "mrr@20": 0.0446
      },
      "test_result": {
        "hit@5": 0.0632,
        "hit@10": 0.1126,
        "hit@20": 0.1938,
        "ndcg@5": 0.0416,
        "ndcg@10": 0.0575,
        "ndcg@20": 0.0779,
        "mrr@5": 0.0345,
        "mrr@10": 0.041,
        "mrr@20": 0.0466
      },
      "best_hr@10": 0.1085,
      "test_mrr@20": 0.0466,
      "test_hr@10": 0.1126,
      "epochs_run": 24,
      "early_stop_epoch": 24,
      "early_stopped": false,
      "elapsed": 61.1,
      "status": "ok"
    },
    {
      "trial": 2,
      "params": {
        "learning_rate": 0.0012513671009863742
      },
      "mrr@20": 0.0493,
      "valid_result": {
        "hit@5": 0.0743,
        "hit@10": 0.1177,
        "hit@20": 0.1971,
        "ndcg@5": 0.0472,
        "ndcg@10": 0.0611,
        "ndcg@20": 0.081,
        "mrr@5": 0.0382,
        "mrr@10": 0.0439,
        "mrr@20": 0.0493
      },
      "test_result": {
        "hit@5": 0.0655,
        "hit@10": 0.1186,
        "hit@20": 0.1975,
        "ndcg@5": 0.0414,
        "ndcg@10": 0.0583,
        "ndcg@20": 0.0783,
        "mrr@5": 0.0336,
        "mrr@10": 0.0404,
        "mrr@20": 0.0458
      },
      "best_hr@10": 0.1177,
      "test_mrr@20": 0.0458,
      "test_hr@10": 0.1186,
      "epochs_run": 24,
      "early_stop_epoch": 24,
      "early_stopped": false,
      "elapsed": 58.6,
      "status": "ok"
    },
    {
      "trial": 3,
      "params": {
        "learning_rate": 0.0011172124012911136
      },
      "mrr@20": 0.0463,
      "valid_result": {
        "hit@5": 0.0697,
        "hit@10": 0.1154,
        "hit@20": 0.1934,
        "ndcg@5": 0.0437,
        "ndcg@10": 0.0583,
        "ndcg@20": 0.0778,
        "mrr@5": 0.0351,
        "mrr@10": 0.041,
        "mrr@20": 0.0463
      },
      "test_result": {
        "hit@5": 0.0641,
        "hit@10": 0.1089,
        "hit@20": 0.1929,
        "ndcg@5": 0.0418,
        "ndcg@10": 0.0562,
        "ndcg@20": 0.0773,
        "mrr@5": 0.0345,
        "mrr@10": 0.0403,
        "mrr@20": 0.0461
      },
      "best_hr@10": 0.1154,
      "test_mrr@20": 0.0461,
      "test_hr@10": 0.1089,
      "epochs_run": 24,
      "early_stop_epoch": 24,
      "early_stopped": false,
      "elapsed": 60.0,
      "status": "ok"
    },
    {
      "trial": 4,
      "params": {
        "learning_rate": 0.0009656190876821309
      },
      "mrr@20": 0.0431,
      "valid_result": {
        "hit@5": 0.0568,
        "hit@10": 0.1025,
        "hit@20": 0.1824,
        "ndcg@5": 0.038,
        "ndcg@10": 0.0526,
        "ndcg@20": 0.0726,
        "mrr@5": 0.0318,
        "mrr@10": 0.0377,
        "mrr@20": 0.0431
      },
      "test_result": {
        "hit@5": 0.0563,
        "hit@10": 0.1052,
        "hit@20": 0.1795,
        "ndcg@5": 0.0365,
        "ndcg@10": 0.0521,
        "ndcg@20": 0.0708,
        "mrr@5": 0.0301,
        "mrr@10": 0.0364,
        "mrr@20": 0.0415
      },
      "best_hr@10": 0.1025,
      "test_mrr@20": 0.0415,
      "test_hr@10": 0.1052,
      "epochs_run": 24,
      "early_stop_epoch": 24,
      "early_stopped": false,
      "elapsed": 57.9,
      "status": "ok"
    }
  ],
  "run_group": "baseline",
  "run_axis": "stageh_targetedrecovery_anchor2_core5",
  "run_phase": "P23_SH_C09_MGRU4REC_XFER_LASTFM0_03_FAD_H2_R1_C1_DROP_S1",
  "parent_result": "",
  "interrupted": false,
  "interrupted_at": null,
  "tuned_search": {
    "learning_rate": [
      0.0008966727589158303,
      0.0012686309256766805
    ]
  },
  "fixed_search": {
    "num_layers": 2,
    "weight_decay": 0.00015,
    "hidden_dropout_prob": 0.18,
    "MAX_ITEM_LIST_LENGTH": 10,
    "n_layers": 2,
    "n_heads": 4,
    "num_heads": 4,
    "dropout_ratio": 0.18,
    "dropout_prob": 0.18,
    "attn_dropout_prob": 0.18,
    "hidden_size": 144,
    "embedding_size": 144,
    "inner_size": 288,
    "time_span": 384,
    "num_experts": 6,
    "state_size": 24,
    "conv_kernel": 6,
    "remaining_ratio": 0.6
  },
  "context_fixed": {
    "num_layers": 2,
    "search_space_type_overrides": {
      "learning_rate": "loguniform",
      "weight_decay": "choice",
      "n_layers": "choice",
      "num_layers": "choice",
      "n_heads": "choice",
      "num_heads": "choice",
      "dropout_ratio": "choice",
      "dropout_prob": "choice",
      "hidden_dropout_prob": "choice",
      "attn_dropout_prob": "choice",
      "hidden_size": "choice",
      "embedding_size": "choice",
      "inner_size": "choice",
      "time_span": "choice",
      "num_experts": "choice",
      "state_size": "choice",
      "conv_kernel": "choice",
      "remaining_ratio": "choice",
      "MAX_ITEM_LIST_LENGTH": "choice"
    }
  },
  "best_params": {
    "learning_rate": 0.0012513671009863742
  },
  "best_mrr@20": 0.0493,
  "best_hr@10": 0.1177,
  "test_mrr@20": 0.0458,
  "test_hr@10": 0.1186,
  "best_valid_result": {
    "hit@5": 0.0743,
    "hit@10": 0.1177,
    "hit@20": 0.1971,
    "ndcg@5": 0.0472,
    "ndcg@10": 0.0611,
    "ndcg@20": 0.081,
    "mrr@5": 0.0382,
    "mrr@10": 0.0439,
    "mrr@20": 0.0493
  },
  "test_result": {
    "hit@5": 0.0655,
    "hit@10": 0.1186,
    "hit@20": 0.1975,
    "ndcg@5": 0.0414,
    "ndcg@10": 0.0583,
    "ndcg@20": 0.0783,
    "mrr@5": 0.0336,
    "mrr@10": 0.0404,
    "mrr@20": 0.0458
  },
  "best_valid_special_metrics": {
    "split": "best_valid",
    "overall": {
      "count": 2166,
      "hit@20": 0.1971375807940905,
      "ndcg@20": 0.08104243047624854,
      "mrr@20": 0.049320542307730524
    },
    "slices": {
      "target_popularity_abs": {
        "rare_1_5": {
          "count": 1940,
          "hit@20": 0.177319587628866,
          "ndcg@20": 0.06986630267089175,
          "mrr@20": 0.04069042679536896
        },
        "6_20": {
          "count": 226,
          "hit@20": 0.3672566371681416,
          "ndcg@20": 0.1769791027877183,
          "mrr@20": 0.12340206484747145
        }
      },
      "target_popularity_abs_legacy": {
        "<=5": {
          "count": 1940,
          "hit@20": 0.177319587628866,
          "ndcg@20": 0.06986630267089175,
          "mrr@20": 0.04069042679536896
        },
        "6-20": {
          "count": 226,
          "hit@20": 0.3672566371681416,
          "ndcg@20": 0.1769791027877183,
          "mrr@20": 0.12340206484747145
        }
      },
      "session_len": {
        "<=7": {
          "count": 141,
          "hit@20": 0.09929078014184398,
          "ndcg@20": 0.03704923391342163,
          "mrr@20": 0.02015047546819592
        },
        "8-12": {
          "count": 2025,
          "hit@20": 0.2039506172839506,
          "ndcg@20": 0.08410566045914167,
          "mrr@20": 0.051351643258038863
        }
      },
      "session_len_legacy": {
        "1-2": {
          "count": 38,
          "hit@20": 0.13157894736842105,
          "ndcg@20": 0.04270942744455839,
          "mrr@20": 0.018692564905474062
        },
        "3-5": {
          "count": 59,
          "hit@20": 0.1016949152542373,
          "ndcg@20": 0.03481594308958215,
          "mrr@20": 0.016157084665561126
        },
        "6-10": {
          "count": 2069,
          "hit@20": 0.20106331561140647,
          "ndcg@20": 0.08306467159322174,
          "mrr@20": 0.05082876228944814
        }
      }
    },
    "counts": {
      "target_popularity_abs": {
        "rare_1_5": 1940,
        "6_20": 226
      },
      "target_popularity_abs_legacy": {
        "<=5": 1940,