{
  "model": "GRU4Rec",
  "dataset": "retail_rocket",
  "dataset_raw": "retail_rocket",
  "max_evals": 4,
  "tune_epochs": 20,
  "n_completed": 4,
  "n_recorded_trials": 4,
  "timestamp": "2026-04-09T17:20:07.504432",
  "trials": [
    {
      "trial": 1,
      "params": {
        "learning_rate": 0.001953172723142294
      },
      "mrr@20": 0.1504,
      "valid_result": {
        "hit@5": 0.2143,
        "hit@10": 0.2757,
        "hit@20": 0.343,
        "ndcg@5": 0.1566,
        "ndcg@10": 0.1764,
        "ndcg@20": 0.1935,
        "mrr@5": 0.1375,
        "mrr@10": 0.1457,
        "mrr@20": 0.1504
      },
      "test_result": {
        "hit@5": 0.2147,
        "hit@10": 0.2797,
        "hit@20": 0.3468,
        "ndcg@5": 0.1559,
        "ndcg@10": 0.1769,
        "ndcg@20": 0.1939,
        "mrr@5": 0.1365,
        "mrr@10": 0.1451,
        "mrr@20": 0.1498
      },
      "best_hr@10": 0.2757,
      "test_mrr@20": 0.1498,
      "test_hr@10": 0.2797,
      "epochs_run": 20,
      "early_stop_epoch": 20,
      "early_stopped": false,
      "elapsed": 157.3,
      "status": "ok"
    },
    {
      "trial": 2,
      "params": {
        "learning_rate": 0.0022181386217225174
      },
      "mrr@20": 0.1596,
      "valid_result": {
        "hit@5": 0.2306,
        "hit@10": 0.2938,
        "hit@20": 0.3588,
        "ndcg@5": 0.1675,
        "ndcg@10": 0.1879,
        "ndcg@20": 0.2044,
        "mrr@5": 0.1467,
        "mrr@10": 0.1551,
        "mrr@20": 0.1596
      },
      "test_result": {
        "hit@5": 0.2309,
        "hit@10": 0.2966,
        "hit@20": 0.3612,
        "ndcg@5": 0.1686,
        "ndcg@10": 0.1898,
        "ndcg@20": 0.2062,
        "mrr@5": 0.148,
        "mrr@10": 0.1567,
        "mrr@20": 0.1612
      },
      "best_hr@10": 0.2938,
      "test_mrr@20": 0.1612,
      "test_hr@10": 0.2966,
      "epochs_run": 20,
      "early_stop_epoch": 20,
      "early_stopped": false,
      "elapsed": 157.5,
      "status": "ok"
    },
    {
      "trial": 3,
      "params": {
        "learning_rate": 0.0019810124010312207
      },
      "mrr@20": 0.1519,
      "valid_result": {
        "hit@5": 0.2174,
        "hit@10": 0.2825,
        "hit@20": 0.349,
        "ndcg@5": 0.1581,
        "ndcg@10": 0.1792,
        "ndcg@20": 0.1961,
        "mrr@5": 0.1384,
        "mrr@10": 0.1472,
        "mrr@20": 0.1519
      },
      "test_result": {
        "hit@5": 0.2194,
        "hit@10": 0.2837,
        "hit@20": 0.3518,
        "ndcg@5": 0.1596,
        "ndcg@10": 0.1803,
        "ndcg@20": 0.1976,
        "mrr@5": 0.1398,
        "mrr@10": 0.1484,
        "mrr@20": 0.1531
      },
      "best_hr@10": 0.2825,
      "test_mrr@20": 0.1531,
      "test_hr@10": 0.2837,
      "epochs_run": 20,
      "early_stop_epoch": 20,
      "early_stopped": false,
      "elapsed": 157.4,
      "status": "ok"
    },
    {
      "trial": 4,
      "params": {
        "learning_rate": 0.0019923121589080417
      },
      "mrr@20": 0.1518,
      "valid_result": {
        "hit@5": 0.2185,
        "hit@10": 0.2839,
        "hit@20": 0.3471,
        "ndcg@5": 0.1586,
        "ndcg@10": 0.1797,
        "ndcg@20": 0.1957,
        "mrr@5": 0.1388,
        "mrr@10": 0.1474,
        "mrr@20": 0.1518
      },
      "test_result": {
        "hit@5": 0.2185,
        "hit@10": 0.282,
        "hit@20": 0.3503,
        "ndcg@5": 0.1586,
        "ndcg@10": 0.179,
        "ndcg@20": 0.1963,
        "mrr@5": 0.1388,
        "mrr@10": 0.1472,
        "mrr@20": 0.1519
      },
      "best_hr@10": 0.2839,
      "test_mrr@20": 0.1519,
      "test_hr@10": 0.282,
      "epochs_run": 20,
      "early_stop_epoch": 20,
      "early_stopped": false,
      "elapsed": 157.7,
      "status": "ok"
    }
  ],
  "run_group": "baseline",
  "run_axis": "stageh_targetedrecovery_anchor2_core5",
  "run_phase": "P23_SH_C09_MGRU4REC_XFER_AMAZON_BEAUTY_FAD_H2_R1_C1_DROP_S1",
  "parent_result": "",
  "interrupted": false,
  "interrupted_at": null,
  "tuned_search": {
    "learning_rate": [
      0.0016045854248295758,
      0.0022594683624944547
    ]
  },
  "fixed_search": {
    "num_layers": 2,
    "weight_decay": 0.00015,
    "hidden_dropout_prob": 0.18,
    "MAX_ITEM_LIST_LENGTH": 10,
    "n_layers": 2,
    "n_heads": 4,
    "num_heads": 4,
    "dropout_ratio": 0.18,
    "dropout_prob": 0.18,
    "attn_dropout_prob": 0.18,
    "hidden_size": 144,
    "embedding_size": 144,
    "inner_size": 288,
    "time_span": 384,
    "num_experts": 6,
    "state_size": 24,
    "conv_kernel": 6,
    "remaining_ratio": 0.6
  },
  "context_fixed": {
    "num_layers": 2,
    "search_space_type_overrides": {
      "learning_rate": "loguniform",
      "weight_decay": "choice",
      "n_layers": "choice",
      "num_layers": "choice",
      "n_heads": "choice",
      "num_heads": "choice",
      "dropout_ratio": "choice",
      "dropout_prob": "choice",
      "hidden_dropout_prob": "choice",
      "attn_dropout_prob": "choice",
      "hidden_size": "choice",
      "embedding_size": "choice",
      "inner_size": "choice",
      "time_span": "choice",
      "num_experts": "choice",
      "state_size": "choice",
      "conv_kernel": "choice",
      "remaining_ratio": "choice",
      "MAX_ITEM_LIST_LENGTH": "choice"
    }
  },
  "best_params": {
    "learning_rate": 0.0022181386217225174
  },
  "best_mrr@20": 0.1596,
  "best_hr@10": 0.2938,
  "test_mrr@20": 0.1612,
  "test_hr@10": 0.2966,
  "best_valid_result": {
    "hit@5": 0.2306,
    "hit@10": 0.2938,
    "hit@20": 0.3588,
    "ndcg@5": 0.1675,
    "ndcg@10": 0.1879,
    "ndcg@20": 0.2044,
    "mrr@5": 0.1467,
    "mrr@10": 0.1551,
    "mrr@20": 0.1596
  },
  "test_result": {
    "hit@5": 0.2309,
    "hit@10": 0.2966,
    "hit@20": 0.3612,
    "ndcg@5": 0.1686,
    "ndcg@10": 0.1898,
    "ndcg@20": 0.2062,
    "mrr@5": 0.148,
    "mrr@10": 0.1567,
    "mrr@20": 0.1612
  },
  "best_valid_special_metrics": {
    "split": "best_valid",
    "overall": {
      "count": 22961,
      "hit@20": 0.3587822830016114,
      "ndcg@20": 0.20442780736215824,
      "mrr@20": 0.1596451264763381
    },
    "slices": {
      "target_popularity_abs": {
        "rare_1_5": {
          "count": 20110,
          "hit@20": 0.3207856787667827,
          "ndcg@20": 0.17615790179213264,
          "mrr@20": 0.13446425902404813
        },
        "6_20": {
          "count": 2526,
          "hit@20": 0.6152019002375297,
          "ndcg@20": 0.3867052875146541,
          "mrr@20": 0.3186260262107505
        },
        "21_100": {
          "count": 325,
          "hit@20": 0.7169230769230769,
          "ndcg@20": 0.5369659185868043,
          "mrr@20": 0.4821112548961089
        }
      },
      "target_popularity_abs_legacy": {
        "<=5": {
          "count": 20110,
          "hit@20": 0.3207856787667827,
          "ndcg@20": 0.17615790179213264,
          "mrr@20": 0.13446425902404813
        },
        "6-20": {
          "count": 2526,
          "hit@20": 0.6152019002375297,
          "ndcg@20": 0.3867052875146541,
          "mrr@20": 0.3186260262107505
        },
        "21-100": {
          "count": 325,
          "hit@20": 0.7169230769230769,
          "ndcg@20": 0.5369659185868043,
          "mrr@20": 0.4821112548961089
        }
      },
      "session_len": {
        "<=7": {
          "count": 20698,
          "hit@20": 0.37013237994009085,
          "ndcg@20": 0.21253977022170215,
          "mrr@20": 0.16677417157615443
        },
        "8-12": {
          "count": 2263,
          "hit@20": 0.25497127706584183,
          "ndcg@20": 0.13023363711609548,
          "mrr@20": 0.09444098353511035
        }
      },
      "session_len_legacy": {
        "1-2": {
          "count": 10403,
          "hit@20": 0.3848889743343266,
          "ndcg@20": 0.22721385467938252,
          "mrr@20": 0.18131602770909144
        },
        "3-5": {
          "count": 8710,
          "hit@20": 0.3639494833524684,
          "ndcg@20": 0.2027738284931254,
          "mrr@20": 0.1560631174273387
        },