{
  "model": "FAME",
  "dataset": "retail_rocket",
  "dataset_raw": "retail_rocket",
  "max_evals": 7,
  "tune_epochs": 48,
  "n_completed": 7,
  "n_recorded_trials": 7,
  "timestamp": "2026-04-08T07:22:39.515970",
  "trials": [
    {
      "trial": 1,
      "params": {
        "learning_rate": 0.007870295540994344
      },
      "mrr@20": 0.2098,
      "valid_result": {
        "hit@5": 0.286,
        "hit@10": 0.3483,
        "hit@20": 0.4087,
        "ndcg@5": 0.2193,
        "ndcg@10": 0.2395,
        "ndcg@20": 0.2548,
        "mrr@5": 0.1972,
        "mrr@10": 0.2056,
        "mrr@20": 0.2098
      },
      "test_result": {
        "hit@5": 0.2891,
        "hit@10": 0.349,
        "hit@20": 0.4111,
        "ndcg@5": 0.2198,
        "ndcg@10": 0.2393,
        "ndcg@20": 0.255,
        "mrr@5": 0.1969,
        "mrr@10": 0.205,
        "mrr@20": 0.2093
      },
      "best_hr@10": 0.3483,
      "test_mrr@20": 0.2093,
      "test_hr@10": 0.349,
      "epochs_run": 19,
      "early_stop_epoch": 19,
      "early_stopped": true,
      "elapsed": 949.9,
      "status": "ok"
    },
    {
      "trial": 2,
      "params": {
        "learning_rate": 0.0017706777677212121
      },
      "mrr@20": 0.3083,
      "valid_result": {
        "hit@5": 0.3368,
        "hit@10": 0.3526,
        "hit@20": 0.3654,
        "ndcg@5": 0.3132,
        "ndcg@10": 0.3183,
        "ndcg@20": 0.3216,
        "mrr@5": 0.3052,
        "mrr@10": 0.3074,
        "mrr@20": 0.3083
      },
      "test_result": {
        "hit@5": 0.3344,
        "hit@10": 0.3481,
        "hit@20": 0.3621,
        "ndcg@5": 0.3098,
        "ndcg@10": 0.3142,
        "ndcg@20": 0.3178,
        "mrr@5": 0.3015,
        "mrr@10": 0.3034,
        "mrr@20": 0.3043
      },
      "best_hr@10": 0.3526,
      "test_mrr@20": 0.3043,
      "test_hr@10": 0.3481,
      "epochs_run": 8,
      "early_stop_epoch": 8,
      "early_stopped": true,
      "elapsed": 401.0,
      "status": "ok"
    },
    {
      "trial": 3,
      "params": {
        "learning_rate": 0.0018928227921824403
      },
      "mrr@20": 0.3052,
      "valid_result": {
        "hit@5": 0.3353,
        "hit@10": 0.3527,
        "hit@20": 0.3661,
        "ndcg@5": 0.3103,
        "ndcg@10": 0.316,
        "ndcg@20": 0.3194,
        "mrr@5": 0.3019,
        "mrr@10": 0.3043,
        "mrr@20": 0.3052
      },
      "test_result": {
        "hit@5": 0.333,
        "hit@10": 0.3483,
        "hit@20": 0.3617,
        "ndcg@5": 0.3073,
        "ndcg@10": 0.3123,
        "ndcg@20": 0.3157,
        "mrr@5": 0.2987,
        "mrr@10": 0.3008,
        "mrr@20": 0.3017
      },
      "best_hr@10": 0.3527,
      "test_mrr@20": 0.3017,
      "test_hr@10": 0.3483,
      "epochs_run": 8,
      "early_stop_epoch": 8,
      "early_stopped": true,
      "elapsed": 405.0,
      "status": "ok"
    },
    {
      "trial": 4,
      "params": {
        "learning_rate": 0.0017373577597554473
      },
      "mrr@20": 0.3088,
      "valid_result": {
        "hit@5": 0.3374,
        "hit@10": 0.3522,
        "hit@20": 0.3658,
        "ndcg@5": 0.3138,
        "ndcg@10": 0.3186,
        "ndcg@20": 0.322,
        "mrr@5": 0.3058,
        "mrr@10": 0.3079,
        "mrr@20": 0.3088
      },
      "test_result": {
        "hit@5": 0.3341,
        "hit@10": 0.3484,
        "hit@20": 0.3622,
        "ndcg@5": 0.3106,
        "ndcg@10": 0.3152,
        "ndcg@20": 0.3187,
        "mrr@5": 0.3027,
        "mrr@10": 0.3046,
        "mrr@20": 0.3055
      },
      "best_hr@10": 0.3522,
      "test_mrr@20": 0.3055,
      "test_hr@10": 0.3484,
      "epochs_run": 8,
      "early_stop_epoch": 8,
      "early_stopped": true,
      "elapsed": 400.0,
      "status": "ok"
    },
    {
      "trial": 5,
      "params": {
        "learning_rate": 0.005809691295567195
      },
      "mrr@20": 0.2251,
      "valid_result": {
        "hit@5": 0.3049,
        "hit@10": 0.3658,
        "hit@20": 0.4267,
        "ndcg@5": 0.2356,
        "ndcg@10": 0.2554,
        "ndcg@20": 0.2708,
        "mrr@5": 0.2126,
        "mrr@10": 0.2208,
        "mrr@20": 0.2251
      },
      "test_result": {
        "hit@5": 0.3064,
        "hit@10": 0.371,
        "hit@20": 0.4334,
        "ndcg@5": 0.2348,
        "ndcg@10": 0.2557,
        "ndcg@20": 0.2715,
        "mrr@5": 0.2111,
        "mrr@10": 0.2197,
        "mrr@20": 0.224
      },
      "best_hr@10": 0.3658,
      "test_mrr@20": 0.224,
      "test_hr@10": 0.371,
      "epochs_run": 19,
      "early_stop_epoch": 19,
      "early_stopped": true,
      "elapsed": 981.3,
      "status": "ok"
    },
    {
      "trial": 6,
      "params": {
        "learning_rate": 0.006091594838321572
      },
      "mrr@20": 0.2228,
      "valid_result": {
        "hit@5": 0.3032,
        "hit@10": 0.3665,
        "hit@20": 0.427,
        "ndcg@5": 0.2333,
        "ndcg@10": 0.2538,
        "ndcg@20": 0.2691,
        "mrr@5": 0.2101,
        "mrr@10": 0.2185,
        "mrr@20": 0.2228
      },
      "test_result": {
        "hit@5": 0.3025,
        "hit@10": 0.3653,
        "hit@20": 0.4326,
        "ndcg@5": 0.2328,
        "ndcg@10": 0.2531,
        "ndcg@20": 0.2701,
        "mrr@5": 0.2097,
        "mrr@10": 0.2181,
        "mrr@20": 0.2227
      },
      "best_hr@10": 0.3665,
      "test_mrr@20": 0.2227,
      "test_hr@10": 0.3653,
      "epochs_run": 19,
      "early_stop_epoch": 19,
      "early_stopped": true,
      "elapsed": 1004.7,
      "status": "ok"
    },
    {
      "trial": 7,
      "params": {
        "learning_rate": 0.0022386439900636598
      },
      "mrr@20": 0.2921,
      "valid_result": {
        "hit@5": 0.33,
        "hit@10": 0.3498,
        "hit@20": 0.3685,
        "ndcg@5": 0.2987,
        "ndcg@10": 0.3051,
        "ndcg@20": 0.3098,
        "mrr@5": 0.2881,
        "mrr@10": 0.2908,
        "mrr@20": 0.2921
      },
      "test_result": {
        "hit@5": 0.3261,
        "hit@10": 0.3451,
        "hit@20": 0.3635,
        "ndcg@5": 0.2954,
        "ndcg@10": 0.3016,
        "ndcg@20": 0.3062,
        "mrr@5": 0.2852,
        "mrr@10": 0.2877,
        "mrr@20": 0.289
      },
      "best_hr@10": 0.3498,
      "test_mrr@20": 0.289,
      "test_hr@10": 0.3451,
      "epochs_run": 8,
      "early_stop_epoch": 8,
      "early_stopped": true,
      "elapsed": 406.1,
      "status": "ok"
    }
  ],
  "run_group": "baseline",
  "run_axis": "stageg_cross6x9_anchor2_core5",
  "run_phase": "P22_SG_D05_M09_C02_FAME_AGGR_SPARSE_FAME_G2_S2",
  "parent_result": "",
  "interrupted": false,
  "interrupted_at": null,
  "tuned_search": {
    "learning_rate": [
      0.0013,
      0.01
    ]
  },
  "fixed_search": {
    "num_heads": 8,
    "num_experts": 4,
    "num_layers": 3,
    "weight_decay": 0.00012,
    "hidden_dropout_prob": 0.14,
    "MAX_ITEM_LIST_LENGTH": 10,
    "n_layers": 3,
    "n_heads": 8,
    "dropout_ratio": 0.14,
    "dropout_prob": 0.14,
    "attn_dropout_prob": 0.14,
    "hidden_size": 88,
    "embedding_size": 88,
    "inner_size": 176,
    "time_span": 384,
    "state_size": 24,
    "conv_kernel": 6,
    "remaining_ratio": 0.6
  },
  "context_fixed": {
    "num_layers": 3,
    "search_space_type_overrides": {
      "learning_rate": "loguniform",
      "weight_decay": "choice",
      "n_layers": "choice",
      "num_layers": "choice",
      "n_heads": "choice",
      "num_heads": "choice",
      "dropout_ratio": "choice",
      "dropout_prob": "choice",
      "hidden_dropout_prob": "choice",
      "attn_dropout_prob": "choice",
      "hidden_size": "choice",
      "embedding_size": "choice",
      "inner_size": "choice",
      "time_span": "choice",
      "num_experts": "choice",
      "state_size": "choice",
      "conv_kernel": "choice",
      "remaining_ratio": "choice",
      "MAX_ITEM_LIST_LENGTH": "choice"
    }
  },
  "best_params": {
    "learning_rate": 0.0017373577597554473
  },
  "best_mrr@20": 0.3088,
  "best_hr@10": 0.3522,
  "test_mrr@20": 0.3055,
  "test_hr@10": 0.3484,
  "best_valid_result": {
    "hit@5": 0.3374,