{
  "model": "TiSASRec",
  "dataset": "retail_rocket",
  "dataset_raw": "retail_rocket",
  "max_evals": 5,
  "tune_epochs": 34,
  "n_completed": 5,
  "n_recorded_trials": 5,
  "timestamp": "2026-04-12T02:55:05.814302",
  "trials": [
    {
      "trial": 1,
      "params": {
        "learning_rate": 0.0004272211317463842
      },
      "mrr@20": 0.2519,
      "valid_result": {
        "hit@5": 0.3355,
        "hit@10": 0.3912,
        "hit@20": 0.4428,
        "ndcg@5": 0.2645,
        "ndcg@10": 0.2825,
        "ndcg@20": 0.2956,
        "mrr@5": 0.2409,
        "mrr@10": 0.2483,
        "mrr@20": 0.2519
      },
      "test_result": {
        "hit@5": 0.3391,
        "hit@10": 0.3956,
        "hit@20": 0.4482,
        "ndcg@5": 0.2678,
        "ndcg@10": 0.286,
        "ndcg@20": 0.2994,
        "mrr@5": 0.244,
        "mrr@10": 0.2515,
        "mrr@20": 0.2552
      },
      "best_hr@10": 0.3912,
      "test_mrr@20": 0.2552,
      "test_hr@10": 0.3956,
      "epochs_run": 33,
      "early_stop_epoch": 33,
      "early_stopped": true,
      "elapsed": 195.7,
      "status": "ok"
    },
    {
      "trial": 2,
      "params": {
        "learning_rate": 0.0007840102056583466
      },
      "mrr@20": 0.2531,
      "valid_result": {
        "hit@5": 0.3427,
        "hit@10": 0.3982,
        "hit@20": 0.4512,
        "ndcg@5": 0.267,
        "ndcg@10": 0.2851,
        "ndcg@20": 0.2985,
        "mrr@5": 0.2419,
        "mrr@10": 0.2494,
        "mrr@20": 0.2531
      },
      "test_result": {
        "hit@5": 0.3408,
        "hit@10": 0.4024,
        "hit@20": 0.4549,
        "ndcg@5": 0.2681,
        "ndcg@10": 0.288,
        "ndcg@20": 0.3013,
        "mrr@5": 0.2439,
        "mrr@10": 0.2522,
        "mrr@20": 0.2559
      },
      "best_hr@10": 0.3982,
      "test_mrr@20": 0.2559,
      "test_hr@10": 0.4024,
      "epochs_run": 18,
      "early_stop_epoch": 18,
      "early_stopped": true,
      "elapsed": 106.0,
      "status": "ok"
    },
    {
      "trial": 3,
      "params": {
        "learning_rate": 0.000487343233431159
      },
      "mrr@20": 0.2514,
      "valid_result": {
        "hit@5": 0.336,
        "hit@10": 0.3935,
        "hit@20": 0.447,
        "ndcg@5": 0.264,
        "ndcg@10": 0.2826,
        "ndcg@20": 0.2961,
        "mrr@5": 0.24,
        "mrr@10": 0.2477,
        "mrr@20": 0.2514
      },
      "test_result": {
        "hit@5": 0.339,
        "hit@10": 0.399,
        "hit@20": 0.4497,
        "ndcg@5": 0.2673,
        "ndcg@10": 0.2868,
        "ndcg@20": 0.2996,
        "mrr@5": 0.2435,
        "mrr@10": 0.2515,
        "mrr@20": 0.2551
      },
      "best_hr@10": 0.3935,
      "test_mrr@20": 0.2551,
      "test_hr@10": 0.399,
      "epochs_run": 25,
      "early_stop_epoch": 25,
      "early_stopped": true,
      "elapsed": 147.2,
      "status": "ok"
    },
    {
      "trial": 4,
      "params": {
        "learning_rate": 0.000942884083482503
      },
      "mrr@20": 0.2541,
      "valid_result": {
        "hit@5": 0.3423,
        "hit@10": 0.3984,
        "hit@20": 0.4532,
        "ndcg@5": 0.2676,
        "ndcg@10": 0.2858,
        "ndcg@20": 0.2997,
        "mrr@5": 0.2427,
        "mrr@10": 0.2503,
        "mrr@20": 0.2541
      },
      "test_result": {
        "hit@5": 0.3427,
        "hit@10": 0.4024,
        "hit@20": 0.4552,
        "ndcg@5": 0.2701,
        "ndcg@10": 0.2894,
        "ndcg@20": 0.3028,
        "mrr@5": 0.2459,
        "mrr@10": 0.254,
        "mrr@20": 0.2576
      },
      "best_hr@10": 0.3984,
      "test_mrr@20": 0.2576,
      "test_hr@10": 0.4024,
      "epochs_run": 18,
      "early_stop_epoch": 18,
      "early_stopped": true,
      "elapsed": 105.4,
      "status": "ok"
    },
    {
      "trial": 5,
      "params": {
        "learning_rate": 0.0012434870555486923
      },
      "mrr@20": 0.2563,
      "valid_result": {
        "hit@5": 0.3426,
        "hit@10": 0.4009,
        "hit@20": 0.4571,
        "ndcg@5": 0.2691,
        "ndcg@10": 0.2879,
        "ndcg@20": 0.3021,
        "mrr@5": 0.2446,
        "mrr@10": 0.2524,
        "mrr@20": 0.2563
      },
      "test_result": {
        "hit@5": 0.3453,
        "hit@10": 0.4025,
        "hit@20": 0.4575,
        "ndcg@5": 0.2719,
        "ndcg@10": 0.2904,
        "ndcg@20": 0.3044,
        "mrr@5": 0.2475,
        "mrr@10": 0.2552,
        "mrr@20": 0.259
      },
      "best_hr@10": 0.4009,
      "test_mrr@20": 0.259,
      "test_hr@10": 0.4025,
      "epochs_run": 18,
      "early_stop_epoch": 18,
      "early_stopped": true,
      "elapsed": 107.6,
      "status": "ok"
    }
  ],
  "run_group": "baseline",
  "run_axis": "stageh_targetedrecovery_anchor2_core5",
  "run_phase": "P23_SH_C12_MTISASREC_RR_TISAS_STAGEH_REC1_PASS3_MINI_S1",
  "parent_result": "",
  "interrupted": false,
  "interrupted_at": null,
  "tuned_search": {
    "learning_rate": [
      0.000378,
      0.0014743216474026283
    ]
  },
  "fixed_search": {
    "n_layers": 1,
    "n_heads": 2,
    "time_span": 64,
    "weight_decay": 6e-05,
    "hidden_dropout_prob": 0.04,
    "MAX_ITEM_LIST_LENGTH": 10,
    "num_layers": 1,
    "num_heads": 2,
    "dropout_ratio": 0.04,
    "dropout_prob": 0.04,
    "attn_dropout_prob": 0.04,
    "hidden_size": 64,
    "embedding_size": 64,
    "inner_size": 128,
    "num_experts": 6,
    "state_size": 24,
    "conv_kernel": 6,
    "remaining_ratio": 0.6
  },
  "context_fixed": {
    "num_layers": 1,
    "search_space_type_overrides": {
      "learning_rate": "loguniform",
      "weight_decay": "choice",
      "n_layers": "choice",
      "num_layers": "choice",
      "n_heads": "choice",
      "num_heads": "choice",
      "dropout_ratio": "choice",
      "dropout_prob": "choice",
      "hidden_dropout_prob": "choice",
      "attn_dropout_prob": "choice",
      "hidden_size": "choice",
      "embedding_size": "choice",
      "inner_size": "choice",
      "time_span": "choice",
      "num_experts": "choice",
      "state_size": "choice",
      "conv_kernel": "choice",
      "remaining_ratio": "choice",
      "MAX_ITEM_LIST_LENGTH": "choice"
    }
  },
  "best_params": {
    "learning_rate": 0.0012434870555486923
  },
  "best_mrr@20": 0.2563,
  "best_hr@10": 0.4009,
  "test_mrr@20": 0.259,
  "test_hr@10": 0.4025,
  "best_valid_result": {
    "hit@5": 0.3426,
    "hit@10": 0.4009,
    "hit@20": 0.4571,
    "ndcg@5": 0.2691,
    "ndcg@10": 0.2879,
    "ndcg@20": 0.3021,
    "mrr@5": 0.2446,
    "mrr@10": 0.2524,
    "mrr@20": 0.2563
  },
  "test_result": {
    "hit@5": 0.3453,
    "hit@10": 0.4025,
    "hit@20": 0.4575,
    "ndcg@5": 0.2719,
    "ndcg@10": 0.2904,
    "ndcg@20": 0.3044,
    "mrr@5": 0.2475,
    "mrr@10": 0.2552,
    "mrr@20": 0.259
  },
  "best_valid_special_metrics": {
    "split": "best_valid",
    "overall": {
      "count": 22961,
      "hit@20": 0.45707939549671184,
      "ndcg@20": 0.3020882087610287,
      "mrr@20": 0.25626502046383876
    },
    "slices": {
      "target_popularity_abs": {
        "rare_1_5": {
          "count": 20110,
          "hit@20": 0.4318746892093486,
          "ndcg@20": 0.2835915793224332,
          "mrr@20": 0.23987982714190256
        },
        "6_20": {
          "count": 2526,
          "hit@20": 0.6274742676167855,
          "ndcg@20": 0.42262903879369335,
          "mrr@20": 0.3612968178196078
        },
        "21_100": {
          "count": 325,
          "hit@20": 0.6923076923076923,
          "ndcg@20": 0.509722305215322,
          "mrr@20": 0.4537909207206506
        }
      },
      "target_popularity_abs_legacy": {
        "<=5": {
          "count": 20110,
          "hit@20": 0.4318746892093486,
          "ndcg@20": 0.2835915793224332,
          "mrr@20": 0.23987982714190256
        },
        "6-20": {
          "count": 2526,
          "hit@20": 0.6274742676167855,
          "ndcg@20": 0.42262903879369335,
          "mrr@20": 0.3612968178196078
        },
        "21-100": {
          "count": 325,
          "hit@20": 0.6923076923076923,