best_mrr20,epoch,epoch_time_sec,eval,lr,patience_used,train_loss,trial,valid_mrr20
0.3073,1,37.12492537498474,1,0.0008777070105454363,0,2102.139862060547,1,0.3073
0.361,3,35.71385455131531,1,0.0008761170536713346,0,1054.0617589950562,1,0.361
0.3706,5,34.09346103668213,1,0.0008729435421182976,0,845.4810514450073,1,0.3706
0.3706,10,34.79646587371826,1,0.0008581811180702995,5,638.6512272357941,1,0.3532
0.3706,15,35.33774709701538,1,0.000833989498091887,10,481.6985237598419,1,0.3284
