{
  "split": "best_valid",
  "feature_mode": "none",
  "stages": [
    {
      "stage": "macro@1",
      "n_eff": 11.781457031538709,
      "cv_usage": 0.5983864665031433,
      "top1_max_frac": 0.8843737426882485,
      "entropy_mean": 2.595137395159543,
      "route_jitter_adjacent": 0.0,
      "route_consistency_knn_js": 0.0039823762777559165,
      "route_consistency_knn_score": 0.9960255428668273,
      "route_consistency_group_knn_js": 0.0010854588679658106,
      "route_consistency_group_knn_score": 0.9989151300294173,
      "route_consistency_intra_group_knn_mean_js": 0.0023895011243031316,
      "route_consistency_intra_group_knn_mean_score": 0.9976146532882402,
      "route_consistency_feature_group_knn_mean_score": 0.9896550546807417,
      "family_top_expert_mean_share": 0.18152779340744019,
      "route_consistency_feature_group_knn_tempo_js": 0.010666220558493507,
      "route_consistency_feature_group_knn_tempo_score": 0.9893904618639326,
      "route_consistency_feature_group_knn_focus_js": 0.01187603466503613,
      "route_consistency_feature_group_knn_focus_score": 0.9881942070951463,
      "route_consistency_feature_group_knn_memory_js": 0.01351826235859439,
      "route_consistency_feature_group_knn_memory_score": 0.9865726990088052,
      "route_consistency_feature_group_knn_exposure_js": 0.005552536081558299,
      "route_consistency_feature_group_knn_exposure_score": 0.9944628507550825
    }
  ]
}
