{
  "valid": {
    "count": 3499,
    "hit@5": 0.017147756501857674,
    "hit@10": 0.02600743069448414,
    "hit@20": 0.04229779937124893,
    "ndcg@5": 0.013771542159786699,
    "ndcg@10": 0.01661823870931976,
    "ndcg@20": 0.020722975157505787,
    "mrr@5": 0.012660760246164016,
    "mrr@10": 0.013825945788262468,
    "mrr@20": 0.014945133446275797
  },
  "test": {
    "count": 2706,
    "hit@5": 0.11419068736141907,
    "hit@10": 0.11899482631189948,
    "hit@20": 0.12823355506282336,
    "ndcg@5": 0.11149308187866422,
    "ndcg@10": 0.11303366054364336,
    "ndcg@20": 0.11532222767032171,
    "mrr@5": 0.11059374231170568,
    "mrr@10": 0.11122226917459536,
    "mrr@20": 0.11182580220995571
  },
  "slice_metrics": {
    "valid": {
      "target_popularity_abs": {
        "cold_0": {
          "count": 860,
          "hit@5": 0.0,
          "hit@10": 0.0,
          "hit@20": 0.0,
          "ndcg@5": 0.0,
          "ndcg@10": 0.0,
          "ndcg@20": 0.0,
          "mrr@5": 0.0,
          "mrr@10": 0.0,
          "mrr@20": 0.0
        },
        "rare_1_5": {
          "count": 116,
          "hit@5": 0.017241379310344827,
          "hit@10": 0.017241379310344827,
          "hit@20": 0.017241379310344827,
          "ndcg@5": 0.017241379310344827,
          "ndcg@10": 0.017241379310344827,
          "ndcg@20": 0.017241379310344827,
          "mrr@5": 0.017241379310344827,
          "mrr@10": 0.017241379310344827,
          "mrr@20": 0.017241379310344827
        },
        "6_20": {
          "count": 334,
          "hit@5": 0.0029940119760479044,
          "hit@10": 0.008982035928143712,
          "hit@20": 0.008982035928143712,
          "ndcg@5": 0.0029940119760479044,
          "ndcg@10": 0.004760762977742863,
          "ndcg@20": 0.004760762977742863,
          "mrr@5": 0.0029940119760479044,
          "mrr@10": 0.003626081177931346,
          "mrr@20": 0.003626081177931346
        },
        "21_100": {
          "count": 1259,
          "hit@5": 0.016679904686258934,
          "hit@10": 0.026211278792692614,
          "hit@20": 0.04765687053216839,
          "ndcg@5": 0.01204033192421729,
          "ndcg@10": 0.01512389882771717,
          "ndcg@20": 0.02048131391536252,
          "mrr@5": 0.010510987592557766,
          "mrr@10": 0.011784674222503417,
          "mrr@20": 0.013219010318622786
        },
        "101+": {
          "count": 930,
          "hit@5": 0.03870967741935484,
          "hit@10": 0.05698924731182796,
          "hit@20": 0.08924731182795699,
          "ndcg@5": 0.0322880087360259,
          "ndcg@10": 0.03818939116693312,
          "ndcg@20": 0.046380237658177656,
          "mrr@5": 0.03017921152935233,
          "mrr@10": 0.03261179392856936,
          "mrr@20": 0.03488083529456328
        }
      },
      "target_popularity_abs_legacy": {
        "<=5": {
          "count": 976,
          "hit@5": 0.0020491803278688526,
          "hit@10": 0.0020491803278688526,
          "hit@20": 0.0020491803278688526,
          "ndcg@5": 0.0020491803278688526,
          "ndcg@10": 0.0020491803278688526,
          "ndcg@20": 0.0020491803278688526,
          "mrr@5": 0.0020491803278688526,
          "mrr@10": 0.0020491803278688526,
          "mrr@20": 0.0020491803278688526
        },
        "6-20": {
          "count": 334,
          "hit@5": 0.0029940119760479044,
          "hit@10": 0.008982035928143712,
          "hit@20": 0.008982035928143712,
          "ndcg@5": 0.0029940119760479044,
          "ndcg@10": 0.004760762977742863,
          "ndcg@20": 0.004760762977742863,
          "mrr@5": 0.0029940119760479044,
          "mrr@10": 0.003626081177931346,
          "mrr@20": 0.003626081177931346
        },
        "21-100": {
          "count": 1259,
          "hit@5": 0.016679904686258934,
          "hit@10": 0.026211278792692614,
          "hit@20": 0.04765687053216839,
          "ndcg@5": 0.01204033192421729,
          "ndcg@10": 0.01512389882771717,
          "ndcg@20": 0.02048131391536252,
          "mrr@5": 0.010510987592557766,
          "mrr@10": 0.011784674222503417,
          "mrr@20": 0.013219010318622786
        },
        ">100": {
          "count": 930,
          "hit@5": 0.03870967741935484,
          "hit@10": 0.05698924731182796,
          "hit@20": 0.08924731182795699,
          "ndcg@5": 0.0322880087360259,
          "ndcg@10": 0.03818939116693312,
          "ndcg@20": 0.046380237658177656,
          "mrr@5": 0.03017921152935233,
          "mrr@10": 0.03261179392856936,
          "mrr@20": 0.03488083529456328
        }
      },
      "session_len": {
        "<=7": {
          "count": 2358,
          "hit@5": 0.013570822731128074,
          "hit@10": 0.02205258693808312,
          "hit@20": 0.035623409669211195,
          "ndcg@5": 0.009908040769025368,
          "ndcg@10": 0.012628220381930887,
          "ndcg@20": 0.016014861582799723,
          "mrr@5": 0.008715012752979463,
          "mrr@10": 0.009825719992825296,
          "mrr@20": 0.010732676182969128
        },
        "8-12": {
          "count": 1141,
          "hit@5": 0.024539877300613498,
          "hit@10": 0.03418054338299737,
          "hit@20": 0.056091148115687994,
          "ndcg@5": 0.021755885962955163,
          "ndcg@10": 0.024864043456018232,
          "ndcg@20": 0.030452801458256795,
          "mrr@5": 0.020815074522175566,
          "mrr@10": 0.02209284537252264,
          "mrr@20": 0.02365063233048011
        }
      },
      "session_len_legacy": {
        "1-2": {
          "count": 615,
          "hit@5": 0.0032520325203252032,
          "hit@10": 0.011382113821138212,
          "hit@20": 0.026016260162601626,
          "ndcg@5": 0.002651918322090211,
          "ndcg@10": 0.005274631676635122,
          "ndcg@20": 0.008875172215748609,
          "mrr@5": 0.0024390243902439024,
          "mrr@10": 0.003517873306584552,
          "mrr@20": 0.00445532775749036
        },
        "3-5": {
          "count": 1305,
          "hit@5": 0.019157088122605363,
          "hit@10": 0.028352490421455937,
          "hit@20": 0.041379310344827586,
          "ndcg@5": 0.013957431238729836,
          "ndcg@10": 0.016951776281627202,
          "ndcg@20": 0.02019718734697364,
          "mrr@5": 0.012273307835461994,
          "mrr@10": 0.013522775716708537,
          "mrr@20": 0.014389255134767043
        },
        "6-10": {
          "count": 1579,
          "hit@5": 0.02089930335655478,
          "hit@10": 0.029765674477517417,
          "hit@20": 0.04939835338822039,
          "ndcg@5": 0.01794885907692574,
          "ndcg@10": 0.02076076676076994,
          "ndcg@20": 0.025772089724906116,
          "mrr@5": 0.01696221239775174,
          "mrr@10": 0.018091367903278175,
          "mrr@20": 0.019490194684478435
        }
      }
    },
    "test": {
      "target_popularity_abs": {
        "cold_0": {
          "count": 1813,
          "hit@5": 0.0,
          "hit@10": 0.0,
          "hit@20": 0.0,
          "ndcg@5": 0.0,
          "ndcg@10": 0.0,
          "ndcg@20": 0.0,
          "mrr@5": 0.0,
          "mrr@10": 0.0,
          "mrr@20": 0.0
        },
        "rare_1_5": {
          "count": 93,
          "hit@5": 0.3763440860215054,
          "hit@10": 0.3763440860215054,
          "hit@20": 0.3763440860215054,
          "ndcg@5": 0.36047009755206366,
          "ndcg@10": 0.36047009755206366,
          "ndcg@20": 0.36047009755206366,
          "mrr@5": 0.3548387096774194,
          "mrr@10": 0.3548387096774194,
          "mrr@20": 0.3548387096774194
        },
        "6_20": {
          "count": 112,
          "hit@5": 0.3392857142857143,
          "hit@10": 0.3392857142857143,
          "hit@20": 0.3482142857142857,
          "ndcg@5": 0.3392857142857143,
          "ndcg@10": 0.3392857142857143,
          "ndcg@20": 0.3414700941315719,
          "mrr@5": 0.3392857142857143,
          "mrr@10": 0.3392857142857143,
          "mrr@20": 0.33984375
        },
        "21_100": {
          "count": 425,
          "hit@5": 0.3388235294117647,