stage_name,stage_key,split,aggregation_level,node_kind,node_name,route_space,support_size,wrapper_name,source_type,temperature,top_k,entropy_norm,n_eff_norm,top1_monopoly_norm,jitter_adj_norm,knn_consistency_score,knn_consistency_js,n_eff,cv_usage,top1_max_frac,entropy_mean
macro,macro@1,best_valid,session,final,final.expert,expert,16,FlatJointWrapper,,,,0.8874538647785103,0.9884146591489127,0.042925081835587665,0.7295413355639202,0.9270342104564567,0.07576480961346356,15.814634546382603,0.10826316675386825,0.10274226422086344,2.4605445769930054
macro,macro@1,best_valid,session,final,final.group,group,4,FlatJointWrapper,,,,0.9415650640423135,0.9968789777050653,0.08739423136310294,0.0,0.9800514056988332,0.020150253898496295,3.987515910820261,0.055953335016965866,0.3155456735223272,1.3052863389093479
macro,macro@1,best_valid,session,final,final.intra.Exposure,intra,4,FlatJointWrapper,,,,0.8395668260587297,0.9901801270096083,0.07874745228830833,0.0,0.9466022467590152,0.05487628800867013,3.9607205080384333,0.09958504885435104,0.30906058921623125,1.163886756748541
macro,macro@1,best_valid,session,final,final.intra.Focus,intra,4,FlatJointWrapper,,,,0.863117238137756,0.9964639260588978,0.03996047186708666,0.0,0.9499972142536679,0.05129622675641009,3.985855704235591,0.05957021564245224,0.279970353900315,1.196534560215745
macro,macro@1,best_valid,session,final,final.intra.Memory,intra,4,FlatJointWrapper,,,,0.858948839085759,0.9948331249252862,0.04156630226669137,0.0,0.9487271428150992,0.052634042457005356,3.9793324997011448,0.07206737995147705,0.28117472670001853,1.190755932115064
macro,macro@1,best_valid,session,final,final.intra.Tempo,intra,4,FlatJointWrapper,,,,0.8561611612403028,0.9869129393638426,0.09221172256191708,0.0,0.9498384862177792,0.051463323349256074,3.9476517574553704,0.1151547059416771,0.3191587919214378,1.1868913900372893
