stage_name,stage_key,split,aggregation_level,node_kind,node_name,route_space,support_size,wrapper_name,source_type,temperature,top_k,entropy_norm,n_eff_norm,top1_monopoly_norm,jitter_adj_norm,knn_consistency_score,knn_consistency_js,n_eff,cv_usage,top1_max_frac,entropy_mean
macro,macro@1,best_valid,session,final,final.expert,expert,12,GroupConditionalProductWrapper,,,,0.9414798288172265,0.8448738304166122,0.605283855611061,0.0,0.9986397802440785,0.001361145694562261,10.138485964999347,0.4284958413691568,0.6381768676434726,2.3394894872691943
macro,macro@1,best_valid,session,final,final.group,group,4,GroupConditionalProductWrapper,,,,0.9061476848914511,0.858675598101797,0.5908959721858661,0.0,0.9989412452319102,0.001059315644841576,3.434702392407188,0.40568971633911133,0.6931719791393995,1.2561874259068622
macro,macro@1,best_valid,session,final,final.intra.Exposure,intra,3,GroupConditionalProductWrapper,,,,0.9876608235392235,0.9746006719993373,1.0,0.0,1.000000002987374,-2.9873739414679316e-09,2.923802015998012,0.16143496971026153,1.0,1.0850563177762564
macro,macro@1,best_valid,session,final,final.intra.Focus,intra,3,GroupConditionalProductWrapper,,,,0.9949483562384086,0.9948171388118192,0.48371020679379007,0.0,0.9998525544194954,0.00014745645167285533,2.9844514164354576,0.07217934326293042,0.6558068045291934,1.093062490753652
macro,macro@1,best_valid,session,final,final.intra.Memory,intra,3,GroupConditionalProductWrapper,,,,0.9885555262394012,0.9989729354284284,0.18723865520273306,0.0,0.9997802242699328,0.0002197998842919692,2.996918806285285,0.032063181487823084,0.4581591034684887,1.0860392491573763
macro,macro@1,best_valid,session,final,final.intra.Tempo,intra,3,GroupConditionalProductWrapper,,,,0.9759077542142642,0.9947266293463701,0.29778372900012745,0.0,0.9990973789502174,0.0009030286574576212,2.9841798880391104,0.0728105843719666,0.5318558193334183,1.072144251386288
