best_mrr20,epoch,epoch_time_sec,eval,lr,patience_used,train_loss,trial,valid_mrr20
0.282,1,52.38496518135071,1,0.0005979744946341631,0,2188.3813400268555,1,0.282
0.3454,3,47.752869606018066,1,0.0005968912702245845,0,1185.8732166290283,1,0.3454
0.3715,7,47.42179489135742,1,0.0005914969394253139,0,773.1171133518219,1,0.3715
0.3715,10,46.18205809593201,1,0.0005846716663044165,3,662.7709386348724,1,0.3649
0.3715,17,42.52309274673462,1,0.0005598863066804875,10,435.4977720975876,1,0.3399
