stage_name,stage_key,split,aggregation_level,node_kind,node_name,route_space,support_size,wrapper_name,source_type,temperature,top_k,entropy_norm,n_eff_norm,top1_monopoly_norm,jitter_adj_norm,knn_consistency_score,knn_consistency_js,n_eff,cv_usage,top1_max_frac,entropy_mean
macro,macro@1,best_valid,session,final,final.expert,expert,12,GroupConditionalProductWrapper,,,,0.9852843476310864,0.9974110273049718,0.7083765525079148,0.0,0.9994190122288829,0.0005811566099109802,11.968932327659662,0.05094966865325997,0.7326785064655885,2.4483396273605185
macro,macro@1,best_valid,session,final,final.group,group,4,GroupConditionalProductWrapper,,,,0.9943318769226674,0.9995250574494609,0.6627237416998306,0.0,0.9998077178877773,0.00019230060079808922,3.9981002297978434,0.021798398345708847,0.747042806274873,1.378436674059651
macro,macro@1,best_valid,session,final,final.intra.Exposure,intra,3,GroupConditionalProductWrapper,,,,0.9947576753518098,0.9964414958819291,0.9025862354069517,0.0,0.9997942708558162,0.00020575030932707433,2.989324487645787,0.05975982741237201,0.9350574902713011,1.0928530063884203
macro,macro@1,best_valid,session,final,final.intra.Focus,intra,3,GroupConditionalProductWrapper,,,,0.9992959724530641,0.9988734612347631,0.9571551410523529,0.0,0.9999934091093345,6.590912385527034e-06,2.9966203837042893,0.033581892890277715,0.9714367607015687,1.0978388353534851
macro,macro@1,best_valid,session,final,final.intra.Memory,intra,3,GroupConditionalProductWrapper,,,,0.9980888734611598,0.9990688598021092,0.7365810100208353,0.0,0.999955740419469,4.426056001510444e-05,2.9972065794063276,0.030529315604885948,0.8243873400138902,1.0965127015673402
macro,macro@1,best_valid,session,final,final.intra.Tempo,intra,3,GroupConditionalProductWrapper,,,,0.9234844486414948,0.9999867381424167,0.6456493699771803,0.0,0.9986677515112776,0.00133313672072505,2.99996021442725,0.003648600083072481,0.7637662466514535,1.01455136367144
