stage_name,stage_key,split,aggregation_level,node_kind,node_name,route_space,support_size,wrapper_name,source_type,temperature,top_k,entropy_norm,n_eff_norm,top1_monopoly_norm,jitter_adj_norm,knn_consistency_score,knn_consistency_js,n_eff,cv_usage,top1_max_frac,entropy_mean
macro,macro@1,best_valid,session,final,final.expert,expert,12,GroupConditionalProductWrapper,,,,0.9079602172824017,0.9923531764149605,0.2458650089481896,0.0,0.9930841217782548,0.006939903743332068,11.908238116979526,0.08778162970299633,0.30870959153584043,2.2561963816679977
macro,macro@1,best_valid,session,final,final.group,group,4,GroupConditionalProductWrapper,,,,0.884472515703287,0.9976691817493529,0.13664021430366594,0.0,0.9960182451497851,0.003989703141840115,3.9906767269974117,0.048334524035453796,0.35248016072774946,1.2261392610849906
macro,macro@1,best_valid,session,final,final.intra.Exposure,intra,3,GroupConditionalProductWrapper,,,,0.8601880741307029,0.9670439224922287,0.30420366604245946,0.0,0.9952401785353976,0.0047711854896165164,2.901131767476686,0.18460580156428213,0.5361357773616396,0.9450131888057451
macro,macro@1,best_valid,session,final,final.intra.Focus,intra,3,GroupConditionalProductWrapper,,,,0.9962866475742107,0.9983504549392377,0.33579995838618965,0.0,0.9998133831555268,0.00018663425956318873,2.995051364817713,0.04064916698190072,0.5571999722574598,1.0945327540609822
macro,macro@1,best_valid,session,final,final.intra.Memory,intra,3,GroupConditionalProductWrapper,,,,0.9229891965224308,0.9922189262037139,0.4648732456758552,0.0,0.9969371844621615,0.003067515556661774,2.9766567786111415,0.08855540227724903,0.6432488304505701,1.0140072736074475
macro,macro@1,best_valid,session,final,final.intra.Tempo,intra,3,GroupConditionalProductWrapper,,,,0.9442886125201306,0.9838203597761924,0.21103906999845629,0.0,0.9971231572548678,0.002880988810850934,2.951461079328577,0.12824061130760278,0.4740260466656375,1.0374070737639747
