best_mrr20,epoch,epoch_time_sec,eval,lr,patience_used,train_loss,trial,valid_mrr20
0.0104,1,17.536784648895264,1,0.0002738,0,705.9092864990234,1,0.0104
0.0142,3,16.45119881629944,1,0.0002738,0,629.3685417175293,1,0.0142
0.0179,10,17.04109287261963,1,0.0002738,0,533.4316310882568,1,0.0179
0.0188,16,16.432524919509888,1,0.0002738,0,496.55053424835205,1,0.0188
0.0188,26,16.146029949188232,1,0.0002738,10,449.1110563278198,1,0.0183
