stage_name,stage_key,split,aggregation_level,node_kind,node_name,route_space,support_size,wrapper_name,source_type,temperature,top_k,entropy_norm,n_eff_norm,top1_monopoly_norm,jitter_adj_norm,knn_consistency_score,knn_consistency_js,n_eff,cv_usage,top1_max_frac,entropy_mean
macro,macro@1,best_valid,session,final,final.expert,expert,16,FlatJointWrapper,,,,0.8854394825815629,0.9692303230637567,0.12988333831887525,0.7787187039764359,0.9536723728025401,0.04743509125291256,15.507685169020107,0.17817580271815078,0.18426562967394555,2.4549595236314685
macro,macro@1,best_valid,session,final,final.group,group,4,FlatJointWrapper,,,,0.9390844616714159,0.9916208906658804,0.12374115066307707,0.0,0.9883468472376785,0.011721582884233344,3.9664835626635218,0.09192344546318054,0.3428058629973078,1.3018474938303919
macro,macro@1,best_valid,session,final,final.intra.Exposure,intra,4,FlatJointWrapper,,,,0.8931282773597079,0.9973601832213327,0.05912852727091433,0.0,0.9776364847682151,0.022617370508124002,3.9894407328853307,0.05144917460670168,0.29434639545318575,1.2381386946604847
macro,macro@1,best_valid,session,final,final.intra.Focus,intra,4,FlatJointWrapper,,,,0.828045931563758,0.959996630871199,0.170804666467245,0.0,0.9684592800048166,0.03204884141255794,3.839986523484796,0.2041332721710205,0.37810349985043373,1.1479154056751046
macro,macro@1,best_valid,session,final,final.intra.Memory,intra,4,FlatJointWrapper,,,,0.8399736464788208,0.977404803151331,0.11217469338917141,0.0,0.9680186944617842,0.032503879431522255,3.909619212605324,0.15204452884462646,0.33413102004187856,1.1644507296029016
macro,macro@1,best_valid,session,final,final.intra.Tempo,intra,4,FlatJointWrapper,,,,0.8350691634635109,0.992333043904124,0.09462558580117657,0.0,0.9633089359569522,0.0373811128607207,3.969332175616496,0.08789919095630593,0.3209691893508824,1.1576516724545693
