stage_name,stage_key,split,aggregation_level,node_kind,node_name,route_space,support_size,wrapper_name,source_type,temperature,top_k,entropy_norm,n_eff_norm,top1_monopoly_norm,jitter_adj_norm,knn_consistency_score,knn_consistency_js,n_eff,cv_usage,top1_max_frac,entropy_mean
macro,macro@1,best_valid,session,final,final.expert,expert,12,ScalarGroupConditionalProductWrapper,,,,0.9597899158289078,0.9075217394420547,0.6444740476633591,0.0,0.9951441087212486,0.004867719425137093,10.890260873304657,0.31922092827496146,0.6741012103580792,2.384988344242718
macro,macro@1,best_valid,session,final,final.group,group,4,ScalarGroupConditionalProductWrapper,,,,0.974019097140664,0.9977726589665642,0.13002669731470506,0.0,0.9969055607023986,0.00309923697485519,3.991090635866257,0.04724785131190435,0.3475200229860288,1.3502771819891894
macro,macro@1,best_valid,session,final,final.intra.Exposure,intra,3,ScalarGroupConditionalProductWrapper,,,,0.8404851111364228,0.7444412999374265,0.9851847861221851,0.0,0.997590441566474,0.0024124660911679983,2.2333238998122793,0.5859090141003737,0.9901231907481234,0.923367271537056
macro,macro@1,best_valid,session,final,final.intra.Focus,intra,3,ScalarGroupConditionalProductWrapper,,,,0.9764915307984213,0.9992710305367267,0.3149445102898394,0.0,0.998320455009892,0.001680957007047005,2.99781309161018,0.027009458407477784,0.5432963401932263,1.0727855955154797
macro,macro@1,best_valid,session,final,final.intra.Memory,intra,3,ScalarGroupConditionalProductWrapper,,,,0.9817931658330669,0.9926400213376104,0.7881693782997522,0.0,0.9992165546602475,0.0007837523934363501,2.977920064012831,0.08610746194101984,0.8587795855331681,1.0786100369145746
macro,macro@1,best_valid,session,final,final.intra.Tempo,intra,3,ScalarGroupConditionalProductWrapper,,,,0.9542330090142697,0.9614011876592907,0.35233272276694316,0.0,0.9974233546872944,0.0025799705764844643,2.884203562977872,0.20037097631779383,0.5682218151779621,1.0483321099558238
