best_mrr20,epoch,epoch_time_sec,eval,lr,patience_used,train_loss,trial,valid_mrr20
0.0147,1,14.887791156768799,1,0.0005476,0,695.4942002296448,1,0.0147
0.0153,3,13.631699562072754,1,0.0005476,0,602.1025433540344,1,0.0153
0.0168,10,13.52324390411377,1,0.0005476,3,532.2955923080444,1,0.0167
0.018,26,13.39075517654419,1,0.0005476,0,497.93625354766846,1,0.018
0.018,36,12.762996435165405,1,0.0005476,10,488.55067920684814,1,0.017
