{
  "split": "best_valid",
  "feature_mode": "none",
  "stages": [
    {
      "stage": "macro@1",
      "n_eff": 3.9783718976947697,
      "cv_usage": 0.07373212277889252,
      "top1_max_frac": 0.7417404963870562,
      "entropy_mean": 1.2899521383129124,
      "route_jitter_adjacent": 0.0,
      "route_consistency_knn_js": 0.0017508463209164947,
      "route_consistency_knn_score": 0.998250685516369,
      "route_consistency_group_knn_js": 0.0017508463209164947,
      "route_consistency_group_knn_score": 0.998250685516369,
      "route_consistency_intra_group_knn_mean_js": 0.0,
      "route_consistency_intra_group_knn_mean_score": 1.0,
      "route_consistency_feature_group_knn_mean_score": 0.9962213868668814,
      "family_top_expert_mean_share": 0.2711678445339203,
      "route_consistency_feature_group_knn_tempo_js": 0.001827424327208432,
      "route_consistency_feature_group_knn_tempo_score": 0.9981742443959841,
      "route_consistency_feature_group_knn_focus_js": 0.0025427732050551407,
      "route_consistency_feature_group_knn_focus_score": 0.9974604569043392,
      "route_consistency_feature_group_knn_memory_js": 0.0036562523018262225,
      "route_consistency_feature_group_knn_memory_score": 0.9963504236498214,
      "route_consistency_feature_group_knn_exposure_js": 0.0071248994039729225,
      "route_consistency_feature_group_knn_exposure_score": 0.9929004225173814
    }
  ]
}
