stage_name,stage_key,split,aggregation_level,node_kind,node_name,route_space,support_size,wrapper_name,source_type,temperature,top_k,entropy_norm,n_eff_norm,top1_monopoly_norm,jitter_adj_norm,knn_consistency_score,knn_consistency_js,n_eff,cv_usage,top1_max_frac,entropy_mean
macro,macro@1,best_valid,session,final,final.expert,expert,12,GroupConditionalProductWrapper,,,,0.9280579831549617,0.93522166856794,0.35423966568649895,0.0,0.9843832548705045,0.01573997110310559,11.22266002281528,0.26318328279007713,0.4080530268792907,2.3061374537306043
macro,macro@1,best_valid,session,final,final.group,group,4,GroupConditionalProductWrapper,,,,0.9275920363882746,0.9547836623634327,0.45842569278556117,0.0,0.9930826124730094,0.006941423560595405,3.819134649453731,0.21761825680732727,0.5938192695891709,1.2859156094647815
macro,macro@1,best_valid,session,final,final.intra.Exposure,intra,3,GroupConditionalProductWrapper,,,,0.9574866761268314,0.9491945048020352,0.7506940409322745,0.0,0.9975815285944607,0.002421400631294585,2.8475835144061055,0.23135457988516747,0.833796027288183,1.0519066286289194
macro,macro@1,best_valid,session,final,final.intra.Focus,intra,3,GroupConditionalProductWrapper,,,,0.9029094435685493,0.98259591270664,0.31122086642133123,0.0,0.9903780025792766,0.009668587941360576,2.9477877381199202,0.13308749696351596,0.5408139109475542,0.9919474102588934
macro,macro@1,best_valid,session,final,final.intra.Memory,intra,3,GroupConditionalProductWrapper,,,,0.9261024412193177,0.9999430212063626,0.3050229194912518,0.0,0.9822666069513034,0.017892513635023585,2.999829063619088,0.007549355047215371,0.5366819463275012,1.0174275224890783
macro,macro@1,best_valid,session,final,final.intra.Tempo,intra,3,GroupConditionalProductWrapper,,,,0.9407979714035146,0.9958823699807628,0.004519336303182963,0.0,0.9928269163825185,0.007198933873314697,2.9876471099422885,0.06430101948079409,0.33634622420212196,1.03357221253793
