{
  "split": "best_valid",
  "feature_mode": "none",
  "stages": [
    {
      "stage": "macro@1",
      "n_eff": 9.52460123661534,
      "cv_usage": 0.824536344464261,
      "top1_max_frac": 0.9659715902346377,
      "entropy_mean": 2.524448800350176,
      "route_jitter_adjacent": 0.0,
      "route_consistency_knn_js": 0.006377174364358707,
      "route_consistency_knn_score": 0.9936431166560404,
      "route_consistency_group_knn_js": 0.0009955555140955103,
      "route_consistency_group_knn_score": 0.999004939886882,
      "route_consistency_intra_group_knn_mean_js": 0.004851647898891238,
      "route_consistency_intra_group_knn_mean_score": 0.9951652402545419,
      "route_consistency_feature_group_knn_mean_score": 0.9863221068810488,
      "family_top_expert_mean_share": 0.261332243680954,
      "route_consistency_feature_group_knn_tempo_js": 0.01049752574745128,
      "route_consistency_feature_group_knn_tempo_score": 0.9895573809797422,
      "route_consistency_feature_group_knn_focus_js": 0.01671212875832827,
      "route_consistency_feature_group_knn_focus_score": 0.9834267441685421,
      "route_consistency_feature_group_knn_memory_js": 0.016489223535826086,
      "route_consistency_feature_group_knn_memory_score": 0.9836459795592146,
      "route_consistency_feature_group_knn_exposure_js": 0.011406484485592424,
      "route_consistency_feature_group_knn_exposure_score": 0.988658322816696
    }
  ]
}
