stage_name,stage_key,split,aggregation_level,node_kind,node_name,route_space,support_size,wrapper_name,source_type,temperature,top_k,entropy_norm,n_eff_norm,top1_monopoly_norm,jitter_adj_norm,knn_consistency_score,knn_consistency_js,n_eff,cv_usage,top1_max_frac,entropy_mean
macro,macro@1,best_valid,session,final,final.expert,expert,12,GroupConditionalProductWrapper,,,,0.9067346729524423,0.979535691930562,0.7027843671359894,0.0,0.9941562725567052,0.0058608688308638066,11.754428303166744,0.1445402385431457,0.7275523365413236,2.2531510184128716
macro,macro@1,best_valid,session,final,final.group,group,4,GroupConditionalProductWrapper,,,,0.8440897393832473,0.9819104194588647,0.6452028971128088,0.0,0.9949307488091774,0.0050821434324364295,3.927641677835459,0.1357310265302658,0.7339021728346066,1.1701568459861538
macro,macro@1,best_valid,session,final,final.intra.Exposure,intra,3,GroupConditionalProductWrapper,,,,0.9937856226850166,0.9989188689695151,0.6067896947448489,0.0,0.9994150844189877,0.0005850867108649522,2.996756606908545,0.03289983245133355,0.737859796496566,1.0917850973834486
macro,macro@1,best_valid,session,final,final.intra.Focus,intra,3,GroupConditionalProductWrapper,,,,0.995540679669398,0.9960579718818064,0.9124913185831925,0.0,0.9999438444614408,5.6157115340508016e-05,2.9881739156454192,0.06290959565610899,0.9416608790554618,1.0937132245538028
macro,macro@1,best_valid,session,final,final.intra.Memory,intra,3,GroupConditionalProductWrapper,,,,0.9702544536339225,0.9974504313291835,0.64239177167047,0.0,0.9987836626173601,0.001217077721349506,2.9923512939875505,0.050557442365364955,0.76159451444698,1.06593346589719
macro,macro@1,best_valid,session,final,final.intra.Tempo,intra,3,GroupConditionalProductWrapper,,,,0.9621528518921509,0.9558846973017586,0.7181929424215365,0.0,0.9992027180950406,0.0007975999032115226,2.8676540919052758,0.21482830599462074,0.8121286282810244,1.0570329466657848
