{
  "split": "best_valid",
  "feature_mode": "runtime:unknown|ablation:none",
  "stages": [
    {
      "stage": "macro@1",
      "n_eff": 11.815197742415702,
      "cv_usage": 0.12506402656245152,
      "top1_max_frac": 0.7935985641639246,
      "entropy_mean": 2.4716309031932395,
      "route_jitter_adjacent": 0.0,
      "route_consistency_knn_js": 0.00014889309185733826,
      "route_consistency_knn_score": 0.999851117992169,
      "route_consistency_group_knn_js": 9.613837066449617e-05,
      "route_consistency_group_knn_score": 0.9999038662504806,
      "route_consistency_intra_group_knn_mean_js": 5.531388663937838e-05,
      "route_consistency_intra_group_knn_mean_score": 0.9999446883318093,
      "route_consistency_feature_group_knn_mean_score": 0.9997671626077874,
      "family_top_expert_mean_share": 0.0973462462425232,
      "route_consistency_feature_group_knn_tempo_js": 0.00015280140263802317,
      "route_consistency_feature_group_knn_tempo_score": 0.9998472102709017,
      "route_consistency_feature_group_knn_focus_js": 0.0002519716486406098,
      "route_consistency_feature_group_knn_focus_score": 0.9997480600935491,
      "route_consistency_feature_group_knn_memory_js": 0.00030031947618085994,
      "route_consistency_feature_group_knn_memory_score": 0.9996997256151989,
      "route_consistency_feature_group_knn_exposure_js": 0.00022637116851989162,
      "route_consistency_feature_group_knn_exposure_score": 0.9997736544514998
    }
  ]
}
