{
  "split": "best_valid",
  "feature_mode": "none",
  "stages": [
    {
      "stage": "macro@1",
      "n_eff": 11.671394000391487,
      "cv_usage": 0.16779405506217807,
      "top1_max_frac": 0.46071186463430186,
      "entropy_mean": 2.3305859400344433,
      "route_jitter_adjacent": 0.0,
      "route_consistency_knn_js": 0.002306129011849576,
      "route_consistency_knn_score": 0.9976965280607502,
      "route_consistency_group_knn_js": 0.0011607265429659978,
      "route_consistency_group_knn_score": 0.9988399468395249,
      "route_consistency_intra_group_knn_mean_js": 0.001208950237660184,
      "route_consistency_intra_group_knn_mean_score": 0.9987935236923452,
      "route_consistency_feature_group_knn_mean_score": 0.9677192538638206,
      "family_top_expert_mean_share": 0.13573504984378815,
      "route_consistency_feature_group_knn_tempo_js": 0.027727591313048822,
      "route_consistency_feature_group_knn_tempo_score": 0.9726532899214952,
      "route_consistency_feature_group_knn_focus_js": 0.03528678945949086,
      "route_consistency_feature_group_knn_focus_score": 0.9653285305080115,
      "route_consistency_feature_group_knn_memory_js": 0.03297095255763475,
      "route_consistency_feature_group_knn_memory_score": 0.967566664517764,
      "route_consistency_feature_group_knn_exposure_js": 0.03528678945949086,
      "route_consistency_feature_group_knn_exposure_score": 0.9653285305080115
    }
  ]
}
