best_mrr20,epoch,epoch_time_sec,eval,lr,patience_used,train_loss,trial,valid_mrr20
0.0117,1,17.973671913146973,1,0.0002738,0,695.9664316177368,1,0.0117
0.015,3,17.085545301437378,1,0.0002738,0,609.589831829071,1,0.015
0.0166,10,16.821241855621338,1,0.0002738,3,522.9749736785889,1,0.0166
0.0167,12,17.60205841064453,1,0.0002738,0,509.1086049079895,1,0.0167
0.0167,22,17.289456367492676,1,0.0002738,10,450.6637554168701,1,0.0157
