stage_name,stage_key,split,aggregation_level,node_kind,node_name,route_space,support_size,wrapper_name,source_type,temperature,top_k,entropy_norm,n_eff_norm,top1_monopoly_norm,jitter_adj_norm,knn_consistency_score,knn_consistency_js,n_eff,cv_usage,top1_max_frac,entropy_mean
macro,macro@1,best_valid,session,final,final.expert,expert,8,ScalarGroupConditionalProductWrapper,,,,0.9075658073898689,0.7322649859895074,0.8867227023757709,0.0,0.9938668359360809,0.006152049171205724,5.858119887916059,0.6046700477600098,0.9008823645787996,1.8872300416946939
macro,macro@1,best_valid,session,final,final.group,group,4,ScalarGroupConditionalProductWrapper,,,,0.9256730213483878,0.8324294500687687,0.9563170181616746,0.0,0.9983777543355774,0.0016235629297318068,3.3297178002750747,0.4486680328845978,0.9672377636212559,1.283255289736082
macro,macro@1,best_valid,session,final,final.intra.Exposure,intra,2,ScalarGroupConditionalProductWrapper,,,,0.8141663174431987,0.8533862880081874,0.8375341273295611,0.0,0.9926001097353856,0.007427405275321409,1.7067725760163748,0.41449034214019775,0.9187670636647806,0.5643370874426266
macro,macro@1,best_valid,session,final,final.intra.Focus,intra,2,ScalarGroupConditionalProductWrapper,,,,0.9959834349796317,0.997887315901469,0.7628298975190915,0.0,0.9998444514883923,0.00015556061053214736,1.995774631802938,0.04601225256919861,0.8814149487595457,0.6903631098405413
macro,macro@1,best_valid,session,final,final.intra.Memory,intra,2,ScalarGroupConditionalProductWrapper,,,,0.9298590835072456,0.9500175029283855,0.8568432714754877,0.0,0.9985358655521709,0.0014652073400366063,1.900035005856771,0.22937345504760742,0.9284216357377438,0.644529202051102
macro,macro@1,best_valid,session,final,final.intra.Tempo,intra,2,ScalarGroupConditionalProductWrapper,,,,0.866431860310816,0.989882290663271,0.18474261069125153,0.0,0.9931394173358274,0.0068842246553563295,1.979764581326542,0.10109937191009521,0.5923713053456258,0.6005648011217505
