best_mrr20,epoch,epoch_time_sec,eval,lr,patience_used,train_loss,trial,valid_mrr20
0.0041,1,3.306471586227417,1,0.0009640155470717386,0,79.68673896789551,1,0.0041
0.0156,3,2.3528401851654053,1,0.000962269243205651,0,70.44203901290894,1,0.0156
0.063,10,2.3572962284088135,1,0.0009425695933647202,0,48.527241230010986,1,0.063
0.0768,24,2.3341903686523438,1,0.0008443607349241919,0,25.992650508880615,1,0.0768
0.0768,34,2.2181313037872314,1,0.0007352496223805634,10,15.989220023155212,1,0.0699
