stage_name,stage_key,split,aggregation_level,node_kind,node_name,route_space,support_size,wrapper_name,source_type,temperature,top_k,entropy_norm,n_eff_norm,top1_monopoly_norm,jitter_adj_norm,knn_consistency_score,knn_consistency_js,n_eff,cv_usage,top1_max_frac,entropy_mean
macro,macro@1,best_valid,session,final,final.expert,expert,12,GroupConditionalProductWrapper,,,,0.7338159290243448,0.8322982324742197,0.27376907864712746,0.0,0.9679732948349946,0.03255078006649281,9.987578789690637,0.44887884570612363,0.33428832209320014,1.8234640817529537
macro,macro@1,best_valid,session,final,final.group,group,4,GroupConditionalProductWrapper,,,,0.8907925527388153,0.9290662586218698,0.3072697462941365,0.0,0.996843133550126,0.0031618598645633826,3.716265034487479,0.27631428837776184,0.4804523097206024,1.2349006927894124
macro,macro@1,best_valid,session,final,final.intra.Exposure,intra,3,GroupConditionalProductWrapper,,,,0.6692464492512892,0.7414011204836434,0.4138355052989199,0.0,0.9895625319572398,0.010492320426173048,2.2242033614509302,0.5905908915224406,0.6092236701992799,0.7352423732949648
macro,macro@1,best_valid,session,final,final.intra.Focus,intra,3,GroupConditionalProductWrapper,,,,0.6398869207855342,0.9467332424250889,0.2251280361036459,0.0,0.9542549855466042,0.04682436279973165,2.840199727275267,0.237199983727931,0.48341869073576393,0.7029876345329852
macro,macro@1,best_valid,session,final,final.intra.Memory,intra,3,GroupConditionalProductWrapper,,,,0.31085538094282666,0.9504460940649663,0.2760128796714162,0.0,0.9669670578895586,0.03359085040739699,2.8513382821948987,0.22833617841195528,0.5173419197809441,0.34150954150239593
macro,macro@1,best_valid,session,final,final.intra.Tempo,intra,3,GroupConditionalProductWrapper,,,,0.3997736735007071,0.7919693631656047,0.41261852847218694,0.0,0.9840069077830785,0.01612236184976988,2.3759080894968143,0.5125183161342646,0.6084123523147913,0.4391962703938695
