best_mrr20,epoch,epoch_time_sec,eval,lr,patience_used,train_loss,trial,valid_mrr20
0.0257,1,10.808876991271973,1,0.0009443484342624347,0,409.71894931793213,1,0.0257
0.1437,3,9.13728380203247,1,0.0008874972857705785,0,306.88083600997925,1,0.1437
0.2013,10,8.588061094284058,1,0.00040620910845751146,2,161.2932367324829,1,0.1988
0.204,11,8.97600269317627,1,0.00033251989799896683,0,153.15622687339783,1,0.204
0.204,14,8.41150951385498,1,0.00015930671422942155,3,137.6207857131958,1,0.2027
