{
  "valid": {
    "count": 3621,
    "hit@5": 0.22590444628555648,
    "hit@10": 0.2747859707263187,
    "hit@20": 0.3115161557580779,
    "ndcg@5": 0.1627257230597219,
    "ndcg@10": 0.17855639393999248,
    "ndcg@20": 0.18790825796091107,
    "mrr@5": 0.14181625740167944,
    "mrr@10": 0.14836349304548385,
    "mrr@20": 0.1509641605349362
  },
  "test": {
    "count": 3561,
    "hit@5": 0.18112889637742208,
    "hit@10": 0.2252176354956473,
    "hit@20": 0.2653748946925021,
    "ndcg@5": 0.12767368253781802,
    "ndcg@10": 0.14188419365708796,
    "ndcg@20": 0.15214119986749974,
    "mrr@5": 0.11001591349679143,
    "mrr@10": 0.11585217774357899,
    "mrr@20": 0.11872053598188444
  },
  "slice_metrics": {
    "valid": {
      "target_popularity_abs": {
        "cold_0": {
          "count": 948,
          "hit@5": 0.0,
          "hit@10": 0.0,
          "hit@20": 0.0010548523206751054,
          "ndcg@5": 0.0,
          "ndcg@10": 0.0,
          "ndcg@20": 0.0002580701927595501,
          "mrr@5": 0.0,
          "mrr@10": 0.0,
          "mrr@20": 6.592827004219409e-05
        },
        "rare_1_5": {
          "count": 1134,
          "hit@5": 0.10141093474426807,
          "hit@10": 0.15432098765432098,
          "hit@20": 0.2037037037037037,
          "ndcg@5": 0.06350783743555584,
          "ndcg@10": 0.08052132088145672,
          "ndcg@20": 0.09317343800313889,
          "mrr@5": 0.05107289852288665,
          "mrr@10": 0.058037989248884626,
          "mrr@20": 0.06159570132180181
        },
        "6_20": {
          "count": 832,
          "hit@5": 0.3798076923076923,
          "hit@10": 0.45552884615384615,
          "hit@20": 0.5144230769230769,
          "ndcg@5": 0.2651182533098528,
          "ndcg@10": 0.2896681667233889,
          "ndcg@20": 0.30460025178483474,
          "mrr@5": 0.22720352640876976,
          "mrr@10": 0.2373764700292108,
          "mrr@20": 0.24149868452402118
        },
        "21_100": {
          "count": 606,
          "hit@5": 0.5742574257425742,
          "hit@10": 0.6468646864686468,
          "hit@20": 0.6881188118811881,
          "ndcg@5": 0.44085739862800827,
          "ndcg@10": 0.46466469056535475,
          "ndcg@20": 0.47510833071895164,
          "mrr@5": 0.3964246431789776,
          "mrr@10": 0.40644022834674753,
          "mrr@20": 0.40931487747962914
        },
        "101+": {
          "count": 101,
          "hit@5": 0.38613861386138615,
          "hit@10": 0.48514851485148514,
          "hit@20": 0.504950495049505,
          "ndcg@5": 0.2918216358907152,
          "ndcg@10": 0.32327532060075514,
          "ndcg@20": 0.32841004888610087,
          "mrr@5": 0.260726073148227,
          "mrr@10": 0.2733576937329651,
          "mrr@20": 0.27482652199445384
        }
      },
      "target_popularity_abs_legacy": {
        "<=5": {
          "count": 2082,
          "hit@5": 0.05523535062439962,
          "hit@10": 0.08405379442843419,
          "hit@20": 0.11143131604226705,
          "ndcg@5": 0.03459072413636903,
          "ndcg@10": 0.04385743414004415,
          "ndcg@20": 0.050866152371899884,
          "mrr@5": 0.02781780351822933,
          "mrr@10": 0.031611469648527936,
          "mrr@20": 0.03357926287172106
        },
        "6-20": {
          "count": 832,
          "hit@5": 0.3798076923076923,
          "hit@10": 0.45552884615384615,
          "hit@20": 0.5144230769230769,
          "ndcg@5": 0.2651182533098528,
          "ndcg@10": 0.2896681667233889,
          "ndcg@20": 0.30460025178483474,
          "mrr@5": 0.22720352640876976,
          "mrr@10": 0.2373764700292108,
          "mrr@20": 0.24149868452402118
        },
        "21-100": {
          "count": 606,
          "hit@5": 0.5742574257425742,
          "hit@10": 0.6468646864686468,
          "hit@20": 0.6881188118811881,
          "ndcg@5": 0.44085739862800827,
          "ndcg@10": 0.46466469056535475,
          "ndcg@20": 0.47510833071895164,
          "mrr@5": 0.3964246431789776,
          "mrr@10": 0.40644022834674753,
          "mrr@20": 0.40931487747962914
        },
        ">100": {
          "count": 101,
          "hit@5": 0.38613861386138615,
          "hit@10": 0.48514851485148514,
          "hit@20": 0.504950495049505,
          "ndcg@5": 0.2918216358907152,
          "ndcg@10": 0.32327532060075514,
          "ndcg@20": 0.32841004888610087,
          "mrr@5": 0.260726073148227,
          "mrr@10": 0.2733576937329651,
          "mrr@20": 0.27482652199445384
        }
      },
      "session_len": {
        "<=7": {
          "count": 3391,
          "hit@5": 0.21881450899439694,
          "hit@10": 0.2651135358301386,
          "hit@20": 0.2999115305219699,
          "ndcg@5": 0.15817656227179033,
          "ndcg@10": 0.17317007820854424,
          "ndcg@20": 0.18205219135896816,
          "mrr@5": 0.1380615357899518,
          "mrr@10": 0.14426223995437035,
          "mrr@20": 0.14674335578195608
        },
        "8-12": {
          "count": 230,
          "hit@5": 0.33043478260869563,
          "hit@10": 0.41739130434782606,
          "hit@20": 0.4826086956521739,
          "ndcg@5": 0.22979617624179177,
          "ndcg@10": 0.25796942283277924,
          "ndcg@20": 0.27424704860086024,
          "mrr@5": 0.19717391385980274,
          "mrr@10": 0.20883022883664007,
          "mrr@20": 0.21319350365387357
        }
      },
      "session_len_legacy": {
        "1-2": {
          "count": 2078,
          "hit@5": 0.1809432146294514,
          "hit@10": 0.21751684311838307,
          "hit@20": 0.24542829643888353,
          "ndcg@5": 0.1313222991490846,
          "ndcg@10": 0.1431279761700589,
          "ndcg@20": 0.1502344094008867,
          "mrr@5": 0.11481392392180538,
          "mrr@10": 0.11967627641756565,
          "mrr@20": 0.12165212281284939
        },
        "3-5": {
          "count": 1143,
          "hit@5": 0.2747156605424322,
          "hit@10": 0.33770778652668415,
          "hit@20": 0.3779527559055118,
          "ndcg@5": 0.19775913604914047,
          "ndcg@10": 0.2181961511115911,
          "ndcg@20": 0.22851193936791006,
          "mrr@5": 0.1722659672417353,
          "mrr@10": 0.18073643642955983,
          "mrr@20": 0.18364071052061917
        },
        "6-10": {
          "count": 400,
          "hit@5": 0.32,
          "hit@10": 0.3925,
          "hit@20": 0.465,
          "ndcg@5": 0.22575853265821932,
          "ndcg@10": 0.2493364181369543,
          "ndcg@20": 0.2675988816097379,
          "mrr@5": 0.19508333396166563,
          "mrr@10": 0.20488789770752192,
          "mrr@20": 0.20986695491708815
        }
      }
    },
    "test": {
      "target_popularity_abs": {
        "cold_0": {
          "count": 1059,
          "hit@5": 0.0,
          "hit@10": 0.0,
          "hit@20": 0.0,
          "ndcg@5": 0.0,
          "ndcg@10": 0.0,
          "ndcg@20": 0.0,
          "mrr@5": 0.0,
          "mrr@10": 0.0,
          "mrr@20": 0.0
        },
        "rare_1_5": {
          "count": 1086,
          "hit@5": 0.09668508287292818,
          "hit@10": 0.1445672191528545,
          "hit@20": 0.1860036832412523,
          "ndcg@5": 0.0635452524897802,
          "ndcg@10": 0.07875865003570887,
          "ndcg@20": 0.08935126836512848,
          "mrr@5": 0.05270104377803223,
          "mrr@10": 0.05881968227731369,
          "mrr@20": 0.061787297167089764
        },
        "6_20": {
          "count": 802,
          "hit@5": 0.30174563591022446,
          "hit@10": 0.38403990024937656,
          "hit@20": 0.4625935162094763,
          "ndcg@5": 0.20547052418947814,
          "ndcg@10": 0.23256275934768733,
          "ndcg@20": 0.2526454074758841,
          "mrr@5": 0.1737531179241706,
          "mrr@10": 0.18521553359721366,
          "mrr@20": 0.19084081907484893
        },
        "21_100": {
          "count": 507,
          "hit@5": 0.5108481262327417,
          "hit@10": 0.5759368836291914,
          "hit@20": 0.6370808678500987,
          "ndcg@5": 0.3805587290541895,