{
  "split": "best_valid",
  "feature_mode": "none",
  "stages": [
    {
      "stage": "macro@1",
      "n_eff": 8.91835138341108,
      "cv_usage": 0.09568185474215556,
      "top1_max_frac": 0.25425590703564244,
      "entropy_mean": 1.9730302551698446,
      "route_jitter_adjacent": 0.0,
      "route_consistency_knn_js": 0.0038114917107909974,
      "route_consistency_knn_score": 0.996195762803972,
      "route_consistency_group_knn_js": 0.0010705310881788561,
      "route_consistency_group_knn_score": 0.9989300417258032,
      "route_consistency_intra_group_knn_mean_js": 0.0028899011339833733,
      "route_consistency_intra_group_knn_mean_score": 0.9971167466110852,
      "route_consistency_feature_group_knn_mean_score": 0.9743253587619866,
      "family_top_expert_mean_share": 0.1119387298822403,
      "route_consistency_feature_group_knn_tempo_js": 0.02205615347683238,
      "route_consistency_feature_group_knn_tempo_score": 0.9781853050031056,
      "route_consistency_feature_group_knn_focus_js": 0.0,
      "route_consistency_feature_group_knn_focus_score": 1.0,
      "route_consistency_feature_group_knn_memory_js": 0.05679178205222232,
      "route_consistency_feature_group_knn_memory_score": 0.9447907712828538,
      "route_consistency_feature_group_knn_exposure_js": 0.0,
      "route_consistency_feature_group_knn_exposure_score": 0.0
    }
  ]
}
