{
  "split": "best_valid",
  "feature_mode": "none",
  "stages": [
    {
      "stage": "macro@1",
      "n_eff": 8.94393824353326,
      "cv_usage": 0.07917209255230978,
      "top1_max_frac": 0.3075282962724317,
      "entropy_mean": 1.995835131914101,
      "route_jitter_adjacent": 0.0,
      "route_consistency_knn_js": 0.0045710223478441295,
      "route_consistency_knn_score": 0.9954394088749715,
      "route_consistency_group_knn_js": 0.0035331258667677832,
      "route_consistency_group_knn_score": 0.9964731082782599,
      "route_consistency_intra_group_knn_mean_js": 0.0009749809980555919,
      "route_consistency_intra_group_knn_mean_score": 0.9990256572628011,
      "route_consistency_feature_group_knn_mean_score": 0.987643825333489,
      "family_top_expert_mean_share": 0.09637962281703949,
      "route_consistency_feature_group_knn_tempo_js": 0.0,
      "route_consistency_feature_group_knn_tempo_score": 1.0,
      "route_consistency_feature_group_knn_focus_js": 0.01808070658656667,
      "route_consistency_feature_group_knn_focus_score": 0.9820817686925133,
      "route_consistency_feature_group_knn_memory_js": 0.019336034713317796,
      "route_consistency_feature_group_knn_memory_score": 0.9808497073079542,
      "route_consistency_feature_group_knn_exposure_js": 0.0,
      "route_consistency_feature_group_knn_exposure_score": 0.0
    }
  ]
}
