stage_name,stage_key,split,aggregation_level,node_kind,node_name,route_space,support_size,wrapper_name,source_type,temperature,top_k,entropy_norm,n_eff_norm,top1_monopoly_norm,jitter_adj_norm,knn_consistency_score,knn_consistency_js,n_eff,cv_usage,top1_max_frac,entropy_mean
macro,macro@1,best_valid,session,final,final.expert,expert,16,ScalarGroupConditionalProductWrapper,,,,0.9407118166055721,0.7749138261839442,0.9211173980136905,0.0,0.996633929843211,0.0033717481161260917,12.398621218943108,0.5389489852755657,0.9260475606378349,2.6082069735983064
macro,macro@1,best_valid,session,final,final.group,group,4,ScalarGroupConditionalProductWrapper,,,,0.988575000805078,0.9759783392258544,0.9400150358089662,0.0,0.9996752349106534,0.0003248178369489933,3.9039133569034177,0.15688495337963104,0.9550112768567246,1.3704559491601709
macro,macro@1,best_valid,session,final,final.intra.Exposure,intra,4,ScalarGroupConditionalProductWrapper,,,,0.5676725438268887,0.4274664268516699,0.978633324100819,0.0,0.990853340097222,0.009188747433261485,1.7098657074066796,1.1573094129562378,0.9839749930756143,0.7869612464697998
macro,macro@1,best_valid,session,final,final.intra.Focus,intra,4,ScalarGroupConditionalProductWrapper,,,,0.9921991101387988,0.9963430872781032,0.3242327121170155,0.0,0.9993629247044474,0.0006372783142486686,3.9853723491124127,0.0605824813246727,0.49317453408776163,1.37548003149359
macro,macro@1,best_valid,session,final,final.intra.Memory,intra,4,ScalarGroupConditionalProductWrapper,,,,0.9884688315520177,0.9929758090367033,0.2516387712842427,0.0,0.9989964064421197,0.00100409749508858,3.9719032361468134,0.08410590142011642,0.43872907846318204,1.3703087673233292
macro,macro@1,best_valid,session,final,final.intra.Tempo,intra,4,ScalarGroupConditionalProductWrapper,,,,0.9821140902820154,0.9933837244429171,0.3465490180561601,0.0,0.9978374245246739,0.002164917218409187,3.9735348977716685,0.0816112533211708,0.5099117635421201,1.361499225334349
