stage_name,stage_key,split,aggregation_level,node_kind,node_name,route_space,support_size,wrapper_name,source_type,temperature,top_k,entropy_norm,n_eff_norm,top1_monopoly_norm,jitter_adj_norm,knn_consistency_score,knn_consistency_js,n_eff,cv_usage,top1_max_frac,entropy_mean
macro,macro@1,best_valid,session,final,final.expert,expert,12,GroupConditionalProductWrapper,,,,0.9642764469524113,0.9972517529251282,0.07363264768173856,0.0,0.9934992390485199,0.006521982920584149,11.967021035101538,0.05249607413948687,0.15082992704159368,2.396136955265993
macro,macro@1,best_valid,session,final,final.group,group,4,GroupConditionalProductWrapper,,,,0.9567265007362236,0.9985000968313013,0.16799226788554864,0.0,0.9954702225482635,0.004540067981248993,3.994000387325205,0.03875717893242836,0.37599420091416147,1.3263045531045916
macro,macro@1,best_valid,session,final,final.intra.Exposure,intra,3,GroupConditionalProductWrapper,,,,0.9397755487536201,0.9995119570522206,0.17870111216264284,0.0,0.9953990844952003,0.004611532293689584,2.998535871156662,0.022097105898794357,0.45246740810842856,1.0324489664505434
macro,macro@1,best_valid,session,final,final.intra.Focus,intra,3,GroupConditionalProductWrapper,,,,0.9980476297636112,0.9998177026300225,0.27029176650625214,0.0,0.9998629454432929,0.00013706394954105197,2.9994531078900675,0.013506078690109292,0.5135278443375014,1.0964673907343832
macro,macro@1,best_valid,session,final,final.intra.Memory,intra,3,GroupConditionalProductWrapper,,,,0.9885932508327828,0.999978155374888,0.44909355724248107,0.0,0.9992395987744153,0.0007606904772375273,2.999934466124664,0.004675652459616886,0.632729038161654,1.0860806938592502
macro,macro@1,best_valid,session,final,final.intra.Tempo,intra,3,GroupConditionalProductWrapper,,,,0.9664254611924084,0.9946823096039706,0.1662639523723228,0.0,0.9973685352475031,0.0026349331418344174,2.984046928811912,0.07311714967736156,0.4441759682482152,1.0617268877477253
