stage_name,stage_key,split,aggregation_level,node_kind,node_name,route_space,support_size,wrapper_name,source_type,temperature,top_k,entropy_norm,n_eff_norm,top1_monopoly_norm,jitter_adj_norm,knn_consistency_score,knn_consistency_js,n_eff,cv_usage,top1_max_frac,entropy_mean
macro,macro@1,best_valid,session,final,final.expert,expert,12,ScalarGroupConditionalProductWrapper,,,,0.17282943177031282,0.1131733393083662,0.9610831550102235,0.04297571171875955,0.9859673702261252,0.014132018004041654,1.3580800717003945,2.799286103269872,0.9643262254260382,0.4294650042851318
macro,macro@1,best_valid,session,final,final.group,group,4,ScalarGroupConditionalProductWrapper,,,,0.2651098576973316,0.33361065924133176,0.9507077703723094,0.0,0.9892809083621957,0.0107769549669429,1.334442636965327,1.4133315086364746,0.963030827779232,0.3675203008031074
macro,macro@1,best_valid,session,final,final.intra.Exposure,intra,3,ScalarGroupConditionalProductWrapper,,,,0.40434337609453114,0.8646373024116999,0.3073247018236246,0.0,0.9755980770797767,0.024704583655253198,2.5939119072351,0.39566931439431563,0.5382164678824164,0.44421660181900313
macro,macro@1,best_valid,session,final,final.intra.Focus,intra,3,ScalarGroupConditionalProductWrapper,,,,0.5133556422685401,0.6625224107354655,0.601762546228245,0.0,0.9814221598458548,0.018752575750548617,1.9875672322063964,0.7137107380456172,0.7345083641521634,0.5639788170533283
macro,macro@1,best_valid,session,final,final.intra.Memory,intra,3,ScalarGroupConditionalProductWrapper,,,,0.02734957154020839,0.33839063188982754,1.0,0.0,0.9984910099015356,0.0015101297706700371,1.0151718956694826,1.3982721208496165,1.0,0.03004657538388054
macro,macro@1,best_valid,session,final,final.intra.Tempo,intra,3,ScalarGroupConditionalProductWrapper,,,,0.05433318271083525,0.34581087070519173,0.9976340535207295,0.0,0.9971182205493176,0.002885939771757744,1.0374326121155752,1.3754106685763996,0.9984227023471531,0.059691102208573286
