{
  "split": "best_valid",
  "feature_mode": "runtime:unknown|ablation:none",
  "stages": [
    {
      "stage": "macro@1",
      "n_eff": 14.818538612540879,
      "cv_usage": 0.28236261010169983,
      "top1_max_frac": 0.10227904391328516,
      "entropy_mean": 1.916372901756763,
      "route_jitter_adjacent": 0.7087689948417677,
      "route_consistency_knn_js": 0.21718767867237124,
      "route_consistency_knn_score": 0.8047789152922622,
      "route_consistency_group_knn_js": 0.050446192950248984,
      "route_consistency_group_knn_score": 0.9508050873126034,
      "route_consistency_intra_group_knn_mean_js": 0.21049207062129982,
      "route_consistency_intra_group_knn_mean_score": 0.8106460901579478,
      "route_consistency_feature_group_knn_mean_score": 0.7822267233576202,
      "family_top_expert_mean_share": 0.08956809341907501,
      "route_consistency_feature_group_knn_tempo_js": 0.2526022619517657,
      "route_consistency_feature_group_knn_tempo_score": 0.7767767740685982,
      "route_consistency_feature_group_knn_focus_js": 0.24763060208678542,
      "route_consistency_feature_group_knn_focus_score": 0.780648259861131,
      "route_consistency_feature_group_knn_memory_js": 0.24633054145954156,
      "route_consistency_feature_group_knn_memory_score": 0.7816638099227913,
      "route_consistency_feature_group_knn_exposure_js": 0.23595267703802472,
      "route_consistency_feature_group_knn_exposure_score": 0.7898180495779602
    }
  ]
}
