stage_name,stage_key,split,aggregation_level,node_kind,node_name,route_space,support_size,wrapper_name,source_type,temperature,top_k,entropy_norm,n_eff_norm,top1_monopoly_norm,jitter_adj_norm,knn_consistency_score,knn_consistency_js,n_eff,cv_usage,top1_max_frac,entropy_mean
macro,macro@1,best_valid,session,final,final.expert,expert,16,FlatJointWrapper,,,,0.8854265902671601,0.9910144142688172,0.03837934655055277,0.7550536734978391,0.9261090478829984,0.07676328897673726,15.856230628301075,0.09522052854299545,0.09848063739114322,2.4549237785459517
macro,macro@1,best_valid,session,final,final.group,group,4,FlatJointWrapper,,,,0.9403133010804786,0.998277299143981,0.02983138780804147,0.0,0.9790474362646777,0.02117518383111456,3.993109196575924,0.04154122620820999,0.2723735408560311,1.3035510269738975
macro,macro@1,best_valid,session,final,final.intra.Exposure,intra,4,FlatJointWrapper,,,,0.8387840703972899,0.990784295152005,0.07578284231980732,0.0,0.9474280490779068,0.05400428255761206,3.96313718060802,0.0964442640542984,0.3068371317398555,1.1628016269889523
macro,macro@1,best_valid,session,final,final.intra.Focus,intra,4,FlatJointWrapper,,,,0.8427893790375861,0.9910763516525426,0.036378234821814605,0.0,0.9471213979126664,0.05432800191833446,3.9643054066101704,0.09488937258720398,0.27728367611636096,1.1683541637715398
macro,macro@1,best_valid,session,final,final.intra.Memory,intra,4,FlatJointWrapper,,,,0.8603299518659173,0.9984322369783546,0.07640046939657837,0.0,0.9505455489409924,0.05071919716974873,3.9937289479134184,0.03962438181042671,0.3073003520474338,1.192670560974268
macro,macro@1,best_valid,session,final,final.intra.Tempo,intra,4,FlatJointWrapper,,,,0.8595462499015685,0.9927421935503417,0.07714162188870362,0.0,0.9501471201712156,0.05113844303951774,3.9709687742013666,0.0855037122964859,0.3078562164165277,1.1915841193602927
