stage_name,stage_key,split,aggregation_level,node_kind,node_name,route_space,support_size,wrapper_name,source_type,temperature,top_k,entropy_norm,n_eff_norm,top1_monopoly_norm,jitter_adj_norm,knn_consistency_score,knn_consistency_js,n_eff,cv_usage,top1_max_frac,entropy_mean
macro,macro@1,best_valid,session,final,final.expert,expert,16,FlatJointWrapper,,,,0.884639755713871,0.9875976474086918,0.04786609844975603,0.7333054509967936,0.9258815680975827,0.07700894873828988,15.80156235853907,0.11206340789794922,0.10737446729664628,2.4527422099372336
macro,macro@1,best_valid,session,final,final.group,group,4,FlatJointWrapper,,,,0.9401553337569407,0.9965915427967502,0.0924587733926255,0.0,0.9797079329071315,0.020500779382368044,3.986366171187001,0.058482642977395236,0.3193440800444691,1.3033320377640356
macro,macro@1,best_valid,session,final,final.intra.Exposure,intra,4,FlatJointWrapper,,,,0.8353895839692034,0.9894190085131283,0.08183558767216355,0.0,0.945903117692937,0.0556151277615332,3.957676034052513,0.10341281443834305,0.31137669075412266,1.158095869594798
macro,macro@1,best_valid,session,final,final.intra.Focus,intra,4,FlatJointWrapper,,,,0.8598415616714548,0.9966705205443841,0.03761348897535669,0.0,0.9491756622365021,0.05216139503948862,3.9866820821775364,0.057798825204372406,0.2782101167315175,1.1919935084016584
macro,macro@1,best_valid,session,final,final.intra.Memory,intra,4,FlatJointWrapper,,,,0.8560608531319459,0.9942309627400195,0.04366623432771292,0.0,0.9480452588029724,0.05335303651335094,3.976923850960078,0.07617407746160493,0.2827496757457847,1.1867523334722994
macro,macro@1,best_valid,session,final,final.intra.Tempo,intra,4,FlatJointWrapper,,,,0.8519644383633046,0.986409513246656,0.09814094249891918,0.0,0.9489989695764104,0.05234756617215548,3.945638052986624,0.11737828701734543,0.3236057068741894,1.1810734967777237
