stage_name,stage_key,split,aggregation_level,node_kind,node_name,route_space,support_size,wrapper_name,source_type,temperature,top_k,entropy_norm,n_eff_norm,top1_monopoly_norm,jitter_adj_norm,knn_consistency_score,knn_consistency_js,n_eff,cv_usage,top1_max_frac,entropy_mean
macro,macro@1,best_valid,session,final,final.expert,expert,20,FlatJointWrapper,,,,0.9451310233371233,0.8521921748106726,0.35223481619465585,0.7433504998485307,0.9892043810968355,0.010854314415411936,17.04384349621345,0.416466109472563,0.384623075384923,2.8313595093481303
macro,macro@1,best_valid,session,final,final.group,group,4,FlatJointWrapper,,,,0.9761120860197233,0.9647785879761279,0.5464240485236286,0.0,0.9983689001222943,0.0016324315693896987,3.8591143519045117,0.19106890261173248,0.6598180363927214,1.353178680670116
macro,macro@1,best_valid,session,final,final.intra.Exposure,intra,5,FlatJointWrapper,,,,0.9565623669539912,0.9680576534179535,0.41424215156968597,0.0,0.9922520234165233,0.007778148100559423,4.840288267089767,0.18164925006554647,0.5313937212557488,1.5395277389834534
macro,macro@1,best_valid,session,final,final.intra.Focus,intra,5,FlatJointWrapper,,,,0.8942569364526725,0.8141352084195939,0.8121625674865026,0.0,0.9909111788052242,0.009130376514348686,4.070676042097969,0.4778045344679872,0.8497300539892022,1.439251016984103
macro,macro@1,best_valid,session,final,final.intra.Memory,intra,5,FlatJointWrapper,,,,0.8685983869211994,0.7633500247174443,0.8340331933613276,0.0,0.9891457046211312,0.010913633012403655,3.816750123587221,0.5567900008441508,0.8672265546890622,1.397955174590082
macro,macro@1,best_valid,session,final,final.intra.Tempo,intra,5,FlatJointWrapper,,,,0.9354346212475978,0.9174610656891916,0.6280743851229753,0.0,0.991120288762376,0.008919370825136004,4.587305328445958,0.2999407939621688,0.7024595080983803,1.505523944039317
