best_mrr20,epoch,epoch_time_sec,eval,lr,patience_used,train_loss,trial,valid_mrr20
0.0139,1,23.247241735458374,1,0.0007998187552579467,0,661.7941379547119,1,0.0139
0.017,3,21.659269094467163,1,0.0007983698921263105,0,557.8354482650757,1,0.017
0.0191,9,22.008517026901245,1,0.0007854174705012192,0,477.0571904182434,1,0.0191
0.0191,10,21.866256952285767,1,0.0007820256023867403,1,465.8618173599243,1,0.0184
0.0191,19,21.91075325012207,1,0.0007365235693147399,10,371.8887801170349,1,0.0149
