{
  "split": "best_valid",
  "feature_mode": "runtime:unknown|ablation:none",
  "stages": [
    {
      "stage": "macro@1",
      "n_eff": 7.788212733334092,
      "cv_usage": 0.7353843056238153,
      "top1_max_frac": 0.2887967326421615,
      "entropy_mean": 1.6926921217208608,
      "route_jitter_adjacent": 0.5319963442603163,
      "route_consistency_knn_js": 0.10370847894316518,
      "route_consistency_knn_score": 0.9014880618711795,
      "route_consistency_group_knn_js": 0.03462852965115264,
      "route_consistency_group_knn_score": 0.9659641766686947,
      "route_consistency_intra_group_knn_mean_js": 0.10653357085163634,
      "route_consistency_intra_group_knn_mean_score": 0.900043494877858,
      "route_consistency_feature_group_knn_mean_score": 0.8550777396168607,
      "family_top_expert_mean_share": 0.19700157642364502,
      "route_consistency_feature_group_knn_tempo_js": 0.15771197070891632,
      "route_consistency_feature_group_knn_tempo_score": 0.8540957511373363,
      "route_consistency_feature_group_knn_focus_js": 0.15728737143254262,
      "route_consistency_feature_group_knn_focus_score": 0.854458476576253,
      "route_consistency_feature_group_knn_memory_js": 0.15679649992109318,
      "route_consistency_feature_group_knn_memory_score": 0.8548780088599198,
      "route_consistency_feature_group_knn_exposure_js": 0.1544588851080372,
      "route_consistency_feature_group_knn_exposure_score": 0.856878721893934
    }
  ]
}
