{
  "split": "best_valid",
  "feature_mode": "none",
  "stages": [
    {
      "stage": "macro@1",
      "n_eff": 11.583243349231292,
      "cv_usage": 0.18968199373239297,
      "top1_max_frac": 0.2727096649234941,
      "entropy_mean": 2.2961254761443604,
      "route_jitter_adjacent": 0.0,
      "route_consistency_knn_js": 0.014745012293969448,
      "route_consistency_knn_score": 0.9853631630648113,
      "route_consistency_group_knn_js": 0.01177233620713817,
      "route_consistency_group_knn_score": 0.9882966866239185,
      "route_consistency_intra_group_knn_mean_js": 0.003345541297644971,
      "route_consistency_intra_group_knn_mean_score": 0.9966608203246845,
      "route_consistency_feature_group_knn_mean_score": 0.9509633368770893,
      "family_top_expert_mean_share": 0.11121155321598053,
      "route_consistency_feature_group_knn_tempo_js": 0.06093884705546813,
      "route_consistency_feature_group_knn_tempo_score": 0.9408807756466321,
      "route_consistency_feature_group_knn_focus_js": 0.025531048030888754,
      "route_consistency_feature_group_knn_focus_score": 0.9747921131202578,
      "route_consistency_feature_group_knn_memory_js": 0.054473580941538084,
      "route_consistency_feature_group_knn_memory_score": 0.9469835269405071,
      "route_consistency_feature_group_knn_exposure_js": 0.06060288201422569,
      "route_consistency_feature_group_knn_exposure_score": 0.9411969318009603
    }
  ]
}
