stage_name,stage_key,split,aggregation_level,node_kind,node_name,route_space,support_size,wrapper_name,source_type,temperature,top_k,entropy_norm,n_eff_norm,top1_monopoly_norm,jitter_adj_norm,knn_consistency_score,knn_consistency_js,n_eff,cv_usage,top1_max_frac,entropy_mean
macro,macro@1,best_valid,session,final,final.expert,expert,16,ScalarGroupConditionalProductWrapper,,,,0.9610075089819891,0.813178508439363,0.9474960102349016,0.0,0.9976431876590364,0.0023595939945854367,13.010856135029808,0.479314386844635,0.9507775095952202,2.664478581391208
macro,macro@1,best_valid,session,final,final.group,group,4,ScalarGroupConditionalProductWrapper,,,,0.9864198680990232,0.9732242352396031,0.9017132908637677,0.0,0.9996155817026353,0.0003844922050199157,3.8928969409584124,0.16586892306804657,0.9262849681478258,1.367468300842302
macro,macro@1,best_valid,session,final,final.intra.Exposure,intra,4,ScalarGroupConditionalProductWrapper,,,,0.8328377512521233,0.6697270046323419,0.9762064917764676,0.0,0.9959289766890573,0.004079332485237132,2.6789080185293677,0.7022433876991272,0.9821548688323507,1.1545582782885886
macro,macro@1,best_valid,session,final,final.intra.Focus,intra,4,ScalarGroupConditionalProductWrapper,,,,0.9937593438246215,0.9965492764908992,0.516902095780741,0.0,0.9995515960188426,0.00044850454428564586,3.9861971059635968,0.05884488299489021,0.6376765718355557,1.3776429746542753
macro,macro@1,best_valid,session,final,final.intra.Memory,intra,4,ScalarGroupConditionalProductWrapper,,,,0.9890048622439582,0.9970237645996404,0.743019559740962,0.0,0.9996237173581145,0.0003763534539629644,3.9880950583985615,0.054636258631944656,0.8072646698057215,1.3710518636489535
macro,macro@1,best_valid,session,final,final.intra.Tempo,intra,4,ScalarGroupConditionalProductWrapper,,,,0.9756305187973516,0.9781156081967796,0.5597409620279877,0.0,0.9977146535383377,0.00228796185136148,3.9124624327871182,0.14957993624090768,0.6698057215209908,1.352511086745242
