best_mrr20,epoch,epoch_time_sec,eval,lr,patience_used,train_loss,trial,valid_mrr20
0.0115,1,18.488462686538696,1,0.0005476,0,699.6728138923645,1,0.0115
0.0143,3,17.479172229766846,1,0.0005476,0,609.3926963806152,1,0.0143
0.0187,10,17.225377082824707,1,0.0005476,0,524.1176061630249,1,0.0187
0.0194,20,17.12469220161438,1,0.0005476,0,481.165894985199,1,0.0194
0.0194,30,17.675261974334717,1,0.0005476,10,453.2999801635742,1,0.0179
