best_mrr20,epoch,epoch_time_sec,eval,lr,patience_used,train_loss,trial,valid_mrr20
0.0136,1,15.359011173248291,1,0.0005476,0,686.1287488937378,1,0.0136
0.015,3,14.46089506149292,1,0.0005476,0,586.0252819061279,1,0.015
0.0182,5,14.544550657272339,1,0.0005476,0,547.35258436203,1,0.0182
0.0182,10,14.088854312896729,1,0.0005476,5,496.8792533874512,1,0.0179
0.0182,15,14.029558897018433,1,0.0005476,10,459.9070830345154,1,0.0169
