stage_name,stage_key,split,aggregation_level,node_kind,node_name,route_space,support_size,wrapper_name,source_type,temperature,top_k,entropy_norm,n_eff_norm,top1_monopoly_norm,jitter_adj_norm,knn_consistency_score,knn_consistency_js,n_eff,cv_usage,top1_max_frac,entropy_mean
macro,macro@1,best_valid,session,final,final.expert,expert,12,GroupConditionalProductWrapper,,,,0.9123701565529077,0.9525415632954924,0.704792743387842,0.0,0.9967815826128691,0.003223607631610415,11.430498759545909,0.2232104994889945,0.7293933481055219,2.2671546690864393
macro,macro@1,best_valid,session,final,final.group,group,4,GroupConditionalProductWrapper,,,,0.8602560807471136,0.9668146595729036,0.65453656851613,0.0,0.997493857031226,0.0025092886017671076,3.8672586382916143,0.1852685660123825,0.7409024263870975,1.1925681538588209
macro,macro@1,best_valid,session,final,final.intra.Exposure,intra,3,GroupConditionalProductWrapper,,,,0.9933221641697942,0.990420665091058,0.7413103151767703,0.0,0.9998715687764465,0.0001284394715493847,2.971261995273174,0.0983460963265271,0.8275402101178468,1.0912759361633375
macro,macro@1,best_valid,session,final,final.intra.Focus,intra,3,GroupConditionalProductWrapper,,,,0.995649099270041,0.9984036577868384,0.6411846413334656,0.0,0.9999293094560392,7.06930426551118e-05,2.995210973360515,0.03998742692209998,0.7607897608889771,1.0938323356594017
macro,macro@1,best_valid,session,final,final.intra.Memory,intra,3,GroupConditionalProductWrapper,,,,0.9982186457651474,0.9972677581011582,0.9752455600754041,0.0,0.9999692223215121,3.077815213034592e-05,2.9918032743034746,0.05234156392986882,0.9834970400502695,1.0966552710152297
macro,macro@1,best_valid,session,final,final.intra.Tempo,intra,3,GroupConditionalProductWrapper,,,,0.897494053762688,0.9767407471059398,0.6412507854615207,0.0,0.997882312445262,0.002119933025725113,2.9302222413178196,0.1543149119819727,0.7608338569743471,0.9859979964702462
