best_mrr20,epoch,epoch_time_sec,eval,lr,patience_used,train_loss,trial,valid_mrr20
0.0921,1,32.35294246673584,1,0.0004983,0,1555.4336824417114,1,0.0921
0.1998,3,31.488301038742065,1,0.0004983,0,946.7950987815857,1,0.1998
0.3081,10,31.194742679595947,1,0.0004983,0,380.8147187232971,1,0.3081
0.311,14,31.853224277496338,1,0.0004983,0,230.3784030675888,1,0.311
0.311,24,31.473105907440186,1,0.0004983,10,85.49637511372566,1,0.2999
