stage_name,stage_key,split,aggregation_level,node_kind,node_name,route_space,support_size,wrapper_name,source_type,temperature,top_k,entropy_norm,n_eff_norm,top1_monopoly_norm,jitter_adj_norm,knn_consistency_score,knn_consistency_js,n_eff,cv_usage,top1_max_frac,entropy_mean
macro,macro@1,best_valid,session,final,final.expert,expert,12,ScalarGroupConditionalProductWrapper,,,,0.9090514802330755,0.8239297914974212,0.39410917710669896,0.0,0.9894297564819422,0.0106265053608718,9.887157497969055,0.4622721832313483,0.444600079014474,2.2589080682307943
macro,macro@1,best_valid,session,final,final.group,group,4,ScalarGroupConditionalProductWrapper,,,,0.9505830709819948,0.9100341129573368,0.9202193250248416,0.0,0.9976595837931876,0.002343159261585202,3.6401364518293473,0.31441980600357056,0.9401644937686312,1.317787951078368
macro,macro@1,best_valid,session,final,final.intra.Exposure,intra,3,ScalarGroupConditionalProductWrapper,,,,0.3762322756081607,0.4417234887633937,0.9589483891822,0.0,0.9841104240632322,0.016017168649573706,1.325170466290181,1.1242150627310554,0.9726322594548001,0.4133334013766925
macro,macro@1,best_valid,session,final,final.intra.Focus,intra,3,ScalarGroupConditionalProductWrapper,,,,0.9934142890425981,0.9912989042054622,0.9071759508673632,0.0,0.999734979861181,0.00026505526286188145,2.9738967126163867,0.09368805494344071,0.9381173005782423,1.0913771456806918
macro,macro@1,best_valid,session,final,final.intra.Memory,intra,3,ScalarGroupConditionalProductWrapper,,,,0.98428591952449,0.9925274477455993,0.7079517293395108,0.0,0.997312481267132,0.0026911365948393876,2.977582343236798,0.08676893377992709,0.8053011528930072,1.0813486067525948
macro,macro@1,best_valid,session,final,final.intra.Tempo,intra,3,ScalarGroupConditionalProductWrapper,,,,0.752700130487441,0.8806993009929721,0.35545738605753696,0.0,0.980621146471528,0.019569085168307018,2.6420979029789162,0.3680507654532562,0.570304924038358,0.8269256130355924
