{
  "model": "DIFSR",
  "dataset": "amazon_beauty",
  "dataset_raw": "amazon_beauty",
  "max_evals": 8,
  "tune_epochs": 68,
  "n_completed": 8,
  "n_recorded_trials": 8,
  "timestamp": "2026-04-05T10:16:09.897578",
  "trials": [
    {
      "trial": 1,
      "params": {
        "MAX_ITEM_LIST_LENGTH": 50,
        "fusion_type": "sum",
        "learning_rate": 0.0011252282155785375
      },
      "mrr@20": 0.0979,
      "valid_result": {
        "hit@5": 0.0973,
        "hit@10": 0.0973,
        "hit@20": 0.1062,
        "ndcg@5": 0.0973,
        "ndcg@10": 0.0973,
        "ndcg@20": 0.0996,
        "mrr@5": 0.0973,
        "mrr@10": 0.0973,
        "mrr@20": 0.0979
      },
      "test_result": {
        "hit@5": 0.0789,
        "hit@10": 0.0877,
        "hit@20": 0.0965,
        "ndcg@5": 0.0789,
        "ndcg@10": 0.0821,
        "ndcg@20": 0.0845,
        "mrr@5": 0.0789,
        "mrr@10": 0.0804,
        "mrr@20": 0.0812
      },
      "best_hr@10": 0.0973,
      "test_mrr@20": 0.0812,
      "test_hr@10": 0.0877,
      "epochs_run": 15,
      "early_stop_epoch": 15,
      "early_stopped": true,
      "elapsed": 3.8,
      "status": "ok"
    },
    {
      "trial": 2,
      "params": {
        "MAX_ITEM_LIST_LENGTH": 10,
        "fusion_type": "gate",
        "learning_rate": 0.0018159937443171035
      },
      "mrr@20": 0.1035,
      "valid_result": {
        "hit@5": 0.115,
        "hit@10": 0.115,
        "hit@20": 0.115,
        "ndcg@5": 0.1064,
        "ndcg@10": 0.1064,
        "ndcg@20": 0.1064,
        "mrr@5": 0.1035,
        "mrr@10": 0.1035,
        "mrr@20": 0.1035
      },
      "test_result": {
        "hit@5": 0.0789,
        "hit@10": 0.0789,
        "hit@20": 0.0789,
        "ndcg@5": 0.0789,
        "ndcg@10": 0.0789,
        "ndcg@20": 0.0789,
        "mrr@5": 0.0789,
        "mrr@10": 0.0789,
        "mrr@20": 0.0789
      },
      "best_hr@10": 0.115,
      "test_mrr@20": 0.0789,
      "test_hr@10": 0.0789,
      "epochs_run": 12,
      "early_stop_epoch": 12,
      "early_stopped": true,
      "elapsed": 1.9,
      "status": "ok"
    },
    {
      "trial": 3,
      "params": {
        "MAX_ITEM_LIST_LENGTH": 5,
        "fusion_type": "gate",
        "learning_rate": 0.002329188632592011
      },
      "mrr@20": 0.0986,
      "valid_result": {
        "hit@5": 0.0973,
        "hit@10": 0.0973,
        "hit@20": 0.115,
        "ndcg@5": 0.0973,
        "ndcg@10": 0.0973,
        "ndcg@20": 0.1018,
        "mrr@5": 0.0973,
        "mrr@10": 0.0973,
        "mrr@20": 0.0986
      },
      "test_result": {
        "hit@5": 0.0789,
        "hit@10": 0.0877,
        "hit@20": 0.0877,
        "ndcg@5": 0.0789,
        "ndcg@10": 0.0819,
        "ndcg@20": 0.0819,
        "mrr@5": 0.0789,
        "mrr@10": 0.0802,
        "mrr@20": 0.0802
      },
      "best_hr@10": 0.0973,
      "test_mrr@20": 0.0802,
      "test_hr@10": 0.0877,
      "epochs_run": 13,
      "early_stop_epoch": 13,
      "early_stopped": true,
      "elapsed": 2.0,
      "status": "ok"
    },
    {
      "trial": 4,
      "params": {
        "MAX_ITEM_LIST_LENGTH": 50,
        "fusion_type": "gate",
        "learning_rate": 0.002544740865470426
      },
      "mrr@20": 0.0987,
      "valid_result": {
        "hit@5": 0.0973,
        "hit@10": 0.1062,
        "hit@20": 0.115,
        "ndcg@5": 0.0973,
        "ndcg@10": 0.0999,
        "ndcg@20": 0.1019,
        "mrr@5": 0.0973,
        "mrr@10": 0.0982,
        "mrr@20": 0.0987
      },
      "test_result": {
        "hit@5": 0.0789,
        "hit@10": 0.0789,
        "hit@20": 0.0789,
        "ndcg@5": 0.0789,
        "ndcg@10": 0.0789,
        "ndcg@20": 0.0789,
        "mrr@5": 0.0789,
        "mrr@10": 0.0789,
        "mrr@20": 0.0789
      },
      "best_hr@10": 0.1062,
      "test_mrr@20": 0.0789,
      "test_hr@10": 0.0789,
      "epochs_run": 11,
      "early_stop_epoch": 11,
      "early_stopped": true,
      "elapsed": 2.4,
      "status": "ok"
    },
    {
      "trial": 5,
      "params": {
        "MAX_ITEM_LIST_LENGTH": 10,
        "fusion_type": "sum",
        "learning_rate": 0.0018996402174247821
      },
      "mrr@20": 0.1011,
      "valid_result": {
        "hit@5": 0.1062,
        "hit@10": 0.115,
        "hit@20": 0.1239,
        "ndcg@5": 0.1008,
        "ndcg@10": 0.1037,
        "ndcg@20": 0.1061,
        "mrr@5": 0.0991,
        "mrr@10": 0.1004,
        "mrr@20": 0.1011
      },
      "test_result": {
        "hit@5": 0.0789,
        "hit@10": 0.0789,
        "hit@20": 0.0789,
        "ndcg@5": 0.0789,
        "ndcg@10": 0.0789,
        "ndcg@20": 0.0789,
        "mrr@5": 0.0789,
        "mrr@10": 0.0789,
        "mrr@20": 0.0789
      },
      "best_hr@10": 0.115,
      "test_mrr@20": 0.0789,
      "test_hr@10": 0.0789,
      "epochs_run": 12,
      "early_stop_epoch": 12,
      "early_stopped": true,
      "elapsed": 1.7,
      "status": "ok"
    },
    {
      "trial": 6,
      "params": {
        "MAX_ITEM_LIST_LENGTH": 50,
        "fusion_type": "sum",
        "learning_rate": 0.003634677705591968
      },
      "mrr@20": 0.0979,
      "valid_result": {
        "hit@5": 0.0973,
        "hit@10": 0.0973,
        "hit@20": 0.1062,
        "ndcg@5": 0.0973,
        "ndcg@10": 0.0973,
        "ndcg@20": 0.0996,
        "mrr@5": 0.0973,
        "mrr@10": 0.0973,
        "mrr@20": 0.0979
      },
      "test_result": {
        "hit@5": 0.0877,
        "hit@10": 0.0877,
        "hit@20": 0.0965,
        "ndcg@5": 0.0833,
        "ndcg@10": 0.0833,
        "ndcg@20": 0.0855,
        "mrr@5": 0.0819,
        "mrr@10": 0.0819,
        "mrr@20": 0.0824
      },
      "best_hr@10": 0.0973,
      "test_mrr@20": 0.0824,
      "test_hr@10": 0.0877,
      "epochs_run": 12,
      "early_stop_epoch": 12,
      "early_stopped": true,
      "elapsed": 2.7,
      "status": "ok"
    },
    {
      "trial": 7,
      "params": {
        "MAX_ITEM_LIST_LENGTH": 50,
        "fusion_type": "gate",
        "learning_rate": 0.0029301078642343685
      },
      "mrr@20": 0.0982,
      "valid_result": {
        "hit@5": 0.0973,
        "hit@10": 0.1062,
        "hit@20": 0.1062,
        "ndcg@5": 0.0973,
        "ndcg@10": 0.0999,
        "ndcg@20": 0.0999,
        "mrr@5": 0.0973,
        "mrr@10": 0.0982,
        "mrr@20": 0.0982
      },
      "test_result": {
        "hit@5": 0.0789,
        "hit@10": 0.0789,
        "hit@20": 0.0789,
        "ndcg@5": 0.0789,
        "ndcg@10": 0.0789,
        "ndcg@20": 0.0789,
        "mrr@5": 0.0789,
        "mrr@10": 0.0789,
        "mrr@20": 0.0789
      },
      "best_hr@10": 0.1062,
      "test_mrr@20": 0.0789,
      "test_hr@10": 0.0789,
      "epochs_run": 11,
      "early_stop_epoch": 11,
      "early_stopped": true,
      "elapsed": 2.7,
      "status": "ok"
    },
    {
      "trial": 8,
      "params": {
        "MAX_ITEM_LIST_LENGTH": 10,
        "fusion_type": "sum",
        "learning_rate": 0.001260156568055193
      },
      "mrr@20": 0.1015,
      "valid_result": {
        "hit@5": 0.1062,
        "hit@10": 0.115,
        "hit@20": 0.1239,
        "ndcg@5": 0.1012,
        "ndcg@10": 0.1041,
        "ndcg@20": 0.1064,
        "mrr@5": 0.0996,
        "mrr@10": 0.1008,
        "mrr@20": 0.1015
      },
      "test_result": {
        "hit@5": 0.0789,
        "hit@10": 0.0789,
        "hit@20": 0.0789,
        "ndcg@5": 0.0789,
        "ndcg@10": 0.0789,
        "ndcg@20": 0.0789,
        "mrr@5": 0.0789,
        "mrr@10": 0.0789,
        "mrr@20": 0.0789
      },
      "best_hr@10": 0.115,
      "test_mrr@20": 0.0789,
      "test_hr@10": 0.0789,
      "epochs_run": 14,
      "early_stop_epoch": 14,
      "early_stopped": true,
      "elapsed": 2.3,
      "status": "ok"
    }
  ],
  "run_group": "baseline",
  "run_axis": "stagee_relrseed_anchor2_core5",
  "run_phase": "P20_SC_D01_M03_P01_DIFSR_D1_E4_S2",
  "parent_result": "",
  "interrupted": false,
  "interrupted_at": null,
  "tuned_search": {
    "fusion_type": [
      "sum",
      "gate"
    ],