best_mrr20,epoch,epoch_time_sec,eval,lr,patience_used,train_loss,trial,valid_mrr20
0.0132,1,23.082162618637085,1,0.0007998187552579467,0,673.1730556488037,1,0.0132
0.0164,3,22.07004690170288,1,0.0007983698921263105,0,563.3086280822754,1,0.0164
0.0186,5,21.75394892692566,1,0.000795477999923502,0,525.999171257019,1,0.0186
0.0186,10,22.58284306526184,1,0.0007820256023867403,5,469.84456396102905,1,0.0183
0.0186,15,22.47221803665161,1,0.0007599807615157725,10,430.8548016548157,1,0.017
