{
  "split": "best_valid",
  "feature_mode": "none",
  "stages": [
    {
      "stage": "macro@1",
      "n_eff": 15.85484643561733,
      "cv_usage": 0.09568184218623135,
      "top1_max_frac": 0.10098202705206596,
      "entropy_mean": 2.4571224464980546,
      "route_jitter_adjacent": 0.7519866164784609,
      "route_consistency_knn_js": 0.07651623017680609,
      "route_consistency_knn_score": 0.9263378795392471,
      "route_consistency_group_knn_js": 0.021097340197959547,
      "route_consistency_group_knn_score": 0.9791236518405578,
      "route_consistency_intra_group_knn_mean_js": 0.05586760888867403,
      "route_consistency_intra_group_knn_mean_score": 0.9456652976910676,
      "route_consistency_feature_group_knn_mean_score": 0.9165254187281617,
      "family_top_expert_mean_share": 0.0731615424156189,
      "route_consistency_feature_group_knn_tempo_js": 0.09013977303619511,
      "route_consistency_feature_group_knn_tempo_score": 0.9138034512616826,
      "route_consistency_feature_group_knn_focus_js": 0.0872625410474489,
      "route_consistency_feature_group_knn_focus_score": 0.9164364618577963,
      "route_consistency_feature_group_knn_memory_js": 0.08834762172914941,
      "route_consistency_feature_group_knn_memory_score": 0.9154425936681299,
      "route_consistency_feature_group_knn_exposure_js": 0.08292609517398508,
      "route_consistency_feature_group_knn_exposure_score": 0.9204191681250382
    }
  ]
}
