{
  "split": "best_valid",
  "feature_mode": "none",
  "stages": [
    {
      "stage": "macro@1",
      "n_eff": 3.9151348221170883,
      "cv_usage": 0.14722789559031776,
      "top1_max_frac": 0.8056321386372588,
      "entropy_mean": 1.3665172070581737,
      "route_jitter_adjacent": 0.0,
      "route_consistency_knn_js": 0.00041024344631528044,
      "route_consistency_knn_score": 0.9995898406920212,
      "route_consistency_group_knn_js": 0.00041024344631528044,
      "route_consistency_group_knn_score": 0.9995898406920212,
      "route_consistency_intra_group_knn_mean_js": 0.0,
      "route_consistency_intra_group_knn_mean_score": 1.0,
      "route_consistency_feature_group_knn_mean_score": 0.9989573355762824,
      "family_top_expert_mean_share": 0.3003644049167633,
      "route_consistency_feature_group_knn_tempo_js": 0.0014107249417598376,
      "route_consistency_feature_group_knn_tempo_score": 0.9985902696629113,
      "route_consistency_feature_group_knn_focus_js": 0.0005543955703237659,
      "route_consistency_feature_group_knn_focus_score": 0.999445758078505,
      "route_consistency_feature_group_knn_memory_js": 0.0009392292257412175,
      "route_consistency_feature_group_knn_memory_score": 0.99906121171197,
      "route_consistency_feature_group_knn_exposure_js": 0.0012687016099006533,
      "route_consistency_feature_group_knn_exposure_score": 0.9987321028517436
    }
  ]
}
