{
  "split": "best_valid",
  "feature_mode": "runtime:unknown|ablation:none",
  "stages": [
    {
      "stage": "macro@1",
      "n_eff": 15.836324532394574,
      "cv_usage": 0.10166350613018907,
      "top1_max_frac": 0.10898161860789267,
      "entropy_mean": 2.4447113683138775,
      "route_jitter_adjacent": 0.7078136930516671,
      "route_consistency_knn_js": 0.07186960864547734,
      "route_consistency_knn_score": 0.9306522369058786,
      "route_consistency_group_knn_js": 0.015229012616528098,
      "route_consistency_group_knn_score": 0.9848863623712031,
      "route_consistency_intra_group_knn_mean_js": 0.056779099248187116,
      "route_consistency_intra_group_knn_mean_score": 0.9448052797716174,
      "route_consistency_feature_group_knn_mean_score": 0.9167350366086744,
      "family_top_expert_mean_share": 0.07724452763795853,
      "route_consistency_feature_group_knn_tempo_js": 0.09032383929033762,
      "route_consistency_feature_group_knn_tempo_score": 0.9136352663624434,
      "route_consistency_feature_group_knn_focus_js": 0.0880937046913836,
      "route_consistency_feature_group_knn_focus_score": 0.9156750696533164,
      "route_consistency_feature_group_knn_memory_js": 0.08739010637815865,
      "route_consistency_feature_group_knn_memory_score": 0.9163195637936935,
      "route_consistency_feature_group_knn_exposure_js": 0.08195844100872084,
      "route_consistency_feature_group_knn_exposure_score": 0.9213102466252442
    }
  ]
}
