stage_name,stage_key,split,aggregation_level,node_kind,node_name,route_space,support_size,wrapper_name,source_type,temperature,top_k,entropy_norm,n_eff_norm,top1_monopoly_norm,jitter_adj_norm,knn_consistency_score,knn_consistency_js,n_eff,cv_usage,top1_max_frac,entropy_mean
macro,macro@1,best_valid,session,final,final.expert,expert,12,FlatJointWrapper,,,,0.8427645663089092,0.8194372086665811,0.2119797268374802,0.8862863966198218,0.9734795983066082,0.026878411444843615,9.833246503998973,0.46941427977638606,0.27764808293435683,2.0941912750267084
macro,macro@1,best_valid,session,final,final.group,group,4,FlatJointWrapper,,,,0.8659964799661586,0.8950488330691665,0.24689062108442475,0.0,0.9889383560092891,0.01112327891848843,3.580195332276666,0.34242886304855347,0.43516796581331857,1.2005260369267599
macro,macro@1,best_valid,session,final,final.intra.Exposure,intra,3,FlatJointWrapper,,,,0.765543205666723,0.8012599922191335,0.6513077197008664,0.0,0.9850414970946515,0.015071509667347757,2.4037799766574004,0.4980306773204015,0.7675384798005777,0.84103517325184
macro,macro@1,best_valid,session,final,final.intra.Focus,intra,3,FlatJointWrapper,,,,0.8800249866352682,0.9363682951351112,0.34143156728524504,0.0,0.989459902320817,0.010596037933096677,2.8091048854053335,0.2606833275948963,0.5609543781901634,0.9668062646524948
macro,macro@1,best_valid,session,final,final.intra.Memory,intra,3,FlatJointWrapper,,,,0.8566354080048295,0.9557388166981263,0.25026708344873977,0.0,0.9867457341158922,0.013342887614583519,2.867216450094379,0.2151994119525131,0.5001780556324932,0.9411101861423258
macro,macro@1,best_valid,session,final,final.intra.Tempo,intra,3,FlatJointWrapper,,,,0.8333211329261759,0.9986289192533171,0.03410754560202594,0.0,0.9863662237199748,0.013727569689100624,2.9958867577599513,0.03705345635701846,0.3560716970680173,0.9154968370395283
