stage_name,stage_key,split,aggregation_level,node_kind,node_name,route_space,support_size,wrapper_name,source_type,temperature,top_k,entropy_norm,n_eff_norm,top1_monopoly_norm,jitter_adj_norm,knn_consistency_score,knn_consistency_js,n_eff,cv_usage,top1_max_frac,entropy_mean
macro,macro@1,best_valid,session,final,final.expert,expert,8,FlatJointWrapper,,,,0.9143156133371078,0.9936008122583544,0.07259257762987129,0.739935196435804,0.9765514684909797,0.023727822946356083,7.948806498066835,0.08025140103681075,0.18851850542613738,1.90126586857966
macro,macro@1,best_valid,session,final,final.group,group,4,FlatJointWrapper,,,,0.9476718259727493,0.9982221794889492,0.049948743327795274,0.0,0.990743759628795,0.00929934556499459,3.992888717955797,0.042201749980449677,0.28746155749584645,1.3137521085382127
macro,macro@1,best_valid,session,final,final.intra.Exposure,intra,2,FlatJointWrapper,,,,0.8562475989858725,0.9959229243819475,0.1883771077097105,0.0,0.9872518973574678,0.01283005695602701,1.991845848763895,0.06398287415504456,0.5941885538548553,0.5935056090982802
macro,macro@1,best_valid,session,final,final.intra.Focus,intra,2,FlatJointWrapper,,,,0.8722152174308696,0.9999887944523479,0.03446569337905192,0.0,0.9876924161777322,0.012383949362459895,1.9999775889046958,0.0033515989780426025,0.517232846689526,0.6045735188036869
macro,macro@1,best_valid,session,final,final.intra.Memory,intra,2,FlatJointWrapper,,,,0.9082894463692845,0.9904259857229839,0.23157411007812234,0.0,0.9924187763468822,0.007610107203528894,1.9808519714459678,0.09831869602203369,0.6157870550390612,0.6295782688832232
macro,macro@1,best_valid,session,final,final.intra.Tempo,intra,2,FlatJointWrapper,,,,0.8283112827287002,0.9904563904306745,0.1849128636572519,0.0,0.9857726346795501,0.01432954460158882,1.980912780861349,0.09816122055053711,0.592456431828626,0.5741416302493902
