best_mrr20,epoch,epoch_time_sec,eval,lr,patience_used,train_loss,trial,valid_mrr20
0.2715,1,60.54389405250549,1,0.0007027447529322896,0,2168.225570678711,1,0.2715
0.3514,3,60.202340602874756,1,0.0007014717383189401,0,1141.2347655296326,1,0.3514
0.3728,6,60.42767834663391,1,0.0006971879240593354,0,811.970451593399,1,0.3728
0.3728,10,60.475911378860474,1,0.0006871111550250616,4,664.751752614975,1,0.3629
0.3728,16,60.38764405250549,1,0.000663001700142937,10,481.00229251384735,1,0.3368
