{
  "split": "best_valid",
  "feature_mode": "runtime:unknown|ablation:none",
  "stages": [
    {
      "stage": "macro@1",
      "n_eff": 11.854584830785347,
      "cv_usage": 0.5913448929786682,
      "top1_max_frac": 0.21746527915166383,
      "entropy_mean": 1.9206014849097852,
      "route_jitter_adjacent": 0.8852300909341416,
      "route_consistency_knn_js": 0.08469728620844795,
      "route_consistency_knn_score": 0.9187903728261329,
      "route_consistency_group_knn_js": 0.02204918677413692,
      "route_consistency_group_knn_score": 0.9781921197530448,
      "route_consistency_intra_group_knn_mean_js": 0.09219096735158148,
      "route_consistency_intra_group_knn_mean_score": 0.9127445619724563,
      "route_consistency_feature_group_knn_mean_score": 0.9016439404093558,
      "family_top_expert_mean_share": 0.12645487487316132,
      "route_consistency_feature_group_knn_tempo_js": 0.10276415471384681,
      "route_consistency_feature_group_knn_tempo_score": 0.9023397609672001,
      "route_consistency_feature_group_knn_focus_js": 0.10263120831677354,
      "route_consistency_feature_group_knn_focus_score": 0.9024597317620224,
      "route_consistency_feature_group_knn_memory_js": 0.10652027637081576,
      "route_consistency_feature_group_knn_memory_score": 0.8989568203945979,
      "route_consistency_feature_group_knn_exposure_js": 0.10223269183215293,
      "route_consistency_feature_group_knn_exposure_score": 0.9028194485136029
    }
  ]
}
