stage_name,stage_key,split,aggregation_level,node_kind,node_name,route_space,support_size,wrapper_name,source_type,temperature,top_k,entropy_norm,n_eff_norm,top1_monopoly_norm,jitter_adj_norm,knn_consistency_score,knn_consistency_js,n_eff,cv_usage,top1_max_frac,entropy_mean
macro,macro@1,best_valid,session,final,final.expert,expert,12,GroupConditionalProductWrapper,,,,0.610449656970046,0.6813097026641436,0.3903775854995367,0.0,0.9815585921565592,0.01861357050479174,8.175716431969724,0.683930778982318,0.4411794533745753,1.5169104119656711
macro,macro@1,best_valid,session,final,final.group,group,4,GroupConditionalProductWrapper,,,,0.5727928179372777,0.943811825573084,0.13777191825972315,0.0,0.9949439553493127,0.005068869692026633,3.775247302292336,0.24399444389277028,0.35332893869479237,0.79405945359642
macro,macro@1,best_valid,session,final,final.intra.Exposure,intra,3,GroupConditionalProductWrapper,,,,0.360665933470849,0.45897233540676624,0.9418893565235029,0.0,0.9878138644358703,0.012260995303054486,1.3769170062202987,1.0857166026319085,0.9612595710156686,0.39623202661502965
macro,macro@1,best_valid,session,final,final.intra.Focus,intra,3,GroupConditionalProductWrapper,,,,0.9468647833652528,0.9881810020127664,0.37397951422341674,0.0,0.9987083000410756,0.0012925349224087053,2.964543006038299,0.10936307953706147,0.5826530094822778,1.0402372867121343
macro,macro@1,best_valid,session,final,final.intra.Memory,intra,3,GroupConditionalProductWrapper,,,,0.6598409357489783,0.8658579924471029,0.35256832817808426,0.0,0.9878834204717319,0.012190583670238378,2.597573977341309,0.39360343236912987,0.5683788854520562,0.7249093605800923
macro,macro@1,best_valid,session,final,final.intra.Tempo,intra,3,GroupConditionalProductWrapper,,,,0.41977289774416937,0.8677846705176218,0.3598321586126464,0.0,0.9795301820419159,0.020682228349032276,2.6033540115528653,0.39033261268339714,0.5732214390750976,0.46116766391156633
