stage_name,stage_key,split,aggregation_level,node_kind,node_name,route_space,support_size,wrapper_name,source_type,temperature,top_k,entropy_norm,n_eff_norm,top1_monopoly_norm,jitter_adj_norm,knn_consistency_score,knn_consistency_js,n_eff,cv_usage,top1_max_frac,entropy_mean
macro,macro@1,best_valid,session,final,final.expert,expert,12,ScalarGroupConditionalProductWrapper,,,,0.7434427205818257,0.5121837534242326,0.7984543201653427,0.0,0.9630917693290123,0.03760657647092808,6.146205041090791,0.9759224319342422,0.8152497934848975,1.847385760110261
macro,macro@1,best_valid,session,final,final.group,group,4,ScalarGroupConditionalProductWrapper,,,,0.8926721966559261,0.8870554073359707,0.5726993020388128,0.0,0.9948691712215096,0.005144036678151765,3.5482216293438826,0.3568268120288849,0.6795244765291096,1.2375064325526164
macro,macro@1,best_valid,session,final,final.intra.Exposure,intra,3,ScalarGroupConditionalProductWrapper,,,,0.25680211727689833,0.4391962861179451,0.8806163128973171,0.0,0.9691166968220075,0.03137024418562949,1.3175888583538353,1.1299940723177238,0.9204108752648781,0.2821259617963896
macro,macro@1,best_valid,session,final,final.intra.Focus,intra,3,ScalarGroupConditionalProductWrapper,,,,0.7677571066509656,0.9795804738032596,0.2809503286283806,0.0,0.9828425640852887,0.01730633027283046,2.938741421409779,0.1443783001786977,0.5206335524189204,0.8434673920790234
macro,macro@1,best_valid,session,final,final.intra.Memory,intra,3,ScalarGroupConditionalProductWrapper,,,,0.6733696489858998,0.7923055217699396,0.6938368710268289,0.0,0.9426132756749965,0.059099180489207856,2.376916565309819,0.5119954195023948,0.7958912473512193,0.7397721711920411
macro,macro@1,best_valid,session,final,final.intra.Tempo,intra,3,ScalarGroupConditionalProductWrapper,,,,0.813510965336874,0.9843373450856197,0.08409654132097837,0.0,0.9784321696595153,0.021803815285114943,2.953012035256859,0.12614266570977373,0.38939769421398557,0.8937331434853464
