{
  "split": "best_valid",
  "feature_mode": "none",
  "stages": [
    {
      "stage": "macro@1",
      "n_eff": 7.1223880685722145,
      "cv_usage": 0.3510253131389618,
      "top1_max_frac": 0.39274347549331634,
      "entropy_mean": 1.5840715928426283,
      "route_jitter_adjacent": 0.0,
      "route_consistency_knn_js": 0.014276486083872024,
      "route_consistency_knn_score": 0.9858249397019532,
      "route_consistency_group_knn_js": 0.001364149478959752,
      "route_consistency_group_knn_score": 0.9986367805499932,
      "route_consistency_intra_group_knn_mean_js": 0.011341296331815548,
      "route_consistency_intra_group_knn_mean_score": 0.9888584094685677,
      "route_consistency_feature_group_knn_mean_score": 0.9671752408425018,
      "family_top_expert_mean_share": 0.1757591962814331,
      "route_consistency_feature_group_knn_tempo_js": 0.03200330879081519,
      "route_consistency_feature_group_knn_tempo_score": 0.968503377498816,
      "route_consistency_feature_group_knn_focus_js": 0.01379751072904233,
      "route_consistency_feature_group_knn_focus_score": 0.9862972386529962,
      "route_consistency_feature_group_knn_memory_js": 0.03609533963859548,
      "route_consistency_feature_group_knn_memory_score": 0.9645483294101481,
      "route_consistency_feature_group_knn_exposure_js": 0.05197561363223726,
      "route_consistency_feature_group_knn_exposure_score": 0.949352017808047
    }
  ]
}
