best_mrr20,epoch,epoch_time_sec,eval,lr,patience_used,train_loss,trial,valid_mrr20
0.2823,1,46.26189470291138,1,0.00056966,0,2216.5062713623047,1,0.2823
0.3489,3,47.61093306541443,1,0.00056966,0,1229.1747226715088,1,0.3489
0.3724,6,47.02117443084717,1,0.00056966,0,842.2937049865723,1,0.3724
0.3724,10,45.37339115142822,1,0.00056966,4,698.1680166721344,1,0.3644
0.3724,16,45.026153564453125,1,0.00056966,10,537.214861869812,1,0.3445
