best_mrr20,epoch,epoch_time_sec,eval,lr,patience_used,train_loss,trial,valid_mrr20
0.0129,1,7.450429439544678,1,0.00040766976018472457,0,422.4769983291626,1,0.0129
0.0548,3,6.560482501983643,1,0.00040693127076880166,0,370.8244581222534,1,0.0548
0.1863,10,6.089402198791504,1,0.00039860054254479125,0,229.822114944458,1,0.1863
0.2011,17,6.201711177825928,1,0.0003817030967429247,0,167.16371750831604,1,0.2011
0.2011,27,6.617779970169067,1,0.00034443151436565903,10,116.53435468673706,1,0.1978
