stage_name,stage_key,split,aggregation_level,node_kind,node_name,route_space,support_size,wrapper_name,source_type,temperature,top_k,entropy_norm,n_eff_norm,top1_monopoly_norm,jitter_adj_norm,knn_consistency_score,knn_consistency_js,n_eff,cv_usage,top1_max_frac,entropy_mean
macro,macro@1,best_valid,session,final,final.expert,expert,12,ScalarGroupConditionalProductWrapper,,,,0.8053008857928502,0.7229854618747615,0.14081988936331322,0.0,0.965601390891487,0.035004168757136314,8.675825542497138,0.6189944325379182,0.21241823191637044,2.0010975261868205
macro,macro@1,best_valid,session,final,final.group,group,4,ScalarGroupConditionalProductWrapper,,,,0.9691555085190316,0.9835926176804726,0.30751810641594624,0.0,0.9963853085525539,0.0036212402305592427,3.9343704707218903,0.12915495038032532,0.4806385798119597,1.3435348165082137
macro,macro@1,best_valid,session,final,final.intra.Exposure,intra,3,ScalarGroupConditionalProductWrapper,,,,0.627997456979306,0.6633000382903866,0.908850934943104,0.0,0.9998908524960429,0.00010915346097932918,1.98990011487116,0.7124698396781135,0.9392339566287361,0.6899257234897882
macro,macro@1,best_valid,session,final,final.intra.Focus,intra,3,ScalarGroupConditionalProductWrapper,,,,0.5872951095073966,0.7618615830169131,0.4921334370990472,0.0,0.9552288329723371,0.04580435152681843,2.2855847490507393,0.559083474901811,0.6614222913993648,0.6452096243795091
macro,macro@1,best_valid,session,final,final.intra.Memory,intra,3,ScalarGroupConditionalProductWrapper,,,,0.6010711721558261,0.8050210170302194,0.23367267526239405,0.0,0.9408564510337933,0.06096470041320071,2.4150630510906583,0.4921418430762934,0.48911511684159603,0.6603441760945354
macro,macro@1,best_valid,session,final,final.intra.Tempo,intra,3,ScalarGroupConditionalProductWrapper,,,,0.5880967566898003,0.6631568071140153,0.4537050669919862,0.0,0.9919437863229158,0.008088840316089864,1.9894704213420458,0.7126982744724073,0.6358033779946575,0.646090323825274
