best_mrr20,epoch,epoch_time_sec,eval,lr,patience_used,train_loss,trial,valid_mrr20
0.0114,1,17.924505710601807,1,0.0005476,0,695.3002691268921,1,0.0114
0.0165,3,18.673428773880005,1,0.0005476,0,600.7448077201843,1,0.0165
0.0184,10,18.46049690246582,1,0.0005476,1,513.311704158783,1,0.0177
0.0188,14,16.254469633102417,1,0.0005476,0,490.22784328460693,1,0.0188
0.0188,24,16.49554467201233,1,0.0005476,10,447.26327085494995,1,0.0174
