stage_name,stage_key,split,aggregation_level,node_kind,node_name,route_space,support_size,wrapper_name,source_type,temperature,top_k,entropy_norm,n_eff_norm,top1_monopoly_norm,jitter_adj_norm,knn_consistency_score,knn_consistency_js,n_eff,cv_usage,top1_max_frac,entropy_mean
micro,micro@1,best_valid,token,final,final.expert,expert,12,FlatJointWrapper,,,,0.6542757102418284,0.5856708637750321,0.24734162802745047,0.545221185933088,0.9954542010139166,0.00455616254933769,7.028050365300385,0.8410964797620202,0.3100631590251629,1.6258140631746862
micro,micro@1,best_valid,token,final,final.group,group,4,FlatJointWrapper,,,,0.8013862597182647,0.8676029231589959,0.19341994673730575,0.0,0.9984519235487977,0.0015492759596653285,3.4704116926359836,0.39064186811447144,0.3950649600529793,1.1109572529263905
micro,micro@1,best_valid,token,final,final.intra.Exposure,intra,3,FlatJointWrapper,,,,0.531186676771064,0.826465694787641,0.4250615817275101,0.0,0.9979121328410597,0.002090049792138291,2.479397084362923,0.4582267825738658,0.6167077211516734,0.5835682106774661
micro,micro@1,best_valid,token,final,final.intra.Focus,intra,3,FlatJointWrapper,,,,0.5504000514268717,0.8490768716932919,0.3142044043519992,0.0,0.9963135831045146,0.003693228475617857,2.547230615079876,0.4216036819933748,0.5428029362346661,0.6046762601811208
micro,micro@1,best_valid,token,final,final.intra.Memory,intra,3,FlatJointWrapper,,,,0.8106393354980717,0.8687498114828895,0.6834430729785421,0.0,0.9990058522732967,0.0009946422193141044,2.6062494344486686,0.388689357379396,0.7889620486523614,0.8905783356559321
micro,micro@1,best_valid,token,final,final.intra.Tempo,intra,3,FlatJointWrapper,,,,0.22325844977225884,0.5137613038204124,0.7265167227110727,0.0,0.9987032386357195,0.0012976028868797603,1.541283911461237,0.9728458531842872,0.8176778151407151,0.24527447646879552
