{
  "model": "FAME",
  "dataset": "amazon_beauty",
  "dataset_raw": "amazon_beauty",
  "max_evals": 5,
  "tune_epochs": 36,
  "n_completed": 5,
  "n_recorded_trials": 5,
  "timestamp": "2026-03-30T11:40:56.023161",
  "trials": [
    {
      "trial": 1,
      "params": {
        "MAX_ITEM_LIST_LENGTH": 10,
        "learning_rate": 0.0024810949971050614
      },
      "mrr@20": 0.0044,
      "valid_result": {
        "hit@5": 0.0088,
        "hit@10": 0.0088,
        "hit@20": 0.0088,
        "ndcg@5": 0.0056,
        "ndcg@10": 0.0056,
        "ndcg@20": 0.0056,
        "mrr@5": 0.0044,
        "mrr@10": 0.0044,
        "mrr@20": 0.0044
      },
      "test_result": {
        "hit@5": 0.0,
        "hit@10": 0.0,
        "hit@20": 0.0,
        "ndcg@5": 0.0,
        "ndcg@10": 0.0,
        "ndcg@20": 0.0,
        "mrr@5": 0.0,
        "mrr@10": 0.0,
        "mrr@20": 0.0
      },
      "best_hr@10": 0.0088,
      "test_mrr@20": 0.0,
      "test_hr@10": 0.0,
      "epochs_run": 6,
      "early_stop_epoch": 6,
      "early_stopped": true,
      "elapsed": 3.7,
      "status": "ok"
    },
    {
      "trial": 2,
      "params": {
        "MAX_ITEM_LIST_LENGTH": 10,
        "learning_rate": 0.006122061484316664
      },
      "mrr@20": 0.0097,
      "valid_result": {
        "hit@5": 0.0088,
        "hit@10": 0.0177,
        "hit@20": 0.0177,
        "ndcg@5": 0.0088,
        "ndcg@10": 0.0114,
        "ndcg@20": 0.0114,
        "mrr@5": 0.0088,
        "mrr@10": 0.0097,
        "mrr@20": 0.0097
      },
      "test_result": {
        "hit@5": 0.0,
        "hit@10": 0.0,
        "hit@20": 0.0088,
        "ndcg@5": 0.0,
        "ndcg@10": 0.0,
        "ndcg@20": 0.0022,
        "mrr@5": 0.0,
        "mrr@10": 0.0,
        "mrr@20": 0.0006
      },
      "best_hr@10": 0.0177,
      "test_mrr@20": 0.0006,
      "test_hr@10": 0.0,
      "epochs_run": 14,
      "early_stop_epoch": 14,
      "early_stopped": true,
      "elapsed": 6.8,
      "status": "ok"
    },
    {
      "trial": 3,
      "params": {
        "MAX_ITEM_LIST_LENGTH": 10,
        "learning_rate": 0.002988073520399485
      },
      "mrr@20": 0.0044,
      "valid_result": {
        "hit@5": 0.0088,
        "hit@10": 0.0088,
        "hit@20": 0.0088,
        "ndcg@5": 0.0056,
        "ndcg@10": 0.0056,
        "ndcg@20": 0.0056,
        "mrr@5": 0.0044,
        "mrr@10": 0.0044,
        "mrr@20": 0.0044
      },
      "test_result": {
        "hit@5": 0.0,
        "hit@10": 0.0,
        "hit@20": 0.0,
        "ndcg@5": 0.0,
        "ndcg@10": 0.0,
        "ndcg@20": 0.0,
        "mrr@5": 0.0,
        "mrr@10": 0.0,
        "mrr@20": 0.0
      },
      "best_hr@10": 0.0088,
      "test_mrr@20": 0.0,
      "test_hr@10": 0.0,
      "epochs_run": 6,
      "early_stop_epoch": 6,
      "early_stopped": true,
      "elapsed": 3.0,
      "status": "ok"
    },
    {
      "trial": 4,
      "params": {
        "MAX_ITEM_LIST_LENGTH": 10,
        "learning_rate": 0.00568216565823686
      },
      "mrr@20": 0.0093,
      "valid_result": {
        "hit@5": 0.0088,
        "hit@10": 0.0088,
        "hit@20": 0.0177,
        "ndcg@5": 0.0088,
        "ndcg@10": 0.0088,
        "ndcg@20": 0.0109,
        "mrr@5": 0.0088,
        "mrr@10": 0.0088,
        "mrr@20": 0.0093
      },
      "test_result": {
        "hit@5": 0.0,
        "hit@10": 0.0,
        "hit@20": 0.0088,
        "ndcg@5": 0.0,
        "ndcg@10": 0.0,
        "ndcg@20": 0.0022,
        "mrr@5": 0.0,
        "mrr@10": 0.0,
        "mrr@20": 0.0006
      },
      "best_hr@10": 0.0088,
      "test_mrr@20": 0.0006,
      "test_hr@10": 0.0,
      "epochs_run": 14,
      "early_stop_epoch": 14,
      "early_stopped": true,
      "elapsed": 6.9,
      "status": "ok"
    },
    {
      "trial": 5,
      "params": {
        "MAX_ITEM_LIST_LENGTH": 5,
        "learning_rate": 0.004448928044251144
      },
      "mrr@20": 0.0049,
      "valid_result": {
        "hit@5": 0.0088,
        "hit@10": 0.0088,
        "hit@20": 0.0177,
        "ndcg@5": 0.0056,
        "ndcg@10": 0.0056,
        "ndcg@20": 0.0076,
        "mrr@5": 0.0044,
        "mrr@10": 0.0044,
        "mrr@20": 0.0049
      },
      "test_result": {
        "hit@5": 0.0,
        "hit@10": 0.0088,
        "hit@20": 0.0175,
        "ndcg@5": 0.0,
        "ndcg@10": 0.0025,
        "ndcg@20": 0.0048,
        "mrr@5": 0.0,
        "mrr@10": 0.0009,
        "mrr@20": 0.0016
      },
      "best_hr@10": 0.0088,
      "test_mrr@20": 0.0016,
      "test_hr@10": 0.0088,
      "epochs_run": 19,
      "early_stop_epoch": 19,
      "early_stopped": true,
      "elapsed": 9.0,
      "status": "ok"
    }
  ],
  "run_group": "baseline",
  "run_axis": "stagec_focus_anchor2_core5",
  "run_phase": "P18_SC_D01_M05_P02_FAME_B2_C1_S1",
  "parent_result": "",
  "interrupted": false,
  "interrupted_at": null,
  "tuned_search": {
    "learning_rate": [
      0.001662494117647059,
      0.007507200000000001
    ],
    "MAX_ITEM_LIST_LENGTH": [
      5,
      10,
      30,
      50
    ]
  },
  "fixed_search": {
    "num_heads": 4,
    "num_experts": 2,
    "num_layers": 1,
    "weight_decay": 0.000405,
    "hidden_dropout_prob": 0.23,
    "hidden_size": 128,
    "embedding_size": 128,
    "n_layers": 1,
    "dropout_ratio": 0.23,
    "dropout_prob": 0.23,
    "attn_dropout_prob": 0.23,
    "inner_size": 256,
    "n_heads": 4
  },
  "context_fixed": {
    "num_layers": 1,
    "search_space_type_overrides": {
      "learning_rate": "loguniform",
      "weight_decay": "choice",
      "hidden_size": "choice",
      "embedding_size": "choice",
      "n_layers": "choice",
      "num_layers": "choice",
      "dropout_ratio": "choice",
      "dropout_prob": "choice",
      "hidden_dropout_prob": "choice",
      "attn_dropout_prob": "choice",
      "inner_size": "choice",
      "n_heads": "choice",
      "num_heads": "choice",
      "num_experts": "choice"
    }
  },
  "best_params": {
    "MAX_ITEM_LIST_LENGTH": 10,
    "learning_rate": 0.006122061484316664
  },
  "best_mrr@20": 0.0097,
  "best_hr@10": 0.0177,
  "test_mrr@20": 0.0006,
  "test_hr@10": 0.0,
  "best_valid_result": {
    "hit@5": 0.0088,
    "hit@10": 0.0177,
    "hit@20": 0.0177,
    "ndcg@5": 0.0088,
    "ndcg@10": 0.0114,
    "ndcg@20": 0.0114,
    "mrr@5": 0.0088,
    "mrr@10": 0.0097,
    "mrr@20": 0.0097
  },
  "test_result": {
    "hit@5": 0.0,
    "hit@10": 0.0,
    "hit@20": 0.0088,
    "ndcg@5": 0.0,
    "ndcg@10": 0.0,
    "ndcg@20": 0.0022,
    "mrr@5": 0.0,
    "mrr@10": 0.0,
    "mrr@20": 0.0006
  },
  "best_valid_special_metrics": {
    "split": "best_valid",
    "overall": {
      "count": 113,
      "hit@20": 0.017699115044247787,
      "ndcg@20": 0.0114076533148774,
      "mrr@20": 0.009734513287523151
    },
    "slices": {
      "target_popularity_abs": {
        "rare_1_5": {
          "count": 113,
          "hit@20": 0.017699115044247787,
          "ndcg@20": 0.0114076533148774,
          "mrr@20": 0.009734513287523151
        }
      },
      "target_popularity_abs_legacy": {
        "<=5": {
          "count": 113,
          "hit@20": 0.017699115044247787,
          "ndcg@20": 0.0114076533148774,
          "mrr@20": 0.009734513287523151
        }
      },
      "session_len": {
        "<=7": {
          "count": 73,
          "hit@20": 0.0,
          "ndcg@20": 0.0,
          "mrr@20": 0.0
        },
        "8-12": {
          "count": 40,
          "hit@20": 0.05,
          "ndcg@20": 0.032226620614528655,
          "mrr@20": 0.027500000037252902
        }
      },
      "session_len_legacy": {
        "3-5": {
          "count": 38,
          "hit@20": 0.0,
          "ndcg@20": 0.0,
          "mrr@20": 0.0
        },
        "6-10": {
          "count": 75,
          "hit@20": 0.02666666666666667,
          "ndcg@20": 0.017187530994415282,
          "mrr@20": 0.014666666686534881
        }
      }
    },
    "counts": {
      "target_popularity_abs": {
        "rare_1_5": 113
      },