best_mrr20,epoch,eval,lr,patience_used,train_loss,trial,valid_mrr20
0.0148,1,1,0.00016,0,223.12395477294922,1,0.0148
0.0148,3,1,0.00016,2,215.48528003692627,1,0.0119
0.0148,6,1,0.00016,5,205.43681621551514,1,0.0138
