{
  "model": "TiSASRec",
  "dataset": "retail_rocket",
  "dataset_raw": "retail_rocket",
  "max_evals": 5,
  "tune_epochs": 34,
  "n_completed": 5,
  "n_recorded_trials": 5,
  "timestamp": "2026-04-12T02:44:26.656049",
  "trials": [
    {
      "trial": 1,
      "params": {
        "learning_rate": 0.0009454615433179759
      },
      "mrr@20": 0.257,
      "valid_result": {
        "hit@5": 0.35,
        "hit@10": 0.4164,
        "hit@20": 0.4807,
        "ndcg@5": 0.2701,
        "ndcg@10": 0.2916,
        "ndcg@20": 0.308,
        "mrr@5": 0.2435,
        "mrr@10": 0.2525,
        "mrr@20": 0.257
      },
      "test_result": {
        "hit@5": 0.353,
        "hit@10": 0.4217,
        "hit@20": 0.4883,
        "ndcg@5": 0.2724,
        "ndcg@10": 0.2946,
        "ndcg@20": 0.3115,
        "mrr@5": 0.2456,
        "mrr@10": 0.2548,
        "mrr@20": 0.2595
      },
      "best_hr@10": 0.4164,
      "test_mrr@20": 0.2595,
      "test_hr@10": 0.4217,
      "epochs_run": 11,
      "early_stop_epoch": 11,
      "early_stopped": true,
      "elapsed": 335.7,
      "status": "ok"
    },
    {
      "trial": 2,
      "params": {
        "learning_rate": 0.0010332374207247018
      },
      "mrr@20": 0.2558,
      "valid_result": {
        "hit@5": 0.3486,
        "hit@10": 0.4171,
        "hit@20": 0.4809,
        "ndcg@5": 0.2687,
        "ndcg@10": 0.2909,
        "ndcg@20": 0.3071,
        "mrr@5": 0.2421,
        "mrr@10": 0.2513,
        "mrr@20": 0.2558
      },
      "test_result": {
        "hit@5": 0.3511,
        "hit@10": 0.4216,
        "hit@20": 0.4851,
        "ndcg@5": 0.271,
        "ndcg@10": 0.2938,
        "ndcg@20": 0.3098,
        "mrr@5": 0.2443,
        "mrr@10": 0.2537,
        "mrr@20": 0.2582
      },
      "best_hr@10": 0.4171,
      "test_mrr@20": 0.2582,
      "test_hr@10": 0.4216,
      "epochs_run": 11,
      "early_stop_epoch": 11,
      "early_stopped": true,
      "elapsed": 335.1,
      "status": "ok"
    },
    {
      "trial": 3,
      "params": {
        "learning_rate": 0.0006130842832367708
      },
      "mrr@20": 0.2606,
      "valid_result": {
        "hit@5": 0.3497,
        "hit@10": 0.4169,
        "hit@20": 0.4821,
        "ndcg@5": 0.2726,
        "ndcg@10": 0.2944,
        "ndcg@20": 0.3109,
        "mrr@5": 0.247,
        "mrr@10": 0.256,
        "mrr@20": 0.2606
      },
      "test_result": {
        "hit@5": 0.3507,
        "hit@10": 0.4205,
        "hit@20": 0.4851,
        "ndcg@5": 0.2733,
        "ndcg@10": 0.296,
        "ndcg@20": 0.3124,
        "mrr@5": 0.2476,
        "mrr@10": 0.257,
        "mrr@20": 0.2616
      },
      "best_hr@10": 0.4169,
      "test_mrr@20": 0.2616,
      "test_hr@10": 0.4205,
      "epochs_run": 13,
      "early_stop_epoch": 13,
      "early_stopped": true,
      "elapsed": 395.8,
      "status": "ok"
    },
    {
      "trial": 4,
      "params": {
        "learning_rate": 0.001339329005301751
      },
      "mrr@20": 0.2513,
      "valid_result": {
        "hit@5": 0.3437,
        "hit@10": 0.4125,
        "hit@20": 0.4741,
        "ndcg@5": 0.2642,
        "ndcg@10": 0.2865,
        "ndcg@20": 0.3021,
        "mrr@5": 0.2378,
        "mrr@10": 0.2471,
        "mrr@20": 0.2513
      },
      "test_result": {
        "hit@5": 0.346,
        "hit@10": 0.4139,
        "hit@20": 0.4801,
        "ndcg@5": 0.2645,
        "ndcg@10": 0.2865,
        "ndcg@20": 0.3033,
        "mrr@5": 0.2375,
        "mrr@10": 0.2466,
        "mrr@20": 0.2512
      },
      "best_hr@10": 0.4125,
      "test_mrr@20": 0.2512,
      "test_hr@10": 0.4139,
      "epochs_run": 11,
      "early_stop_epoch": 11,
      "early_stopped": true,
      "elapsed": 334.3,
      "status": "ok"
    },
    {
      "trial": 5,
      "params": {
        "learning_rate": 0.001249548879095385
      },
      "mrr@20": 0.2536,
      "valid_result": {
        "hit@5": 0.3449,
        "hit@10": 0.4133,
        "hit@20": 0.4781,
        "ndcg@5": 0.266,
        "ndcg@10": 0.2882,
        "ndcg@20": 0.3046,
        "mrr@5": 0.2398,
        "mrr@10": 0.2491,
        "mrr@20": 0.2536
      },
      "test_result": {
        "hit@5": 0.3483,
        "hit@10": 0.4174,
        "hit@20": 0.4827,
        "ndcg@5": 0.267,
        "ndcg@10": 0.2893,
        "ndcg@20": 0.3059,
        "mrr@5": 0.24,
        "mrr@10": 0.2492,
        "mrr@20": 0.2538
      },
      "best_hr@10": 0.4133,
      "test_mrr@20": 0.2538,
      "test_hr@10": 0.4174,
      "epochs_run": 11,
      "early_stop_epoch": 11,
      "early_stopped": true,
      "elapsed": 334.7,
      "status": "ok"
    }
  ],
  "run_group": "baseline",
  "run_axis": "stageh_targetedrecovery_anchor2_core5",
  "run_phase": "P23_SH_C12_MTISASREC_XFER_FOURSQUARE_FAD_H3_R1_C2_PASS3_MAXI_S1",
  "parent_result": "",
  "interrupted": false,
  "interrupted_at": null,
  "tuned_search": {
    "learning_rate": [
      0.0005692422483153735,
      0.0019328314026491721
    ]
  },
  "fixed_search": {
    "n_layers": 3,
    "n_heads": 4,
    "time_span": 512,
    "weight_decay": 0.0002,
    "hidden_dropout_prob": 0.16999999999999998,
    "MAX_ITEM_LIST_LENGTH": 20,
    "num_layers": 3,
    "num_heads": 4,
    "dropout_ratio": 0.16999999999999998,
    "dropout_prob": 0.16999999999999998,
    "attn_dropout_prob": 0.16999999999999998,
    "hidden_size": 248,
    "embedding_size": 248,
    "inner_size": 512,
    "num_experts": 8,
    "state_size": 32,
    "conv_kernel": 8,
    "remaining_ratio": 0.7
  },
  "context_fixed": {
    "num_layers": 3,
    "search_space_type_overrides": {
      "learning_rate": "loguniform",
      "weight_decay": "choice",
      "n_layers": "choice",
      "num_layers": "choice",
      "n_heads": "choice",
      "num_heads": "choice",
      "dropout_ratio": "choice",
      "dropout_prob": "choice",
      "hidden_dropout_prob": "choice",
      "attn_dropout_prob": "choice",
      "hidden_size": "choice",
      "embedding_size": "choice",
      "inner_size": "choice",
      "time_span": "choice",
      "num_experts": "choice",
      "state_size": "choice",
      "conv_kernel": "choice",
      "remaining_ratio": "choice",
      "MAX_ITEM_LIST_LENGTH": "choice"
    }
  },
  "best_params": {
    "learning_rate": 0.0006130842832367708
  },
  "best_mrr@20": 0.2606,
  "best_hr@10": 0.4169,
  "test_mrr@20": 0.2616,
  "test_hr@10": 0.4205,
  "best_valid_result": {
    "hit@5": 0.3497,
    "hit@10": 0.4169,
    "hit@20": 0.4821,
    "ndcg@5": 0.2726,
    "ndcg@10": 0.2944,
    "ndcg@20": 0.3109,
    "mrr@5": 0.247,
    "mrr@10": 0.256,
    "mrr@20": 0.2606
  },
  "test_result": {
    "hit@5": 0.3507,
    "hit@10": 0.4205,
    "hit@20": 0.4851,
    "ndcg@5": 0.2733,
    "ndcg@10": 0.296,
    "ndcg@20": 0.3124,
    "mrr@5": 0.2476,
    "mrr@10": 0.257,
    "mrr@20": 0.2616
  },
  "best_valid_special_metrics": {
    "split": "best_valid",
    "overall": {
      "count": 22961,
      "hit@20": 0.48207830669395935,
      "ndcg@20": 0.3109068035414854,
      "mrr@20": 0.26058723461561895
    },
    "slices": {
      "target_popularity_abs": {
        "rare_1_5": {
          "count": 20110,
          "hit@20": 0.45619094977623076,
          "ndcg@20": 0.2911930467383237,
          "mrr@20": 0.24281682689845088
        },
        "6_20": {
          "count": 2526,
          "hit@20": 0.6619160728424386,
          "ndcg@20": 0.44667674031813565,
          "mrr@20": 0.38251402550867314
        },
        "21_100": {
          "count": 325,
          "hit@20": 0.6861538461538461,
          "ndcg@20": 0.4754876928146069,
          "mrr@20": 0.4125128512199108
        }
      },
      "target_popularity_abs_legacy": {
        "<=5": {
          "count": 20110,
          "hit@20": 0.45619094977623076,
          "ndcg@20": 0.2911930467383237,
          "mrr@20": 0.24281682689845088
        },
        "6-20": {
          "count": 2526,
          "hit@20": 0.6619160728424386,
          "ndcg@20": 0.44667674031813565,
          "mrr@20": 0.38251402550867314
        },