stage_name,stage_key,split,aggregation_level,node_kind,node_name,route_space,support_size,wrapper_name,source_type,temperature,top_k,entropy_norm,n_eff_norm,top1_monopoly_norm,jitter_adj_norm,knn_consistency_score,knn_consistency_js,n_eff,cv_usage,top1_max_frac,entropy_mean
macro,macro@1,best_valid,session,final,final.expert,expert,12,GroupConditionalProductWrapper,,,,0.971392329261214,0.9195897192870265,0.6451869754460203,0.0,0.9979290675344579,0.002073079811364876,11.035076631444317,0.29570519787951716,0.6747547274921853,2.4138192585342453
macro,macro@1,best_valid,session,final,final.group,group,4,GroupConditionalProductWrapper,,,,0.9839035218953762,0.979106439877791,0.31354647024233234,0.0,0.9989730388992553,0.0010274887866020984,3.916425759511164,0.14607992148875723,0.48515985268174927,1.3639799042895608
macro,macro@1,best_valid,session,final,final.intra.Exposure,intra,3,GroupConditionalProductWrapper,,,,0.8175278498564209,0.731869046988075,0.9419238030392124,0.0,0.9962690956111201,0.0037378815722016404,2.195607140964225,0.6052806346034815,0.961282535359475,0.8981461421806815
macro,macro@1,best_valid,session,final,final.intra.Focus,intra,3,GroupConditionalProductWrapper,,,,0.9958064563730396,0.9959148250612088,0.7303704620717402,0.0,0.999785831522836,0.00021419141450736682,2.9877444751836264,0.06404714281716517,0.8202469747144935,1.0940052101064652
macro,macro@1,best_valid,session,final,final.intra.Memory,intra,3,GroupConditionalProductWrapper,,,,0.998316223030689,0.9991723003012188,0.8844511157191048,0.0,0.9999120217600745,8.798211023776934e-05,2.9975169009036566,0.02878102388140488,0.9229674104794033,1.0967624705982484
macro,macro@1,best_valid,session,final,final.intra.Tempo,intra,3,GroupConditionalProductWrapper,,,,0.9627447071663284,0.9433481918459994,0.5619448485036056,0.0,0.9992862136778115,0.0007140411889328516,2.830044575537998,0.24505912527265772,0.7079632323357371,1.0576831661431092
