stage_name,stage_key,split,aggregation_level,node_kind,node_name,route_space,support_size,wrapper_name,source_type,temperature,top_k,entropy_norm,n_eff_norm,top1_monopoly_norm,jitter_adj_norm,knn_consistency_score,knn_consistency_js,n_eff,cv_usage,top1_max_frac,entropy_mean
macro,macro@1,best_valid,session,final,final.expert,expert,16,FlatJointWrapper,,,,0.9451230124318734,0.9900069418201826,0.05171762929407323,0.7298294731483839,0.9632342233055511,0.037458674218305,15.840111069122921,0.10046864300966263,0.11098527746319366,2.6204374053979005
macro,macro@1,best_valid,session,final,final.group,group,4,FlatJointWrapper,,,,0.9769958811416072,0.9966377201699246,0.10793623137903996,0.0,0.9926425662738948,0.007384633135644154,3.9865508806796983,0.058083425680807314,0.33095217353427997,1.354403880863969
macro,macro@1,best_valid,session,final,final.intra.Exposure,intra,4,FlatJointWrapper,,,,0.91039967093478,0.995253667477674,0.06182303917298252,0.0,0.9681714764604041,0.03234606229017795,3.981014669910696,0.06905871629714966,0.2963672793797369,1.2620819301822894
macro,macro@1,best_valid,session,final,final.intra.Focus,intra,4,FlatJointWrapper,,,,0.9165490003158422,0.9933389067432734,0.05427302029793535,0.0,0.9705450004377899,0.029897509145328467,3.9733556269730936,0.08188946031206373,0.2907047652234515,1.2706067108279249
macro,macro@1,best_valid,session,final,final.intra.Memory,intra,4,FlatJointWrapper,,,,0.937551729834253,0.9950869659342647,0.07239306559804863,0.0,0.978181922380431,0.022059611541992458,3.980347863737059,0.07026631385087967,0.30429479919853647,1.2997226763274239
macro,macro@1,best_valid,session,final,final.intra.Tempo,intra,4,FlatJointWrapper,,,,0.9162402282469151,0.9971457167921527,0.11629932920986145,0.0,0.9694703041676112,0.031005434817419762,3.9885828671686108,0.05350220948457718,0.3372244969073961,1.2701786618498998
