{
  "split": "best_valid",
  "feature_mode": "runtime:unknown|ablation:none",
  "stages": [
    {
      "stage": "macro@1",
      "n_eff": 3.9981916976808307,
      "cv_usage": 0.021268993616104126,
      "top1_max_frac": 0.3013892325638941,
      "entropy_mean": 1.3511702387080666,
      "route_jitter_adjacent": 0.6119886593762657,
      "route_consistency_knn_js": 0.004593507751354611,
      "route_consistency_knn_score": 0.9954170262698346,
      "route_consistency_group_knn_js": 0.004593507751354611,
      "route_consistency_group_knn_score": 0.9954170262698346,
      "route_consistency_intra_group_knn_mean_js": 0.0,
      "route_consistency_intra_group_knn_mean_score": 1.0,
      "route_consistency_feature_group_knn_mean_score": 0.994594294590162,
      "family_top_expert_mean_share": 0.2563592493534088,
      "route_consistency_feature_group_knn_tempo_js": 0.005504642602104914,
      "route_consistency_feature_group_knn_tempo_score": 0.9945104801817527,
      "route_consistency_feature_group_knn_focus_js": 0.005318866103316188,
      "route_consistency_feature_group_knn_focus_score": 0.9946952540195564,
      "route_consistency_feature_group_knn_memory_js": 0.005509758366581863,
      "route_consistency_feature_group_knn_memory_score": 0.9945053925133799,
      "route_consistency_feature_group_knn_exposure_js": 0.005348224645192241,
      "route_consistency_feature_group_knn_exposure_score": 0.994666051645959
    }
  ]
}
