{
  "split": "best_valid",
  "feature_mode": "none",
  "stages": [
    {
      "stage": "macro@1",
      "n_eff": 16.789748497894397,
      "cv_usage": 0.43726768160453305,
      "top1_max_frac": 0.17900526253313814,
      "entropy_mean": 2.5140121436414353,
      "route_jitter_adjacent": 0.9100762377147056,
      "route_consistency_knn_js": 0.05035938307638678,
      "route_consistency_knn_score": 0.950887630165016,
      "route_consistency_group_knn_js": 0.010778622274297957,
      "route_consistency_group_knn_score": 0.989279258928236,
      "route_consistency_intra_group_knn_mean_js": 0.04008690320821993,
      "route_consistency_intra_group_knn_mean_score": 0.9607110908531724,
      "route_consistency_feature_group_knn_mean_score": 0.9401851403171319,
      "family_top_expert_mean_share": 0.10917581617832184,
      "route_consistency_feature_group_knn_tempo_js": 0.06191171459144577,
      "route_consistency_feature_group_knn_tempo_score": 0.9399658683987211,
      "route_consistency_feature_group_knn_focus_js": 0.06311895561817886,
      "route_consistency_feature_group_knn_focus_score": 0.9388317877307534,
      "route_consistency_feature_group_knn_memory_js": 0.06306348060941519,
      "route_consistency_feature_group_knn_memory_score": 0.9388838708770485,
      "route_consistency_feature_group_knn_exposure_js": 0.05862639569731977,
      "route_consistency_feature_group_knn_exposure_score": 0.9430590342620047
    }
  ]
}
