{
  "split": "best_valid",
  "feature_mode": "none",
  "stage_metrics": {
    "macro@1": {
      "mode": "moe",
      "n_slots": 4,
      "expert_names": [
        "Tempo",
        "Focus",
        "Memory",
        "Exposure"
      ],
      "family_names": [
        "Tempo",
        "Focus",
        "Memory",
        "Exposure"
      ],
      "usage_sum": [
        724.7236938476562,
        591.7559814453125,
        955.2076416015625,
        1071.312744140625
      ],
      "top1_count": [
        753.0,
        399.0,
        910.0,
        1281.0
      ],
      "entropy_mean": 1.196012642438491,
      "route_jitter_adjacent": 0.603460972017673,
      "route_jitter_session": 0.40189488873699425,
      "route_consistency_knn_js": 0.019048572156988262,
      "route_consistency_knn_score": 0.9811317054021966,
      "route_consistency_group_knn_js": 0.019048572156988262,
      "route_consistency_group_knn_score": 0.9811317054021966,
      "route_consistency_intra_group_knn": {
        "group_names": [
          "Tempo",
          "Focus",
          "Memory",
          "Exposure"
        ],
        "js_by_group": [
          0.0,
          0.0,
          0.0,
          0.0
        ],
        "score_by_group": [
          1.0,
          1.0,
          1.0,
          1.0
        ],
        "mean_js": 0.0,
        "mean_score": 1.0
      },
      "route_consistency_feature_group_knn": {
        "group_names": [
          "Tempo",
          "Focus",
          "Memory",
          "Exposure"
        ],
        "js_by_group": [
          0.021852802051501603,
          0.024159283919387646,
          0.02455018848133239,
          0.021459667686450235
        ],
        "score_by_group": [
          0.9783842406053492,
          0.9761302155278109,
          0.9757487163432528,
          0.9787689526893714
        ],
        "mean_js": 0.02300548553466797,
        "mean_score": 0.9772580312914461
      },
      "condition_norm": 0.0,
      "stage_delta_norm": 4.968723522228868,
      "shared_delta_norm": 7.4021780303030305,
      "moe_delta_norm": 4.968723522228868,
      "residual_delta_norm": 4.968723522228868,
      "alpha_value": 1.0,
      "alpha_effective": 1.0,
      "usage_share": [
        0.2167884111404419,
        0.17701344192028046,
        0.2857336401939392,
        0.32046446204185486
      ],
      "n_eff": 3.8070270365329884,
      "cv_usage": 0.22514155507087708,
      "dead_expert_frac": 0.0,
      "top1_max_frac": 0.38318875261740953,
      "wrapper_name": "FlatJointWrapper",
      "feature_family_expert_heatmap": {
        "family_names": [
          "Tempo",
          "Focus",
          "Memory",
          "Exposure"
        ],
        "values": [
          [
            281.56182861328125,
            235.26773071289062,
            424.12249755859375,
            472.72943115234375
          ],
          [
            370.9283447265625,
            305.72015380859375,
            515.7931518554688,
            576.0821533203125
          ],
          [
            348.52996826171875,
            279.7535400390625,
            409.6793518066406,
            464.4571533203125
          ],
          [
            355.1324157714844,
            288.0817565917969,
            459.58953857421875,
            516.7637939453125
          ]
        ]
      },
      "position_expert_usage": {
        "values": [
          [
            319.0,
            26.0,
            70.0,
            212.0
          ],
          [
            163.0,
            121.0,
            126.0,
            209.0
          ],
          [
            140.0,
            113.0,
            128.0,
            219.0
          ],
          [
            58.0,
            40.0,
            258.0,
            186.0
          ],
          [
            45.0,
            49.0,
            91.0,
            137.0
          ],
          [
            12.0,
            33.0,
            111.0,
            57.0
          ],
          [
            12.0,
            8.0,
            22.0,
            112.0
          ],
          [
            3.0,
            4.0,
            9.0,
            96.0
          ],
          [
            1.0,
            3.0,
            48.0,
            33.0
          ],
          [
            0.0,
            2.0,
            47.0,
            20.0
          ]
        ]
      },
      "route_transition_matrix": {
        "values": [
          [
            247.0,
            123.0,
            115.0,
            207.0
          ],
          [
            51.0,
            89.0,
            94.0,
            96.0
          ],
          [
            43.0,
            58.0,
            263.0,
            288.0
          ],
          [
            93.0,
            103.0,
            368.0,
            478.0
          ]
        ]
      },
      "group_routing": {
        "group_names": [
          "Tempo",
          "Focus",
          "Memory",
          "Exposure"
        ],
        "group_share": [
          0.2167884111404419,
          0.17701344192028046,
          0.2857336401939392,
          0.32046446204185486
        ],
        "group_n_eff": 3.8070270365329884,
        "group_cv_usage": 0.22514154933542707,
        "group_top1_max_frac": 0.38318875261740953,
        "group_entropy_mean": 1.196012642438491,
        "group_prior_mean": [
          0.0,
          0.0,
          0.0,
          0.0
        ],
        "factored_group_entropy_mean": 0.0
      },
      "specialization_summary": {
        "mean_top_expert_share": 0.3220880627632141,
        "family_top_expert": [
          {
            "family": "Tempo",
            "expert": "Exposure",
            "top_share": 0.33439600467681885
          },
          {
            "family": "Focus",
            "expert": "Exposure",
            "top_share": 0.32574182748794556
          },
          {
            "family": "Memory",
            "expert": "Exposure",
            "top_share": 0.30913934111595154
          },
          {
            "family": "Exposure",
            "expert": "Exposure",
            "top_share": 0.31907516717910767
          }
        ]
      },
      "expert_similarity_mean": 0.225754514336586,
      "expert_similarity_max": 0.44718992710113525
    }
  },
  "scalar_metrics": {
    "macro_1.entropy_mean": 1.196012642438491,
    "macro_1.n_eff": 3.8070270365329884,
    "macro_1.cv_usage": 0.22514155507087708,
    "macro_1.dead_expert_frac": 0.0,
    "macro_1.top1_max_frac": 0.38318875261740953,
    "macro_1.route_jitter_adjacent": 0.603460972017673,
    "macro_1.route_jitter_session": 0.40189488873699425,
    "macro_1.route_consistency_knn_js": 0.019048572156988262,
    "macro_1.route_consistency_knn_score": 0.9811317054021966,
    "macro_1.route_consistency_group_knn_js": 0.019048572156988262,
    "macro_1.route_consistency_group_knn_score": 0.9811317054021966,
    "macro_1.route_consistency_intra_group_knn_mean_js": 0.0,
    "macro_1.route_consistency_intra_group_knn_mean_score": 1.0,
    "macro_1.route_consistency_feature_group_knn_mean_js": 0.02300548553466797,
    "macro_1.route_consistency_feature_group_knn_mean_score": 0.9772580312914461,
    "macro_1.route_consistency_feature_group_knn_tempo_js": 0.021852802051501603,
    "macro_1.route_consistency_feature_group_knn_tempo_score": 0.9783842406053492,
    "macro_1.route_consistency_feature_group_knn_focus_js": 0.024159283919387646,
    "macro_1.route_consistency_feature_group_knn_focus_score": 0.9761302155278109,
    "macro_1.route_consistency_feature_group_knn_memory_js": 0.02455018848133239,
    "macro_1.route_consistency_feature_group_knn_memory_score": 0.9757487163432528,
    "macro_1.route_consistency_feature_group_knn_exposure_js": 0.021459667686450235,
    "macro_1.route_consistency_feature_group_knn_exposure_score": 0.9787689526893714,
    "macro_1.condition_norm": 0.0,
    "macro_1.stage_delta_norm": 4.968723522228868,
    "macro_1.shared_delta_norm": 7.4021780303030305,