{
  "split": "best_valid",
  "feature_mode": "none",
  "stages": [
    {
      "stage": "macro@1",
      "n_eff": 3.8070270365329884,
      "cv_usage": 0.22514155507087708,
      "top1_max_frac": 0.38318875261740953,
      "entropy_mean": 1.196012642438491,
      "route_jitter_adjacent": 0.603460972017673,
      "route_consistency_knn_js": 0.019048572156988262,
      "route_consistency_knn_score": 0.9811317054021966,
      "route_consistency_group_knn_js": 0.019048572156988262,
      "route_consistency_group_knn_score": 0.9811317054021966,
      "route_consistency_intra_group_knn_mean_js": 0.0,
      "route_consistency_intra_group_knn_mean_score": 1.0,
      "route_consistency_feature_group_knn_mean_score": 0.9772580312914461,
      "family_top_expert_mean_share": 0.3220880627632141,
      "route_consistency_feature_group_knn_tempo_js": 0.021852802051501603,
      "route_consistency_feature_group_knn_tempo_score": 0.9783842406053492,
      "route_consistency_feature_group_knn_focus_js": 0.024159283919387646,
      "route_consistency_feature_group_knn_focus_score": 0.9761302155278109,
      "route_consistency_feature_group_knn_memory_js": 0.02455018848133239,
      "route_consistency_feature_group_knn_memory_score": 0.9757487163432528,
      "route_consistency_feature_group_knn_exposure_js": 0.021459667686450235,
      "route_consistency_feature_group_knn_exposure_score": 0.9787689526893714
    }
  ]
}
