{
  "split": "best_valid",
  "feature_mode": "none",
  "stages": [
    {
      "stage": "macro@1",
      "n_eff": 7.20606406300468,
      "cv_usage": 0.815636848937367,
      "top1_max_frac": 0.8495492583414144,
      "entropy_mean": 2.127875217738749,
      "route_jitter_adjacent": 0.0,
      "route_consistency_knn_js": 0.013836542583595313,
      "route_consistency_knn_score": 0.9862587423939262,
      "route_consistency_group_knn_js": 0.004966825510849779,
      "route_consistency_group_knn_score": 0.9950454887709126,
      "route_consistency_intra_group_knn_mean_js": 0.008053286207100432,
      "route_consistency_intra_group_knn_mean_score": 0.9919902868456854,
      "route_consistency_feature_group_knn_mean_score": 0.9723113868646618,
      "family_top_expert_mean_share": 0.2709804177284241,
      "route_consistency_feature_group_knn_tempo_js": 0.02746721143959658,
      "route_consistency_feature_group_knn_tempo_score": 0.9729065822367173,
      "route_consistency_feature_group_knn_focus_js": 0.030591329665618748,
      "route_consistency_feature_group_knn_focus_score": 0.9698718499504355,
      "route_consistency_feature_group_knn_memory_js": 0.033700612109877376,
      "route_consistency_feature_group_knn_memory_score": 0.9668609277636604,
      "route_consistency_feature_group_knn_exposure_js": 0.020604637562462044,
      "route_consistency_feature_group_knn_exposure_score": 0.9796061875078336
    }
  ]
}
