{
  "split": "best_valid",
  "feature_mode": "none",
  "stages": [
    {
      "stage": "macro@1",
      "n_eff": 3.998400850909376,
      "cv_usage": 0.01999930664896965,
      "top1_max_frac": 0.36865471398951094,
      "entropy_mean": 1.363913615608611,
      "route_jitter_adjacent": 0.0,
      "route_consistency_knn_js": 0.0023453438338321858,
      "route_consistency_knn_score": 0.9976574043361296,
      "route_consistency_group_knn_js": 0.0023453438338321858,
      "route_consistency_group_knn_score": 0.9976574043361296,
      "route_consistency_intra_group_knn_mean_js": 0.0,
      "route_consistency_intra_group_knn_mean_score": 1.0,
      "route_consistency_feature_group_knn_mean_score": 0.9938709079997187,
      "family_top_expert_mean_share": 0.25602930784225464,
      "route_consistency_feature_group_knn_tempo_js": 0.0061659965292550885,
      "route_consistency_feature_group_knn_tempo_score": 0.9938529742161342,
      "route_consistency_feature_group_knn_focus_js": 0.00416397710547377,
      "route_consistency_feature_group_knn_focus_score": 0.9958446802267142,
      "route_consistency_feature_group_knn_memory_js": 0.007709459716593368,
      "route_consistency_feature_group_knn_memory_score": 0.9923201819453217,
      "route_consistency_feature_group_knn_exposure_js": 0.00655564575534491,
      "route_consistency_feature_group_knn_exposure_score": 0.9934657956107045
    }
  ]
}
