stage_name,stage_key,split,aggregation_level,node_kind,node_name,route_space,support_size,wrapper_name,source_type,temperature,top_k,entropy_norm,n_eff_norm,top1_monopoly_norm,jitter_adj_norm,knn_consistency_score,knn_consistency_js,n_eff,cv_usage,top1_max_frac,entropy_mean
macro,macro@1,best_valid,session,final,final.expert,expert,12,ScalarGroupConditionalProductWrapper,,,,0.9529912460456462,0.8359901977586911,0.8880182493325286,0.0,0.996654857815847,0.0033507496810109114,10.031882373104294,0.44292907586905134,0.8973500618881513,2.3680942844885786
macro,macro@1,best_valid,session,final,final.group,group,4,ScalarGroupConditionalProductWrapper,,,,0.949385840217534,0.8819986482888911,0.9465886500881436,0.0,0.9987502205277563,0.0012505610979159868,3.5279945931555643,0.36577123403549194,0.9599414875661078,1.3161282368206368
macro,macro@1,best_valid,session,final,final.intra.Exposure,intra,3,ScalarGroupConditionalProductWrapper,,,,0.9692060584185095,0.9516922426764122,0.8934117249915607,0.0,0.9988926039173864,0.001108009698707941,2.8550767280292364,0.22529960497320875,0.9289411499943738,1.0647816860301564
macro,macro@1,best_valid,session,final,final.intra.Focus,intra,3,ScalarGroupConditionalProductWrapper,,,,0.9962655139497864,0.9926770229291121,0.8188505682457521,0.0,0.9999436441922789,5.635739576936972e-05,2.9780310687873364,0.08588954573211346,0.8792337121638348,1.0945095364014854
macro,macro@1,best_valid,session,final,final.intra.Memory,intra,3,ScalarGroupConditionalProductWrapper,,,,0.9710248788884752,0.986680571879213,0.6451277146393609,0.0,0.9958972988934987,0.004111140274851823,2.960041715637639,0.11618611615341555,0.7634184764262406,1.0667798645493418
macro,macro@1,best_valid,session,final,final.intra.Tempo,intra,3,ScalarGroupConditionalProductWrapper,,,,0.8749034577999801,0.862185149988581,0.26249015415775845,0.0,0.9958125971333156,0.004196194589642465,2.586555449965743,0.3998044759093381,0.5083267694385056,0.9611796901372792
