stage_name,stage_key,split,aggregation_level,node_kind,node_name,route_space,support_size,wrapper_name,source_type,temperature,top_k,entropy_norm,n_eff_norm,top1_monopoly_norm,jitter_adj_norm,knn_consistency_score,knn_consistency_js,n_eff,cv_usage,top1_max_frac,entropy_mean
macro,macro@1,best_valid,session,final,final.expert,expert,12,GroupConditionalProductWrapper,,,,0.8936830018817546,0.9837539902007003,0.07898264606477964,0.0,0.9915409154141761,0.008495065697033781,11.805047882408404,0.12850854225584005,0.155734092226048,2.220718834178474
macro,macro@1,best_valid,session,final,final.group,group,4,GroupConditionalProductWrapper,,,,0.8946143425896232,0.9920612469452689,0.22592943103182117,0.0,0.99573474653733,0.004274375604291825,3.9682449877810755,0.08945462107658386,0.4194470732738659,1.2401988185089727
macro,macro@1,best_valid,session,final,final.intra.Exposure,intra,3,GroupConditionalProductWrapper,,,,0.7594610750098322,0.9495092492057576,0.31038197450818517,0.0,0.9920445706173014,0.007987242648825478,2.848527747617273,0.230598508155257,0.5402546496721234,0.8343532697708947
macro,macro@1,best_valid,session,final,final.intra.Focus,intra,3,GroupConditionalProductWrapper,,,,0.9858834281984088,0.9983926068125597,0.2805207095825866,0.0,0.9992295636775501,0.0007707332610379831,2.995177820437679,0.04012292317679753,0.5203471397217244,1.083103649413016
macro,macro@1,best_valid,session,final,final.intra.Memory,intra,3,GroupConditionalProductWrapper,,,,0.9307274375812271,0.9964794028779335,0.3806958903006263,0.0,0.9968490565997852,0.003155918075064995,2.9894382086338003,0.05943859936479928,0.5871305935337509,1.0225086003273172
macro,macro@1,best_valid,session,final,final.intra.Tempo,intra,3,GroupConditionalProductWrapper,,,,0.8909461269723752,0.9825437770119927,0.25376034472343595,0.0,0.9962600305045011,0.003746980667919004,2.947631331035978,0.13329021607964586,0.5025068964822906,0.9788043636331094
