best_mrr20,epoch,epoch_time_sec,eval,lr,patience_used,train_loss,trial,valid_mrr20
0.0096,1,3.462796449661255,1,0.0009640155470717386,0,79.57766485214233,1,0.0096
0.0272,3,2.3952600955963135,1,0.000962269243205651,0,66.05995464324951,1,0.0272
0.053,10,2.3885631561279297,1,0.0009425695933647202,0,44.95470380783081,1,0.053
0.0804,19,2.258469820022583,1,0.0008877263341682861,0,36.239877700805664,1,0.0804
0.0804,29,2.177778720855713,1,0.0007931059529803754,10,31.40842843055725,1,0.0784
