best_mrr20,epoch,epoch_time_sec,eval,lr,patience_used,train_loss,trial,valid_mrr20
0.2731,1,48.51387166976929,1,0.00056966,0,2222.7109746932983,1,0.2731
0.3445,3,46.710636615753174,1,0.00056966,0,1242.640332698822,1,0.3445
0.3741,7,47.636919260025024,1,0.00056966,0,806.6002686023712,1,0.3741
0.3741,10,46.978068590164185,1,0.00056966,3,714.429535150528,1,0.3683
0.3741,17,50.0936496257782,1,0.00056966,10,540.3721942901611,1,0.3457
