{
  "split": "best_valid",
  "feature_mode": "none",
  "stages": [
    {
      "stage": "macro@1",
      "n_eff": 3.1090396800975193,
      "cv_usage": 0.5353231430053711,
      "top1_max_frac": 0.7207692003323705,
      "entropy_mean": 1.2040505956208207,
      "route_jitter_adjacent": 0.0,
      "route_consistency_knn_js": 0.0035321938034192806,
      "route_consistency_knn_score": 0.9964740370547547,
      "route_consistency_group_knn_js": 0.0035321938034192806,
      "route_consistency_group_knn_score": 0.9964740370547547,
      "route_consistency_intra_group_knn_mean_js": 0.0,
      "route_consistency_intra_group_knn_mean_score": 1.0,
      "route_consistency_feature_group_knn_mean_score": 0.9921052898000006,
      "family_top_expert_mean_share": 0.40740132331848145,
      "route_consistency_feature_group_knn_tempo_js": 0.005657985367819935,
      "route_consistency_feature_group_knn_tempo_score": 0.994357990886053,
      "route_consistency_feature_group_knn_focus_js": 0.007879049514286448,
      "route_consistency_feature_group_knn_focus_score": 0.9921519088355234,
      "route_consistency_feature_group_knn_memory_js": 0.009881102721941202,
      "route_consistency_feature_group_knn_memory_score": 0.9901675549777715,
      "route_consistency_feature_group_knn_exposure_js": 0.008290567477112602,
      "route_consistency_feature_group_knn_exposure_score": 0.9917437045006542
    }
  ]
}
