best_mrr20,epoch,epoch_time_sec,eval,lr,patience_used,train_loss,trial,valid_mrr20
0.0396,1,36.55215668678284,1,0.00129037,0,1333.6635370254517,1,0.0396
0.0655,3,35.04747223854065,1,0.00129037,0,1097.2224459648132,1,0.0655
0.0816,10,34.56218934059143,1,0.00129037,1,1012.4851408004761,1,0.0788
0.0922,30,35.45878338813782,1,0.00129037,0,932.2635846138,1,0.0922
0.0922,40,36.035248041152954,1,0.00129037,10,909.7402911186218,1,0.0909
