stage_name,stage_key,split,aggregation_level,node_kind,node_name,route_space,support_size,wrapper_name,source_type,temperature,top_k,entropy_norm,n_eff_norm,top1_monopoly_norm,jitter_adj_norm,knn_consistency_score,knn_consistency_js,n_eff,cv_usage,top1_max_frac,entropy_mean
macro,macro@1,best_valid,session,final,final.expert,expert,12,GroupConditionalProductWrapper,,,,0.6294025484136007,0.5220424507120885,0.38992933584480616,0.1844955933943698,0.9768699994943878,0.023401696699202914,6.264509408545062,0.956845318455062,0.44076855785773894,1.5640065779464702
macro,macro@1,best_valid,session,final,final.group,group,4,GroupConditionalProductWrapper,,,,0.5406498438053926,0.6640231678844424,0.5739282765841773,0.0,0.9827491890592677,0.01740133985550895,2.6560926715377695,0.7113166199545121,0.680446207438133,0.7494998298077654
macro,macro@1,best_valid,session,final,final.intra.Exposure,intra,3,GroupConditionalProductWrapper,,,,0.5528973483114895,0.8628821002023789,0.2961661599178463,0.0,0.983927381686662,0.016203183752091826,2.5886463006071367,0.3986311883142236,0.5307774399452309,0.6074198212270145
macro,macro@1,best_valid,session,final,final.intra.Focus,intra,3,GroupConditionalProductWrapper,,,,0.7964647088327163,0.7555544266894217,0.9251018531569445,0.0,0.9984067040021488,0.0015945666437756128,2.2666632800682653,0.5687981227398479,0.9500679021046297,0.8750059166140901
macro,macro@1,best_valid,session,final,final.intra.Memory,intra,3,GroupConditionalProductWrapper,,,,0.7962790152941417,0.8109089705136375,0.483763902033036,0.0,0.9918854341230751,0.008147668162011363,2.4327269115409127,0.48289126208748634,0.6558426013553573,0.8748019114106858
macro,macro@1,best_valid,session,final,final.intra.Tempo,intra,3,GroupConditionalProductWrapper,,,,0.43387623531086916,0.586012822118215,0.6663008678493043,0.0,0.9908539385172015,0.009188143489393627,1.7580384663546451,0.8405042195620668,0.7775339118995362,0.47666176387357734
