{
  "split": "best_valid",
  "feature_mode": "none",
  "stages": [
    {
      "stage": "macro@1",
      "n_eff": 9.371870046508919,
      "cv_usage": 0.8409735560417175,
      "top1_max_frac": 0.856328888537174,
      "entropy_mean": 2.3935195632443715,
      "route_jitter_adjacent": 0.0,
      "route_consistency_knn_js": 0.011717597632177832,
      "route_consistency_knn_score": 0.9883507860568317,
      "route_consistency_group_knn_js": 0.006671704371066119,
      "route_consistency_group_knn_score": 0.9933505020362352,
      "route_consistency_intra_group_knn_mean_js": 0.006004807812106647,
      "route_consistency_intra_group_knn_mean_score": 0.9940245409178111,
      "route_consistency_feature_group_knn_mean_score": 0.9709890407910858,
      "family_top_expert_mean_share": 0.21613019704818726,
      "route_consistency_feature_group_knn_tempo_js": 0.024926457346490738,
      "route_consistency_feature_group_knn_tempo_score": 0.9753816415448143,
      "route_consistency_feature_group_knn_focus_js": 0.028732387022687284,
      "route_consistency_feature_group_knn_focus_score": 0.971676462906798,
      "route_consistency_feature_group_knn_memory_js": 0.03871342739945788,
      "route_consistency_feature_group_knn_memory_score": 0.9620263600432708,
      "route_consistency_feature_group_knn_exposure_js": 0.025449407751405535,
      "route_consistency_feature_group_knn_exposure_score": 0.97487169866946
    }
  ]
}
