best_mrr20,epoch,epoch_time_sec,eval,lr,patience_used,train_loss,trial,valid_mrr20
0.0135,1,18.803476572036743,1,0.0005476,0,685.9765911102295,1,0.0135
0.015,3,17.488733768463135,1,0.0005476,0,585.2201204299927,1,0.015
0.0183,5,17.690826892852783,1,0.0005476,0,545.9387216567993,1,0.0183
0.0183,10,18.16838026046753,1,0.0005476,5,492.8857464790344,1,0.0181
0.0183,15,17.712262392044067,1,0.0005476,10,453.7387709617615,1,0.0168
