stage_name,stage_key,split,aggregation_level,node_kind,node_name,route_space,support_size,wrapper_name,source_type,temperature,top_k,entropy_norm,n_eff_norm,top1_monopoly_norm,jitter_adj_norm,knn_consistency_score,knn_consistency_js,n_eff,cv_usage,top1_max_frac,entropy_mean
macro,macro@1,best_valid,session,final,final.expert,expert,16,FlatJointWrapper,,,,0.8819771203769456,0.986835500398623,0.051225989747390524,0.7349783911891816,0.9248316029609349,0.0781436088960232,15.789368006377968,0.11549963000414551,0.11052436538817861,2.4453598172306372
macro,macro@1,best_valid,session,final,final.group,group,4,FlatJointWrapper,,,,0.9388427463598499,0.9963594183288577,0.09591748502254342,0.0,0.979372844870622,0.020842866389272754,3.9854376733154306,0.06044622138142586,0.32193811376690756,1.3015124052569715
macro,macro@1,best_valid,session,final,final.intra.Exposure,intra,4,FlatJointWrapper,,,,0.8311685508967837,0.9886605739826451,0.08195911308751776,0.0,0.9452412195894959,0.05631512523652177,3.9546422959305803,0.10709553956985474,0.3114693348156383,1.152244275248402
macro,macro@1,best_valid,session,final,final.intra.Focus,intra,4,FlatJointWrapper,,,,0.8568152523372496,0.9967840951976266,0.03230189611512572,0.0,0.9484485115127046,0.05292777519995124,3.9871363807905063,0.056800827383995056,0.2742264220863443,1.1877981528366452
macro,macro@1,best_valid,session,final,final.intra.Memory,intra,4,FlatJointWrapper,,,,0.853313050533208,0.9937547726506475,0.044777963065900796,0.0,0.9474378365812515,0.05399395200765716,3.97501909060259,0.07927530258893967,0.2835834722994256,1.1829430702241985
macro,macro@1,best_valid,session,final,final.intra.Tempo,intra,4,FlatJointWrapper,,,,0.8480777438979847,0.9859959465198265,0.10234080662096227,0.0,0.9482807494304387,0.05310467138240364,3.943983786079306,0.1191767897711271,0.3267556049657217,1.1756853941570549
