{
  "model": "GRU4Rec",
  "dataset": "foursquare",
  "dataset_raw": "foursquare",
  "max_evals": 4,
  "tune_epochs": 18,
  "n_completed": 4,
  "n_recorded_trials": 4,
  "timestamp": "2026-04-12T10:17:16.305261",
  "trials": [
    {
      "trial": 1,
      "params": {
        "learning_rate": 0.002310284539107195
      },
      "mrr@20": 0.0089,
      "valid_result": {
        "hit@5": 0.0121,
        "hit@10": 0.0179,
        "hit@20": 0.0223,
        "ndcg@5": 0.0089,
        "ndcg@10": 0.0108,
        "ndcg@20": 0.0119,
        "mrr@5": 0.0078,
        "mrr@10": 0.0086,
        "mrr@20": 0.0089
      },
      "test_result": {
        "hit@5": 0.0118,
        "hit@10": 0.0179,
        "hit@20": 0.0223,
        "ndcg@5": 0.0077,
        "ndcg@10": 0.0097,
        "ndcg@20": 0.0108,
        "mrr@5": 0.0063,
        "mrr@10": 0.0072,
        "mrr@20": 0.0075
      },
      "best_hr@10": 0.0179,
      "test_mrr@20": 0.0075,
      "test_hr@10": 0.0179,
      "epochs_run": 7,
      "early_stop_epoch": 7,
      "early_stopped": true,
      "elapsed": 6.7,
      "status": "ok"
    },
    {
      "trial": 2,
      "params": {
        "learning_rate": 0.0019299522642416524
      },
      "mrr@20": 0.0114,
      "valid_result": {
        "hit@5": 0.0184,
        "hit@10": 0.0273,
        "hit@20": 0.0352,
        "ndcg@5": 0.0118,
        "ndcg@10": 0.0147,
        "ndcg@20": 0.0167,
        "mrr@5": 0.0096,
        "mrr@10": 0.0108,
        "mrr@20": 0.0114
      },
      "test_result": {
        "hit@5": 0.0208,
        "hit@10": 0.0284,
        "hit@20": 0.0342,
        "ndcg@5": 0.0126,
        "ndcg@10": 0.015,
        "ndcg@20": 0.0165,
        "mrr@5": 0.0099,
        "mrr@10": 0.0109,
        "mrr@20": 0.0113
      },
      "best_hr@10": 0.0273,
      "test_mrr@20": 0.0113,
      "test_hr@10": 0.0284,
      "epochs_run": 13,
      "early_stop_epoch": 13,
      "early_stopped": true,
      "elapsed": 11.0,
      "status": "ok"
    },
    {
      "trial": 3,
      "params": {
        "learning_rate": 0.0030326642687532133
      },
      "mrr@20": 0.0089,
      "valid_result": {
        "hit@5": 0.0121,
        "hit@10": 0.0142,
        "hit@20": 0.0229,
        "ndcg@5": 0.009,
        "ndcg@10": 0.0097,
        "ndcg@20": 0.0119,
        "mrr@5": 0.008,
        "mrr@10": 0.0083,
        "mrr@20": 0.0089
      },
      "test_result": {
        "hit@5": 0.0118,
        "hit@10": 0.0152,
        "hit@20": 0.0213,
        "ndcg@5": 0.0084,
        "ndcg@10": 0.0096,
        "ndcg@20": 0.0112,
        "mrr@5": 0.0073,
        "mrr@10": 0.0078,
        "mrr@20": 0.0083
      },
      "best_hr@10": 0.0142,
      "test_mrr@20": 0.0083,
      "test_hr@10": 0.0152,
      "epochs_run": 6,
      "early_stop_epoch": 6,
      "early_stopped": true,
      "elapsed": 5.1,
      "status": "ok"
    },
    {
      "trial": 4,
      "params": {
        "learning_rate": 0.002169263484324452
      },
      "mrr@20": 0.0095,
      "valid_result": {
        "hit@5": 0.0124,
        "hit@10": 0.0189,
        "hit@20": 0.0231,
        "ndcg@5": 0.0093,
        "ndcg@10": 0.0115,
        "ndcg@20": 0.0125,
        "mrr@5": 0.0083,
        "mrr@10": 0.0093,
        "mrr@20": 0.0095
      },
      "test_result": {
        "hit@5": 0.0116,
        "hit@10": 0.0176,
        "hit@20": 0.0218,
        "ndcg@5": 0.0083,
        "ndcg@10": 0.0104,
        "ndcg@20": 0.0114,
        "mrr@5": 0.0073,
        "mrr@10": 0.0081,
        "mrr@20": 0.0084
      },
      "best_hr@10": 0.0189,
      "test_mrr@20": 0.0084,
      "test_hr@10": 0.0176,
      "epochs_run": 9,
      "early_stop_epoch": 9,
      "early_stopped": true,
      "elapsed": 7.7,
      "status": "ok"
    }
  ],
  "run_group": "baseline",
  "run_axis": "stageh_targetedrecovery_anchor2_core5",
  "run_phase": "P23_SH_C02_MGRU4REC_FAD_H3_R1_PASS4_EDGEHI_S1",
  "parent_result": "",
  "interrupted": false,
  "interrupted_at": null,
  "tuned_search": {
    "learning_rate": [
      0.0014103507402966938,
      0.005609271492146973
    ]
  },
  "fixed_search": {
    "num_layers": 3,
    "weight_decay": 0.0002,
    "hidden_dropout_prob": 0.14,
    "MAX_ITEM_LIST_LENGTH": 10,
    "n_layers": 3,
    "n_heads": 4,
    "num_heads": 4,
    "dropout_ratio": 0.14,
    "dropout_prob": 0.14,
    "attn_dropout_prob": 0.14,
    "hidden_size": 296,
    "embedding_size": 296,
    "inner_size": 320,
    "time_span": 512,
    "num_experts": 8,
    "state_size": 32,
    "conv_kernel": 8,
    "remaining_ratio": 0.7
  },
  "context_fixed": {
    "num_layers": 3,
    "search_space_type_overrides": {
      "learning_rate": "loguniform",
      "weight_decay": "choice",
      "n_layers": "choice",
      "num_layers": "choice",
      "n_heads": "choice",
      "num_heads": "choice",
      "dropout_ratio": "choice",
      "dropout_prob": "choice",
      "hidden_dropout_prob": "choice",
      "attn_dropout_prob": "choice",
      "hidden_size": "choice",
      "embedding_size": "choice",
      "inner_size": "choice",
      "time_span": "choice",
      "num_experts": "choice",
      "state_size": "choice",
      "conv_kernel": "choice",
      "remaining_ratio": "choice",
      "MAX_ITEM_LIST_LENGTH": "choice"
    }
  },
  "best_params": {
    "learning_rate": 0.0019299522642416524
  },
  "best_mrr@20": 0.0114,
  "best_hr@10": 0.0273,
  "test_mrr@20": 0.0113,
  "test_hr@10": 0.0284,
  "best_valid_result": {
    "hit@5": 0.0184,
    "hit@10": 0.0273,
    "hit@20": 0.0352,
    "ndcg@5": 0.0118,
    "ndcg@10": 0.0147,
    "ndcg@20": 0.0167,
    "mrr@5": 0.0096,
    "mrr@10": 0.0108,
    "mrr@20": 0.0114
  },
  "test_result": {
    "hit@5": 0.0208,
    "hit@10": 0.0284,
    "hit@20": 0.0342,
    "ndcg@5": 0.0126,
    "ndcg@10": 0.015,
    "ndcg@20": 0.0165,
    "mrr@5": 0.0099,
    "mrr@10": 0.0109,
    "mrr@20": 0.0113
  },
  "best_valid_special_metrics": {
    "split": "best_valid",
    "overall": {
      "count": 3805,
      "hit@20": 0.03521681997371879,
      "ndcg@20": 0.01671608969980408,
      "mrr@20": 0.011378352970628952
    },
    "slices": {
      "target_popularity_abs": {
        "rare_1_5": {
          "count": 3436,
          "hit@20": 0.014260768335273575,
          "ndcg@20": 0.005811511255948174,
          "mrr@20": 0.0035707533383379855
        },
        "6_20": {
          "count": 342,
          "hit@20": 0.1871345029239766,
          "ndcg@20": 0.08784062088581554,
          "mrr@20": 0.05855416535939041
        },
        "21_100": {
          "count": 27,
          "hit@20": 0.7777777777777778,
          "ndcg@20": 0.5035139366432473,
          "mrr@20": 0.4074074085111971
        }
      },
      "target_popularity_abs_legacy": {
        "<=5": {
          "count": 3436,
          "hit@20": 0.014260768335273575,
          "ndcg@20": 0.005811511255948174,
          "mrr@20": 0.0035707533383379855
        },
        "6-20": {
          "count": 342,
          "hit@20": 0.1871345029239766,
          "ndcg@20": 0.08784062088581554,
          "mrr@20": 0.05855416535939041
        },
        "21-100": {
          "count": 27,
          "hit@20": 0.7777777777777778,
          "ndcg@20": 0.5035139366432473,
          "mrr@20": 0.4074074085111971
        }
      },
      "session_len": {
        "<=7": {
          "count": 3426,
          "hit@20": 0.030939871570344425,
          "ndcg@20": 0.014733379486006599,
          "mrr@20": 0.010055809233378961
        },
        "8-12": {
          "count": 379,
          "hit@20": 0.07387862796833773,
          "ndcg@20": 0.03463895300447469,
          "mrr@20": 0.02333359002555895
        }
      },
      "session_len_legacy": {
        "1-2": {
          "count": 1625,
          "hit@20": 0.020923076923076923,
          "ndcg@20": 0.009918864928759062,
          "mrr@20": 0.006749537046139057
        },
        "3-5": {
          "count": 1528,
          "hit@20": 0.03861256544502618,
          "ndcg@20": 0.018131949563379064,
          "mrr@20": 0.012222389529668847
        },