stage_name,stage_key,split,aggregation_level,node_kind,node_name,route_space,support_size,wrapper_name,source_type,temperature,top_k,entropy_norm,n_eff_norm,top1_monopoly_norm,jitter_adj_norm,knn_consistency_score,knn_consistency_js,n_eff,cv_usage,top1_max_frac,entropy_mean
macro,macro@1,best_valid,session,final,final.expert,expert,16,ScalarGroupConditionalProductWrapper,,,,0.9735984617092112,0.9730593003482251,0.4789203878698042,0.0,0.9936075778255117,0.006412941196023414,15.568948805571601,0.1663933147660869,0.5114878636279414,2.6993881149249583
macro,macro@1,best_valid,session,final,final.group,group,4,ScalarGroupConditionalProductWrapper,,,,0.9801205771450382,0.9937467674177985,0.3304922487801865,0.0,0.9979575603541736,0.0020445282700903935,3.974987069671194,0.07932598143815994,0.4978691865851399,1.3587356293137391
macro,macro@1,best_valid,session,final,final.intra.Exposure,intra,4,ScalarGroupConditionalProductWrapper,,,,0.9558048996928217,0.9598349404940892,0.5891544685319005,0.0,0.9963633436706946,0.0036432850397084176,3.839339761976357,0.20456238090991974,0.6918658513989253,1.3250269427749213
macro,macro@1,best_valid,session,final,final.intra.Focus,intra,4,ScalarGroupConditionalProductWrapper,,,,0.97428312817946,0.9983627228762378,0.21573713791612623,0.0,0.9967018339544761,0.0033036169838556364,3.9934508915049514,0.040496498346328735,0.41180285343709466,1.350643206729433
macro,macro@1,best_valid,session,final,final.intra.Memory,intra,4,ScalarGroupConditionalProductWrapper,,,,0.9777612155748887,0.993834007866453,0.42177753072694707,0.0,0.9956178465632951,0.004391783214148748,3.975336031465812,0.07876666441361137,0.5663331480452103,1.355464859673198
macro,macro@1,best_valid,session,final,final.intra.Tempo,intra,4,ScalarGroupConditionalProductWrapper,,,,0.9587974684336495,0.9979554578663241,0.16904453091223517,0.0,0.9932444750297669,0.006778446820123984,3.9918218314652965,0.04526283219456673,0.3767833981841764,1.3291755239455947
