stage_name,stage_key,split,aggregation_level,node_kind,node_name,route_space,support_size,wrapper_name,source_type,temperature,top_k,entropy_norm,n_eff_norm,top1_monopoly_norm,jitter_adj_norm,knn_consistency_score,knn_consistency_js,n_eff,cv_usage,top1_max_frac,entropy_mean
macro,macro@1,best_valid,session,final,final.expert,expert,12,ScalarGroupConditionalProductWrapper,,,,0.9691729505093718,0.9787920710870313,0.7223614086196555,0.0,0.9978739245770636,0.002128338729831534,11.745504853044375,0.14719866522554562,0.7454979579013509,2.4083043095153944
macro,macro@1,best_valid,session,final,final.group,group,4,ScalarGroupConditionalProductWrapper,,,,0.9571928415328624,0.9834995555345041,0.697710755052885,0.0,0.998563749068155,0.001437283328853774,3.9339982221380163,0.1295270323753357,0.7732830662896638,1.3269510387213321
macro,macro@1,best_valid,session,final,final.intra.Exposure,intra,3,ScalarGroupConditionalProductWrapper,,,,0.9761914120244066,0.9868333527144744,0.6042035815268614,0.0,0.9988922258556255,0.0011083881796687687,2.960500058143423,0.11550903721126803,0.7361357210179076,1.072455881342287
macro,macro@1,best_valid,session,final,final.intra.Focus,intra,3,ScalarGroupConditionalProductWrapper,,,,0.9851154367319258,0.9850848206002616,0.9005278039585295,0.0,0.9998360329274035,0.000163980516666523,2.9552544618007848,0.12304879358265419,0.9336852026390198,1.0822599245503455
macro,macro@1,best_valid,session,final,final.intra.Memory,intra,3,ScalarGroupConditionalProductWrapper,,,,0.9860217293633746,0.9951883733218684,0.6757021677662582,0.0,0.9994938927184646,0.0005062353970542318,2.9855651199656053,0.06953315974673152,0.7838014451775055,1.0832555887723845
macro,macro@1,best_valid,session,final,final.intra.Tempo,intra,3,ScalarGroupConditionalProductWrapper,,,,0.9281613459144403,0.9798977530714569,0.6314985862393968,0.0,0.9986629797178651,0.001337914891248283,2.9396932592143705,0.14322936480553852,0.7543323908262646,1.0196894604883364
