stage_name,stage_key,split,aggregation_level,node_kind,node_name,route_space,support_size,wrapper_name,source_type,temperature,top_k,entropy_norm,n_eff_norm,top1_monopoly_norm,jitter_adj_norm,knn_consistency_score,knn_consistency_js,n_eff,cv_usage,top1_max_frac,entropy_mean
macro,macro@1,best_valid,session,final,final.expert,expert,12,GroupConditionalProductWrapper,,,,0.9043830023397146,0.7446759374231703,0.6478478207406139,0.0,0.9928438927827475,0.007181834966334713,8.936111249078044,0.5855476758210466,0.677193835678896,2.2473073364691936
macro,macro@1,best_valid,session,final,final.group,group,4,GroupConditionalProductWrapper,,,,0.8682205974710974,0.7987870895348003,0.4546946715705644,0.0,0.9947609261272771,0.0052528459432343725,3.195148358139201,0.5018944144248962,0.5910210036779233,1.2036093184823247
macro,macro@1,best_valid,session,final,final.intra.Exposure,intra,3,GroupConditionalProductWrapper,,,,0.9144398515533768,0.8899888104325694,0.8789020942885802,0.0,0.9960756774246073,0.003932042933967957,2.6699664312977083,0.3515816449647652,0.9192680628590535,1.004614858164382
macro,macro@1,best_valid,session,final,final.intra.Focus,intra,3,GroupConditionalProductWrapper,,,,0.9823468383151088,0.9977445922100802,0.26821483935681933,0.0,0.9987768984010439,0.0012238501981876823,2.9932337766302406,0.047545626393798945,0.5121432262378796,1.0792183083072433
macro,macro@1,best_valid,session,final,final.intra.Memory,intra,3,GroupConditionalProductWrapper,,,,0.989117315803031,0.9945652041820167,0.3840694246025715,0.0,0.9996985011046766,0.00030154435525294474,2.98369561254605,0.07392292435696947,0.5893796164017143,1.0866564380756254
macro,macro@1,best_valid,session,final,final.intra.Tempo,intra,3,GroupConditionalProductWrapper,,,,0.9004910683901166,0.8643817801053325,0.5656250949876895,0.0,0.9980580382120006,0.0019438498405389912,2.5931453403159974,0.3961012841432904,0.7104167299917931,0.9892905535692574
