stage_name,stage_key,split,aggregation_level,node_kind,node_name,route_space,support_size,wrapper_name,source_type,temperature,top_k,entropy_norm,n_eff_norm,top1_monopoly_norm,jitter_adj_norm,knn_consistency_score,knn_consistency_js,n_eff,cv_usage,top1_max_frac,entropy_mean
macro,macro@1,best_valid,session,final,final.expert,expert,16,FlatJointWrapper,,,,0.7879908629581556,0.9865661260704373,0.03722365411841579,0.6833054061204692,0.9212531240058514,0.08202044443321267,15.785058017126996,0.11669064412228534,0.09739717573601481,2.184774579865775
macro,macro@1,best_valid,session,final,final.group,group,4,FlatJointWrapper,,,,0.8785827424180349,0.9959543770078965,0.04004065778487679,0.0,0.9759044833083057,0.024390562820982998,3.983817508031586,0.06373365223407745,0.2800304933386576,1.217974301591371
macro,macro@1,best_valid,session,final,final.intra.Exposure,intra,4,FlatJointWrapper,,,,0.7714762786739546,0.9968086136654362,0.05001149550465267,0.0,0.9589784559419319,0.04188666947937325,3.9872344546617446,0.05658264085650444,0.2875086216284895,1.0694932148634606
macro,macro@1,best_valid,session,final,final.intra.Focus,intra,4,FlatJointWrapper,,,,0.7676764863565472,0.997200480542567,0.027407703198170392,0.0,0.9497840372648958,0.05152064942559512,3.988801922170268,0.05298433938809164,0.2705557773986278,1.064225584200412
macro,macro@1,best_valid,session,final,final.intra.Memory,intra,4,FlatJointWrapper,,,,0.7077885859082179,0.9839611182890545,0.08156968090899193,0.0,0.9437655379153903,0.05787751453812545,3.935844473156218,0.1276732908292586,0.31117726068174395,0.9812033255095837
macro,macro@1,best_valid,session,final,final.intra.Tempo,intra,4,FlatJointWrapper,,,,0.7330473722586027,0.9926605480703157,0.06182161396885322,0.0,0.9475229440494684,0.053904126963103226,3.9706421922812627,0.0859871432185173,0.2963662104766399,1.0162194385958543
