stage_name,stage_key,split,aggregation_level,node_kind,node_name,route_space,support_size,wrapper_name,source_type,temperature,top_k,entropy_norm,n_eff_norm,top1_monopoly_norm,jitter_adj_norm,knn_consistency_score,knn_consistency_js,n_eff,cv_usage,top1_max_frac,entropy_mean
macro,macro@1,best_valid,session,final,final.expert,expert,12,ScalarGroupConditionalProductWrapper,,,,0.6744201616345159,0.4453170355289248,0.7271453898972485,0.0,0.9461456249126752,0.05535878423760025,5.343804426347098,1.1160608106942194,0.7498832740724778,1.6758711443967065
macro,macro@1,best_valid,session,final,final.group,group,4,ScalarGroupConditionalProductWrapper,,,,0.7848203232118366,0.7523515785098832,0.718900022746591,0.0,0.9874989255971173,0.012579870210371212,3.009406314039533,0.5737297534942627,0.7891750170599433,1.087991988560859
macro,macro@1,best_valid,session,final,final.intra.Exposure,intra,3,ScalarGroupConditionalProductWrapper,,,,0.41436995447047886,0.5441366599935621,0.7839672449089536,0.0,0.9596252025641518,0.041212484747316196,1.6324099799806862,0.9152996863335464,0.8559781632726359,0.45523192403611323
macro,macro@1,best_valid,session,final,final.intra.Focus,intra,3,ScalarGroupConditionalProductWrapper,,,,0.6274069487493711,0.9395607877278823,0.1670078655317315,0.0,0.9433621270919083,0.0583050540598095,2.818682363183647,0.25362784404671657,0.44467191035448767,0.689276983891822
macro,macro@1,best_valid,session,final,final.intra.Memory,intra,3,ScalarGroupConditionalProductWrapper,,,,0.8770242733833521,0.9136851245350353,0.3893438207089753,0.0,0.9807115086329048,0.01947694153198347,2.7410553736051058,0.30735785343176564,0.5928958804726502,0.9635096441991704
macro,macro@1,best_valid,session,final,final.intra.Tempo,intra,3,ScalarGroupConditionalProductWrapper,,,,0.47777821121032743,0.9284493112189592,0.08894515677189961,0.0,0.9442505383489922,0.057363747255772854,2.785347933656878,0.2776050460213368,0.39263010451459973,0.5248930140935334
