{
  "model": "GRU4Rec",
  "dataset": "lastfm0.03",
  "dataset_raw": "lastfm0.03",
  "max_evals": 4,
  "tune_epochs": 18,
  "n_completed": 4,
  "n_recorded_trials": 4,
  "timestamp": "2026-04-12T09:51:45.485467",
  "trials": [
    {
      "trial": 1,
      "params": {
        "learning_rate": 0.002117811144405516
      },
      "mrr@20": 0.0839,
      "valid_result": {
        "hit@5": 0.1113,
        "hit@10": 0.1371,
        "hit@20": 0.1581,
        "ndcg@5": 0.087,
        "ndcg@10": 0.0955,
        "ndcg@20": 0.1008,
        "mrr@5": 0.079,
        "mrr@10": 0.0825,
        "mrr@20": 0.0839
      },
      "test_result": {
        "hit@5": 0.1039,
        "hit@10": 0.1289,
        "hit@20": 0.1549,
        "ndcg@5": 0.0802,
        "ndcg@10": 0.0882,
        "ndcg@20": 0.0947,
        "mrr@5": 0.0723,
        "mrr@10": 0.0756,
        "mrr@20": 0.0773
      },
      "best_hr@10": 0.1371,
      "test_mrr@20": 0.0773,
      "test_hr@10": 0.1289,
      "epochs_run": 18,
      "early_stop_epoch": 18,
      "early_stopped": false,
      "elapsed": 50.6,
      "status": "ok"
    },
    {
      "trial": 2,
      "params": {
        "learning_rate": 0.0024643410469255057
      },
      "mrr@20": 0.0021,
      "valid_result": {
        "hit@5": 0.0021,
        "hit@10": 0.0021,
        "hit@20": 0.0029,
        "ndcg@5": 0.002,
        "ndcg@10": 0.002,
        "ndcg@20": 0.0022,
        "mrr@5": 0.002,
        "mrr@10": 0.002,
        "mrr@20": 0.0021
      },
      "test_result": {
        "hit@5": 0.0019,
        "hit@10": 0.0021,
        "hit@20": 0.0032,
        "ndcg@5": 0.0017,
        "ndcg@10": 0.0018,
        "ndcg@20": 0.002,
        "mrr@5": 0.0017,
        "mrr@10": 0.0017,
        "mrr@20": 0.0017
      },
      "best_hr@10": 0.0021,
      "test_mrr@20": 0.0017,
      "test_hr@10": 0.0021,
      "epochs_run": 4,
      "early_stop_epoch": 4,
      "early_stopped": true,
      "elapsed": 10.7,
      "status": "ok"
    },
    {
      "trial": 3,
      "params": {
        "learning_rate": 0.0023919065688467896
      },
      "mrr@20": 0.1037,
      "valid_result": {
        "hit@5": 0.1345,
        "hit@10": 0.1616,
        "hit@20": 0.1876,
        "ndcg@5": 0.1073,
        "ndcg@10": 0.1161,
        "ndcg@20": 0.1226,
        "mrr@5": 0.0984,
        "mrr@10": 0.102,
        "mrr@20": 0.1037
      },
      "test_result": {
        "hit@5": 0.132,
        "hit@10": 0.1581,
        "hit@20": 0.1825,
        "ndcg@5": 0.1055,
        "ndcg@10": 0.1139,
        "ndcg@20": 0.1201,
        "mrr@5": 0.0967,
        "mrr@10": 0.1002,
        "mrr@20": 0.1019
      },
      "best_hr@10": 0.1616,
      "test_mrr@20": 0.1019,
      "test_hr@10": 0.1581,
      "epochs_run": 18,
      "early_stop_epoch": 18,
      "early_stopped": false,
      "elapsed": 49.1,
      "status": "ok"
    },
    {
      "trial": 4,
      "params": {
        "learning_rate": 0.006197389069426649
      },
      "mrr@20": 0.0858,
      "valid_result": {
        "hit@5": 0.1127,
        "hit@10": 0.1353,
        "hit@20": 0.1587,
        "ndcg@5": 0.0891,
        "ndcg@10": 0.0963,
        "ndcg@20": 0.1022,
        "mrr@5": 0.0813,
        "mrr@10": 0.0842,
        "mrr@20": 0.0858
      },
      "test_result": {
        "hit@5": 0.114,
        "hit@10": 0.1376,
        "hit@20": 0.161,
        "ndcg@5": 0.0886,
        "ndcg@10": 0.0962,
        "ndcg@20": 0.1022,
        "mrr@5": 0.0802,
        "mrr@10": 0.0833,
        "mrr@20": 0.085
      },
      "best_hr@10": 0.1353,
      "test_mrr@20": 0.085,
      "test_hr@10": 0.1376,
      "epochs_run": 18,
      "early_stop_epoch": 18,
      "early_stopped": false,
      "elapsed": 49.4,
      "status": "ok"
    }
  ],
  "run_group": "baseline",
  "run_axis": "stageh_targetedrecovery_anchor2_core5",
  "run_phase": "P23_SH_C13_MGRU4REC_OLD_C7_D5_PASS2_XLRLO_S1",
  "parent_result": "",
  "interrupted": false,
  "interrupted_at": null,
  "tuned_search": {
    "learning_rate": [
      0.0009291446002921755,
      0.007240659250595682
    ]
  },
  "fixed_search": {
    "num_layers": 1,
    "weight_decay": 0.00042592000000000015,
    "dropout_ratio": 0.26,
    "n_layers": 1,
    "n_heads": 4,
    "num_heads": 4,
    "dropout_prob": 0.26,
    "hidden_dropout_prob": 0.26,
    "attn_dropout_prob": 0.26,
    "hidden_size": 264,
    "embedding_size": 264,
    "inner_size": 288,
    "time_span": 384,
    "num_experts": 6,
    "state_size": 24,
    "conv_kernel": 6,
    "remaining_ratio": 0.6,
    "MAX_ITEM_LIST_LENGTH": 10
  },
  "context_fixed": {
    "num_layers": 1,
    "search_space_type_overrides": {
      "learning_rate": "loguniform",
      "weight_decay": "choice",
      "dropout_ratio": "choice",
      "n_layers": "choice",
      "num_layers": "choice",
      "n_heads": "choice",
      "num_heads": "choice",
      "dropout_prob": "choice",
      "hidden_dropout_prob": "choice",
      "attn_dropout_prob": "choice",
      "hidden_size": "choice",
      "embedding_size": "choice",
      "inner_size": "choice",
      "time_span": "choice",
      "num_experts": "choice",
      "state_size": "choice",
      "conv_kernel": "choice",
      "remaining_ratio": "choice",
      "MAX_ITEM_LIST_LENGTH": "choice"
    }
  },
  "best_params": {
    "learning_rate": 0.0023919065688467896
  },
  "best_mrr@20": 0.1037,
  "best_hr@10": 0.1616,
  "test_mrr@20": 0.1019,
  "test_hr@10": 0.1581,
  "best_valid_result": {
    "hit@5": 0.1345,
    "hit@10": 0.1616,
    "hit@20": 0.1876,
    "ndcg@5": 0.1073,
    "ndcg@10": 0.1161,
    "ndcg@20": 0.1226,
    "mrr@5": 0.0984,
    "mrr@10": 0.102,
    "mrr@20": 0.1037
  },
  "test_result": {
    "hit@5": 0.132,
    "hit@10": 0.1581,
    "hit@20": 0.1825,
    "ndcg@5": 0.1055,
    "ndcg@10": 0.1139,
    "ndcg@20": 0.1201,
    "mrr@5": 0.0967,
    "mrr@10": 0.1002,
    "mrr@20": 0.1019
  },
  "best_valid_special_metrics": {
    "split": "best_valid",
    "overall": {
      "count": 3763,
      "hit@20": 0.18761626361945258,
      "ndcg@20": 0.1226051797654253,
      "mrr@20": 0.10372945454358706
    },
    "slices": {
      "target_popularity_abs": {
        "rare_1_5": {
          "count": 3735,
          "hit@20": 0.185809906291834,
          "ndcg@20": 0.12080328353198178,
          "mrr@20": 0.10194125946765763
        },
        "6_20": {
          "count": 28,
          "hit@20": 0.42857142857142855,
          "ndcg@20": 0.3629652666194098,
          "mrr@20": 0.34226190485060215
        }
      },
      "target_popularity_abs_legacy": {
        "<=5": {
          "count": 3735,
          "hit@20": 0.185809906291834,
          "ndcg@20": 0.12080328353198178,
          "mrr@20": 0.10194125946765763
        },
        "6-20": {
          "count": 28,
          "hit@20": 0.42857142857142855,
          "ndcg@20": 0.3629652666194098,
          "mrr@20": 0.34226190485060215
        }
      },
      "session_len": {
        "<=7": {
          "count": 1152,
          "hit@20": 0.1736111111111111,
          "ndcg@20": 0.10824838530323985,
          "mrr@20": 0.08906173123978078
        },
        "8-12": {
          "count": 2611,
          "hit@20": 0.19379548065875143,
          "ndcg@20": 0.12893954484410688,
          "mrr@20": 0.11020100461864828
        }
      },
      "session_len_legacy": {
        "3-5": {
          "count": 665,
          "hit@20": 0.1518796992481203,
          "ndcg@20": 0.09106681190038982,
          "mrr@20": 0.07302769521125277
        },
        "6-10": {
          "count": 3098,
          "hit@20": 0.19528728211749516,
          "ndcg@20": 0.1293750360050149,
          "mrr@20": 0.11031972889994675
        }
      }
    },
    "counts": {
      "target_popularity_abs": {
        "rare_1_5": 3735,
        "6_20": 28
      },
      "target_popularity_abs_legacy": {
        "<=5": 3735,
        "6-20": 28
      },
      "session_len": {
        "<=7": 1152,
        "8-12": 2611
      },
      "session_len_legacy": {
        "3-5": 665,
        "6-10": 3098
      }
    },