{
  "split": "best_valid",
  "feature_mode": "none",
  "stages": [
    {
      "stage": "macro@1",
      "n_eff": 3.4319801321245222,
      "cv_usage": 0.4068266451358795,
      "top1_max_frac": 0.9811261029557234,
      "entropy_mean": 1.299717630351561,
      "route_jitter_adjacent": 0.0,
      "route_consistency_knn_js": 0.0018479757971271646,
      "route_consistency_knn_score": 0.9981537306588213,
      "route_consistency_group_knn_js": 0.0018479757971271646,
      "route_consistency_group_knn_score": 0.9981537306588213,
      "route_consistency_intra_group_knn_mean_js": 0.0,
      "route_consistency_intra_group_knn_mean_score": 1.0,
      "route_consistency_feature_group_knn_mean_score": 0.9963265406656685,
      "family_top_expert_mean_share": 0.4254235625267029,
      "route_consistency_feature_group_knn_tempo_js": 0.0038056088774910857,
      "route_consistency_feature_group_knn_tempo_score": 0.9962016232748168,
      "route_consistency_feature_group_knn_focus_js": 0.0038229933327421114,
      "route_consistency_feature_group_knn_focus_score": 0.9961843050028107,
      "route_consistency_feature_group_knn_memory_js": 0.004565294281555333,
      "route_consistency_feature_group_knn_memory_score": 0.9954451108342226,
      "route_consistency_feature_group_knn_exposure_js": 0.002528069325262017,
      "route_consistency_feature_group_knn_exposure_score": 0.9974751235508239
    }
  ]
}
