best_mrr20,epoch,epoch_time_sec,eval,lr,patience_used,train_loss,trial,valid_mrr20
0.043,1,41.19622302055359,1,0.0012804830493876025,0,1342.0657687187195,1,0.043
0.0673,3,40.18283724784851,1,0.00120339610844414,0,1105.4534645080566,1,0.0673
0.0845,10,39.899672508239746,1,0.000550796569375309,0,1017.8518342971802,1,0.0845
0.0868,15,39.95300793647766,1,0.0001682481142045757,0,993.0703315734863,1,0.0868
0.0868,18,40.53614354133606,1,0.000129037,3,987.6812996864319,1,0.0843
