stage_name,stage_key,split,aggregation_level,node_kind,node_name,route_space,support_size,wrapper_name,source_type,temperature,top_k,entropy_norm,n_eff_norm,top1_monopoly_norm,jitter_adj_norm,knn_consistency_score,knn_consistency_js,n_eff,cv_usage,top1_max_frac,entropy_mean
macro,macro@1,best_valid,session,final,final.expert,expert,16,FlatJointWrapper,,,,0.8693403871165999,0.9802244584033081,0.05883515533320981,0.7068172312839816,0.9217128960759065,0.08152149646066889,15.68359133445293,0.14203700423240662,0.1176579581248842,2.4103233531070503
macro,macro@1,best_valid,session,final,final.group,group,4,FlatJointWrapper,,,,0.9259620301046488,0.9960519400825804,0.08591192637885244,0.0,0.9761122877154788,0.024177650297850215,3.9842077603303214,0.06295695900917053,0.31443394478413933,1.283655940945201
macro,macro@1,best_valid,session,final,final.intra.Exposure,intra,4,FlatJointWrapper,,,,0.8258914111467542,0.9874632567987062,0.09072941757766657,0.0,0.9450894014285237,0.05647575127686693,3.9498530271948247,0.1126754954457283,0.31804706318324993,1.1449286061700945
macro,macro@1,best_valid,session,final,final.intra.Focus,intra,4,FlatJointWrapper,,,,0.8496246228428969,0.9857498494396216,0.12099314433944786,0.0,0.947773385706829,0.053639849915882394,3.9429993977584865,0.12023364007472992,0.3407448582545859,1.1778298237157216
macro,macro@1,best_valid,session,final,final.intra.Memory,intra,4,FlatJointWrapper,,,,0.8544274364175599,0.9842616378625565,0.13631029584336982,0.0,0.9498977744586139,0.0514009060105116,3.937046551450226,0.12645171582698822,0.35223272188252736,1.1844879370917871
macro,macro@1,best_valid,session,final,final.intra.Tempo,intra,4,FlatJointWrapper,,,,0.8489706622704892,0.9954646036995894,0.08134148601074671,0.0,0.949603875257424,0.05171035475837562,3.981858414798358,0.06749867647886276,0.31100611450806004,1.1769232418617983
