{
  "split": "best_valid",
  "feature_mode": "runtime:unknown|ablation:none",
  "stages": [
    {
      "stage": "macro@1",
      "n_eff": 15.888523230167065,
      "cv_usage": 0.08376379065297786,
      "top1_max_frac": 0.7795393359258151,
      "entropy_mean": 2.7325670594338916,
      "route_jitter_adjacent": 0.0,
      "route_consistency_knn_js": 0.000947176649619898,
      "route_consistency_knn_score": 0.9990532717805909,
      "route_consistency_group_knn_js": 0.0008186625711845629,
      "route_consistency_group_knn_score": 0.9991816724415912,
      "route_consistency_intra_group_knn_mean_js": 0.0001317483077399088,
      "route_consistency_intra_group_knn_mean_score": 0.999868262150579,
      "route_consistency_feature_group_knn_mean_score": 0.9983988630582594,
      "family_top_expert_mean_share": 0.07213414460420609,
      "route_consistency_feature_group_knn_tempo_js": 0.001605485995230302,
      "route_consistency_feature_group_knn_tempo_score": 0.9983958021079741,
      "route_consistency_feature_group_knn_focus_js": 0.0009555183529283441,
      "route_consistency_feature_group_knn_focus_score": 0.9990449380093673,
      "route_consistency_feature_group_knn_memory_js": 0.0015703912176774069,
      "route_consistency_feature_group_knn_memory_score": 0.9984308412013998,
      "route_consistency_feature_group_knn_exposure_js": 0.002278723404928448,
      "route_consistency_feature_group_knn_exposure_score": 0.9977238709142968
    }
  ]
}
