best_mrr20,epoch,epoch_time_sec,eval,lr,patience_used,train_loss,trial,valid_mrr20
0.0036,1,2.887932062149048,1,0.0005672,0,80.67407703399658,1,0.0036
0.0084,3,1.9664230346679688,1,0.0005672,0,74.25527667999268,1,0.0084
0.0483,10,1.9136285781860352,1,0.0005672,0,58.09818077087402,1,0.0483
0.0934,46,1.9328911304473877,1,0.0005672,0,24.24328851699829,1,0.0934
0.0934,56,1.7542328834533691,1,0.0005672,10,19.19714093208313,1,0.0896
