best_mrr20,epoch,epoch_time_sec,eval,lr,patience_used,train_loss,trial,valid_mrr20
0.0135,1,17.988325834274292,1,0.0002738,0,685.3955116271973,1,0.0135
0.0161,3,16.92090153694153,1,0.0002738,0,601.0467510223389,1,0.0161
0.0183,8,17.436198234558105,1,0.0002738,0,532.886739730835,1,0.0183
0.0183,10,16.982277631759644,1,0.0002738,2,515.9001932144165,1,0.0178
0.0183,18,16.805457592010498,1,0.0002738,10,458.03541326522827,1,0.0166
