best_mrr20,epoch,epoch_time_sec,eval,lr,patience_used,train_loss,trial,valid_mrr20
0.0015,1,2.8634755611419678,1,0.0005672,0,80.55410957336426,1,0.0015
0.0084,3,1.8870055675506592,1,0.0005672,0,73.97692155838013,1,0.0084
0.0508,10,1.8431310653686523,1,0.0005672,0,57.7932825088501,1,0.0508
0.1007,39,1.909719705581665,1,0.0005672,0,27.644431829452515,1,0.1007
0.1007,49,1.6724703311920166,1,0.0005672,10,21.460605144500732,1,0.0964
