{
  "split": "best_valid",
  "feature_mode": "none",
  "stages": [
    {
      "stage": "macro@1",
      "n_eff": 3.9752041628573522,
      "cv_usage": 0.07897915416831697,
      "top1_max_frac": 0.7668161434977578,
      "entropy_mean": 1.3121023135334922,
      "route_jitter_adjacent": 0.0,
      "route_consistency_knn_js": 0.002125269678410921,
      "route_consistency_knn_score": 0.997876987108149,
      "route_consistency_group_knn_js": 0.002125269678410921,
      "route_consistency_group_knn_score": 0.997876987108149,
      "route_consistency_intra_group_knn_mean_js": 0.0,
      "route_consistency_intra_group_knn_mean_score": 1.0,
      "route_consistency_feature_group_knn_mean_score": 0.9958446946672359,
      "family_top_expert_mean_share": 0.2882508635520935,
      "route_consistency_feature_group_knn_tempo_js": 0.001772210548559064,
      "route_consistency_feature_group_knn_tempo_score": 0.9982293588892934,
      "route_consistency_feature_group_knn_focus_js": 0.006236355840874631,
      "route_consistency_feature_group_knn_focus_score": 0.9937830498649608,
      "route_consistency_feature_group_knn_memory_js": 0.0032477781913307106,
      "route_consistency_feature_group_knn_memory_score": 0.9967574901352639,
      "route_consistency_feature_group_knn_exposure_js": 0.005405704750778953,
      "route_consistency_feature_group_knn_exposure_score": 0.9946088797794251
    }
  ]
}
