{
  "model": "SIGMA",
  "dataset": "lastfm0.03",
  "dataset_raw": "lastfm0.03",
  "max_evals": 7,
  "tune_epochs": 100,
  "n_completed": 7,
  "n_recorded_trials": 7,
  "timestamp": "2026-03-17T07:44:26.841706",
  "trials": [
    {
      "trial": 1,
      "params": {
        "learning_rate": 6.419921028634423e-05
      },
      "mrr@20": 0.1079,
      "valid_result": {
        "hit@5": 0.1168,
        "hit@10": 0.1233,
        "hit@20": 0.1293,
        "ndcg@5": 0.1091,
        "ndcg@10": 0.1112,
        "ndcg@20": 0.1127,
        "mrr@5": 0.1066,
        "mrr@10": 0.1074,
        "mrr@20": 0.1079
      },
      "test_result": {
        "hit@5": 0.1096,
        "hit@10": 0.1156,
        "hit@20": 0.1218,
        "ndcg@5": 0.1024,
        "ndcg@10": 0.1043,
        "ndcg@20": 0.1059,
        "mrr@5": 0.0999,
        "mrr@10": 0.1007,
        "mrr@20": 0.1012
      },
      "best_hr@10": 0.1233,
      "test_mrr@20": 0.1012,
      "test_hr@10": 0.1156,
      "epochs_run": 100,
      "early_stop_epoch": 100,
      "early_stopped": false,
      "elapsed": 1846.8,
      "status": "ok"
    },
    {
      "trial": 2,
      "params": {
        "learning_rate": 0.00015128712504218264
      },
      "mrr@20": 0.3295,
      "valid_result": {
        "hit@5": 0.3538,
        "hit@10": 0.3683,
        "hit@20": 0.383,
        "ndcg@5": 0.3334,
        "ndcg@10": 0.3381,
        "ndcg@20": 0.3418,
        "mrr@5": 0.3266,
        "mrr@10": 0.3285,
        "mrr@20": 0.3295
      },
      "test_result": {
        "hit@5": 0.3317,
        "hit@10": 0.3458,
        "hit@20": 0.3602,
        "ndcg@5": 0.312,
        "ndcg@10": 0.3165,
        "ndcg@20": 0.3202,
        "mrr@5": 0.3054,
        "mrr@10": 0.3072,
        "mrr@20": 0.3082
      },
      "best_hr@10": 0.3683,
      "test_mrr@20": 0.3082,
      "test_hr@10": 0.3458,
      "epochs_run": 100,
      "early_stop_epoch": 100,
      "early_stopped": false,
      "elapsed": 1846.6,
      "status": "ok"
    },
    {
      "trial": 3,
      "params": {
        "learning_rate": 0.00010586700046255334
      },
      "mrr@20": 0.2112,
      "valid_result": {
        "hit@5": 0.2264,
        "hit@10": 0.2369,
        "hit@20": 0.2484,
        "ndcg@5": 0.2134,
        "ndcg@10": 0.2167,
        "ndcg@20": 0.2197,
        "mrr@5": 0.209,
        "mrr@10": 0.2104,
        "mrr@20": 0.2112
      },
      "test_result": {
        "hit@5": 0.2142,
        "hit@10": 0.2243,
        "hit@20": 0.2354,
        "ndcg@5": 0.2007,
        "ndcg@10": 0.2039,
        "ndcg@20": 0.2067,
        "mrr@5": 0.1961,
        "mrr@10": 0.1975,
        "mrr@20": 0.1983
      },
      "best_hr@10": 0.2369,
      "test_mrr@20": 0.1983,
      "test_hr@10": 0.2243,
      "epochs_run": 100,
      "early_stop_epoch": 100,
      "early_stopped": false,
      "elapsed": 1848.9,
      "status": "ok"
    },
    {
      "trial": 4,
      "params": {
        "learning_rate": 0.00046014262044071397
      },
      "mrr@20": 0.3849,
      "valid_result": {
        "hit@5": 0.4166,
        "hit@10": 0.4331,
        "hit@20": 0.4473,
        "ndcg@5": 0.3905,
        "ndcg@10": 0.3958,
        "ndcg@20": 0.3994,
        "mrr@5": 0.3817,
        "mrr@10": 0.3839,
        "mrr@20": 0.3849
      },
      "test_result": {
        "hit@5": 0.3933,
        "hit@10": 0.4092,
        "hit@20": 0.4241,
        "ndcg@5": 0.369,
        "ndcg@10": 0.3741,
        "ndcg@20": 0.3779,
        "mrr@5": 0.3608,
        "mrr@10": 0.363,
        "mrr@20": 0.364
      },
      "best_hr@10": 0.4331,
      "test_mrr@20": 0.364,
      "test_hr@10": 0.4092,
      "epochs_run": 59,
      "early_stop_epoch": 59,
      "early_stopped": true,
      "elapsed": 1088.7,
      "status": "ok"
    },
    {
      "trial": 5,
      "params": {
        "learning_rate": 0.0001819337079177721
      },
      "mrr@20": 0.3734,
      "valid_result": {
        "hit@5": 0.401,
        "hit@10": 0.4167,
        "hit@20": 0.4318,
        "ndcg@5": 0.378,
        "ndcg@10": 0.3831,
        "ndcg@20": 0.3869,
        "mrr@5": 0.3702,
        "mrr@10": 0.3724,
        "mrr@20": 0.3734
      },
      "test_result": {
        "hit@5": 0.3803,
        "hit@10": 0.3954,
        "hit@20": 0.4103,
        "ndcg@5": 0.3573,
        "ndcg@10": 0.3622,
        "ndcg@20": 0.366,
        "mrr@5": 0.3496,
        "mrr@10": 0.3516,
        "mrr@20": 0.3527
      },
      "best_hr@10": 0.4167,
      "test_mrr@20": 0.3527,
      "test_hr@10": 0.3954,
      "epochs_run": 100,
      "early_stop_epoch": 100,
      "early_stopped": false,
      "elapsed": 1849.4,
      "status": "ok"
    },
    {
      "trial": 6,
      "params": {
        "learning_rate": 0.0004519268119350348
      },
      "mrr@20": 0.3849,
      "valid_result": {
        "hit@5": 0.4162,
        "hit@10": 0.4325,
        "hit@20": 0.4474,
        "ndcg@5": 0.3904,
        "ndcg@10": 0.3957,
        "ndcg@20": 0.3994,
        "mrr@5": 0.3817,
        "mrr@10": 0.3839,
        "mrr@20": 0.3849
      },
      "test_result": {
        "hit@5": 0.3937,
        "hit@10": 0.4095,
        "hit@20": 0.424,
        "ndcg@5": 0.3692,
        "ndcg@10": 0.3743,
        "ndcg@20": 0.378,
        "mrr@5": 0.361,
        "mrr@10": 0.3631,
        "mrr@20": 0.3641
      },
      "best_hr@10": 0.4325,
      "test_mrr@20": 0.3641,
      "test_hr@10": 0.4095,
      "epochs_run": 59,
      "early_stop_epoch": 59,
      "early_stopped": true,
      "elapsed": 1090.6,
      "status": "ok"
    },
    {
      "trial": 7,
      "params": {
        "learning_rate": 0.0006418715650405751
      },
      "mrr@20": 0.3868,
      "valid_result": {
        "hit@5": 0.4209,
        "hit@10": 0.4367,
        "hit@20": 0.4523,
        "ndcg@5": 0.393,
        "ndcg@10": 0.3981,
        "ndcg@20": 0.402,
        "mrr@5": 0.3836,
        "mrr@10": 0.3857,
        "mrr@20": 0.3868
      },
      "test_result": {
        "hit@5": 0.3983,
        "hit@10": 0.4141,
        "hit@20": 0.4296,
        "ndcg@5": 0.3712,
        "ndcg@10": 0.3763,
        "ndcg@20": 0.3803,
        "mrr@5": 0.3621,
        "mrr@10": 0.3642,
        "mrr@20": 0.3653
      },
      "best_hr@10": 0.4367,
      "test_mrr@20": 0.3653,
      "test_hr@10": 0.4141,
      "epochs_run": 44,
      "early_stop_epoch": 44,
      "early_stopped": true,
      "elapsed": 813.0,
      "status": "ok"
    }
  ],
  "run_group": "baseline",
  "run_axis": "hparam",
  "run_phase": "P1_FIXREG_W2_D01_SIGMA_C6",
  "parent_result": "",
  "interrupted": false,
  "interrupted_at": null,
  "tuned_search": {
    "learning_rate": [
      5e-05,
      0.0008
    ]
  },
  "fixed_search": {
    "num_layers": 1,
    "state_size": 32,
    "remaining_ratio": 0.6,
    "conv_kernel": 4,
    "weight_decay": 0.0001,
    "dropout_ratio": 0.05
  },
  "context_fixed": {
    "num_layers": 1,
    "search_space_type_overrides": {
      "learning_rate": "loguniform",
      "weight_decay": "choice",
      "dropout_ratio": "choice"
    },
    "combo_id": "C6"
  },
  "best_params": {
    "learning_rate": 0.0006418715650405751
  },
  "best_mrr@20": 0.3868,
  "best_hr@10": 0.4367,
  "test_mrr@20": 0.3653,
  "test_hr@10": 0.4141,
  "best_valid_result": {
    "hit@5": 0.4209,
    "hit@10": 0.4367,
    "hit@20": 0.4523,
    "ndcg@5": 0.393,
    "ndcg@10": 0.3981,
    "ndcg@20": 0.402,
    "mrr@5": 0.3836,
    "mrr@10": 0.3857,
    "mrr@20": 0.3868
  },
  "test_result": {
    "hit@5": 0.3983,
    "hit@10": 0.4141,
    "hit@20": 0.4296,
    "ndcg@5": 0.3712,
    "ndcg@10": 0.3763,
    "ndcg@20": 0.3803,
    "mrr@5": 0.3621,
    "mrr@10": 0.3642,
    "mrr@20": 0.3653
  },
  "best_valid_special_metrics": {},
  "early_valid_result": {},
  "early_valid_special_metrics": {},
  "test_special_metrics": {},
  "normal_result_mirror_file": "/workspace/jy1559/FMoE/experiments/run/artifacts/results/baseline/normal/hparam/P1/lastfm0.03/SIGMA/lastfm0.03_SIGMA_p1_fixreg_w2_d01_sigma_c6_20260317_045115_695763_pid118268.json",