{
  "model": "SIGMA",
  "dataset": "lastfm0.03",
  "dataset_raw": "lastfm0.03",
  "max_evals": 7,
  "tune_epochs": 100,
  "n_completed": 7,
  "n_recorded_trials": 7,
  "timestamp": "2026-03-16T23:09:25.057449",
  "trials": [
    {
      "trial": 1,
      "params": {
        "learning_rate": 0.00011395039999321318
      },
      "mrr@20": 0.1898,
      "valid_result": {
        "hit@5": 0.2039,
        "hit@10": 0.2146,
        "hit@20": 0.2249,
        "ndcg@5": 0.1918,
        "ndcg@10": 0.1952,
        "ndcg@20": 0.1978,
        "mrr@5": 0.1877,
        "mrr@10": 0.1891,
        "mrr@20": 0.1898
      },
      "test_result": {
        "hit@5": 0.1905,
        "hit@10": 0.2007,
        "hit@20": 0.2105,
        "ndcg@5": 0.1785,
        "ndcg@10": 0.1818,
        "ndcg@20": 0.1843,
        "mrr@5": 0.1745,
        "mrr@10": 0.1759,
        "mrr@20": 0.1765
      },
      "best_hr@10": 0.2146,
      "test_mrr@20": 0.1765,
      "test_hr@10": 0.2007,
      "epochs_run": 100,
      "early_stop_epoch": 100,
      "early_stopped": false,
      "elapsed": 1184.4,
      "status": "ok"
    },
    {
      "trial": 2,
      "params": {
        "learning_rate": 5.49967072969254e-05
      },
      "mrr@20": 0.0802,
      "valid_result": {
        "hit@5": 0.0861,
        "hit@10": 0.091,
        "hit@20": 0.0963,
        "ndcg@5": 0.0809,
        "ndcg@10": 0.0825,
        "ndcg@20": 0.0838,
        "mrr@5": 0.0792,
        "mrr@10": 0.0798,
        "mrr@20": 0.0802
      },
      "test_result": {
        "hit@5": 0.0799,
        "hit@10": 0.0847,
        "hit@20": 0.0894,
        "ndcg@5": 0.075,
        "ndcg@10": 0.0765,
        "ndcg@20": 0.0777,
        "mrr@5": 0.0733,
        "mrr@10": 0.0739,
        "mrr@20": 0.0742
      },
      "best_hr@10": 0.091,
      "test_mrr@20": 0.0742,
      "test_hr@10": 0.0847,
      "epochs_run": 100,
      "early_stop_epoch": 100,
      "early_stopped": false,
      "elapsed": 1176.1,
      "status": "ok"
    },
    {
      "trial": 3,
      "params": {
        "learning_rate": 5.34884852809037e-05
      },
      "mrr@20": 0.0017,
      "valid_result": {
        "hit@5": 0.0021,
        "hit@10": 0.0026,
        "hit@20": 0.0032,
        "ndcg@5": 0.0017,
        "ndcg@10": 0.0019,
        "ndcg@20": 0.002,
        "mrr@5": 0.0016,
        "mrr@10": 0.0016,
        "mrr@20": 0.0017
      },
      "test_result": {
        "hit@5": 0.0026,
        "hit@10": 0.0028,
        "hit@20": 0.0035,
        "ndcg@5": 0.0021,
        "ndcg@10": 0.0022,
        "ndcg@20": 0.0024,
        "mrr@5": 0.0019,
        "mrr@10": 0.002,
        "mrr@20": 0.002
      },
      "best_hr@10": 0.0026,
      "test_mrr@20": 0.002,
      "test_hr@10": 0.0028,
      "epochs_run": 11,
      "early_stop_epoch": 11,
      "early_stopped": true,
      "elapsed": 129.1,
      "status": "ok"
    },
    {
      "trial": 4,
      "params": {
        "learning_rate": 0.000129620534676017
      },
      "mrr@20": 0.2309,
      "valid_result": {
        "hit@5": 0.2494,
        "hit@10": 0.2619,
        "hit@20": 0.2766,
        "ndcg@5": 0.2336,
        "ndcg@10": 0.2376,
        "ndcg@20": 0.2413,
        "mrr@5": 0.2282,
        "mrr@10": 0.2299,
        "mrr@20": 0.2309
      },
      "test_result": {
        "hit@5": 0.2351,
        "hit@10": 0.2469,
        "hit@20": 0.2602,
        "ndcg@5": 0.2191,
        "ndcg@10": 0.2229,
        "ndcg@20": 0.2263,
        "mrr@5": 0.2137,
        "mrr@10": 0.2153,
        "mrr@20": 0.2162
      },
      "best_hr@10": 0.2619,
      "test_mrr@20": 0.2162,
      "test_hr@10": 0.2469,
      "epochs_run": 100,
      "early_stop_epoch": 100,
      "early_stopped": false,
      "elapsed": 1185.3,
      "status": "ok"
    },
    {
      "trial": 5,
      "params": {
        "learning_rate": 0.00027265253909487363
      },
      "mrr@20": 0.3988,
      "valid_result": {
        "hit@5": 0.428,
        "hit@10": 0.4435,
        "hit@20": 0.4595,
        "ndcg@5": 0.4038,
        "ndcg@10": 0.4088,
        "ndcg@20": 0.4128,
        "mrr@5": 0.3956,
        "mrr@10": 0.3977,
        "mrr@20": 0.3988
      },
      "test_result": {
        "hit@5": 0.4059,
        "hit@10": 0.4212,
        "hit@20": 0.4367,
        "ndcg@5": 0.3822,
        "ndcg@10": 0.3872,
        "ndcg@20": 0.3911,
        "mrr@5": 0.3743,
        "mrr@10": 0.3764,
        "mrr@20": 0.3774
      },
      "best_hr@10": 0.4435,
      "test_mrr@20": 0.3774,
      "test_hr@10": 0.4212,
      "epochs_run": 100,
      "early_stop_epoch": 100,
      "early_stopped": false,
      "elapsed": 1184.4,
      "status": "ok"
    },
    {
      "trial": 6,
      "params": {
        "learning_rate": 0.0003093815802355719
      },
      "mrr@20": 0.3994,
      "valid_result": {
        "hit@5": 0.4277,
        "hit@10": 0.4431,
        "hit@20": 0.4595,
        "ndcg@5": 0.4042,
        "ndcg@10": 0.4092,
        "ndcg@20": 0.4133,
        "mrr@5": 0.3962,
        "mrr@10": 0.3983,
        "mrr@20": 0.3994
      },
      "test_result": {
        "hit@5": 0.4043,
        "hit@10": 0.4206,
        "hit@20": 0.4362,
        "ndcg@5": 0.3818,
        "ndcg@10": 0.3871,
        "ndcg@20": 0.391,
        "mrr@5": 0.3743,
        "mrr@10": 0.3765,
        "mrr@20": 0.3775
      },
      "best_hr@10": 0.4431,
      "test_mrr@20": 0.3775,
      "test_hr@10": 0.4206,
      "epochs_run": 100,
      "early_stop_epoch": 100,
      "early_stopped": false,
      "elapsed": 1183.4,
      "status": "ok"
    },
    {
      "trial": 7,
      "params": {
        "learning_rate": 0.0001666420141189288
      },
      "mrr@20": 0.3275,
      "valid_result": {
        "hit@5": 0.353,
        "hit@10": 0.3697,
        "hit@20": 0.3866,
        "ndcg@5": 0.3314,
        "ndcg@10": 0.3368,
        "ndcg@20": 0.3411,
        "mrr@5": 0.3242,
        "mrr@10": 0.3264,
        "mrr@20": 0.3275
      },
      "test_result": {
        "hit@5": 0.3348,
        "hit@10": 0.3518,
        "hit@20": 0.3679,
        "ndcg@5": 0.3135,
        "ndcg@10": 0.319,
        "ndcg@20": 0.3231,
        "mrr@5": 0.3064,
        "mrr@10": 0.3086,
        "mrr@20": 0.3098
      },
      "best_hr@10": 0.3697,
      "test_mrr@20": 0.3098,
      "test_hr@10": 0.3518,
      "epochs_run": 100,
      "early_stop_epoch": 100,
      "early_stopped": false,
      "elapsed": 1183.0,
      "status": "ok"
    }
  ],
  "run_group": "baseline",
  "run_axis": "hparam",
  "run_phase": "P1_FIXREG_W1_D01_SIGMA_C3",
  "parent_result": "",
  "interrupted": false,
  "interrupted_at": null,
  "tuned_search": {
    "learning_rate": [
      5e-05,
      0.0008
    ]
  },
  "fixed_search": {
    "num_layers": 2,
    "state_size": 32,
    "remaining_ratio": 0.7,
    "conv_kernel": 4,
    "weight_decay": 0.0001,
    "dropout_ratio": 0.05
  },
  "context_fixed": {
    "num_layers": 2,
    "search_space_type_overrides": {
      "learning_rate": "loguniform",
      "weight_decay": "choice",
      "dropout_ratio": "choice"
    },
    "combo_id": "C3"
  },
  "best_params": {
    "learning_rate": 0.0003093815802355719
  },
  "best_mrr@20": 0.3994,
  "best_hr@10": 0.4431,
  "test_mrr@20": 0.3775,
  "test_hr@10": 0.4206,
  "best_valid_result": {
    "hit@5": 0.4277,
    "hit@10": 0.4431,
    "hit@20": 0.4595,
    "ndcg@5": 0.4042,
    "ndcg@10": 0.4092,
    "ndcg@20": 0.4133,
    "mrr@5": 0.3962,
    "mrr@10": 0.3983,
    "mrr@20": 0.3994
  },
  "test_result": {
    "hit@5": 0.4043,
    "hit@10": 0.4206,
    "hit@20": 0.4362,
    "ndcg@5": 0.3818,
    "ndcg@10": 0.3871,
    "ndcg@20": 0.391,
    "mrr@5": 0.3743,
    "mrr@10": 0.3765,
    "mrr@20": 0.3775
  },
  "best_valid_special_metrics": {},
  "early_valid_result": {},
  "early_valid_special_metrics": {},
  "test_special_metrics": {},
  "normal_result_mirror_file": "/workspace/jy1559/FMoE/experiments/run/artifacts/results/baseline/normal/hparam/P1/lastfm0.03/SIGMA/lastfm0.03_SIGMA_p1_fixreg_w1_d01_sigma_c3_20260316_210851_754149_pid12100.json",