{
  "split": "best_valid",
  "feature_mode": "none",
  "stages": [
    {
      "stage": "macro@1",
      "n_eff": 11.897805499410905,
      "cv_usage": 0.0926785832590287,
      "top1_max_frac": 0.3017538207518676,
      "entropy_mean": 2.226310772977927,
      "route_jitter_adjacent": 0.0,
      "route_consistency_knn_js": 0.007812148879257273,
      "route_consistency_knn_score": 0.9922182866486041,
      "route_consistency_group_knn_js": 0.004422439866714554,
      "route_consistency_group_knn_score": 0.9955873247207359,
      "route_consistency_intra_group_knn_mean_js": 0.003161284636988443,
      "route_consistency_intra_group_knn_mean_score": 0.9968459060743027,
      "route_consistency_feature_group_knn_mean_score": 0.9788038783637303,
      "family_top_expert_mean_share": 0.10566287487745285,
      "route_consistency_feature_group_knn_tempo_js": 0.0156664766092654,
      "route_consistency_feature_group_knn_tempo_score": 0.9844556042781749,
      "route_consistency_feature_group_knn_focus_js": 0.025828162185703548,
      "route_consistency_feature_group_knn_focus_score": 0.9745025316069615,
      "route_consistency_feature_group_knn_memory_js": 0.026498190493191617,
      "route_consistency_feature_group_knn_memory_score": 0.973849806021795,
      "route_consistency_feature_group_knn_exposure_js": 0.01774901442434471,
      "route_consistency_feature_group_knn_exposure_score": 0.9824075715479894
    }
  ]
}
