stage_name,stage_key,split,aggregation_level,node_kind,node_name,route_space,support_size,wrapper_name,source_type,temperature,top_k,entropy_norm,n_eff_norm,top1_monopoly_norm,jitter_adj_norm,knn_consistency_score,knn_consistency_js,n_eff,cv_usage,top1_max_frac,entropy_mean
macro,macro@1,best_valid,session,final,final.expert,expert,12,GroupConditionalProductWrapper,,,,0.7634797495287987,0.8095272560655619,0.20979401163844316,0.26869170873620263,0.9806580283662314,0.01953147512769581,9.714327072786743,0.4850658182780201,0.2756445106685729,1.8971759065825888
macro,macro@1,best_valid,session,final,final.group,group,4,GroupConditionalProductWrapper,,,,0.7983872726420118,0.8784917595004648,0.5161313176737133,0.0,0.9903504699240293,0.009696388475993384,3.513967038001859,0.3719065487384796,0.637098488255285,1.1067997740535096
macro,macro@1,best_valid,session,final,final.intra.Exposure,intra,3,GroupConditionalProductWrapper,,,,0.5351981708983264,0.8554624605602311,0.21952627375175351,0.0,0.983693446830602,0.016440968241635507,2.5663873816806935,0.41104547149213977,0.479684182501169,0.5879752874215965
macro,macro@1,best_valid,session,final,final.intra.Focus,intra,3,GroupConditionalProductWrapper,,,,0.8131848635408259,0.8172099262377318,0.9262764365154472,0.0,0.9967344835000437,0.003270859934849727,2.4516297787131953,0.4729437538104131,0.9508509576769649,0.8933748840448512
macro,macro@1,best_valid,session,final,final.intra.Memory,intra,3,GroupConditionalProductWrapper,,,,0.6334697124511253,0.968706119872389,0.3246078569558827,0.0,0.9774987799362062,0.022758235270498826,2.906118359617167,0.17973543540431752,0.5497385713039218,0.6959376105978601
macro,macro@1,best_valid,session,final,final.intra.Tempo,intra,3,GroupConditionalProductWrapper,,,,0.7424352355489736,0.9804846215301821,0.14551409835625445,0.0,0.9911199310176265,0.008919731775081319,2.9414538645905464,0.14108107191082622,0.43034273223750297,0.8156484733143051
