stage_name,stage_key,split,aggregation_level,node_kind,node_name,route_space,support_size,wrapper_name,source_type,temperature,top_k,entropy_norm,n_eff_norm,top1_monopoly_norm,jitter_adj_norm,knn_consistency_score,knn_consistency_js,n_eff,cv_usage,top1_max_frac,entropy_mean
macro,macro@1,best_valid,session,final,final.expert,expert,12,FlatJointWrapper,,,,0.9877558455048308,0.9971500431466742,0.09250621197840804,0.5961787173871808,0.989547594859694,0.01050741518754443,11.96580051776009,0.05346046893063002,0.1681306943135407,2.4544810688619227
macro,macro@1,best_valid,session,final,final.group,group,4,FlatJointWrapper,,,,0.9936967717544365,0.9982319200196681,0.13388208189339199,0.0,0.9972887564972702,0.002714925580240339,3.9929276800786724,0.042085930705070496,0.350411561420044,1.3775562313462142
macro,macro@1,best_valid,session,final,final.intra.Exposure,intra,3,FlatJointWrapper,,,,0.9847146082155691,0.9991219607478817,0.09447690857681433,0.0,0.9937360087057528,0.0062836924025179985,2.997365882243645,0.029644069309709392,0.39631793905120954,1.0818195694166275
macro,macro@1,best_valid,session,final,final.intra.Focus,intra,3,FlatJointWrapper,,,,0.9766998614991401,0.999599766050074,0.025768143261074513,0.0,0.9905809621209573,0.00946367754593348,2.998799298150222,0.02001053594021392,0.350512095507383,1.0730144701833961
macro,macro@1,best_valid,session,final,final.intra.Memory,intra,3,FlatJointWrapper,,,,0.9810519182259916,0.999491949835527,0.06437323279924599,0.0,0.9925596701868715,0.0074681471329074685,2.998475849506581,0.022544122560497447,0.376248821866164,1.0777956931844959
macro,macro@1,best_valid,session,final,final.intra.Tempo,intra,3,FlatJointWrapper,,,,0.9814975271369708,0.9975296045815493,0.1739491046182846,0.0,0.9926143802049676,0.007413028521923068,2.9925888137446477,0.04976363704312929,0.4492994030788564,1.0782852446100377
