stage_name,stage_key,split,aggregation_level,node_kind,node_name,route_space,support_size,wrapper_name,source_type,temperature,top_k,entropy_norm,n_eff_norm,top1_monopoly_norm,jitter_adj_norm,knn_consistency_score,knn_consistency_js,n_eff,cv_usage,top1_max_frac,entropy_mean
macro,macro@1,best_valid,session,final,final.expert,expert,12,ScalarGroupConditionalProductWrapper,,,,0.9897690716369177,0.973847309359886,0.33166679605620686,0.0,0.9985485863455443,0.0014524679755479782,11.686167712318632,0.16387484106794473,0.3873612297181896,2.4594837478650726
macro,macro@1,best_valid,session,final,final.group,group,4,ScalarGroupConditionalProductWrapper,,,,0.9834820850491087,0.9748363333796235,0.5025334471961287,0.0,0.9987903158318062,0.001210416426681017,3.899345333518494,0.1606648564338684,0.6269000853970965,1.363395668766012
macro,macro@1,best_valid,session,final,final.intra.Exposure,intra,3,ScalarGroupConditionalProductWrapper,,,,0.9993181845938289,0.9987436838921987,0.9112297181895813,0.0,0.9999742897863313,2.5710544181903796e-05,2.996231051676596,0.0354671309376618,0.9408198121263877,1.097863237884287
macro,macro@1,best_valid,session,final,final.intra.Focus,intra,3,ScalarGroupConditionalProductWrapper,,,,0.9964170581891779,0.9987737392861434,0.440734415029889,0.0,0.9997169143264051,0.0002831257499077477,2.9963212178584304,0.03504075750587113,0.6271562766865927,1.094676024765158
macro,macro@1,best_valid,session,final,final.intra.Memory,intra,3,ScalarGroupConditionalProductWrapper,,,,0.9997551981662706,0.9997433486817614,0.6538855678906916,0.0,0.999970104711365,2.989573550797141e-05,2.9992300460452843,0.01602127122443106,0.7692570452604611,1.098343346365286
macro,macro@1,best_valid,session,final,final.intra.Tempo,intra,3,ScalarGroupConditionalProductWrapper,,,,0.9948546796329866,0.9980532649714019,0.4388129803586678,0.0,0.999263438940266,0.000736832454105136,2.994159794914206,0.044164190615290685,0.6258753202391119,1.0929595764837745
