best_mrr20,epoch,epoch_time_sec,eval,lr,patience_used,train_loss,trial,valid_mrr20
0.0118,1,21.400901317596436,1,0.0004528335515604397,0,689.837917804718,1,0.0118
0.0157,3,18.690918684005737,1,0.00042557231349637267,0,594.8474216461182,1,0.0157
0.0184,4,17.777456045150757,1,0.0004027358726378865,0,569.899845123291,1,0.0184
0.0184,7,16.694570302963257,1,0.0003071777845168172,3,528.9686818122864,1,0.0183
