stage_name,stage_key,split,aggregation_level,node_kind,node_name,route_space,support_size,wrapper_name,source_type,temperature,top_k,entropy_norm,n_eff_norm,top1_monopoly_norm,jitter_adj_norm,knn_consistency_score,knn_consistency_js,n_eff,cv_usage,top1_max_frac,entropy_mean
macro,macro@1,best_valid,session,final,final.expert,expert,12,FlatPlusGroupIntraResidualWrapper,,,,0.6164115220420764,0.5103535615326921,0.35971356030555035,0.9361732816682761,0.9850399625013575,0.01507306756566367,6.124242738392305,0.9795028275399558,0.4130707636134211,1.5317250901282982
macro,macro@1,best_valid,session,final,final.group,group,4,FlatPlusGroupIntraResidualWrapper,,,,0.6475630615202449,0.7426827851737688,0.362360084748986,0.0,0.9941782868126229,0.00583872541861471,2.9707311406950754,0.5886169672012329,0.5217700635617395,0.8977130206550483
macro,macro@1,best_valid,session,final,final.intra.Exposure,intra,3,FlatPlusGroupIntraResidualWrapper,,,,0.6965303696640447,0.9765258478296982,0.21587499748303562,0.0,0.9892251872383868,0.010833281428557044,2.9295775434890947,0.15504332169761295,0.47724999832202375,0.7652168235434607
macro,macro@1,best_valid,session,final,final.intra.Focus,intra,3,FlatPlusGroupIntraResidualWrapper,,,,0.8333293827466253,0.9883662128617797,0.08585533160166185,0.0,0.9924446454158588,0.007584040856903335,2.965098638585339,0.10849250157199795,0.39057022106777456,0.9155059003936532
macro,macro@1,best_valid,session,final,final.intra.Memory,intra,3,FlatPlusGroupIntraResidualWrapper,,,,0.5640512769529604,0.9009033564970501,0.1991959137922934,0.0,0.9926886015777496,0.007338257695003863,2.7027100694911503,0.3316579511267557,0.46613060919486227,0.6196736642994617
macro,macro@1,best_valid,session,final,final.intra.Tempo,intra,3,FlatPlusGroupIntraResidualWrapper,,,,0.8054487285679799,0.9765193682093577,0.12243856929035034,0.0,0.9912683603506037,0.00876998378282282,2.929558104628073,0.15506487995192766,0.4149590461935669,0.8848758710968875
