best_mrr20,epoch,epoch_time_sec,eval,lr,patience_used,train_loss,trial,valid_mrr20
0.0279,1,9.251500844955444,1,0.00095164,0,408.5565881729126,1,0.0279
0.1489,3,8.344758033752441,1,0.00095164,0,299.2528567314148,1,0.1489
0.1981,8,8.307294607162476,1,0.00095164,0,166.38130021095276,1,0.1981
0.1981,10,8.105605840682983,1,0.00095164,2,138.83996176719666,1,0.1935
0.1981,18,7.972848176956177,1,0.00095164,10,73.90466630458832,1,0.1835
