stage_name,stage_key,split,aggregation_level,node_kind,node_name,route_space,support_size,wrapper_name,source_type,temperature,top_k,entropy_norm,n_eff_norm,top1_monopoly_norm,jitter_adj_norm,knn_consistency_score,knn_consistency_js,n_eff,cv_usage,top1_max_frac,entropy_mean
macro,macro@1,best_valid,session,final,final.expert,expert,16,ScalarGroupConditionalProductWrapper,,,,0.9991381493431202,0.9961717618600033,0.7167809276758693,0.0,0.9999340828079234,6.591936471020441e-05,15.938748189760053,0.06199184060096741,0.7344821196961275,2.770199164828261
macro,macro@1,best_valid,session,final,final.group,group,4,ScalarGroupConditionalProductWrapper,,,,0.9988376165916668,0.9977081018539993,0.8589339756654932,0.0,0.9999351986245567,6.480347514317135e-05,3.990832407415997,0.04792903736233711,0.8942004817491199,1.384682955555459
macro,macro@1,best_valid,session,final,final.intra.Exposure,intra,4,ScalarGroupConditionalProductWrapper,,,,0.9993006850255293,0.9980921259832214,1.0,0.0,0.9999995264513734,4.7354873882447675e-07,3.9923685039328856,0.04372113570570946,1.0,1.3853249047141352
macro,macro@1,best_valid,session,final,final.intra.Focus,intra,4,ScalarGroupConditionalProductWrapper,,,,0.9992089425900559,0.9978539605971416,0.6640108702365511,0.0,0.9999981454769651,1.8545247545453996e-06,3.9914158423885664,0.04637836004108668,0.7480081526774134,1.3851977226931629
macro,macro@1,best_valid,session,final,final.intra.Memory,intra,4,ScalarGroupConditionalProductWrapper,,,,0.999848251782941,0.9995829414969397,0.9172379717126798,0.0,0.9999997278951446,2.7210489245945907e-07,3.998331765987759,0.020426848903298378,0.9379284787845099,1.3860839934222717
macro,macro@1,best_valid,session,final,final.intra.Tempo,intra,4,ScalarGroupConditionalProductWrapper,,,,0.999414094534506,0.998405856128099,1.0,0.0,0.9999982055987945,1.794402815506492e-06,3.993623424512396,0.03995972499251366,1.0,1.385482123676927
