best_mrr20,epoch,epoch_time_sec,eval,lr,patience_used,train_loss,trial,valid_mrr20
0.0015,1,2.8793587684631348,1,0.0005672,0,80.55389833450317,1,0.0015
0.0084,3,1.9465131759643555,1,0.0005672,0,73.96595048904419,1,0.0084
0.0541,10,2.0764806270599365,1,0.0005672,0,57.6244683265686,1,0.0541
0.0836,20,2.0217208862304688,1,0.0005672,0,43.949721336364746,1,0.0836
0.0836,30,1.7578165531158447,1,0.0005672,10,34.23523139953613,1,0.0831
