best_mrr20,epoch,epoch_time_sec,eval,lr,patience_used,train_loss,trial,valid_mrr20
0.2801,1,49.352890968322754,1,0.00056966,0,2218.1488666534424,1,0.2801
0.3487,3,45.93124055862427,1,0.00056966,0,1229.2988715171814,1,0.3487
0.3732,7,46.40550184249878,1,0.00056966,0,797.4219646453857,1,0.3732
0.3732,10,44.63280272483826,1,0.00056966,3,701.0939688682556,1,0.3674
0.3732,17,46.37892770767212,1,0.00056966,10,520.1955292224884,1,0.344
