stage_name,stage_key,split,aggregation_level,node_kind,node_name,route_space,support_size,wrapper_name,source_type,temperature,top_k,entropy_norm,n_eff_norm,top1_monopoly_norm,jitter_adj_norm,knn_consistency_score,knn_consistency_js,n_eff,cv_usage,top1_max_frac,entropy_mean
macro,macro@1,best_valid,session,final,final.expert,expert,8,ScalarGroupConditionalProductWrapper,,,,0.9927009567819074,0.9948986084644934,0.753210185958724,0.0,0.9995742931441858,0.0004257974947023692,7.959188867715947,0.07160630077123642,0.7840589127138835,2.0642636079976175
macro,macro@1,best_valid,session,final,final.group,group,4,ScalarGroupConditionalProductWrapper,,,,0.995227962549226,0.9950434107824616,0.7663706591581835,0.0,0.9998422845023368,0.0001577279360601737,3.9801736431298465,0.07057776302099228,0.8247779943686376,1.3796789125108295
macro,macro@1,best_valid,session,final,final.intra.Exposure,intra,2,ScalarGroupConditionalProductWrapper,,,,0.9947473498235399,0.999573651012978,0.6933073424301495,0.0,0.9998762916754445,0.0001237159770614696,1.999147302025956,0.020649760961532593,0.8466536712150747,0.6895063208996642
macro,macro@1,best_valid,session,final,final.intra.Focus,intra,2,ScalarGroupConditionalProductWrapper,,,,0.9992220831628793,0.9999904633477845,0.6019059995668183,0.0,0.9999733356500802,2.666470541987779e-05,1.999980926695569,0.003092139959335327,0.8009529997834092,0.692607969697585
macro,macro@1,best_valid,session,final,final.intra.Memory,intra,2,ScalarGroupConditionalProductWrapper,,,,0.9738106388889096,0.9996037861598752,0.568117825427767,0.0,0.999731060136577,0.00026897603423340515,1.9992075723197504,0.019911199808120728,0.7840589127138835,0.6749940987451267
macro,macro@1,best_valid,session,final,final.intra.Tempo,intra,2,ScalarGroupConditionalProductWrapper,,,,0.9867175317810745,0.9997054014501113,0.8011695906432748,0.0,0.9994383720928351,0.0005617856791934127,1.9994108029002227,0.01716706156730652,0.9005847953216374,0.68394047516312
