stage_name,stage_key,split,aggregation_level,node_kind,node_name,route_space,support_size,wrapper_name,source_type,temperature,top_k,entropy_norm,n_eff_norm,top1_monopoly_norm,jitter_adj_norm,knn_consistency_score,knn_consistency_js,n_eff,cv_usage,top1_max_frac,entropy_mean
macro,macro@1,best_valid,session,final,final.expert,expert,12,ScalarGroupConditionalProductWrapper,,,,0.8180700504708596,0.7088082090738027,0.4527625285332231,0.0,0.9908295538639078,0.009212753527665287,8.505698508885633,0.6409515100433972,0.49836565115545445,2.032827708407444
macro,macro@1,best_valid,session,final,final.group,group,4,ScalarGroupConditionalProductWrapper,,,,0.8537903190750538,0.8503193636163484,0.483964886296602,0.0,0.9965022386548374,0.0035038928141618328,3.4012774544653936,0.41955807325590094,0.6129736647224515,1.1836047049124991
macro,macro@1,best_valid,session,final,final.intra.Exposure,intra,3,ScalarGroupConditionalProductWrapper,,,,0.49076889167466164,0.9112334926599992,0.22594621079408544,0.0,0.980387590375963,0.019807285123545123,2.7337004779799976,0.3121112864580367,0.4839641405293903,0.5391647352898117
macro,macro@1,best_valid,session,final,final.intra.Focus,intra,3,ScalarGroupConditionalProductWrapper,,,,0.9879673376006045,0.9967562024653907,0.17801649786225826,0.0,0.9994332855625067,0.0005668750808156119,2.990268607396172,0.05704762244082622,0.45201099857483884,1.0853930578907391
macro,macro@1,best_valid,session,final,final.intra.Memory,intra,3,ScalarGroupConditionalProductWrapper,,,,0.7023371966601942,0.6596963957180565,0.9453516702575356,0.0,0.9994760879529984,0.0005240493368721481,1.9790891871541696,0.7182261924878474,0.9635677801716905,0.7715962750396003
macro,macro@1,best_valid,session,final,final.intra.Tempo,intra,3,ScalarGroupConditionalProductWrapper,,,,0.6120178717144914,0.9901852405160972,0.11554544295216425,0.0,0.9795967141758386,0.02061430816062926,2.970555721548292,0.09955923707606681,0.41036362863477616,0.672370354750043
