{
  "split": "best_valid",
  "feature_mode": "runtime:unknown|ablation:none",
  "stages": [
    {
      "stage": "macro@1",
      "n_eff": 7.984023592469312,
      "cv_usage": 0.04473154991865158,
      "top1_max_frac": 0.19116971260914137,
      "entropy_mean": 1.9878075538415991,
      "route_jitter_adjacent": 0.7526123936816524,
      "route_consistency_knn_js": 0.01078038799925028,
      "route_consistency_knn_score": 0.9892775121347058,
      "route_consistency_group_knn_js": 0.004963648786277167,
      "route_consistency_group_knn_score": 0.9950486497613884,
      "route_consistency_intra_group_knn_mean_js": 0.005806383936893414,
      "route_consistency_intra_group_knn_mean_score": 0.9942105688743088,
      "route_consistency_feature_group_knn_mean_score": 0.9870175686271117,
      "family_top_expert_mean_share": 0.134877011179924,
      "route_consistency_feature_group_knn_tempo_js": 0.013536735719096233,
      "route_consistency_feature_group_knn_tempo_score": 0.9865544738640154,
      "route_consistency_feature_group_knn_focus_js": 0.012814458458580617,
      "route_consistency_feature_group_knn_focus_score": 0.9872672971237739,
      "route_consistency_feature_group_knn_memory_js": 0.01335153264381979,
      "route_consistency_feature_group_knn_memory_score": 0.9867372037070449,
      "route_consistency_feature_group_knn_exposure_js": 0.012567339423100926,
      "route_consistency_feature_group_knn_exposure_score": 0.9875112998136127
    }
  ]
}
