stage_name,stage_key,split,aggregation_level,node_kind,node_name,route_space,support_size,wrapper_name,source_type,temperature,top_k,entropy_norm,n_eff_norm,top1_monopoly_norm,jitter_adj_norm,knn_consistency_score,knn_consistency_js,n_eff,cv_usage,top1_max_frac,entropy_mean
macro,macro@1,best_valid,session,final,final.expert,expert,12,GroupConditionalProductWrapper,,,,0.9989039789137585,0.9954118317326525,0.95270043609527,0.0,0.9999390303868045,6.097147191784023e-05,11.94494198079183,0.06789335316320556,0.9566420664206642,2.482183139702491
macro,macro@1,best_valid,session,final,final.group,group,4,GroupConditionalProductWrapper,,,,0.9990234839869917,0.997898593110169,0.9667896678966789,0.0,0.9999592898672832,4.0710961396715284e-05,3.991594372440676,0.045889101922512054,0.9750922509225092,1.3849406224775138
macro,macro@1,best_valid,session,final,final.intra.Exposure,intra,3,GroupConditionalProductWrapper,,,,0.9997261382064123,0.9995013281186212,0.9723247232472325,0.0,0.9999899543528997,1.004569755817673e-05,2.998503984355864,0.022334327721317777,0.981549815498155,1.0983114207362776
macro,macro@1,best_valid,session,final,final.intra.Focus,intra,3,GroupConditionalProductWrapper,,,,0.9991006652671848,0.9986929416497782,1.0,0.0,0.999954102180143,4.5898873194129063e-05,2.9960788249493344,0.03617858729830905,1.0,1.097624268479013
macro,macro@1,best_valid,session,final,final.intra.Memory,intra,3,GroupConditionalProductWrapper,,,,0.9964124231655489,0.9924257306645546,0.9723247232472325,0.0,0.9999779468790039,2.2053364169808614e-05,2.977277191993664,0.08736196122240789,0.981549815498155,1.0946709326712407
macro,macro@1,best_valid,session,final,final.intra.Tempo,intra,3,GroupConditionalProductWrapper,,,,0.9998336637903601,0.9997222599116893,0.9349630996309961,0.0,0.9999938083765264,6.1916426417574416e-06,2.999166779735068,0.016663365500767066,0.9566420664206642,1.098429549664149
