stage_name,stage_key,split,aggregation_level,node_kind,node_name,route_space,support_size,wrapper_name,source_type,temperature,top_k,entropy_norm,n_eff_norm,top1_monopoly_norm,jitter_adj_norm,knn_consistency_score,knn_consistency_js,n_eff,cv_usage,top1_max_frac,entropy_mean
macro,macro@1,best_valid,session,final,final.expert,expert,16,ScalarGroupConditionalProductWrapper,,,,0.9348502926978434,0.7172059585338288,0.944457194107018,0.0,0.9958357501163422,0.004172944518353946,11.475295336541262,0.6279329061508179,0.9479286194753294,2.591955378516599
macro,macro@1,best_valid,session,final,final.group,group,4,ScalarGroupConditionalProductWrapper,,,,0.9622916301393752,0.9426289801219485,0.8854640657355016,0.0,0.9985626163087681,0.001438417718150882,3.770515920487794,0.24670380353927612,0.9140980493016262,1.3340194606150833
macro,macro@1,best_valid,session,final,final.intra.Exposure,intra,4,ScalarGroupConditionalProductWrapper,,,,0.7861310426089563,0.6195570561976105,0.9686094514567589,0.0,0.9940806925491422,0.0059368959935469845,2.478228224790442,0.7836174964904785,0.9764570885925692,1.0898090314700966
macro,macro@1,best_valid,session,final,final.intra.Focus,intra,4,ScalarGroupConditionalProductWrapper,,,,0.994889771818087,0.9975364253373488,0.4145530803624422,0.0,0.9995559865924049,0.0004441120107366753,3.990145701349395,0.04969443753361702,0.5609148102718317,1.3792100806072687
macro,macro@1,best_valid,session,final,final.intra.Memory,intra,4,ScalarGroupConditionalProductWrapper,,,,0.9930391823672005,0.9935257326780423,0.8671045516295388,0.0,0.9996924383818173,0.0003076089249573016,3.9741029307121694,0.08072420954704285,0.9003284137221541,1.3766446188867567
macro,macro@1,best_valid,session,final,final.intra.Tempo,intra,4,ScalarGroupConditionalProductWrapper,,,,0.9378861925940923,0.8979686911245847,0.4370804151993563,0.0,0.9973928025751161,0.0026106020831216845,3.5918747644983386,0.33708247542381287,0.5778103113995172,1.300186340165394
