stage_name,stage_key,split,aggregation_level,node_kind,node_name,route_space,support_size,wrapper_name,source_type,temperature,top_k,entropy_norm,n_eff_norm,top1_monopoly_norm,jitter_adj_norm,knn_consistency_score,knn_consistency_js,n_eff,cv_usage,top1_max_frac,entropy_mean
macro,macro@1,best_valid,session,final,final.expert,expert,12,ScalarGroupConditionalProductWrapper,,,,0.959194036295041,0.8346460668898746,0.9287606211344851,0.0,0.9979774952984889,0.002024552726036959,10.015752802678495,0.4450985407711815,0.9346972360399447,2.38350763922654
macro,macro@1,best_valid,session,final,final.group,group,4,ScalarGroupConditionalProductWrapper,,,,0.9550670966031009,0.9075770919390751,0.9532233733527821,0.0,0.9991080071328156,0.0008923909295521725,3.6303083677563004,0.31911545991897583,0.9649175300145866,1.3240041305120245
macro,macro@1,best_valid,session,final,final.intra.Exposure,intra,3,ScalarGroupConditionalProductWrapper,,,,0.928604598617839,0.8775082601063766,0.9446272955080972,0.0,0.9977191679143244,0.0022834371450663497,2.63252478031913,0.3736181928883906,0.9630848636720649,1.0201764233552755
macro,macro@1,best_valid,session,final,final.intra.Focus,intra,3,ScalarGroupConditionalProductWrapper,,,,0.9967020005532934,0.9995482221741231,0.28436249392227997,0.0,0.9997740419403431,0.0002259835920254821,2.9986446665223694,0.021256683226475618,0.52290832928152,1.0949890659479373
macro,macro@1,best_valid,session,final,final.intra.Memory,intra,3,ScalarGroupConditionalProductWrapper,,,,0.9980027275823807,0.9974984675334095,0.9137150764857687,0.0,0.9999589018321948,4.109901235797944e-05,2.9924954026002286,0.05007699168989087,0.9424767176571792,1.0964180606462954
macro,macro@1,best_valid,session,final,final.intra.Tempo,intra,3,ScalarGroupConditionalProductWrapper,,,,0.9694366023459879,0.9582260076336109,0.7677375921008338,0.0,0.9989031531485792,0.0010974488281529097,2.8746780229008326,0.20879434171931918,0.8451583947338893,1.065034964421962
