stage_name,stage_key,split,aggregation_level,node_kind,node_name,route_space,support_size,wrapper_name,source_type,temperature,top_k,entropy_norm,n_eff_norm,top1_monopoly_norm,jitter_adj_norm,knn_consistency_score,knn_consistency_js,n_eff,cv_usage,top1_max_frac,entropy_mean
macro,macro@1,best_valid,session,final,final.expert,expert,12,ScalarGroupConditionalProductWrapper,,,,0.7321362217853502,0.7247108197215305,0.24906211125368544,0.0,0.9514501754609838,0.04976795781984027,8.696529836658366,0.6163285742001876,0.3116402686492116,1.819290166065079
macro,macro@1,best_valid,session,final,final.group,group,4,ScalarGroupConditionalProductWrapper,,,,0.9445072141288184,0.969604052715914,0.505800380706102,0.0,0.9965839215788117,0.0034219265392965233,3.878416210863656,0.17705614864826202,0.6293502855295765,1.309365024983838
macro,macro@1,best_valid,session,final,final.intra.Exposure,intra,3,ScalarGroupConditionalProductWrapper,,,,0.15593467727197494,0.3948454469566085,0.9200517185648096,0.0,0.9750124157583544,0.02530507395423525,1.1845363408698255,1.2379969585538817,0.9467011457098732,0.17131175268048746
macro,macro@1,best_valid,session,final,final.intra.Focus,intra,3,ScalarGroupConditionalProductWrapper,,,,0.592750968054941,0.9825866763442331,0.09891175519879321,0.0,0.9593414314827564,0.041508238804139355,2.9477600290326995,0.13312362855304394,0.39927450346586213,0.6512034976250763
macro,macro@1,best_valid,session,final,final.intra.Memory,intra,3,ScalarGroupConditionalProductWrapper,,,,0.6311062520550759,0.7380873208485691,0.7356427109147721,0.0,0.9456395830991937,0.055893772906935466,2.214261962545707,0.5956956801233101,0.8237618072765147,0.6933410839629799
macro,macro@1,best_valid,session,final,final.intra.Tempo,intra,3,ScalarGroupConditionalProductWrapper,,,,0.4806044920253969,0.9655125898297273,0.08264195668570203,0.0,0.9465441198523872,0.05493769573463512,2.896537769489182,0.18899570041869285,0.38842797112380134,0.5279980009281956
