stage_name,stage_key,split,aggregation_level,node_kind,node_name,route_space,support_size,wrapper_name,source_type,temperature,top_k,entropy_norm,n_eff_norm,top1_monopoly_norm,jitter_adj_norm,knn_consistency_score,knn_consistency_js,n_eff,cv_usage,top1_max_frac,entropy_mean
macro,macro@1,best_valid,session,final,final.expert,expert,12,GroupConditionalProductWrapper,,,,0.9250445574736355,0.9889504177461528,0.7055503943091997,0.0,0.9970901450087774,0.002914096850052169,11.867405012953833,0.10570292604854924,0.7300878614500997,2.2986493722164347
macro,macro@1,best_valid,session,final,final.group,group,4,GroupConditionalProductWrapper,,,,0.9606790284976445,0.9970460432395182,0.6366335578559014,0.0,0.99891989027087,0.0010806934680160363,3.9881841729580727,0.054432227726711496,0.727475168391926,1.3317839200524193
macro,macro@1,best_valid,session,final,final.intra.Exposure,intra,3,GroupConditionalProductWrapper,,,,0.9610659120780383,0.9932717171784448,0.6881965803485794,0.0,0.9975604496502072,0.0024425309012043243,2.9798151515353344,0.08230385497796967,0.7921310535657197,1.055838821228958
macro,macro@1,best_valid,session,final,final.intra.Focus,intra,3,GroupConditionalProductWrapper,,,,0.9789084818549655,0.9997333403409704,0.6785726097165724,0.0,0.9995657679094374,0.00043432639661833547,2.999200021022911,0.01632928380506385,0.7857150731443816,1.0754408876473085
macro,macro@1,best_valid,session,final,final.intra.Memory,intra,3,GroupConditionalProductWrapper,,,,0.981890942008089,0.9989992570273144,0.6791513708370539,0.0,0.9994762167092099,0.0005239205131765016,2.996997771081943,0.03164828288113228,0.7861009138913693,1.078717455021993
macro,macro@1,best_valid,session,final,final.intra.Tempo,intra,3,GroupConditionalProductWrapper,,,,0.6801223431009995,0.9264702853267539,0.6381916195389754,0.0,0.99425380620663,0.005762766682776127,2.7794108559802617,0.28171859587077513,0.7587944130259836,0.7471907639285065
