{
  "model": "SASRec",
  "dataset": "lastfm0.03",
  "dataset_raw": "lastfm0.03",
  "run_group": "baseline",
  "run_axis": "widesearch_anchor2_core5",
  "run_phase": "P15_WS_D00_M01_SASREC_C1D1_S1",
  "source_result_file": "/workspace/jy1559/FMoE/experiments/run/artifacts/results/baseline/lastfm0.03_SASRec_p15_ws_d00_m01_sasrec_c1d1_s1_20260328_135613_712659_pid364117.json",
  "best_trial": {
    "trial": 1,
    "mrr@20": 0.0415,
    "best_hr@10": 0.0415,
    "test_mrr@20": 0.0346,
    "test_hr@10": 0.0348,
    "params": {
      "learning_rate": 2.849357620936733e-05
    }
  },
  "best_valid_special_metrics": {
    "split": "best_valid",
    "overall": {
      "count": 3763,
      "hit@20": 0.04198777571086899,
      "ndcg@20": 0.04158322355894849,
      "mrr@20": 0.04148728851206183
    },
    "slices": {
      "target_popularity_abs": {
        "rare_1_5": {
          "count": 3735,
          "hit@20": 0.041231593038821956,
          "ndcg@20": 0.040824008099684915,
          "mrr@20": 0.040727353861014365
        },
        "6_20": {
          "count": 28,
          "hit@20": 0.14285714285714285,
          "ndcg@20": 0.14285714285714285,
          "mrr@20": 0.14285714285714285
        }
      },
      "target_popularity_abs_legacy": {
        "<=5": {
          "count": 3735,
          "hit@20": 0.041231593038821956,
          "ndcg@20": 0.040824008099684915,
          "mrr@20": 0.040727353861014365
        },
        "6-20": {
          "count": 28,
          "hit@20": 0.14285714285714285,
          "ndcg@20": 0.14285714285714285,
          "mrr@20": 0.14285714285714285
        }
      },
      "session_len": {
        "<=7": {
          "count": 1152,
          "hit@20": 0.03819444444444445,
          "ndcg@20": 0.03819444444444445,
          "mrr@20": 0.03819444444444445
        },
        "8-12": {
          "count": 878,
          "hit@20": 0.03986332574031891,
          "ndcg@20": 0.039009111617312076,
          "mrr@20": 0.03880030372453713
        },
        "13+": {
          "count": 1733,
          "hit@20": 0.04558568955568378,
          "ndcg@20": 0.045140028997301296,
          "mrr@20": 0.045037507213355484
        }
      },
      "session_len_legacy": {
        "3-5": {
          "count": 665,
          "hit@20": 0.042105263157894736,
          "ndcg@20": 0.042105263157894736,
          "mrr@20": 0.042105263157894736
        },
        "6-10": {
          "count": 1122,
          "hit@20": 0.035650623885918005,
          "ndcg@20": 0.035650623885918005,
          "mrr@20": 0.035650623885918005
        },
        "11+": {
          "count": 1976,
          "hit@20": 0.04554655870445344,
          "ndcg@20": 0.044776148913119006,
          "mrr@20": 0.04459345479295985
        }
      }
    },
    "counts": {
      "target_popularity_abs": {
        "rare_1_5": 3735,
        "6_20": 28
      },
      "target_popularity_abs_legacy": {
        "<=5": 3735,
        "6-20": 28
      },
      "session_len": {
        "<=7": 1152,
        "8-12": 878,
        "13+": 1733
      },
      "session_len_legacy": {
        "3-5": 665,
        "6-10": 1122,
        "11+": 1976
      }
    },
    "config_snapshot": {
      "target_popularity_abs_bins": [
        "cold_0",
        "rare_1_5",
        "6_20",
        "21_100",
        "101+"
      ],
      "target_popularity_abs_bins_legacy": [
        "<=5",
        "6-20",
        "21-100",
        ">100"
      ],
      "session_len_bins": [
        "<=7",
        "8-12",
        "13+"
      ],
      "session_len_bins_legacy": [
        "1-2",
        "3-5",
        "6-10",
        "11+"
      ],
      "item_count_source": "cached_loader",
      "item_count_definition": "train_interaction_count_per_item",
      "new_user_enabled": false,
      "feature_logging_available": true,
      "split": "best_valid",
      "item_seq_len_field": "item_length",
      "new_user_field": ""
    }
  },
  "early_valid_special_metrics": {},
  "test_special_metrics": {
    "split": "test",
    "overall": {
      "count": 3764,
      "hit@20": 0.03506907545164718,
      "ndcg@20": 0.03469490331937099,
      "mrr@20": 0.034596764672583206
    },
    "slices": {
      "target_popularity_abs": {
        "cold_0": {
          "count": 2955,
          "hit@20": 0.03147208121827411,
          "ndcg@20": 0.03121333634591143,
          "mrr@20": 0.031152472269363612
        },
        "rare_1_5": {
          "count": 792,
          "hit@20": 0.04924242424242424,
          "ndcg@20": 0.048429554535282984,
          "mrr@20": 0.048190235696507225
        },
        "6_20": {
          "count": 17,
          "hit@20": 0.0,
          "ndcg@20": 0.0,
          "mrr@20": 0.0
        }
      },
      "target_popularity_abs_legacy": {
        "<=5": {
          "count": 3747,
          "hit@20": 0.03522818254603683,
          "ndcg@20": 0.034852312808676914,
          "mrr@20": 0.034753728910489244
        },
        "6-20": {
          "count": 17,
          "hit@20": 0.0,
          "ndcg@20": 0.0,
          "mrr@20": 0.0
        }
      },
      "session_len": {
        "<=7": {
          "count": 1177,
          "hit@20": 0.03313508920985556,
          "ndcg@20": 0.03193850135438606,
          "mrr@20": 0.03162465779745386
        },
        "8-12": {
          "count": 873,
          "hit@20": 0.033218785796105384,
          "ndcg@20": 0.033218785796105384,
          "mrr@20": 0.033218785796105384
        },
        "13+": {
          "count": 1714,
          "hit@20": 0.03733955659276546,
          "ndcg@20": 0.03733955659276546,
          "mrr@20": 0.03733955659276546
        }
      },
      "session_len_legacy": {
        "3-5": {
          "count": 634,
          "hit@20": 0.03470031545741325,
          "ndcg@20": 0.03247888973834763,
          "mrr@20": 0.031896249570352045
        },
        "6-10": {
          "count": 1123,
          "hit@20": 0.032056990204808546,
          "ndcg@20": 0.032056990204808546,
          "mrr@20": 0.032056990204808546
        },
        "11+": {
          "count": 2007,
          "hit@20": 0.03687095166915795,
          "ndcg@20": 0.03687095166915795,
          "mrr@20": 0.03687095166915795
        }
      }
    },
    "counts": {
      "target_popularity_abs": {
        "cold_0": 2955,
        "rare_1_5": 792,
        "6_20": 17
      },
      "target_popularity_abs_legacy": {
        "<=5": 3747,
        "6-20": 17
      },
      "session_len": {
        "<=7": 1177,
        "8-12": 873,
        "13+": 1714
      },
      "session_len_legacy": {
        "3-5": 634,
        "6-10": 1123,
        "11+": 2007
      }
    },
    "config_snapshot": {
      "target_popularity_abs_bins": [
        "cold_0",
        "rare_1_5",
        "6_20",
        "21_100",
        "101+"
      ],
      "target_popularity_abs_bins_legacy": [
        "<=5",
        "6-20",
        "21-100",
        ">100"
      ],
      "session_len_bins": [
        "<=7",
        "8-12",
        "13+"
      ],
      "session_len_bins_legacy": [
        "1-2",
        "3-5",
        "6-10",
        "11+"
      ],
      "item_count_source": "cached_loader",
      "item_count_definition": "train_interaction_count_per_item",
      "new_user_enabled": false,
      "feature_logging_available": true,
      "split": "test",
      "item_seq_len_field": "item_length",
      "new_user_field": ""
    }
  },
  "trials": [
    {
      "trial": 1,
      "status": "ok",
      "mrr@20": 0.0415,
      "best_hr@10": 0.0415,
      "test_mrr@20": 0.0346,
      "test_hr@10": 0.0348,
      "params": {
        "learning_rate": 2.849357620936733e-05
      },
      "valid_special_metrics": {
        "split": "best_valid",
        "overall": {
          "count": 3763,
          "hit@20": 0.04198777571086899,
          "ndcg@20": 0.04158322355894849,
          "mrr@20": 0.04148728851206183
        },
        "slices": {
          "target_popularity_abs": {
            "rare_1_5": {
              "count": 3735,