stage_name,stage_key,split,aggregation_level,node_kind,node_name,route_space,support_size,wrapper_name,source_type,temperature,top_k,entropy_norm,n_eff_norm,top1_monopoly_norm,jitter_adj_norm,knn_consistency_score,knn_consistency_js,n_eff,cv_usage,top1_max_frac,entropy_mean
macro,macro@1,best_valid,session,final,final.expert,expert,6,GroupConditionalProductWrapper,,,,0.95377887667382,0.9821928682428678,0.1904422474142386,0.0,0.9983830964493753,0.0016182121499468333,5.893157209457207,0.13464708970048755,0.3253685395118655,1.7089423338300143
macro,macro@1,best_valid,session,final,final.group,group,2,GroupConditionalProductWrapper,,,,0.9825848529076685,0.9999461203043011,0.050189387583423395,0.0,0.9996643453012928,0.0003357110433541775,1.9998922406086022,0.007337659597396851,0.5250946937917117,0.681075920453859
macro,macro@1,best_valid,session,final,final.intra.Focus,intra,3,GroupConditionalProductWrapper,,,,0.9481557621985593,0.9997537146745473,0.4243937471893898,0.0,0.9984623414665954,0.0015388419435632976,2.999261144023642,0.01569484360307921,0.6162624981262599,1.0416555719228153
macro,macro@1,best_valid,session,final,final.intra.Tempo,intra,3,GroupConditionalProductWrapper,,,,0.9230260679421838,0.9635544265127343,0.3035660350764151,0.0,0.999006227555975,0.0009942665632487438,2.890663279538203,0.19448417590605688,0.5357106900509434,1.0140477810022888
