stage_name,stage_key,split,aggregation_level,node_kind,node_name,route_space,support_size,wrapper_name,source_type,temperature,top_k,entropy_norm,n_eff_norm,top1_monopoly_norm,jitter_adj_norm,knn_consistency_score,knn_consistency_js,n_eff,cv_usage,top1_max_frac,entropy_mean
macro,macro@1,best_valid,session,final,final.expert,expert,12,GroupConditionalProductWrapper,,,,0.9118886833287911,0.9201084460283027,0.1704622488908577,0.0,0.9939936083339072,0.006024502593815487,11.041301352339632,0.29466653482119637,0.23959039481661956,2.265958253070137
macro,macro@1,best_valid,session,final,final.group,group,4,GroupConditionalProductWrapper,,,,0.9061132592998364,0.931429422908705,0.3768935961715294,0.0,0.9969314040301962,0.0030733137642253985,3.72571769163482,0.2713274359703064,0.532670197128647,1.2561397019033285
macro,macro@1,best_valid,session,final,final.intra.Exposure,intra,3,GroupConditionalProductWrapper,,,,0.7697536284188826,0.9646054663799047,0.3303767392223588,0.0,0.991554154500737,0.008481713753637838,2.8938163991397143,0.19155482376948524,0.5535844928149058,0.8456607954278503
macro,macro@1,best_valid,session,final,final.intra.Focus,intra,3,GroupConditionalProductWrapper,,,,0.9487421490301126,0.9029231525255286,1.0,0.0,0.9999122547997297,8.774905010565104e-05,2.7087694575765857,0.32789302385172175,1.0,1.0422997837018728
macro,macro@1,best_valid,session,final,final.intra.Memory,intra,3,GroupConditionalProductWrapper,,,,0.9897856912418406,0.9948670455023213,0.7237010786031183,0.0,0.9996696790221071,0.0003303755458840639,2.984601136506964,0.07182881208274329,0.8158007190687455,1.0873907235461455
macro,macro@1,best_valid,session,final,final.intra.Tempo,intra,3,GroupConditionalProductWrapper,,,,0.9659195590619017,0.999055920090847,0.1969910530307607,0.0,0.9980046648295526,0.0019973285036885245,2.997167760272541,0.030739684604415757,0.46466070202050713,1.0611710974502873
