stage_name,stage_key,split,aggregation_level,node_kind,node_name,route_space,support_size,wrapper_name,source_type,temperature,top_k,entropy_norm,n_eff_norm,top1_monopoly_norm,jitter_adj_norm,knn_consistency_score,knn_consistency_js,n_eff,cv_usage,top1_max_frac,entropy_mean
micro,micro@1,best_valid,token,primitive,primitive.a_joint,expert,16,FlatJointWrapper,both,1.0,,0.6072643628473849,0.9658536529200621,0.03699132391912006,0.0,0.8775679060569297,0.13060094081638138,15.453658446720993,0.18802600360226673,0.09717936617417505,1.6836943238487858
micro,micro@1,best_valid,token,wrapper,wrapper.group,group,4,FlatJointWrapper,,,,0.7179760134876769,0.9812801736697909,0.10146295422369045,0.0,0.9542379926942457,0.04684217041291405,3.9251206946791637,0.13811947405338287,0.32609721566776784,0.995326098917305
micro,micro@1,best_valid,token,wrapper,wrapper.intra.Exposure,intra,4,FlatJointWrapper,,,,0.5326254737617354,0.9823373601795997,0.10088212872545103,0.0,0.9213348609511658,0.08193172471286776,3.929349440718399,0.13409072160720825,0.32566159654408827,0.738375690864704
micro,micro@1,best_valid,token,wrapper,wrapper.intra.Focus,intra,4,FlatJointWrapper,,,,0.5592931803464815,0.8396491465837275,0.20325262279014047,0.0,0.9430794433460941,0.05860475456721975,3.35859658633491,0.43700542670520703,0.40243946709260536,0.7753449821271372
micro,micro@1,best_valid,token,wrapper,wrapper.intra.Memory,intra,4,FlatJointWrapper,,,,0.6130673507451675,0.958008728804965,0.09715516511174838,0.0,0.9387641776055077,0.06319097337548457,3.83203491521986,0.2093605250120163,0.3228663738338113,0.8498918113247359
micro,micro@1,best_valid,token,wrapper,wrapper.intra.Tempo,intra,4,FlatJointWrapper,,,,0.6014511460181333,0.9956522301622541,0.06216042884282621,0.0,0.9307770505122364,0.07173550351734988,3.9826089206490165,0.06608118116855621,0.29662032163211965,0.8337883322140341
