stage_name,stage_key,split,aggregation_level,node_kind,node_name,route_space,support_size,wrapper_name,source_type,temperature,top_k,entropy_norm,n_eff_norm,top1_monopoly_norm,jitter_adj_norm,knn_consistency_score,knn_consistency_js,n_eff,cv_usage,top1_max_frac,entropy_mean
micro,micro@1,best_valid,token,final,final.expert,expert,12,FlatJointWrapper,,,,0.9201978857847496,0.9598606403504496,0.11703195955787853,0.6115776586021969,0.9765248141783472,0.023755117643312493,11.518327684205396,0.2044943137617614,0.19061262959472197,2.286605845507383
micro,micro@1,best_valid,token,final,final.group,group,4,FlatJointWrapper,,,,0.9658258614986259,0.9915354447047476,0.05824693685202642,0.0,0.9919838154118759,0.008048486939353179,3.9661417788189905,0.09239560171339523,0.2936852026390198,1.3389189456193056
micro,micro@1,best_valid,token,final,final.intra.Exposure,intra,3,FlatJointWrapper,,,,0.8812054619129368,0.977765888782529,0.19809613572101792,0.0,0.9863844510700382,0.013709090567236038,2.933297666347587,0.15079721731551834,0.46539742381401195,0.9681031492990103
micro,micro@1,best_valid,token,final,final.intra.Focus,intra,3,FlatJointWrapper,,,,0.8998050511818989,0.9824872453838496,0.10054665409990575,0.0,0.9862597028012651,0.013835568795653076,2.9474617361515487,0.1335100678053478,0.4003644360666038,0.9885368866340716
micro,micro@1,best_valid,token,final,final.intra.Memory,intra,3,FlatJointWrapper,,,,0.867468428662189,0.9815723384693062,0.19626767200754008,0.0,0.9863314600849215,0.013762814456043286,2.9447170154079187,0.1370166871840749,0.4641784480050267,0.9530114757598963
micro,micro@1,best_valid,token,final,final.intra.Tempo,intra,3,FlatJointWrapper,,,,0.8464652869692655,0.9799450578976119,0.2663336475023562,0.0,0.9842159573535064,0.015909937154460253,2.9398351736928356,0.14305782798277306,0.5108890983349041,0.9299371661954131
