stage_name,stage_key,split,aggregation_level,node_kind,node_name,route_space,support_size,wrapper_name,source_type,temperature,top_k,entropy_norm,n_eff_norm,top1_monopoly_norm,jitter_adj_norm,knn_consistency_score,knn_consistency_js,n_eff,cv_usage,top1_max_frac,entropy_mean
mid,mid@1,best_valid,session,final,final.expert,expert,16,FlatJointWrapper,,,,0.8996945804325912,0.9773138190756013,0.06268257978337254,0.675617205395775,0.9459653891646604,0.05554929710626273,15.637021105209621,0.1523572951555252,0.12126491854691175,2.494483047167654
mid,mid@1,best_valid,session,final,final.group,group,4,FlatJointWrapper,,,,0.9442708285234648,0.9978724778572944,0.0750646107384499,0.0,0.9853419145183602,0.014766576704284955,3.9914899114291775,0.04617389291524887,0.30629845805383743,1.3090373249520864
mid,mid@1,best_valid,session,final,final.intra.Exposure,intra,4,FlatJointWrapper,,,,0.8783424533638601,0.9942183542540999,0.04079914045938963,0.0,0.9602051540622356,0.04060831520314442,3.9768734170163995,0.07625719740901024,0.2805993553445422,1.2176411902305297
mid,mid@1,best_valid,session,final,final.intra.Focus,intra,4,FlatJointWrapper,,,,0.8692974844970919,0.991178582830789,0.09004849435200508,0.0,0.9576105112534304,0.043314148134633475,3.964714331323156,0.09433913230895996,0.3175363707640038,1.205102200894024
mid,mid@1,best_valid,session,final,final.intra.Memory,intra,4,FlatJointWrapper,,,,0.8516755375809336,0.9793765578203002,0.1301216714580248,0.0,0.956081176599372,0.04491245677477087,3.917506231281201,0.1451127529144287,0.3475912535935186,1.1806729952521997
mid,mid@1,best_valid,session,final,final.intra.Tempo,intra,4,FlatJointWrapper,,,,0.9085645283432667,0.9899308856938095,0.12129395708104658,0.0,0.9708655921844929,0.029567242327134143,3.959723542775238,0.1008547842502594,0.34097046781078494,1.2595378823558236
