{
  "valid": {
    "count": 3499,
    "hit@5": 0.01886253215204344,
    "hit@10": 0.02743641040297228,
    "hit@20": 0.04229779937124893,
    "ndcg@5": 0.013417686512211998,
    "ndcg@10": 0.01614776590988615,
    "ndcg@20": 0.019863534919975077,
    "mrr@5": 0.011655711193328654,
    "mrr@10": 0.012759314516197787,
    "mrr@20": 0.013757161147707222
  },
  "test": {
    "count": 2706,
    "hit@5": 0.11456023651145603,
    "hit@10": 0.11899482631189948,
    "hit@20": 0.12675535846267555,
    "ndcg@5": 0.11149965342291178,
    "ndcg@10": 0.11293249575631846,
    "ndcg@20": 0.11491627601874993,
    "mrr@5": 0.11048287756779594,
    "mrr@10": 0.11107342298977567,
    "mrr@20": 0.11162856501903652
  },
  "slice_metrics": {
    "valid": {
      "target_popularity_abs": {
        "cold_0": {
          "count": 860,
          "hit@5": 0.0,
          "hit@10": 0.0,
          "hit@20": 0.0,
          "ndcg@5": 0.0,
          "ndcg@10": 0.0,
          "ndcg@20": 0.0,
          "mrr@5": 0.0,
          "mrr@10": 0.0,
          "mrr@20": 0.0
        },
        "rare_1_5": {
          "count": 116,
          "hit@5": 0.017241379310344827,
          "hit@10": 0.017241379310344827,
          "hit@20": 0.017241379310344827,
          "ndcg@5": 0.01293103448275862,
          "ndcg@10": 0.01293103448275862,
          "ndcg@20": 0.01293103448275862,
          "mrr@5": 0.011494252959202075,
          "mrr@10": 0.011494252959202075,
          "mrr@20": 0.011494252959202075
        },
        "6_20": {
          "count": 334,
          "hit@5": 0.0029940119760479044,
          "hit@10": 0.008982035928143712,
          "hit@20": 0.017964071856287425,
          "ndcg@5": 0.0029940119760479044,
          "ndcg@10": 0.004857479544456847,
          "ndcg@20": 0.007096726291193934,
          "mrr@5": 0.0029940119760479044,
          "mrr@10": 0.003721129193812787,
          "mrr@20": 0.004319931609098783
        },
        "21_100": {
          "count": 1259,
          "hit@5": 0.017474185861795076,
          "hit@10": 0.025416997617156472,
          "hit@20": 0.04050833995234313,
          "ndcg@5": 0.011205112844161138,
          "ndcg@10": 0.013743770345039458,
          "ndcg@20": 0.017563664127286226,
          "mrr@5": 0.009147471584811677,
          "mrr@10": 0.010178776370617395,
          "mrr@20": 0.011231033399263197
        },
        "101+": {
          "count": 930,
          "hit@5": 0.04408602150537634,
          "hit@10": 0.06344086021505377,
          "hit@20": 0.0956989247311828,
          "ndcg@5": 0.03262499788756012,
          "ndcg@10": 0.0387905676198262,
          "ndcg@20": 0.04679521394352759,
          "mrr@5": 0.02896057354506626,
          "mrr@10": 0.03145545327695467,
          "mrr@20": 0.033570156242418034
        }
      },
      "target_popularity_abs_legacy": {
        "<=5": {
          "count": 976,
          "hit@5": 0.0020491803278688526,
          "hit@10": 0.0020491803278688526,
          "hit@20": 0.0020491803278688526,
          "ndcg@5": 0.0015368852459016393,
          "ndcg@10": 0.0015368852459016393,
          "ndcg@20": 0.0015368852459016393,
          "mrr@5": 0.0013661202287576237,
          "mrr@10": 0.0013661202287576237,
          "mrr@20": 0.0013661202287576237
        },
        "6-20": {
          "count": 334,
          "hit@5": 0.0029940119760479044,
          "hit@10": 0.008982035928143712,
          "hit@20": 0.017964071856287425,
          "ndcg@5": 0.0029940119760479044,
          "ndcg@10": 0.004857479544456847,
          "ndcg@20": 0.007096726291193934,
          "mrr@5": 0.0029940119760479044,
          "mrr@10": 0.003721129193812787,
          "mrr@20": 0.004319931609098783
        },
        "21-100": {
          "count": 1259,
          "hit@5": 0.017474185861795076,
          "hit@10": 0.025416997617156472,
          "hit@20": 0.04050833995234313,
          "ndcg@5": 0.011205112844161138,
          "ndcg@10": 0.013743770345039458,
          "ndcg@20": 0.017563664127286226,
          "mrr@5": 0.009147471584811677,
          "mrr@10": 0.010178776370617395,
          "mrr@20": 0.011231033399263197
        },
        ">100": {
          "count": 930,
          "hit@5": 0.04408602150537634,
          "hit@10": 0.06344086021505377,
          "hit@20": 0.0956989247311828,
          "ndcg@5": 0.03262499788756012,
          "ndcg@10": 0.0387905676198262,
          "ndcg@20": 0.04679521394352759,
          "mrr@5": 0.02896057354506626,
          "mrr@10": 0.03145545327695467,
          "mrr@20": 0.033570156242418034
        }
      },
      "session_len": {
        "<=7": {
          "count": 2358,
          "hit@5": 0.01272264631043257,
          "hit@10": 0.019083969465648856,
          "hit@20": 0.03095843935538592,
          "ndcg@5": 0.008420229678542257,
          "ndcg@10": 0.010447076524183647,
          "ndcg@20": 0.013440554151098237,
          "mrr@5": 0.007025728048006289,
          "mrr@10": 0.00784546364986664,
          "mrr@20": 0.008662856805617776
        },
        "8-12": {
          "count": 507,
          "hit@5": 0.01972386587771203,
          "hit@10": 0.03550295857988166,
          "hit@20": 0.0650887573964497,
          "ndcg@5": 0.011717440049794064,
          "ndcg@10": 0.016654396727240298,
          "ndcg@20": 0.02398571416118441,
          "mrr@5": 0.009105851458609692,
          "mrr@10": 0.011053191913067707,
          "mrr@20": 0.012986703597641085
        },
        "13+": {
          "count": 634,
          "hit@5": 0.04100946372239748,
          "hit@10": 0.052050473186119876,
          "hit@20": 0.06624605678233439,
          "ndcg@5": 0.03336410318451349,
          "ndcg@10": 0.03694486961191761,
          "ndcg@20": 0.040455717534672954,
          "mrr@5": 0.030914826559531577,
          "mrr@10": 0.03239947934679052,
          "mrr@20": 0.03332023940721897
        }
      },
      "session_len_legacy": {
        "1-2": {
          "count": 615,
          "hit@5": 0.0065040650406504065,
          "hit@10": 0.008130081300813009,
          "hit@20": 0.01951219512195122,
          "ndcg@5": 0.004306849376942084,
          "ndcg@10": 0.004886048063030088,
          "ndcg@20": 0.007711802410885571,
          "mrr@5": 0.00357723577720363,
          "mrr@10": 0.00384823849530724,
          "mrr@20": 0.004601297557838564
        },
        "3-5": {
          "count": 1305,
          "hit@5": 0.013793103448275862,
          "hit@10": 0.022222222222222223,
          "hit@20": 0.03601532567049808,
          "ndcg@5": 0.009379270067616897,
          "ndcg@10": 0.012085762654227773,
          "ndcg@20": 0.015573905128628815,
          "mrr@5": 0.007956577306506278,
          "mrr@10": 0.009063127231552226,
          "mrr@20": 0.01001935898972197
        },
        "6-10": {
          "count": 799,
          "hit@5": 0.01877346683354193,
          "hit@10": 0.03128911138923655,
          "hit@20": 0.04881101376720901,
          "ndcg@5": 0.010819930345454115,
          "ndcg@10": 0.014706159451130185,
          "ndcg@20": 0.019102070615795885,
          "mrr@5": 0.008260325455247833,
          "mrr@10": 0.009774122494406933,
          "mrr@20": 0.010960096822065465
        },
        "11+": {
          "count": 780,
          "hit@5": 0.03717948717948718,
          "hit@10": 0.047435897435897434,
          "hit@20": 0.0641025641025641,
          "ndcg@5": 0.030018847378400656,
          "ndcg@10": 0.033299963711163935,
          "ndcg@20": 0.03740160203514955,
          "mrr@5": 0.027692307741978228,
          "mrr@10": 0.029027269111993985,
          "mrr@20": 0.030095035917101762
        }
      }
    },
    "test": {
      "target_popularity_abs": {
        "cold_0": {
          "count": 1813,
          "hit@5": 0.0,
          "hit@10": 0.0,
          "hit@20": 0.0,
          "ndcg@5": 0.0,
          "ndcg@10": 0.0,
          "ndcg@20": 0.0,
          "mrr@5": 0.0,
          "mrr@10": 0.0,
          "mrr@20": 0.0
        },
        "rare_1_5": {
          "count": 93,