stage_name,stage_key,split,aggregation_level,node_kind,node_name,route_space,support_size,wrapper_name,source_type,temperature,top_k,entropy_norm,n_eff_norm,top1_monopoly_norm,jitter_adj_norm,knn_consistency_score,knn_consistency_js,n_eff,cv_usage,top1_max_frac,entropy_mean
macro,macro@1,best_valid,session,final,final.expert,expert,16,ScalarGroupConditionalProductWrapper,,,,0.8983557477938001,0.8450733567823857,0.3193895989132012,0.0,0.9841593190215204,0.015967485461108308,13.521173708518171,0.4281696677207947,0.3619277489811261,2.4907710148923754
macro,macro@1,best_valid,session,final,final.group,group,4,ScalarGroupConditionalProductWrapper,,,,0.904684622677129,0.9417822487362137,0.2106464078924808,0.0,0.9911074279396352,0.008932346955610364,3.767128994944855,0.24862968921661377,0.4079848059193606,1.2541591910091798
macro,macro@1,best_valid,session,final,final.intra.Exposure,intra,4,ScalarGroupConditionalProductWrapper,,,,0.7357381230054426,0.6374652062162184,0.9669739774990438,0.0,0.9962750000412363,0.0037319550482877223,2.5498608248648735,0.7541307064372722,0.9752304831242828,1.0199496111833775
macro,macro@1,best_valid,session,final,final.intra.Focus,intra,4,ScalarGroupConditionalProductWrapper,,,,0.8714755269795601,0.9331038191858625,0.4870415067463301,0.0,0.9842943135402199,0.01583032752487039,3.73241527674345,0.2677537500858307,0.6152811300597476,1.2081216089057492
macro,macro@1,best_valid,session,final,final.intra.Memory,intra,4,ScalarGroupConditionalProductWrapper,,,,0.9473043446694462,0.9152471435513685,0.8222609108534801,0.0,0.9978182608382796,0.0021841226219619877,3.660988574205474,0.3043043315410614,0.86669568314011,1.3132426712796266
macro,macro@1,best_valid,session,final,final.intra.Tempo,intra,4,ScalarGroupConditionalProductWrapper,,,,0.8807278888955014,0.7960485148242377,0.8636225748163389,0.0,0.9967299208898778,0.0032754375035846596,3.1841940592969507,0.5061669055322948,0.8977169311122541,1.220948106056859
