stage_name,stage_key,split,aggregation_level,node_kind,node_name,route_space,support_size,wrapper_name,source_type,temperature,top_k,entropy_norm,n_eff_norm,top1_monopoly_norm,jitter_adj_norm,knn_consistency_score,knn_consistency_js,n_eff,cv_usage,top1_max_frac,entropy_mean
macro,macro@1,best_valid,session,final,final.expert,expert,12,ScalarGroupConditionalProductWrapper,,,,0.9504891064908959,0.8449121240005009,0.553202391118702,0.0,0.9980739519104763,0.0019279053052529813,10.13894548800601,0.42843337780734564,0.5904355251921435,2.361876701270282
macro,macro@1,best_valid,session,final,final.group,group,4,ScalarGroupConditionalProductWrapper,,,,0.9159784757173774,0.8545396368958744,0.3855963563905494,0.0,0.9981374420952107,0.0018642946225903502,3.4181585475834977,0.41257819533348083,0.5391972672929121,1.269815795794193
macro,macro@1,best_valid,session,final,final.intra.Exposure,intra,3,ScalarGroupConditionalProductWrapper,,,,0.9908303896330871,0.9805244186418921,0.9730999146029036,0.0,0.9999534954173637,4.6505664007929075e-05,2.941573255925676,0.14093433273034298,0.982066609735269,1.0885384420367208
macro,macro@1,best_valid,session,final,final.intra.Focus,intra,3,ScalarGroupConditionalProductWrapper,,,,0.9975368817467009,0.9949697947202164,0.956191289496157,0.0,0.9999582588997687,4.174197141520393e-05,2.984909384160649,0.07110319633474362,0.9707941929974381,1.0959062766865926
macro,macro@1,best_valid,session,final,final.intra.Memory,intra,3,ScalarGroupConditionalProductWrapper,,,,0.9963033450866041,0.9927622251765449,0.759052092228864,0.0,0.9999128384337579,8.716536503212125e-05,2.9782866755296347,0.08538453957782567,0.8393680614859095,1.0945510981532878
macro,macro@1,best_valid,session,final,final.intra.Tempo,intra,3,ScalarGroupConditionalProductWrapper,,,,0.9829662708076903,0.9664483098806879,1.0,0.0,0.9998340181165218,0.00016599565999542802,2.8993449296420635,0.1863239630355813,1.0,1.0798988244555936
