cv_usage,entropy_mean,family_top_expert_mean_share,n_eff,route_consistency_feature_group_knn_exposure_js,route_consistency_feature_group_knn_exposure_score,route_consistency_feature_group_knn_focus_js,route_consistency_feature_group_knn_focus_score,route_consistency_feature_group_knn_mean_score,route_consistency_feature_group_knn_memory_js,route_consistency_feature_group_knn_memory_score,route_consistency_feature_group_knn_tempo_js,route_consistency_feature_group_knn_tempo_score,route_consistency_group_knn_js,route_consistency_group_knn_score,route_consistency_intra_group_knn_mean_js,route_consistency_intra_group_knn_mean_score,route_consistency_knn_js,route_consistency_knn_score,route_jitter_adjacent,stage,top1_max_frac
0.4528775229192518,2.171909433037478,0.14458692073822021,9.95769488296246,0.05536320948704882,0.9461414379915344,0.05979216879632275,0.941960281981452,0.9519738009914664,0.04486914388998107,0.9561225881300437,0.03700543699306171,0.9636708958628354,0.004576464927873236,0.9954339911310679,0.019345242253557562,0.9809205385592339,0.02592999237593605,0.9744033028811117,0.5073370959466393,macro@1,0.2680020669321256
0.9830681090632645,1.7169240991367518,0.24142923951148987,6.102451260949088,0.015888235975040618,0.9842373162323402,0.024986958399610227,0.9753226317134038,0.9775318261617502,0.024822609913921774,0.9754829376836446,0.02523122812462686,0.975084419017612,0.011013767084180007,0.9890466623929809,0.005892180443200482,0.9941394506520083,0.013238105190893449,0.9868491331425844,0.46440909868308533,micro@1,0.49904252408887806
0.6355699707397827,1.9893931996413265,0.2064650058746338,8.547317257880977,0.05997631122972247,0.9417868430921816,0.06625285002862522,0.9358941934981552,0.9314855901554551,0.08701780061013834,0.9166607783667793,0.07085115524358625,0.9316005456647045,0.014709979686154027,0.9853976835107258,0.0152392038611866,0.9849052931734277,0.028634535693705863,0.9717715473920291,0.49324439883701043,mid@1,0.32447794765798355
