best_mrr20,epoch,epoch_time_sec,eval,lr,patience_used,train_loss,trial,valid_mrr20
0.0111,1,24.144016981124878,1,0.00034992070542535163,0,696.1864433288574,1,0.0111
0.0151,3,22.485939979553223,1,0.00034928682780526084,0,613.1757392883301,1,0.0151
0.0172,10,22.649924755096436,1,0.00034213620104419886,3,525.1995935440063,1,0.0168
0.0174,11,22.639195919036865,1,0.00034050158777378055,0,518.8411288261414,1,0.0174
0.0174,21,23.48993182182312,1,0.000316303362421989,10,475.51173877716064,1,0.0154
