best_mrr20,epoch,epoch_time_sec,eval,lr,patience_used,train_loss,trial,valid_mrr20
0.0587,1,30.889036417007446,1,0.0004983,0,1602.596884727478,1,0.0587
0.1715,3,29.201022386550903,1,0.0004983,0,1113.7358613014221,1,0.1715
0.289,10,30.66328191757202,1,0.0004983,0,507.8717210292816,1,0.289
0.3096,18,29.846519231796265,1,0.0004983,0,273.32780373096466,1,0.3096
0.3096,28,29.6299307346344,1,0.0004983,10,141.99084681272507,1,0.2986
