stage_name,stage_key,split,aggregation_level,node_kind,node_name,route_space,support_size,wrapper_name,source_type,temperature,top_k,entropy_norm,n_eff_norm,top1_monopoly_norm,jitter_adj_norm,knn_consistency_score,knn_consistency_js,n_eff,cv_usage,top1_max_frac,entropy_mean
macro,macro@1,best_valid,session,final,final.expert,expert,12,ScalarGroupConditionalProductWrapper,,,,0.9962040746871078,0.9891122120298657,0.7336082059533386,0.0,0.9997637129952722,0.00023631492490023138,11.869346544358388,0.10491670535007651,0.7558075221238938,2.475474129735896
macro,macro@1,best_valid,session,final,final.group,group,4,ScalarGroupConditionalProductWrapper,,,,0.9962441025530794,0.9945991064907471,0.9911504424778762,0.0,0.9998089935211104,0.00019102472295031022,3.9783964259629885,0.07369013875722885,0.9933628318584071,1.38108758166828
macro,macro@1,best_valid,session,final,final.intra.Exposure,intra,3,ScalarGroupConditionalProductWrapper,,,,0.9975250263593749,0.995178455971765,0.9514657079646017,0.0,0.9999758993213455,2.4100969080624587e-05,2.985535367915295,0.06960540616198163,0.9676438053097345,1.0958932522123894
macro,macro@1,best_valid,session,final,final.intra.Focus,intra,3,ScalarGroupConditionalProductWrapper,,,,0.9969995740653943,0.9992105938901474,0.661504424778761,0.0,0.9998910611681966,0.00010894476606895288,2.9976317816704423,0.028105819691544184,0.7743362831858407,1.0953159838651134
macro,macro@1,best_valid,session,final,final.intra.Memory,intra,3,ScalarGroupConditionalProductWrapper,,,,0.9902401065905002,0.9813413594406432,1.0,0.0,0.9999864502395559,1.3549852242880461e-05,2.9440240783219296,0.1378885391983825,1.0,1.0878899498323424
macro,macro@1,best_valid,session,final,final.intra.Tempo,intra,3,ScalarGroupConditionalProductWrapper,,,,0.9997556481678336,0.999915130189336,0.8295077433628317,0.0,0.9999833195933117,1.6680545807835397e-05,2.999745390568008,0.009211680577347262,0.8863384955752213,1.0983438407425332
