best_mrr20,epoch,eval,lr,patience_used,train_loss,trial,valid_mrr20
0.0816,1,1,0.0021915304127600723,0,1645.0001845359802,1,0.0816
0.0816,3,1,0.002124640737186174,2,1429.0496401786804,1,0.0471
0.0816,4,1,0.0020673651497465943,3,1385.9175028800964,1,0.0481
