{
  "valid": {
    "count": 3499,
    "hit@5": 0.014289797084881395,
    "hit@10": 0.022006287510717346,
    "hit@20": 0.0348671048871106,
    "ndcg@5": 0.01151751162802093,
    "ndcg@10": 0.013951185337984074,
    "ndcg@20": 0.01717339872581409,
    "mrr@5": 0.010603029456571975,
    "mrr@10": 0.011571786986841205,
    "mrr@20": 0.012440277884758755
  },
  "test": {
    "count": 2706,
    "hit@5": 0.11382113821138211,
    "hit@10": 0.11677753141167775,
    "hit@20": 0.12195121951219512,
    "ndcg@5": 0.1106915973837254,
    "ndcg@10": 0.11159750502019658,
    "ndcg@20": 0.11291472389137666,
    "mrr@5": 0.1096390736814525,
    "mrr@10": 0.10998383958198278,
    "mrr@20": 0.110351333602525
  },
  "slice_metrics": {
    "valid": {
      "target_popularity_abs": {
        "cold_0": {
          "count": 860,
          "hit@5": 0.0,
          "hit@10": 0.0,
          "hit@20": 0.0,
          "ndcg@5": 0.0,
          "ndcg@10": 0.0,
          "ndcg@20": 0.0,
          "mrr@5": 0.0,
          "mrr@10": 0.0,
          "mrr@20": 0.0
        },
        "rare_1_5": {
          "count": 116,
          "hit@5": 0.017241379310344827,
          "hit@10": 0.017241379310344827,
          "hit@20": 0.017241379310344827,
          "ndcg@5": 0.017241379310344827,
          "ndcg@10": 0.017241379310344827,
          "ndcg@20": 0.017241379310344827,
          "mrr@5": 0.017241379310344827,
          "mrr@10": 0.017241379310344827,
          "mrr@20": 0.017241379310344827
        },
        "6_20": {
          "count": 334,
          "hit@5": 0.011976047904191617,
          "hit@10": 0.011976047904191617,
          "hit@20": 0.011976047904191617,
          "ndcg@5": 0.008643271948049168,
          "ndcg@10": 0.008643271948049168,
          "ndcg@20": 0.008643271948049168,
          "mrr@5": 0.007584830377987045,
          "mrr@10": 0.007584830377987045,
          "mrr@20": 0.007584830377987045
        },
        "21_100": {
          "count": 1259,
          "hit@5": 0.007942811755361398,
          "hit@10": 0.014297061159650517,
          "hit@20": 0.026211278792692614,
          "ndcg@5": 0.006075228250055109,
          "ndcg@10": 0.00804726281177439,
          "ndcg@20": 0.011084317356182339,
          "mrr@5": 0.005454064090162918,
          "mrr@10": 0.006219662897543267,
          "mrr@20": 0.0070662261227277465
        },
        "101+": {
          "count": 930,
          "hit@5": 0.03655913978494624,
          "hit@10": 0.05698924731182796,
          "hit@20": 0.08924731182795699,
          "ndcg@5": 0.02985398708492197,
          "ndcg@10": 0.03634068901820849,
          "ndcg@20": 0.044352380386603774,
          "mrr@5": 0.027634408637400597,
          "mrr@10": 0.03024278895989541,
          "mrr@20": 0.03236432288603116
        }
      },
      "target_popularity_abs_legacy": {
        "<=5": {
          "count": 976,
          "hit@5": 0.0020491803278688526,
          "hit@10": 0.0020491803278688526,
          "hit@20": 0.0020491803278688526,
          "ndcg@5": 0.0020491803278688526,
          "ndcg@10": 0.0020491803278688526,
          "ndcg@20": 0.0020491803278688526,
          "mrr@5": 0.0020491803278688526,
          "mrr@10": 0.0020491803278688526,
          "mrr@20": 0.0020491803278688526
        },
        "6-20": {
          "count": 334,
          "hit@5": 0.011976047904191617,
          "hit@10": 0.011976047904191617,
          "hit@20": 0.011976047904191617,
          "ndcg@5": 0.008643271948049168,
          "ndcg@10": 0.008643271948049168,
          "ndcg@20": 0.008643271948049168,
          "mrr@5": 0.007584830377987045,
          "mrr@10": 0.007584830377987045,
          "mrr@20": 0.007584830377987045
        },
        "21-100": {
          "count": 1259,
          "hit@5": 0.007942811755361398,
          "hit@10": 0.014297061159650517,
          "hit@20": 0.026211278792692614,
          "ndcg@5": 0.006075228250055109,
          "ndcg@10": 0.00804726281177439,
          "ndcg@20": 0.011084317356182339,
          "mrr@5": 0.005454064090162918,
          "mrr@10": 0.006219662897543267,
          "mrr@20": 0.0070662261227277465
        },
        ">100": {
          "count": 930,
          "hit@5": 0.03655913978494624,
          "hit@10": 0.05698924731182796,
          "hit@20": 0.08924731182795699,
          "ndcg@5": 0.02985398708492197,
          "ndcg@10": 0.03634068901820849,
          "ndcg@20": 0.044352380386603774,
          "mrr@5": 0.027634408637400597,
          "mrr@10": 0.03024278895989541,
          "mrr@20": 0.03236432288603116
        }
      },
      "session_len": {
        "<=7": {
          "count": 2358,
          "hit@5": 0.01102629346904156,
          "hit@10": 0.016963528413910092,
          "hit@20": 0.02714164546225615,
          "ndcg@5": 0.00799462002045629,
          "ndcg@10": 0.009857751498594438,
          "ndcg@20": 0.012461893197284905,
          "mrr@5": 0.006990387353278299,
          "mrr@10": 0.007727156487231137,
          "mrr@20": 0.008457469628322821
        },
        "8-12": {
          "count": 507,
          "hit@5": 0.011834319526627219,
          "hit@10": 0.023668639053254437,
          "hit@20": 0.03747534516765286,
          "ndcg@5": 0.00801105788473547,
          "ndcg@10": 0.011838274418249637,
          "ndcg@20": 0.01522855631110701,
          "mrr@5": 0.006738987547406078,
          "mrr@10": 0.008316114162787413,
          "mrr@20": 0.009194790170742916
        },
        "13+": {
          "count": 634,
          "hit@5": 0.028391167192429023,
          "hit@10": 0.03943217665615142,
          "hit@20": 0.061514195583596214,
          "ndcg@5": 0.027424058092505397,
          "ndcg@10": 0.030865322293167234,
          "ndcg@20": 0.0362518926383193,
          "mrr@5": 0.027129337544132857,
          "mrr@10": 0.028474412917244698,
          "mrr@20": 0.029848675581418002
        }
      },
      "session_len_legacy": {
        "1-2": {
          "count": 615,
          "hit@5": 0.00975609756097561,
          "hit@10": 0.013008130081300813,
          "hit@20": 0.02113821138211382,
          "ndcg@5": 0.005820144628121601,
          "ndcg@10": 0.006822575350117877,
          "ndcg@20": 0.008906985540700152,
          "mrr@5": 0.004525745278451501,
          "mrr@10": 0.004909665785669311,
          "mrr@20": 0.00549734371100984
        },
        "3-5": {
          "count": 1305,
          "hit@5": 0.011494252873563218,
          "hit@10": 0.019157088122605363,
          "hit@20": 0.03065134099616858,
          "ndcg@5": 0.008920302907169093,
          "ndcg@10": 0.011362198920085512,
          "ndcg@20": 0.014280868798380154,
          "mrr@5": 0.008071519805553772,
          "mrr@10": 0.009060086389839421,
          "mrr@20": 0.009866588656929718
        },
        "6-10": {
          "count": 799,
          "hit@5": 0.011264080100125156,
          "hit@10": 0.02127659574468085,
          "hit@20": 0.03379224030037547,
          "ndcg@5": 0.007837120821240249,
          "ndcg@10": 0.011004196687395194,
          "ndcg@20": 0.014184412375111156,
          "mrr@5": 0.0066750104794364995,
          "mrr@10": 0.007939984581348147,
          "mrr@20": 0.008820660099928011
        },
        "11+": {
          "count": 780,
          "hit@5": 0.02564102564102564,
          "hit@10": 0.03461538461538462,
          "hit@20": 0.05384615384615385,
          "ndcg@5": 0.024125037705286956,
          "ndcg@10": 0.026922167837619783,
          "ndcg@20": 0.031592367646785885,
          "mrr@5": 0.023653846157666965,
          "mrr@10": 0.024747151012221972,
          "mrr@20": 0.02592828246072317
        }
      }
    },
    "test": {
      "target_popularity_abs": {
        "cold_0": {
          "count": 1813,
          "hit@5": 0.0,
          "hit@10": 0.0,
          "hit@20": 0.0,
          "ndcg@5": 0.0,
          "ndcg@10": 0.0,
          "ndcg@20": 0.0,
          "mrr@5": 0.0,
          "mrr@10": 0.0,
          "mrr@20": 0.0
        },
        "rare_1_5": {
          "count": 93,