stage_name,stage_key,split,aggregation_level,node_kind,node_name,route_space,support_size,wrapper_name,source_type,temperature,top_k,entropy_norm,n_eff_norm,top1_monopoly_norm,jitter_adj_norm,knn_consistency_score,knn_consistency_js,n_eff,cv_usage,top1_max_frac,entropy_mean
macro,macro@1,best_valid,session,final,final.expert,expert,12,ScalarGroupConditionalProductWrapper,,,,0.9581555811181764,0.876836638662296,0.8573912865574843,0.0,0.9947692423723188,0.005244485934249957,10.522039663947552,0.37478405984830143,0.8692753460110273,2.3809271750520424
macro,macro@1,best_valid,session,final,final.group,group,4,ScalarGroupConditionalProductWrapper,,,,0.9924734870035228,0.9894226262242156,0.6485503169423502,0.0,0.999199693400267,0.0008006270160253276,3.9576905048968625,0.10339481126008168,0.7364127377067626,1.3758603985939786
macro,macro@1,best_valid,session,final,final.intra.Exposure,intra,3,ScalarGroupConditionalProductWrapper,,,,0.703792575852037,0.6480578311838231,0.8945510295937885,0.0,0.9873646245429034,0.012715880674903196,1.9441734935514692,0.7369342673738519,0.9297006863958591,0.7731951725044306
macro,macro@1,best_valid,session,final,final.intra.Focus,intra,3,ScalarGroupConditionalProductWrapper,,,,0.9990362794878216,0.9985638352595035,0.9526977607741645,0.0,0.99994781256792,5.2188793891380304e-05,2.9956915057785105,0.03792511279359124,0.968465173849443,1.097553533470589
macro,macro@1,best_valid,session,final,final.intra.Memory,intra,3,ScalarGroupConditionalProductWrapper,,,,0.9884030463259218,0.9890368180530232,0.792688758861258,0.0,0.9987253449372909,0.001275468126464144,2.96711045415907,0.10528409736061677,0.8617925059075053,1.0858717328506526
macro,macro@1,best_valid,session,final,final.intra.Tempo,intra,3,ScalarGroupConditionalProductWrapper,,,,0.9411226161647694,0.9436419532062659,0.5975722966130302,0.0,0.9962093654243998,0.0037978372383794595,2.8309258596187976,0.24438484029815077,0.7317148644086868,1.0339288712620964
