stage_name,stage_key,split,aggregation_level,node_kind,node_name,route_space,support_size,wrapper_name,source_type,temperature,top_k,entropy_norm,n_eff_norm,top1_monopoly_norm,jitter_adj_norm,knn_consistency_score,knn_consistency_js,n_eff,cv_usage,top1_max_frac,entropy_mean
macro,macro@1,best_valid,session,final,final.expert,expert,12,ScalarGroupConditionalProductWrapper,,,,0.9581386500079734,0.990066299419765,0.7456176110884631,0.0,0.9980710607368426,0.0019308020623677086,11.88079559303718,0.1001663327167531,0.7668161434977578,2.3808851028237106
macro,macro@1,best_valid,session,final,final.group,group,4,ScalarGroupConditionalProductWrapper,,,,0.9636925771976502,0.9958636900557373,0.6890881913303438,0.0,0.9990066806147984,0.000993813053842937,3.983454760222949,0.06444830086519127,0.7668161434977578,1.3359615856221974
macro,macro@1,best_valid,session,final,final.intra.Exposure,intra,3,ScalarGroupConditionalProductWrapper,,,,0.8949170669468247,0.9991708721588733,0.6434977578475336,0.0,0.9982368639658673,0.0017646921878796446,2.99751261647662,0.028804683199385308,0.7623318385650224,0.9831668870866032
macro,macro@1,best_valid,session,final,final.intra.Focus,intra,3,ScalarGroupConditionalProductWrapper,,,,0.9641743398323501,0.9934738426092881,0.6708239910313901,0.0,0.9982714204243872,0.0017300752931804749,2.9804215278278643,0.08104904499503836,0.7805493273542601,1.059253778158282
macro,macro@1,best_valid,session,final,final.intra.Memory,intra,3,ScalarGroupConditionalProductWrapper,,,,0.9853985778821611,0.9993136173207048,0.6434977578475336,0.0,0.9998413084766283,0.00015870411620375833,2.9979408519621145,0.026207634398113657,0.7623318385650224,1.0825709868974216
macro,macro@1,best_valid,session,final,final.intra.Tempo,intra,3,ScalarGroupConditionalProductWrapper,,,,0.9892859200591159,0.9983708620613424,0.6838565022421523,0.0,0.9995867611802779,0.0004133242264128568,2.9951125861840273,0.04039676273921839,0.7892376681614349,1.086841668783282
