best_mrr20,epoch,epoch_time_sec,eval,lr,patience_used,train_loss,trial,valid_mrr20
0.0021,1,2.990920305252075,1,0.0002836,0,81.24994945526123,1,0.0021
0.0078,3,2.0879299640655518,1,0.0002836,0,73.69681358337402,1,0.0078
0.0362,10,2.104182481765747,1,0.0002836,0,56.70914316177368,1,0.0362
0.0608,26,2.072572708129883,1,0.0002836,0,38.93321371078491,1,0.0608
0.0608,36,1.9223015308380127,1,0.0002836,10,31.813054084777832,1,0.0597
