stage_name,stage_key,split,aggregation_level,node_kind,node_name,route_space,support_size,wrapper_name,source_type,temperature,top_k,entropy_norm,n_eff_norm,top1_monopoly_norm,jitter_adj_norm,knn_consistency_score,knn_consistency_js,n_eff,cv_usage,top1_max_frac,entropy_mean
macro,macro@1,best_valid,session,final,final.expert,expert,16,ScalarGroupConditionalProductWrapper,,,,0.88810833987932,0.9452761086835483,0.1373777289913404,0.0,0.9709301670867483,0.029500731828312768,15.124417738936772,0.24060745481297105,0.19129162092938162,2.4623591672764973
macro,macro@1,best_valid,session,final,final.group,group,4,ScalarGroupConditionalProductWrapper,,,,0.8757215205357014,0.9601292532400011,0.14100093507338296,0.0,0.9832961823450659,0.016844899696123274,3.8405170129600044,0.20378008484840393,0.3557507013050372,1.2140078058299792
macro,macro@1,best_valid,session,final,final.intra.Exposure,intra,4,ScalarGroupConditionalProductWrapper,,,,0.9031886856779006,0.853933668577427,0.7246493474814001,0.0,0.9962724170672852,0.003734547683151936,3.415734674309708,0.4135833978652954,0.7934870106110501,1.2520853819825588
macro,macro@1,best_valid,session,final,final.intra.Focus,intra,4,ScalarGroupConditionalProductWrapper,,,,0.7241209505550454,0.957013494646338,0.08005041265194945,0.0,0.9687145901350876,0.031785251101244485,3.828053978585352,0.21193735301494598,0.3100378094889621,1.0038447905232346
macro,macro@1,best_valid,session,final,final.intra.Memory,intra,4,ScalarGroupConditionalProductWrapper,,,,0.9894680343877146,0.9971250930428107,0.3442777574500955,0.0,0.9974872430286202,0.0025159192436368773,3.988500372171243,0.05369633436203003,0.5082083180875716,1.3716939565800708
macro,macro@1,best_valid,session,final,final.intra.Tempo,intra,4,ScalarGroupConditionalProductWrapper,,,,0.9228768433166786,0.9029248533149461,0.6453226003171119,0.0,0.9926831335352371,0.007343766026180232,3.6116994132597844,0.327890008687973,0.7339919502378339,1.2793789638980364
