{
  "model": "DuoRec",
  "dataset": "lastfm0.03",
  "dataset_raw": "lastfm0.03",
  "max_evals": 10,
  "tune_epochs": 56,
  "n_completed": 10,
  "n_recorded_trials": 10,
  "timestamp": "2026-04-05T22:52:16.829272",
  "trials": [
    {
      "trial": 1,
      "params": {
        "learning_rate": 0.0006271419557143201
      },
      "mrr@20": 0.2268,
      "valid_result": {
        "hit@5": 0.2748,
        "hit@10": 0.2952,
        "hit@20": 0.3152,
        "ndcg@5": 0.2358,
        "ndcg@10": 0.2424,
        "ndcg@20": 0.2474,
        "mrr@5": 0.2228,
        "mrr@10": 0.2255,
        "mrr@20": 0.2268
      },
      "test_result": {
        "hit@5": 0.2747,
        "hit@10": 0.2917,
        "hit@20": 0.3084,
        "ndcg@5": 0.2344,
        "ndcg@10": 0.24,
        "ndcg@20": 0.2442,
        "mrr@5": 0.2209,
        "mrr@10": 0.2232,
        "mrr@20": 0.2244
      },
      "best_hr@10": 0.2952,
      "test_mrr@20": 0.2244,
      "test_hr@10": 0.2917,
      "epochs_run": 19,
      "early_stop_epoch": 19,
      "early_stopped": true,
      "elapsed": 447.4,
      "status": "ok"
    },
    {
      "trial": 2,
      "params": {
        "learning_rate": 0.0003863580442064828
      },
      "mrr@20": 0.2291,
      "valid_result": {
        "hit@5": 0.2756,
        "hit@10": 0.2939,
        "hit@20": 0.3104,
        "ndcg@5": 0.238,
        "ndcg@10": 0.244,
        "ndcg@20": 0.2482,
        "mrr@5": 0.2254,
        "mrr@10": 0.2279,
        "mrr@20": 0.2291
      },
      "test_result": {
        "hit@5": 0.2763,
        "hit@10": 0.2925,
        "hit@20": 0.3066,
        "ndcg@5": 0.2382,
        "ndcg@10": 0.2435,
        "ndcg@20": 0.247,
        "mrr@5": 0.2255,
        "mrr@10": 0.2276,
        "mrr@20": 0.2286
      },
      "best_hr@10": 0.2939,
      "test_mrr@20": 0.2286,
      "test_hr@10": 0.2925,
      "epochs_run": 28,
      "early_stop_epoch": 28,
      "early_stopped": true,
      "elapsed": 658.0,
      "status": "ok"
    },
    {
      "trial": 3,
      "params": {
        "learning_rate": 0.0007718846368799161
      },
      "mrr@20": 0.2262,
      "valid_result": {
        "hit@5": 0.2735,
        "hit@10": 0.2952,
        "hit@20": 0.3125,
        "ndcg@5": 0.2349,
        "ndcg@10": 0.242,
        "ndcg@20": 0.2464,
        "mrr@5": 0.222,
        "mrr@10": 0.225,
        "mrr@20": 0.2262
      },
      "test_result": {
        "hit@5": 0.2779,
        "hit@10": 0.2938,
        "hit@20": 0.3103,
        "ndcg@5": 0.238,
        "ndcg@10": 0.2432,
        "ndcg@20": 0.2474,
        "mrr@5": 0.2247,
        "mrr@10": 0.2268,
        "mrr@20": 0.228
      },
      "best_hr@10": 0.2952,
      "test_mrr@20": 0.228,
      "test_hr@10": 0.2938,
      "epochs_run": 17,
      "early_stop_epoch": 17,
      "early_stopped": true,
      "elapsed": 395.7,
      "status": "ok"
    },
    {
      "trial": 4,
      "params": {
        "learning_rate": 0.0015507007119799198
      },
      "mrr@20": 0.2151,
      "valid_result": {
        "hit@5": 0.2572,
        "hit@10": 0.2766,
        "hit@20": 0.2976,
        "ndcg@5": 0.2227,
        "ndcg@10": 0.2289,
        "ndcg@20": 0.2342,
        "mrr@5": 0.2111,
        "mrr@10": 0.2137,
        "mrr@20": 0.2151
      },
      "test_result": {
        "hit@5": 0.2593,
        "hit@10": 0.2784,
        "hit@20": 0.2978,
        "ndcg@5": 0.2244,
        "ndcg@10": 0.2305,
        "ndcg@20": 0.2355,
        "mrr@5": 0.2128,
        "mrr@10": 0.2152,
        "mrr@20": 0.2166
      },
      "best_hr@10": 0.2766,
      "test_mrr@20": 0.2166,
      "test_hr@10": 0.2784,
      "epochs_run": 15,
      "early_stop_epoch": 15,
      "early_stopped": true,
      "elapsed": 354.7,
      "status": "ok"
    },
    {
      "trial": 5,
      "params": {
        "learning_rate": 0.0009198522666179178
      },
      "mrr@20": 0.2223,
      "valid_result": {
        "hit@5": 0.2708,
        "hit@10": 0.2934,
        "hit@20": 0.3109,
        "ndcg@5": 0.2314,
        "ndcg@10": 0.2386,
        "ndcg@20": 0.243,
        "mrr@5": 0.2183,
        "mrr@10": 0.2212,
        "mrr@20": 0.2223
      },
      "test_result": {
        "hit@5": 0.2742,
        "hit@10": 0.2928,
        "hit@20": 0.3098,
        "ndcg@5": 0.2325,
        "ndcg@10": 0.2386,
        "ndcg@20": 0.2429,
        "mrr@5": 0.2186,
        "mrr@10": 0.2211,
        "mrr@20": 0.2223
      },
      "best_hr@10": 0.2934,
      "test_mrr@20": 0.2223,
      "test_hr@10": 0.2928,
      "epochs_run": 16,
      "early_stop_epoch": 16,
      "early_stopped": true,
      "elapsed": 375.7,
      "status": "ok"
    },
    {
      "trial": 6,
      "params": {
        "learning_rate": 0.0008952183625794073
      },
      "mrr@20": 0.2225,
      "valid_result": {
        "hit@5": 0.2631,
        "hit@10": 0.2812,
        "hit@20": 0.3003,
        "ndcg@5": 0.2298,
        "ndcg@10": 0.2358,
        "ndcg@20": 0.2406,
        "mrr@5": 0.2186,
        "mrr@10": 0.2212,
        "mrr@20": 0.2225
      },
      "test_result": {
        "hit@5": 0.2667,
        "hit@10": 0.2837,
        "hit@20": 0.2991,
        "ndcg@5": 0.2315,
        "ndcg@10": 0.237,
        "ndcg@20": 0.241,
        "mrr@5": 0.2196,
        "mrr@10": 0.2219,
        "mrr@20": 0.2231
      },
      "best_hr@10": 0.2812,
      "test_mrr@20": 0.2231,
      "test_hr@10": 0.2837,
      "epochs_run": 19,
      "early_stop_epoch": 19,
      "early_stopped": true,
      "elapsed": 450.0,
      "status": "ok"
    },
    {
      "trial": 7,
      "params": {
        "learning_rate": 0.001179876351372013
      },
      "mrr@20": 0.2177,
      "valid_result": {
        "hit@5": 0.262,
        "hit@10": 0.2809,
        "hit@20": 0.2992,
        "ndcg@5": 0.226,
        "ndcg@10": 0.2321,
        "ndcg@20": 0.2368,
        "mrr@5": 0.2139,
        "mrr@10": 0.2165,
        "mrr@20": 0.2177
      },
      "test_result": {
        "hit@5": 0.2638,
        "hit@10": 0.2851,
        "hit@20": 0.3005,
        "ndcg@5": 0.2291,
        "ndcg@10": 0.236,
        "ndcg@20": 0.24,
        "mrr@5": 0.2175,
        "mrr@10": 0.2203,
        "mrr@20": 0.2214
      },
      "best_hr@10": 0.2809,
      "test_mrr@20": 0.2214,
      "test_hr@10": 0.2851,
      "epochs_run": 16,
      "early_stop_epoch": 16,
      "early_stopped": true,
      "elapsed": 376.3,
      "status": "ok"
    },
    {
      "trial": 8,
      "params": {
        "learning_rate": 0.0004434751218436548
      },
      "mrr@20": 0.229,
      "valid_result": {
        "hit@5": 0.2788,
        "hit@10": 0.2971,
        "hit@20": 0.313,
        "ndcg@5": 0.2388,
        "ndcg@10": 0.2447,
        "ndcg@20": 0.2488,
        "mrr@5": 0.2254,
        "mrr@10": 0.2278,
        "mrr@20": 0.229
      },
      "test_result": {
        "hit@5": 0.2731,
        "hit@10": 0.2941,
        "hit@20": 0.309,
        "ndcg@5": 0.2356,
        "ndcg@10": 0.2425,
        "ndcg@20": 0.2463,
        "mrr@5": 0.2231,
        "mrr@10": 0.226,
        "mrr@20": 0.227
      },
      "best_hr@10": 0.2971,
      "test_mrr@20": 0.227,
      "test_hr@10": 0.2941,
      "epochs_run": 24,
      "early_stop_epoch": 24,
      "early_stopped": true,
      "elapsed": 565.6,
      "status": "ok"
    },
    {
      "trial": 9,
      "params": {
        "learning_rate": 0.000399816730170855
      },
      "mrr@20": 0.2284,
      "valid_result": {
        "hit@5": 0.2705,
        "hit@10": 0.2886,
        "hit@20": 0.3069,
        "ndcg@5": 0.2362,
        "ndcg@10": 0.242,
        "ndcg@20": 0.2467,
        "mrr@5": 0.2247,
        "mrr@10": 0.2271,
        "mrr@20": 0.2284
      },
      "test_result": {
        "hit@5": 0.2694,
        "hit@10": 0.288,
        "hit@20": 0.3021,
        "ndcg@5": 0.2371,
        "ndcg@10": 0.2432,
        "ndcg@20": 0.2467,
        "mrr@5": 0.2263,
        "mrr@10": 0.2289,
        "mrr@20": 0.2298
      },
      "best_hr@10": 0.2886,
      "test_mrr@20": 0.2298,
      "test_hr@10": 0.288,
      "epochs_run": 31,
      "early_stop_epoch": 31,