{
  "split": "best_valid",
  "feature_mode": "none",
  "stages": [
    {
      "stage": "macro@1",
      "n_eff": 11.455321399238876,
      "cv_usage": 0.21805560112828032,
      "top1_max_frac": 0.3941431917792589,
      "entropy_mean": 2.2762993321514786,
      "route_jitter_adjacent": 0.0,
      "route_consistency_knn_js": 0.005039105315505436,
      "route_consistency_knn_score": 0.994973569676541,
      "route_consistency_group_knn_js": 0.0015143997074085148,
      "route_consistency_group_knn_score": 0.9984867464171918,
      "route_consistency_intra_group_knn_mean_js": 0.003590985441043164,
      "route_consistency_intra_group_knn_mean_score": 0.9964234135475931,
      "route_consistency_feature_group_knn_mean_score": 0.9700728208178628,
      "family_top_expert_mean_share": 0.140222430229187,
      "route_consistency_feature_group_knn_tempo_js": 0.018710924109026424,
      "route_consistency_feature_group_knn_tempo_score": 0.9814630385411651,
      "route_consistency_feature_group_knn_focus_js": 0.03776595761118216,
      "route_consistency_feature_group_knn_focus_score": 0.9629382828963935,
      "route_consistency_feature_group_knn_memory_js": 0.030469331992313168,
      "route_consistency_feature_group_knn_memory_score": 0.9699901792773385,
      "route_consistency_feature_group_knn_exposure_js": 0.03469519491695124,
      "route_consistency_feature_group_knn_exposure_score": 0.9658997825565543
    }
  ]
}
