stage_name,stage_key,split,aggregation_level,node_kind,node_name,route_space,support_size,wrapper_name,source_type,temperature,top_k,entropy_norm,n_eff_norm,top1_monopoly_norm,jitter_adj_norm,knn_consistency_score,knn_consistency_js,n_eff,cv_usage,top1_max_frac,entropy_mean
macro,macro@1,best_valid,session,final,final.expert,expert,16,ScalarGroupConditionalProductWrapper,,,,0.9758033801183803,0.9712221611553881,0.5111358161941819,0.0,0.9941099645859133,0.005907450088378771,15.539554578486209,0.17213454280679907,0.5416898276820455,2.7055014468396794
macro,macro@1,best_valid,session,final,final.group,group,4,ScalarGroupConditionalProductWrapper,,,,0.9715289298783025,0.9952359557387009,0.15397443023902166,0.0,0.995871334776044,0.004137211694008934,3.9809438229548038,0.06918712705373764,0.36548082267926624,1.3468250771551324
macro,macro@1,best_valid,session,final,final.intra.Exposure,intra,4,ScalarGroupConditionalProductWrapper,,,,0.9537561538947769,0.9471191734601848,0.6016305354826755,0.0,0.9965430867394747,0.0034629021912969565,3.7884766938407393,0.23629073798656464,0.7012229016120066,1.3221867780277237
macro,macro@1,best_valid,session,final,final.intra.Focus,intra,4,ScalarGroupConditionalProductWrapper,,,,0.970013181035984,0.9808403887999607,0.4592057315792724,0.0,0.997283890701856,0.0027198046157782133,3.923361555199843,0.13976415991783142,0.5944042986844543,1.3447238030821522
macro,macro@1,best_valid,session,final,final.intra.Memory,intra,4,ScalarGroupConditionalProductWrapper,,,,0.9951331506986043,0.997085033255154,0.42288925946513495,0.0,0.9991142052737467,0.0008861872742301816,3.988340133020616,0.05406945521053405,0.5671669445988512,1.3795474753769454
macro,macro@1,best_valid,session,final,final.intra.Tempo,intra,4,ScalarGroupConditionalProductWrapper,,,,0.9963195861285815,0.9982816947233545,0.2560064233215984,0.0,0.9995487767949116,0.00045132503691248986,3.993126778893418,0.04148843511939049,0.4420048174911988,1.3811922241233556
