best_mrr20,epoch,eval,lr,patience_used,train_loss,trial,valid_mrr20
0.0137,1,1,0.00016,0,223.07695960998535,1,0.0137
0.0137,3,1,0.00016,2,215.3948278427124,1,0.0085
0.0137,6,1,0.00016,5,205.33317852020264,1,0.0113
