best_mrr20,epoch,epoch_time_sec,eval,lr,patience_used,train_loss,trial,valid_mrr20
0.1036,1,39.691720485687256,1,0.0007998187552579467,0,1536.992925643921,1,0.1036
0.2214,3,39.73326826095581,1,0.0007983698921263105,0,872.7836656570435,1,0.2214
0.308,10,39.17031240463257,1,0.0007820256023867403,0,337.17657375335693,1,0.308
0.308,20,38.501765966415405,1,0.0007298972927111812,10,105.31536120176315,1,0.2938
