{
  "model": "DuoRec",
  "dataset": "amazon_beauty",
  "dataset_raw": "amazon_beauty",
  "max_evals": 8,
  "tune_epochs": 50,
  "n_completed": 8,
  "n_recorded_trials": 8,
  "timestamp": "2026-04-05T10:12:09.174508",
  "trials": [
    {
      "trial": 1,
      "params": {
        "MAX_ITEM_LIST_LENGTH": 5,
        "learning_rate": 0.00024371820603837248
      },
      "mrr@20": 0.0929,
      "valid_result": {
        "hit@5": 0.0973,
        "hit@10": 0.0973,
        "hit@20": 0.0973,
        "ndcg@5": 0.0941,
        "ndcg@10": 0.0941,
        "ndcg@20": 0.0941,
        "mrr@5": 0.0929,
        "mrr@10": 0.0929,
        "mrr@20": 0.0929
      },
      "test_result": {
        "hit@5": 0.0789,
        "hit@10": 0.0789,
        "hit@20": 0.0877,
        "ndcg@5": 0.0789,
        "ndcg@10": 0.0789,
        "ndcg@20": 0.0813,
        "mrr@5": 0.0789,
        "mrr@10": 0.0789,
        "mrr@20": 0.0797
      },
      "best_hr@10": 0.0973,
      "test_mrr@20": 0.0797,
      "test_hr@10": 0.0789,
      "epochs_run": 9,
      "early_stop_epoch": 9,
      "early_stopped": true,
      "elapsed": 11.6,
      "status": "ok"
    },
    {
      "trial": 2,
      "params": {
        "MAX_ITEM_LIST_LENGTH": 5,
        "learning_rate": 0.0008329057029102222
      },
      "mrr@20": 0.0443,
      "valid_result": {
        "hit@5": 0.0531,
        "hit@10": 0.0531,
        "hit@20": 0.0708,
        "ndcg@5": 0.0454,
        "ndcg@10": 0.0454,
        "ndcg@20": 0.0502,
        "mrr@5": 0.0428,
        "mrr@10": 0.0428,
        "mrr@20": 0.0443
      },
      "test_result": {
        "hit@5": 0.0175,
        "hit@10": 0.0351,
        "hit@20": 0.0526,
        "ndcg@5": 0.0143,
        "ndcg@10": 0.02,
        "ndcg@20": 0.0244,
        "mrr@5": 0.0132,
        "mrr@10": 0.0155,
        "mrr@20": 0.0167
      },
      "best_hr@10": 0.0531,
      "test_mrr@20": 0.0167,
      "test_hr@10": 0.0351,
      "epochs_run": 9,
      "early_stop_epoch": 9,
      "early_stopped": true,
      "elapsed": 10.4,
      "status": "ok"
    },
    {
      "trial": 3,
      "params": {
        "MAX_ITEM_LIST_LENGTH": 10,
        "learning_rate": 0.001054009943892863
      },
      "mrr@20": 0.087,
      "valid_result": {
        "hit@5": 0.1062,
        "hit@10": 0.1062,
        "hit@20": 0.1062,
        "ndcg@5": 0.092,
        "ndcg@10": 0.092,
        "ndcg@20": 0.092,
        "mrr@5": 0.087,
        "mrr@10": 0.087,
        "mrr@20": 0.087
      },
      "test_result": {
        "hit@5": 0.0614,
        "hit@10": 0.0614,
        "hit@20": 0.0702,
        "ndcg@5": 0.0432,
        "ndcg@10": 0.0432,
        "ndcg@20": 0.0454,
        "mrr@5": 0.0373,
        "mrr@10": 0.0373,
        "mrr@20": 0.0379
      },
      "best_hr@10": 0.1062,
      "test_mrr@20": 0.0379,
      "test_hr@10": 0.0614,
      "epochs_run": 9,
      "early_stop_epoch": 9,
      "early_stopped": true,
      "elapsed": 10.7,
      "status": "ok"
    },
    {
      "trial": 4,
      "params": {
        "MAX_ITEM_LIST_LENGTH": 10,
        "learning_rate": 0.001734828968185156
      },
      "mrr@20": 0.0177,
      "valid_result": {
        "hit@5": 0.0177,
        "hit@10": 0.0177,
        "hit@20": 0.0177,
        "ndcg@5": 0.0177,
        "ndcg@10": 0.0177,
        "ndcg@20": 0.0177,
        "mrr@5": 0.0177,
        "mrr@10": 0.0177,
        "mrr@20": 0.0177
      },
      "test_result": {
        "hit@5": 0.0,
        "hit@10": 0.0,
        "hit@20": 0.0088,
        "ndcg@5": 0.0,
        "ndcg@10": 0.0,
        "ndcg@20": 0.0023,
        "mrr@5": 0.0,
        "mrr@10": 0.0,
        "mrr@20": 0.0007
      },
      "best_hr@10": 0.0177,
      "test_mrr@20": 0.0007,
      "test_hr@10": 0.0,
      "epochs_run": 9,
      "early_stop_epoch": 9,
      "early_stopped": true,
      "elapsed": 10.7,
      "status": "ok"
    },
    {
      "trial": 5,
      "params": {
        "MAX_ITEM_LIST_LENGTH": 5,
        "learning_rate": 0.0007571335962002385
      },
      "mrr@20": 0.0519,
      "valid_result": {
        "hit@5": 0.0531,
        "hit@10": 0.0796,
        "hit@20": 0.0796,
        "ndcg@5": 0.0498,
        "ndcg@10": 0.0581,
        "ndcg@20": 0.0581,
        "mrr@5": 0.0487,
        "mrr@10": 0.0519,
        "mrr@20": 0.0519
      },
      "test_result": {
        "hit@5": 0.0439,
        "hit@10": 0.0526,
        "hit@20": 0.0702,
        "ndcg@5": 0.0259,
        "ndcg@10": 0.0288,
        "ndcg@20": 0.0331,
        "mrr@5": 0.02,
        "mrr@10": 0.0213,
        "mrr@20": 0.0224
      },
      "best_hr@10": 0.0796,
      "test_mrr@20": 0.0224,
      "test_hr@10": 0.0526,
      "epochs_run": 9,
      "early_stop_epoch": 9,
      "early_stopped": true,
      "elapsed": 10.3,
      "status": "ok"
    },
    {
      "trial": 6,
      "params": {
        "MAX_ITEM_LIST_LENGTH": 50,
        "learning_rate": 0.0020349985082849234
      },
      "mrr@20": 0.0643,
      "valid_result": {
        "hit@5": 0.0619,
        "hit@10": 0.0708,
        "hit@20": 0.0885,
        "ndcg@5": 0.0619,
        "ndcg@10": 0.0647,
        "ndcg@20": 0.0693,
        "mrr@5": 0.0619,
        "mrr@10": 0.0631,
        "mrr@20": 0.0643
      },
      "test_result": {
        "hit@5": 0.0526,
        "hit@10": 0.0526,
        "hit@20": 0.0614,
        "ndcg@5": 0.0526,
        "ndcg@10": 0.0526,
        "ndcg@20": 0.0547,
        "mrr@5": 0.0526,
        "mrr@10": 0.0526,
        "mrr@20": 0.0531
      },
      "best_hr@10": 0.0708,
      "test_mrr@20": 0.0531,
      "test_hr@10": 0.0526,
      "epochs_run": 12,
      "early_stop_epoch": 12,
      "early_stopped": true,
      "elapsed": 16.2,
      "status": "ok"
    },
    {
      "trial": 7,
      "params": {
        "MAX_ITEM_LIST_LENGTH": 5,
        "learning_rate": 0.0017613192974596304
      },
      "mrr@20": 0.0,
      "valid_result": {
        "hit@5": 0.0,
        "hit@10": 0.0,
        "hit@20": 0.0,
        "ndcg@5": 0.0,
        "ndcg@10": 0.0,
        "ndcg@20": 0.0,
        "mrr@5": 0.0,
        "mrr@10": 0.0,
        "mrr@20": 0.0
      },
      "test_result": {
        "hit@5": 0.0,
        "hit@10": 0.0,
        "hit@20": 0.0,
        "ndcg@5": 0.0,
        "ndcg@10": 0.0,
        "ndcg@20": 0.0,
        "mrr@5": 0.0,
        "mrr@10": 0.0,
        "mrr@20": 0.0
      },
      "best_hr@10": 0.0,
      "test_mrr@20": 0.0,
      "test_hr@10": 0.0,
      "epochs_run": 9,
      "early_stop_epoch": 9,
      "early_stopped": true,
      "elapsed": 10.4,
      "status": "ok"
    },
    {
      "trial": 8,
      "params": {
        "MAX_ITEM_LIST_LENGTH": 30,
        "learning_rate": 0.00020624617931789792
      },
      "mrr@20": 0.0973,
      "valid_result": {
        "hit@5": 0.0973,
        "hit@10": 0.0973,
        "hit@20": 0.0973,
        "ndcg@5": 0.0973,
        "ndcg@10": 0.0973,
        "ndcg@20": 0.0973,
        "mrr@5": 0.0973,
        "mrr@10": 0.0973,
        "mrr@20": 0.0973
      },
      "test_result": {
        "hit@5": 0.0877,
        "hit@10": 0.0877,
        "hit@20": 0.0877,
        "ndcg@5": 0.0823,
        "ndcg@10": 0.0823,
        "ndcg@20": 0.0823,
        "mrr@5": 0.0807,
        "mrr@10": 0.0807,
        "mrr@20": 0.0807
      },
      "best_hr@10": 0.0973,
      "test_mrr@20": 0.0807,
      "test_hr@10": 0.0877,
      "epochs_run": 9,
      "early_stop_epoch": 9,
      "early_stopped": true,
      "elapsed": 11.1,
      "status": "ok"
    }
  ],
  "run_group": "baseline",
  "run_axis": "stagee_relrseed_anchor2_core5",
  "run_phase": "P20_SC_D01_M02_P01_DUOREC_D5_E5_S2",
  "parent_result": "",
  "interrupted": false,
  "interrupted_at": null,
  "tuned_search": {
    "learning_rate": [
      0.00014958648214695314,
      0.0022108290929049603
    ],
    "MAX_ITEM_LIST_LENGTH": [
      5,
      10,
      30,
      50
    ]
  },
  "fixed_search": {
    "n_layers": 3,
    "n_heads": 1,
    "weight_decay": 0.0034913999999999995,
    "hidden_dropout_prob": 0.44,
    "hidden_size": 64,
    "embedding_size": 64,
    "num_layers": 3,
    "dropout_ratio": 0.44,