cv_usage,entropy_mean,family_top_expert_mean_share,n_eff,route_consistency_feature_group_knn_exposure_js,route_consistency_feature_group_knn_exposure_score,route_consistency_feature_group_knn_focus_js,route_consistency_feature_group_knn_focus_score,route_consistency_feature_group_knn_mean_score,route_consistency_feature_group_knn_memory_js,route_consistency_feature_group_knn_memory_score,route_consistency_feature_group_knn_tempo_js,route_consistency_feature_group_knn_tempo_score,route_consistency_group_knn_js,route_consistency_group_knn_score,route_consistency_intra_group_knn_mean_js,route_consistency_intra_group_knn_mean_score,route_consistency_knn_js,route_consistency_knn_score,route_jitter_adjacent,stage,top1_max_frac
0.20860310022225678,0.716915755682886,0.10968511551618576,2.874897721136969,0.0,0.0,0.0,0.0,0.9604267631741511,0.0,0.0,0.04037754832802364,0.9604267631741511,3.4303905147149883e-10,0.999999999656961,0.03324719611039601,0.9672994173791732,0.03324719661336226,0.9672994168926543,0.0,macro@1,0.5532399483630782
0.27216946267576625,0.7563114453919417,0.11655039340257645,2.793097673086752,0.0,0.0,0.0,0.0,0.981658418896708,0.0,0.0,0.018511873402868882,0.981658418896708,-1.7328757535961972e-10,1.0000000001732876,0.014079923072977098,0.9860187354662318,0.01407992428009611,0.9860187342759898,0.5422459631580877,micro@1,0.4982783963916799
0.16679933170082176,0.7730417248365092,0.09673156589269638,2.91879319710908,0.0,0.0,0.0,0.0,0.9715693877114587,0.0,0.0,0.028842589440372674,0.9715693877114587,2.408740009132802e-10,0.999999999759126,0.023068853901079024,0.9771951977553701,0.023068853649595898,0.9771951980011182,0.0,mid@1,0.423348927325731
