{
  "split": "early_valid",
  "feature_mode": "none",
  "stage_metrics": {
    "macro@1": {
      "mode": "moe",
      "n_slots": 6,
      "expert_names": [
        "Tempo_a",
        "Tempo_b",
        "Tempo_c",
        "Focus_a",
        "Focus_b",
        "Focus_c"
      ],
      "family_names": [
        "Tempo",
        "Focus",
        "Memory",
        "Exposure"
      ],
      "usage_sum": [
        75962.0859375,
        73831.578125,
        80701.9609375,
        69225.5234375,
        71171.2890625,
        76074.5625
      ],
      "top1_count": [
        98169.0,
        1818.0,
        237663.0,
        1702.0,
        9245.0,
        98370.0
      ],
      "entropy_mean": 1.7888299866796653,
      "route_jitter_adjacent": 0.0,
      "route_jitter_session": 0.0,
      "route_consistency_knn_js": 5.8083653600902085e-05,
      "route_consistency_knn_score": 0.9999419180332219,
      "route_consistency_group_knn_js": 2.4135332040020725e-05,
      "route_consistency_group_knn_score": 0.9999758649592148,
      "route_consistency_intra_group_knn": {
        "group_names": [
          "Tempo",
          "Focus"
        ],
        "js_by_group": [
          3.1028274342792585e-05,
          3.703190275564154e-05
        ],
        "score_by_group": [
          0.9999689722070292,
          0.9999629687829168
        ],
        "mean_js": 3.403008854921706e-05,
        "mean_score": 0.999965970494973
      },
      "route_consistency_feature_group_knn": {
        "group_names": [
          "Tempo",
          "Focus"
        ],
        "js_by_group": [
          0.00024271803524390938,
          0.00015311533876262846
        ],
        "score_by_group": [
          0.9997573114183954,
          0.9998468963827926
        ],
        "mean_js": 0.0001979166870032689,
        "mean_score": 0.999802103900594
      },
      "condition_norm": 0.0,
      "stage_delta_norm": 3.5373484553821,
      "shared_delta_norm": 7.500541839993935,
      "moe_delta_norm": 3.5373484553821,
      "residual_delta_norm": 3.5373484553821,
      "alpha_value": 1.0,
      "alpha_effective": 1.0,
      "usage_share": [
        0.16995009779930115,
        0.16518351435661316,
        0.18055462837219238,
        0.1548783779144287,
        0.15923164784908295,
        0.17020174860954285
      ],
      "n_eff": 5.985183499235987,
      "cv_usage": 0.049755171321178335,
      "dead_expert_frac": 0.0,
      "top1_max_frac": 0.531723818536939,
      "wrapper_name": "GroupConditionalProductWrapper",
      "feature_family_expert_heatmap": {
        "family_names": [
          "Tempo",
          "Focus",
          "Memory",
          "Exposure"
        ],
        "values": [
          [
            45894.1328125,
            44719.34765625,
            49296.4921875,
            42057.76953125,
            43075.3203125,
            46268.15625
          ],
          [
            47379.4453125,
            46050.96484375,
            50381.53125,
            43333.8984375,
            44409.1015625,
            47617.11328125
          ],
          [
            0.0,
            0.0,
            0.0,
            0.0,
            0.0,
            0.0
          ],
          [
            0.0,
            0.0,
            0.0,
            0.0,
            0.0,
            0.0
          ]
        ]
      },
      "position_expert_usage": {
        "values": [
          [
            7234.0,
            178.0,
            21930.0,
            118.0,
            528.0,
            7934.0
          ],
          [
            7234.0,
            178.0,
            21930.0,
            118.0,
            528.0,
            7934.0
          ],
          [
            7206.0,
            177.0,
            21930.0,
            118.0,
            528.0,
            7930.0
          ],
          [
            6621.0,
            151.0,
            18553.0,
            105.0,
            506.0,
            7063.0
          ],
          [
            6004.0,
            126.0,
            15624.0,
            97.0,
            482.0,
            6206.0
          ],
          [
            5687.0,
            106.0,
            14016.0,
            95.0,
            473.0,
            5770.0
          ],
          [
            5288.0,
            94.0,
            12642.0,
            89.0,
            463.0,
            5327.0
          ],
          [
            5115.0,
            92.0,
            11832.0,
            87.0,
            459.0,
            5087.0
          ],
          [
            4882.0,
            85.0,
            11001.0,
            83.0,
            454.0,
            4782.0
          ],
          [
            4770.0,
            83.0,
            10504.0,
            82.0,
            448.0,
            4621.0
          ],
          [
            4600.0,
            79.0,
            9947.0,
            80.0,
            448.0,
            4430.0
          ],
          [
            4453.0,
            72.0,
            9425.0,
            79.0,
            446.0,
            4261.0
          ],
          [
            4160.0,
            61.0,
            8630.0,
            75.0,
            444.0,
            3949.0
          ],
          [
            4011.0,
            56.0,
            8241.0,
            74.0,
            443.0,
            3807.0
          ],
          [
            3894.0,
            52.0,
            7895.0,
            71.0,
            442.0,
            3668.0
          ],
          [
            3758.0,
            49.0,
            7480.0,
            68.0,
            440.0,
            3483.0
          ],
          [
            3550.0,
            47.0,
            7017.0,
            67.0,
            435.0,
            3275.0
          ],
          [
            3355.0,
            46.0,
            6619.0,
            66.0,
            430.0,
            3077.0
          ],
          [
            3221.0,
            44.0,
            6344.0,
            65.0,
            425.0,
            2935.0
          ],
          [
            3126.0,
            42.0,
            6103.0,
            65.0,
            423.0,
            2831.0
          ]
        ]
      },
      "route_transition_matrix": {
        "values": [
          [
            90935.0,
            0.0,
            0.0,
            0.0,
            0.0,
            0.0
          ],
          [
            0.0,
            1640.0,
            0.0,
            0.0,
            0.0,
            0.0
          ],
          [
            0.0,
            0.0,
            215733.0,
            0.0,
            0.0,
            0.0
          ],
          [
            0.0,
            0.0,
            0.0,
            1584.0,
            0.0,
            0.0
          ],
          [
            0.0,
            0.0,
            0.0,
            0.0,
            8717.0,
            0.0
          ],
          [
            0.0,
            0.0,
            0.0,
            0.0,
            0.0,
            90436.0
          ]
        ]
      },
      "group_routing": {
        "group_names": [
          "Tempo",
          "Focus"
        ],
        "group_share": [
          0.5156881809234619,
          0.4843117594718933
        ],
        "group_n_eff": 1.9980333136235964,
        "group_cv_usage": 0.03137644250022932,
        "group_top1_max_frac": 0.815914821452143,
        "group_entropy_mean": 0.6920195677896802,
        "group_prior_mean": [
          0.0,
          0.0
        ],
        "factored_group_entropy_mean": 0.0
      },
      "specialization_summary": {
        "mean_top_expert_share": 0.09054122120141983,
        "family_top_expert": [
          {
            "family": "Tempo",
            "expert": "Tempo_c",
            "top_share": 0.18169721961021423
          },
          {
            "family": "Focus",
            "expert": "Tempo_c",
            "top_share": 0.1804676651954651
          },
          {
            "family": "Memory",