stage_name,stage_key,split,aggregation_level,node_kind,node_name,route_space,support_size,wrapper_name,source_type,temperature,top_k,entropy_norm,n_eff_norm,top1_monopoly_norm,jitter_adj_norm,knn_consistency_score,knn_consistency_js,n_eff,cv_usage,top1_max_frac,entropy_mean
macro,macro@1,best_valid,session,final,final.expert,expert,12,ScalarGroupConditionalProductWrapper,,,,0.9734569674520402,0.9385043659581768,0.7407256420709335,0.0,0.9987843326854984,0.0012164068374147065,11.262052391498122,0.25597889065427937,0.7623318385650224,2.418949691704036
macro,macro@1,best_valid,session,final,final.group,group,4,ScalarGroupConditionalProductWrapper,,,,0.9778994608893148,0.964812875752886,0.6860986547085202,0.0,0.9993938186211718,0.0006063651810422468,3.859251503011544,0.19097258150577545,0.7645739910313901,1.355656508373038
macro,macro@1,best_valid,session,final,final.intra.Exposure,intra,3,ScalarGroupConditionalProductWrapper,,,,0.9699772011020124,0.9880216941494758,0.6434977578475336,0.0,0.9993377352042796,0.0006624841899202581,2.9640650824484274,0.11010667726079591,0.7623318385650224,1.0656288728585692
macro,macro@1,best_valid,session,final,final.intra.Focus,intra,3,ScalarGroupConditionalProductWrapper,,,,0.9521665171056568,0.9386887531238401,0.9726737668161435,0.0,0.9990539554931095,0.000946492289432118,2.8160662593715204,0.25556974096388396,0.9817825112107623,1.0460618365505885
macro,macro@1,best_valid,session,final,final.intra.Memory,intra,3,ScalarGroupConditionalProductWrapper,,,,0.9751822684437994,0.9769777576060702,0.6434977578475336,0.0,0.9997998953136238,0.0002001247099902261,2.9309332728182107,0.15350777943409147,0.7623318385650224,1.0713472238036015
macro,macro@1,best_valid,session,final,final.intra.Tempo,intra,3,ScalarGroupConditionalProductWrapper,,,,0.9872581043992111,0.9908980830707063,0.6720852017937219,0.0,0.9994964923656855,0.0005036344368492017,2.9726942492121187,0.09584120375391234,0.781390134529148,1.084613885580157
