{
  "split": "best_valid",
  "feature_mode": "none",
  "stages": [
    {
      "stage": "macro@1",
      "n_eff": 10.586485446609435,
      "cv_usage": 0.3654044878000632,
      "top1_max_frac": 0.33428832209320014,
      "entropy_mean": 1.8989469505856702,
      "route_jitter_adjacent": 0.0,
      "route_consistency_knn_js": 0.02882757917775782,
      "route_consistency_knn_score": 0.9715839713325686,
      "route_consistency_group_knn_js": 0.0005248991956561115,
      "route_consistency_group_knn_score": 0.9994752385398266,
      "route_consistency_intra_group_knn_mean_js": 0.02963371631291214,
      "route_consistency_intra_group_knn_mean_score": 0.9714301887166126,
      "route_consistency_feature_group_knn_mean_score": 0.9485902537518858,
      "family_top_expert_mean_share": 0.14846853911876678,
      "route_consistency_feature_group_knn_tempo_js": 0.05177580110474196,
      "route_consistency_feature_group_knn_tempo_score": 0.9495417291869319,
      "route_consistency_feature_group_knn_focus_js": 0.018869729363467005,
      "route_consistency_feature_group_knn_focus_score": 0.981307189428762,
      "route_consistency_feature_group_knn_memory_js": 0.06541535860943992,
      "route_consistency_feature_group_knn_memory_score": 0.9366783251604125,
      "route_consistency_feature_group_knn_exposure_js": 0.07598104855580563,
      "route_consistency_feature_group_knn_exposure_score": 0.9268337712314367
    }
  ]
}
