best_mrr20,epoch,epoch_time_sec,eval,lr,patience_used,train_loss,trial,valid_mrr20
0.0036,1,2.987030506134033,1,0.0005672,0,80.53600358963013,1,0.0036
0.0097,3,1.9696564674377441,1,0.0005672,0,74.25984477996826,1,0.0097
0.0452,10,1.981673002243042,1,0.0005672,0,57.93648624420166,1,0.0452
0.093,48,1.9502460956573486,1,0.0005672,0,23.182558298110962,1,0.093
0.093,58,1.7846477031707764,1,0.0005672,10,18.2526992559433,1,0.0917
