stage_name,stage_key,split,aggregation_level,node_kind,node_name,route_space,support_size,wrapper_name,source_type,temperature,top_k,entropy_norm,n_eff_norm,top1_monopoly_norm,jitter_adj_norm,knn_consistency_score,knn_consistency_js,n_eff,cv_usage,top1_max_frac,entropy_mean
macro,macro@1,best_valid,session,final,final.expert,expert,16,ScalarGroupConditionalProductWrapper,,,,0.9474095151678682,0.9693968749963887,0.2731538751923803,0.0,0.9861102857324684,0.013987078978784241,15.51034999994222,0.17767728865146637,0.31858175799285654,2.62677693709709
macro,macro@1,best_valid,session,final,final.group,group,4,ScalarGroupConditionalProductWrapper,,,,0.9775550645048319,0.996544185833229,0.2605627667915324,0.0,0.9969374965171354,0.0030672025430337462,3.986176743332916,0.05888759717345238,0.4454220750936493,1.3551790736072393
macro,macro@1,best_valid,session,final,final.intra.Exposure,intra,4,ScalarGroupConditionalProductWrapper,,,,0.8832212238827404,0.9567373469593514,0.4016900426866452,0.0,0.9865398273771705,0.013551581929777578,3.8269493878374057,0.21264789998531342,0.5512675320149839,1.2244046022900514
macro,macro@1,best_valid,session,final,final.intra.Focus,intra,4,ScalarGroupConditionalProductWrapper,,,,0.9476119368451725,0.9951121092617486,0.27182971803583356,0.0,0.9943135223738868,0.005702707195308319,3.9804484370469946,0.07008473575115204,0.45387228852687517,1.3136690845783605
macro,macro@1,best_valid,session,final,final.intra.Memory,intra,4,ScalarGroupConditionalProductWrapper,,,,0.951057186317823,0.9992018161570944,0.3048174928129628,0.0,0.9886374710673129,0.011427575664209483,3.9968072646283774,0.028264902354174993,0.4786131196097221,1.3184452144949472
macro,macro@1,best_valid,session,final,final.intra.Tempo,intra,4,ScalarGroupConditionalProductWrapper,,,,0.8929366666119878,0.9728970165494164,0.23617039811830298,0.0,0.9858308460104793,0.014270494867181027,3.8915880661976656,0.16690718632383264,0.42712779858872724,1.2378730657613903
