stage_name,stage_key,split,aggregation_level,node_kind,node_name,route_space,support_size,wrapper_name,source_type,temperature,top_k,entropy_norm,n_eff_norm,top1_monopoly_norm,jitter_adj_norm,knn_consistency_score,knn_consistency_js,n_eff,cv_usage,top1_max_frac,entropy_mean
macro,macro@1,best_valid,session,final,final.expert,expert,12,GroupConditionalProductWrapper,,,,0.933376283475986,0.9787594376554832,0.34004645858541116,0.0,0.994846404439127,0.005166921137279677,11.7451132518658,0.14731390880776538,0.39504258703662687,2.3193529335638874
macro,macro@1,best_valid,session,final,final.group,group,4,GroupConditionalProductWrapper,,,,0.9633831458497335,0.9968734098181349,0.3062843565632362,0.0,0.9984937319770141,0.0015074035851149789,3.9874936392725395,0.056003864854574203,0.47971326742242715,1.3355326226894266
macro,macro@1,best_valid,session,final,final.intra.Exposure,intra,3,GroupConditionalProductWrapper,,,,0.7554160515567162,0.9856592450600686,0.2641470175650551,0.0,0.9923061975103764,0.007723552479936845,2.956977735180206,0.12062082452711986,0.5094313450433701,0.8299093572973508
macro,macro@1,best_valid,session,final,final.intra.Focus,intra,3,GroupConditionalProductWrapper,,,,0.9911813162432338,0.9999383725954734,0.06301807515991119,0.0,0.9994219979336605,0.0005781691739292727,2.99981511778642,0.007847360334251513,0.3753453834399408,1.0889239743230485
macro,macro@1,best_valid,session,final,final.intra.Memory,intra,3,GroupConditionalProductWrapper,,,,0.9283833838060518,0.9929632617496945,0.490707367658015,0.0,0.9972344240271726,0.002769407243468604,2.9788897852490837,0.08418144593592149,0.6604715784386767,1.0199333940446107
macro,macro@1,best_valid,session,final,final.intra.Tempo,intra,3,GroupConditionalProductWrapper,,,,0.9086039910932923,0.9949521815900456,0.26929169267529823,0.0,0.9968069803041726,0.003198128260613544,2.9848565447701367,0.07122800286924831,0.5128611284501988,0.9982035101479807
