stage_name,stage_key,split,aggregation_level,node_kind,node_name,route_space,support_size,wrapper_name,source_type,temperature,top_k,entropy_norm,n_eff_norm,top1_monopoly_norm,jitter_adj_norm,knn_consistency_score,knn_consistency_js,n_eff,cv_usage,top1_max_frac,entropy_mean
macro,macro@1,best_valid,session,final,final.expert,expert,16,ScalarGroupConditionalProductWrapper,,,,0.9105024413108229,0.5952875772884587,0.9637030295836136,0.0,0.9936431166560404,0.006377174364358707,9.52460123661534,0.824536344464261,0.9659715902346377,2.524448800350176
macro,macro@1,best_valid,session,final,final.group,group,4,ScalarGroupConditionalProductWrapper,,,,0.96170316984255,0.9057009896128333,0.9839618037695037,0.0,0.999004939886882,0.0009955555140955103,3.622803958451333,0.32267192006111145,0.9879713528271278,1.3332036814238515
macro,macro@1,best_valid,session,final,final.intra.Exposure,intra,4,ScalarGroupConditionalProductWrapper,,,,0.7034874215313504,0.5277818498734309,0.9694535670478376,0.0,0.9917879491645472,0.00824595547022224,2.1111273994937236,0.9458974599838257,0.9770901752858782,0.9752406455876825
macro,macro@1,best_valid,session,final,final.intra.Focus,intra,4,ScalarGroupConditionalProductWrapper,,,,0.9961314977447291,0.9998417151215456,0.3681267228531107,0.0,0.9995563133785175,0.00044378507951560377,3.9993668604861825,0.012583102099597454,0.526095042139833,1.380931478257429
macro,macro@1,best_valid,session,final,final.intra.Memory,intra,4,ScalarGroupConditionalProductWrapper,,,,0.9696173922203147,0.9768985137964686,0.7982036165077355,0.0,0.9968633193530319,0.0031416103409916784,3.9075940551858745,0.15377835929393768,0.8486527123808016,1.3441751232787955
macro,macro@1,best_valid,session,final,final.intra.Tempo,intra,4,ScalarGroupConditionalProductWrapper,,,,0.9261395082528813,0.9741911478131529,0.343541856262942,0.0,0.9924533789490242,0.007575240875183088,3.8967645912526114,0.16276544332504272,0.5076563921972065,1.2839019779013177
