{
  "split": "best_valid",
  "feature_mode": "runtime:unknown|ablation:none",
  "stages": [
    {
      "stage": "macro@1",
      "n_eff": 11.950087285548973,
      "cv_usage": 0.06462859542284621,
      "top1_max_frac": 0.1917687715991203,
      "entropy_mean": 2.4490350961160856,
      "route_jitter_adjacent": 0.5547240088979324,
      "route_consistency_knn_js": 0.012467693010023385,
      "route_consistency_knn_score": 0.9876097066753767,
      "route_consistency_group_knn_js": 0.003486199720070219,
      "route_consistency_group_knn_score": 0.9965198700186847,
      "route_consistency_intra_group_knn_mean_js": 0.008904385160215703,
      "route_consistency_intra_group_knn_mean_score": 0.9911361347320365,
      "route_consistency_feature_group_knn_mean_score": 0.9881142102057654,
      "family_top_expert_mean_share": 0.09089434891939163,
      "route_consistency_feature_group_knn_tempo_js": 0.011963207338190326,
      "route_consistency_feature_group_knn_tempo_score": 0.9881080673190901,
      "route_consistency_feature_group_knn_focus_js": 0.01205738992316357,
      "route_consistency_feature_group_knn_focus_score": 0.9880150091293763,
      "route_consistency_feature_group_knn_memory_js": 0.011915134800372961,
      "route_consistency_feature_group_knn_memory_score": 0.9881555693232857,
      "route_consistency_feature_group_knn_exposure_js": 0.011892238133390185,
      "route_consistency_feature_group_knn_exposure_score": 0.9881781950513095
    }
  ]
}
