best_mrr20,epoch,epoch_time_sec,eval,lr,patience_used,train_loss,trial,valid_mrr20
0.2636,1,38.18220329284668,1,0.00045709656925476793,0,2269.968647003174,1,0.2636
0.3322,3,37.32489562034607,1,0.0004562685437021825,0,1366.9192762374878,1,0.3322
0.3714,8,36.7370126247406,1,0.00045060591431130324,0,805.9986782073975,1,0.3714
0.3714,10,35.32187557220459,1,0.00044692777903800057,2,744.4019541740417,1,0.3693
0.3714,18,36.52474784851074,1,0.00042453964174120963,10,557.3764703273773,1,0.3482
