stage_name,stage_key,split,aggregation_level,node_kind,node_name,route_space,support_size,wrapper_name,source_type,temperature,top_k,entropy_norm,n_eff_norm,top1_monopoly_norm,jitter_adj_norm,knn_consistency_score,knn_consistency_js,n_eff,cv_usage,top1_max_frac,entropy_mean
macro,macro@1,best_valid,session,final,final.expert,expert,12,ScalarGroupConditionalProductWrapper,,,,0.9638808694110805,0.9105942260482934,0.4475059155199046,0.0,0.9966405791189856,0.0033650764050849502,10.92713071257952,0.3133432697253445,0.4935470892265792,2.395153982003033
macro,macro@1,best_valid,session,final,final.group,group,4,ScalarGroupConditionalProductWrapper,,,,0.980820036681861,0.9666537834930824,0.8732320262449321,0.0,0.9992613501682569,0.00073892276794117,3.8666151339723296,0.18573249876499176,0.9049240196836991,1.3597052861254681
macro,macro@1,best_valid,session,final,final.intra.Exposure,intra,3,ScalarGroupConditionalProductWrapper,,,,0.7758634344304906,0.7238274616353086,0.8500974900188789,0.0,0.9911920128691429,0.00884700674129385,2.171482384905926,0.6176932375248216,0.9000649933459194,0.8523731033935812
macro,macro@1,best_valid,session,final,final.intra.Focus,intra,3,ScalarGroupConditionalProductWrapper,,,,0.9969457387953943,0.9965812422741743,0.8310637244282132,0.0,0.9998917255959223,0.00010828026617416227,2.989743726822523,0.05857064772931791,0.8873758162854756,1.0952568397759277
macro,macro@1,best_valid,session,final,final.intra.Memory,intra,3,ScalarGroupConditionalProductWrapper,,,,0.9926915594110797,0.9907691410064778,0.8440623936120825,0.0,0.9997584053018901,0.00024162388681031106,2.9723074230194335,0.09652396003830552,0.8960415957413884,1.090583146026121
macro,macro@1,best_valid,session,final,final.intra.Tempo,intra,3,ScalarGroupConditionalProductWrapper,,,,0.9592069122666587,0.9754195915941622,0.515428182352759,0.0,0.9977455658348874,0.002256979227651835,2.926258774782487,0.1587446359174062,0.676952121568506,1.0537965011915447
