stage_name,stage_key,split,aggregation_level,node_kind,node_name,route_space,support_size,wrapper_name,source_type,temperature,top_k,entropy_norm,n_eff_norm,top1_monopoly_norm,jitter_adj_norm,knn_consistency_score,knn_consistency_js,n_eff,cv_usage,top1_max_frac,entropy_mean
macro,macro@1,best_valid,session,final,final.expert,expert,16,FlatJointWrapper,,,,0.9032294195258311,0.9901514923492498,0.029189055648199617,0.7162972257075143,0.9339521678752831,0.0683300541896446,15.842423877587997,0.09973213821649551,0.08986473967018714,2.5042837021725033
macro,macro@1,best_valid,session,final,final.group,group,4,FlatJointWrapper,,,,0.9511530703788508,0.9973031491475982,0.043789759743067126,0.0,0.9820668700392753,0.01809587718307297,3.989212596590393,0.05200110375881195,0.28284231980730035,1.3185781380280712
macro,macro@1,best_valid,session,final,final.intra.Exposure,intra,4,FlatJointWrapper,,,,0.859106643253623,0.9923616874888208,0.07998270644185042,0.0,0.951944672253962,0.04924836325994416,3.9694467499552832,0.08773281425237656,0.3099870298313878,1.190974695143135
macro,macro@1,best_valid,session,final,final.intra.Focus,intra,4,FlatJointWrapper,,,,0.8806712549936223,0.9947119736119242,0.04836020011117285,0.0,0.956032637663971,0.044963226697616765,3.978847894447697,0.07291172444820404,0.28627015008337964,1.220869594798036
macro,macro@1,best_valid,session,final,final.intra.Memory,intra,4,FlatJointWrapper,,,,0.8766647390013387,0.9950561582370989,0.07318880859736894,0.0,0.9534197372892872,0.047700034423086464,3.9802246329483957,0.07048708200454712,0.3048916064480267,1.2153153842701965
macro,macro@1,best_valid,session,final,final.intra.Tempo,intra,4,FlatJointWrapper,,,,0.8693035465654173,0.9922901990055342,0.0707183002902847,0.0,0.9520866045339996,0.049099277179236574,3.9691607960221367,0.08814539760351181,0.3030387252177135,1.2051106047051603
