cv_usage,entropy_mean,family_top_expert_mean_share,n_eff,route_consistency_feature_group_knn_exposure_js,route_consistency_feature_group_knn_exposure_score,route_consistency_feature_group_knn_focus_js,route_consistency_feature_group_knn_focus_score,route_consistency_feature_group_knn_mean_score,route_consistency_feature_group_knn_memory_js,route_consistency_feature_group_knn_memory_score,route_consistency_feature_group_knn_tempo_js,route_consistency_feature_group_knn_tempo_score,route_consistency_group_knn_js,route_consistency_group_knn_score,route_consistency_intra_group_knn_mean_js,route_consistency_intra_group_knn_mean_score,route_consistency_knn_js,route_consistency_knn_score,route_jitter_adjacent,stage,top1_max_frac
0.09931669833312337,0.8418172728985026,0.09110618382692337,2.9706974754442976,0.0,0.0,0.0,0.0,1.0,0.0,0.0,0.0,1.0,7.540566891778172e-10,0.9999999992459433,0.02513425867364261,0.9751789770029313,0.025134258371862856,0.9751789772972206,0.0,macro@1,0.4239932701966812
0.26871050838498745,0.795036827295835,0.12492325156927109,2.7979714509522435,0.0,0.0,0.0,0.0,1.0,0.0,0.0,0.0,1.0,-1.503004532241049e-10,1.0000000001503004,0.017756957267446173,0.9823997684697763,0.01775695505439465,0.9823997706438775,0.42432739674118986,micro@1,0.5433331767222188
0.46483485505477024,0.47225654644945825,0.14328859746456146,2.466960295419728,0.0,0.0,0.0,0.0,1.0,0.0,0.0,0.0,1.0,1.9672665498865105e-09,0.9999999980327334,0.023825764197110185,0.9764558285023565,0.023825763895330435,0.9764558287970311,0.0,mid@1,0.6300375642944558
