stage_name,stage_key,split,aggregation_level,node_kind,node_name,route_space,support_size,wrapper_name,source_type,temperature,top_k,entropy_norm,n_eff_norm,top1_monopoly_norm,jitter_adj_norm,knn_consistency_score,knn_consistency_js,n_eff,cv_usage,top1_max_frac,entropy_mean
macro,macro@1,best_valid,session,final,final.expert,expert,6,GroupConditionalProductWrapper,,,,0.8666428286449617,0.9939632189763069,0.17743726046889371,0.0,0.9969123331208146,0.0030924435576257887,5.963779313857842,0.07793211704694876,0.31453105039074475,1.5528154946631967
macro,macro@1,best_valid,session,final,final.group,group,2,GroupConditionalProductWrapper,,,,0.7615880126082579,0.998965976051086,0.04163394613025129,0.0,0.9981252588892713,0.0018765006372932517,1.997931952102172,0.03217378258705139,0.5208169730651256,0.527892583687666
macro,macro@1,best_valid,session,final,final.intra.Focus,intra,3,GroupConditionalProductWrapper,,,,0.8949626456757975,0.9515816402522076,0.4228802126331474,0.0,0.9989154947765257,0.0010850937247911302,2.8547449207566227,0.2255704633721571,0.6152534750887649,0.9832169604383545
macro,macro@1,best_valid,session,final,final.intra.Tempo,intra,3,GroupConditionalProductWrapper,,,,0.9380572451331463,0.9962656699981487,0.38722992972635567,0.0,0.9986306674723641,0.00137027092016697,2.988797009994446,0.061224129088993995,0.5914866198175704,1.0305612169774279
