stage_name,stage_key,split,aggregation_level,node_kind,node_name,route_space,support_size,wrapper_name,source_type,temperature,top_k,entropy_norm,n_eff_norm,top1_monopoly_norm,jitter_adj_norm,knn_consistency_score,knn_consistency_js,n_eff,cv_usage,top1_max_frac,entropy_mean
macro,macro@1,best_valid,session,final,final.expert,expert,9,GroupConditionalProductWrapper,,,,0.9538048670514176,0.8513147148884043,0.8501787317012781,0.0,0.9966702823492755,0.00333527349690222,7.661832433995638,0.417915955797464,0.866825539290025,2.09572349586828
macro,macro@1,best_valid,session,final,final.group,group,3,GroupConditionalProductWrapper,,,,0.9520595739751552,0.9200949730676746,0.9202438797932591,0.0,0.998674042390271,0.0013268374693774475,2.760284919203024,0.2946936698349217,0.9468292531955061,1.0459443475132308
macro,macro@1,best_valid,session,final,final.intra.Focus,intra,3,GroupConditionalProductWrapper,,,,0.9974184865290401,0.9988524983493575,0.5206740738448206,0.0,0.9997138505240427,0.0002861904245304209,2.9965574950480725,0.03389475021079927,0.6804493825632137,1.095776206245551
macro,macro@1,best_valid,session,final,final.intra.Memory,intra,3,GroupConditionalProductWrapper,,,,0.931151931306088,0.9064603527439887,0.8276747856767044,0.0,0.9967335956795758,0.0032717506644050834,2.719381058231966,0.32123540129556055,0.8851165237844697,1.0229749543499118
macro,macro@1,best_valid,session,final,final.intra.Tempo,intra,3,GroupConditionalProductWrapper,,,,0.9655863656220866,0.9746830541678202,0.28609451889449405,0.0,0.9982480197384196,0.0017535167738872573,2.9240491625034606,0.16116597768169708,0.5240630125963294,1.0608050470428028
