best_mrr20,epoch,epoch_time_sec,eval,lr,patience_used,train_loss,trial,valid_mrr20
0.2833,1,55.31862258911133,1,0.0007027447529322896,0,2165.4510159492493,1,0.2833
0.3524,3,53.566742181777954,1,0.0007014717383189401,0,1139.184826374054,1,0.3524
0.3703,6,52.635862827301025,1,0.0006971879240593354,0,806.5545856952667,1,0.3703
0.3703,10,57.49675512313843,1,0.0006871111550250616,4,651.126157283783,1,0.3603
0.3703,16,55.749690771102905,1,0.000663001700142937,10,457.2149455547333,1,0.3369
