stage_name,stage_key,split,aggregation_level,node_kind,node_name,route_space,support_size,wrapper_name,source_type,temperature,top_k,entropy_norm,n_eff_norm,top1_monopoly_norm,jitter_adj_norm,knn_consistency_score,knn_consistency_js,n_eff,cv_usage,top1_max_frac,entropy_mean
macro,macro@1,best_valid,session,final,final.expert,expert,12,ScalarGroupConditionalProductWrapper,,,,0.8762939402926696,0.685158478991446,0.8301123507459032,0.0,0.9863353608011866,0.013758859691636226,8.221901747897352,0.677876484077645,0.8442696548504113,2.1775086394021836
macro,macro@1,best_valid,session,final,final.group,group,4,ScalarGroupConditionalProductWrapper,,,,0.9498706603965569,0.9203848044378906,0.9289827485065066,0.0,0.9983324191836729,0.00166897277690302,3.6815392177515625,0.29411243165209483,0.94673706137988,1.3168003403009734
macro,macro@1,best_valid,session,final,final.intra.Exposure,intra,3,ScalarGroupConditionalProductWrapper,,,,0.5858897177928806,0.6224024991047306,0.8165607154401464,0.0,0.980194763299656,0.020003989002438195,1.8672074973141917,0.778894967469723,0.8777071436267644,0.6436656437715494
macro,macro@1,best_valid,session,final,final.intra.Focus,intra,3,ScalarGroupConditionalProductWrapper,,,,0.9565416156348407,0.9507826018261342,0.7551987932334876,0.0,0.9983725813919828,0.0016287442921706355,2.8523478054784026,0.22751922227384977,0.8367991954889918,1.0508683735588837
macro,macro@1,best_valid,session,final,final.intra.Memory,intra,3,ScalarGroupConditionalProductWrapper,,,,0.9244795609736387,0.935095941687372,0.7585928240491324,0.0,0.995376566463209,0.004634154664001727,2.805287825062116,0.2634557481570319,0.8390618826994217,1.0156446063081386
macro,macro@1,best_valid,session,final,final.intra.Tempo,intra,3,ScalarGroupConditionalProductWrapper,,,,0.8133226360076512,0.9317959370399085,0.26683547031569876,0.0,0.9843283754685743,0.015795722693230433,2.7953878111197255,0.27054849389484487,0.5112236468771325,0.8935262425699457
