stage_name,stage_key,split,aggregation_level,node_kind,node_name,route_space,support_size,wrapper_name,source_type,temperature,top_k,entropy_norm,n_eff_norm,top1_monopoly_norm,jitter_adj_norm,knn_consistency_score,knn_consistency_js,n_eff,cv_usage,top1_max_frac,entropy_mean
macro,macro@1,best_valid,session,final,final.expert,expert,12,FlatJointWrapper,,,,0.6780596556701026,0.6354520806289944,0.26117042241453176,0.5306513079615802,0.9071345818147037,0.0974644586013104,7.625424967547933,0.7574184311205616,0.32273955387998743,1.6849149473275997
macro,macro@1,best_valid,session,final,final.group,group,4,FlatJointWrapper,,,,0.8387029278762506,0.9012219331291944,0.41569588438579963,0.0,0.9645971230710787,0.03604475386148033,3.6048877325167776,0.3310658037662506,0.5617719132893497,1.1626891395695884
macro,macro@1,best_valid,session,final,final.intra.Exposure,intra,3,FlatJointWrapper,,,,0.5529960187229134,0.7531454314217099,0.5067623882406425,0.0,0.9430384728118123,0.05864819886509448,2.2594362942651296,0.572507483586446,0.6711749254937617,0.6075282217535327
macro,macro@1,best_valid,session,final,final.intra.Focus,intra,3,FlatJointWrapper,,,,0.13262155910066123,0.6759553018677512,0.4197687535250986,0.0,0.8630743069174076,0.14725448857244516,2.0278659056032535,0.6923785026299061,0.6131791690167324,0.1456996745703104
macro,macro@1,best_valid,session,final,final.intra.Memory,intra,3,FlatJointWrapper,,,,0.31578248806529036,0.559161244268896,0.7767910339608058,0.0,0.8876824557654672,0.11914119480096295,1.677483732806688,0.8879148695494273,0.8511940226405372,0.34692252193471873
macro,macro@1,best_valid,session,final,final.intra.Tempo,intra,3,FlatJointWrapper,,,,0.2781693556372693,0.46839436829539455,0.9531202799315276,0.0,0.9549802257232259,0.04606464476475811,1.4051831048861836,1.0653415542433793,0.9687468532876851,0.3056002724339938
