stage_name,stage_key,split,aggregation_level,node_kind,node_name,route_space,support_size,wrapper_name,source_type,temperature,top_k,entropy_norm,n_eff_norm,top1_monopoly_norm,jitter_adj_norm,knn_consistency_score,knn_consistency_js,n_eff,cv_usage,top1_max_frac,entropy_mean
macro,macro@1,best_valid,session,final,final.expert,expert,16,ScalarGroupConditionalProductWrapper,,,,0.86253481600047,0.6695046455689555,0.6482570331974834,0.0,0.9829499137025942,0.017197112622823876,10.712074329103288,0.7025962471961975,0.6702409686226407,2.391454303382068
macro,macro@1,best_valid,session,final,final.group,group,4,ScalarGroupConditionalProductWrapper,,,,0.877669244417867,0.8686291554726245,0.44895079069890126,0.0,0.9938311380479286,0.0061879679965236994,3.474516621890498,0.38889506459236145,0.586713093024176,1.216707924464844
macro,macro@1,best_valid,session,final,final.intra.Exposure,intra,4,ScalarGroupConditionalProductWrapper,,,,0.6000719630877236,0.4759091031840028,0.9401733074822934,0.0,0.9852638100814191,0.014845846175602348,1.9036364127360113,1.0494004487991333,0.95512998061172,0.8318763786946544
macro,macro@1,best_valid,session,final,final.intra.Focus,intra,4,ScalarGroupConditionalProductWrapper,,,,0.982750631954931,0.9651275715742439,0.5024466162835174,0.0,0.9994312363758479,0.0005689254315385276,3.8605102862969756,0.19008509814739227,0.626834962212638,1.3623816594661298
macro,macro@1,best_valid,session,final,final.intra.Memory,intra,4,ScalarGroupConditionalProductWrapper,,,,0.9184948203138386,0.9183532758904195,0.6602434745908018,0.0,0.9894057794054482,0.010650738882112244,3.673413103561678,0.29817020893096924,0.7451826059431014,1.2733041901189015
macro,macro@1,best_valid,session,final,final.intra.Tempo,intra,4,ScalarGroupConditionalProductWrapper,,,,0.9090397640402564,0.9535691627989933,0.3471293475250268,0.0,0.9895429149173326,0.010512144574440354,3.814276651195973,0.2206616848707199,0.5103470106437701,1.2601966989227633
