stage_name,stage_key,split,aggregation_level,node_kind,node_name,route_space,support_size,wrapper_name,source_type,temperature,top_k,entropy_norm,n_eff_norm,top1_monopoly_norm,jitter_adj_norm,knn_consistency_score,knn_consistency_js,n_eff,cv_usage,top1_max_frac,entropy_mean
macro,macro@1,best_valid,session,final,final.expert,expert,12,ScalarGroupConditionalProductWrapper,,,,0.9757878577244948,0.9294720822219577,0.8333673053403996,0.0,0.9993279656615333,0.0006722602547641006,11.153664986663491,0.2754623658817301,0.8472533632286996,2.4247417364419843
macro,macro@1,best_valid,session,final,final.group,group,4,ScalarGroupConditionalProductWrapper,,,,0.9748130895433915,0.9551366527505555,0.9551569506726457,0.0,0.9996491339932864,0.00035092757459272416,3.820546611002222,0.2167268693447113,0.9663677130044843,1.3513778891798627
macro,macro@1,best_valid,session,final,final.intra.Exposure,intra,3,ScalarGroupConditionalProductWrapper,,,,0.9922950694476729,0.9854366705180256,1.0,0.0,0.9999303819287182,6.962049473225595e-05,2.956310011554077,0.12156713019111365,1.0,1.0901475572799888
macro,macro@1,best_valid,session,final,final.intra.Focus,intra,3,ScalarGroupConditionalProductWrapper,,,,0.9862423903571407,0.9795548223828753,0.8919562780269056,0.0,0.9996747564903268,0.0003252964128147472,2.9386644671486257,0.14447120519068227,0.9279708520179372,1.0834980096517657
macro,macro@1,best_valid,session,final,final.intra.Memory,intra,3,ScalarGroupConditionalProductWrapper,,,,0.9832169227763454,0.9776007782014556,1.0,0.0,0.9998787424511183,0.00012126490117260144,2.932802334604367,0.15136871780846364,1.0,1.080174193788537
macro,macro@1,best_valid,session,final,final.intra.Tempo,intra,3,ScalarGroupConditionalProductWrapper,,,,0.9527311141004672,0.9488019712567658,0.6863789237668162,0.0,0.9994799758388638,0.0005201594205944542,2.8464059137702975,0.23229447059945849,0.7909192825112108,1.0466821097472323
