best_mrr20,epoch,epoch_time_sec,eval,lr,patience_used,train_loss,trial,valid_mrr20
0.0127,1,24.69392967224121,1,0.00034992070542535163,0,684.6023416519165,1,0.0127
0.0156,3,23.366055011749268,1,0.00034928682780526084,0,590.5463342666626,1,0.0156
0.0169,7,23.771015167236328,1,0.0003461301914344516,0,519.5671701431274,1,0.0169
0.0169,10,23.2100567817688,1,0.00034213620104419886,3,480.43412733078003,1,0.0169
0.0169,17,22.2398202419281,1,0.0003276323875845089,10,379.7350707054138,1,0.0157
