best_mrr20,epoch,epoch_time_sec,eval,lr,patience_used,train_loss,trial,valid_mrr20
0.2788,1,56.82444429397583,1,0.0007027447529322896,0,2167.5037355422974,1,0.2788
0.3491,3,54.268003940582275,1,0.0007014717383189401,0,1140.1653757095337,1,0.3491
0.3694,7,53.49795889854431,1,0.000695132274514405,0,763.1023588180542,1,0.3694
0.3694,10,53.397432804107666,1,0.0006871111550250616,3,654.7827172279358,1,0.3613
0.3694,17,53.784525871276855,1,0.0006579831878934332,10,440.4511898756027,1,0.3353
