best_mrr20,epoch,epoch_time_sec,eval,lr,patience_used,train_loss,trial,valid_mrr20
0.0199,1,7.15724778175354,1,0.0005120989248543882,0,415.4774446487427,1,0.0199
0.1186,3,6.038908004760742,1,0.0005111712631221589,0,335.4085154533386,1,0.1186
0.2009,10,6.12519907951355,1,0.0005007065257699532,0,179.18021297454834,1,0.2009
0.2039,15,6.210227966308594,1,0.0004865919038829384,0,129.6771469116211,1,0.2039
0.2039,25,6.000190258026123,1,0.0004434059060192822,10,74.58517122268677,1,0.19
