best_mrr20,epoch,epoch_time_sec,eval,lr,patience_used,train_loss,trial,valid_mrr20
0.0133,1,72.22001504898071,1,0.00013068983,0,47.779319763183594,1,0.0133
