{
  "model": "SASRec",
  "dataset": "KuaiRecLargeStrictPosV2_0.2",
  "dataset_raw": "KuaiRecLargeStrictPosV2_0.2",
  "run_group": "baseline_2",
  "run_axis": "abcd_v1",
  "run_phase": "ABCD_v1_A_DKUAIRECLARGESTRICTPOSV2_0.2_MSASREC_A007_S1",
  "source_result_file": "/workspace/FeaturedMoE/experiments/run/artifacts/results/baseline_2/KuaiRecLargeStrictPosV2_0.2_SASRec_abcd_v1_a_dkuaireclargestrictposv2_0.2_msasrec_a007_s1_20260413_140932_209931_pid659339.json",
  "best_trial": {
    "trial": 1,
    "mrr@20": 0.0136,
    "best_hr@10": 0.0266,
    "test_mrr@20": 0.1211,
    "test_hr@10": 0.1411,
    "params": {}
  },
  "best_valid_special_metrics": {
    "split": "best_valid",
    "overall": {
      "count": 3499,
      "hit@20": 0.043440983138039437,
      "ndcg@20": 0.019966951469994845,
      "mrr@20": 0.01362083021101014
    },
    "overall_seen_target": {
      "count": 3499,
      "hit@20": 0.043440983138039437,
      "ndcg@20": 0.019966951469994845,
      "mrr@20": 0.01362083021101014
    },
    "overall_unseen_target": {
      "count": 0,
      "hit@20": 0.0,
      "ndcg@20": 0.0,
      "mrr@20": 0.0
    },
    "slices": {
      "target_popularity_abs": {
        "rare_1_5": {
          "count": 2831,
          "hit@20": 0.03143765453903214,
          "ndcg@20": 0.012436691904522765,
          "mrr@20": 0.007301452928573072
        },
        "6_20": {
          "count": 647,
          "hit@20": 0.07109737248840804,
          "ndcg@20": 0.02728916292396911,
          "mrr@20": 0.01543875064533866
        },
        "21_100": {
          "count": 21,
          "hit@20": 0.8095238095238095,
          "ndcg@20": 0.8095238095238095,
          "mrr@20": 0.8095238095238095
        }
      },
      "target_popularity_abs_legacy": {
        "<=5": {
          "count": 2831,
          "hit@20": 0.03143765453903214,
          "ndcg@20": 0.012436691904522765,
          "mrr@20": 0.007301452928573072
        },
        "6-20": {
          "count": 647,
          "hit@20": 0.07109737248840804,
          "ndcg@20": 0.02728916292396911,
          "mrr@20": 0.01543875064533866
        },
        "21-100": {
          "count": 21,
          "hit@20": 0.8095238095238095,
          "ndcg@20": 0.8095238095238095,
          "mrr@20": 0.8095238095238095
        }
      },
      "session_len": {
        "<=7": {
          "count": 2358,
          "hit@20": 0.03435114503816794,
          "ndcg@20": 0.014504213755013479,
          "mrr@20": 0.009141690901103821
        },
        "8-12": {
          "count": 507,
          "hit@20": 0.045364891518737675,
          "ndcg@20": 0.014938984073595653,
          "mrr@20": 0.007027369580384072
        },
        "13+": {
          "count": 634,
          "hit@20": 0.07570977917981073,
          "ndcg@20": 0.044304987750594924,
          "mrr@20": 0.03555252584584692
        }
      },
      "session_len_legacy": {
        "1-2": {
          "count": 615,
          "hit@20": 0.024390243902439025,
          "ndcg@20": 0.008414358966718844,
          "mrr@20": 0.004282447489781108
        },
        "3-5": {
          "count": 1305,
          "hit@20": 0.041379310344827586,
          "ndcg@20": 0.017960904852640583,
          "mrr@20": 0.011607204520382644
        },
        "6-10": {
          "count": 799,
          "hit@20": 0.03754693366708386,
          "ndcg@20": 0.013808472601881016,
          "mrr@20": 0.007439581493151203
        },
        "11+": {
          "count": 780,
          "hit@20": 0.06794871794871794,
          "ndcg@20": 0.038740489727411516,
          "mrr@20": 0.030684554089720432
        }
      }
    },
    "counts": {
      "target_popularity_abs": {
        "rare_1_5": 2831,
        "6_20": 647,
        "21_100": 21
      },
      "target_popularity_abs_legacy": {
        "<=5": 2831,
        "6-20": 647,
        "21-100": 21
      },
      "session_len": {
        "<=7": 2358,
        "8-12": 507,
        "13+": 634
      },
      "session_len_legacy": {
        "1-2": 615,
        "3-5": 1305,
        "6-10": 799,
        "11+": 780
      }
    },
    "config_snapshot": {
      "target_popularity_abs_bins": [
        "cold_0",
        "rare_1_5",
        "6_20",
        "21_100",
        "101+"
      ],
      "target_popularity_abs_bins_legacy": [
        "<=5",
        "6-20",
        "21-100",
        ">100"
      ],
      "session_len_bins": [
        "<=7",
        "8-12",
        "13+"
      ],
      "session_len_bins_legacy": [
        "1-2",
        "3-5",
        "6-10",
        "11+"
      ],
      "item_count_source": "cached_loader",
      "item_count_definition": "train_interaction_count_per_item",
      "new_user_enabled": false,
      "feature_logging_available": true,
      "split": "best_valid",
      "item_seq_len_field": "item_length",
      "new_user_field": ""
    }
  },
  "early_valid_special_metrics": {},
  "test_special_metrics": {
    "split": "test",
    "overall": {
      "count": 2706,
      "hit@20": 0.1164079822616408,
      "ndcg@20": 0.0966715207605651,
      "mrr@20": 0.09104684901376257
    },
    "overall_seen_target": {
      "count": 1545,
      "hit@20": 0.15792880258899678,
      "ndcg@20": 0.12920013000664202,
      "mrr@20": 0.1210832149200262
    },
    "overall_unseen_target": {
      "count": 1161,
      "hit@20": 0.0611541774332472,
      "ndcg@20": 0.053384095019661695,
      "mrr@20": 0.051075974487339394
    },
    "slices": {
      "target_popularity_abs": {
        "cold_0": {
          "count": 1161,
          "hit@20": 0.0611541774332472,
          "ndcg@20": 0.053384095019661695,
          "mrr@20": 0.051075974487339394
        },
        "rare_1_5": {
          "count": 1310,
          "hit@20": 0.14045801526717558,
          "ndcg@20": 0.11820623227430664,
          "mrr@20": 0.1118755805014654
        },
        "6_20": {
          "count": 235,
          "hit@20": 0.2553191489361702,
          "ndcg@20": 0.190485262046469,
          "mrr@20": 0.17241087912562045
        }
      },
      "target_popularity_abs_legacy": {
        "<=5": {
          "count": 2471,
          "hit@20": 0.10319708619991906,
          "ndcg@20": 0.087749534033658,
          "mrr@20": 0.08330886962230705
        },
        "6-20": {
          "count": 235,
          "hit@20": 0.2553191489361702,
          "ndcg@20": 0.190485262046469,
          "mrr@20": 0.17241087912562045
        }
      },
      "session_len": {
        "<=7": {
          "count": 2381,
          "hit@20": 0.11507769844603108,
          "ndcg@20": 0.09574722112827269,
          "mrr@20": 0.09022598837864895
        },
        "8-12": {
          "count": 169,
          "hit@20": 0.1301775147928994,
          "ndcg@20": 0.10758110325364671,
          "mrr@20": 0.10117317471631179
        },
        "13+": {
          "count": 156,
          "hit@20": 0.12179487179487179,
          "ndcg@20": 0.09896022578080495,
          "mrr@20": 0.09260531137577999
        }
      },
      "session_len_legacy": {
        "1-2": {
          "count": 1363,
          "hit@20": 0.07336757153338225,
          "ndcg@20": 0.05666114770351572,
          "mrr@20": 0.05186287952438051
        },
        "3-5": {
          "count": 841,
          "hit@20": 0.18906064209274673,
          "ndcg@20": 0.16547875040776663,
          "mrr@20": 0.15872648457125024
        },
        "6-10": {
          "count": 295,
          "hit@20": 0.1016949152542373,
          "ndcg@20": 0.07940757017014391,
          "mrr@20": 0.07323867590245554
        },
        "11+": {
          "count": 207,
          "hit@20": 0.12560386473429952,
          "ndcg@20": 0.1051745341307875,
          "mrr@20": 0.09946514842446876
        }
      }
    },
    "counts": {
      "target_popularity_abs": {
        "cold_0": 1161,
        "rare_1_5": 1310,
        "6_20": 235
      },
      "target_popularity_abs_legacy": {
        "<=5": 2471,
        "6-20": 235
      },
      "session_len": {
        "<=7": 2381,
        "8-12": 169,