best_mrr20,epoch,epoch_time_sec,eval,lr,patience_used,train_loss,trial,valid_mrr20
0.0128,1,17.98183560371399,1,0.0005476,0,691.1505970954895,1,0.0128
0.0159,3,17.008105516433716,1,0.0005476,0,592.0724768638611,1,0.0159
0.0184,10,16.365004062652588,1,0.0005476,2,506.7978491783142,1,0.0182
0.0188,13,16.83750343322754,1,0.0005476,0,487.43148040771484,1,0.0188
0.0188,23,16.961451292037964,1,0.0005476,10,438.7295436859131,1,0.017
