{
  "model": "SIGMA",
  "dataset": "lastfm0.03",
  "dataset_raw": "lastfm0.03",
  "max_evals": 3,
  "tune_epochs": 16,
  "n_completed": 3,
  "n_recorded_trials": 3,
  "timestamp": "2026-04-09T07:58:42.531955",
  "trials": [
    {
      "trial": 1,
      "params": {
        "learning_rate": 0.00033681237644078173
      },
      "mrr@20": 0.0032,
      "valid_result": {
        "hit@5": 0.0037,
        "hit@10": 0.0037,
        "hit@20": 0.0037,
        "ndcg@5": 0.0033,
        "ndcg@10": 0.0033,
        "ndcg@20": 0.0033,
        "mrr@5": 0.0032,
        "mrr@10": 0.0032,
        "mrr@20": 0.0032
      },
      "test_result": {
        "hit@5": 0.0021,
        "hit@10": 0.0021,
        "hit@20": 0.0021,
        "ndcg@5": 0.002,
        "ndcg@10": 0.002,
        "ndcg@20": 0.002,
        "mrr@5": 0.0019,
        "mrr@10": 0.0019,
        "mrr@20": 0.0019
      },
      "best_hr@10": 0.0037,
      "test_mrr@20": 0.0019,
      "test_hr@10": 0.0021,
      "epochs_run": 3,
      "early_stop_epoch": 3,
      "early_stopped": true,
      "elapsed": 64.0,
      "status": "ok"
    },
    {
      "trial": 2,
      "params": {
        "learning_rate": 0.0002145216746226514
      },
      "mrr@20": 0.0035,
      "valid_result": {
        "hit@5": 0.004,
        "hit@10": 0.004,
        "hit@20": 0.004,
        "ndcg@5": 0.0036,
        "ndcg@10": 0.0036,
        "ndcg@20": 0.0036,
        "mrr@5": 0.0035,
        "mrr@10": 0.0035,
        "mrr@20": 0.0035
      },
      "test_result": {
        "hit@5": 0.0019,
        "hit@10": 0.0021,
        "hit@20": 0.0027,
        "ndcg@5": 0.0019,
        "ndcg@10": 0.002,
        "ndcg@20": 0.0021,
        "mrr@5": 0.0019,
        "mrr@10": 0.0019,
        "mrr@20": 0.0019
      },
      "best_hr@10": 0.004,
      "test_mrr@20": 0.0019,
      "test_hr@10": 0.0021,
      "epochs_run": 3,
      "early_stop_epoch": 3,
      "early_stopped": true,
      "elapsed": 61.2,
      "status": "ok"
    },
    {
      "trial": 3,
      "params": {
        "learning_rate": 0.0002432179151595919
      },
      "mrr@20": 0.0034,
      "valid_result": {
        "hit@5": 0.004,
        "hit@10": 0.004,
        "hit@20": 0.0043,
        "ndcg@5": 0.0035,
        "ndcg@10": 0.0035,
        "ndcg@20": 0.0036,
        "mrr@5": 0.0034,
        "mrr@10": 0.0034,
        "mrr@20": 0.0034
      },
      "test_result": {
        "hit@5": 0.0019,
        "hit@10": 0.0024,
        "hit@20": 0.0029,
        "ndcg@5": 0.0019,
        "ndcg@10": 0.002,
        "ndcg@20": 0.0022,
        "mrr@5": 0.0019,
        "mrr@10": 0.0019,
        "mrr@20": 0.002
      },
      "best_hr@10": 0.004,
      "test_mrr@20": 0.002,
      "test_hr@10": 0.0024,
      "epochs_run": 3,
      "early_stop_epoch": 3,
      "early_stopped": true,
      "elapsed": 62.5,
      "status": "ok"
    }
  ],
  "run_group": "baseline",
  "run_axis": "stageh_targetedrecovery_anchor2_core5",
  "run_phase": "P23_SH_C06_MSIGMA_FAD_H4_R2_STRUCTL_S1",
  "parent_result": "",
  "interrupted": false,
  "interrupted_at": null,
  "tuned_search": {
    "learning_rate": [
      0.0001469428998451249,
      0.00035778809411192203
    ]
  },
  "fixed_search": {
    "num_layers": 1,
    "state_size": 8,
    "remaining_ratio": 0.35,
    "conv_kernel": 10,
    "weight_decay": 0.0005,
    "dropout_ratio": 0.2,
    "n_layers": 1,
    "n_heads": 4,
    "num_heads": 4,
    "dropout_prob": 0.2,
    "hidden_dropout_prob": 0.2,
    "attn_dropout_prob": 0.2,
    "hidden_size": 136,
    "embedding_size": 136,
    "inner_size": 224,
    "time_span": 1024,
    "num_experts": 2,
    "MAX_ITEM_LIST_LENGTH": 10
  },
  "context_fixed": {
    "num_layers": 1,
    "search_space_type_overrides": {
      "learning_rate": "loguniform",
      "weight_decay": "choice",
      "dropout_ratio": "choice",
      "n_layers": "choice",
      "num_layers": "choice",
      "n_heads": "choice",
      "num_heads": "choice",
      "dropout_prob": "choice",
      "hidden_dropout_prob": "choice",
      "attn_dropout_prob": "choice",
      "hidden_size": "choice",
      "embedding_size": "choice",
      "inner_size": "choice",
      "time_span": "choice",
      "num_experts": "choice",
      "state_size": "choice",
      "conv_kernel": "choice",
      "remaining_ratio": "choice",
      "MAX_ITEM_LIST_LENGTH": "choice"
    }
  },
  "best_params": {
    "learning_rate": 0.0002145216746226514
  },
  "best_mrr@20": 0.0035,
  "best_hr@10": 0.004,
  "test_mrr@20": 0.0019,
  "test_hr@10": 0.0021,
  "best_valid_result": {
    "hit@5": 0.004,
    "hit@10": 0.004,
    "hit@20": 0.004,
    "ndcg@5": 0.0036,
    "ndcg@10": 0.0036,
    "ndcg@20": 0.0036,
    "mrr@5": 0.0035,
    "mrr@10": 0.0035,
    "mrr@20": 0.0035
  },
  "test_result": {
    "hit@5": 0.0019,
    "hit@10": 0.0021,
    "hit@20": 0.0027,
    "ndcg@5": 0.0019,
    "ndcg@10": 0.002,
    "ndcg@20": 0.0021,
    "mrr@5": 0.0019,
    "mrr@10": 0.0019,
    "mrr@20": 0.0019
  },
  "best_valid_special_metrics": {
    "split": "best_valid",
    "overall": {
      "count": 3763,
      "hit@20": 0.003986181238373638,
      "ndcg@20": 0.003592288758632448,
      "mrr@20": 0.0034635485905521323
    },
    "slices": {
      "target_popularity_abs": {
        "rare_1_5": {
          "count": 3735,
          "hit@20": 0.004016064257028112,
          "ndcg@20": 0.003619218901936788,
          "mrr@20": 0.0034895136134531924
        },
        "6_20": {
          "count": 28,
          "hit@20": 0.0,
          "ndcg@20": 0.0,
          "mrr@20": 0.0
        }
      },
      "target_popularity_abs_legacy": {
        "<=5": {
          "count": 3735,
          "hit@20": 0.004016064257028112,
          "ndcg@20": 0.003619218901936788,
          "mrr@20": 0.0034895136134531924
        },
        "6-20": {
          "count": 28,
          "hit@20": 0.0,
          "ndcg@20": 0.0,
          "mrr@20": 0.0
        }
      },
      "session_len": {
        "<=7": {
          "count": 1152,
          "hit@20": 0.003472222222222222,
          "ndcg@20": 0.003472222222222222,
          "mrr@20": 0.003472222222222222
        },
        "8-12": {
          "count": 2611,
          "hit@20": 0.004212945231711987,
          "ndcg@20": 0.003645263346891575,
          "mrr@20": 0.0034597216952308206
        }
      },
      "session_len_legacy": {
        "3-5": {
          "count": 665,
          "hit@20": 0.004511278195488722,
          "ndcg@20": 0.004511278195488722,
          "mrr@20": 0.004511278195488722
        },
        "6-10": {
          "count": 3098,
          "hit@20": 0.003873466752743706,
          "ndcg@20": 0.003395023434065172,
          "mrr@20": 0.0032386485946570925
        }
      }
    },
    "counts": {
      "target_popularity_abs": {
        "rare_1_5": 3735,
        "6_20": 28
      },
      "target_popularity_abs_legacy": {
        "<=5": 3735,
        "6-20": 28
      },
      "session_len": {
        "<=7": 1152,
        "8-12": 2611
      },
      "session_len_legacy": {
        "3-5": 665,
        "6-10": 3098
      }
    },
    "config_snapshot": {
      "target_popularity_abs_bins": [
        "cold_0",
        "rare_1_5",
        "6_20",
        "21_100",
        "101+"
      ],
      "target_popularity_abs_bins_legacy": [
        "<=5",
        "6-20",
        "21-100",
        ">100"
      ],
      "session_len_bins": [
        "<=7",
        "8-12",
        "13+"
      ],
      "session_len_bins_legacy": [
        "1-2",
        "3-5",
        "6-10",
        "11+"
      ],
      "item_count_source": "cached_loader",
      "item_count_definition": "train_interaction_count_per_item",
      "new_user_enabled": false,
      "feature_logging_available": true,
      "split": "best_valid",
      "item_seq_len_field": "item_length",
      "new_user_field": ""
    }
  },
  "early_valid_result": {},
  "early_valid_special_metrics": {},
  "test_special_metrics": {
    "split": "test",
    "overall": {
      "count": 3764,
      "hit@20": 0.002656748140276302,