{
  "split": "best_valid",
  "feature_mode": "runtime:unknown|ablation:none",
  "stages": [
    {
      "stage": "macro@1",
      "n_eff": 14.420090054567781,
      "cv_usage": 0.6220562472716902,
      "top1_max_frac": 0.2836228386024611,
      "entropy_mean": 2.461516180805603,
      "route_jitter_adjacent": 0.8322311013134932,
      "route_consistency_knn_js": 0.04123877879380158,
      "route_consistency_knn_score": 0.9595999704661955,
      "route_consistency_group_knn_js": 0.009464495588827556,
      "route_consistency_group_knn_score": 0.9905801517835716,
      "route_consistency_intra_group_knn_mean_js": 0.03222923627680593,
      "route_consistency_intra_group_knn_mean_score": 0.9682956473111323,
      "route_consistency_feature_group_knn_mean_score": 0.9497179691450485,
      "family_top_expert_mean_share": 0.13570505380630493,
      "route_consistency_feature_group_knn_tempo_js": 0.05224688743379805,
      "route_consistency_feature_group_knn_tempo_score": 0.9490945184051569,
      "route_consistency_feature_group_knn_focus_js": 0.05260682739711346,
      "route_consistency_feature_group_knn_focus_score": 0.948752962832457,
      "route_consistency_feature_group_knn_memory_js": 0.05331692582506832,
      "route_consistency_feature_group_knn_memory_score": 0.9480794939879152,
      "route_consistency_feature_group_knn_exposure_js": 0.04819819299654812,
      "route_consistency_feature_group_knn_exposure_score": 0.9529449013546646
    }
  ]
}
