best_mrr20,epoch,epoch_time_sec,eval,lr,patience_used,train_loss,trial,valid_mrr20
0.0145,1,16.757004261016846,1,0.0006244105423801052,0,678.2984552383423,1,0.0145
0.018,3,16.04523730278015,1,0.0006232794293524196,1,570.6311926841736,1,0.0164
0.0186,7,16.949583053588867,1,0.0006176466188389697,0,504.01734733581543,1,0.0186
0.0186,10,16.68023133277893,1,0.0006105196050122024,3,464.5791187286377,1,0.0173
0.0186,17,16.395609140396118,1,0.0005846385014120701,10,369.92573165893555,1,0.0173
