stage_name,stage_key,split,aggregation_level,node_kind,node_name,route_space,support_size,wrapper_name,source_type,temperature,top_k,entropy_norm,n_eff_norm,top1_monopoly_norm,jitter_adj_norm,knn_consistency_score,knn_consistency_js,n_eff,cv_usage,top1_max_frac,entropy_mean
macro,macro@1,best_valid,session,final,final.expert,expert,16,FlatJointWrapper,,,,0.8879493032980884,0.9910535193908936,0.0422333395096041,0.7459919141224035,0.9269154137338556,0.07589296490011607,15.856856310254297,0.09501122683286667,0.10209375579025384,2.461918224244951
macro,macro@1,best_valid,session,final,final.group,group,4,FlatJointWrapper,,,,0.9418451697033856,0.9980643381217833,0.03847816688283615,0.0,0.9793732524167744,0.020842450259634552,3.992257352487133,0.044037602841854095,0.2788586251621271,1.3056746478078098
macro,macro@1,best_valid,session,final,final.intra.Exposure,intra,4,FlatJointWrapper,,,,0.8412135889072464,0.9916662568517896,0.06763016490642948,0.0,0.9476548285195839,0.05376494796656008,3.966665027407158,0.09167251735925674,0.3007226236798221,1.1661696547995415
macro,macro@1,best_valid,session,final,final.intra.Focus,intra,4,FlatJointWrapper,,,,0.8504752186335736,0.9923447828782064,0.033413624853313596,0.0,0.9483742191241472,0.0530061087072373,3.9693791315128255,0.08783142268657684,0.2750602186399852,1.179008999863929
macro,macro@1,best_valid,session,final,final.intra.Memory,intra,4,FlatJointWrapper,,,,0.8622687307397062,0.9975853002641364,0.07281823235130624,0.0,0.9505705780833812,0.05069286617183185,3.9903412010565456,0.04919800907373428,0.3046136742634797,1.19535827919446
macro,macro@1,best_valid,session,final,final.intra.Tempo,intra,4,FlatJointWrapper,,,,0.8602587507297967,0.9928989435175193,0.08146501142610092,0.0,0.9503192570919234,0.0509572907463354,3.971595774070077,0.08456853777170181,0.3110987585695757,1.1925718552407587
