stage_name,stage_key,split,aggregation_level,node_kind,node_name,route_space,support_size,wrapper_name,source_type,temperature,top_k,entropy_norm,n_eff_norm,top1_monopoly_norm,jitter_adj_norm,knn_consistency_score,knn_consistency_js,n_eff,cv_usage,top1_max_frac,entropy_mean
macro,macro@1,best_valid,session,final,final.expert,expert,12,GroupConditionalProductWrapper,,,,0.9638915728229608,0.9014809092905983,0.7582247531800316,0.0,0.9962596279538967,0.0037473847297837164,10.81777091148718,0.33058420303965824,0.778372690415029,2.39518057898239
macro,macro@1,best_valid,session,final,final.group,group,4,GroupConditionalProductWrapper,,,,0.9633310820277743,0.9312471268368123,0.8053913527900715,0.0,0.9984148312885407,0.0015864264206778245,3.7249885073472493,0.2717146575450897,0.8540435145925536,1.3354604469066262
macro,macro@1,best_valid,session,final,final.intra.Exposure,intra,3,GroupConditionalProductWrapper,,,,0.8962197693366255,0.8415783828349315,0.9130481879236173,0.0,0.996737502244331,0.003267831305093268,2.5247351485047944,0.4338702728190937,0.9420321252824115,0.9845980519405156
macro,macro@1,best_valid,session,final,final.intra.Focus,intra,3,GroupConditionalProductWrapper,,,,0.9983615610349398,0.9996522086893248,0.5224846027668596,0.0,0.9997318750293399,0.0002681609225865436,2.9989566260679745,0.01865236871235464,0.6816564018445731,1.096812279486862
macro,macro@1,best_valid,session,final,final.intra.Memory,intra,3,GroupConditionalProductWrapper,,,,0.9656821036407719,0.9732421884064024,0.7308811240753923,0.0,0.9972353509526029,0.0027684777478783826,2.9197265652192073,0.16581156355704177,0.8205874160502615,1.0609102260066232
macro,macro@1,best_valid,session,final,final.intra.Tempo,intra,3,GroupConditionalProductWrapper,,,,0.9629468574425639,0.9853824966911086,0.4423106681934944,0.0,0.9972347872882966,0.00276904297499848,2.9561474900733256,0.12179717402441347,0.6282071121289963,1.0579052509207392
