{
  "split": "best_valid",
  "feature_mode": "none",
  "stages": [
    {
      "stage": "macro@1",
      "n_eff": 9.449887675953628,
      "cv_usage": 0.5194769960330127,
      "top1_max_frac": 0.946504174415384,
      "entropy_mean": 2.3551339683159895,
      "route_jitter_adjacent": 0.0,
      "route_consistency_knn_js": 0.003610688913001371,
      "route_consistency_knn_score": 0.9963958217858186,
      "route_consistency_group_knn_js": 0.0007909061091734567,
      "route_consistency_group_knn_score": 0.9992094065746233,
      "route_consistency_intra_group_knn_mean_js": 0.0025539387631804715,
      "route_consistency_intra_group_knn_mean_score": 0.9974511398486432,
      "route_consistency_feature_group_knn_mean_score": 0.9912206679471625,
      "family_top_expert_mean_share": 0.22203174233436584,
      "route_consistency_feature_group_knn_tempo_js": 0.008179641444535214,
      "route_consistency_feature_group_knn_tempo_score": 0.9918537207968509,
      "route_consistency_feature_group_knn_focus_js": 0.009572478559024676,
      "route_consistency_feature_group_knn_focus_score": 0.9904731917715975,
      "route_consistency_feature_group_knn_memory_js": 0.010784866537970112,
      "route_consistency_feature_group_knn_memory_score": 0.9892730816269842,
      "route_consistency_feature_group_knn_exposure_js": 0.006739985162648313,
      "route_consistency_feature_group_knn_exposure_score": 0.9932826775932173
    }
  ]
}
