stage_name,stage_key,split,aggregation_level,node_kind,node_name,route_space,support_size,wrapper_name,source_type,temperature,top_k,entropy_norm,n_eff_norm,top1_monopoly_norm,jitter_adj_norm,knn_consistency_score,knn_consistency_js,n_eff,cv_usage,top1_max_frac,entropy_mean
macro,macro@1,best_valid,session,final,final.expert,expert,12,FlatPlusGroupIntraResidualWrapper,,,,0.9992316623462415,0.9970282676486945,0.9113982464236271,0.0,0.9999455370878931,5.4464395265136145e-05,11.964339211784333,0.05459548556520088,0.9187817258883249,2.4829974024428934
macro,macro@1,best_valid,session,final,final.group,group,4,FlatPlusGroupIntraResidualWrapper,,,,0.999652825473678,0.9991577810442729,0.9796954314720812,0.0,0.9999848340564117,1.5166058592432369e-05,3.9966311241770915,0.029032668098807335,0.9847715736040609,1.385813075031726
macro,macro@1,best_valid,session,final,final.intra.Exposure,intra,3,FlatPlusGroupIntraResidualWrapper,,,,0.9994654845732293,0.9989235081060793,0.9192893401015226,0.0,0.9999858649855214,1.4135114378831555e-05,2.996770524318238,0.03282717238136612,0.9461928934010152,1.0980250634517768
macro,macro@1,best_valid,session,final,final.intra.Focus,intra,3,FlatPlusGroupIntraResidualWrapper,,,,0.9986670489016733,0.9983164152208537,0.9862944162436549,0.0,0.9999352144459684,6.478765270615045e-05,2.994949245662561,0.04106500994965404,0.9908629441624366,1.0971478922112945
macro,macro@1,best_valid,session,final,final.intra.Memory,intra,3,FlatPlusGroupIntraResidualWrapper,,,,0.9972806721846034,0.9949043018101219,0.8781725888324873,0.0,0.9999591014511071,4.0899385261324656e-05,2.984712905430366,0.07156668762663938,0.9187817258883249,1.095624801713198
macro,macro@1,best_valid,session,final,final.intra.Tempo,intra,3,FlatPlusGroupIntraResidualWrapper,,,,0.9994648077416343,0.9997181494923174,0.9604060913705583,0.0,0.9999623801794953,3.762052814781138e-05,2.9991544484769523,0.016789636074315425,0.9736040609137055,1.0980243198762691
