stage_name,stage_key,split,aggregation_level,node_kind,node_name,route_space,support_size,wrapper_name,source_type,temperature,top_k,entropy_norm,n_eff_norm,top1_monopoly_norm,jitter_adj_norm,knn_consistency_score,knn_consistency_js,n_eff,cv_usage,top1_max_frac,entropy_mean
macro,macro@1,best_valid,session,final,final.expert,expert,20,FlatJointWrapper,,,,0.8695572671537257,0.9723626697407235,0.05064226453548378,0.851197301030449,0.9793969270792593,0.020818277273202745,19.44725339481447,0.16859100880338238,0.09811015130870959,2.604960768915826
macro,macro@1,best_valid,session,final,final.group,group,4,FlatJointWrapper,,,,0.9477698957634224,0.9947008862607353,0.11640904138336834,0.0,0.9951252010216156,0.004886719567018385,3.978803545042941,0.07298864424228668,0.33730678103752626,1.313888062136019
macro,macro@1,best_valid,session,final,final.intra.Exposure,intra,5,FlatJointWrapper,,,,0.8693569648164461,0.9957943853814731,0.02433512988654643,0.0,0.9870124565364599,0.013072619023978676,4.978971926907366,0.06498744130246865,0.21946810390923716,1.3991760586142266
macro,macro@1,best_valid,session,final,final.intra.Focus,intra,5,FlatJointWrapper,,,,0.8079670678670582,0.9844257426628529,0.06001449771459638,0.0,0.9846949687791516,0.015423362136019175,4.922128713314264,0.12577992676526417,0.24801159817167712,1.3003728310234592
macro,macro@1,best_valid,session,final,final.intra.Memory,intra,5,FlatJointWrapper,,,,0.8217797137377728,0.97759902655069,0.1319185756442869,0.0,0.9871268394628983,0.012956737711248402,4.88799513275345,0.15137485934235365,0.30553486051542955,1.3226034269588136
macro,macro@1,best_valid,session,final,final.intra.Tempo,intra,5,FlatJointWrapper,,,,0.8044432342559996,0.9874920558590642,0.05070452628493826,0.0,0.9853750786485184,0.014732919786243108,4.937460279295321,0.11254537682912683,0.24056362102795062,1.294701439612712
