best_mrr20,epoch,epoch_time_sec,eval,lr,patience_used,train_loss,trial,valid_mrr20
0.0146,1,23.093321084976196,1,0.0007998187552579467,0,680.1994280815125,1,0.0146
0.0164,3,21.850712060928345,1,0.0007983698921263105,0,571.0043897628784,1,0.0164
0.0178,7,22.150903463363647,1,0.0007911547232787465,0,508.0471706390381,1,0.0178
0.0178,10,21.739116430282593,1,0.0007820256023867403,3,477.7067828178406,1,0.0171
0.0178,17,21.423454999923706,1,0.0007488740287645918,10,410.2063355445862,1,0.0166
