best_mrr20,epoch,epoch_time_sec,eval,lr,patience_used,train_loss,trial,valid_mrr20
0.077,1,65.00061702728271,1,0.000493399927250545,0,1583.4965047836304,1,0.077
0.1818,3,60.737351417541504,1,0.00045547492573366636,0,1033.9110007286072,1,0.1818
0.2847,10,36.85354042053223,1,0.00016194750000000008,0,498.9570691585541,1,0.2847
0.2969,16,36.65154457092285,1,4.983e-05,0,417.06838750839233,1,0.2969
0.0772,1,35.851771116256714,1,0.000493399927250545,0,1583.4960794448853,2,0.0772
0.1818,3,35.634472608566284,1,0.00045547492573366636,0,1033.9102492332458,2,0.1818
0.2851,10,35.57428526878357,1,0.00016194750000000008,0,498.9691791534424,2,0.2851
0.2964,15,35.72156643867493,1,4.983e-05,0,422.6143488883972,2,0.2964
0.2964,16,34.83721446990967,1,4.983e-05,1,417.07520270347595,2,0.2964
