stage_name,stage_key,split,aggregation_level,node_kind,node_name,route_space,support_size,wrapper_name,source_type,temperature,top_k,entropy_norm,n_eff_norm,top1_monopoly_norm,jitter_adj_norm,knn_consistency_score,knn_consistency_js,n_eff,cv_usage,top1_max_frac,entropy_mean
macro,macro@1,best_valid,session,final,final.expert,expert,20,FlatJointWrapper,,,,0.6671044715984755,0.61750842221765,0.32393005225047744,0.8128501882979701,0.9140748073718663,0.08984286473730217,12.350168444353,0.7870266469266021,0.35773354963795356,1.9984663953997348
macro,macro@1,best_valid,session,final,final.group,group,4,FlatJointWrapper,,,,0.859538468262292,0.9352729437722952,0.37382450309289234,0.0,0.9835406475490261,0.0165963125215254,3.741091775089181,0.2630714476108551,0.5303683773196692,1.1915733317176433
macro,macro@1,best_valid,session,final,final.intra.Exposure,intra,5,FlatJointWrapper,,,,0.43442057984061333,0.6727660475864472,0.35774196119058055,0.0,0.9185244831148427,0.08498671914073663,3.3638302379322362,0.6974246543172283,0.48619356895246446,0.6991729511370881
macro,macro@1,best_valid,session,final,final.intra.Focus,intra,5,FlatJointWrapper,,,,0.4962240940331391,0.5640574902908353,0.5795711060948081,0.0,0.9482777878378543,0.053107794505182285,2.8202874514541767,0.8791297543178536,0.6636568848758465,0.798641870000198
macro,macro@1,best_valid,session,final,final.intra.Memory,intra,5,FlatJointWrapper,,,,0.3490074966799483,0.8572381646183169,0.2661987264306979,0.0,0.880036894368184,0.12779144697033973,4.286190823091585,0.4080893783556018,0.41295898114455837,0.5617058968804272
macro,macro@1,best_valid,session,final,final.intra.Tempo,intra,5,FlatJointWrapper,,,,0.5305847078129262,0.8535478512227301,0.292814667988107,0.0,0.9233993227477575,0.07969350234274525,4.267739256113651,0.41422277071740077,0.43425173439048564,0.853943144511893
