best_mrr20,epoch,epoch_time_sec,eval,lr,patience_used,train_loss,trial,valid_mrr20
0.013,1,17.899112462997437,1,0.0005476,0,686.1497640609741,1,0.013
0.0152,3,16.424561023712158,1,0.0005476,0,584.6601514816284,1,0.0152
0.0171,10,16.99504041671753,1,0.0005476,2,490.3287296295166,1,0.0171
0.0185,22,19.163566827774048,1,0.0005476,0,398.53389263153076,1,0.0185
0.0185,32,17.431747436523438,1,0.0005476,10,344.9966995716095,1,0.0159
