stage_name,stage_key,split,aggregation_level,node_kind,node_name,route_space,support_size,wrapper_name,source_type,temperature,top_k,entropy_norm,n_eff_norm,top1_monopoly_norm,jitter_adj_norm,knn_consistency_score,knn_consistency_js,n_eff,cv_usage,top1_max_frac,entropy_mean
macro,macro@1,best_valid,session,final,final.expert,expert,12,GroupConditionalProductWrapper,,,,0.9668043751883425,0.9922208626698429,0.17899979193094792,0.0,0.9976466840772028,0.0023560893226918476,11.906650352038115,0.08854366202522332,0.24741647593670227,2.402418620949645
macro,macro@1,best_valid,session,final,final.group,group,4,GroupConditionalProductWrapper,,,,0.9559271928095028,0.99378962046101,0.3280816406282045,0.0,0.9983763258115216,0.001624993775993779,3.97515848184404,0.07905225926949139,0.49606123047115336,1.32519647703298
macro,macro@1,best_valid,session,final,final.intra.Exposure,intra,3,GroupConditionalProductWrapper,,,,0.9762079798490401,0.9988216354471203,0.2866251870943493,0.0,0.9991657274098351,0.0008346207892176131,2.996464906341361,0.03434960590297072,0.5244167913962329,1.072474082958026
macro,macro@1,best_valid,session,final,final.intra.Focus,intra,3,GroupConditionalProductWrapper,,,,0.9950273175571719,0.9967222713734972,0.306690426810033,0.0,0.9998467323159743,0.0001532794307174892,2.990166814120492,0.05734542586370033,0.5377936178733553,1.0931492386287747
macro,macro@1,best_valid,session,final,final.intra.Memory,intra,3,GroupConditionalProductWrapper,,,,0.9810033486266269,0.9999874533796945,0.6033532676909034,0.0,0.9997539889296373,0.00024604133605001395,2.9999623601390835,0.0035339108546402795,0.7355688451272689,1.0777423340257781
macro,macro@1,best_valid,session,final,final.intra.Tempo,intra,3,GroupConditionalProductWrapper,,,,0.9633937494725913,0.997422323399903,0.21422722482867865,0.0,0.9983924029885878,0.0016088905820338059,2.992266970199709,0.05083717999347508,0.4761514832191191,1.058396211996635
