stage_name,stage_key,split,aggregation_level,node_kind,node_name,route_space,support_size,wrapper_name,source_type,temperature,top_k,entropy_norm,n_eff_norm,top1_monopoly_norm,jitter_adj_norm,knn_consistency_score,knn_consistency_js,n_eff,cv_usage,top1_max_frac,entropy_mean
macro,macro@1,best_valid,session,final,final.expert,expert,12,FlatJointWrapper,,,,0.9842608801459701,0.9950420239263099,0.11881415474252423,0.5548274732286045,0.9866248498483018,0.013465403140784194,11.940504287115719,0.07058844132457849,0.19224630851398053,2.445796406200911
macro,macro@1,best_valid,session,final,final.group,group,4,FlatJointWrapper,,,,0.9914673611462316,0.9973747688655197,0.17557021677662585,0.0,0.9961886773998934,0.0038186041976541302,3.9894990754620787,0.05130327492952347,0.3816776625824694,1.374465611991439
macro,macro@1,best_valid,session,final,final.intra.Exposure,intra,3,FlatJointWrapper,,,,0.9788979407509937,0.9968525011810622,0.13491046182846372,0.0,0.9916709590614078,0.00836392121459927,2.9905575035431866,0.05619180164884339,0.4232736412189758,1.0754293070609489
macro,macro@1,best_valid,session,final,final.intra.Focus,intra,3,FlatJointWrapper,,,,0.9691082902100607,0.9976422479670113,0.0336475023562677,0.0,0.988302116915721,0.011766841625442675,2.992926743901034,0.04861296382209766,0.3557650015708451,1.0646742766749135
macro,macro@1,best_valid,session,final,final.intra.Memory,intra,3,FlatJointWrapper,,,,0.9791957673780542,0.998510169635927,0.06934967012252592,0.0,0.9912505897705344,0.008787911056676912,2.995530508907781,0.03862859818360795,0.3795664467483506,1.0757565030533303
macro,macro@1,best_valid,session,final,final.intra.Tempo,intra,3,FlatJointWrapper,,,,0.9779457702072992,0.999780434905743,0.07664467483506128,0.0,0.9910266742872068,0.00901382847836143,2.999341304717229,0.014819423692094574,0.3844297832233742,1.0743832408007383
