stage_name,stage_key,split,aggregation_level,node_kind,node_name,route_space,support_size,wrapper_name,source_type,temperature,top_k,entropy_norm,n_eff_norm,top1_monopoly_norm,jitter_adj_norm,knn_consistency_score,knn_consistency_js,n_eff,cv_usage,top1_max_frac,entropy_mean
macro,macro@1,best_valid,session,final,final.expert,expert,12,FlatJointWrapper,,,,0.982299803299776,0.9941948762201241,0.06933767457801389,0.6092152230518528,0.9857556926557466,0.014346731292308923,11.93033851464149,0.07641388620692831,0.14689286836317939,2.440923313305058
macro,macro@1,best_valid,session,final,final.group,group,4,FlatJointWrapper,,,,0.9901186367116921,0.9971728608430113,0.15893182532202324,0.0,0.9958005200189372,0.004208322561962504,3.988691443372045,0.053246088325977325,0.36919886899151744,1.3725958829131322
macro,macro@1,best_valid,session,final,final.intra.Exposure,intra,3,FlatJointWrapper,,,,0.9765084075088848,0.9996212963485961,0.031781338360037735,0.0,0.990319158572217,0.00972800541136157,2.998863889045788,0.019463042614220303,0.35452089224002514,1.0728041364769871
macro,macro@1,best_valid,session,final,final.intra.Focus,intra,3,FlatJointWrapper,,,,0.9720562057897563,0.995929811864175,0.14403393025447692,0.0,0.9907355471160314,0.009307634839311718,2.987789435592525,0.06392741571583105,0.4293559535029846,1.0679128929567232
macro,macro@1,best_valid,session,final,final.intra.Memory,intra,3,FlatJointWrapper,,,,0.9715516828030079,0.9946536498374526,0.15310084825636192,0.0,0.9892551944097053,0.010802947873977311,2.983960949512358,0.07331546550048991,0.4354005655042413,1.067358617803566
macro,macro@1,best_valid,session,final,final.intra.Tempo,intra,3,FlatJointWrapper,,,,0.9735855281772586,0.999918884658693,0.020848256361922776,0.0,0.9898024415287157,0.010249909778450753,2.999756653976079,0.009003143023605853,0.3472321709079485,1.0695930253249686
