stage_name,stage_key,split,aggregation_level,node_kind,node_name,route_space,support_size,wrapper_name,source_type,temperature,top_k,entropy_norm,n_eff_norm,top1_monopoly_norm,jitter_adj_norm,knn_consistency_score,knn_consistency_js,n_eff,cv_usage,top1_max_frac,entropy_mean
macro,macro@1,best_valid,session,final,final.expert,expert,12,ScalarGroupConditionalProductWrapper,,,,0.9709498036831428,0.9886955898097011,0.709694113614943,0.0,0.9978667672792936,0.0021355113027005657,11.864347077716413,0.10692860450915125,0.7338862708136977,2.412719623782595
macro,macro@1,best_valid,session,final,final.group,group,4,ScalarGroupConditionalProductWrapper,,,,0.9560955690948236,0.9951070332763731,0.6649198868991517,0.0,0.9981766452360843,0.0018250190986360418,3.9804281331054923,0.0701209306716919,0.7486899151743638,1.3254298961278668
macro,macro@1,best_valid,session,final,final.intra.Exposure,intra,3,ScalarGroupConditionalProductWrapper,,,,0.99716085182757,0.9996677549242104,0.614684260131951,0.0,0.9997680252818102,0.0002320016284864686,2.9990032647726315,0.018230775759197005,0.7431228400879674,1.0954931655965285
macro,macro@1,best_valid,session,final,final.intra.Focus,intra,3,ScalarGroupConditionalProductWrapper,,,,0.9784701937298805,0.9879554546590256,0.6999622997172479,0.0,0.9996388782563774,0.0003611869637815046,2.963866363977077,0.11041446073608217,0.7999748664781653,1.0749593789271128
macro,macro@1,best_valid,session,final,final.intra.Memory,intra,3,ScalarGroupConditionalProductWrapper,,,,0.9918513492115024,0.9856908634883319,0.8871253534401508,0.0,0.9999051782627455,9.482623311967828e-05,2.9570725904649957,0.1204866015146079,0.9247502356267672,1.0896600807758012
macro,macro@1,best_valid,session,final,final.intra.Tempo,intra,3,ScalarGroupConditionalProductWrapper,,,,0.9592446898811887,0.9993189744058926,0.60559849198869,0.0,0.9991870857871504,0.0008132448067834768,2.9979569232176777,0.026105553996397437,0.7370656613257933,1.053838004143104
