stage_name,stage_key,split,aggregation_level,node_kind,node_name,route_space,support_size,wrapper_name,source_type,temperature,top_k,entropy_norm,n_eff_norm,top1_monopoly_norm,jitter_adj_norm,knn_consistency_score,knn_consistency_js,n_eff,cv_usage,top1_max_frac,entropy_mean
macro,macro@1,best_valid,session,final,final.expert,expert,16,ScalarGroupConditionalProductWrapper,,,,0.9539188647366451,0.7733856606178302,0.9530671731360213,0.0,0.9974947231209585,0.0025084203364134313,12.374170569885283,0.5413094758987427,0.9560004748150199,2.6448246863005975
macro,macro@1,best_valid,session,final,final.group,group,4,ScalarGroupConditionalProductWrapper,,,,0.967944048839318,0.9251576558195346,0.9608541394637228,0.0,0.9994261337690473,0.0005740309552009803,3.7006306232781383,0.28442350029945374,0.9706406045977921,1.3418553767855024
macro,macro@1,best_valid,session,final,final.intra.Exposure,intra,4,ScalarGroupConditionalProductWrapper,,,,0.871672061346409,0.7362350782337888,0.97298830108548,0.0,0.9963930746837388,0.00361344595574147,2.944940312935155,0.5985497236251831,0.9797412258141099,1.208394063390278
macro,macro@1,best_valid,session,final,final.intra.Focus,intra,4,ScalarGroupConditionalProductWrapper,,,,0.9944997970164159,0.9962115116794008,0.622785845236682,0.0,0.9996236049198881,0.0003764659345201098,3.9848460467176032,0.061667535454034805,0.7170893839275115,1.378669460738733
macro,macro@1,best_valid,session,final,final.intra.Memory,intra,4,ScalarGroupConditionalProductWrapper,,,,0.9883826753007159,0.9965392136131551,0.7449188198208893,0.0,0.9995811881905728,0.0004188995355877,3.9861568544526205,0.05893057584762573,0.808689114865667,1.370189329397974
macro,macro@1,best_valid,session,final,final.intra.Tempo,intra,4,ScalarGroupConditionalProductWrapper,,,,0.9736909578957514,0.9713708386382571,0.6084358801883433,0.0,0.9977464818067472,0.002256061186549254,3.8854833545530285,0.1716766655445099,0.7063269101412575,1.349822284404305
