stage_name,stage_key,split,aggregation_level,node_kind,node_name,route_space,support_size,wrapper_name,source_type,temperature,top_k,entropy_norm,n_eff_norm,top1_monopoly_norm,jitter_adj_norm,knn_consistency_score,knn_consistency_js,n_eff,cv_usage,top1_max_frac,entropy_mean
macro,macro@1,best_valid,session,final,final.expert,expert,12,ScalarGroupConditionalProductWrapper,,,,0.9540269340137041,0.9642354131744689,0.7407256420709335,0.0,0.9984038490516564,0.0015974261543967507,11.570824958093628,0.19259053639797757,0.7623318385650224,2.370667872407511
macro,macro@1,best_valid,session,final,final.group,group,4,ScalarGroupConditionalProductWrapper,,,,0.9568623826214651,0.9862163099513864,0.6853512705530642,0.0,0.9990717739718241,0.0009286570967289439,3.9448652398055457,0.11822175979614258,0.7640134529147982,1.3264929253958802
macro,macro@1,best_valid,session,final,final.intra.Exposure,intra,3,ScalarGroupConditionalProductWrapper,,,,0.9946181696472793,0.999312188774355,0.6434977578475336,0.0,0.9998686060701637,0.00013140256277491982,2.997936566323065,0.026235330999334724,0.7623318385650224,1.0926997437070838
macro,macro@1,best_valid,session,final,final.intra.Focus,intra,3,ScalarGroupConditionalProductWrapper,,,,0.9823162457612374,0.9638332505494129,0.9903307174887893,0.0,0.9998865420083675,0.00011346442847731011,2.891499751648239,0.19371082801488554,0.9935538116591929,1.0791846989516185
macro,macro@1,best_valid,session,final,final.intra.Memory,intra,3,ScalarGroupConditionalProductWrapper,,,,0.9250358408636938,0.9864695422850837,0.6434977578475336,0.0,0.9994157636364822,0.000584407096084035,2.959408626855251,0.11711563565982473,0.7623318385650224,1.0162557422312921
macro,macro@1,best_valid,session,final,final.intra.Tempo,intra,3,ScalarGroupConditionalProductWrapper,,,,0.8626591150505009,0.9475380086223324,0.6586322869955156,0.0,0.9970607233998758,0.002943604756770522,2.842614025866997,0.23530120446380365,0.7724215246636771,0.947727904726037
