{
  "model": "GRU4Rec",
  "dataset": "movielens1m",
  "dataset_raw": "movielens1m",
  "max_evals": 6,
  "tune_epochs": 40,
  "n_completed": 6,
  "n_recorded_trials": 6,
  "timestamp": "2026-04-10T11:45:42.523868",
  "trials": [
    {
      "trial": 1,
      "params": {
        "learning_rate": 0.0011132797477041779
      },
      "mrr@20": 0.0592,
      "valid_result": {
        "hit@5": 0.0886,
        "hit@10": 0.1431,
        "hit@20": 0.2295,
        "ndcg@5": 0.0567,
        "ndcg@10": 0.0742,
        "ndcg@20": 0.0959,
        "mrr@5": 0.0462,
        "mrr@10": 0.0533,
        "mrr@20": 0.0592
      },
      "test_result": {
        "hit@5": 0.0881,
        "hit@10": 0.1509,
        "hit@20": 0.2326,
        "ndcg@5": 0.0544,
        "ndcg@10": 0.0746,
        "ndcg@20": 0.095,
        "mrr@5": 0.0433,
        "mrr@10": 0.0515,
        "mrr@20": 0.057
      },
      "best_hr@10": 0.1431,
      "test_mrr@20": 0.057,
      "test_hr@10": 0.1509,
      "epochs_run": 40,
      "early_stop_epoch": 40,
      "early_stopped": false,
      "elapsed": 100.8,
      "status": "ok"
    },
    {
      "trial": 2,
      "params": {
        "learning_rate": 0.0010390825936943272
      },
      "mrr@20": 0.0576,
      "valid_result": {
        "hit@5": 0.0873,
        "hit@10": 0.139,
        "hit@20": 0.2258,
        "ndcg@5": 0.0551,
        "ndcg@10": 0.0718,
        "ndcg@20": 0.0938,
        "mrr@5": 0.0446,
        "mrr@10": 0.0515,
        "mrr@20": 0.0576
      },
      "test_result": {
        "hit@5": 0.0835,
        "hit@10": 0.1403,
        "hit@20": 0.2252,
        "ndcg@5": 0.0502,
        "ndcg@10": 0.0682,
        "ndcg@20": 0.0896,
        "mrr@5": 0.0393,
        "mrr@10": 0.0466,
        "mrr@20": 0.0524
      },
      "best_hr@10": 0.139,
      "test_mrr@20": 0.0524,
      "test_hr@10": 0.1403,
      "epochs_run": 40,
      "early_stop_epoch": 40,
      "early_stopped": false,
      "elapsed": 96.6,
      "status": "ok"
    },
    {
      "trial": 3,
      "params": {
        "learning_rate": 0.000998051333719271
      },
      "mrr@20": 0.0585,
      "valid_result": {
        "hit@5": 0.084,
        "hit@10": 0.1353,
        "hit@20": 0.2221,
        "ndcg@5": 0.0554,
        "ndcg@10": 0.0717,
        "ndcg@20": 0.0935,
        "mrr@5": 0.0461,
        "mrr@10": 0.0526,
        "mrr@20": 0.0585
      },
      "test_result": {
        "hit@5": 0.0711,
        "hit@10": 0.1246,
        "hit@20": 0.2174,
        "ndcg@5": 0.0433,
        "ndcg@10": 0.0604,
        "ndcg@20": 0.0837,
        "mrr@5": 0.0343,
        "mrr@10": 0.0412,
        "mrr@20": 0.0476
      },
      "best_hr@10": 0.1353,
      "test_mrr@20": 0.0476,
      "test_hr@10": 0.1246,
      "epochs_run": 38,
      "early_stop_epoch": 38,
      "early_stopped": true,
      "elapsed": 92.3,
      "status": "ok"
    },
    {
      "trial": 4,
      "params": {
        "learning_rate": 0.0011940198387167154
      },
      "mrr@20": 0.0551,
      "valid_result": {
        "hit@5": 0.0808,
        "hit@10": 0.1307,
        "hit@20": 0.2068,
        "ndcg@5": 0.0526,
        "ndcg@10": 0.0686,
        "ndcg@20": 0.0878,
        "mrr@5": 0.0433,
        "mrr@10": 0.0498,
        "mrr@20": 0.0551
      },
      "test_result": {
        "hit@5": 0.0775,
        "hit@10": 0.1283,
        "hit@20": 0.2118,
        "ndcg@5": 0.0464,
        "ndcg@10": 0.0627,
        "ndcg@20": 0.0837,
        "mrr@5": 0.0364,
        "mrr@10": 0.043,
        "mrr@20": 0.0487
      },
      "best_hr@10": 0.1307,
      "test_mrr@20": 0.0487,
      "test_hr@10": 0.1283,
      "epochs_run": 30,
      "early_stop_epoch": 30,
      "early_stopped": true,
      "elapsed": 74.0,
      "status": "ok"
    },
    {
      "trial": 5,
      "params": {
        "learning_rate": 0.001236042758902278
      },
      "mrr@20": 0.0551,
      "valid_result": {
        "hit@5": 0.0822,
        "hit@10": 0.1348,
        "hit@20": 0.2128,
        "ndcg@5": 0.0527,
        "ndcg@10": 0.0696,
        "ndcg@20": 0.0891,
        "mrr@5": 0.043,
        "mrr@10": 0.0499,
        "mrr@20": 0.0551
      },
      "test_result": {
        "hit@5": 0.0757,
        "hit@10": 0.1329,
        "hit@20": 0.2118,
        "ndcg@5": 0.0459,
        "ndcg@10": 0.0643,
        "ndcg@20": 0.0841,
        "mrr@5": 0.0362,
        "mrr@10": 0.0438,
        "mrr@20": 0.0491
      },
      "best_hr@10": 0.1348,
      "test_mrr@20": 0.0491,
      "test_hr@10": 0.1329,
      "epochs_run": 30,
      "early_stop_epoch": 30,
      "early_stopped": true,
      "elapsed": 74.5,
      "status": "ok"
    },
    {
      "trial": 6,
      "params": {
        "learning_rate": 0.000983788622179926
      },
      "mrr@20": 0.0557,
      "valid_result": {
        "hit@5": 0.0808,
        "hit@10": 0.1376,
        "hit@20": 0.2184,
        "ndcg@5": 0.0522,
        "ndcg@10": 0.0704,
        "ndcg@20": 0.0906,
        "mrr@5": 0.0428,
        "mrr@10": 0.0502,
        "mrr@20": 0.0557
      },
      "test_result": {
        "hit@5": 0.072,
        "hit@10": 0.1287,
        "hit@20": 0.2187,
        "ndcg@5": 0.0452,
        "ndcg@10": 0.0631,
        "ndcg@20": 0.0857,
        "mrr@5": 0.0364,
        "mrr@10": 0.0436,
        "mrr@20": 0.0496
      },
      "best_hr@10": 0.1376,
      "test_mrr@20": 0.0496,
      "test_hr@10": 0.1287,
      "epochs_run": 38,
      "early_stop_epoch": 38,
      "early_stopped": true,
      "elapsed": 93.8,
      "status": "ok"
    }
  ],
  "run_group": "baseline",
  "run_axis": "stageh_targetedrecovery_anchor2_core5",
  "run_phase": "P23_SH_C08_MGRU4REC_XFER_LASTFM0_03_FAD_H2_R1_C1_S1",
  "parent_result": "",
  "interrupted": false,
  "interrupted_at": null,
  "tuned_search": {
    "learning_rate": [
      0.0009322684639011468,
      0.001311809032958272
    ]
  },
  "fixed_search": {
    "num_layers": 2,
    "weight_decay": 0.00015,
    "hidden_dropout_prob": 0.15,
    "MAX_ITEM_LIST_LENGTH": 10,
    "n_layers": 2,
    "n_heads": 4,
    "num_heads": 4,
    "dropout_ratio": 0.15,
    "dropout_prob": 0.15,
    "attn_dropout_prob": 0.15,
    "hidden_size": 144,
    "embedding_size": 144,
    "inner_size": 288,
    "time_span": 384,
    "num_experts": 6,
    "state_size": 24,
    "conv_kernel": 6,
    "remaining_ratio": 0.6
  },
  "context_fixed": {
    "num_layers": 2,
    "search_space_type_overrides": {
      "learning_rate": "loguniform",
      "weight_decay": "choice",
      "n_layers": "choice",
      "num_layers": "choice",
      "n_heads": "choice",
      "num_heads": "choice",
      "dropout_ratio": "choice",
      "dropout_prob": "choice",
      "hidden_dropout_prob": "choice",
      "attn_dropout_prob": "choice",
      "hidden_size": "choice",
      "embedding_size": "choice",
      "inner_size": "choice",
      "time_span": "choice",
      "num_experts": "choice",
      "state_size": "choice",
      "conv_kernel": "choice",
      "remaining_ratio": "choice",
      "MAX_ITEM_LIST_LENGTH": "choice"
    }
  },
  "best_params": {
    "learning_rate": 0.0011132797477041779
  },
  "best_mrr@20": 0.0592,
  "best_hr@10": 0.1431,
  "test_mrr@20": 0.057,
  "test_hr@10": 0.1509,
  "best_valid_result": {
    "hit@5": 0.0886,
    "hit@10": 0.1431,
    "hit@20": 0.2295,
    "ndcg@5": 0.0567,
    "ndcg@10": 0.0742,
    "ndcg@20": 0.0959,
    "mrr@5": 0.0462,
    "mrr@10": 0.0533,
    "mrr@20": 0.0592
  },
  "test_result": {
    "hit@5": 0.0881,
    "hit@10": 0.1509,
    "hit@20": 0.2326,
    "ndcg@5": 0.0544,
    "ndcg@10": 0.0746,
    "ndcg@20": 0.095,
    "mrr@5": 0.0433,
    "mrr@10": 0.0515,
    "mrr@20": 0.057
  },
  "best_valid_special_metrics": {
    "split": "best_valid",
    "overall": {
      "count": 2166,
      "hit@20": 0.22945521698984303,
      "ndcg@20": 0.09590344712317045,
      "mrr@20": 0.05924390431490081
    },
    "slices": {
      "target_popularity_abs": {
        "rare_1_5": {
          "count": 1940,
          "hit@20": 0.2134020618556701,
          "ndcg@20": 0.08607003532119634,