{
  "split": "best_valid",
  "feature_mode": "runtime:unknown|ablation:none",
  "stages": [
    {
      "stage": "macro@1",
      "n_eff": 9.300207993643989,
      "cv_usage": 0.5387893525942196,
      "top1_max_frac": 0.819613270000374,
      "entropy_mean": 2.3114603592400047,
      "route_jitter_adjacent": 0.0,
      "route_consistency_knn_js": 0.00472389748860305,
      "route_consistency_knn_score": 0.9952872425667421,
      "route_consistency_group_knn_js": 0.0012379965464637498,
      "route_consistency_group_knn_score": 0.9987627694551258,
      "route_consistency_intra_group_knn_mean_js": 0.0033080767276935084,
      "route_consistency_intra_group_knn_mean_score": 0.9966982827158974,
      "route_consistency_feature_group_knn_mean_score": 0.9883169607105843,
      "family_top_expert_mean_share": 0.18426313996315002,
      "route_consistency_feature_group_knn_tempo_js": 0.009991615559244606,
      "route_consistency_feature_group_knn_tempo_score": 0.9900581347981438,
      "route_consistency_feature_group_knn_focus_js": 0.01304829464738251,
      "route_consistency_feature_group_knn_focus_score": 0.9870364652911555,
      "route_consistency_feature_group_knn_memory_js": 0.01451782636487099,
      "route_consistency_feature_group_knn_memory_score": 0.9855870491414318,
      "route_consistency_feature_group_knn_exposure_js": 0.009458396325080045,
      "route_consistency_feature_group_knn_exposure_score": 0.9905861936116057
    }
  ]
}
