stage_name,stage_key,split,aggregation_level,node_kind,node_name,route_space,support_size,wrapper_name,source_type,temperature,top_k,entropy_norm,n_eff_norm,top1_monopoly_norm,jitter_adj_norm,knn_consistency_score,knn_consistency_js,n_eff,cv_usage,top1_max_frac,entropy_mean
macro,macro@1,best_valid,session,final,final.expert,expert,16,FlatJointWrapper,,,,0.7898849414120863,0.9849765562511419,0.035597342723345554,0.6896110768145339,0.9215394083221563,0.08170973738010083,15.75962490001827,0.12350068259231059,0.09587250880313646,2.190026080426181
macro,macro@1,best_valid,session,final,final.group,group,4,FlatJointWrapper,,,,0.8802734057835424,0.9959734150887347,0.03413559855277648,0.0,0.9758613320486818,0.02443478048202756,3.983893660354939,0.06358254700899124,0.27560169891458236,1.220318058681526
macro,macro@1,best_valid,session,final,final.intra.Exposure,intra,4,FlatJointWrapper,,,,0.7695624839546176,0.9990929255817853,0.035684466548081474,0.0,0.9588948466286533,0.04197385909009406,3.9963717023271412,0.03013307973742485,0.2767633499110611,1.0668401320357026
macro,macro@1,best_valid,session,final,final.intra.Focus,intra,4,FlatJointWrapper,,,,0.7732703181781198,0.9984762081602969,0.022761099212255404,0.0,0.9505317412270797,0.0507337233691667,3.9939048326411877,0.039065416902303696,0.26707082440919155,1.071980281711711
macro,macro@1,best_valid,session,final,final.intra.Memory,intra,4,FlatJointWrapper,,,,0.707711101752341,0.9745404087800795,0.10368945196694135,0.0,0.9445314823658333,0.05706626028710015,3.898161635120318,0.16163157890031213,0.327767088975206,0.9810959096612154
macro,macro@1,best_valid,session,final,final.intra.Tempo,intra,4,FlatJointWrapper,,,,0.7384528255210111,0.9923842278655679,0.05131835287569123,0.0,0.9477856907734841,0.05362686686849761,3.9695369114622716,0.08760268018261672,0.2884887646567684,1.0237129879728282
