stage_name,stage_key,split,aggregation_level,node_kind,node_name,route_space,support_size,wrapper_name,source_type,temperature,top_k,entropy_norm,n_eff_norm,top1_monopoly_norm,jitter_adj_norm,knn_consistency_score,knn_consistency_js,n_eff,cv_usage,top1_max_frac,entropy_mean
macro,macro@1,best_valid,session,final,final.expert,expert,12,ScalarGroupConditionalProductWrapper,,,,0.9459469779963657,0.8834865446842173,0.41353776461364233,0.0,0.9923642633496307,0.0076650381417473325,10.601838536210607,0.3631517310666637,0.4624096175625054,2.3505899359700324
macro,macro@1,best_valid,session,final,final.group,group,4,ScalarGroupConditionalProductWrapper,,,,0.9188140243230039,0.8842000124588539,0.7038069518250718,0.0,0.9951043296854203,0.004907693365139712,3.5368000498354157,0.3618919551372528,0.7778552138688039,1.2737467008368542
macro,macro@1,best_valid,session,final,final.intra.Exposure,intra,3,ScalarGroupConditionalProductWrapper,,,,0.9953694479923098,0.9994641732867583,0.29802247582542035,0.0,0.9995938258448267,0.00040625666623878004,2.9983925198602748,0.02315305383792359,0.5320149838836136,1.0935251073291445
macro,macro@1,best_valid,session,final,final.intra.Focus,intra,3,ScalarGroupConditionalProductWrapper,,,,0.9912994471694191,0.9995626932282272,0.41340709121003566,0.0,0.9993058233028281,0.0006944177493769896,2.9986880796846815,0.02091608599823457,0.6089380608066904,1.0890537544102274
macro,macro@1,best_valid,session,final,final.intra.Memory,intra,3,ScalarGroupConditionalProductWrapper,,,,0.9677189425778023,0.9999884368326221,0.2338618346545866,0.0,0.9943826258693282,0.005633210911997048,2.999965310497866,0.003391729333870729,0.48924122310305773,1.0631479222928826
macro,macro@1,best_valid,session,final,final.intra.Tempo,intra,3,ScalarGroupConditionalProductWrapper,,,,0.9412409189209441,0.9958707540589136,0.2814269535673839,0.0,0.9927060223429548,0.0073207087755137405,2.9876122621767407,0.06439211400174755,0.5209513023782559,1.034058840123813
