stage_name,stage_key,split,aggregation_level,node_kind,node_name,route_space,support_size,wrapper_name,source_type,temperature,top_k,entropy_norm,n_eff_norm,top1_monopoly_norm,jitter_adj_norm,knn_consistency_score,knn_consistency_js,n_eff,cv_usage,top1_max_frac,entropy_mean
macro,macro@1,best_valid,session,final,final.expert,expert,12,ScalarGroupConditionalProductWrapper,,,,0.7524458531963543,0.7943877185272012,0.33581632171986237,0.0,0.9834869277416759,0.016650932810573164,9.532652622326415,0.5087545064462868,0.39116496157654046,1.8697577042130262
macro,macro@1,best_valid,session,final,final.group,group,4,ScalarGroupConditionalProductWrapper,,,,0.9794957863295332,0.9972168397126968,0.23322804205365144,0.0,0.9986700883321644,0.0013307967851966195,3.9888673588507872,0.05282989889383316,0.4249210315402386,1.357869485329325
macro,macro@1,best_valid,session,final,final.intra.Exposure,intra,3,ScalarGroupConditionalProductWrapper,,,,0.47014780672468476,0.6177294425532086,0.40264485408514444,0.0,0.9976356862831143,0.0023671131198767193,1.8531883276596257,0.7866585318249901,0.601763236056763,0.5165101579580981
macro,macro@1,best_valid,session,final,final.intra.Focus,intra,3,ScalarGroupConditionalProductWrapper,,,,0.5334805054767351,0.6934600781987382,0.525764933289331,0.0,0.9638444735257201,0.03682533190429238,2.080380234596215,0.6648640285472861,0.683843288859554,0.586088239081616
macro,macro@1,best_valid,session,final,final.intra.Memory,intra,3,ScalarGroupConditionalProductWrapper,,,,0.36906168790528326,0.9800126318771626,0.11814624487294333,0.0,0.9947342060547768,0.0052797071021984535,2.940037895631488,0.14281125313606105,0.4120974965819622,0.4054557056093389
macro,macro@1,best_valid,session,final,final.intra.Tempo,intra,3,ScalarGroupConditionalProductWrapper,,,,0.5110054210008863,0.9203354263193124,0.2634717835085568,0.0,0.9836440146564978,0.01649122110885571,2.7610062789579373,0.2942116137869128,0.5089811890057045,0.5613968350875946
