stage_name,stage_key,split,aggregation_level,node_kind,node_name,route_space,support_size,wrapper_name,source_type,temperature,top_k,entropy_norm,n_eff_norm,top1_monopoly_norm,jitter_adj_norm,knn_consistency_score,knn_consistency_js,n_eff,cv_usage,top1_max_frac,entropy_mean
macro,macro@1,best_valid,session,final,final.expert,expert,12,ScalarGroupConditionalProductWrapper,,,,0.9685783332653012,0.9918557084604877,0.7612719119445577,0.0,0.9968753055673857,0.0031295864836974716,11.902268501525851,0.09061500346317877,0.7811659192825112,2.4068267411715247
macro,macro@1,best_valid,session,final,final.group,group,4,ScalarGroupConditionalProductWrapper,,,,0.9664049117282943,0.9937146300606267,0.708221225710015,0.0,0.9986132561700651,0.0013877062490151363,3.9748585202425066,0.07953153753656596,0.7811659192825112,1.3397216796875
macro,macro@1,best_valid,session,final,final.intra.Exposure,intra,3,ScalarGroupConditionalProductWrapper,,,,0.9871655266856881,0.9941242720519932,0.6717488789237668,0.0,0.9995782083343037,0.00042188064482227063,2.9823728161559795,0.0768797132557716,0.7811659192825112,1.0845121785664238
macro,macro@1,best_valid,session,final,final.intra.Focus,intra,3,ScalarGroupConditionalProductWrapper,,,,0.9258249687097222,0.9854206087462134,0.7369955156950673,0.0,0.9950174560703495,0.004994998188138758,2.95626182623864,0.12163553739401921,0.8246636771300448,1.017122687780269
macro,macro@1,best_valid,session,final,final.intra.Memory,intra,3,ScalarGroupConditionalProductWrapper,,,,0.9967333187772474,0.9997368253654703,0.6717488789237668,0.0,0.9999621310500801,3.786966696662723e-05,2.999210476096411,0.016225732379384863,0.7811659192825112,1.0950234725336323
macro,macro@1,best_valid,session,final,final.intra.Tempo,intra,3,ScalarGroupConditionalProductWrapper,,,,0.9843253141850211,0.9986739480768855,0.8136771300448429,0.0,0.998788605840236,0.0012121284907718874,2.9960218442306563,0.0364386577475471,0.8757847533632287,1.0813918862107623
