{
  "split": "best_valid",
  "feature_mode": "none",
  "stages": [
    {
      "stage": "macro@1",
      "n_eff": 11.897991127327591,
      "cv_usage": 0.0925934901805672,
      "top1_max_frac": 0.4067832667264356,
      "entropy_mean": 2.456024192644623,
      "route_jitter_adjacent": 0.0,
      "route_consistency_knn_js": 0.0006608623590498332,
      "route_consistency_knn_score": 0.9993393559623829,
      "route_consistency_group_knn_js": 0.0005779730881883505,
      "route_consistency_group_knn_score": 0.9994221939060827,
      "route_consistency_intra_group_knn_mean_js": 8.102170392578723e-05,
      "route_consistency_intra_group_knn_mean_score": 0.9999189823021162,
      "route_consistency_feature_group_knn_mean_score": 0.9959015540266902,
      "family_top_expert_mean_share": 0.09583348780870438,
      "route_consistency_feature_group_knn_tempo_js": 0.005600831022054508,
      "route_consistency_feature_group_knn_tempo_score": 0.9944148243906041,
      "route_consistency_feature_group_knn_focus_js": 0.0027629077451000617,
      "route_consistency_feature_group_knn_focus_score": 0.9972409055717479,
      "route_consistency_feature_group_knn_memory_js": 0.003676116351296447,
      "route_consistency_feature_group_knn_memory_score": 0.9963306322922854,
      "route_consistency_feature_group_knn_exposure_js": 0.004389767092388988,
      "route_consistency_feature_group_knn_exposure_score": 0.9956198538521235
    }
  ]
}
