stage_name,stage_key,split,aggregation_level,node_kind,node_name,route_space,support_size,wrapper_name,source_type,temperature,top_k,entropy_norm,n_eff_norm,top1_monopoly_norm,jitter_adj_norm,knn_consistency_score,knn_consistency_js,n_eff,cv_usage,top1_max_frac,entropy_mean
macro,macro@1,best_valid,session,final,final.expert,expert,12,FlatJointWrapper,,,,0.6734875902763489,0.6984151525288125,0.17573472710136234,0.5183218085565001,0.8868254933374283,0.12010705409180773,8.38098183034575,0.6571249169968093,0.24442349984291548,1.6735537916273955
macro,macro@1,best_valid,session,final,final.group,group,4,FlatJointWrapper,,,,0.8312333398125488,0.9348794652359932,0.2983390930987538,0.0,0.9579007026634397,0.04301115704784577,3.7395178609439728,0.26392537355422974,0.47375431982406535,1.1523340917569902
macro,macro@1,best_valid,session,final,final.intra.Exposure,intra,3,FlatJointWrapper,,,,0.47866794676664914,0.7019508644068214,0.5402308264140008,0.0,0.9378153493231974,0.06420220508674412,2.1058525932204644,0.6516141846294944,0.6934872176093339,0.5258704885093733
macro,macro@1,best_valid,session,final,final.intra.Focus,intra,3,FlatJointWrapper,,,,0.19561124992922924,0.8801710564219789,0.22468273341515055,0.0,0.8097576120351271,0.2110203204992703,2.6405131692659367,0.3689753899283591,0.48312182227676703,0.21490092297398017
macro,macro@1,best_valid,session,final,final.intra.Memory,intra,3,FlatJointWrapper,,,,0.2922693460898032,0.6495318220037037,0.5269291807181115,0.0,0.8524823228340045,0.15960280571803948,1.9485954660111113,0.7345544774963118,0.6846194538120743,0.3210906952152506
macro,macro@1,best_valid,session,final,final.intra.Tempo,intra,3,FlatJointWrapper,,,,0.33557470914868254,0.5571194680944044,0.6288127905658237,0.0,0.9468621002433172,0.054601813882611434,1.671358404283213,0.8915981682658741,0.7525418603772158,0.3686664992369694
