best_mrr20,epoch,epoch_time_sec,eval,lr,patience_used,train_loss,trial,valid_mrr20
0.0036,1,2.8877766132354736,1,0.0005672,0,80.34121799468994,1,0.0036
0.0085,3,1.9466578960418701,1,0.0005672,0,72.74084091186523,1,0.0085
0.0537,10,1.9224140644073486,1,0.0005672,0,53.594154357910156,1,0.0537
0.083,19,2.010648727416992,1,0.0005672,0,39.62737703323364,1,0.083
0.083,29,1.8430516719818115,1,0.0005672,10,28.088639497756958,1,0.0777
