cv_usage,entropy_mean,family_top_expert_mean_share,n_eff,route_consistency_feature_group_knn_exposure_js,route_consistency_feature_group_knn_exposure_score,route_consistency_feature_group_knn_focus_js,route_consistency_feature_group_knn_focus_score,route_consistency_feature_group_knn_mean_score,route_consistency_feature_group_knn_memory_js,route_consistency_feature_group_knn_memory_score,route_consistency_feature_group_knn_tempo_js,route_consistency_feature_group_knn_tempo_score,route_consistency_group_knn_js,route_consistency_group_knn_score,route_consistency_intra_group_knn_mean_js,route_consistency_intra_group_knn_mean_score,route_consistency_knn_js,route_consistency_knn_score,route_jitter_adjacent,stage,top1_max_frac
0.11737500526383504,0.7752589049586575,0.09750639647245407,2.9592308885612657,0.0,0.0,0.0,0.0,1.0,0.0,0.0,0.0,1.0,5.033595572949574e-10,0.9999999994966404,0.032256138525295346,0.9682585419991913,0.03225613857559197,0.9682585419504911,0.0,macro@1,0.49258446372998455
0.12963086725381412,0.9068579430220799,0.1017727479338646,2.950420922412772,0.0,0.0,0.0,0.0,1.0,0.0,0.0,0.0,1.0,-1.3458275362826849e-10,1.0000000001345828,0.01197792328043418,0.9880935264848321,0.011977923582213933,0.9880935261866455,0.48336735566991407,micro@1,0.4200242970957587
0.4142070438204097,0.5386148004302471,0.13890179991722107,2.5606720513806724,0.0,0.0,0.0,0.0,1.0,0.0,0.0,0.0,1.0,1.326574106557084e-09,0.9999999986734259,0.02239805786589908,0.9778509163217409,0.02239805867064509,0.9778509155348193,0.0,mid@1,0.6330109381676947
