best_mrr20,epoch,epoch_time_sec,eval,lr,patience_used,train_loss,trial,valid_mrr20
0.0067,1,2.9775619506835938,1,0.0005672,0,80.68008422851562,1,0.0067
0.0092,3,2.007073163986206,1,0.0005672,0,74.31192970275879,1,0.0092
0.0488,10,2.0598390102386475,1,0.0005672,0,58.12849140167236,1,0.0488
0.0929,42,2.1277453899383545,1,0.0005672,0,26.738497495651245,1,0.0929
0.0929,52,1.8737661838531494,1,0.0005672,10,21.028287649154663,1,0.0904
