best_mrr20,epoch,epoch_time_sec,eval,lr,patience_used,train_loss,trial,valid_mrr20
0.0131,1,18.582252740859985,1,0.0005476,0,687.875874042511,1,0.0131
0.0167,3,18.41780924797058,1,0.0005476,0,586.5889325141907,1,0.0167
0.0183,10,17.70385241508484,1,0.0005476,0,491.9500722885132,1,0.0183
0.0188,14,17.870096921920776,1,0.0005476,0,459.0294327735901,1,0.0188
0.0188,24,17.688817024230957,1,0.0005476,10,391.11324071884155,1,0.0173
