{
  "split": "best_valid",
  "feature_mode": "none",
  "stage_metrics": {
    "macro@1": {
      "mode": "moe",
      "n_slots": 4,
      "expert_names": [
        "Tempo",
        "Focus",
        "Memory",
        "Exposure"
      ],
      "family_names": [
        "Tempo",
        "Focus",
        "Memory",
        "Exposure"
      ],
      "usage_sum": [
        666.6646118164062,
        599.234130859375,
        986.4464721679688,
        1090.65478515625
      ],
      "top1_count": [
        711.0,
        460.0,
        928.0,
        1244.0
      ],
      "entropy_mean": 1.1789015468422823,
      "route_jitter_adjacent": 0.5703240058910162,
      "route_jitter_session": 0.3968285613022458,
      "route_consistency_knn_js": 0.019507026368160946,
      "route_consistency_knn_score": 0.9806820045316454,
      "route_consistency_group_knn_js": 0.019507026368160946,
      "route_consistency_group_knn_score": 0.9806820045316454,
      "route_consistency_intra_group_knn": {
        "group_names": [
          "Tempo",
          "Focus",
          "Memory",
          "Exposure"
        ],
        "js_by_group": [
          0.0,
          0.0,
          0.0,
          0.0
        ],
        "score_by_group": [
          1.0,
          1.0,
          1.0,
          1.0
        ],
        "mean_js": 0.0,
        "mean_score": 1.0
      },
      "route_consistency_feature_group_knn": {
        "group_names": [
          "Tempo",
          "Focus",
          "Memory",
          "Exposure"
        ],
        "js_by_group": [
          0.0266442428175152,
          0.028990853536262087,
          0.02983278825142357,
          0.025936497835831587
        ],
        "score_by_group": [
          0.9737075833803099,
          0.9714253495327049,
          0.9706078170105437,
          0.9743969639601215
        ],
        "mean_js": 0.02785109561025811,
        "mean_score": 0.97253442847092
      },
      "condition_norm": 0.0,
      "stage_delta_norm": 5.111153060207337,
      "shared_delta_norm": 7.463156648724083,
      "moe_delta_norm": 5.111153060207337,
      "residual_delta_norm": 5.111153060207337,
      "alpha_value": 1.0,
      "alpha_effective": 1.0,
      "usage_share": [
        0.19942106306552887,
        0.17925041913986206,
        0.29507821798324585,
        0.3262503147125244
      ],
      "n_eff": 3.767757154480546,
      "cv_usage": 0.24827314913272858,
      "dead_expert_frac": 0.0,
      "top1_max_frac": 0.3721208495363446,
      "wrapper_name": "FlatJointWrapper",
      "feature_family_expert_heatmap": {
        "family_names": [
          "Tempo",
          "Focus",
          "Memory",
          "Exposure"
        ],
        "values": [
          [
            256.80206298828125,
            235.96176147460938,
            438.7595520019531,
            482.1581115722656
          ],
          [
            340.23712158203125,
            308.3893127441406,
            533.0301513671875,
            586.8671875
          ],
          [
            322.4508361816406,
            285.4937438964844,
            422.2965087890625,
            472.17889404296875
          ],
          [
            327.0263366699219,
            292.0771179199219,
            474.3055419921875,
            526.158447265625
          ]
        ]
      },
      "position_expert_usage": {
        "values": [
          [
            294.0,
            50.0,
            83.0,
            200.0
          ],
          [
            165.0,
            127.0,
            125.0,
            202.0
          ],
          [
            122.0,
            135.0,
            140.0,
            203.0
          ],
          [
            56.0,
            57.0,
            256.0,
            173.0
          ],
          [
            55.0,
            42.0,
            92.0,
            133.0
          ],
          [
            7.0,
            32.0,
            116.0,
            58.0
          ],
          [
            8.0,
            8.0,
            25.0,
            113.0
          ],
          [
            3.0,
            4.0,
            10.0,
            95.0
          ],
          [
            1.0,
            3.0,
            42.0,
            39.0
          ],
          [
            0.0,
            2.0,
            39.0,
            28.0
          ]
        ]
      },
      "route_transition_matrix": {
        "values": [
          [
            227.0,
            149.0,
            110.0,
            167.0
          ],
          [
            62.0,
            135.0,
            93.0,
            101.0
          ],
          [
            48.0,
            51.0,
            301.0,
            272.0
          ],
          [
            80.0,
            75.0,
            341.0,
            504.0
          ]
        ]
      },
      "group_routing": {
        "group_names": [
          "Tempo",
          "Focus",
          "Memory",
          "Exposure"
        ],
        "group_share": [
          0.19942106306552887,
          0.17925041913986206,
          0.29507821798324585,
          0.3262503147125244
        ],
        "group_n_eff": 3.767757154480546,
        "group_cv_usage": 0.24827314143476106,
        "group_top1_max_frac": 0.3721208495363446,
        "group_entropy_mean": 1.1789015468422823,
        "group_prior_mean": [
          0.0,
          0.0,
          0.0,
          0.0
        ],
        "factored_group_entropy_mean": 0.0
      },
      "specialization_summary": {
        "mean_top_expert_share": 0.32801511883735657,
        "family_top_expert": [
          {
            "family": "Tempo",
            "expert": "Exposure",
            "top_share": 0.34106558561325073
          },
          {
            "family": "Focus",
            "expert": "Exposure",
            "top_share": 0.3318401277065277
          },
          {
            "family": "Memory",
            "expert": "Exposure",
            "top_share": 0.31427890062332153
          },
          {
            "family": "Exposure",
            "expert": "Exposure",
            "top_share": 0.32487592101097107
          }
        ]
      },
      "expert_similarity_mean": 0.24240581691265106,
      "expert_similarity_max": 0.4377284049987793
    }
  },
  "scalar_metrics": {
    "macro_1.entropy_mean": 1.1789015468422823,
    "macro_1.n_eff": 3.767757154480546,
    "macro_1.cv_usage": 0.24827314913272858,
    "macro_1.dead_expert_frac": 0.0,
    "macro_1.top1_max_frac": 0.3721208495363446,
    "macro_1.route_jitter_adjacent": 0.5703240058910162,
    "macro_1.route_jitter_session": 0.3968285613022458,
    "macro_1.route_consistency_knn_js": 0.019507026368160946,
    "macro_1.route_consistency_knn_score": 0.9806820045316454,
    "macro_1.route_consistency_group_knn_js": 0.019507026368160946,
    "macro_1.route_consistency_group_knn_score": 0.9806820045316454,
    "macro_1.route_consistency_intra_group_knn_mean_js": 0.0,
    "macro_1.route_consistency_intra_group_knn_mean_score": 1.0,
    "macro_1.route_consistency_feature_group_knn_mean_js": 0.02785109561025811,
    "macro_1.route_consistency_feature_group_knn_mean_score": 0.97253442847092,
    "macro_1.route_consistency_feature_group_knn_tempo_js": 0.0266442428175152,
    "macro_1.route_consistency_feature_group_knn_tempo_score": 0.9737075833803099,
    "macro_1.route_consistency_feature_group_knn_focus_js": 0.028990853536262087,
    "macro_1.route_consistency_feature_group_knn_focus_score": 0.9714253495327049,
    "macro_1.route_consistency_feature_group_knn_memory_js": 0.02983278825142357,
    "macro_1.route_consistency_feature_group_knn_memory_score": 0.9706078170105437,
    "macro_1.route_consistency_feature_group_knn_exposure_js": 0.025936497835831587,
    "macro_1.route_consistency_feature_group_knn_exposure_score": 0.9743969639601215,
    "macro_1.condition_norm": 0.0,
    "macro_1.stage_delta_norm": 5.111153060207337,
    "macro_1.shared_delta_norm": 7.463156648724083,