stage_name,stage_key,split,aggregation_level,node_kind,node_name,route_space,support_size,wrapper_name,source_type,temperature,top_k,entropy_norm,n_eff_norm,top1_monopoly_norm,jitter_adj_norm,knn_consistency_score,knn_consistency_js,n_eff,cv_usage,top1_max_frac,entropy_mean
macro,macro@1,best_valid,session,final,final.expert,expert,16,FlatJointWrapper,,,,0.9384143155841965,0.9849241676273912,0.06686412869878329,0.7272842962585899,0.9611149652763874,0.03966124628631162,15.75878668203826,0.1237196996808052,0.12518512065510934,2.601836948177106
macro,macro@1,best_valid,session,final,final.group,group,4,FlatJointWrapper,,,,0.974293672950994,0.9968394115176041,0.054969945117170495,0.0,0.991953857303007,0.008078687594628934,3.9873576460704165,0.05630785599350929,0.2912274588378779,1.3506578248867498
macro,macro@1,best_valid,session,final,final.intra.Exposure,intra,4,FlatJointWrapper,,,,0.8972683739074852,0.9936209373970606,0.04393530214594765,0.0,0.966326148983138,0.03425387340630987,3.9744837495882424,0.08012469857931137,0.28295147660946074,1.2438780871591602
macro,macro@1,best_valid,session,final,final.intra.Focus,intra,4,FlatJointWrapper,,,,0.9087439677807194,0.9872616232568233,0.08795771989429972,0.0,0.9695574122048226,0.030915587687815004,3.9490464930272933,0.11359049379825592,0.3159682899207248,1.259786638236127
macro,macro@1,best_valid,session,final,final.intra.Memory,intra,4,FlatJointWrapper,,,,0.9204933233948828,0.9845790971214299,0.1238493480849087,0.0,0.9762750566912779,0.02401091189254091,3.9383163884857195,0.12514938414096832,0.3428870110636815,1.2760747036708338
macro,macro@1,best_valid,session,final,final.intra.Tempo,intra,4,FlatJointWrapper,,,,0.9141430451636361,0.9978717656422728,0.02488602375352089,0.0,0.9684183223195988,0.03209113389936741,3.991487062569091,0.04618174582719803,0.26866451781514067,1.2672713487673142
