best_mrr20,epoch,epoch_time_sec,eval,lr,patience_used,train_loss,trial,valid_mrr20
0.0112,1,17.52969765663147,1,0.0002738,0,706.3654608726501,1,0.0112
0.0141,3,16.182941198349,1,0.0002738,0,630.0670108795166,1,0.0141
0.0173,10,16.982576608657837,1,0.0002738,0,533.3833146095276,1,0.0173
0.0186,28,17.555456161499023,1,0.0002738,0,439.01111221313477,1,0.0186
0.0186,38,17.406641960144043,1,0.0002738,10,399.93986320495605,1,0.0182
