stage_name,stage_key,split,aggregation_level,node_kind,node_name,route_space,support_size,wrapper_name,source_type,temperature,top_k,entropy_norm,n_eff_norm,top1_monopoly_norm,jitter_adj_norm,knn_consistency_score,knn_consistency_js,n_eff,cv_usage,top1_max_frac,entropy_mean
mid,mid@1,best_valid,session,final,final.expert,expert,16,FlatJointWrapper,,,,0.8736654908443174,0.9741300585364675,0.05589917820948398,0.7126495291422754,0.9298477571673177,0.07273440820609163,15.58608093658348,0.1629633851625553,0.11490547957139123,2.422315086925037
mid,mid@1,best_valid,session,final,final.group,group,4,FlatJointWrapper,,,,0.9216270934382951,0.9877433560587328,0.1720533147486715,0.0,0.9787882588985629,0.021439942889567798,3.950973424234931,0.11139413714408875,0.37903998606150363,1.277646442688823
mid,mid@1,best_valid,session,final,final.intra.Exposure,intra,4,FlatJointWrapper,,,,0.8353805158481954,0.9948684023735166,0.07936231379039989,0.0,0.9506672299653605,0.05059119358605293,3.9794736094940664,0.07182026654481888,0.3095217353427999,1.1580832985097786
mid,mid@1,best_valid,session,final,final.intra.Focus,intra,4,FlatJointWrapper,,,,0.865436652305416,0.9983944486246173,0.02105293724772772,0.0,0.9605229475980192,0.04027740575436958,3.9935777944984694,0.04010174050927162,0.2657897029357958,1.1997499509974736
mid,mid@1,best_valid,session,final,final.intra.Memory,intra,4,FlatJointWrapper,,,,0.8528072824870561,0.9797121550832198,0.1689171530621134,0.0,0.9526741481059997,0.04848235603591679,3.9188486203328794,0.1439029362143836,0.37668786479658506,1.1822419268337834
mid,mid@1,best_valid,session,final,final.intra.Tempo,intra,4,FlatJointWrapper,,,,0.847785801157028,0.9950912154215148,0.03708220809013563,0.0,0.9489159208537963,0.05243508192229356,3.980364861686059,0.07023534923791885,0.2778116560676017,1.1752806755814966
