stage_name,stage_key,split,aggregation_level,node_kind,node_name,route_space,support_size,wrapper_name,source_type,temperature,top_k,entropy_norm,n_eff_norm,top1_monopoly_norm,jitter_adj_norm,knn_consistency_score,knn_consistency_js,n_eff,cv_usage,top1_max_frac,entropy_mean
micro,micro@1,best_valid,token,primitive,primitive.a_joint,expert,16,FlatJointWrapper,both,1.0,,0.7134994691895222,0.5576151965584049,0.2735963280971788,0.0,0.9399708098733187,0.06190645752650869,8.921843144934478,0.8907026648521423,0.3189965575911051,1.9782405815989397
micro,micro@1,best_valid,token,wrapper,wrapper.group,group,4,FlatJointWrapper,,,,0.7139298880936324,0.6843484663889986,0.6745934396391405,0.0,0.9858377549168365,0.014263486685021054,2.7373938655559944,0.6791494488716125,0.7559450797293554,0.9897169780991572
micro,micro@1,best_valid,token,wrapper,wrapper.intra.Exposure,intra,4,FlatJointWrapper,,,,0.7932846176169687,0.8067850436279613,0.56153470765903,0.0,0.9811786148008121,0.01900076177945373,3.2271401745118453,0.4893745183944702,0.6711510307442725,1.0997259921655522
micro,micro@1,best_valid,token,wrapper,wrapper.intra.Focus,intra,4,FlatJointWrapper,,,,0.7018587311152793,0.829026719250902,0.3041322096044527,0.0,0.9613486801972011,0.03941810522872607,3.316106877003608,0.454129695892334,0.4780991572033395,0.9729828012478732
micro,micro@1,best_valid,token,wrapper,wrapper.intra.Memory,intra,4,FlatJointWrapper,,,,0.7075232468107137,0.9266276335945995,0.16648861103417353,0.0,0.9456013579401783,0.055934196269386116,3.706510534378398,0.2813931405544281,0.37486645827563014,0.980835487414929
micro,micro@1,best_valid,token,wrapper,wrapper.intra.Tempo,intra,4,FlatJointWrapper,,,,0.7957192355161017,0.7891443136668327,0.6191983539745974,0.0,0.9753128046536549,0.02499703415191729,3.1565772546673307,0.5169094800949097,0.714398765480948,1.103101089230602
