{
  "split": "best_valid",
  "feature_mode": "none",
  "stages": [
    {
      "stage": "macro@1",
      "n_eff": 11.991839478532887,
      "cv_usage": 0.02608406046520943,
      "top1_max_frac": 0.9279187817258884,
      "entropy_mean": 2.4842312420685277,
      "route_jitter_adjacent": 0.0,
      "route_consistency_knn_js": 6.825205317772596e-05,
      "route_consistency_knn_score": 0.9999317502759406,
      "route_consistency_group_knn_js": 4.658802305307009e-05,
      "route_consistency_group_knn_score": 0.999953413062152,
      "route_consistency_intra_group_knn_mean_js": 2.1730211204890393e-05,
      "route_consistency_intra_group_knn_mean_score": 0.9999782700414117,
      "route_consistency_feature_group_knn_mean_score": 0.9999370640813233,
      "family_top_expert_mean_share": 0.0862138420343399,
      "route_consistency_feature_group_knn_tempo_js": 5.498987960472571e-05,
      "route_consistency_feature_group_knn_tempo_score": 0.999945011632311,
      "route_consistency_feature_group_knn_focus_js": 5.6664933310409566e-05,
      "route_consistency_feature_group_knn_focus_score": 0.9999433366721165,
      "route_consistency_feature_group_knn_memory_js": 7.27960213491347e-05,
      "route_consistency_feature_group_knn_memory_score": 0.9999272066282169,
      "route_consistency_feature_group_knn_exposure_js": 6.730087200361016e-05,
      "route_consistency_feature_group_knn_exposure_score": 0.9999327013926492
    }
  ]
}
