best_mrr20,epoch,epoch_time_sec,eval,lr,patience_used,train_loss,trial,valid_mrr20
0.3007,1,46.91657018661499,1,0.00056966,0,2170.370439052582,1,0.3007
0.3545,3,46.8619863986969,1,0.00056966,0,1194.8940324783325,1,0.3545
0.3753,7,45.06746196746826,1,0.00056966,0,790.4765062332153,1,0.3753
0.3753,10,43.89019513130188,1,0.00056966,3,694.3306219577789,1,0.3689
0.3753,17,44.26363158226013,1,0.00056966,10,508.166676402092,1,0.3413
