stage_name,stage_key,split,aggregation_level,node_kind,node_name,route_space,support_size,wrapper_name,source_type,temperature,top_k,entropy_norm,n_eff_norm,top1_monopoly_norm,jitter_adj_norm,knn_consistency_score,knn_consistency_js,n_eff,cv_usage,top1_max_frac,entropy_mean
mid,mid@1,best_valid,session,final,final.expert,expert,20,FlatJointWrapper,,,,0.5151723796681764,0.25317753942577864,0.5158552813799624,0.5968586387434555,0.9276963491412016,0.07505080971795514,5.063550788515573,1.717497510760874,0.5400625173109642,1.543318524215566
mid,mid@1,best_valid,session,final,final.group,group,4,FlatJointWrapper,,,,0.6808722138891719,0.6875811822637568,0.6090689668816524,0.0,0.973946670528309,0.026398729889622483,2.750324729055027,0.6740723848342896,0.7068017251612393,0.943889310757775
mid,mid@1,best_valid,session,final,final.intra.Exposure,intra,5,FlatJointWrapper,,,,0.4999431696102655,0.5604516225854386,0.3262572706049935,0.0,0.9545810393163393,0.04648273704596403,2.802258112927193,0.8855930583835683,0.4610058164839948,0.8046274912332331
mid,mid@1,best_valid,session,final,final.intra.Focus,intra,5,FlatJointWrapper,,,,0.49343093618145056,0.5346428627196167,0.47354884659518054,0.0,0.9600947904309722,0.04072325936246852,2.6732143135980837,0.9329563240266394,0.5788390772761445,0.7941464558582776
mid,mid@1,best_valid,session,final,final.intra.Memory,intra,5,FlatJointWrapper,,,,0.4107578789704458,0.4477136164150829,0.6245993748268902,0.0,0.9523001490977201,0.04887501121623477,2.2385680820754144,1.1106622798642176,0.6996794998615122,0.6610893032460531
mid,mid@1,best_valid,session,final,final.intra.Tempo,intra,5,FlatJointWrapper,,,,0.39299119760532825,0.4054049838412177,0.6928045740513591,0.0,0.9604791504650622,0.040323003968977186,2.0270249192060885,1.2110612360974962,0.7542436592410873,0.6324949326788964
