avg_epoch_time_sec,early_stopped,epochs_run,mrr@20,status,test_hr@10,test_inference_time_sec,test_mrr@20,trial
1.733172098795573,True,24,0.0284,ok,0.0344,0.030422449111938477,0.0162,1
1.7154268026351929,True,26,0.019,ok,0.0143,0.029700040817260742,0.0123,2
1.7028421316391382,True,39,0.0136,ok,0.0172,0.031800031661987305,0.0088,3
1.6887577056884766,True,15,0.0131,ok,0.0143,0.029755592346191406,0.0043,4
1.7051441669464111,True,42,0.0129,ok,0.0115,0.029327392578125,0.0061,5
1.7050098650383227,True,33,0.0227,ok,0.0315,0.029857158660888672,0.0211,6
1.7120308717091879,True,15,0.0129,ok,0.0201,0.031038999557495117,0.0069,7
1.7146538676637593,True,33,0.0206,ok,0.0315,0.031191587448120117,0.0256,8
