{
  "split": "best_valid",
  "feature_mode": "none",
  "stages": [
    {
      "stage": "macro@1",
      "n_eff": 11.49412130228492,
      "cv_usage": 0.20979030935706552,
      "top1_max_frac": 0.42550121149883546,
      "entropy_mean": 2.270448871400182,
      "route_jitter_adjacent": 0.0,
      "route_consistency_knn_js": 0.006658765624755357,
      "route_consistency_knn_score": 0.9933633548295281,
      "route_consistency_group_knn_js": 0.0021256894654384188,
      "route_consistency_group_knn_score": 0.9978765682124227,
      "route_consistency_intra_group_knn_mean_js": 0.0044991631188741445,
      "route_consistency_intra_group_knn_mean_score": 0.9955126343328403,
      "route_consistency_feature_group_knn_mean_score": 0.9806822789472658,
      "family_top_expert_mean_share": 0.1411108374595642,
      "route_consistency_feature_group_knn_tempo_js": 0.014793235449265103,
      "route_consistency_feature_group_knn_tempo_score": 0.9853156468896753,
      "route_consistency_feature_group_knn_focus_js": 0.02144474769706157,
      "route_consistency_feature_group_knn_focus_score": 0.9787835560207,
      "route_consistency_feature_group_knn_memory_js": 0.02272433247799348,
      "route_consistency_feature_group_knn_memory_score": 0.9775319204362911,
      "route_consistency_feature_group_knn_exposure_js": 0.0190829340462619,
      "route_consistency_feature_group_knn_exposure_score": 0.9810979924423966
    }
  ]
}
