{
  "model": "TiSASRec",
  "dataset": "amazon_beauty",
  "dataset_raw": "amazon_beauty",
  "max_evals": 4,
  "tune_epochs": 24,
  "n_completed": 4,
  "n_recorded_trials": 4,
  "timestamp": "2026-04-09T06:46:55.296346",
  "trials": [
    {
      "trial": 1,
      "params": {
        "learning_rate": 0.0006371663042212559
      },
      "mrr@20": 0.0265,
      "valid_result": {
        "hit@5": 0.0354,
        "hit@10": 0.0442,
        "hit@20": 0.0531,
        "ndcg@5": 0.0277,
        "ndcg@10": 0.0304,
        "ndcg@20": 0.0324,
        "mrr@5": 0.0251,
        "mrr@10": 0.0261,
        "mrr@20": 0.0265
      },
      "test_result": {
        "hit@5": 0.0351,
        "hit@10": 0.0351,
        "hit@20": 0.0351,
        "ndcg@5": 0.0215,
        "ndcg@10": 0.0215,
        "ndcg@20": 0.0215,
        "mrr@5": 0.0171,
        "mrr@10": 0.0171,
        "mrr@20": 0.0171
      },
      "best_hr@10": 0.0442,
      "test_mrr@20": 0.0171,
      "test_hr@10": 0.0351,
      "epochs_run": 4,
      "early_stop_epoch": 4,
      "early_stopped": true,
      "elapsed": 2.3,
      "status": "ok"
    },
    {
      "trial": 2,
      "params": {
        "learning_rate": 0.000581032544498971
      },
      "mrr@20": 0.0263,
      "valid_result": {
        "hit@5": 0.0354,
        "hit@10": 0.0442,
        "hit@20": 0.0442,
        "ndcg@5": 0.0277,
        "ndcg@10": 0.0307,
        "ndcg@20": 0.0307,
        "mrr@5": 0.0251,
        "mrr@10": 0.0263,
        "mrr@20": 0.0263
      },
      "test_result": {
        "hit@5": 0.0351,
        "hit@10": 0.0351,
        "hit@20": 0.0351,
        "ndcg@5": 0.0254,
        "ndcg@10": 0.0254,
        "ndcg@20": 0.0254,
        "mrr@5": 0.0219,
        "mrr@10": 0.0219,
        "mrr@20": 0.0219
      },
      "best_hr@10": 0.0442,
      "test_mrr@20": 0.0219,
      "test_hr@10": 0.0351,
      "epochs_run": 4,
      "early_stop_epoch": 4,
      "early_stopped": true,
      "elapsed": 1.5,
      "status": "ok"
    },
    {
      "trial": 3,
      "params": {
        "learning_rate": 0.00030171490734823877
      },
      "mrr@20": 0.0282,
      "valid_result": {
        "hit@5": 0.0442,
        "hit@10": 0.0442,
        "hit@20": 0.0619,
        "ndcg@5": 0.0315,
        "ndcg@10": 0.0315,
        "ndcg@20": 0.0356,
        "mrr@5": 0.0273,
        "mrr@10": 0.0273,
        "mrr@20": 0.0282
      },
      "test_result": {
        "hit@5": 0.0351,
        "hit@10": 0.0526,
        "hit@20": 0.0526,
        "ndcg@5": 0.0319,
        "ndcg@10": 0.037,
        "ndcg@20": 0.037,
        "mrr@5": 0.0307,
        "mrr@10": 0.0326,
        "mrr@20": 0.0326
      },
      "best_hr@10": 0.0442,
      "test_mrr@20": 0.0326,
      "test_hr@10": 0.0526,
      "epochs_run": 4,
      "early_stop_epoch": 4,
      "early_stopped": true,
      "elapsed": 1.5,
      "status": "ok"
    },
    {
      "trial": 4,
      "params": {
        "learning_rate": 0.00027067358018635987
      },
      "mrr@20": 0.0283,
      "valid_result": {
        "hit@5": 0.0442,
        "hit@10": 0.0442,
        "hit@20": 0.0442,
        "ndcg@5": 0.0323,
        "ndcg@10": 0.0323,
        "ndcg@20": 0.0323,
        "mrr@5": 0.0283,
        "mrr@10": 0.0283,
        "mrr@20": 0.0283
      },
      "test_result": {
        "hit@5": 0.0351,
        "hit@10": 0.0351,
        "hit@20": 0.0526,
        "ndcg@5": 0.0236,
        "ndcg@10": 0.0236,
        "ndcg@20": 0.0281,
        "mrr@5": 0.0197,
        "mrr@10": 0.0197,
        "mrr@20": 0.021
      },
      "best_hr@10": 0.0442,
      "test_mrr@20": 0.021,
      "test_hr@10": 0.0351,
      "epochs_run": 5,
      "early_stop_epoch": 5,
      "early_stopped": true,
      "elapsed": 2.0,
      "status": "ok"
    }
  ],
  "run_group": "baseline",
  "run_axis": "stageh_targetedrecovery_anchor2_core5",
  "run_phase": "P23_SH_C06_MTISASREC_FAD_H3_R2_S1",
  "parent_result": "",
  "interrupted": false,
  "interrupted_at": null,
  "tuned_search": {
    "learning_rate": [
      0.0002054556469522923,
      0.0008688547651419411
    ]
  },
  "fixed_search": {
    "n_layers": 2,
    "n_heads": 4,
    "time_span": 384,
    "weight_decay": 0.0002,
    "hidden_dropout_prob": 0.15,
    "MAX_ITEM_LIST_LENGTH": 10,
    "num_layers": 2,
    "num_heads": 4,
    "dropout_ratio": 0.15,
    "dropout_prob": 0.15,
    "attn_dropout_prob": 0.15,
    "hidden_size": 160,
    "embedding_size": 160,
    "inner_size": 320,
    "num_experts": 8,
    "state_size": 32,
    "conv_kernel": 8,
    "remaining_ratio": 0.7
  },
  "context_fixed": {
    "num_layers": 2,
    "search_space_type_overrides": {
      "learning_rate": "loguniform",
      "weight_decay": "choice",
      "n_layers": "choice",
      "num_layers": "choice",
      "n_heads": "choice",
      "num_heads": "choice",
      "dropout_ratio": "choice",
      "dropout_prob": "choice",
      "hidden_dropout_prob": "choice",
      "attn_dropout_prob": "choice",
      "hidden_size": "choice",
      "embedding_size": "choice",
      "inner_size": "choice",
      "time_span": "choice",
      "num_experts": "choice",
      "state_size": "choice",
      "conv_kernel": "choice",
      "remaining_ratio": "choice",
      "MAX_ITEM_LIST_LENGTH": "choice"
    }
  },
  "best_params": {
    "learning_rate": 0.00027067358018635987
  },
  "best_mrr@20": 0.0283,
  "best_hr@10": 0.0442,
  "test_mrr@20": 0.021,
  "test_hr@10": 0.0351,
  "best_valid_result": {
    "hit@5": 0.0442,
    "hit@10": 0.0442,
    "hit@20": 0.0442,
    "ndcg@5": 0.0323,
    "ndcg@10": 0.0323,
    "ndcg@20": 0.0323,
    "mrr@5": 0.0283,
    "mrr@10": 0.0283,
    "mrr@20": 0.0283
  },
  "test_result": {
    "hit@5": 0.0351,
    "hit@10": 0.0351,
    "hit@20": 0.0526,
    "ndcg@5": 0.0236,
    "ndcg@10": 0.0236,
    "ndcg@20": 0.0281,
    "mrr@5": 0.0197,
    "mrr@10": 0.0197,
    "mrr@20": 0.021
  },
  "best_valid_special_metrics": {
    "split": "best_valid",
    "overall": {
      "count": 113,
      "hit@20": 0.04424778761061947,
      "ndcg@20": 0.032289489971852936,
      "mrr@20": 0.028318584097170196
    },
    "slices": {
      "target_popularity_abs": {
        "rare_1_5": {
          "count": 113,
          "hit@20": 0.04424778761061947,
          "ndcg@20": 0.032289489971852936,
          "mrr@20": 0.028318584097170196
        }
      },
      "target_popularity_abs_legacy": {
        "<=5": {
          "count": 113,
          "hit@20": 0.04424778761061947,
          "ndcg@20": 0.032289489971852936,
          "mrr@20": 0.028318584097170196
        }
      },
      "session_len": {
        "<=7": {
          "count": 73,
          "hit@20": 0.0410958904109589,
          "ndcg@20": 0.02764085751690277,
          "mrr@20": 0.02328767127370181
        },
        "8-12": {
          "count": 40,
          "hit@20": 0.05,
          "ndcg@20": 0.040773244202136995,
          "mrr@20": 0.0375
        }
      },
      "session_len_legacy": {
        "3-5": {
          "count": 38,
          "hit@20": 0.07894736842105263,
          "ndcg@20": 0.05309954207194479,
          "mrr@20": 0.04473684218369032
        },
        "6-10": {
          "count": 75,
          "hit@20": 0.02666666666666667,
          "ndcg@20": 0.02174573024113973,
          "mrr@20": 0.02
        }
      }
    },
    "counts": {
      "target_popularity_abs": {
        "rare_1_5": 113
      },
      "target_popularity_abs_legacy": {
        "<=5": 113
      },
      "session_len": {
        "<=7": 73,
        "8-12": 40
      },
      "session_len_legacy": {
        "3-5": 38,
        "6-10": 75
      }
    },
    "config_snapshot": {
      "target_popularity_abs_bins": [
        "cold_0",
        "rare_1_5",
        "6_20",
        "21_100",
        "101+"
      ],
      "target_popularity_abs_bins_legacy": [
        "<=5",
        "6-20",
        "21-100",
        ">100"
      ],
      "session_len_bins": [
        "<=7",
        "8-12",
        "13+"
      ],
      "session_len_bins_legacy": [
        "1-2",
        "3-5",
        "6-10",
        "11+"
      ],