best_mrr20,epoch,epoch_time_sec,eval,lr,patience_used,train_loss,trial,valid_mrr20
0.0062,1,3.3399364948272705,1,0.0009640155470717386,0,79.49806356430054,1,0.0062
0.027,3,2.3573696613311768,1,0.000962269243205651,0,64.87312602996826,1,0.027
0.0755,10,2.3753833770751953,1,0.0009425695933647202,0,42.735332012176514,1,0.0755
0.0798,16,2.3395912647247314,1,0.0009094965761122782,0,34.2765679359436,1,0.0798
0.0798,26,2.188178300857544,1,0.0008247375297745209,10,25.085453271865845,1,0.0768
