stage_name,stage_key,split,aggregation_level,node_kind,node_name,route_space,support_size,wrapper_name,source_type,temperature,top_k,entropy_norm,n_eff_norm,top1_monopoly_norm,jitter_adj_norm,knn_consistency_score,knn_consistency_js,n_eff,cv_usage,top1_max_frac,entropy_mean
macro,macro@1,best_valid,session,final,final.expert,expert,6,GroupConditionalProductWrapper,,,,0.9659803707706279,0.9110414774570774,0.8898827024852217,0.0,0.9992323341134446,0.0007679606928969874,5.4662488647424645,0.3124817945052263,0.9082355854043515,1.7308044764167
macro,macro@1,best_valid,session,final,final.group,group,2,GroupConditionalProductWrapper,,,,0.9951327172693532,0.9976494855365581,0.6457553155272198,0.0,0.9998457334865679,0.0001542784137345714,1.9952989710731162,0.04853975772857666,0.8228776577636099,0.6897734372582093
macro,macro@1,best_valid,session,final,final.intra.Focus,intra,3,GroupConditionalProductWrapper,,,,0.9071913462779571,0.8568975070921567,0.9270217572962767,0.0,0.9990377704788703,0.0009626927611413238,2.57069252127647,0.40865701709219765,0.9513478381975179,0.9966515611943301
macro,macro@1,best_valid,session,final,final.intra.Tempo,intra,3,GroupConditionalProductWrapper,,,,0.9950010465353875,0.9987640179073933,0.5047971279130946,0.0,0.9997562470734276,0.00024378263914549315,2.99629205372218,0.03517870965812476,0.6698647519420631,1.0931203769614064
