best_mrr20,epoch,epoch_time_sec,eval,lr,patience_used,train_loss,trial,valid_mrr20
0.3059,1,56.31750130653381,1,0.0007027447529322896,0,2112.9141511917114,1,0.3059
0.3601,3,55.094326972961426,1,0.0007014717383189401,0,1102.7964959144592,1,0.3601
0.373,6,53.33952975273132,1,0.0006971879240593354,0,799.4890968799591,1,0.373
0.373,10,52.48110103607178,1,0.0006871111550250616,4,640.3887658119202,1,0.3602
0.373,16,53.058255672454834,1,0.000663001700142937,10,444.5815005302429,1,0.3328
