stage_name,stage_key,split,aggregation_level,node_kind,node_name,route_space,support_size,wrapper_name,source_type,temperature,top_k,entropy_norm,n_eff_norm,top1_monopoly_norm,jitter_adj_norm,knn_consistency_score,knn_consistency_js,n_eff,cv_usage,top1_max_frac,entropy_mean
macro,macro@1,best_valid,session,final,final.expert,expert,9,GroupConditionalProductWrapper,,,,0.9772757546256842,0.9910058311660896,0.12119480010452054,0.0,0.9967420391919573,0.0032632795175960906,8.919052480494807,0.09526713494012404,0.21883982231512936,2.147294306898354
macro,macro@1,best_valid,session,final,final.group,group,3,GroupConditionalProductWrapper,,,,0.9689592505129005,0.9950670764555998,0.01492683564149466,0.0,0.9976761287879911,0.0023265755912790786,2.9852012293667993,0.07040883390877146,0.34328455709432976,1.064510539832114
macro,macro@1,best_valid,session,final,final.intra.Focus,intra,3,GroupConditionalProductWrapper,,,,0.998242612648441,0.999479892301575,0.38924091978050684,0.0,0.9996826379196605,0.0003174124503417648,2.998439676904725,0.02281167988667846,0.5928272798536712,1.0966816013277372
macro,macro@1,best_valid,session,final,final.intra.Memory,intra,3,GroupConditionalProductWrapper,,,,0.9825651720229294,0.9865991081087176,0.23108831983276718,0.0,0.9993407050222034,0.0006595124083028987,2.959797324326153,0.11654564390940535,0.4873922132218448,1.0794581724016854
macro,macro@1,best_valid,session,final,final.intra.Tempo,intra,3,GroupConditionalProductWrapper,,,,0.9738288360100241,0.9978060088356764,0.13927358244055396,0.0,0.998309776720917,0.0016916533180667912,2.993418026507029,0.04689060570625646,0.42618238829370264,1.069860326299974
