{
  "split": "best_valid",
  "feature_mode": "none",
  "stages": [
    {
      "stage": "macro@1",
      "n_eff": 11.96238993737598,
      "cv_usage": 0.05607095251131624,
      "top1_max_frac": 0.17360980207351556,
      "entropy_mean": 2.454019510387213,
      "route_jitter_adjacent": 0.6006966598265248,
      "route_consistency_knn_js": 0.01061151061259525,
      "route_consistency_knn_score": 0.9894445928433114,
      "route_consistency_group_knn_js": 0.0027565745577448116,
      "route_consistency_group_knn_score": 0.9972472213052406,
      "route_consistency_intra_group_knn_mean_js": 0.007781862594004999,
      "route_consistency_intra_group_knn_mean_score": 0.9922490242576996,
      "route_consistency_feature_group_knn_mean_score": 0.9898498898340166,
      "family_top_expert_mean_share": 0.08922580629587173,
      "route_consistency_feature_group_knn_tempo_js": 0.010099230031776287,
      "route_consistency_feature_group_knn_tempo_score": 0.9899515959468558,
      "route_consistency_feature_group_knn_focus_js": 0.010222023553190804,
      "route_consistency_feature_group_knn_focus_score": 0.9898300437674223,
      "route_consistency_feature_group_knn_memory_js": 0.010219935932541176,
      "route_consistency_feature_group_knn_memory_score": 0.9898321101592182,
      "route_consistency_feature_group_knn_exposure_js": 0.010266713339633814,
      "route_consistency_feature_group_knn_exposure_score": 0.9897858094625697
    }
  ]
}
