{
  "split": "best_valid",
  "feature_mode": "none",
  "stages": [
    {
      "stage": "macro@1",
      "n_eff": 9.399421822826794,
      "cv_usage": 0.5259985664484749,
      "top1_max_frac": 0.7045217828538591,
      "entropy_mean": 2.2213979388894876,
      "route_jitter_adjacent": 0.0,
      "route_consistency_knn_js": 0.011252394264921115,
      "route_consistency_knn_score": 0.988810677133681,
      "route_consistency_group_knn_js": 0.001759648493406738,
      "route_consistency_group_knn_score": 0.9982418987803178,
      "route_consistency_intra_group_knn_mean_js": 0.009112351824467985,
      "route_consistency_intra_group_knn_mean_score": 0.9909518049798374,
      "route_consistency_feature_group_knn_mean_score": 0.9720662872333644,
      "family_top_expert_mean_share": 0.18362483382225037,
      "route_consistency_feature_group_knn_tempo_js": 0.0235326744618161,
      "route_consistency_feature_group_knn_tempo_score": 0.9767420596263118,
      "route_consistency_feature_group_knn_focus_js": 0.027099513435200236,
      "route_consistency_feature_group_knn_focus_score": 0.9732643838229031,
      "route_consistency_feature_group_knn_memory_js": 0.03545730473076013,
      "route_consistency_feature_group_knn_memory_score": 0.9651639412846548,
      "route_consistency_feature_group_knn_exposure_js": 0.02727380770552189,
      "route_consistency_feature_group_knn_exposure_score": 0.9730947641995883
    }
  ]
}
