best_mrr20,epoch,epoch_time_sec,eval,lr,patience_used,train_loss,trial,valid_mrr20
0.012,1,23.614901781082153,1,0.00034992070542535163,0,680.3790197372437,1,0.012
0.0159,3,22.608210802078247,1,0.00034928682780526084,0,582.5043134689331,1,0.0159
0.0179,5,22.50957751274109,1,0.0003480216249665321,0,540.848644733429,1,0.0179
0.0179,10,22.02423882484436,1,0.00034213620104419886,5,466.215106010437,1,0.0169
0.0179,15,22.12547755241394,1,0.00033249158316315044,10,387.21531915664673,1,0.015
