stage_name,stage_key,split,aggregation_level,node_kind,node_name,route_space,support_size,wrapper_name,source_type,temperature,top_k,entropy_norm,n_eff_norm,top1_monopoly_norm,jitter_adj_norm,knn_consistency_score,knn_consistency_js,n_eff,cv_usage,top1_max_frac,entropy_mean
macro,macro@1,best_valid,session,final,final.expert,expert,12,ScalarGroupConditionalProductWrapper,,,,0.9465551765986008,0.9775329383631379,0.2533262065106698,0.0,0.9963997571427181,0.0036067393288683534,11.730395260357655,0.15160326580395503,0.31554902263478063,2.352101252721118
macro,macro@1,best_valid,session,final,final.group,group,4,ScalarGroupConditionalProductWrapper,,,,0.9578268430699388,0.9963859278408986,0.11594069957439064,0.0,0.9986648829179777,0.0013360091449276228,3.9855437113635945,0.06022600084543228,0.336955524680793,1.3278299514771226
macro,macro@1,best_valid,session,final,final.intra.Exposure,intra,3,ScalarGroupConditionalProductWrapper,,,,0.9483787626930748,0.9605121627430275,0.4172623482270503,0.0,0.9987155002403647,0.0012853254365817913,2.8815364882290826,0.20275909917110796,0.6115082321513668,1.041900563006469
macro,macro@1,best_valid,session,final,final.intra.Focus,intra,3,ScalarGroupConditionalProductWrapper,,,,0.9882804185135509,0.9982710622396769,0.4229540435871104,0.0,0.9994535741614293,0.0005465751835756819,2.9948131867190306,0.04161549701197454,0.6153026957247403,1.0857370124290495
macro,macro@1,best_valid,session,final,final.intra.Memory,intra,3,ScalarGroupConditionalProductWrapper,,,,0.9205442733616098,0.9824623907879628,0.05896408459684948,0.0,0.9967513424041156,0.0032539459404252033,2.9473871723638885,0.1336065155683006,0.3726427230645663,1.0113212509781202
macro,macro@1,best_valid,session,final,final.intra.Tempo,intra,3,ScalarGroupConditionalProductWrapper,,,,0.8433636035336881,0.9750897334578843,0.206374296088973,0.0,0.9955089131087476,0.004501202118924245,2.925269200373653,0.15983348981042236,0.47091619739264867,0.9265296186575295
