stage_name,stage_key,split,aggregation_level,node_kind,node_name,route_space,support_size,wrapper_name,source_type,temperature,top_k,entropy_norm,n_eff_norm,top1_monopoly_norm,jitter_adj_norm,knn_consistency_score,knn_consistency_js,n_eff,cv_usage,top1_max_frac,entropy_mean
macro,macro@1,best_valid,session,final,final.expert,expert,12,GroupConditionalProductWrapper,,,,0.9402058778446233,0.9783256455258155,0.14639998099627055,0.0,0.9906228314609145,0.00942141098042512,11.739907746309786,0.14884440157281156,0.21753331591324798,2.336323838025869
macro,macro@1,best_valid,session,final,final.group,group,4,GroupConditionalProductWrapper,,,,0.9177255717595926,0.9870254623051963,0.20033098162180996,0.0,0.9934005118787288,0.006621361029445733,3.948101849220785,0.11465153098106384,0.40024823621635747,1.2722377851858506
macro,macro@1,best_valid,session,final,final.intra.Exposure,intra,3,GroupConditionalProductWrapper,,,,0.9615565050142683,0.9627135352985876,0.5299516592631304,0.0,0.9982618955112321,0.0017396167449349642,2.888140605895763,0.19680100092884895,0.6866344395087536,1.056377792657434
macro,macro@1,best_valid,session,final,final.intra.Focus,intra,3,GroupConditionalProductWrapper,,,,0.9450934038619729,0.9923477176651234,0.4600862294225242,0.0,0.9951773642486483,0.004834302182893089,2.9770431529953703,0.08781403972762705,0.6400574862816828,1.0382912274219362
macro,macro@1,best_valid,session,final,final.intra.Memory,intra,3,GroupConditionalProductWrapper,,,,0.9727450541865287,0.9830886264052027,0.6119675986412334,0.0,0.9969011261358708,0.0031036853163690353,2.949265879215608,0.13115763645894418,0.7413117324274889,1.0686696702704468
macro,macro@1,best_valid,session,final,final.intra.Tempo,intra,3,GroupConditionalProductWrapper,,,,0.9776538936759734,0.9998632856382575,0.14044943820224717,0.0,0.9982647608229924,0.001736746448411578,2.9995898569147728,0.011690875632587801,0.42696629213483145,1.07406258165665
