stage_name,stage_key,split,aggregation_level,node_kind,node_name,route_space,support_size,wrapper_name,source_type,temperature,top_k,entropy_norm,n_eff_norm,top1_monopoly_norm,jitter_adj_norm,knn_consistency_score,knn_consistency_js,n_eff,cv_usage,top1_max_frac,entropy_mean
macro,macro@1,best_valid,session,final,final.expert,expert,12,FlatPlusGroupIntraResidualWrapper,,,,0.8359844525505601,0.812477738507961,0.24680467563499198,0.20908946448434768,0.9884126431556646,0.011655013411993542,9.749732862095533,0.48041934008367776,0.3095709526654093,2.0773433252622677
macro,macro@1,best_valid,session,final,final.group,group,4,FlatPlusGroupIntraResidualWrapper,,,,0.8974312521239601,0.9246257565222835,0.3732602183158935,0.0,0.9948164037071616,0.00519707773652335,3.698503026089134,0.2855149677702765,0.5299451637369201,1.2441038843122088
macro,macro@1,best_valid,session,final,final.intra.Exposure,intra,3,FlatPlusGroupIntraResidualWrapper,,,,0.7118245629825781,0.976043862475288,0.20120612931155993,0.0,0.99077783480738,0.009264952623041287,2.928131587425864,0.15666600222390883,0.4674707528743733,0.7820192122684673
macro,macro@1,best_valid,session,final,final.intra.Focus,intra,3,FlatPlusGroupIntraResidualWrapper,,,,0.9175245080613429,0.8831408182725732,0.8460960205115812,0.0,0.9985111510854265,0.0014899583514446787,2.6494224548177194,0.36376128751750925,0.8973973470077209,1.0080036997103534
macro,macro@1,best_valid,session,final,final.intra.Memory,intra,3,FlatPlusGroupIntraResidualWrapper,,,,0.7946021055102772,0.9223565248833215,0.2458939921739189,0.0,0.9898874228527019,0.010164056609661593,2.7670695746499647,0.29013704388925304,0.4972626614492793,0.8729596377151445
macro,macro@1,best_valid,session,final,final.intra.Tempo,intra,3,FlatPlusGroupIntraResidualWrapper,,,,0.7854762819539433,0.90071741054353,0.4313070092422931,0.0,0.9936658995529335,0.006354245975559368,2.70215223163059,0.33200338226576936,0.6208713394948621,0.8629338958119391
