cv_usage,entropy_mean,family_top_expert_mean_share,n_eff,route_consistency_feature_group_knn_exposure_js,route_consistency_feature_group_knn_exposure_score,route_consistency_feature_group_knn_focus_js,route_consistency_feature_group_knn_focus_score,route_consistency_feature_group_knn_mean_score,route_consistency_feature_group_knn_memory_js,route_consistency_feature_group_knn_memory_score,route_consistency_feature_group_knn_tempo_js,route_consistency_feature_group_knn_tempo_score,route_consistency_group_knn_js,route_consistency_group_knn_score,route_consistency_intra_group_knn_mean_js,route_consistency_intra_group_knn_mean_score,route_consistency_knn_js,route_consistency_knn_score,route_jitter_adjacent,stage,top1_max_frac
0.1751320049127339,1.4439026766097944,0.09887287020683289,5.8214492852187165,0.0,0.0,0.03170905287498022,0.9687884072809443,0.9843942036404721,0.0,0.0,0.0,1.0,0.005125220531992543,0.9948878910013612,0.020238392388642723,0.9799673310301726,0.025214625941469136,0.975100607682114,0.0,macro@1,0.32622766333979913
0.3383999883055701,1.2334265654504415,0.13699424266815186,5.383509464219031,0.0,0.0,0.03812904613417014,0.9625887145235006,0.9812943572617503,0.0,0.0,0.0,1.0,0.005189381095403785,0.9948240604814664,0.016769139589774735,0.9833759580652011,0.021685639361239746,0.9785478036175543,0.45102861543350975,micro@1,0.38387397727349
0.4714309854168287,1.1280028608096346,0.15920233726501465,4.908990773852477,0.0,0.0,0.04080660670978423,0.9600147724117093,0.9800073862058547,0.0,0.0,0.0,1.0,0.005753810606540478,0.9942627108593912,0.015603903784580129,0.9845787087675114,0.026872020866491014,0.9734858194241341,0.0,mid@1,0.4092047063877199
