stage_name,stage_key,split,aggregation_level,node_kind,node_name,route_space,support_size,wrapper_name,source_type,temperature,top_k,entropy_norm,n_eff_norm,top1_monopoly_norm,jitter_adj_norm,knn_consistency_score,knn_consistency_js,n_eff,cv_usage,top1_max_frac,entropy_mean
macro,macro@1,best_valid,session,final,final.expert,expert,20,FlatJointWrapper,,,,0.5467623651302878,0.48082895139396903,0.23209083128031371,0.7773491319922844,0.8675781693867572,0.14204966241749875,9.61657902787938,1.039105933388537,0.270486289716298,1.6379536631855143
macro,macro@1,best_valid,session,final,final.group,group,4,FlatJointWrapper,,,,0.634682428817186,0.707472120003134,0.5267676967514738,0.0,0.9619950258523243,0.03874599896147783,2.829888480012536,0.64302659034729,0.6450757725636054,0.8798566721711412
macro,macro@1,best_valid,session,final,final.intra.Exposure,intra,5,FlatJointWrapper,,,,0.49404744411470575,0.4921183755756145,0.6399319431804692,0.0,0.9334830396926215,0.06883248467893728,2.4605918778780724,1.0158897063584231,0.7119455545443755,0.7951386870993749
macro,macro@1,best_valid,session,final,final.intra.Focus,intra,5,FlatJointWrapper,,,,0.6293413027007452,0.871718031918072,0.23797135282712772,0.0,0.8975020805224418,0.10813984049153552,4.35859015959036,0.3836141382821881,0.3903770822617022,1.0128857524272445
macro,macro@1,best_valid,session,final,final.intra.Memory,intra,5,FlatJointWrapper,,,,0.5282416964418706,0.7714497822637807,0.17481106318996553,0.0,0.9129807395978049,0.09104049434045888,3.8572489113189037,0.5442983948543907,0.33984885055197245,0.8501722131820519
macro,macro@1,best_valid,session,final,final.intra.Tempo,intra,5,FlatJointWrapper,,,,0.4925315935145579,0.6664721209128608,0.3399576623273849,0.0,0.9133555794102214,0.09063001154626768,3.332360604564304,0.7074163003650858,0.47196612986190795,0.7926990196739109
