{
  "split": "best_valid",
  "feature_mode": "runtime:unknown|ablation:none",
  "stages": [
    {
      "stage": "macro@1",
      "n_eff": 7.944626519283123,
      "cv_usage": 0.08348677059929195,
      "top1_max_frac": 0.7227500984639622,
      "entropy_mean": 1.9915311857676496,
      "route_jitter_adjacent": 0.0,
      "route_consistency_knn_js": 0.001391595136995577,
      "route_consistency_knn_score": 0.9986093726825274,
      "route_consistency_group_knn_js": 0.0011384282468247184,
      "route_consistency_group_knn_score": 0.9988622195167778,
      "route_consistency_intra_group_knn_mean_js": 0.0004085575301528772,
      "route_consistency_intra_group_knn_mean_score": 0.9995915609710048,
      "route_consistency_feature_group_knn_mean_score": 0.9965993751134765,
      "family_top_expert_mean_share": 0.14166830480098724,
      "route_consistency_feature_group_knn_tempo_js": 0.0041408948848829,
      "route_consistency_feature_group_knn_tempo_score": 0.995867666798587,
      "route_consistency_feature_group_knn_focus_js": 0.0014019528524004327,
      "route_consistency_feature_group_knn_focus_score": 0.9985990294244108,
      "route_consistency_feature_group_knn_memory_js": 0.0028528813700750195,
      "route_consistency_feature_group_knn_memory_score": 0.9971511842288381,
      "route_consistency_feature_group_knn_exposure_js": 0.005234053790613489,
      "route_consistency_feature_group_knn_exposure_score": 0.9947796200020707
    }
  ]
}
