stage_name,stage_key,split,aggregation_level,node_kind,node_name,route_space,support_size,wrapper_name,source_type,temperature,top_k,entropy_norm,n_eff_norm,top1_monopoly_norm,jitter_adj_norm,knn_consistency_score,knn_consistency_js,n_eff,cv_usage,top1_max_frac,entropy_mean
macro,macro@1,best_valid,session,final,final.expert,expert,12,ScalarGroupConditionalProductWrapper,,,,0.9453018591328136,0.7834718109052062,0.9366769423351546,0.0,0.9960878749694924,0.003919797408372956,9.401661730862475,0.525708925639519,0.9419538638072251,2.348986875816088
macro,macro@1,best_valid,session,final,final.group,group,4,ScalarGroupConditionalProductWrapper,,,,0.9834488292822887,0.9704143408237305,0.8865719674487925,0.0,0.9992074837825651,0.0007928304244327899,3.881657363294922,0.17460711300373077,0.9149289755865944,1.3633495664839947
macro,macro@1,best_valid,session,final,final.intra.Exposure,intra,3,ScalarGroupConditionalProductWrapper,,,,0.7399233440514775,0.6495506071305468,0.9595220195465516,0.0,0.9938709923983376,0.006147867068116002,1.9486518213916404,0.7345244130208739,0.9730146796977011,0.8128888784473549
macro,macro@1,best_valid,session,final,final.intra.Focus,intra,3,ScalarGroupConditionalProductWrapper,,,,0.9765987142374501,0.9964270262904097,0.3219047995884937,0.0,0.9983247690045458,0.001676635763992,2.989281078871229,0.05988146558757229,0.5479365330589958,1.0729033485587385
macro,macro@1,best_valid,session,final,final.intra.Memory,intra,3,ScalarGroupConditionalProductWrapper,,,,0.9862562101001585,0.983618509847403,0.8225972381593004,0.0,0.9985201583956274,0.0014809376514104476,2.950855529542209,0.1290515436514752,0.8817314921062003,1.0835131921912713
macro,macro@1,best_valid,session,final,final.intra.Tempo,intra,3,ScalarGroupConditionalProductWrapper,,,,0.9615705029378031,0.9722501689115869,0.48565662960471656,0.0,0.9978520075604307,0.002150302684181041,2.9167505067347608,0.168943310709497,0.6571044197364777,1.0563931709482453
