stage_name,stage_key,split,aggregation_level,node_kind,node_name,route_space,support_size,wrapper_name,source_type,temperature,top_k,entropy_norm,n_eff_norm,top1_monopoly_norm,jitter_adj_norm,knn_consistency_score,knn_consistency_js,n_eff,cv_usage,top1_max_frac,entropy_mean
macro,macro@1,best_valid,session,final,final.expert,expert,12,ScalarGroupConditionalProductWrapper,,,,0.9540150383446074,0.9933938119236689,0.7407256420709335,0.0,0.9978090379178819,0.0021933657510809163,11.920725743084027,0.08154718537066158,0.7623318385650224,2.3706383127802693
macro,macro@1,best_valid,session,final,final.group,group,4,ScalarGroupConditionalProductWrapper,,,,0.9781640211070367,0.9964281802914899,0.6846038863976084,0.0,0.9993683425282057,0.000631857051423482,3.9857127211659598,0.0598713718354702,0.7634529147982063,1.3560232667110426
macro,macro@1,best_valid,session,final,final.intra.Exposure,intra,3,ScalarGroupConditionalProductWrapper,,,,0.8453212849299976,0.9941666863696033,0.6455997757847534,0.0,0.9968810427538135,0.0031238313306841932,2.9825000591088098,0.076600383546937,0.7637331838565022,0.9286803514968119
macro,macro@1,best_valid,session,final,final.intra.Focus,intra,3,ScalarGroupConditionalProductWrapper,,,,0.9836333480943048,0.9969046559459054,0.6846973094170403,0.0,0.9992613134949648,0.000738959468342661,2.990713967837716,0.05572208037310599,0.7897982062780269,1.0806316837601597
macro,macro@1,best_valid,session,final,final.intra.Memory,intra,3,ScalarGroupConditionalProductWrapper,,,,0.9205899431600474,0.988468584519663,0.6434977578475336,0.0,0.9990636878339718,0.0009367507800721286,2.965405753558989,0.1080090445873426,0.7623318385650224,1.0113714243799048
macro,macro@1,best_valid,session,final,final.intra.Tempo,intra,3,ScalarGroupConditionalProductWrapper,,,,0.9564396412777418,0.9946408242423165,0.6434977578475336,0.0,0.9979419732733887,0.0020601473736801025,2.9839224727269493,0.07340286639622252,0.7623318385650224,1.050756343277046
