{
  "split": "best_valid",
  "feature_mode": "none",
  "stages": [
    {
      "stage": "macro@1",
      "n_eff": 3.9998645828316777,
      "cv_usage": 0.00581403612699674,
      "top1_max_frac": 0.7642937219730942,
      "entropy_mean": 1.3796156810538116,
      "route_jitter_adjacent": 0.0,
      "route_consistency_knn_js": 0.00019713509025756252,
      "route_consistency_knn_score": 0.9998028843395875,
      "route_consistency_group_knn_js": 0.00019713509025756252,
      "route_consistency_group_knn_score": 0.9998028843395875,
      "route_consistency_intra_group_knn_mean_js": 0.0,
      "route_consistency_intra_group_knn_mean_score": 1.0,
      "route_consistency_feature_group_knn_mean_score": 0.9997040954892564,
      "family_top_expert_mean_share": 0.2544696033000946,
      "route_consistency_feature_group_knn_tempo_js": 0.00022568070051962868,
      "route_consistency_feature_group_knn_tempo_score": 0.9997743447634541,
      "route_consistency_feature_group_knn_focus_js": 0.000374623771869775,
      "route_consistency_feature_group_knn_focus_score": 0.9996254463908536,
      "route_consistency_feature_group_knn_memory_js": 0.00031168647169876705,
      "route_consistency_feature_group_knn_memory_score": 0.9996883620974834,
      "route_consistency_feature_group_knn_exposure_js": 0.00027180823127618815,
      "route_consistency_feature_group_knn_exposure_score": 0.9997282287052345
    }
  ]
}
