stage_name,stage_key,split,aggregation_level,node_kind,node_name,route_space,support_size,wrapper_name,source_type,temperature,top_k,entropy_norm,n_eff_norm,top1_monopoly_norm,jitter_adj_norm,knn_consistency_score,knn_consistency_js,n_eff,cv_usage,top1_max_frac,entropy_mean
macro,macro@1,best_valid,session,final,final.expert,expert,16,FlatJointWrapper,,,,0.8966120211764055,0.9917532496244544,0.036699400901735534,0.7335842743621915,0.9307834715521436,0.07172860496118562,15.868051993991271,0.09118866920471191,0.09690568834537706,2.4859363781383177
macro,macro@1,best_valid,session,final,final.group,group,4,FlatJointWrapper,,,,0.9476870891344306,0.9981031703065602,0.026743252424186254,0.0,0.9809749049602082,0.019208400824293186,3.9924126812262406,0.043592821806669235,0.2700574393181397,1.3137732677731842
macro,macro@1,best_valid,session,final,final.intra.Exposure,intra,4,FlatJointWrapper,,,,0.8507726187960865,0.9925959460577166,0.07430053733555682,0.0,0.9501301878610086,0.05115626392296025,3.9703837842308665,0.08636698871850967,0.3057254030016676,1.179421284032217
macro,macro@1,best_valid,session,final,final.intra.Focus,intra,4,FlatJointWrapper,,,,0.868177054530057,0.994635546679684,0.039095793959607196,0.0,0.9523560167249507,0.04881634695099981,3.978542186718736,0.0734398290514946,0.2793218454697054,1.2035489551486938
macro,macro@1,best_valid,session,final,final.intra.Memory,intra,4,FlatJointWrapper,,,,0.8707496931972203,0.996813114771241,0.06750663949107527,0.0,0.9520972766876695,0.049088068016324045,3.987252459084964,0.05654248595237732,0.30062997961830645,1.2071153896261813
macro,macro@1,best_valid,session,final,final.intra.Tempo,intra,4,FlatJointWrapper,,,,0.8650915196862007,0.9932379935015591,0.07615341856586995,0.0,0.9513636361803604,0.04985891709305311,3.9729519740062362,0.08251071482769073,0.30711506392440246,1.1992714955936168
