stage_name,stage_key,split,aggregation_level,node_kind,node_name,route_space,support_size,wrapper_name,source_type,temperature,top_k,entropy_norm,n_eff_norm,top1_monopoly_norm,jitter_adj_norm,knn_consistency_score,knn_consistency_js,n_eff,cv_usage,top1_max_frac,entropy_mean
macro,macro@1,best_valid,session,final,final.expert,expert,12,ScalarGroupConditionalProductWrapper,,,,0.8041618965694889,0.5336858916764237,0.8223937467553457,0.0,0.9762508368411621,0.024035720628954812,6.4042307001170835,0.9347518760261684,0.8371942678590669,1.9982672442916531
macro,macro@1,best_valid,session,final,final.group,group,4,ScalarGroupConditionalProductWrapper,,,,0.8463735541513715,0.7742414474349112,0.8517401142118306,0.0,0.993619778161215,0.006400662444257232,3.0969657897396448,0.5399878025054932,0.888805085658873,1.1733228855210467
macro,macro@1,best_valid,session,final,final.intra.Exposure,intra,3,ScalarGroupConditionalProductWrapper,,,,0.6173212092092145,0.6378531971081675,0.8180153000754227,0.0,0.978543425429849,0.021690113539694376,1.9135595913245023,0.7534977569133712,0.8786768667169486,0.6781966664927002
macro,macro@1,best_valid,session,final,final.intra.Focus,intra,3,ScalarGroupConditionalProductWrapper,,,,0.8615352635450171,0.9733980361713929,0.1706712638724275,0.0,0.9874640375047137,0.012615200586746884,2.9201941085141785,0.16531487434164063,0.4471141759149517,0.9464932276514744
macro,macro@1,best_valid,session,final,final.intra.Memory,intra,3,ScalarGroupConditionalProductWrapper,,,,0.9272494291891596,0.9784251773894025,0.22519125094278636,0.0,0.9840615208056565,0.016066862740289078,2.9352755321682076,0.14849387039262443,0.4834608339618576,1.018687617567701
macro,macro@1,best_valid,session,final,final.intra.Tempo,intra,3,ScalarGroupConditionalProductWrapper,,,,0.8509611415817746,0.9698872584891429,0.2574614804439177,0.0,0.9832553084356751,0.016886468818099815,2.9096617754674288,0.1762036479650841,0.5049743202959451,0.9348763673207808
