best_mrr20,epoch,epoch_time_sec,eval,lr,patience_used,train_loss,trial,valid_mrr20
0.0379,1,35.618128538131714,1,0.00129037,0,1344.9880871772766,1,0.0379
0.0626,3,35.11179304122925,1,0.00129037,0,1099.5057377815247,1,0.0626
0.0801,10,34.38822865486145,1,0.00129037,1,1013.1491560935974,1,0.0801
0.0948,39,35.946471214294434,1,0.00129037,0,912.4566125869751,1,0.0948
0.0948,49,35.81247544288635,1,0.00129037,10,894.4173431396484,1,0.0898
