stage_name,stage_key,split,aggregation_level,node_kind,node_name,route_space,support_size,wrapper_name,source_type,temperature,top_k,entropy_norm,n_eff_norm,top1_monopoly_norm,jitter_adj_norm,knn_consistency_score,knn_consistency_js,n_eff,cv_usage,top1_max_frac,entropy_mean
macro,macro@1,best_valid,session,final,final.expert,expert,12,GroupConditionalProductWrapper,,,,0.8114501258800461,0.8192044600242818,0.337213807600326,0.0,0.9808669633858971,0.01931844187924436,9.830453520291382,0.4697833964293183,0.3924459903002988,2.0163778137706365
macro,macro@1,best_valid,session,final,final.group,group,4,GroupConditionalProductWrapper,,,,0.8892018575965133,0.9699465550545838,0.2188637959470272,0.0,0.9963381164736977,0.003668604634743369,3.8797862202183353,0.17602451145648956,0.4141478469602704,1.2326955210833783
macro,macro@1,best_valid,session,final,final.intra.Exposure,intra,3,GroupConditionalProductWrapper,,,,0.6637507363729045,0.7025716925252183,0.3817542742370058,0.0,0.9941663910187212,0.00585069094354057,2.107715077575655,0.6506477088122194,0.5878361828246705,0.7292047155917798
macro,macro@1,best_valid,session,final,final.intra.Focus,intra,3,GroupConditionalProductWrapper,,,,0.6562846356629722,0.9147768999805727,0.36746191152696817,0.0,0.9552515651148145,0.04578055422169947,2.744330699941718,0.3052259269491391,0.5783079410179788,0.7210023656034145
macro,macro@1,best_valid,session,final,final.intra.Memory,intra,3,GroupConditionalProductWrapper,,,,0.6969991462132081,0.7500277563025471,0.4113310145495518,0.0,0.9992385754367763,0.0007617145941402373,2.2500832689076415,0.5773077504222244,0.6075540096997012,0.7657318272210111
macro,macro@1,best_valid,session,final,final.intra.Tempo,intra,3,GroupConditionalProductWrapper,,,,0.6745735407107954,0.8829949633041028,0.2879537549600745,0.0,0.9894136968856618,0.010642736656231116,2.6489848899123083,0.36401846468723786,0.5253025033067164,0.7410947814352373
