{
  "split": "best_valid",
  "feature_mode": "none",
  "stages": [
    {
      "stage": "macro@1",
      "n_eff": 11.610692814207258,
      "cv_usage": 0.18311228576971803,
      "top1_max_frac": 0.7323908262645303,
      "entropy_mean": 2.3398854019399935,
      "route_jitter_adjacent": 0.0,
      "route_consistency_knn_js": 0.004881906677299822,
      "route_consistency_knn_score": 0.9951299904609898,
      "route_consistency_group_knn_js": 0.0027380012268486335,
      "route_consistency_group_knn_score": 0.9972657436798777,
      "route_consistency_intra_group_knn_mean_js": 0.0020261314000970263,
      "route_consistency_intra_group_knn_mean_score": 0.9979767918130563,
      "route_consistency_feature_group_knn_mean_score": 0.9892513253140975,
      "family_top_expert_mean_share": 0.10641901940107346,
      "route_consistency_feature_group_knn_tempo_js": 0.012746769910038976,
      "route_consistency_feature_group_knn_tempo_score": 0.9873341260758908,
      "route_consistency_feature_group_knn_focus_js": 0.009500668259175995,
      "route_consistency_feature_group_knn_focus_score": 0.9905443205023479,
      "route_consistency_feature_group_knn_memory_js": 0.011152217969618699,
      "route_consistency_feature_group_knn_memory_score": 0.9889097374857384,
      "route_consistency_feature_group_knn_exposure_js": 0.009831049603122177,
      "route_consistency_feature_group_knn_exposure_score": 0.9902171171924129
    }
  ]
}
