best_mrr20,epoch,epoch_time_sec,eval,lr,patience_used,train_loss,trial,valid_mrr20
0.2703,1,55.71223783493042,1,0.0006918502217122324,0,2188.2817239761353,1,0.2703
0.346,3,54.29672574996948,1,0.0006905969424258146,0,1167.3289675712585,1,0.346
0.371,7,55.81910943984985,1,0.0006843557582399445,0,778.1918635368347,1,0.371
0.371,10,54.10328698158264,1,0.0006764589887885513,3,676.5228941440582,1,0.3628
0.371,17,53.828126668930054,1,0.0006477825875291236,10,476.63016510009766,1,0.3378
