{
  "model": "SIGMA",
  "dataset": "KuaiRecLargeStrictPosV2_0.2",
  "dataset_raw": "KuaiRecLargeStrictPosV2_0.2",
  "max_evals": 5,
  "tune_epochs": 100,
  "n_completed": 5,
  "n_recorded_trials": 5,
  "timestamp": "2026-03-19T13:07:06.146527",
  "trials": [
    {
      "trial": 1,
      "params": {
        "learning_rate": 0.0022140336349187766
      },
      "mrr@20": 0.0789,
      "valid_result": {
        "hit@5": 0.0864,
        "hit@10": 0.1059,
        "hit@20": 0.1382,
        "ndcg@5": 0.0772,
        "ndcg@10": 0.0834,
        "ndcg@20": 0.0915,
        "mrr@5": 0.0742,
        "mrr@10": 0.0767,
        "mrr@20": 0.0789
      },
      "test_result": {
        "hit@5": 0.1655,
        "hit@10": 0.1818,
        "hit@20": 0.2093,
        "ndcg@5": 0.1573,
        "ndcg@10": 0.1625,
        "ndcg@20": 0.1694,
        "mrr@5": 0.1546,
        "mrr@10": 0.1567,
        "mrr@20": 0.1586
      },
      "best_hr@10": 0.1059,
      "test_mrr@20": 0.1586,
      "test_hr@10": 0.1818,
      "epochs_run": 42,
      "early_stop_epoch": 42,
      "early_stopped": true,
      "elapsed": 1875.5,
      "status": "ok"
    },
    {
      "trial": 2,
      "params": {
        "learning_rate": 0.0007823281566917723
      },
      "mrr@20": 0.0778,
      "valid_result": {
        "hit@5": 0.0851,
        "hit@10": 0.1032,
        "hit@20": 0.1332,
        "ndcg@5": 0.0763,
        "ndcg@10": 0.0821,
        "ndcg@20": 0.0896,
        "mrr@5": 0.0735,
        "mrr@10": 0.0758,
        "mrr@20": 0.0778
      },
      "test_result": {
        "hit@5": 0.1651,
        "hit@10": 0.1806,
        "hit@20": 0.2065,
        "ndcg@5": 0.1572,
        "ndcg@10": 0.1621,
        "ndcg@20": 0.1686,
        "mrr@5": 0.1546,
        "mrr@10": 0.1566,
        "mrr@20": 0.1584
      },
      "best_hr@10": 0.1032,
      "test_mrr@20": 0.1584,
      "test_hr@10": 0.1806,
      "epochs_run": 66,
      "early_stop_epoch": 66,
      "early_stopped": true,
      "elapsed": 2944.9,
      "status": "ok"
    },
    {
      "trial": 3,
      "params": {
        "learning_rate": 0.005839458377509943
      },
      "mrr@20": 0.0783,
      "valid_result": {
        "hit@5": 0.0867,
        "hit@10": 0.1063,
        "hit@20": 0.137,
        "ndcg@5": 0.0768,
        "ndcg@10": 0.0831,
        "ndcg@20": 0.0908,
        "mrr@5": 0.0736,
        "mrr@10": 0.0762,
        "mrr@20": 0.0783
      },
      "test_result": {
        "hit@5": 0.1661,
        "hit@10": 0.1822,
        "hit@20": 0.211,
        "ndcg@5": 0.1574,
        "ndcg@10": 0.1625,
        "ndcg@20": 0.1698,
        "mrr@5": 0.1545,
        "mrr@10": 0.1567,
        "mrr@20": 0.1586
      },
      "best_hr@10": 0.1063,
      "test_mrr@20": 0.1586,
      "test_hr@10": 0.1822,
      "epochs_run": 24,
      "early_stop_epoch": 24,
      "early_stopped": true,
      "elapsed": 1071.7,
      "status": "ok"
    },
    {
      "trial": 4,
      "params": {
        "learning_rate": 0.0016184092827564215
      },
      "mrr@20": 0.0787,
      "valid_result": {
        "hit@5": 0.0866,
        "hit@10": 0.105,
        "hit@20": 0.1372,
        "ndcg@5": 0.0772,
        "ndcg@10": 0.0831,
        "ndcg@20": 0.0911,
        "mrr@5": 0.0742,
        "mrr@10": 0.0765,
        "mrr@20": 0.0787
      },
      "test_result": {
        "hit@5": 0.1652,
        "hit@10": 0.1811,
        "hit@20": 0.2088,
        "ndcg@5": 0.1567,
        "ndcg@10": 0.1618,
        "ndcg@20": 0.1687,
        "mrr@5": 0.1539,
        "mrr@10": 0.156,
        "mrr@20": 0.1579
      },
      "best_hr@10": 0.105,
      "test_mrr@20": 0.1579,
      "test_hr@10": 0.1811,
      "epochs_run": 44,
      "early_stop_epoch": 44,
      "early_stopped": true,
      "elapsed": 1963.4,
      "status": "ok"
    },
    {
      "trial": 5,
      "params": {
        "learning_rate": 0.005375040167356552
      },
      "mrr@20": 0.0781,
      "valid_result": {
        "hit@5": 0.0856,
        "hit@10": 0.1052,
        "hit@20": 0.1368,
        "ndcg@5": 0.0764,
        "ndcg@10": 0.0827,
        "ndcg@20": 0.0906,
        "mrr@5": 0.0734,
        "mrr@10": 0.076,
        "mrr@20": 0.0781
      },
      "test_result": {
        "hit@5": 0.1654,
        "hit@10": 0.1813,
        "hit@20": 0.2095,
        "ndcg@5": 0.1572,
        "ndcg@10": 0.1623,
        "ndcg@20": 0.1694,
        "mrr@5": 0.1545,
        "mrr@10": 0.1566,
        "mrr@20": 0.1585
      },
      "best_hr@10": 0.1052,
      "test_mrr@20": 0.1585,
      "test_hr@10": 0.1813,
      "epochs_run": 29,
      "early_stop_epoch": 29,
      "early_stopped": true,
      "elapsed": 1294.9,
      "status": "ok"
    }
  ],
  "run_group": "baseline",
  "run_axis": "hparam",
  "run_phase": "P2_MORE_SEARCH_M04_SIGMA_C04",
  "parent_result": "",
  "interrupted": false,
  "interrupted_at": null,
  "tuned_search": {
    "learning_rate": [
      0.0002,
      0.006
    ]
  },
  "fixed_search": {
    "num_layers": 2,
    "state_size": 32,
    "remaining_ratio": 0.7,
    "conv_kernel": 8,
    "weight_decay": 0.0001,
    "dropout_ratio": 0.18,
    "hidden_size": 224
  },
  "context_fixed": {
    "num_layers": 2,
    "search_space_type_overrides": {
      "learning_rate": "loguniform",
      "weight_decay": "choice",
      "dropout_ratio": "choice"
    },
    "combo_id": "C04"
  },
  "best_params": {
    "learning_rate": 0.0022140336349187766
  },
  "best_mrr@20": 0.0789,
  "best_hr@10": 0.1059,
  "test_mrr@20": 0.1586,
  "test_hr@10": 0.1818,
  "best_valid_result": {
    "hit@5": 0.0864,
    "hit@10": 0.1059,
    "hit@20": 0.1382,
    "ndcg@5": 0.0772,
    "ndcg@10": 0.0834,
    "ndcg@20": 0.0915,
    "mrr@5": 0.0742,
    "mrr@10": 0.0767,
    "mrr@20": 0.0789
  },
  "test_result": {
    "hit@5": 0.1655,
    "hit@10": 0.1818,
    "hit@20": 0.2093,
    "ndcg@5": 0.1573,
    "ndcg@10": 0.1625,
    "ndcg@20": 0.1694,
    "mrr@5": 0.1546,
    "mrr@10": 0.1567,
    "mrr@20": 0.1586
  },
  "best_valid_special_metrics": {},
  "early_valid_result": {},
  "early_valid_special_metrics": {},
  "test_special_metrics": {},
  "normal_result_mirror_file": "/workspace/jy1559/FMoE/experiments/run/artifacts/results/baseline/normal/hparam/P2/KuaiRecLargeStrictPosV2_0.2/SIGMA/KuaiRecLargeStrictPosV2_0.2_SIGMA_p2_more_search_m04_sigma_c04_20260319_103429_867264_pid91608.json",
  "special_result_file": "/workspace/jy1559/FMoE/experiments/run/artifacts/results/baseline/special/hparam/P2/KuaiRecLargeStrictPosV2_0.2/SIGMA/KuaiRecLargeStrictPosV2_0.2_SIGMA_p2_more_search_m04_sigma_c04_20260319_103429_867264_pid91608_special_metrics.json",
  "special_log_file": "/workspace/jy1559/FMoE/experiments/run/artifacts/logs/baseline/special/hparam/P2/KuaiRecLargeStrictPosV2_0.2/SIGMA/KuaiRecLargeStrictPosV2_0.2_SIGMA_p2_more_search_m04_sigma_c04_20260319_103429_867264_pid91608_special_metrics.json"
}
