best_mrr20,epoch,epoch_time_sec,eval,lr,patience_used,train_loss,trial,valid_mrr20
0.3151,1,47.3811719417572,1,0.00056966,0,2156.6781668663025,1,0.3151
0.3615,3,44.39409375190735,1,0.00056966,0,1174.4647045135498,1,0.3615
0.376,6,44.80789017677307,1,0.00056966,0,834.8270227909088,1,0.376
0.376,10,43.88385772705078,1,0.00056966,4,690.6089210510254,1,0.367
0.376,16,42.639461278915405,1,0.00056966,10,528.0694723129272,1,0.3465
