{
  "split": "best_valid",
  "feature_mode": "none",
  "stages": [
    {
      "stage": "macro@1",
      "n_eff": 11.549546301324693,
      "cv_usage": 0.19748852282899346,
      "top1_max_frac": 0.7282137778218739,
      "entropy_mean": 2.203064044913241,
      "route_jitter_adjacent": 0.0,
      "route_consistency_knn_js": 0.0042663444797158175,
      "route_consistency_knn_score": 0.9957427434392361,
      "route_consistency_group_knn_js": 0.003233470794636532,
      "route_consistency_group_knn_score": 0.9967717512421026,
      "route_consistency_intra_group_knn_mean_js": 0.0011453527247706884,
      "route_consistency_intra_group_knn_mean_score": 0.998855562282756,
      "route_consistency_feature_group_knn_mean_score": 0.9879077637414428,
      "family_top_expert_mean_share": 0.09984660148620605,
      "route_consistency_feature_group_knn_tempo_js": 0.01032236645089942,
      "route_consistency_feature_group_knn_tempo_score": 0.9897307263355745,
      "route_consistency_feature_group_knn_focus_js": 0.005453372987054645,
      "route_consistency_feature_group_knn_focus_score": 0.9945614696583293,
      "route_consistency_feature_group_knn_memory_js": 0.011276850524479689,
      "route_consistency_feature_group_knn_memory_score": 0.9887864948188124,
      "route_consistency_feature_group_knn_exposure_js": 0.021680978858342678,
      "route_consistency_feature_group_knn_exposure_score": 0.9785523641530551
    }
  ]
}
