stage_name,stage_key,split,aggregation_level,node_kind,node_name,route_space,support_size,wrapper_name,source_type,temperature,top_k,entropy_norm,n_eff_norm,top1_monopoly_norm,jitter_adj_norm,knn_consistency_score,knn_consistency_js,n_eff,cv_usage,top1_max_frac,entropy_mean
macro,macro@1,best_valid,session,final,final.expert,expert,8,FlatJointWrapper,,,,0.9143432374953959,0.9945731636468833,0.06637107810708856,0.7417982989064399,0.9762422462957514,0.024044520194479477,7.9565853091750665,0.07386947558754392,0.1830746933437025,1.9013233114019583
macro,macro@1,best_valid,session,final,final.group,group,4,FlatJointWrapper,,,,0.9467883426386986,0.9981391551200245,0.05131558791992178,0.0,0.9905827279115287,0.009461894966755088,3.992556620480098,0.04317810386419296,0.28848669093994134,1.3125273405740747
macro,macro@1,best_valid,session,final,final.intra.Exposure,intra,2,FlatJointWrapper,,,,0.8627809531363533,0.9976589775902169,0.15338117289405773,0.0,0.9876218642483932,0.012455382987041214,1.9953179551804339,0.048441290855407715,0.5766905864470289,0.5980341851072856
macro,macro@1,best_valid,session,final,final.intra.Focus,intra,2,FlatJointWrapper,,,,0.8717620085839539,0.9999909401760753,0.03686945455830881,0.0,0.987251259564424,0.012830702984919314,1.9999818803521505,0.0030041635036468506,0.5184347272791544,0.6042593783692425
macro,macro@1,best_valid,session,final,final.intra.Memory,intra,2,FlatJointWrapper,,,,0.9078980681579122,0.9907895611798329,0.2283219626003039,0.0,0.9924891015695355,0.007539247267442996,1.9815791223596657,0.09641611576080322,0.614160981300152,0.6293069861794779
macro,macro@1,best_valid,session,final,final.intra.Tempo,intra,2,FlatJointWrapper,,,,0.8325057306069055,0.9926724122628995,0.1653292799321291,0.0,0.9855941304784639,0.014510641498147,1.985344824525799,0.08591651916503906,0.5826646399660645,0.5770489999701739
