stage_name,stage_key,split,aggregation_level,node_kind,node_name,route_space,support_size,wrapper_name,source_type,temperature,top_k,entropy_norm,n_eff_norm,top1_monopoly_norm,jitter_adj_norm,knn_consistency_score,knn_consistency_js,n_eff,cv_usage,top1_max_frac,entropy_mean
macro,macro@1,best_valid,session,final,final.expert,expert,16,FlatJointWrapper,,,,0.9365897282537098,0.9901916982197554,0.07178906408804482,0.6899974548231103,0.9618854308117011,0.03885993019910979,15.843067171516086,0.09952690148674267,0.12980224758254202,2.596778117921857
macro,macro@1,best_valid,session,final,final.group,group,4,FlatJointWrapper,,,,0.9636958226734798,0.9953168444810312,0.15788251009089063,0.0,0.9900307085038544,0.01001931764380901,3.9812673779241248,0.06859497725963593,0.368411882568168,1.335966084807039
macro,macro@1,best_valid,session,final,final.intra.Exposure,intra,4,FlatJointWrapper,,,,0.9292318828528955,0.9965634832525199,0.05787379853065019,0.0,0.9750922104427256,0.02522323764315365,3.9862539330100795,0.058722902089357376,0.29340534889798764,1.2881889193717877
macro,macro@1,best_valid,session,final,final.intra.Focus,intra,4,FlatJointWrapper,,,,0.923380064550072,0.9966252873792639,0.11049162238290215,0.0,0.9736993743938286,0.026652673501660236,3.9865011495170557,0.058191630475715454,0.3328687167871766,1.2800765766562854
macro,macro@1,best_valid,session,final,final.intra.Memory,intra,4,FlatJointWrapper,,,,0.9080432089105854,0.9832354564546054,0.14208554752156113,0.0,0.9703710124078141,0.03007679359585631,3.9329418258184217,0.13057728111743927,0.35656416064117086,1.2588151801659553
macro,macro@1,best_valid,session,final,final.intra.Tempo,intra,4,FlatJointWrapper,,,,0.9073753431794644,0.9988350150838399,0.0939977349943375,0.0,0.9700319051148787,0.030426316154625363,3.9953400603353595,0.034151777279165116,0.3204983012457531,1.257889321668917
