stage_name,stage_key,split,aggregation_level,node_kind,node_name,route_space,support_size,wrapper_name,source_type,temperature,top_k,entropy_norm,n_eff_norm,top1_monopoly_norm,jitter_adj_norm,knn_consistency_score,knn_consistency_js,n_eff,cv_usage,top1_max_frac,entropy_mean
macro,macro@1,best_valid,session,final,final.expert,expert,12,GroupConditionalProductWrapper,,,,0.8247217095500227,0.7800867076810212,0.5134747592714289,0.0,0.9889402450696564,0.011121368730101529,9.361040492172254,0.530950676685491,0.5540185293321431,2.049356460285379
macro,macro@1,best_valid,session,final,final.group,group,4,GroupConditionalProductWrapper,,,,0.8376783352633322,0.9463003331439667,0.32489274003077034,0.0,0.9939843447916797,0.006033822156150572,3.7852013325758667,0.2382165037522616,0.49366955502307774,1.1612687526078547
macro,macro@1,best_valid,session,final,final.intra.Exposure,intra,3,GroupConditionalProductWrapper,,,,0.8239005731709083,0.963668161921278,0.36101994106947494,0.0,0.9945273889570035,0.0054876406379757246,2.891004485763834,0.19416910576316398,0.5740132940463166,0.905147294326259
macro,macro@1,best_valid,session,final,final.intra.Focus,intra,3,GroupConditionalProductWrapper,,,,0.8473342139386436,0.7355305452669776,1.0,0.0,0.9998934991327737,0.00010650653884629774,2.2065916358009328,0.5996355682720075,1.0,0.9308917800419271
macro,macro@1,best_valid,session,final,final.intra.Memory,intra,3,GroupConditionalProductWrapper,,,,0.8532998107796991,0.9747687633889538,0.35298243494486176,0.0,0.9900407406306212,0.010009184548085415,2.9243062901668613,0.1608859327171465,0.5686549566299078,0.9374456580407502
macro,macro@1,best_valid,session,final,final.intra.Tempo,intra,3,GroupConditionalProductWrapper,,,,0.6221954912998977,0.6935368751252025,0.5199142218553048,0.0,0.9903140003653681,0.00973321405570408,2.0806106253756074,0.6647439102904823,0.6799428145702032,0.6835516126959597
