best_mrr20,epoch,epoch_time_sec,eval,lr,patience_used,train_loss,trial,valid_mrr20
0.0117,1,23.75070834159851,1,0.00034992070542535163,0,684.5529541969299,1,0.0117
0.0165,3,22.563711166381836,1,0.00034928682780526084,0,590.5918984413147,1,0.0165
0.0174,8,23.305019855499268,1,0.0003449519204699261,0,504.38020944595337,1,0.0174
0.0174,10,23.13767385482788,1,0.00034213620104419886,2,476.3166675567627,1,0.017
0.0174,18,22.7953622341156,1,0.00032499743142091103,10,351.75080490112305,1,0.0167
