best_mrr20,epoch,epoch_time_sec,eval,lr,patience_used,train_loss,trial,valid_mrr20
0.0135,1,24.080321550369263,1,0.0007998187552579467,0,679.8721871376038,1,0.0135
0.017,3,22.667152643203735,1,0.0007983698921263105,0,570.2273893356323,1,0.017
0.0185,4,22.947356462478638,1,0.0007971037326190863,0,547.4282112121582,1,0.0185
0.0185,10,22.227761268615723,1,0.0007820256023867403,6,473.0272469520569,1,0.0178
0.0185,14,22.15316867828369,1,0.0007650535537831837,10,431.7926278114319,1,0.018
