stage_name,stage_key,split,aggregation_level,node_kind,node_name,route_space,support_size,wrapper_name,source_type,temperature,top_k,entropy_norm,n_eff_norm,top1_monopoly_norm,jitter_adj_norm,knn_consistency_score,knn_consistency_js,n_eff,cv_usage,top1_max_frac,entropy_mean
macro,macro@1,best_valid,session,final,final.expert,expert,12,FlatJointWrapper,,,,0.6790157376129616,0.6270515847471713,0.2433758889555308,0.5288406821748203,0.9116603237854952,0.09248781027486361,7.524619016966055,0.7712100812432146,0.30642789820923655,1.6872907217051523
macro,macro@1,best_valid,session,final,final.group,group,4,FlatJointWrapper,,,,0.8507721456710813,0.8898076253998964,0.4542507068803016,0.0,0.9689850631861622,0.031506081878741286,3.5592305015995858,0.35190683603286743,0.5906880301602262,1.1794206281416901
macro,macro@1,best_valid,session,final,final.intra.Exposure,intra,3,FlatJointWrapper,,,,0.595382126058978,0.7794646215101496,0.48496482336031466,0.0,0.9472012976724302,0.0542436448444341,2.338393864530449,0.5319135506101579,0.6566432155735431,0.6540941201417388
macro,macro@1,best_valid,session,final,final.intra.Focus,intra,3,FlatJointWrapper,,,,0.10275761534383872,0.6432108031953635,0.4626614595015371,0.0,0.8804512015539372,0.12732077387194002,1.9296324095860906,0.74478191897923,0.6417743063343581,0.11289077897097193
macro,macro@1,best_valid,session,final,final.intra.Memory,intra,3,FlatJointWrapper,,,,0.2334285117149495,0.5479239316192421,0.7678023513685938,0.0,0.8716707145139824,0.13734354736011412,1.6437717948577264,0.9083340791364288,0.8452015675790625,0.2564474314955513
macro,macro@1,best_valid,session,final,final.intra.Tempo,intra,3,FlatJointWrapper,,,,0.28498166550846465,0.4709200838107383,0.9572615152277874,0.0,0.954186196868857,0.04689645166305191,1.4127602514322148,1.0599538964046866,0.971507676818525,0.31308435977270405
