best_mrr20,epoch,epoch_time_sec,eval,lr,patience_used,train_loss,trial,valid_mrr20
0.0043,1,2.854144811630249,1,0.0005672,0,80.0402398109436,1,0.0043
0.0096,3,1.9002776145935059,1,0.0005672,0,70.37233066558838,1,0.0096
0.0427,10,1.9738965034484863,1,0.0005672,0,49.85346508026123,1,0.0427
0.0599,27,1.8965318202972412,1,0.0005672,0,30.863406896591187,1,0.0599
0.0599,37,1.745847225189209,1,0.0005672,10,24.07907462120056,1,0.0561
