{
  "split": "best_valid",
  "feature_mode": "none",
  "stages": [
    {
      "stage": "macro@1",
      "n_eff": 3.3542122041210876,
      "cv_usage": 0.4387829303741455,
      "top1_max_frac": 0.8050884342974716,
      "entropy_mean": 1.2376213467682902,
      "route_jitter_adjacent": 0.0,
      "route_consistency_knn_js": 0.0038639975125600895,
      "route_consistency_knn_score": 0.9961434581198887,
      "route_consistency_group_knn_js": 0.0038639975125600895,
      "route_consistency_group_knn_score": 0.9961434581198887,
      "route_consistency_intra_group_knn_mean_js": 0.0,
      "route_consistency_intra_group_knn_mean_score": 1.0,
      "route_consistency_feature_group_knn_mean_score": 0.9886578784155386,
      "family_top_expert_mean_share": 0.3975224196910858,
      "route_consistency_feature_group_knn_tempo_js": 0.006880417589665686,
      "route_consistency_feature_group_knn_tempo_score": 0.9931431982900263,
      "route_consistency_feature_group_knn_focus_js": 0.012543412541348309,
      "route_consistency_feature_group_knn_focus_score": 0.987534928162388,
      "route_consistency_feature_group_knn_memory_js": 0.014986674354293749,
      "route_consistency_feature_group_knn_memory_score": 0.9851250669432158,
      "route_consistency_feature_group_knn_exposure_js": 0.011234551642614965,
      "route_consistency_feature_group_knn_exposure_score": 0.9888283202665248
    }
  ]
}
