best_mrr20,epoch,epoch_time_sec,eval,lr,patience_used,train_loss,trial,valid_mrr20
0.0127,1,17.51622247695923,1,0.0005476,0,687.8663167953491,1,0.0127
0.0163,3,16.543668031692505,1,0.0005476,0,591.8479714393616,1,0.0163
0.0178,10,16.297863245010376,1,0.0005476,3,515.7589168548584,1,0.0177
0.0182,14,16.580856323242188,1,0.0005476,0,496.50579166412354,1,0.0182
0.0182,24,16.378044605255127,1,0.0005476,10,461.09686279296875,1,0.0166
