{
  "split": "early_valid",
  "feature_mode": "none",
  "stage_metrics": {
    "macro@1": {
      "mode": "moe",
      "n_slots": 4,
      "expert_names": [
        "Tempo",
        "Focus",
        "Memory",
        "Exposure"
      ],
      "family_names": [
        "Tempo",
        "Focus",
        "Memory",
        "Exposure"
      ],
      "usage_sum": [
        12483.173828125,
        5161.3173828125,
        749.694580078125,
        9152.8154296875
      ],
      "top1_count": [
        16416.0,
        2062.0,
        10.0,
        9059.0
      ],
      "entropy_mean": 1.0105929220116983,
      "route_jitter_adjacent": 0.45665402592821236,
      "route_jitter_session": 0.32585901410608703,
      "route_consistency_knn_js": 0.014026913316765467,
      "route_consistency_knn_score": 0.9860710054644166,
      "route_consistency_group_knn_js": 0.014026913316765467,
      "route_consistency_group_knn_score": 0.9860710054644166,
      "route_consistency_intra_group_knn": {
        "group_names": [
          "Tempo",
          "Focus",
          "Memory",
          "Exposure"
        ],
        "js_by_group": [
          0.0,
          0.0,
          0.0,
          0.0
        ],
        "score_by_group": [
          1.0,
          1.0,
          1.0,
          1.0
        ],
        "mean_js": 0.0,
        "mean_score": 1.0
      },
      "route_consistency_feature_group_knn": {
        "group_names": [
          "Tempo",
          "Focus",
          "Memory",
          "Exposure"
        ],
        "js_by_group": [
          0.017035800246737974,
          0.017650290078072853,
          0.01863383639639813,
          0.017598777170860933
        ],
        "score_by_group": [
          0.9831084884784401,
          0.9825045638809365,
          0.9815387001980901,
          0.9825551768509705
        ],
        "mean_js": 0.017729675973017472,
        "mean_score": 0.9824267323521093
      },
      "condition_norm": 0.0,
      "stage_delta_norm": 6.431789125077018,
      "shared_delta_norm": 7.635279959950709,
      "moe_delta_norm": 6.431789125077018,
      "residual_delta_norm": 6.431789125077018,
      "alpha_value": 1.0,
      "alpha_effective": 1.0,
      "usage_share": [
        0.45315903425216675,
        0.18736402690410614,
        0.027215104550123215,
        0.33226174116134644
      ],
      "n_eff": 2.844165970552573,
      "cv_usage": 0.6374856017521382,
      "dead_expert_frac": 0.0,
      "top1_max_frac": 0.5959269611935964,
      "wrapper_name": "FlatJointWrapper",
      "feature_family_expert_heatmap": {
        "family_names": [
          "Tempo",
          "Focus",
          "Memory",
          "Exposure"
        ],
        "values": [
          [
            4970.5634765625,
            2058.498291015625,
            299.6802673339844,
            3669.352783203125
          ],
          [
            6576.5087890625,
            2717.91455078125,
            395.4170227050781,
            4835.951171875
          ],
          [
            5728.005859375,
            2371.65966796875,
            342.6972961425781,
            4171.55517578125
          ],
          [
            6000.3076171875,
            2475.502685546875,
            358.967529296875,
            4387.0908203125
          ]
        ]
      },
      "position_expert_usage": {
        "values": [
          [
            1899.0,
            171.0,
            0.0,
            2799.0
          ],
          [
            1660.0,
            420.0,
            0.0,
            2789.0
          ],
          [
            3731.0,
            576.0,
            2.0,
            560.0
          ],
          [
            2910.0,
            43.0,
            0.0,
            312.0
          ],
          [
            2058.0,
            203.0,
            0.0,
            126.0
          ],
          [
            1599.0,
            37.0,
            0.0,
            276.0
          ],
          [
            482.0,
            371.0,
            0.0,
            748.0
          ],
          [
            718.0,
            19.0,
            0.0,
            650.0
          ],
          [
            767.0,
            99.0,
            2.0,
            376.0
          ],
          [
            592.0,
            123.0,
            6.0,
            423.0
          ]
        ]
      },
      "route_transition_matrix": {
        "values": [
          [
            9129.0,
            995.0,
            5.0,
            2819.0
          ],
          [
            1022.0,
            175.0,
            0.0,
            423.0
          ],
          [
            2.0,
            0.0,
            0.0,
            0.0
          ],
          [
            4364.0,
            721.0,
            5.0,
            3018.0
          ]
        ]
      },
      "group_routing": {
        "group_names": [
          "Tempo",
          "Focus",
          "Memory",
          "Exposure"
        ],
        "group_share": [
          0.45315903425216675,
          0.18736402690410614,
          0.027215104550123215,
          0.33226174116134644
        ],
        "group_n_eff": 2.844165970552573,
        "group_cv_usage": 0.6374856016697596,
        "group_top1_max_frac": 0.5959269611935964,
        "group_entropy_mean": 1.0105929220116983,
        "group_prior_mean": [
          0.0,
          0.0,
          0.0,
          0.0
        ],
        "factored_group_entropy_mean": 0.0
      },
      "specialization_summary": {
        "mean_top_expert_share": 0.4531534016132355,
        "family_top_expert": [
          {
            "family": "Tempo",
            "expert": "Tempo",
            "top_share": 0.4519476890563965
          },
          {
            "family": "Focus",
            "expert": "Tempo",
            "top_share": 0.45274701714515686
          },
          {
            "family": "Memory",
            "expert": "Tempo",
            "top_share": 0.4541020393371582
          },
          {
            "family": "Exposure",
            "expert": "Tempo",
            "top_share": 0.45381689071655273
          }
        ]
      },
      "expert_similarity_mean": 0.19197697937488556,
      "expert_similarity_max": 0.3911476731300354
    }
  },
  "scalar_metrics": {
    "macro_1.entropy_mean": 1.0105929220116983,
    "macro_1.n_eff": 2.844165970552573,
    "macro_1.cv_usage": 0.6374856017521382,
    "macro_1.dead_expert_frac": 0.0,
    "macro_1.top1_max_frac": 0.5959269611935964,
    "macro_1.route_jitter_adjacent": 0.45665402592821236,
    "macro_1.route_jitter_session": 0.32585901410608703,
    "macro_1.route_consistency_knn_js": 0.014026913316765467,
    "macro_1.route_consistency_knn_score": 0.9860710054644166,
    "macro_1.route_consistency_group_knn_js": 0.014026913316765467,
    "macro_1.route_consistency_group_knn_score": 0.9860710054644166,
    "macro_1.route_consistency_intra_group_knn_mean_js": 0.0,
    "macro_1.route_consistency_intra_group_knn_mean_score": 1.0,
    "macro_1.route_consistency_feature_group_knn_mean_js": 0.017729675973017472,
    "macro_1.route_consistency_feature_group_knn_mean_score": 0.9824267323521093,
    "macro_1.route_consistency_feature_group_knn_tempo_js": 0.017035800246737974,
    "macro_1.route_consistency_feature_group_knn_tempo_score": 0.9831084884784401,
    "macro_1.route_consistency_feature_group_knn_focus_js": 0.017650290078072853,
    "macro_1.route_consistency_feature_group_knn_focus_score": 0.9825045638809365,
    "macro_1.route_consistency_feature_group_knn_memory_js": 0.01863383639639813,
    "macro_1.route_consistency_feature_group_knn_memory_score": 0.9815387001980901,
    "macro_1.route_consistency_feature_group_knn_exposure_js": 0.017598777170860933,
    "macro_1.route_consistency_feature_group_knn_exposure_score": 0.9825551768509705,
    "macro_1.condition_norm": 0.0,
    "macro_1.stage_delta_norm": 6.431789125077018,
    "macro_1.shared_delta_norm": 7.635279959950709,