stage_name,stage_key,split,aggregation_level,node_kind,node_name,route_space,support_size,wrapper_name,source_type,temperature,top_k,entropy_norm,n_eff_norm,top1_monopoly_norm,jitter_adj_norm,knn_consistency_score,knn_consistency_js,n_eff,cv_usage,top1_max_frac,entropy_mean
micro,micro@1,best_valid,token,primitive,primitive.a_joint,expert,12,FlatJointWrapper,both,1.0,,0.4484277312249121,0.42530999165209654,0.3440646323960533,0.0,0.8923817421823252,0.11386127586397453,5.103719899825158,1.1624225031607598,0.3987259130297155,1.1143010512701301
micro,micro@1,best_valid,token,wrapper,wrapper.group,group,4,FlatJointWrapper,,,,0.5476661062217063,0.7232526282826806,0.3359448159432333,0.0,0.9475802609312507,0.053843637506223875,2.893010513130722,0.6185811758041382,0.501958611957425,0.7592264348316385
micro,micro@1,best_valid,token,wrapper,wrapper.intra.Exposure,intra,3,FlatJointWrapper,,,,0.3667690089456752,0.7412195748015981,0.405294187472797,0.0,0.9466429214604969,0.054833319773841635,2.2236587244047943,0.5908704671004276,0.603529458315198,0.40293694033034266
micro,micro@1,best_valid,token,wrapper,wrapper.intra.Focus,intra,3,FlatJointWrapper,,,,0.2374230067803309,0.531161781209437,0.7104815415660982,0.0,0.9567252023667161,0.04423907362552805,1.593485343628311,0.9395026880650912,0.8069876943773988,0.2608358328614035
micro,micro@1,best_valid,token,wrapper,wrapper.intra.Memory,intra,3,FlatJointWrapper,,,,0.34941147870795686,0.5620114182286259,0.7386143315000196,0.0,0.9588075362094456,0.04206491640957126,1.6860342546858778,0.8827929918159533,0.8257428876666798,0.383867744310257
micro,micro@1,best_valid,token,wrapper,wrapper.intra.Tempo,intra,3,FlatJointWrapper,,,,0.3822581511402987,0.697207554919764,0.5398448937601392,0.0,0.962409225937339,0.03831552798218576,2.091622664759292,0.6590091687736163,0.6932299291734262,0.4199535022862838
