{
  "model": "GRU4Rec",
  "dataset": "lastfm0.03",
  "dataset_raw": "lastfm0.03",
  "max_evals": 6,
  "tune_epochs": 40,
  "n_completed": 6,
  "n_recorded_trials": 6,
  "timestamp": "2026-04-10T03:24:11.005111",
  "trials": [
    {
      "trial": 1,
      "params": {
        "learning_rate": 0.008165584908967037
      },
      "mrr@20": 0.199,
      "valid_result": {
        "hit@5": 0.219,
        "hit@10": 0.2373,
        "hit@20": 0.2538,
        "ndcg@5": 0.2013,
        "ndcg@10": 0.2073,
        "ndcg@20": 0.2114,
        "mrr@5": 0.1953,
        "mrr@10": 0.1978,
        "mrr@20": 0.199
      },
      "test_result": {
        "hit@5": 0.2218,
        "hit@10": 0.2388,
        "hit@20": 0.2548,
        "ndcg@5": 0.2024,
        "ndcg@10": 0.2079,
        "ndcg@20": 0.2119,
        "mrr@5": 0.1959,
        "mrr@10": 0.1981,
        "mrr@20": 0.1993
      },
      "best_hr@10": 0.2373,
      "test_mrr@20": 0.1993,
      "test_hr@10": 0.2388,
      "epochs_run": 39,
      "early_stop_epoch": 39,
      "early_stopped": true,
      "elapsed": 160.0,
      "status": "ok"
    },
    {
      "trial": 2,
      "params": {
        "learning_rate": 0.007343665819282938
      },
      "mrr@20": 0.2029,
      "valid_result": {
        "hit@5": 0.224,
        "hit@10": 0.2386,
        "hit@20": 0.2596,
        "ndcg@5": 0.2056,
        "ndcg@10": 0.2104,
        "ndcg@20": 0.2157,
        "mrr@5": 0.1994,
        "mrr@10": 0.2015,
        "mrr@20": 0.2029
      },
      "test_result": {
        "hit@5": 0.225,
        "hit@10": 0.2396,
        "hit@20": 0.2561,
        "ndcg@5": 0.2031,
        "ndcg@10": 0.2079,
        "ndcg@20": 0.212,
        "mrr@5": 0.1958,
        "mrr@10": 0.1978,
        "mrr@20": 0.199
      },
      "best_hr@10": 0.2386,
      "test_mrr@20": 0.199,
      "test_hr@10": 0.2396,
      "epochs_run": 33,
      "early_stop_epoch": 33,
      "early_stopped": true,
      "elapsed": 133.6,
      "status": "ok"
    },
    {
      "trial": 3,
      "params": {
        "learning_rate": 0.009685588791798188
      },
      "mrr@20": 0.2022,
      "valid_result": {
        "hit@5": 0.2269,
        "hit@10": 0.2445,
        "hit@20": 0.2591,
        "ndcg@5": 0.2059,
        "ndcg@10": 0.2116,
        "ndcg@20": 0.2153,
        "mrr@5": 0.1989,
        "mrr@10": 0.2012,
        "mrr@20": 0.2022
      },
      "test_result": {
        "hit@5": 0.2279,
        "hit@10": 0.2476,
        "hit@20": 0.2614,
        "ndcg@5": 0.2031,
        "ndcg@10": 0.2094,
        "ndcg@20": 0.2129,
        "mrr@5": 0.1948,
        "mrr@10": 0.1974,
        "mrr@20": 0.1983
      },
      "best_hr@10": 0.2445,
      "test_mrr@20": 0.1983,
      "test_hr@10": 0.2476,
      "epochs_run": 33,
      "early_stop_epoch": 33,
      "early_stopped": true,
      "elapsed": 134.8,
      "status": "ok"
    },
    {
      "trial": 4,
      "params": {
        "learning_rate": 0.007581348645616995
      },
      "mrr@20": 0.202,
      "valid_result": {
        "hit@5": 0.2275,
        "hit@10": 0.2418,
        "hit@20": 0.2575,
        "ndcg@5": 0.2062,
        "ndcg@10": 0.2108,
        "ndcg@20": 0.2147,
        "mrr@5": 0.1991,
        "mrr@10": 0.201,
        "mrr@20": 0.202
      },
      "test_result": {
        "hit@5": 0.2226,
        "hit@10": 0.2378,
        "hit@20": 0.2535,
        "ndcg@5": 0.204,
        "ndcg@10": 0.209,
        "ndcg@20": 0.2129,
        "mrr@5": 0.1978,
        "mrr@10": 0.1998,
        "mrr@20": 0.2009
      },
      "best_hr@10": 0.2418,
      "test_mrr@20": 0.2009,
      "test_hr@10": 0.2378,
      "epochs_run": 37,
      "early_stop_epoch": 37,
      "early_stopped": true,
      "elapsed": 152.3,
      "status": "ok"
    },
    {
      "trial": 5,
      "params": {
        "learning_rate": 0.00901169897490461
      },
      "mrr@20": 0.1993,
      "valid_result": {
        "hit@5": 0.2214,
        "hit@10": 0.241,
        "hit@20": 0.2623,
        "ndcg@5": 0.2017,
        "ndcg@10": 0.2081,
        "ndcg@20": 0.2135,
        "mrr@5": 0.1951,
        "mrr@10": 0.1978,
        "mrr@20": 0.1993
      },
      "test_result": {
        "hit@5": 0.2245,
        "hit@10": 0.2423,
        "hit@20": 0.259,
        "ndcg@5": 0.2048,
        "ndcg@10": 0.2105,
        "ndcg@20": 0.2147,
        "mrr@5": 0.1983,
        "mrr@10": 0.2006,
        "mrr@20": 0.2017
      },
      "best_hr@10": 0.241,
      "test_mrr@20": 0.2017,
      "test_hr@10": 0.2423,
      "epochs_run": 30,
      "early_stop_epoch": 30,
      "early_stopped": true,
      "elapsed": 123.4,
      "status": "ok"
    },
    {
      "trial": 6,
      "params": {
        "learning_rate": 0.009640383832741139
      },
      "mrr@20": 0.201,
      "valid_result": {
        "hit@5": 0.2235,
        "hit@10": 0.2381,
        "hit@20": 0.2538,
        "ndcg@5": 0.2043,
        "ndcg@10": 0.209,
        "ndcg@20": 0.213,
        "mrr@5": 0.1979,
        "mrr@10": 0.1998,
        "mrr@20": 0.201
      },
      "test_result": {
        "hit@5": 0.2258,
        "hit@10": 0.2426,
        "hit@20": 0.2577,
        "ndcg@5": 0.2044,
        "ndcg@10": 0.2097,
        "ndcg@20": 0.2136,
        "mrr@5": 0.1972,
        "mrr@10": 0.1994,
        "mrr@20": 0.2004
      },
      "best_hr@10": 0.2381,
      "test_mrr@20": 0.2004,
      "test_hr@10": 0.2426,
      "epochs_run": 36,
      "early_stop_epoch": 36,
      "early_stopped": true,
      "elapsed": 147.6,
      "status": "ok"
    }
  ],
  "run_group": "baseline",
  "run_axis": "stageh_targetedrecovery_anchor2_core5",
  "run_phase": "P23_SH_C23_MGRU4REC_OLD_C7_D5_WDLO_S1",
  "parent_result": "",
  "interrupted": false,
  "interrupted_at": null,
  "tuned_search": {
    "learning_rate": [
      0.006851376495187312,
      0.01
    ]
  },
  "fixed_search": {
    "num_layers": 1,
    "weight_decay": 9.317000000000002e-05,
    "dropout_ratio": 0.18000000000000002,
    "n_layers": 1,
    "n_heads": 4,
    "num_heads": 4,
    "dropout_prob": 0.18000000000000002,
    "hidden_dropout_prob": 0.18000000000000002,
    "attn_dropout_prob": 0.18000000000000002,
    "hidden_size": 264,
    "embedding_size": 264,
    "inner_size": 288,
    "time_span": 384,
    "num_experts": 6,
    "state_size": 24,
    "conv_kernel": 6,
    "remaining_ratio": 0.6,
    "MAX_ITEM_LIST_LENGTH": 10
  },
  "context_fixed": {
    "num_layers": 1,
    "search_space_type_overrides": {
      "learning_rate": "loguniform",
      "weight_decay": "choice",
      "dropout_ratio": "choice",
      "n_layers": "choice",
      "num_layers": "choice",
      "n_heads": "choice",
      "num_heads": "choice",
      "dropout_prob": "choice",
      "hidden_dropout_prob": "choice",
      "attn_dropout_prob": "choice",
      "hidden_size": "choice",
      "embedding_size": "choice",
      "inner_size": "choice",
      "time_span": "choice",
      "num_experts": "choice",
      "state_size": "choice",
      "conv_kernel": "choice",
      "remaining_ratio": "choice",
      "MAX_ITEM_LIST_LENGTH": "choice"
    }
  },
  "best_params": {
    "learning_rate": 0.007343665819282938
  },
  "best_mrr@20": 0.2029,
  "best_hr@10": 0.2386,
  "test_mrr@20": 0.199,
  "test_hr@10": 0.2396,
  "best_valid_result": {
    "hit@5": 0.224,
    "hit@10": 0.2386,
    "hit@20": 0.2596,
    "ndcg@5": 0.2056,
    "ndcg@10": 0.2104,
    "ndcg@20": 0.2157,
    "mrr@5": 0.1994,
    "mrr@10": 0.2015,
    "mrr@20": 0.2029
  },
  "test_result": {
    "hit@5": 0.225,
    "hit@10": 0.2396,
    "hit@20": 0.2561,
    "ndcg@5": 0.2031,
    "ndcg@10": 0.2079,
    "ndcg@20": 0.212,
    "mrr@5": 0.1958,
    "mrr@10": 0.1978,
    "mrr@20": 0.199
  },
  "best_valid_special_metrics": {
    "split": "best_valid",
    "overall": {
      "count": 3763,
      "hit@20": 0.2596332713260696,
      "ndcg@20": 0.21565646059076551,
      "mrr@20": 0.2028695435874281
    },
    "slices": {
      "target_popularity_abs": {
        "rare_1_5": {
          "count": 3735,
          "hit@20": 0.25809906291834,
          "ndcg@20": 0.21523545985241013,