stage_name,stage_key,split,aggregation_level,node_kind,node_name,route_space,support_size,wrapper_name,source_type,temperature,top_k,entropy_norm,n_eff_norm,top1_monopoly_norm,jitter_adj_norm,knn_consistency_score,knn_consistency_js,n_eff,cv_usage,top1_max_frac,entropy_mean
macro,macro@1,best_valid,session,final,final.expert,expert,12,FlatJointWrapper,,,,0.6787219783437699,0.6709280869088028,0.1514694542027247,0.5230121915469642,0.8936746121517812,0.11241353857154932,8.051137042905633,0.7003374040026247,0.22218033301916432,1.686560757343701
macro,macro@1,best_valid,session,final,final.group,group,4,FlatJointWrapper,,,,0.8527669683730998,0.892543355651684,0.4081055607917059,0.0,0.9638717228581897,0.03679706080035866,3.570173422606736,0.34697791934013367,0.5560791705937794,1.1821860396049324
macro,macro@1,best_valid,session,final,final.intra.Exposure,intra,3,FlatJointWrapper,,,,0.5650784439674594,0.7551441422518953,0.5292699246316799,0.0,0.9412854768907968,0.06050880932648859,2.265432426755686,0.5694299170544769,0.6861799497544533,0.6208021226041048
macro,macro@1,best_valid,session,final,final.intra.Focus,intra,3,FlatJointWrapper,,,,0.12722293033278817,0.7860056349277348,0.3451775617296506,0.0,0.828580361126842,0.1880414508907242,2.3580169047832045,0.5217809670632789,0.5634517078197671,0.1397686746639679
macro,macro@1,best_valid,session,final,final.intra.Memory,intra,3,FlatJointWrapper,,,,0.16066867221391465,0.6654464526175463,0.40353702193534113,0.0,0.8494011843771929,0.16322366673474492,1.996339357852639,0.7090489056989877,0.6023580146235608,0.17651257769819512
macro,macro@1,best_valid,session,final,final.intra.Tempo,intra,3,FlatJointWrapper,,,,0.340016400818658,0.5474812921553862,0.6788599979863069,0.0,0.9509925320934095,0.050249069155897365,1.6424438764661586,0.9091460650650302,0.7859066653242046,0.3735461962880792
