stage_name,stage_key,split,aggregation_level,node_kind,node_name,route_space,support_size,wrapper_name,source_type,temperature,top_k,entropy_norm,n_eff_norm,top1_monopoly_norm,jitter_adj_norm,knn_consistency_score,knn_consistency_js,n_eff,cv_usage,top1_max_frac,entropy_mean
macro,macro@1,best_valid,session,final,final.expert,expert,12,GroupConditionalProductWrapper,,,,0.9508990903563942,0.8580482387516999,0.32015272029508673,0.0,0.9951472106696435,0.004864602345376271,10.296578865020399,0.40673793296444016,0.37680666027049614,2.3628954729039644
macro,macro@1,best_valid,session,final,final.group,group,4,GroupConditionalProductWrapper,,,,0.929952385114121,0.8668200817364078,0.922503172294265,0.0,0.9971564841453803,0.0028475663260361748,3.467280326945631,0.39197176694869995,0.9418773792206988,1.2891877475936988
macro,macro@1,best_valid,session,final,final.intra.Exposure,intra,3,GroupConditionalProductWrapper,,,,0.9868514302275788,0.9788275335033497,0.8658815883135773,0.0,0.9993287619882849,0.0006714633928112016,2.936482600510049,0.1470730037369429,0.910587725542385,1.0841671083377178
macro,macro@1,best_valid,session,final,final.intra.Focus,intra,3,GroupConditionalProductWrapper,,,,0.9961791743837143,0.9989509869522973,0.12463247810343232,0.0,0.9996862449496569,0.00031380428175701,2.996852960856892,0.03240384996223897,0.4164216520689549,1.0944146826932004
macro,macro@1,best_valid,session,final,final.intra.Memory,intra,3,GroupConditionalProductWrapper,,,,0.9739100710627228,0.9946613453533025,0.5093466621274488,0.0,0.9957384682631537,0.004270637943352177,2.9839840360599075,0.07326148604567391,0.6728977747516326,1.0699495721271393
macro,macro@1,best_valid,session,final,final.intra.Tempo,intra,3,GroupConditionalProductWrapper,,,,0.9304557948621763,0.9693923940338385,0.3041998081148834,0.0,0.9944026742394769,0.005613049489697439,2.9081771821015154,0.1776901793253208,0.5361332054099223,1.0222101702980408
