stage_name,stage_key,split,aggregation_level,node_kind,node_name,route_space,support_size,wrapper_name,source_type,temperature,top_k,entropy_norm,n_eff_norm,top1_monopoly_norm,jitter_adj_norm,knn_consistency_score,knn_consistency_js,n_eff,cv_usage,top1_max_frac,entropy_mean
macro,macro@1,best_valid,session,final,final.expert,expert,12,ScalarGroupConditionalProductWrapper,,,,0.9970641430646777,0.9980408858957764,0.7407256420709335,0.0,0.9997590916011327,0.00024093742195689126,11.976490630749318,0.044304988193809285,0.7623318385650224,2.477611319366592
macro,macro@1,best_valid,session,final,final.group,group,4,ScalarGroupConditionalProductWrapper,,,,0.9968891589647947,0.9995706733303059,0.7212257100149477,0.0,0.9998241629127804,0.00017585254837261242,3.9982826933212237,0.020725417882204056,0.7909192825112108,1.3819818197344451
macro,macro@1,best_valid,session,final,final.intra.Exposure,intra,3,ScalarGroupConditionalProductWrapper,,,,0.9972164369205837,0.9980355425047794,0.6434977578475336,0.0,0.9999317493962386,6.825293293980321e-05,2.994106627514338,0.04436616932999583,0.7623318385650224,1.0955542320627802
macro,macro@1,best_valid,session,final,final.intra.Focus,intra,3,ScalarGroupConditionalProductWrapper,,,,0.9987066242010949,0.9975030045251522,0.9743553811659194,0.0,0.9999858017078938,1.4198392902930197e-05,2.9925090135754564,0.050032589956146775,0.9829035874439462,1.0971913701215668
macro,macro@1,best_valid,session,final,final.intra.Memory,intra,3,ScalarGroupConditionalProductWrapper,,,,0.9968578103903997,0.9985514435152844,0.6434977578475336,0.0,0.9999615736856141,3.8427052695595286e-05,2.995654330545853,0.038085883279565476,0.7623318385650224,1.0951602405496776
macro,macro@1,best_valid,session,final,final.intra.Tempo,intra,3,ScalarGroupConditionalProductWrapper,,,,0.9964981250462156,0.9993147780176214,0.741031390134529,0.0,0.9998650487907191,0.00013496031601463207,2.997944334052864,0.02618533574237419,0.827354260089686,1.0947650858105031
