{
  "split": "best_valid",
  "feature_mode": "none",
  "stage_metrics": {
    "macro@1": {
      "mode": "moe",
      "n_slots": 4,
      "expert_names": [
        "Tempo",
        "Focus",
        "Memory",
        "Exposure"
      ],
      "family_names": [
        "Tempo",
        "Focus",
        "Memory",
        "Exposure"
      ],
      "usage_sum": [
        802.0570678710938,
        577.7030639648438,
        1153.5439453125,
        809.6959228515625
      ],
      "top1_count": [
        621.0,
        343.0,
        1696.0,
        683.0
      ],
      "entropy_mean": 1.251837152725845,
      "route_jitter_adjacent": 0.5467599410898379,
      "route_jitter_session": 0.35725614541404027,
      "route_consistency_knn_js": 0.015143444663599917,
      "route_consistency_knn_score": 0.9849706406868081,
      "route_consistency_group_knn_js": 0.015143444663599917,
      "route_consistency_group_knn_score": 0.9849706406868081,
      "route_consistency_intra_group_knn": {
        "group_names": [
          "Tempo",
          "Focus",
          "Memory",
          "Exposure"
        ],
        "js_by_group": [
          0.0,
          0.0,
          0.0,
          0.0
        ],
        "score_by_group": [
          1.0,
          1.0,
          1.0,
          1.0
        ],
        "mean_js": 0.0,
        "mean_score": 1.0
      },
      "route_consistency_feature_group_knn": {
        "group_names": [
          "Tempo",
          "Focus",
          "Memory",
          "Exposure"
        ],
        "js_by_group": [
          0.017311345637319953,
          0.026399715855551297,
          0.026790284273917216,
          0.026102342864162804
        ],
        "score_by_group": [
          0.9828376347839551,
          0.9739457102505488,
          0.9735653920898877,
          0.9742353784674733
        ],
        "mean_js": 0.02415092215773782,
        "mean_score": 0.9761460288979662
      },
      "condition_norm": 0.0,
      "stage_delta_norm": 8.775413676236045,
      "shared_delta_norm": 7.38523101076555,
      "moe_delta_norm": 8.775413676236045,
      "residual_delta_norm": 8.775413676236045,
      "alpha_value": 1.0,
      "alpha_effective": 1.0,
      "usage_share": [
        0.23992134630680084,
        0.17280976474285126,
        0.3450624942779541,
        0.2422063797712326
      ],
      "n_eff": 3.771343151392403,
      "cv_usage": 0.2462318390607834,
      "dead_expert_frac": 0.0,
      "top1_max_frac": 0.5073287466347592,
      "wrapper_name": "FlatJointWrapper",
      "feature_family_expert_heatmap": {
        "family_names": [
          "Tempo",
          "Focus",
          "Memory",
          "Exposure"
        ],
        "values": [
          [
            349.14764404296875,
            240.00967407226562,
            489.9258728027344,
            334.59832763671875
          ],
          [
            428.0260009765625,
            304.03961181640625,
            611.4832763671875,
            424.97479248046875
          ],
          [
            352.2254638671875,
            263.1409912109375,
            516.6466674804688,
            370.4068603515625
          ],
          [
            387.21661376953125,
            280.6357727050781,
            558.0108642578125,
            393.7042236328125
          ]
        ]
      },
      "position_expert_usage": {
        "values": [
          [
            112.0,
            77.0,
            318.0,
            120.0
          ],
          [
            91.0,
            59.0,
            370.0,
            99.0
          ],
          [
            208.0,
            78.0,
            227.0,
            87.0
          ],
          [
            39.0,
            42.0,
            275.0,
            186.0
          ],
          [
            36.0,
            33.0,
            192.0,
            61.0
          ],
          [
            25.0,
            12.0,
            104.0,
            72.0
          ],
          [
            47.0,
            14.0,
            74.0,
            19.0
          ],
          [
            20.0,
            7.0,
            66.0,
            19.0
          ],
          [
            22.0,
            13.0,
            41.0,
            9.0
          ],
          [
            21.0,
            8.0,
            29.0,
            11.0
          ]
        ]
      },
      "route_transition_matrix": {
        "values": [
          [
            142.0,
            38.0,
            252.0,
            85.0
          ],
          [
            26.0,
            83.0,
            88.0,
            78.0
          ],
          [
            269.0,
            96.0,
            820.0,
            214.0
          ],
          [
            72.0,
            49.0,
            218.0,
            186.0
          ]
        ]
      },
      "group_routing": {
        "group_names": [
          "Tempo",
          "Focus",
          "Memory",
          "Exposure"
        ],
        "group_share": [
          0.23992134630680084,
          0.17280976474285126,
          0.3450624942779541,
          0.2422063797712326
        ],
        "group_n_eff": 3.771343151392403,
        "group_cv_usage": 0.24623185048515556,
        "group_top1_max_frac": 0.5073287466347592,
        "group_entropy_mean": 1.251837152725845,
        "group_prior_mean": [
          0.0,
          0.0,
          0.0,
          0.0
        ],
        "factored_group_entropy_mean": 0.0
      },
      "specialization_summary": {
        "mean_top_expert_share": 0.34518471360206604,
        "family_top_expert": [
          {
            "family": "Tempo",
            "expert": "Memory",
            "top_share": 0.3465602695941925
          },
          {
            "family": "Focus",
            "expert": "Memory",
            "top_share": 0.34575915336608887
          },
          {
            "family": "Memory",
            "expert": "Memory",
            "top_share": 0.34387630224227905
          },
          {
            "family": "Exposure",
            "expert": "Memory",
            "top_share": 0.34454312920570374
          }
        ]
      },
      "expert_similarity_mean": 0.3628346920013428,
      "expert_similarity_max": 0.5862321853637695
    }
  },
  "scalar_metrics": {
    "macro_1.entropy_mean": 1.251837152725845,
    "macro_1.n_eff": 3.771343151392403,
    "macro_1.cv_usage": 0.2462318390607834,
    "macro_1.dead_expert_frac": 0.0,
    "macro_1.top1_max_frac": 0.5073287466347592,
    "macro_1.route_jitter_adjacent": 0.5467599410898379,
    "macro_1.route_jitter_session": 0.35725614541404027,
    "macro_1.route_consistency_knn_js": 0.015143444663599917,
    "macro_1.route_consistency_knn_score": 0.9849706406868081,
    "macro_1.route_consistency_group_knn_js": 0.015143444663599917,
    "macro_1.route_consistency_group_knn_score": 0.9849706406868081,
    "macro_1.route_consistency_intra_group_knn_mean_js": 0.0,
    "macro_1.route_consistency_intra_group_knn_mean_score": 1.0,
    "macro_1.route_consistency_feature_group_knn_mean_js": 0.02415092215773782,
    "macro_1.route_consistency_feature_group_knn_mean_score": 0.9761460288979662,
    "macro_1.route_consistency_feature_group_knn_tempo_js": 0.017311345637319953,
    "macro_1.route_consistency_feature_group_knn_tempo_score": 0.9828376347839551,
    "macro_1.route_consistency_feature_group_knn_focus_js": 0.026399715855551297,
    "macro_1.route_consistency_feature_group_knn_focus_score": 0.9739457102505488,
    "macro_1.route_consistency_feature_group_knn_memory_js": 0.026790284273917216,
    "macro_1.route_consistency_feature_group_knn_memory_score": 0.9735653920898877,
    "macro_1.route_consistency_feature_group_knn_exposure_js": 0.026102342864162804,
    "macro_1.route_consistency_feature_group_knn_exposure_score": 0.9742353784674733,
    "macro_1.condition_norm": 0.0,
    "macro_1.stage_delta_norm": 8.775413676236045,
    "macro_1.shared_delta_norm": 7.38523101076555,