stage_name,stage_key,split,aggregation_level,node_kind,node_name,route_space,support_size,wrapper_name,source_type,temperature,top_k,entropy_norm,n_eff_norm,top1_monopoly_norm,jitter_adj_norm,knn_consistency_score,knn_consistency_js,n_eff,cv_usage,top1_max_frac,entropy_mean
macro,macro@1,best_valid,session,final,final.expert,expert,12,GroupConditionalProductWrapper,,,,0.9307242695965066,0.9753064673781423,0.35388518615468256,0.0,0.9947307555515086,0.005283175877306093,11.703677608537708,0.1591179851748961,0.407728087308459,2.3127629266394387
macro,macro@1,best_valid,session,final,final.group,group,4,GroupConditionalProductWrapper,,,,0.9610678542065653,0.9951574412878311,0.3301876872341806,0.0,0.9985323754646466,0.0014687025511191242,3.9806297651513245,0.06975813210010529,0.49764076542563546,1.3323229469401545
macro,macro@1,best_valid,session,final,final.intra.Exposure,intra,3,GroupConditionalProductWrapper,,,,0.7610027697004387,0.986939064694767,0.26097564249709715,0.0,0.9924310981135989,0.007597691386216653,2.960817194084301,0.11503833189492428,0.5073170949980648,0.8360469945033694
macro,macro@1,best_valid,session,final,final.intra.Focus,intra,3,GroupConditionalProductWrapper,,,,0.9885310168878891,0.9998657883551493,0.10069199739578093,0.0,0.9992736425338807,0.0007266213915140705,2.9995973650654477,0.011584445023255199,0.4004613315971873,1.0860123228826177
macro,macro@1,best_valid,session,final,final.intra.Memory,intra,3,GroupConditionalProductWrapper,,,,0.9234411239856186,0.9929645840483657,0.48010926981186525,0.0,0.9968385240102371,0.003166484012928676,2.978893752145097,0.08417479458075681,0.6534061798745768,1.0145037666720922
macro,macro@1,best_valid,session,final,final.intra.Tempo,intra,3,GroupConditionalProductWrapper,,,,0.905177500622155,0.9947882058427889,0.255706797146098,0.0,0.996631368895064,0.003374317717020298,2.984364617528367,0.07238184444958436,0.503804531430732,0.9944391256093851
