best_mrr20,epoch,epoch_time_sec,eval,lr,patience_used,train_loss,trial,valid_mrr20
0.0134,1,17.68771767616272,1,0.0002738,0,685.4414358139038,1,0.0134
0.0157,3,17.287402153015137,1,0.0002738,0,601.7822690010071,1,0.0157
0.0175,10,19.205808639526367,1,0.0002738,3,514.1513676643372,1,0.0165
0.0179,16,19.713865995407104,1,0.0002738,0,469.0601053237915,1,0.0179
0.0179,26,17.20523476600647,1,0.0002738,10,409.9367575645447,1,0.0146
