{
  "split": "best_valid",
  "feature_mode": "none",
  "stages": [
    {
      "stage": "macro@1",
      "n_eff": 9.296188491273439,
      "cv_usage": 1.07304213832256,
      "top1_max_frac": 0.32315118901594586,
      "entropy_mean": 1.8383561662891228,
      "route_jitter_adjacent": 0.819371727748691,
      "route_consistency_knn_js": 0.08019356674451629,
      "route_consistency_knn_score": 0.9229376790532409,
      "route_consistency_group_knn_js": 0.02648212447034253,
      "route_consistency_group_knn_score": 0.9738654520407145,
      "route_consistency_intra_group_knn_mean_js": 0.06041330935512825,
      "route_consistency_intra_group_knn_mean_score": 0.9414481018366747,
      "route_consistency_feature_group_knn_mean_score": 0.9041830449741953,
      "family_top_expert_mean_share": 0.22627097368240356,
      "route_consistency_feature_group_knn_tempo_js": 0.10122362318363283,
      "route_consistency_feature_group_knn_tempo_score": 0.9037309151032126,
      "route_consistency_feature_group_knn_focus_js": 0.10477862885489604,
      "route_consistency_feature_group_knn_focus_score": 0.900523850518708,
      "route_consistency_feature_group_knn_memory_js": 0.1044947517091937,
      "route_consistency_feature_group_knn_memory_score": 0.9007795249473767,
      "route_consistency_feature_group_knn_exposure_js": 0.09244660548940323,
      "route_consistency_feature_group_knn_exposure_score": 0.9116978893274842
    }
  ]
}
