stage_name,stage_key,split,aggregation_level,node_kind,node_name,route_space,support_size,wrapper_name,source_type,temperature,top_k,entropy_norm,n_eff_norm,top1_monopoly_norm,jitter_adj_norm,knn_consistency_score,knn_consistency_js,n_eff,cv_usage,top1_max_frac,entropy_mean
mid,mid@1,best_valid,session,final,final.expert,expert,16,FlatJointWrapper,,,,0.9236155327858812,0.9854441372496847,0.05664256468333478,0.6833799949096462,0.9566469388119299,0.044320880560149344,15.767106195994955,0.12153580019091369,0.11560240439062636,2.560806009887621
mid,mid@1,best_valid,session,final,final.group,group,4,FlatJointWrapper,,,,0.9691369983649096,0.9964388327353708,0.08842233644045645,0.0,0.9914249139904745,0.00861206360200399,3.9857553309414833,0.059783000499010086,0.31631675233034234,1.343509155985931
mid,mid@1,best_valid,session,final,final.intra.Exposure,intra,4,FlatJointWrapper,,,,0.8846713449179684,0.9877931371015907,0.10154775386938468,0.0,0.9657408043557721,0.034859799245746385,3.9511725484063627,0.11116524785757065,0.3261608154020385,1.2264148969041293
mid,mid@1,best_valid,session,final,final.intra.Focus,intra,4,FlatJointWrapper,,,,0.8742752105880968,0.9809261807154162,0.2200249731393559,0.0,0.9625962448342567,0.03812122318633384,3.9237047228616646,0.1394440233707428,0.41501872985451693,1.2120027945051834
mid,mid@1,best_valid,session,final,final.intra.Memory,intra,4,FlatJointWrapper,,,,0.887585087903691,0.991263615888374,0.04788454278828006,0.0,0.9668717679888416,0.0336894003997946,3.965054463553496,0.09387926757335663,0.28591340709121005,1.2304542023749891
mid,mid@1,best_valid,session,final,final.intra.Tempo,intra,4,FlatJointWrapper,,,,0.8990683527515084,0.9919438194660659,0.05566686993640565,0.0,0.9676630540712018,0.03287133693826755,3.9677752778642636,0.09011989086866379,0.29175015245230423,1.2463733876807648
