best_mrr20,epoch,epoch_time_sec,eval,lr,patience_used,train_loss,trial,valid_mrr20
0.0109,1,23.80946111679077,1,0.00034992070542535163,0,683.5777139663696,1,0.0109
0.0155,3,22.717048168182373,1,0.00034928682780526084,0,595.0148067474365,1,0.0155
0.0177,10,22.69231152534485,1,0.00034213620104419886,0,485.0647683143616,1,0.0177
0.0177,20,22.36530351638794,1,0.00031933006556114174,10,340.545419216156,1,0.0156
