stage_name,stage_key,split,aggregation_level,node_kind,node_name,route_space,support_size,wrapper_name,source_type,temperature,top_k,entropy_norm,n_eff_norm,top1_monopoly_norm,jitter_adj_norm,knn_consistency_score,knn_consistency_js,n_eff,cv_usage,top1_max_frac,entropy_mean
macro,macro@1,best_valid,session,final,final.expert,expert,16,FlatJointWrapper,,,,0.9185115731371334,0.9764087732140714,0.08461248076197116,0.724357342835327,0.9551466391341367,0.04589040145726535,15.622540371425142,0.1554385685397901,0.14182420071434795,2.546654828926736
macro,macro@1,best_valid,session,final,final.group,group,4,FlatJointWrapper,,,,0.941804947717814,0.9875146371246807,0.13546476173882746,0.0,0.9859768261817464,0.01412242751396746,3.9500585484987227,0.11244220286607742,0.3515985713041206,1.305618888296019
macro,macro@1,best_valid,session,final,final.intra.Exposure,intra,4,FlatJointWrapper,,,,0.891325700581697,0.993287859487189,0.08389232511542814,0.0,0.9664540621972552,0.0341215115230869,3.973151437948756,0.08220358937978745,0.3129192438365711,1.2356397926376426
macro,macro@1,best_valid,session,final,final.intra.Focus,intra,4,FlatJointWrapper,,,,0.8946532466203415,0.9895387571336174,0.09016464848854433,0.0,0.9675105732065995,0.03302892575900023,3.9581550285344695,0.10281921923160553,0.31762348636640825,1.2402527509473822
macro,macro@1,best_valid,session,final,final.intra.Memory,intra,4,FlatJointWrapper,,,,0.9122323588144265,0.9988394155760265,0.04428376455556523,0.0,0.9717114344159873,0.028696396771599266,3.995357662304106,0.034088021313430146,0.2832128234166739,1.2646225750555362
macro,macro@1,best_valid,session,final,final.intra.Tempo,intra,4,FlatJointWrapper,,,,0.9205102609067627,0.9955930280307723,0.09527543049626856,0.0,0.9730923921485174,0.027276245344741934,3.9823721121230893,0.066532660516063,0.3214565728722014,1.2760981840480443
