{
  "split": "best_valid",
  "feature_mode": "runtime:unknown|ablation:none",
  "stages": [
    {
      "stage": "macro@1",
      "n_eff": 11.943000083999276,
      "cv_usage": 0.06908426414179014,
      "top1_max_frac": 0.19232170907948476,
      "entropy_mean": 2.4459623880772856,
      "route_jitter_adjacent": 0.5555344794881965,
      "route_consistency_knn_js": 0.013430403903115671,
      "route_consistency_knn_score": 0.9866593815701997,
      "route_consistency_group_knn_js": 0.003809973034176498,
      "route_consistency_group_knn_score": 0.9961972757043293,
      "route_consistency_intra_group_knn_mean_js": 0.009542269738538783,
      "route_consistency_intra_group_knn_mean_score": 0.9905040236140982,
      "route_consistency_feature_group_knn_mean_score": 0.9870515410739923,
      "family_top_expert_mean_share": 0.09164917469024658,
      "route_consistency_feature_group_knn_tempo_js": 0.013048860565479638,
      "route_consistency_feature_group_knn_tempo_score": 0.9870359067095154,
      "route_consistency_feature_group_knn_focus_js": 0.013132731591091056,
      "route_consistency_feature_group_knn_focus_score": 0.9869531264671848,
      "route_consistency_feature_group_knn_memory_js": 0.012989556020591063,
      "route_consistency_feature_group_knn_memory_score": 0.9870944441605027,
      "route_consistency_feature_group_knn_exposure_js": 0.012960944377200705,
      "route_consistency_feature_group_knn_exposure_score": 0.9871226869587661
    }
  ]
}
