best_mrr20,epoch,epoch_time_sec,eval,lr,patience_used,train_loss,trial,valid_mrr20
0.0735,1,37.23088240623474,1,0.00056966,0,2368.358823776245,1,0.0735
0.18,3,38.510913133621216,1,0.00056966,0,1735.4889283180237,1,0.18
0.2813,10,36.66666293144226,1,0.00056966,0,927.9144465923309,1,0.2813
0.2943,18,36.9854416847229,1,0.00056966,0,726.9670524597168,1,0.2943
0.2943,28,36.09012413024902,1,0.00056966,10,634.8447597026825,1,0.2822
