{
  "best_trial": 2,
  "mrr@20": 0.0754,
  "feature_ablation_metrics": {
    "feature_zero_delta_mrr": 0.000899999999999998,
    "feature_shuffle_delta_mrr": 0.0006999999999999923,
    "route_change_under_feature_shuffle": 0.007204211692989737,
    "route_change_under_feature_zero": 0.02853976170684399,
    "family_tempo_zero_delta_mrr": 0.0002999999999999947,
    "family_tempo_shuffle_delta_mrr": 9.999999999998899e-05,
    "family_tempo_route_change_under_zero": 0.009143807148794675,
    "family_tempo_route_change_under_shuffle": 0.004156275976724862,
    "family_focus_zero_delta_mrr": 0.0007999999999999952,
    "family_focus_shuffle_delta_mrr": -0.00010000000000000286,
    "family_focus_route_change_under_zero": 0.020781379883624277,
    "family_focus_route_change_under_shuffle": 0.007204211692989727,
    "family_memory_zero_delta_mrr": -0.0012000000000000066,
    "family_memory_shuffle_delta_mrr": 0.0,
    "family_memory_route_change_under_zero": 0.026877251316154045,
    "family_memory_route_change_under_shuffle": 0.007481296758104744,
    "family_exposure_zero_delta_mrr": 0.0006999999999999923,
    "family_exposure_shuffle_delta_mrr": -0.00020000000000000573,
    "family_exposure_route_change_under_zero": 0.009420892213909682,
    "family_exposure_route_change_under_shuffle": 0.00554170130229981,
    "early_feature_zero_delta_mrr": 0.0,
    "early_feature_shuffle_delta_mrr": 0.0,
    "early_route_change_under_feature_shuffle": 0.011083402604599623,
    "early_route_change_under_feature_zero": 0.03990024937655861,
    "early_family_tempo_zero_delta_mrr": -0.00010000000000000005,
    "early_family_tempo_shuffle_delta_mrr": 0.0,
    "early_family_tempo_route_change_under_zero": 0.016070933776669453,
    "early_family_tempo_route_change_under_shuffle": 0.005264616237184796,
    "early_family_focus_zero_delta_mrr": 0.0,
    "early_family_focus_shuffle_delta_mrr": 0.0,
    "early_family_focus_route_change_under_zero": 0.03602105846494875,
    "early_family_focus_route_change_under_shuffle": 0.008312551953449678,
    "early_family_memory_zero_delta_mrr": -0.00010000000000000005,
    "early_family_memory_shuffle_delta_mrr": 0.0,
    "early_family_memory_route_change_under_zero": 0.02687725131615406,
    "early_family_memory_route_change_under_shuffle": 0.008589637018564696,
    "early_family_exposure_zero_delta_mrr": 0.0,
    "early_family_exposure_shuffle_delta_mrr": 0.0,
    "early_family_exposure_route_change_under_zero": 0.004710446106954841,
    "early_family_exposure_route_change_under_shuffle": 0.003047935716264879
  }
}
