{
  "split": "best_valid",
  "feature_mode": "none",
  "stages": [
    {
      "stage": "macro@1",
      "n_eff": 3.5428163813395632,
      "cv_usage": 0.35922864079475403,
      "top1_max_frac": 0.43959957266648203,
      "entropy_mean": 1.2482507425167175,
      "route_jitter_adjacent": 0.0,
      "route_consistency_knn_js": 0.005328626488235617,
      "route_consistency_knn_score": 0.9946855454583794,
      "route_consistency_group_knn_js": 0.005328626488235617,
      "route_consistency_group_knn_score": 0.9946855454583794,
      "route_consistency_intra_group_knn_mean_js": 0.0,
      "route_consistency_intra_group_knn_mean_score": 1.0,
      "route_consistency_feature_group_knn_mean_score": 0.9848111266715627,
      "family_top_expert_mean_share": 0.31809139251708984,
      "route_consistency_feature_group_knn_tempo_js": 0.007486474210788741,
      "route_consistency_feature_group_knn_tempo_score": 0.9925414796351846,
      "route_consistency_feature_group_knn_focus_js": 0.01661765531118545,
      "route_consistency_feature_group_knn_focus_score": 0.9835196562718704,
      "route_consistency_feature_group_knn_memory_js": 0.017222340974374375,
      "route_consistency_feature_group_knn_memory_score": 0.9829251158094211,
      "route_consistency_feature_group_knn_exposure_js": 0.01993921655489738,
      "route_consistency_feature_group_knn_exposure_score": 0.9802582549697749
    }
  ]
}
