stage_name,stage_key,split,aggregation_level,node_kind,node_name,route_space,support_size,wrapper_name,source_type,temperature,top_k,entropy_norm,n_eff_norm,top1_monopoly_norm,jitter_adj_norm,knn_consistency_score,knn_consistency_js,n_eff,cv_usage,top1_max_frac,entropy_mean
macro,macro@1,best_valid,session,final,final.expert,expert,12,ScalarGroupConditionalProductWrapper,,,,0.7996241942424095,0.5763396073397314,0.8580873926203093,0.0,0.9726521216869761,0.02772879239387872,6.916075288076777,0.8573726585659196,0.8699134432352835,1.986991477604335
macro,macro@1,best_valid,session,final,final.group,group,4,ScalarGroupConditionalProductWrapper,,,,0.9452825216783659,0.9299404717165825,0.792646865160603,0.0,0.9969089742366587,0.003095812850694855,3.71976188686633,0.27447709441185,0.8444851488704522,1.3104398294679094
macro,macro@1,best_valid,session,final,final.intra.Exposure,intra,3,ScalarGroupConditionalProductWrapper,,,,0.39012477216479197,0.490524006334014,0.8815860359875014,0.0,0.975565613941254,0.024737859324204237,1.471572019002042,1.0191350573559088,0.9210573573250009,0.428595868814087
macro,macro@1,best_valid,session,final,final.intra.Focus,intra,3,ScalarGroupConditionalProductWrapper,,,,0.7429890382906356,0.9873266657715695,0.29339510828574505,0.0,0.9758283635734977,0.024468565028066054,2.9619799973147085,0.11329610308122327,0.5289300721904967,0.816256887811793
macro,macro@1,best_valid,session,final,final.intra.Memory,intra,3,ScalarGroupConditionalProductWrapper,,,,0.6953929905693872,0.7573064153346323,0.6949143411270337,0.0,0.9569113853685821,0.04404448808755627,2.271919246003897,0.5661002228826219,0.7966095607513558,0.7639672848931958
macro,macro@1,best_valid,session,final,final.intra.Tempo,intra,3,ScalarGroupConditionalProductWrapper,,,,0.7856818031056287,0.7989259472516137,0.6448119814675143,0.0,0.9897590961044237,0.010293702733077196,2.396777841754841,0.501677498021424,0.7632079876450095,0.863159683874762
