{
  "valid": {
    "count": 3621,
    "hit@5": 0.22618061309030654,
    "hit@10": 0.2667771333885667,
    "hit@20": 0.30985915492957744,
    "ndcg@5": 0.163744495475335,
    "ndcg@10": 0.17696502947142295,
    "ndcg@20": 0.18790858774529542,
    "mrr@5": 0.1430636107575923,
    "mrr@10": 0.14857160438081568,
    "mrr@20": 0.1516015301074023
  },
  "test": {
    "count": 3561,
    "hit@5": 0.18056725638865487,
    "hit@10": 0.2252176354956473,
    "hit@20": 0.2603201347935973,
    "ndcg@5": 0.12828923845953968,
    "ndcg@10": 0.14278264670551444,
    "ndcg@20": 0.15179046820268574,
    "mrr@5": 0.11102686544560676,
    "mrr@10": 0.11704254248099727,
    "mrr@20": 0.11958549171163105
  },
  "slice_metrics": {
    "valid": {
      "target_popularity_abs": {
        "cold_0": {
          "count": 948,
          "hit@5": 0.0,
          "hit@10": 0.0,
          "hit@20": 0.0010548523206751054,
          "ndcg@5": 0.0,
          "ndcg@10": 0.0,
          "ndcg@20": 0.00026999791211719754,
          "mrr@5": 0.0,
          "mrr@10": 0.0,
          "mrr@20": 7.534659770219135e-05
        },
        "rare_1_5": {
          "count": 1134,
          "hit@5": 0.0855379188712522,
          "hit@10": 0.12345679012345678,
          "hit@20": 0.1657848324514991,
          "ndcg@5": 0.05407196480445761,
          "ndcg@10": 0.06639548179544048,
          "ndcg@20": 0.0771132511147536,
          "mrr@5": 0.04378306898543023,
          "mrr@10": 0.04890295654219925,
          "mrr@20": 0.0518519698725964
        },
        "6_20": {
          "count": 832,
          "hit@5": 0.3762019230769231,
          "hit@10": 0.44711538461538464,
          "hit@20": 0.5204326923076923,
          "ndcg@5": 0.2677073246584489,
          "ndcg@10": 0.2907779302376394,
          "ndcg@20": 0.30944914198838747,
          "mrr@5": 0.23183093008656913,
          "mrr@10": 0.2414291446061375,
          "mrr@20": 0.24662378504693222
        },
        "21_100": {
          "count": 606,
          "hit@5": 0.599009900990099,
          "hit@10": 0.6567656765676567,
          "hit@20": 0.7211221122112211,
          "ndcg@5": 0.45053053561216927,
          "ndcg@10": 0.4695883734096395,
          "ndcg@20": 0.486042283475399,
          "mrr@5": 0.4011001107913039,
          "mrr@10": 0.4091846099363105,
          "mrr@20": 0.4137958913008765
        },
        "101+": {
          "count": 101,
          "hit@5": 0.45544554455445546,
          "hit@10": 0.5544554455445545,
          "hit@20": 0.6237623762376238,
          "ndcg@5": 0.3549228844666245,
          "ndcg@10": 0.3861396348122323,
          "ndcg@20": 0.40308219327194855,
          "mrr@5": 0.32112211239810035,
          "mrr@10": 0.3335337109937526,
          "mrr@20": 0.3378839487265242
        }
      },
      "target_popularity_abs_legacy": {
        "<=5": {
          "count": 2082,
          "hit@5": 0.046589817483189244,
          "hit@10": 0.06724303554274735,
          "hit@20": 0.09077809798270893,
          "ndcg@5": 0.02945130071481985,
          "ndcg@10": 0.03616353331221398,
          "ndcg@20": 0.042124104123351436,
          "mrr@5": 0.023847262358058542,
          "mrr@10": 0.026635904283791523,
          "mrr@20": 0.02827644688287512
        },
        "6-20": {
          "count": 832,
          "hit@5": 0.3762019230769231,
          "hit@10": 0.44711538461538464,
          "hit@20": 0.5204326923076923,
          "ndcg@5": 0.2677073246584489,
          "ndcg@10": 0.2907779302376394,
          "ndcg@20": 0.30944914198838747,
          "mrr@5": 0.23183093008656913,
          "mrr@10": 0.2414291446061375,
          "mrr@20": 0.24662378504693222
        },
        "21-100": {
          "count": 606,
          "hit@5": 0.599009900990099,
          "hit@10": 0.6567656765676567,
          "hit@20": 0.7211221122112211,
          "ndcg@5": 0.45053053561216927,
          "ndcg@10": 0.4695883734096395,
          "ndcg@20": 0.486042283475399,
          "mrr@5": 0.4011001107913039,
          "mrr@10": 0.4091846099363105,
          "mrr@20": 0.4137958913008765
        },
        ">100": {
          "count": 101,
          "hit@5": 0.45544554455445546,
          "hit@10": 0.5544554455445545,
          "hit@20": 0.6237623762376238,
          "ndcg@5": 0.3549228844666245,
          "ndcg@10": 0.3861396348122323,
          "ndcg@20": 0.40308219327194855,
          "mrr@5": 0.32112211239810035,
          "mrr@10": 0.3335337109937526,
          "mrr@20": 0.3378839487265242
        }
      },
      "session_len": {
        "<=7": {
          "count": 3391,
          "hit@5": 0.2173400176938956,
          "hit@10": 0.25626658802713065,
          "hit@20": 0.29725744618106753,
          "ndcg@5": 0.15821903995868555,
          "ndcg@10": 0.1708341970165301,
          "ndcg@20": 0.18125438355337867,
          "mrr@5": 0.13859726760159619,
          "mrr@10": 0.1438162647862239,
          "mrr@20": 0.14670642731978772
        },
        "8-12": {
          "count": 230,
          "hit@5": 0.3565217391304348,
          "hit@10": 0.4217391304347826,
          "hit@20": 0.4956521739130435,
          "ndcg@5": 0.24520892876645792,
          "ndcg@10": 0.26735482449116915,
          "ndcg@20": 0.286014702592207,
          "mrr@5": 0.2089130439836046,
          "mrr@10": 0.21868185031673182,
          "mrr@20": 0.22377237164131972
        }
      },
      "session_len_legacy": {
        "1-2": {
          "count": 2078,
          "hit@5": 0.18142444658325313,
          "hit@10": 0.20741097208854667,
          "hit@20": 0.23676612127045235,
          "ndcg@5": 0.13285129750371552,
          "ndcg@10": 0.14118796691685714,
          "ndcg@20": 0.14864269364356306,
          "mrr@5": 0.1166666669482446,
          "mrr@10": 0.12006641801400066,
          "mrr@20": 0.1221298219705999
        },
        "3-5": {
          "count": 1143,
          "hit@5": 0.2694663167104112,
          "hit@10": 0.32808398950131235,
          "hit@20": 0.38495188101487315,
          "ndcg@5": 0.19479914894775666,
          "ndcg@10": 0.2139600749508081,
          "ndcg@20": 0.22846356626153513,
          "mrr@5": 0.17012248510920155,
          "mrr@10": 0.1781475238195659,
          "mrr@20": 0.18219720230992698
        },
        "6-10": {
          "count": 400,
          "hit@5": 0.335,
          "hit@10": 0.4,
          "hit@20": 0.475,
          "ndcg@5": 0.23549598664045335,
          "ndcg@10": 0.25711352698504925,
          "ndcg@20": 0.27600905649363994,
          "mrr@5": 0.2028750003874302,
          "mrr@10": 0.21214285776019096,
          "mrr@20": 0.21727992055937648
        }
      }
    },
    "test": {
      "target_popularity_abs": {
        "cold_0": {
          "count": 1059,
          "hit@5": 0.0,
          "hit@10": 0.0,
          "hit@20": 0.0,
          "ndcg@5": 0.0,
          "ndcg@10": 0.0,
          "ndcg@20": 0.0,
          "mrr@5": 0.0,
          "mrr@10": 0.0,
          "mrr@20": 0.0
        },
        "rare_1_5": {
          "count": 1086,
          "hit@5": 0.07642725598526703,
          "hit@10": 0.1132596685082873,
          "hit@20": 0.15377532228360957,
          "ndcg@5": 0.05266521423780677,
          "ndcg@10": 0.06428390030593065,
          "ndcg@20": 0.07464135097919468,
          "mrr@5": 0.04468999399664652,
          "mrr@10": 0.04931925833362462,
          "mrr@20": 0.05221947698989406
        },
        "6_20": {
          "count": 802,
          "hit@5": 0.3029925187032419,
          "hit@10": 0.39900249376558605,
          "hit@20": 0.4613466334164589,
          "ndcg@5": 0.2081725311992769,
          "ndcg@10": 0.2395476069756577,
          "ndcg@20": 0.25566073072298506,
          "mrr@5": 0.17709892003464878,
          "mrr@10": 0.1902456171160327,
          "mrr@20": 0.19485928695137958
        },
        "21_100": {
          "count": 507,
          "hit@5": 0.5364891518737672,
          "hit@10": 0.6074950690335306,
          "hit@20": 0.6548323471400395,
          "ndcg@5": 0.3919431957502572,