{
  "split": "best_valid",
  "feature_mode": "runtime:unknown|ablation:none",
  "stages": [
    {
      "stage": "macro@1",
      "n_eff": 7.880325988688822,
      "cv_usage": 0.7230351500798717,
      "top1_max_frac": 0.8934977578475336,
      "entropy_mean": 2.057915520774944,
      "route_jitter_adjacent": 0.0,
      "route_consistency_knn_js": 0.0017729643999674675,
      "route_consistency_knn_score": 0.998228606372969,
      "route_consistency_group_knn_js": 0.00034530814945032344,
      "route_consistency_group_knn_score": 0.999654751462547,
      "route_consistency_intra_group_knn_mean_js": 0.0014199373407729051,
      "route_consistency_intra_group_knn_mean_score": 0.9985840362820169,
      "route_consistency_feature_group_knn_mean_score": 0.9972706490637805,
      "family_top_expert_mean_share": 0.16289284825325012,
      "route_consistency_feature_group_knn_tempo_js": 0.0007104630295359537,
      "route_consistency_feature_group_knn_tempo_score": 0.9992897892895642,
      "route_consistency_feature_group_knn_focus_js": 0.003262997814342736,
      "route_consistency_feature_group_knn_focus_score": 0.996742319977472,
      "route_consistency_feature_group_knn_memory_js": 0.0037646050278269693,
      "route_consistency_feature_group_knn_memory_score": 0.9962424722138888,
      "route_consistency_feature_group_knn_exposure_js": 0.0031970904774643017,
      "route_consistency_feature_group_knn_exposure_score": 0.9968080147741966
    }
  ]
}
