best_mrr20,epoch,epoch_time_sec,eval,lr,patience_used,train_loss,trial,valid_mrr20
0.0118,1,23.731804132461548,1,0.00034992070542535163,0,665.2018909454346,1,0.0118
0.0161,3,22.865785360336304,1,0.00034928682780526084,0,574.8380756378174,1,0.0161
0.0182,4,23.72016453742981,1,0.00034873288302085027,0,550.4958844184875,1,0.0182
0.0182,10,22.76519250869751,1,0.00034213620104419886,6,424.9503765106201,1,0.0169
0.0182,14,23.297511100769043,1,0.0003347109297801429,10,339.37384843826294,1,0.0153
