stage_name,stage_key,split,aggregation_level,node_kind,node_name,route_space,support_size,wrapper_name,source_type,temperature,top_k,entropy_norm,n_eff_norm,top1_monopoly_norm,jitter_adj_norm,knn_consistency_score,knn_consistency_js,n_eff,cv_usage,top1_max_frac,entropy_mean
macro,macro@1,best_valid,session,final,final.expert,expert,16,FlatJointWrapper,,,,0.8632111505436932,0.9849973744700797,0.03808288555370267,0.7231283981597658,0.9162124833952923,0.08750697243644927,15.759957991521276,0.12341499328613281,0.09820270520659626,2.39332950090907
macro,macro@1,best_valid,session,final,final.group,group,4,FlatJointWrapper,,,,0.9141291974810893,0.9944979370524165,0.09085294299302078,0.0,0.9733865960463636,0.02697395191966944,3.977991748209666,0.07438121736049652,0.3181397072447656,1.267252151803085
macro,macro@1,best_valid,session,final,final.intra.Exposure,intra,4,FlatJointWrapper,,,,0.8283312410953058,0.9953236940586282,0.06837131739855473,0.0,0.9429096924123139,0.058784767199339574,3.9812947762345128,0.06854326277971268,0.30127848804891605,1.148310928669863
macro,macro@1,best_valid,session,final,final.intra.Focus,intra,4,FlatJointWrapper,,,,0.8460633260537433,0.9912132501946717,0.11395219566425789,0.0,0.9429728714953343,0.05871776506012561,3.9648530007786866,0.09415216743946075,0.3354641467481934,1.1728928180586438
macro,macro@1,best_valid,session,final,final.intra.Memory,intra,4,FlatJointWrapper,,,,0.8568060829883725,0.9895865012630823,0.12692236427644987,0.0,0.9480676832010095,0.053329383494017106,3.9583460050523294,0.10258247703313828,0.3451917732073374,1.1877854414200018
macro,macro@1,best_valid,session,final,final.intra.Tempo,intra,4,FlatJointWrapper,,,,0.8446047143284491,0.9902978387029407,0.09048236674695816,0.0,0.9471636191506658,0.054283424425902074,3.961191354811763,0.09898097068071365,0.3178617750602186,1.170870752848805
