stage_name,stage_key,split,aggregation_level,node_kind,node_name,route_space,support_size,wrapper_name,source_type,temperature,top_k,entropy_norm,n_eff_norm,top1_monopoly_norm,jitter_adj_norm,knn_consistency_score,knn_consistency_js,n_eff,cv_usage,top1_max_frac,entropy_mean
macro,macro@1,best_valid,session,final,final.expert,expert,20,FlatJointWrapper,,,,0.8353497224917045,0.7490679633020806,0.22996665882250042,0.8408652521355745,0.9615700835379576,0.039187826814567,14.981359266041611,0.5787851202668977,0.26846832588137537,2.5024841233727693
macro,macro@1,best_valid,session,final,final.group,group,4,FlatJointWrapper,,,,0.9345253183419943,0.9793476299006737,0.3264485155435972,0.0,0.9913756928681926,0.008661711682725478,3.917390519602695,0.14521706104278564,0.4948363866576979,1.2955271791412772
macro,macro@1,best_valid,session,final,final.intra.Exposure,intra,5,FlatJointWrapper,,,,0.7343777149197644,0.7025436257559721,0.5295869109326159,0.0,0.9744655209862204,0.02586614189573137,3.5127181287798606,0.6506911568240649,0.6236695287460927,1.1819353364385905
macro,macro@1,best_valid,session,final,final.intra.Focus,intra,5,FlatJointWrapper,,,,0.7617833334216115,0.755790624321103,0.41355399042456376,0.0,0.9723657694671153,0.028023239270930086,3.778953121605515,0.5684345503384687,0.530843192339651,1.2260429778691686
macro,macro@1,best_valid,session,final,final.intra.Memory,intra,5,FlatJointWrapper,,,,0.7855734546717957,0.8852647165713252,0.2641356388240414,0.0,0.9707225677088409,0.029714569632548475,4.426323582856626,0.36000772774207995,0.41130851105923316,1.2643317009506192
macro,macro@1,best_valid,session,final,final.intra.Tempo,intra,5,FlatJointWrapper,,,,0.8351367934892754,0.8926445297894394,0.33891900447117473,0.0,0.978342231904265,0.02189573978621403,4.463222648947197,0.34679494281418705,0.47113520357693983,1.3441008175102878
