{
  "model": "GRU4Rec",
  "dataset": "movielens1m",
  "dataset_raw": "movielens1m",
  "max_evals": 4,
  "tune_epochs": 24,
  "n_completed": 4,
  "n_recorded_trials": 4,
  "timestamp": "2026-04-09T05:02:46.899392",
  "trials": [
    {
      "trial": 1,
      "params": {
        "learning_rate": 0.0014746549794973757
      },
      "mrr@20": 0.0524,
      "valid_result": {
        "hit@5": 0.0706,
        "hit@10": 0.1283,
        "hit@20": 0.199,
        "ndcg@5": 0.0477,
        "ndcg@10": 0.0662,
        "ndcg@20": 0.0839,
        "mrr@5": 0.0401,
        "mrr@10": 0.0476,
        "mrr@20": 0.0524
      },
      "test_result": {
        "hit@5": 0.0725,
        "hit@10": 0.1177,
        "hit@20": 0.2035,
        "ndcg@5": 0.0448,
        "ndcg@10": 0.0593,
        "ndcg@20": 0.0808,
        "mrr@5": 0.0358,
        "mrr@10": 0.0418,
        "mrr@20": 0.0475
      },
      "best_hr@10": 0.1283,
      "test_mrr@20": 0.0475,
      "test_hr@10": 0.1177,
      "epochs_run": 24,
      "early_stop_epoch": 24,
      "early_stopped": true,
      "elapsed": 62.8,
      "status": "ok"
    },
    {
      "trial": 2,
      "params": {
        "learning_rate": 0.0010913978735917287
      },
      "mrr@20": 0.0428,
      "valid_result": {
        "hit@5": 0.0628,
        "hit@10": 0.1131,
        "hit@20": 0.1925,
        "ndcg@5": 0.0387,
        "ndcg@10": 0.0548,
        "ndcg@20": 0.0747,
        "mrr@5": 0.0309,
        "mrr@10": 0.0374,
        "mrr@20": 0.0428
      },
      "test_result": {
        "hit@5": 0.0678,
        "hit@10": 0.1163,
        "hit@20": 0.1984,
        "ndcg@5": 0.0431,
        "ndcg@10": 0.0588,
        "ndcg@20": 0.0793,
        "mrr@5": 0.0351,
        "mrr@10": 0.0416,
        "mrr@20": 0.0471
      },
      "best_hr@10": 0.1131,
      "test_mrr@20": 0.0471,
      "test_hr@10": 0.1163,
      "epochs_run": 24,
      "early_stop_epoch": 24,
      "early_stopped": false,
      "elapsed": 61.4,
      "status": "ok"
    },
    {
      "trial": 3,
      "params": {
        "learning_rate": 0.0014597757535066177
      },
      "mrr@20": 0.052,
      "valid_result": {
        "hit@5": 0.0706,
        "hit@10": 0.1283,
        "hit@20": 0.1976,
        "ndcg@5": 0.0474,
        "ndcg@10": 0.0658,
        "ndcg@20": 0.0832,
        "mrr@5": 0.0398,
        "mrr@10": 0.0472,
        "mrr@20": 0.052
      },
      "test_result": {
        "hit@5": 0.0715,
        "hit@10": 0.1195,
        "hit@20": 0.2035,
        "ndcg@5": 0.044,
        "ndcg@10": 0.0594,
        "ndcg@20": 0.0804,
        "mrr@5": 0.0351,
        "mrr@10": 0.0413,
        "mrr@20": 0.047
      },
      "best_hr@10": 0.1283,
      "test_mrr@20": 0.047,
      "test_hr@10": 0.1195,
      "epochs_run": 24,
      "early_stop_epoch": 24,
      "early_stopped": true,
      "elapsed": 60.2,
      "status": "ok"
    },
    {
      "trial": 4,
      "params": {
        "learning_rate": 0.0012932514782096984
      },
      "mrr@20": 0.0477,
      "valid_result": {
        "hit@5": 0.0683,
        "hit@10": 0.1159,
        "hit@20": 0.1898,
        "ndcg@5": 0.0443,
        "ndcg@10": 0.0596,
        "ndcg@20": 0.0781,
        "mrr@5": 0.0364,
        "mrr@10": 0.0426,
        "mrr@20": 0.0477
      },
      "test_result": {
        "hit@5": 0.0641,
        "hit@10": 0.12,
        "hit@20": 0.1957,
        "ndcg@5": 0.0419,
        "ndcg@10": 0.0599,
        "ndcg@20": 0.0789,
        "mrr@5": 0.0346,
        "mrr@10": 0.042,
        "mrr@20": 0.0472
      },
      "best_hr@10": 0.1159,
      "test_mrr@20": 0.0472,
      "test_hr@10": 0.12,
      "epochs_run": 24,
      "early_stop_epoch": 24,
      "early_stopped": true,
      "elapsed": 60.1,
      "status": "ok"
    }
  ],
  "run_group": "baseline",
  "run_axis": "stageh_targetedrecovery_anchor2_core5",
  "run_phase": "P23_SH_C09_MGRU4REC_XFER_LASTFM0_03_FAD_H2_R1_C1_LRHI_S1",
  "parent_result": "",
  "interrupted": false,
  "interrupted_at": null,
  "tuned_search": {
    "learning_rate": [
      0.0010559842181346846,
      0.001625981784549118
    ]
  },
  "fixed_search": {
    "num_layers": 2,
    "weight_decay": 0.00015,
    "hidden_dropout_prob": 0.13,
    "MAX_ITEM_LIST_LENGTH": 10,
    "n_layers": 2,
    "n_heads": 4,
    "num_heads": 4,
    "dropout_ratio": 0.13,
    "dropout_prob": 0.13,
    "attn_dropout_prob": 0.13,
    "hidden_size": 144,
    "embedding_size": 144,
    "inner_size": 288,
    "time_span": 384,
    "num_experts": 6,
    "state_size": 24,
    "conv_kernel": 6,
    "remaining_ratio": 0.6
  },
  "context_fixed": {
    "num_layers": 2,
    "search_space_type_overrides": {
      "learning_rate": "loguniform",
      "weight_decay": "choice",
      "n_layers": "choice",
      "num_layers": "choice",
      "n_heads": "choice",
      "num_heads": "choice",
      "dropout_ratio": "choice",
      "dropout_prob": "choice",
      "hidden_dropout_prob": "choice",
      "attn_dropout_prob": "choice",
      "hidden_size": "choice",
      "embedding_size": "choice",
      "inner_size": "choice",
      "time_span": "choice",
      "num_experts": "choice",
      "state_size": "choice",
      "conv_kernel": "choice",
      "remaining_ratio": "choice",
      "MAX_ITEM_LIST_LENGTH": "choice"
    }
  },
  "best_params": {
    "learning_rate": 0.0014746549794973757
  },
  "best_mrr@20": 0.0524,
  "best_hr@10": 0.1283,
  "test_mrr@20": 0.0475,
  "test_hr@10": 0.1177,
  "best_valid_result": {
    "hit@5": 0.0706,
    "hit@10": 0.1283,
    "hit@20": 0.199,
    "ndcg@5": 0.0477,
    "ndcg@10": 0.0662,
    "ndcg@20": 0.0839,
    "mrr@5": 0.0401,
    "mrr@10": 0.0476,
    "mrr@20": 0.0524
  },
  "test_result": {
    "hit@5": 0.0725,
    "hit@10": 0.1177,
    "hit@20": 0.2035,
    "ndcg@5": 0.0448,
    "ndcg@10": 0.0593,
    "ndcg@20": 0.0808,
    "mrr@5": 0.0358,
    "mrr@10": 0.0418,
    "mrr@20": 0.0475
  },
  "best_valid_special_metrics": {
    "split": "best_valid",
    "overall": {
      "count": 2166,
      "hit@20": 0.1989843028624192,
      "ndcg@20": 0.0839102438282108,
      "mrr@20": 0.05242290432089364
    },
    "slices": {
      "target_popularity_abs": {
        "rare_1_5": {
          "count": 1940,
          "hit@20": 0.17628865979381445,
          "ndcg@20": 0.07005264348129636,
          "mrr@20": 0.04120188346612699
        },
        "6_20": {
          "count": 226,
          "hit@20": 0.3938053097345133,
          "ndcg@20": 0.20286486627517547,
          "mrr@20": 0.14874494174676658
        }
      },
      "target_popularity_abs_legacy": {
        "<=5": {
          "count": 1940,
          "hit@20": 0.17628865979381445,
          "ndcg@20": 0.07005264348129636,
          "mrr@20": 0.04120188346612699
        },
        "6-20": {
          "count": 226,
          "hit@20": 0.3938053097345133,
          "ndcg@20": 0.20286486627517547,
          "mrr@20": 0.14874494174676658
        }
      },
      "session_len": {
        "<=7": {
          "count": 141,
          "hit@20": 0.1347517730496454,
          "ndcg@20": 0.04791595305956847,
          "mrr@20": 0.024724556648350778
        },
        "8-12": {
          "count": 2025,
          "hit@20": 0.2034567901234568,
          "ndcg@20": 0.08641651296321257,
          "mrr@20": 0.05435153001068551
        }
      },
      "session_len_legacy": {
        "1-2": {
          "count": 38,
          "hit@20": 0.15789473684210525,
          "ndcg@20": 0.05747132630724656,
          "mrr@20": 0.030167566710396818
        },
        "3-5": {
          "count": 59,
          "hit@20": 0.11864406779661017,
          "ndcg@20": 0.03857546438605099,
          "mrr@20": 0.016355208168595523
        },
        "6-10": {
          "count": 2069,
          "hit@20": 0.20202996616723054,
          "ndcg@20": 0.08568860576773911,
          "mrr@20": 0.0538601672025681
        }
      }
    },
    "counts": {
      "target_popularity_abs": {
        "rare_1_5": 1940,
        "6_20": 226
      },
      "target_popularity_abs_legacy": {
        "<=5": 1940,