{
  "split": "best_valid",
  "feature_mode": "runtime:unknown|ablation:none",
  "stages": [
    {
      "stage": "macro@1",
      "n_eff": 11.881245726591814,
      "cv_usage": 0.09997627138737908,
      "top1_max_frac": 0.21391972672929122,
      "entropy_mean": 2.409369829472673,
      "route_jitter_adjacent": 0.0,
      "route_consistency_knn_js": 0.006452378697304461,
      "route_consistency_knn_score": 0.9935683931980653,
      "route_consistency_group_knn_js": 0.004871609131297628,
      "route_consistency_group_knn_score": 0.9951402379106065,
      "route_consistency_intra_group_knn_mean_js": 0.0018123692033765594,
      "route_consistency_intra_group_knn_mean_score": 0.9981924235324143,
      "route_consistency_feature_group_knn_mean_score": 0.9834777537051815,
      "family_top_expert_mean_share": 0.09577988088130951,
      "route_consistency_feature_group_knn_tempo_js": 0.011111086951010598,
      "route_consistency_feature_group_knn_tempo_score": 0.9889504131870634,
      "route_consistency_feature_group_knn_focus_js": 0.015153692625267537,
      "route_consistency_feature_group_knn_focus_score": 0.9849605467971596,
      "route_consistency_feature_group_knn_memory_js": 0.02041575408910263,
      "route_consistency_feature_group_knn_memory_score": 0.9797912364028433,
      "route_consistency_feature_group_knn_exposure_js": 0.01998964998149898,
      "route_consistency_feature_group_knn_exposure_score": 0.9802088184336597
    }
  ]
}
