stage_name,stage_key,split,aggregation_level,node_kind,node_name,route_space,support_size,wrapper_name,source_type,temperature,top_k,entropy_norm,n_eff_norm,top1_monopoly_norm,jitter_adj_norm,knn_consistency_score,knn_consistency_js,n_eff,cv_usage,top1_max_frac,entropy_mean
macro,macro@1,best_valid,session,final,final.expert,expert,12,GroupConditionalProductWrapper,,,,0.8532951937921832,0.9042716028901178,0.17656153993064772,0.0,0.9892314550056545,0.010826945411750935,10.851259234681413,0.32536492343367057,0.24518141160309373,2.1203589012863366
macro,macro@1,best_valid,session,final,final.group,group,4,GroupConditionalProductWrapper,,,,0.8676600389510216,0.9772426606100963,0.12414115583477077,0.0,0.9957156969545045,0.0042935069694617625,3.9089706424403854,0.15260109305381775,0.3431058668760781,1.202832219366866
macro,macro@1,best_valid,session,final,final.intra.Exposure,intra,3,GroupConditionalProductWrapper,,,,0.7755959625524792,0.8728021102633954,0.2581767781514072,0.0,0.9947099301784226,0.005304111784806289,2.618406330790186,0.3817525839283292,0.5054511854342715,0.8520792555015247
macro,macro@1,best_valid,session,final,final.intra.Focus,intra,3,GroupConditionalProductWrapper,,,,0.9541682537579412,0.9974178760878964,0.34245145614776934,0.0,0.9983103605223506,0.0016910685283789044,2.9922536282636893,0.050880078572628544,0.5616343040985129,1.0482609690354656
macro,macro@1,best_valid,session,final,final.intra.Memory,intra,3,GroupConditionalProductWrapper,,,,0.7795638583140709,0.944015965632567,0.30845230184778744,0.0,0.9895677217092479,0.010487075948707665,2.8320478968977008,0.24352396298873535,0.5389682012318583,0.8564384345453635
macro,macro@1,best_valid,session,final,final.intra.Tempo,intra,3,GroupConditionalProductWrapper,,,,0.7791941040004394,0.7856457159469089,0.6915040707703253,0.0,0.9951653949912121,0.004846329515754004,2.3569371478407266,0.5223393135565724,0.7943360471802169,0.85603221791262
