best_mrr20,epoch,epoch_time_sec,eval,lr,patience_used,train_loss,trial,valid_mrr20
0.0143,1,22.65805459022522,1,0.0007998187552579467,0,677.4725723266602,1,0.0143
0.0171,3,22.413267612457275,1,0.0007983698921263105,0,571.1460189819336,1,0.0171
0.0181,7,22.00282335281372,1,0.0007911547232787465,0,508.7067732810974,1,0.0181
0.0181,10,21.91801428794861,1,0.0007820256023867403,3,478.0768151283264,1,0.0175
0.0181,17,21.507148504257202,1,0.0007488740287645918,10,410.69872522354126,1,0.0158
