stage_name,stage_key,split,aggregation_level,node_kind,node_name,route_space,support_size,wrapper_name,source_type,temperature,top_k,entropy_norm,n_eff_norm,top1_monopoly_norm,jitter_adj_norm,knn_consistency_score,knn_consistency_js,n_eff,cv_usage,top1_max_frac,entropy_mean
macro,macro@1,best_valid,session,final,final.expert,expert,16,FlatJointWrapper,,,,0.9140068633567464,0.9836799299043996,0.049941325427706754,0.7373483897950648,0.942637327776348,0.059073664410540294,15.738878878470393,0.12880527927812585,0.10931999258847508,2.5341651213926717
macro,macro@1,best_valid,session,final,final.group,group,4,FlatJointWrapper,,,,0.9578851345359426,0.9960648316638266,0.10369958618985857,0.0,0.9852857134683114,0.014823615435769103,3.9842593266553066,0.06285540389152788,0.3277746896423939,1.327910760607745
macro,macro@1,best_valid,session,final,final.intra.Exposure,intra,4,FlatJointWrapper,,,,0.8708315647144186,0.9862875057200059,0.11024643320363163,0.0,0.9562416490004331,0.044744626950967446,3.9451500228800236,0.11791157722473145,0.3326848249027237,1.2072288876488095
macro,macro@1,best_valid,session,final,final.intra.Focus,intra,4,FlatJointWrapper,,,,0.888854719395219,0.9971286488007984,0.041936878512753996,0.0,0.9589988312433555,0.041865422823784006,3.9885145952031937,0.053662899881601334,0.2814526588845655,1.2322142853523947
macro,macro@1,best_valid,session,final,final.intra.Memory,intra,4,FlatJointWrapper,,,,0.8873390031840352,0.9925961809588935,0.0896176888394787,0.0,0.9588076149814098,0.04206483425339491,3.970384723835574,0.08636495186508275,0.317213266629609,1.2301130565157727
macro,macro@1,best_valid,session,final,final.intra.Tempo,intra,4,FlatJointWrapper,,,,0.8870168033590786,0.9800977923693911,0.1159286023099253,0.0,0.960205576898243,0.04060787484317285,3.9203911694775644,0.14250026434656807,0.336946451732444,1.2296663927152816
