{
  "split": "best_valid",
  "feature_mode": "none",
  "stages": [
    {
      "stage": "macro@1",
      "n_eff": 14.708266641652035,
      "cv_usage": 0.29635071754455566,
      "top1_max_frac": 0.20254817394056898,
      "entropy_mean": 2.605147415225735,
      "route_jitter_adjacent": 0.8482593919353357,
      "route_consistency_knn_js": 0.017848694859385048,
      "route_consistency_knn_score": 0.9823096496144021,
      "route_consistency_group_knn_js": 0.004364968708972653,
      "route_consistency_group_knn_score": 0.9956445439211319,
      "route_consistency_intra_group_knn_mean_js": 0.013529680769386957,
      "route_consistency_intra_group_knn_mean_score": 0.9865650051910123,
      "route_consistency_feature_group_knn_mean_score": 0.9792182769027042,
      "family_top_expert_mean_share": 0.09844408929347992,
      "route_consistency_feature_group_knn_tempo_js": 0.020996941945047917,
      "route_consistency_feature_group_knn_tempo_score": 0.9792219590794421,
      "route_consistency_feature_group_knn_focus_js": 0.02159647193422451,
      "route_consistency_feature_group_knn_focus_score": 0.9786350620976636,
      "route_consistency_feature_group_knn_memory_js": 0.021488214772440565,
      "route_consistency_feature_group_knn_memory_score": 0.9787410120867276,
      "route_consistency_feature_group_knn_exposure_js": 0.019922058593889548,
      "route_consistency_feature_group_knn_exposure_score": 0.980275074346984
    }
  ]
}
