stage_name,stage_key,split,aggregation_level,node_kind,node_name,route_space,support_size,wrapper_name,source_type,temperature,top_k,entropy_norm,n_eff_norm,top1_monopoly_norm,jitter_adj_norm,knn_consistency_score,knn_consistency_js,n_eff,cv_usage,top1_max_frac,entropy_mean
macro,macro@1,best_valid,session,final,final.expert,expert,12,ScalarGroupConditionalProductWrapper,,,,0.9431558344904681,0.982543172822797,0.7407256420709335,0.0,0.9958734439176091,0.004135093810645777,11.790518073873564,0.13329285358509857,0.7623318385650224,2.343654204911715
macro,macro@1,best_valid,session,final,final.group,group,4,ScalarGroupConditionalProductWrapper,,,,0.9766923555377092,0.996056197815627,0.6831091180866965,0.0,0.9990367710778852,0.0009636931252061275,3.984224791262508,0.06292419135570526,0.7623318385650224,1.3539831050308295
macro,macro@1,best_valid,session,final,final.intra.Exposure,intra,3,ScalarGroupConditionalProductWrapper,,,,0.8643144773150425,0.9886738284340923,0.6455997757847534,0.0,0.996040101446176,0.0039677597118906996,2.966021485302277,0.10703194939994963,0.7637331838565022,0.9495465060520599
macro,macro@1,best_valid,session,final,final.intra.Focus,intra,3,ScalarGroupConditionalProductWrapper,,,,0.8498276595980081,0.990270190890021,0.6678811659192826,0.0,0.9946271558474271,0.005387329789059775,2.970810572670063,0.09912354576219481,0.7785874439461884,0.933631110084431
macro,macro@1,best_valid,session,final,final.intra.Memory,intra,3,ScalarGroupConditionalProductWrapper,,,,0.9864839867987149,0.9967981309844919,0.6434977578475336,0.0,0.9998625970042905,0.0001374124363658911,2.9903943929534758,0.05667557212187135,0.7623318385650224,1.0837634304713775
macro,macro@1,best_valid,session,final,final.intra.Tempo,intra,3,ScalarGroupConditionalProductWrapper,,,,0.9259945035161065,0.985665933404574,0.648122197309417,0.0,0.9971137919937435,0.0028903811361991236,2.956997800213722,0.12059222547435089,0.765414798206278,1.0173089408019198
