best_mrr20,epoch,epoch_time_sec,eval,lr,patience_used,train_loss,trial,valid_mrr20
0.2725,1,47.39143109321594,1,0.00056966,0,2223.44659614563,1,0.2725
0.3447,3,45.46923232078552,1,0.00056966,0,1242.2588453292847,1,0.3447
0.3715,7,46.74471068382263,1,0.00056966,0,802.9691548347473,1,0.3715
0.3715,10,44.78051686286926,1,0.00056966,3,710.1827392578125,1,0.3685
0.3715,17,45.55631494522095,1,0.00056966,10,539.0451838970184,1,0.3429
