best_mrr20,epoch,epoch_time_sec,eval,lr,patience_used,train_loss,trial,valid_mrr20
0.3152,1,49.39207744598389,1,0.00056966,0,2151.4063687324524,1,0.3152
0.3616,3,47.86216497421265,1,0.00056966,0,1142.1644105911255,1,0.3616
0.3721,5,48.56535339355469,1,0.00056966,0,866.3615984916687,1,0.3721
0.3721,10,48.26487064361572,1,0.00056966,5,640.3954162597656,1,0.3589
0.3721,15,49.96412539482117,1,0.00056966,10,461.6266543865204,1,0.3338
