best_mrr20,epoch,epoch_time_sec,eval,lr,patience_used,train_loss,trial,valid_mrr20
0.0137,1,23.445835828781128,1,0.0007998187552579467,0,678.4256291389465,1,0.0137
0.0174,3,21.72983431816101,1,0.0007983698921263105,0,570.7624349594116,1,0.0174
0.0175,4,21.57542872428894,1,0.0007971037326190863,0,547.848470211029,1,0.0175
0.0175,10,21.167646408081055,1,0.0007820256023867403,6,472.2894253730774,1,0.0162
0.0175,14,21.330576419830322,1,0.0007650535537831837,10,429.77642822265625,1,0.015
