best_mrr20,epoch,eval,lr,patience_used,train_loss,trial,valid_mrr20
0.0061,1,1,0.0005,0,40.75926113128662,1,0.0061
0.015,3,1,0.0005,0,39.36116409301758,1,0.015
0.015,8,1,0.0005,5,36.487778663635254,1,0.0119
