stage_name,stage_key,split,aggregation_level,node_kind,node_name,route_space,support_size,wrapper_name,source_type,temperature,top_k,entropy_norm,n_eff_norm,top1_monopoly_norm,jitter_adj_norm,knn_consistency_score,knn_consistency_js,n_eff,cv_usage,top1_max_frac,entropy_mean
macro,macro@1,best_valid,session,final,final.expert,expert,16,FlatJointWrapper,,,,0.8895465647151226,0.9914052529087918,0.04084985485763696,0.7401366234490451,0.9275343571912709,0.07522544239279118,15.862484046540668,0.0931088924407959,0.10079673892903465,2.4663467732362885
macro,macro@1,best_valid,session,final,final.group,group,4,FlatJointWrapper,,,,0.9429854973398987,0.9981023390048994,0.037366438144648274,0.0,0.9796610336824904,0.020548651146645114,3.9924093560195977,0.04360319301486015,0.2780248286084862,1.307255477580137
macro,macro@1,best_valid,session,final,final.intra.Exposure,intra,4,FlatJointWrapper,,,,0.8428712831859192,0.9920951547564546,0.06738311407572106,0.0,0.9479800920303427,0.05342177691561054,3.9683806190258184,0.08926215022802353,0.3005373355567908,1.1684677070305263
macro,macro@1,best_valid,session,final,final.intra.Focus,intra,4,FlatJointWrapper,,,,0.8544678011313,0.9931724931996649,0.03217837069977151,0.0,0.949113009457114,0.05222740478852743,3.9726899727986598,0.08291199803352356,0.27413377802482863,1.1845438944668334
macro,macro@1,best_valid,session,final,final.intra.Memory,intra,4,FlatJointWrapper,,,,0.8634213276829017,0.997228220321534,0.07133592736705574,0.0,0.9507270126358224,0.05052831060351077,3.988912881286136,0.052722092135077246,0.3035019455252918,1.196956117837456
macro,macro@1,best_valid,session,final,final.intra.Tempo,intra,4,FlatJointWrapper,,,,0.8609630937743264,0.9931688480147416,0.08245321474893459,0.0,0.9504356404137702,0.05083483064151607,3.9726753920589664,0.08293488621711731,0.31183991106170095,1.1935482820316843
