{
  "model": "FEARec",
  "dataset": "retail_rocket",
  "dataset_raw": "retail_rocket",
  "max_evals": 8,
  "tune_epochs": 50,
  "n_completed": 8,
  "n_recorded_trials": 8,
  "timestamp": "2026-04-12T17:05:38.869289",
  "trials": [
    {
      "trial": 1,
      "params": {
        "learning_rate": 0.001229080754012585
      },
      "mrr@20": 0.2732,
      "valid_result": {
        "hit@5": 0.3674,
        "hit@10": 0.4345,
        "hit@20": 0.4962,
        "ndcg@5": 0.2867,
        "ndcg@10": 0.3085,
        "ndcg@20": 0.324,
        "mrr@5": 0.2599,
        "mrr@10": 0.2689,
        "mrr@20": 0.2732
      },
      "test_result": {
        "hit@5": 0.3679,
        "hit@10": 0.4321,
        "hit@20": 0.4932,
        "ndcg@5": 0.2869,
        "ndcg@10": 0.3077,
        "ndcg@20": 0.3232,
        "mrr@5": 0.26,
        "mrr@10": 0.2686,
        "mrr@20": 0.2729
      },
      "best_hr@10": 0.4345,
      "test_mrr@20": 0.2729,
      "test_hr@10": 0.4321,
      "epochs_run": 9,
      "early_stop_epoch": 9,
      "early_stopped": true,
      "elapsed": 270.8,
      "status": "ok"
    },
    {
      "trial": 2,
      "params": {
        "learning_rate": 0.0013399307982165883
      },
      "mrr@20": 0.2768,
      "valid_result": {
        "hit@5": 0.3711,
        "hit@10": 0.4353,
        "hit@20": 0.4965,
        "ndcg@5": 0.2906,
        "ndcg@10": 0.3115,
        "ndcg@20": 0.3269,
        "mrr@5": 0.2638,
        "mrr@10": 0.2725,
        "mrr@20": 0.2768
      },
      "test_result": {
        "hit@5": 0.374,
        "hit@10": 0.4366,
        "hit@20": 0.4976,
        "ndcg@5": 0.2926,
        "ndcg@10": 0.3129,
        "ndcg@20": 0.3283,
        "mrr@5": 0.2656,
        "mrr@10": 0.274,
        "mrr@20": 0.2782
      },
      "best_hr@10": 0.4353,
      "test_mrr@20": 0.2782,
      "test_hr@10": 0.4366,
      "epochs_run": 9,
      "early_stop_epoch": 9,
      "early_stopped": true,
      "elapsed": 267.2,
      "status": "ok"
    },
    {
      "trial": 3,
      "params": {
        "learning_rate": 0.0009348729209164156
      },
      "mrr@20": 0.2784,
      "valid_result": {
        "hit@5": 0.374,
        "hit@10": 0.4407,
        "hit@20": 0.4979,
        "ndcg@5": 0.2926,
        "ndcg@10": 0.3142,
        "ndcg@20": 0.3286,
        "mrr@5": 0.2655,
        "mrr@10": 0.2745,
        "mrr@20": 0.2784
      },
      "test_result": {
        "hit@5": 0.3709,
        "hit@10": 0.4364,
        "hit@20": 0.5,
        "ndcg@5": 0.2908,
        "ndcg@10": 0.3121,
        "ndcg@20": 0.3282,
        "mrr@5": 0.2642,
        "mrr@10": 0.273,
        "mrr@20": 0.2774
      },
      "best_hr@10": 0.4407,
      "test_mrr@20": 0.2774,
      "test_hr@10": 0.4364,
      "epochs_run": 10,
      "early_stop_epoch": 10,
      "early_stopped": true,
      "elapsed": 328.6,
      "status": "ok"
    },
    {
      "trial": 4,
      "params": {
        "learning_rate": 0.0009630406077818641
      },
      "mrr@20": 0.2758,
      "valid_result": {
        "hit@5": 0.3702,
        "hit@10": 0.4352,
        "hit@20": 0.4938,
        "ndcg@5": 0.2897,
        "ndcg@10": 0.3108,
        "ndcg@20": 0.3257,
        "mrr@5": 0.2629,
        "mrr@10": 0.2717,
        "mrr@20": 0.2758
      },
      "test_result": {
        "hit@5": 0.369,
        "hit@10": 0.4328,
        "hit@20": 0.4949,
        "ndcg@5": 0.2909,
        "ndcg@10": 0.3116,
        "ndcg@20": 0.3273,
        "mrr@5": 0.2649,
        "mrr@10": 0.2735,
        "mrr@20": 0.2778
      },
      "best_hr@10": 0.4352,
      "test_mrr@20": 0.2778,
      "test_hr@10": 0.4328,
      "epochs_run": 11,
      "early_stop_epoch": 11,
      "early_stopped": true,
      "elapsed": 341.7,
      "status": "ok"
    },
    {
      "trial": 5,
      "params": {
        "learning_rate": 0.0010607768755291134
      },
      "mrr@20": 0.2777,
      "valid_result": {
        "hit@5": 0.373,
        "hit@10": 0.4377,
        "hit@20": 0.496,
        "ndcg@5": 0.2919,
        "ndcg@10": 0.3129,
        "ndcg@20": 0.3277,
        "mrr@5": 0.2649,
        "mrr@10": 0.2736,
        "mrr@20": 0.2777
      },
      "test_result": {
        "hit@5": 0.3701,
        "hit@10": 0.4348,
        "hit@20": 0.4945,
        "ndcg@5": 0.2915,
        "ndcg@10": 0.3125,
        "ndcg@20": 0.3276,
        "mrr@5": 0.2654,
        "mrr@10": 0.2741,
        "mrr@20": 0.2782
      },
      "best_hr@10": 0.4377,
      "test_mrr@20": 0.2782,
      "test_hr@10": 0.4348,
      "epochs_run": 11,
      "early_stop_epoch": 11,
      "early_stopped": true,
      "elapsed": 322.2,
      "status": "ok"
    },
    {
      "trial": 6,
      "params": {
        "learning_rate": 0.0013447903448907653
      },
      "mrr@20": 0.2712,
      "valid_result": {
        "hit@5": 0.366,
        "hit@10": 0.4299,
        "hit@20": 0.4905,
        "ndcg@5": 0.2852,
        "ndcg@10": 0.3059,
        "ndcg@20": 0.3213,
        "mrr@5": 0.2584,
        "mrr@10": 0.267,
        "mrr@20": 0.2712
      },
      "test_result": {
        "hit@5": 0.3646,
        "hit@10": 0.4304,
        "hit@20": 0.4949,
        "ndcg@5": 0.2837,
        "ndcg@10": 0.3051,
        "ndcg@20": 0.3215,
        "mrr@5": 0.2568,
        "mrr@10": 0.2657,
        "mrr@20": 0.2702
      },
      "best_hr@10": 0.4299,
      "test_mrr@20": 0.2702,
      "test_hr@10": 0.4304,
      "epochs_run": 10,
      "early_stop_epoch": 10,
      "early_stopped": true,
      "elapsed": 301.1,
      "status": "ok"
    },
    {
      "trial": 7,
      "params": {
        "learning_rate": 0.0013254793534960496
      },
      "mrr@20": 0.2757,
      "valid_result": {
        "hit@5": 0.367,
        "hit@10": 0.4304,
        "hit@20": 0.4882,
        "ndcg@5": 0.289,
        "ndcg@10": 0.3096,
        "ndcg@20": 0.3242,
        "mrr@5": 0.2631,
        "mrr@10": 0.2716,
        "mrr@20": 0.2757
      },
      "test_result": {
        "hit@5": 0.3658,
        "hit@10": 0.4306,
        "hit@20": 0.4933,
        "ndcg@5": 0.287,
        "ndcg@10": 0.308,
        "ndcg@20": 0.3239,
        "mrr@5": 0.2608,
        "mrr@10": 0.2695,
        "mrr@20": 0.2739
      },
      "best_hr@10": 0.4304,
      "test_mrr@20": 0.2739,
      "test_hr@10": 0.4306,
      "epochs_run": 10,
      "early_stop_epoch": 10,
      "early_stopped": true,
      "elapsed": 316.1,
      "status": "ok"
    },
    {
      "trial": 8,
      "params": {
        "learning_rate": 0.001415251075580509
      },
      "mrr@20": 0.2756,
      "valid_result": {
        "hit@5": 0.3679,
        "hit@10": 0.4311,
        "hit@20": 0.4896,
        "ndcg@5": 0.2893,
        "ndcg@10": 0.3097,
        "ndcg@20": 0.3245,
        "mrr@5": 0.2632,
        "mrr@10": 0.2716,
        "mrr@20": 0.2756
      },
      "test_result": {
        "hit@5": 0.3661,
        "hit@10": 0.4307,
        "hit@20": 0.4919,
        "ndcg@5": 0.2874,
        "ndcg@10": 0.3083,
        "ndcg@20": 0.3238,
        "mrr@5": 0.2612,
        "mrr@10": 0.2698,
        "mrr@20": 0.2741
      },
      "best_hr@10": 0.4311,
      "test_mrr@20": 0.2741,
      "test_hr@10": 0.4307,
      "epochs_run": 10,
      "early_stop_epoch": 10,
      "early_stopped": true,
      "elapsed": 323.7,
      "status": "ok"
    }
  ],
  "run_group": "baseline",
  "run_axis": "stagei_progressiverecovery_anchor2_core5",
  "run_phase": "P24_I2_D12_MFEAREC_C03_I2_FEAREC_WIDTH_DN_S1",
  "parent_result": "",
  "interrupted": false,
  "interrupted_at": null,
  "tuned_search": {
    "learning_rate": [
      0.0008814936594222607,
      0.001479108923122241
    ]
  },
  "fixed_search": {
    "n_layers": 2,
    "n_heads": 2,
    "weight_decay": 5.76e-05,
    "hidden_dropout_prob": 0.1,
    "MAX_ITEM_LIST_LENGTH": 8,
    "num_layers": 2,
    "num_heads": 2,
    "dropout_ratio": 0.1,
    "dropout_prob": 0.1,
    "attn_dropout_prob": 0.1,
    "hidden_size": 96,
    "embedding_size": 96,
    "inner_size": 192,
    "time_span": 384,
    "num_experts": 6,
    "state_size": 24,
    "conv_kernel": 6,
    "remaining_ratio": 0.6
  },