stage_name,stage_key,split,aggregation_level,node_kind,node_name,route_space,support_size,wrapper_name,source_type,temperature,top_k,entropy_norm,n_eff_norm,top1_monopoly_norm,jitter_adj_norm,knn_consistency_score,knn_consistency_js,n_eff,cv_usage,top1_max_frac,entropy_mean
macro,macro@1,best_valid,session,final,final.expert,expert,12,GroupConditionalProductWrapper,,,,0.9435026630271756,0.9809251483705462,0.15580682708981636,0.0,0.9911181127500477,0.008921566335349766,11.771101780446555,0.13944854802616657,0.226156258165665,2.3445160414489155
macro,macro@1,best_valid,session,final,final.group,group,4,GroupConditionalProductWrapper,,,,0.9209370640627375,0.9878693304231692,0.1990244752199286,0.0,0.9936523672612123,0.0063678646212965056,3.9514773216926766,0.11081337183713913,0.39926835641494646,1.2766898588564803
macro,macro@1,best_valid,session,final,final.intra.Exposure,intra,3,GroupConditionalProductWrapper,,,,0.9640900714920287,0.9645200378800781,0.5483733995296577,0.0,0.9983911246964027,0.00161017093332619,2.8935601136402345,0.19179463039604608,0.6989155996864385,1.0591611999240593
macro,macro@1,best_valid,session,final,final.intra.Focus,intra,3,GroupConditionalProductWrapper,,,,0.951998041747985,0.9983754961092303,0.39178860726417564,0.0,0.9954939372443955,0.004516245657761683,2.9951264883276907,0.04033775693661699,0.5945257381761171,1.0458767474523125
macro,macro@1,best_valid,session,final,final.intra.Memory,intra,3,GroupConditionalProductWrapper,,,,0.9772090925203814,0.9879636577504051,0.5851188920825712,0.0,0.9972838018722215,0.002719893687344725,2.9638909732512153,0.11037703274556897,0.7234125947217142,1.0735739176411028
macro,macro@1,best_valid,session,final,final.intra.Tempo,intra,3,GroupConditionalProductWrapper,,,,0.979847704075226,0.9998628387258454,0.1590671544290567,0.0,0.9984100217883439,0.0015912435684504865,2.999588516177536,0.011710220366039265,0.43937810295270446,1.0764727287202769
