{
  "model": "GRU4Rec",
  "dataset": "lastfm0.03",
  "dataset_raw": "lastfm0.03",
  "max_evals": 8,
  "tune_epochs": 68,
  "n_completed": 8,
  "n_recorded_trials": 8,
  "timestamp": "2026-04-04T06:37:31.023426",
  "trials": [
    {
      "trial": 1,
      "params": {
        "learning_rate": 0.007015803857866088
      },
      "mrr@20": 0.1982,
      "valid_result": {
        "hit@5": 0.2211,
        "hit@10": 0.2339,
        "hit@20": 0.2455,
        "ndcg@5": 0.202,
        "ndcg@10": 0.2061,
        "ndcg@20": 0.2091,
        "mrr@5": 0.1957,
        "mrr@10": 0.1974,
        "mrr@20": 0.1982
      },
      "test_result": {
        "hit@5": 0.2125,
        "hit@10": 0.2253,
        "hit@20": 0.2388,
        "ndcg@5": 0.1962,
        "ndcg@10": 0.2003,
        "ndcg@20": 0.2037,
        "mrr@5": 0.1907,
        "mrr@10": 0.1924,
        "mrr@20": 0.1933
      },
      "best_hr@10": 0.2339,
      "test_mrr@20": 0.1933,
      "test_hr@10": 0.2253,
      "epochs_run": 68,
      "early_stop_epoch": 68,
      "early_stopped": false,
      "elapsed": 220.0,
      "status": "ok"
    },
    {
      "trial": 2,
      "params": {
        "learning_rate": 0.0032966701902336637
      },
      "mrr@20": 0.1859,
      "valid_result": {
        "hit@5": 0.2038,
        "hit@10": 0.2163,
        "hit@20": 0.2317,
        "ndcg@5": 0.1883,
        "ndcg@10": 0.1923,
        "ndcg@20": 0.1963,
        "mrr@5": 0.1832,
        "mrr@10": 0.1848,
        "mrr@20": 0.1859
      },
      "test_result": {
        "hit@5": 0.2027,
        "hit@10": 0.2168,
        "hit@20": 0.2303,
        "ndcg@5": 0.1866,
        "ndcg@10": 0.1912,
        "ndcg@20": 0.1945,
        "mrr@5": 0.1812,
        "mrr@10": 0.1831,
        "mrr@20": 0.184
      },
      "best_hr@10": 0.2163,
      "test_mrr@20": 0.184,
      "test_hr@10": 0.2168,
      "epochs_run": 65,
      "early_stop_epoch": 65,
      "early_stopped": true,
      "elapsed": 210.2,
      "status": "ok"
    },
    {
      "trial": 3,
      "params": {
        "learning_rate": 0.0028002195254635096
      },
      "mrr@20": 0.1861,
      "valid_result": {
        "hit@5": 0.2052,
        "hit@10": 0.2176,
        "hit@20": 0.2344,
        "ndcg@5": 0.1887,
        "ndcg@10": 0.1927,
        "ndcg@20": 0.197,
        "mrr@5": 0.1832,
        "mrr@10": 0.1849,
        "mrr@20": 0.1861
      },
      "test_result": {
        "hit@5": 0.2022,
        "hit@10": 0.2192,
        "hit@20": 0.2354,
        "ndcg@5": 0.1871,
        "ndcg@10": 0.1926,
        "ndcg@20": 0.1967,
        "mrr@5": 0.182,
        "mrr@10": 0.1843,
        "mrr@20": 0.1854
      },
      "best_hr@10": 0.2176,
      "test_mrr@20": 0.1854,
      "test_hr@10": 0.2192,
      "epochs_run": 65,
      "early_stop_epoch": 65,
      "early_stopped": true,
      "elapsed": 211.0,
      "status": "ok"
    },
    {
      "trial": 4,
      "params": {
        "learning_rate": 0.001969750375871569
      },
      "mrr@20": 0.183,
      "valid_result": {
        "hit@5": 0.1993,
        "hit@10": 0.2137,
        "hit@20": 0.2307,
        "ndcg@5": 0.1847,
        "ndcg@10": 0.1894,
        "ndcg@20": 0.1937,
        "mrr@5": 0.1799,
        "mrr@10": 0.1818,
        "mrr@20": 0.183
      },
      "test_result": {
        "hit@5": 0.2009,
        "hit@10": 0.2133,
        "hit@20": 0.2282,
        "ndcg@5": 0.184,
        "ndcg@10": 0.1881,
        "ndcg@20": 0.1919,
        "mrr@5": 0.1784,
        "mrr@10": 0.1801,
        "mrr@20": 0.1812
      },
      "best_hr@10": 0.2137,
      "test_mrr@20": 0.1812,
      "test_hr@10": 0.2133,
      "epochs_run": 68,
      "early_stop_epoch": 68,
      "early_stopped": false,
      "elapsed": 222.2,
      "status": "ok"
    },
    {
      "trial": 5,
      "params": {
        "learning_rate": 0.006192635596089217
      },
      "mrr@20": 0.1903,
      "valid_result": {
        "hit@5": 0.2139,
        "hit@10": 0.2285,
        "hit@20": 0.2424,
        "ndcg@5": 0.194,
        "ndcg@10": 0.1988,
        "ndcg@20": 0.2023,
        "mrr@5": 0.1873,
        "mrr@10": 0.1893,
        "mrr@20": 0.1903
      },
      "test_result": {
        "hit@5": 0.2091,
        "hit@10": 0.2258,
        "hit@20": 0.2423,
        "ndcg@5": 0.1905,
        "ndcg@10": 0.1959,
        "ndcg@20": 0.2001,
        "mrr@5": 0.1843,
        "mrr@10": 0.1865,
        "mrr@20": 0.1877
      },
      "best_hr@10": 0.2285,
      "test_mrr@20": 0.1877,
      "test_hr@10": 0.2258,
      "epochs_run": 57,
      "early_stop_epoch": 57,
      "early_stopped": true,
      "elapsed": 185.3,
      "status": "ok"
    },
    {
      "trial": 6,
      "params": {
        "learning_rate": 0.00797883984429123
      },
      "mrr@20": 0.1945,
      "valid_result": {
        "hit@5": 0.2174,
        "hit@10": 0.2325,
        "hit@20": 0.2471,
        "ndcg@5": 0.198,
        "ndcg@10": 0.2027,
        "ndcg@20": 0.2064,
        "mrr@5": 0.1915,
        "mrr@10": 0.1934,
        "mrr@20": 0.1945
      },
      "test_result": {
        "hit@5": 0.2202,
        "hit@10": 0.2362,
        "hit@20": 0.2503,
        "ndcg@5": 0.1982,
        "ndcg@10": 0.2033,
        "ndcg@20": 0.2069,
        "mrr@5": 0.1908,
        "mrr@10": 0.193,
        "mrr@20": 0.1939
      },
      "best_hr@10": 0.2325,
      "test_mrr@20": 0.1939,
      "test_hr@10": 0.2362,
      "epochs_run": 58,
      "early_stop_epoch": 58,
      "early_stopped": true,
      "elapsed": 187.7,
      "status": "ok"
    },
    {
      "trial": 7,
      "params": {
        "learning_rate": 0.0026060596900712102
      },
      "mrr@20": 0.1861,
      "valid_result": {
        "hit@5": 0.206,
        "hit@10": 0.2238,
        "hit@20": 0.2402,
        "ndcg@5": 0.1883,
        "ndcg@10": 0.1941,
        "ndcg@20": 0.1983,
        "mrr@5": 0.1825,
        "mrr@10": 0.1849,
        "mrr@20": 0.1861
      },
      "test_result": {
        "hit@5": 0.2038,
        "hit@10": 0.2192,
        "hit@20": 0.233,
        "ndcg@5": 0.1867,
        "ndcg@10": 0.1917,
        "ndcg@20": 0.1952,
        "mrr@5": 0.181,
        "mrr@10": 0.1831,
        "mrr@20": 0.1841
      },
      "best_hr@10": 0.2238,
      "test_mrr@20": 0.1841,
      "test_hr@10": 0.2192,
      "epochs_run": 53,
      "early_stop_epoch": 53,
      "early_stopped": true,
      "elapsed": 174.0,
      "status": "ok"
    },
    {
      "trial": 8,
      "params": {
        "learning_rate": 0.002668669376017457
      },
      "mrr@20": 0.1842,
      "valid_result": {
        "hit@5": 0.1996,
        "hit@10": 0.215,
        "hit@20": 0.2291,
        "ndcg@5": 0.1858,
        "ndcg@10": 0.1907,
        "ndcg@20": 0.1942,
        "mrr@5": 0.1813,
        "mrr@10": 0.1833,
        "mrr@20": 0.1842
      },
      "test_result": {
        "hit@5": 0.2003,
        "hit@10": 0.2163,
        "hit@20": 0.2327,
        "ndcg@5": 0.1849,
        "ndcg@10": 0.1901,
        "ndcg@20": 0.1943,
        "mrr@5": 0.1798,
        "mrr@10": 0.1819,
        "mrr@20": 0.1831
      },
      "best_hr@10": 0.215,
      "test_mrr@20": 0.1831,
      "test_hr@10": 0.2163,
      "epochs_run": 51,
      "early_stop_epoch": 51,
      "early_stopped": true,
      "elapsed": 167.9,
      "status": "ok"
    }
  ],
  "run_group": "baseline",
  "run_axis": "stagee_relrseed_anchor2_core5",
  "run_phase": "P20_SC_D00_M01_P01_GRU4REC_D4_E3_S1",
  "parent_result": "",
  "interrupted": false,
  "interrupted_at": null,
  "tuned_search": {
    "learning_rate": [
      0.0017708573823660468,
      0.00885
    ]
  },
  "fixed_search": {
    "num_layers": 3,
    "weight_decay": 0.00011385000000000002,
    "dropout_ratio": 0.17000000000000004,
    "hidden_size": 112,
    "embedding_size": 112,
    "n_layers": 3,
    "dropout_prob": 0.17000000000000004,
    "hidden_dropout_prob": 0.17000000000000004,
    "attn_dropout_prob": 0.17000000000000004
  },
  "context_fixed": {
    "num_layers": 3,
    "search_space_type_overrides": {
      "learning_rate": "loguniform",
      "weight_decay": "choice",