best_mrr20,epoch,epoch_time_sec,eval,lr,patience_used,train_loss,trial,valid_mrr20
0.0125,1,18.49651026725769,1,0.0005476,0,684.7061862945557,1,0.0125
0.0152,3,17.313765048980713,1,0.0005476,0,583.6321792602539,1,0.0152
0.0173,6,16.819634437561035,1,0.0005476,0,533.9735803604126,1,0.0173
0.0173,10,16.804725646972656,1,0.0005476,4,497.7731008529663,1,0.0167
0.0173,16,16.361714601516724,1,0.0005476,10,457.0873775482178,1,0.0149
