{
  "split": "best_valid",
  "feature_mode": "none",
  "stages": [
    {
      "stage": "macro@1",
      "n_eff": 10.778616699895007,
      "cv_usage": 0.9249464284636613,
      "top1_max_frac": 0.8026387808601965,
      "entropy_mean": 2.5239558407963156,
      "route_jitter_adjacent": 0.0,
      "route_consistency_knn_js": 0.0065507268047087465,
      "route_consistency_knn_score": 0.9934706824319308,
      "route_consistency_group_knn_js": 0.002354835775723693,
      "route_consistency_group_knn_score": 0.9976479346749628,
      "route_consistency_intra_group_knn_mean_js": 0.004460969288780472,
      "route_consistency_intra_group_knn_mean_score": 0.9955524804982085,
      "route_consistency_feature_group_knn_mean_score": 0.9535458043774367,
      "family_top_expert_mean_share": 0.21616286039352417,
      "route_consistency_feature_group_knn_tempo_js": 0.03882589937108147,
      "route_consistency_feature_group_knn_tempo_score": 0.9619181651263646,
      "route_consistency_feature_group_knn_focus_js": 0.05449589513717089,
      "route_consistency_feature_group_knn_focus_score": 0.9469623960005868,
      "route_consistency_feature_group_knn_memory_js": 0.05454949495893916,
      "route_consistency_feature_group_knn_memory_score": 0.9469116403451991,
      "route_consistency_feature_group_knn_exposure_js": 0.04249942558225341,
      "route_consistency_feature_group_knn_exposure_score": 0.9583910160375966
    }
  ]
}
