stage_name,stage_key,split,aggregation_level,node_kind,node_name,route_space,support_size,wrapper_name,source_type,temperature,top_k,entropy_norm,n_eff_norm,top1_monopoly_norm,jitter_adj_norm,knn_consistency_score,knn_consistency_js,n_eff,cv_usage,top1_max_frac,entropy_mean
macro,macro@1,best_valid,session,final,final.expert,expert,16,FlatJointWrapper,,,,0.9275462015301633,0.9896872576618811,0.057014257920260186,0.6906337490455586,0.9562572234330796,0.04472833995297613,15.834996122590098,0.10207922756671906,0.11595086680024393,2.571704137718878
macro,macro@1,best_valid,session,final,final.group,group,4,FlatJointWrapper,,,,0.9541256068350434,0.9976906586267287,0.04834915933443681,0.0,0.9856619891787476,0.014441793315880077,3.9907626345069147,0.04811141639947891,0.2862618695008276,1.3226989485555145
macro,macro@1,best_valid,session,final,final.intra.Exposure,intra,4,FlatJointWrapper,,,,0.9143944383426802,0.9906052835065546,0.06495920085954061,0.0,0.9724037205599798,0.027984210385436085,3.9624211340262185,0.0973851887813323,0.29871940064465546,1.267619853713847
macro,macro@1,best_valid,session,final,final.intra.Focus,intra,4,FlatJointWrapper,,,,0.9232460986499492,0.9922407852375492,0.11560240439062637,0.0,0.9721074439448814,0.0282889415927435,3.968963140950197,0.08842965215444565,0.3367018032929698,1.2798908604843628
macro,macro@1,best_valid,session,final,final.intra.Memory,intra,4,FlatJointWrapper,,,,0.9039121743101872,0.9908092215116635,0.09121003571739698,0.0,0.970184865111127,0.030268643054472286,3.963236886046654,0.09631187468767166,0.31840752678804773,1.2530883501938321
macro,macro@1,best_valid,session,final,final.intra.Tempo,intra,4,FlatJointWrapper,,,,0.9056117247549659,0.9942889423241609,0.10538084037517785,0.0,0.9686170023045328,0.03188599568314066,3.9771557692966435,0.07578861126763956,0.3290356302813834,1.2554444273918677
