{
  "model": "DuoRec",
  "dataset": "amazon_beauty",
  "dataset_raw": "amazon_beauty",
  "max_evals": 6,
  "tune_epochs": 42,
  "n_completed": 6,
  "n_recorded_trials": 6,
  "timestamp": "2026-04-07T12:57:34.022158",
  "trials": [
    {
      "trial": 1,
      "params": {
        "learning_rate": 0.0006167859205756031
      },
      "mrr@20": 0.1163,
      "valid_result": {
        "hit@5": 0.1327,
        "hit@10": 0.1504,
        "hit@20": 0.177,
        "ndcg@5": 0.1175,
        "ndcg@10": 0.123,
        "ndcg@20": 0.1297,
        "mrr@5": 0.1124,
        "mrr@10": 0.1145,
        "mrr@20": 0.1163
      },
      "test_result": {
        "hit@5": 0.0965,
        "hit@10": 0.0965,
        "hit@20": 0.114,
        "ndcg@5": 0.0835,
        "ndcg@10": 0.0835,
        "ndcg@20": 0.0878,
        "mrr@5": 0.0789,
        "mrr@10": 0.0789,
        "mrr@20": 0.08
      },
      "best_hr@10": 0.1504,
      "test_mrr@20": 0.08,
      "test_hr@10": 0.0965,
      "epochs_run": 28,
      "early_stop_epoch": 28,
      "early_stopped": true,
      "elapsed": 20.9,
      "status": "ok"
    },
    {
      "trial": 2,
      "params": {
        "learning_rate": 0.0004827670775097729
      },
      "mrr@20": 0.1164,
      "valid_result": {
        "hit@5": 0.1327,
        "hit@10": 0.1504,
        "hit@20": 0.177,
        "ndcg@5": 0.1175,
        "ndcg@10": 0.1235,
        "ndcg@20": 0.1297,
        "mrr@5": 0.1124,
        "mrr@10": 0.115,
        "mrr@20": 0.1164
      },
      "test_result": {
        "hit@5": 0.0965,
        "hit@10": 0.0965,
        "hit@20": 0.114,
        "ndcg@5": 0.0868,
        "ndcg@10": 0.0868,
        "ndcg@20": 0.091,
        "mrr@5": 0.0833,
        "mrr@10": 0.0833,
        "mrr@20": 0.0844
      },
      "best_hr@10": 0.1504,
      "test_mrr@20": 0.0844,
      "test_hr@10": 0.0965,
      "epochs_run": 31,
      "early_stop_epoch": 31,
      "early_stopped": true,
      "elapsed": 23.1,
      "status": "ok"
    },
    {
      "trial": 3,
      "params": {
        "learning_rate": 0.0005402639643503629
      },
      "mrr@20": 0.1172,
      "valid_result": {
        "hit@5": 0.1327,
        "hit@10": 0.1504,
        "hit@20": 0.1858,
        "ndcg@5": 0.1175,
        "ndcg@10": 0.1235,
        "ndcg@20": 0.1321,
        "mrr@5": 0.1124,
        "mrr@10": 0.115,
        "mrr@20": 0.1172
      },
      "test_result": {
        "hit@5": 0.0965,
        "hit@10": 0.0965,
        "hit@20": 0.114,
        "ndcg@5": 0.0818,
        "ndcg@10": 0.0818,
        "ndcg@20": 0.086,
        "mrr@5": 0.0768,
        "mrr@10": 0.0768,
        "mrr@20": 0.0778
      },
      "best_hr@10": 0.1504,
      "test_mrr@20": 0.0778,
      "test_hr@10": 0.0965,
      "epochs_run": 31,
      "early_stop_epoch": 31,
      "early_stopped": true,
      "elapsed": 21.6,
      "status": "ok"
    },
    {
      "trial": 4,
      "params": {
        "learning_rate": 0.0007408444456890948
      },
      "mrr@20": 0.1162,
      "valid_result": {
        "hit@5": 0.1327,
        "hit@10": 0.1504,
        "hit@20": 0.177,
        "ndcg@5": 0.1175,
        "ndcg@10": 0.1231,
        "ndcg@20": 0.1294,
        "mrr@5": 0.1124,
        "mrr@10": 0.1146,
        "mrr@20": 0.1162
      },
      "test_result": {
        "hit@5": 0.0965,
        "hit@10": 0.0965,
        "hit@20": 0.114,
        "ndcg@5": 0.0868,
        "ndcg@10": 0.0868,
        "ndcg@20": 0.0911,
        "mrr@5": 0.0833,
        "mrr@10": 0.0833,
        "mrr@20": 0.0845
      },
      "best_hr@10": 0.1504,
      "test_mrr@20": 0.0845,
      "test_hr@10": 0.0965,
      "epochs_run": 24,
      "early_stop_epoch": 24,
      "early_stopped": true,
      "elapsed": 17.6,
      "status": "ok"
    },
    {
      "trial": 5,
      "params": {
        "learning_rate": 0.0008090574892659796
      },
      "mrr@20": 0.1153,
      "valid_result": {
        "hit@5": 0.1327,
        "hit@10": 0.1504,
        "hit@20": 0.1593,
        "ndcg@5": 0.1175,
        "ndcg@10": 0.1233,
        "ndcg@20": 0.1254,
        "mrr@5": 0.1124,
        "mrr@10": 0.1148,
        "mrr@20": 0.1153
      },
      "test_result": {
        "hit@5": 0.0965,
        "hit@10": 0.0965,
        "hit@20": 0.114,
        "ndcg@5": 0.0868,
        "ndcg@10": 0.0868,
        "ndcg@20": 0.0912,
        "mrr@5": 0.0833,
        "mrr@10": 0.0833,
        "mrr@20": 0.0845
      },
      "best_hr@10": 0.1504,
      "test_mrr@20": 0.0845,
      "test_hr@10": 0.0965,
      "epochs_run": 22,
      "early_stop_epoch": 22,
      "early_stopped": true,
      "elapsed": 15.8,
      "status": "ok"
    },
    {
      "trial": 6,
      "params": {
        "learning_rate": 0.0007733231119026287
      },
      "mrr@20": 0.1138,
      "valid_result": {
        "hit@5": 0.1327,
        "hit@10": 0.1504,
        "hit@20": 0.1593,
        "ndcg@5": 0.1164,
        "ndcg@10": 0.1221,
        "ndcg@20": 0.1241,
        "mrr@5": 0.1109,
        "mrr@10": 0.1133,
        "mrr@20": 0.1138
      },
      "test_result": {
        "hit@5": 0.0965,
        "hit@10": 0.0965,
        "hit@20": 0.114,
        "ndcg@5": 0.09,
        "ndcg@10": 0.09,
        "ndcg@20": 0.0945,
        "mrr@5": 0.0877,
        "mrr@10": 0.0877,
        "mrr@20": 0.0889
      },
      "best_hr@10": 0.1504,
      "test_mrr@20": 0.0889,
      "test_hr@10": 0.0965,
      "epochs_run": 22,
      "early_stop_epoch": 22,
      "early_stopped": true,
      "elapsed": 15.1,
      "status": "ok"
    }
  ],
  "run_group": "baseline",
  "run_axis": "stageg_cross6x9_anchor2_core5",
  "run_phase": "P22_SG_D02_M04_C01_DUOREC_OLD_MANUAL_AB_DUO_ALT_F1_S3",
  "parent_result": "",
  "interrupted": false,
  "interrupted_at": null,
  "tuned_search": {
    "learning_rate": [
      0.00034724910951036973,
      0.0008889577203465466
    ]
  },
  "fixed_search": {
    "n_layers": 1,
    "n_heads": 2,
    "weight_decay": 0.000165,
    "hidden_dropout_prob": 0.14,
    "MAX_ITEM_LIST_LENGTH": 10,
    "num_layers": 1,
    "num_heads": 2,
    "dropout_ratio": 0.14,
    "dropout_prob": 0.14,
    "attn_dropout_prob": 0.14,
    "hidden_size": 152,
    "embedding_size": 152,
    "inner_size": 304,
    "time_span": 384,
    "num_experts": 6,
    "state_size": 24,
    "conv_kernel": 6,
    "remaining_ratio": 0.6
  },
  "context_fixed": {
    "num_layers": 1,
    "search_space_type_overrides": {
      "learning_rate": "loguniform",
      "weight_decay": "choice",
      "n_layers": "choice",
      "num_layers": "choice",
      "n_heads": "choice",
      "num_heads": "choice",
      "dropout_ratio": "choice",
      "dropout_prob": "choice",
      "hidden_dropout_prob": "choice",
      "attn_dropout_prob": "choice",
      "hidden_size": "choice",
      "embedding_size": "choice",
      "inner_size": "choice",
      "time_span": "choice",
      "num_experts": "choice",
      "state_size": "choice",
      "conv_kernel": "choice",
      "remaining_ratio": "choice",
      "MAX_ITEM_LIST_LENGTH": "choice"
    }
  },
  "best_params": {
    "learning_rate": 0.0005402639643503629
  },
  "best_mrr@20": 0.1172,
  "best_hr@10": 0.1504,
  "test_mrr@20": 0.0778,
  "test_hr@10": 0.0965,
  "best_valid_result": {
    "hit@5": 0.1327,
    "hit@10": 0.1504,
    "hit@20": 0.1858,
    "ndcg@5": 0.1175,
    "ndcg@10": 0.1235,
    "ndcg@20": 0.1321,
    "mrr@5": 0.1124,
    "mrr@10": 0.115,
    "mrr@20": 0.1172
  },
  "test_result": {
    "hit@5": 0.0965,
    "hit@10": 0.0965,
    "hit@20": 0.114,
    "ndcg@5": 0.0818,
    "ndcg@10": 0.0818,
    "ndcg@20": 0.086,
    "mrr@5": 0.0768,
    "mrr@10": 0.0768,
    "mrr@20": 0.0778
  },
  "best_valid_special_metrics": {
    "split": "best_valid",
    "overall": {
      "count": 113,
      "hit@20": 0.18584070796460178,
      "ndcg@20": 0.13209862057614116,
      "mrr@20": 0.11716791446757528
    },
    "slices": {
      "target_popularity_abs": {
        "rare_1_5": {
          "count": 113,
          "hit@20": 0.18584070796460178,
          "ndcg@20": 0.13209862057614116,