best_mrr20,epoch,epoch_time_sec,eval,lr,patience_used,train_loss,trial,valid_mrr20
0.013,1,18.212308406829834,1,0.0002738,0,681.535765171051,1,0.013
0.0149,3,16.52814769744873,1,0.0002738,0,600.9825468063354,1,0.0149
0.0174,10,17.61940884590149,1,0.0002738,0,514.9811835289001,1,0.0174
0.0174,20,16.801141500473022,1,0.0002738,10,444.71341705322266,1,0.0172
