{
  "model": "DuoRec",
  "dataset": "amazon_beauty",
  "dataset_raw": "amazon_beauty",
  "max_evals": 10,
  "tune_epochs": 56,
  "n_completed": 10,
  "n_recorded_trials": 10,
  "timestamp": "2026-04-07T00:18:52.135999",
  "trials": [
    {
      "trial": 1,
      "params": {
        "learning_rate": 0.0007031732866488365
      },
      "mrr@20": 0.1121,
      "valid_result": {
        "hit@5": 0.1239,
        "hit@10": 0.1504,
        "hit@20": 0.1593,
        "ndcg@5": 0.1119,
        "ndcg@10": 0.1206,
        "ndcg@20": 0.1227,
        "mrr@5": 0.108,
        "mrr@10": 0.1116,
        "mrr@20": 0.1121
      },
      "test_result": {
        "hit@5": 0.0965,
        "hit@10": 0.0965,
        "hit@20": 0.0965,
        "ndcg@5": 0.0871,
        "ndcg@10": 0.0871,
        "ndcg@20": 0.0871,
        "mrr@5": 0.0841,
        "mrr@10": 0.0841,
        "mrr@20": 0.0841
      },
      "best_hr@10": 0.1504,
      "test_mrr@20": 0.0841,
      "test_hr@10": 0.0965,
      "epochs_run": 27,
      "early_stop_epoch": 27,
      "early_stopped": true,
      "elapsed": 9.5,
      "status": "ok"
    },
    {
      "trial": 2,
      "params": {
        "learning_rate": 0.0007668956278771623
      },
      "mrr@20": 0.1114,
      "valid_result": {
        "hit@5": 0.1239,
        "hit@10": 0.1504,
        "hit@20": 0.1504,
        "ndcg@5": 0.1119,
        "ndcg@10": 0.1205,
        "ndcg@20": 0.1205,
        "mrr@5": 0.108,
        "mrr@10": 0.1114,
        "mrr@20": 0.1114
      },
      "test_result": {
        "hit@5": 0.0965,
        "hit@10": 0.0965,
        "hit@20": 0.0965,
        "ndcg@5": 0.0871,
        "ndcg@10": 0.0871,
        "ndcg@20": 0.0871,
        "mrr@5": 0.0841,
        "mrr@10": 0.0841,
        "mrr@20": 0.0841
      },
      "best_hr@10": 0.1504,
      "test_mrr@20": 0.0841,
      "test_hr@10": 0.0965,
      "epochs_run": 25,
      "early_stop_epoch": 25,
      "early_stopped": true,
      "elapsed": 7.6,
      "status": "ok"
    },
    {
      "trial": 3,
      "params": {
        "learning_rate": 0.0007844466448161941
      },
      "mrr@20": 0.1114,
      "valid_result": {
        "hit@5": 0.1239,
        "hit@10": 0.1504,
        "hit@20": 0.1504,
        "ndcg@5": 0.1119,
        "ndcg@10": 0.1205,
        "ndcg@20": 0.1205,
        "mrr@5": 0.108,
        "mrr@10": 0.1114,
        "mrr@20": 0.1114
      },
      "test_result": {
        "hit@5": 0.0965,
        "hit@10": 0.0965,
        "hit@20": 0.0965,
        "ndcg@5": 0.0871,
        "ndcg@10": 0.0871,
        "ndcg@20": 0.0871,
        "mrr@5": 0.0841,
        "mrr@10": 0.0841,
        "mrr@20": 0.0841
      },
      "best_hr@10": 0.1504,
      "test_mrr@20": 0.0841,
      "test_hr@10": 0.0965,
      "epochs_run": 25,
      "early_stop_epoch": 25,
      "early_stopped": true,
      "elapsed": 7.5,
      "status": "ok"
    },
    {
      "trial": 4,
      "params": {
        "learning_rate": 0.0005042637910226374
      },
      "mrr@20": 0.1131,
      "valid_result": {
        "hit@5": 0.1327,
        "hit@10": 0.1504,
        "hit@20": 0.1593,
        "ndcg@5": 0.1157,
        "ndcg@10": 0.1215,
        "ndcg@20": 0.1237,
        "mrr@5": 0.1102,
        "mrr@10": 0.1125,
        "mrr@20": 0.1131
      },
      "test_result": {
        "hit@5": 0.0965,
        "hit@10": 0.1053,
        "hit@20": 0.114,
        "ndcg@5": 0.0877,
        "ndcg@10": 0.0908,
        "ndcg@20": 0.0932,
        "mrr@5": 0.0848,
        "mrr@10": 0.0863,
        "mrr@20": 0.087
      },
      "best_hr@10": 0.1504,
      "test_mrr@20": 0.087,
      "test_hr@10": 0.1053,
      "epochs_run": 36,
      "early_stop_epoch": 36,
      "early_stopped": true,
      "elapsed": 10.6,
      "status": "ok"
    },
    {
      "trial": 5,
      "params": {
        "learning_rate": 0.0006509805865023028
      },
      "mrr@20": 0.1123,
      "valid_result": {
        "hit@5": 0.1239,
        "hit@10": 0.1504,
        "hit@20": 0.1593,
        "ndcg@5": 0.1119,
        "ndcg@10": 0.1208,
        "ndcg@20": 0.1229,
        "mrr@5": 0.108,
        "mrr@10": 0.1118,
        "mrr@20": 0.1123
      },
      "test_result": {
        "hit@5": 0.0965,
        "hit@10": 0.0965,
        "hit@20": 0.114,
        "ndcg@5": 0.0871,
        "ndcg@10": 0.0871,
        "ndcg@20": 0.0914,
        "mrr@5": 0.0841,
        "mrr@10": 0.0841,
        "mrr@20": 0.0852
      },
      "best_hr@10": 0.1504,
      "test_mrr@20": 0.0852,
      "test_hr@10": 0.0965,
      "epochs_run": 29,
      "early_stop_epoch": 29,
      "early_stopped": true,
      "elapsed": 7.8,
      "status": "ok"
    },
    {
      "trial": 6,
      "params": {
        "learning_rate": 0.001135463296335459
      },
      "mrr@20": 0.1101,
      "valid_result": {
        "hit@5": 0.1239,
        "hit@10": 0.1327,
        "hit@20": 0.1504,
        "ndcg@5": 0.1119,
        "ndcg@10": 0.1146,
        "ndcg@20": 0.119,
        "mrr@5": 0.108,
        "mrr@10": 0.1089,
        "mrr@20": 0.1101
      },
      "test_result": {
        "hit@5": 0.0965,
        "hit@10": 0.0965,
        "hit@20": 0.0965,
        "ndcg@5": 0.0871,
        "ndcg@10": 0.0871,
        "ndcg@20": 0.0871,
        "mrr@5": 0.0841,
        "mrr@10": 0.0841,
        "mrr@20": 0.0841
      },
      "best_hr@10": 0.1327,
      "test_mrr@20": 0.0841,
      "test_hr@10": 0.0965,
      "epochs_run": 18,
      "early_stop_epoch": 18,
      "early_stopped": true,
      "elapsed": 4.8,
      "status": "ok"
    },
    {
      "trial": 7,
      "params": {
        "learning_rate": 0.0012071957842651395
      },
      "mrr@20": 0.1094,
      "valid_result": {
        "hit@5": 0.1239,
        "hit@10": 0.1327,
        "hit@20": 0.1416,
        "ndcg@5": 0.1119,
        "ndcg@10": 0.1146,
        "ndcg@20": 0.1167,
        "mrr@5": 0.108,
        "mrr@10": 0.1089,
        "mrr@20": 0.1094
      },
      "test_result": {
        "hit@5": 0.0965,
        "hit@10": 0.0965,
        "hit@20": 0.0965,
        "ndcg@5": 0.0871,
        "ndcg@10": 0.0871,
        "ndcg@20": 0.0871,
        "mrr@5": 0.0841,
        "mrr@10": 0.0841,
        "mrr@20": 0.0841
      },
      "best_hr@10": 0.1327,
      "test_mrr@20": 0.0841,
      "test_hr@10": 0.0965,
      "epochs_run": 17,
      "early_stop_epoch": 17,
      "early_stopped": true,
      "elapsed": 4.2,
      "status": "ok"
    },
    {
      "trial": 8,
      "params": {
        "learning_rate": 0.0010314710710427135
      },
      "mrr@20": 0.112,
      "valid_result": {
        "hit@5": 0.1239,
        "hit@10": 0.1504,
        "hit@20": 0.1593,
        "ndcg@5": 0.1119,
        "ndcg@10": 0.1204,
        "ndcg@20": 0.1226,
        "mrr@5": 0.108,
        "mrr@10": 0.1114,
        "mrr@20": 0.112
      },
      "test_result": {
        "hit@5": 0.0965,
        "hit@10": 0.0965,
        "hit@20": 0.1053,
        "ndcg@5": 0.0871,
        "ndcg@10": 0.0871,
        "ndcg@20": 0.0892,
        "mrr@5": 0.0841,
        "mrr@10": 0.0841,
        "mrr@20": 0.0846
      },
      "best_hr@10": 0.1504,
      "test_mrr@20": 0.0846,
      "test_hr@10": 0.0965,
      "epochs_run": 20,
      "early_stop_epoch": 20,
      "early_stopped": true,
      "elapsed": 5.4,
      "status": "ok"
    },
    {
      "trial": 9,
      "params": {
        "learning_rate": 0.0006475361144966013
      },
      "mrr@20": 0.1123,
      "valid_result": {
        "hit@5": 0.1239,
        "hit@10": 0.1504,
        "hit@20": 0.1593,
        "ndcg@5": 0.1119,
        "ndcg@10": 0.1208,
        "ndcg@20": 0.1229,
        "mrr@5": 0.108,
        "mrr@10": 0.1118,
        "mrr@20": 0.1123
      },
      "test_result": {
        "hit@5": 0.0965,
        "hit@10": 0.0965,
        "hit@20": 0.114,
        "ndcg@5": 0.0871,
        "ndcg@10": 0.0871,
        "ndcg@20": 0.0914,
        "mrr@5": 0.0841,
        "mrr@10": 0.0841,
        "mrr@20": 0.0851
      },
      "best_hr@10": 0.1504,
      "test_mrr@20": 0.0851,
      "test_hr@10": 0.0965,
      "epochs_run": 29,
      "early_stop_epoch": 29,