best_mrr20,epoch,epoch_time_sec,eval,lr,patience_used,train_loss,trial,valid_mrr20
0.2713,1,45.483556270599365,1,0.00056966,0,2222.2935466766357,1,0.2713
0.3448,3,44.796703815460205,1,0.00056966,0,1241.7039008140564,1,0.3448
0.3734,7,44.969459533691406,1,0.00056966,0,803.7380969524384,1,0.3734
0.3734,10,44.76148819923401,1,0.00056966,3,711.7347247600555,1,0.3687
0.3734,17,44.26144576072693,1,0.00056966,10,537.3950395584106,1,0.3474
