best_mrr20,epoch,epoch_time_sec,eval,lr,patience_used,train_loss,trial,valid_mrr20
0.0072,1,3.3054680824279785,1,0.0009640155470717386,0,79.80788564682007,1,0.0072
0.0177,3,2.4237403869628906,1,0.000962269243205651,0,70.52488040924072,1,0.0177
0.0638,10,2.4322328567504883,1,0.0009425695933647202,0,48.52065086364746,1,0.0638
0.0844,27,2.5263285636901855,1,0.0008144762432207492,0,22.848121881484985,1,0.0844
0.0844,37,2.3188412189483643,1,0.0006979658976674146,10,14.35279405117035,1,0.0637
