{
  "split": "best_valid",
  "feature_mode": "runtime:unknown|ablation:none",
  "stages": [
    {
      "stage": "macro@1",
      "n_eff": 3.997521982871183,
      "cv_usage": 0.02489938324980536,
      "top1_max_frac": 0.32443706034147546,
      "entropy_mean": 1.3525224234132525,
      "route_jitter_adjacent": 0.6155123531794249,
      "route_consistency_knn_js": 0.004324375904080072,
      "route_consistency_knn_score": 0.9956849607461562,
      "route_consistency_group_knn_js": 0.004324375904080072,
      "route_consistency_group_knn_score": 0.9956849607461562,
      "route_consistency_intra_group_knn_mean_js": 0.0,
      "route_consistency_intra_group_knn_mean_score": 1.0,
      "route_consistency_feature_group_knn_mean_score": 0.9950210519503611,
      "family_top_expert_mean_share": 0.2578849792480469,
      "route_consistency_feature_group_knn_tempo_js": 0.005034131651356605,
      "route_consistency_feature_group_knn_tempo_score": 0.9949785183532202,
      "route_consistency_feature_group_knn_focus_js": 0.00485757550586426,
      "route_consistency_feature_group_knn_focus_score": 0.9951542034339522,
      "route_consistency_feature_group_knn_memory_js": 0.005052467424626415,
      "route_consistency_feature_group_knn_memory_score": 0.9949602748199544,
      "route_consistency_feature_group_knn_exposure_js": 0.005021374833090301,
      "route_consistency_feature_group_knn_exposure_score": 0.9949912111943175
    }
  ]
}
