stage_name,stage_key,split,aggregation_level,node_kind,node_name,route_space,support_size,wrapper_name,source_type,temperature,top_k,entropy_norm,n_eff_norm,top1_monopoly_norm,jitter_adj_norm,knn_consistency_score,knn_consistency_js,n_eff,cv_usage,top1_max_frac,entropy_mean
macro,macro@1,best_valid,session,final,final.expert,expert,12,ScalarGroupConditionalProductWrapper,,,,0.9501800588216833,0.9705697333544835,0.7094610573215663,0.0,0.9969148839783228,0.0030898848027985037,11.646836800253801,0.17413385438520151,0.7336726358781024,2.3611087466619542
macro,macro@1,best_valid,session,final,final.group,group,4,ScalarGroupConditionalProductWrapper,,,,0.9460994039054801,0.9728351868976901,0.6650204209864907,0.0,0.9989144903960823,0.001086099196178459,3.8913407475907604,0.16710264980793,0.748765315739868,1.3115722686930569
macro,macro@1,best_valid,session,final,final.intra.Exposure,intra,3,ScalarGroupConditionalProductWrapper,,,,0.9628657244690708,0.996207370925204,0.7228463713477852,0.0,0.9968351474508855,0.0031698712867838617,2.988622112775612,0.061701031425564545,0.8152309142318568,1.0578161172390435
macro,macro@1,best_valid,session,final,final.intra.Focus,intra,3,ScalarGroupConditionalProductWrapper,,,,0.9140281367284047,0.9920837443432456,0.7066352497643732,0.0,0.9978451682434012,0.002157156747124476,2.976251233029737,0.08932812671829025,0.8044234998429155,1.0041625431982406
macro,macro@1,best_valid,session,final,final.intra.Memory,intra,3,ScalarGroupConditionalProductWrapper,,,,0.9901726331719678,0.9971713791427147,0.6919509896324223,0.0,0.9994157060416681,0.0005844647245684582,2.991514137428144,0.05326143307204744,0.7946339930882815,1.0878158227055843
macro,macro@1,best_valid,session,final,final.intra.Tempo,intra,3,ScalarGroupConditionalProductWrapper,,,,0.8663072019562837,0.9500832720815846,0.6412818096135721,0.0,0.996153131769733,0.0038542864586000886,2.850249816244754,0.22921453478293016,0.7608545397423814,0.9517357378308593
