stage_name,stage_key,split,aggregation_level,node_kind,node_name,route_space,support_size,wrapper_name,source_type,temperature,top_k,entropy_norm,n_eff_norm,top1_monopoly_norm,jitter_adj_norm,knn_consistency_score,knn_consistency_js,n_eff,cv_usage,top1_max_frac,entropy_mean
macro,macro@1,best_valid,session,final,final.expert,expert,4,FlatJointWrapper,,,,0.8523109594119567,0.9974302693627515,0.09541268861703027,0.4724402504630038,0.9555853137395309,0.04543123227611267,3.989721077451006,0.05075669288635254,0.3215595164627727,1.1815538769534795
macro,macro@1,best_valid,session,final,final.group,group,1,FlatJointWrapper,,,,0.0,1.0,1.0,0.0,1.0000000006809424,-6.809423280141398e-10,1.0,0.0,1.0,8.970880939440575e-09
macro,macro@1,best_valid,session,final,final.intra.Tempo,intra,4,FlatJointWrapper,,,,0.8523109594119567,0.9974302693627515,0.09541268861703027,0.0,0.9555853137395309,0.04543123227611267,3.989721077451006,0.05075669288635254,0.3215595164627727,1.1815538769534795
