best_mrr20,epoch,epoch_time_sec,eval,lr,patience_used,train_loss,trial,valid_mrr20
0.0122,1,17.891518592834473,1,0.0005476,0,687.8226594924927,1,0.0122
0.0179,3,16.883957386016846,1,0.0005476,0,586.4692168235779,1,0.0179
0.0192,5,17.075636625289917,1,0.0005476,0,546.3584823608398,1,0.0192
0.0192,10,17.455503702163696,1,0.0005476,5,491.0626573562622,1,0.0179
0.0192,15,17.691349744796753,1,0.0005476,10,447.63094758987427,1,0.0184
