best_mrr20,epoch,epoch_time_sec,eval,lr,patience_used,train_loss,trial,valid_mrr20
0.0125,1,17.605129957199097,1,0.0005476,0,672.2497129440308,1,0.0125
0.0173,3,17.116863012313843,1,0.0005476,0,572.6866788864136,1,0.0173
0.0183,4,16.979442834854126,1,0.0005476,0,551.866316318512,1,0.0183
0.0183,10,16.98114824295044,1,0.0005476,6,482.9872465133667,1,0.0169
0.0183,14,16.265568017959595,1,0.0005476,10,447.26895475387573,1,0.0162
