{
  "best_trial": 9,
  "mrr@20": 0.0754,
  "feature_ablation_metrics": {
    "feature_zero_delta_mrr": -0.00019999999999999185,
    "feature_shuffle_delta_mrr": 0.0013999999999999985,
    "route_change_under_feature_shuffle": 0.3072873372125243,
    "route_change_under_feature_zero": 0.9238016070933776,
    "family_tempo_zero_delta_mrr": -0.000899999999999998,
    "family_tempo_shuffle_delta_mrr": 0.00180000000000001,
    "family_tempo_route_change_under_zero": 0.7558880576336935,
    "family_tempo_route_change_under_shuffle": 0.08506511499030203,
    "family_focus_zero_delta_mrr": -0.0012999999999999956,
    "family_focus_shuffle_delta_mrr": 0.0013999999999999985,
    "family_focus_route_change_under_zero": 0.16569686893876423,
    "family_focus_route_change_under_shuffle": 0.10058187863674148,
    "family_memory_zero_delta_mrr": 0.001700000000000007,
    "family_memory_shuffle_delta_mrr": -0.0012999999999999956,
    "family_memory_route_change_under_zero": 0.45580493211415907,
    "family_memory_route_change_under_shuffle": 0.28512053200332504,
    "family_exposure_zero_delta_mrr": -0.0010000000000000009,
    "family_exposure_shuffle_delta_mrr": -0.0015000000000000013,
    "family_exposure_route_change_under_zero": 0.30784150734275423,
    "family_exposure_route_change_under_shuffle": 0.006095871432529804,
    "early_feature_zero_delta_mrr": 0.0,
    "early_feature_shuffle_delta_mrr": 0.0010000000000000009,
    "early_route_change_under_feature_shuffle": 0.23663064560820174,
    "early_route_change_under_feature_zero": 0.682460515378221,
    "early_family_tempo_zero_delta_mrr": 0.0,
    "early_family_tempo_shuffle_delta_mrr": -9.99999999999994e-05,
    "early_family_tempo_route_change_under_zero": 0.007204211692989737,
    "early_family_tempo_route_change_under_shuffle": 0.007481296758104716,
    "early_family_focus_zero_delta_mrr": -9.99999999999994e-05,
    "early_family_focus_shuffle_delta_mrr": 0.0,
    "early_family_focus_route_change_under_zero": 0.23857024106400665,
    "early_family_focus_route_change_under_shuffle": 0.07287337212524243,
    "early_family_memory_zero_delta_mrr": -0.0003999999999999993,
    "early_family_memory_shuffle_delta_mrr": 0.0,
    "early_family_memory_route_change_under_zero": 0.4502632308118592,
    "early_family_memory_route_change_under_shuffle": 0.3266832917705736,
    "early_family_exposure_zero_delta_mrr": 0.0008999999999999998,
    "early_family_exposure_shuffle_delta_mrr": -9.99999999999994e-05,
    "early_family_exposure_route_change_under_zero": 0.31753948462177883,
    "early_family_exposure_route_change_under_shuffle": 0.017456359102244398
  }
}
