stage_name,stage_key,split,aggregation_level,node_kind,node_name,route_space,support_size,wrapper_name,source_type,temperature,top_k,entropy_norm,n_eff_norm,top1_monopoly_norm,jitter_adj_norm,knn_consistency_score,knn_consistency_js,n_eff,cv_usage,top1_max_frac,entropy_mean
macro,macro@1,best_valid,session,final,final.expert,expert,12,ScalarGroupConditionalProductWrapper,,,,0.9662632472604319,0.9695754190454245,0.2191289496157131,0.0,0.9924212725130769,0.007607591971940212,11.634905028545095,0.1771424639437294,0.284201537147737,2.401073968563194
macro,macro@1,best_valid,session,final,final.group,group,4,ScalarGroupConditionalProductWrapper,,,,0.973172582898862,0.9910068043492926,0.14113293481354963,0.0,0.9961856696557048,0.00382162345374233,3.9640272173971702,0.09526187926530838,0.35584970111016223,1.3491036640691716
macro,macro@1,best_valid,session,final,final.intra.Exposure,intra,3,ScalarGroupConditionalProductWrapper,,,,0.9161903388447821,0.9071425294405918,0.7349701110162253,0.0,0.9954854572982041,0.004524764024365248,2.7214275883217756,0.31994171737756094,0.8233134073441503,1.006537965013877
macro,macro@1,best_valid,session,final,final.intra.Focus,intra,3,ScalarGroupConditionalProductWrapper,,,,0.9634573381811353,0.946566268856678,0.7812126387702818,0.0,0.9983474963837035,0.0016538705064657148,2.839698806570034,0.23759207911515,0.8541417591801879,1.058466071333262
macro,macro@1,best_valid,session,final,final.intra.Memory,intra,3,ScalarGroupConditionalProductWrapper,,,,0.9955753686822764,0.9978997505223264,0.5348847139197267,0.0,0.9993109293733744,0.0006893081449073048,2.993699251566979,0.04587728952237101,0.6899231426131511,1.0937513343296328
macro,macro@1,best_valid,session,final,final.intra.Tempo,intra,3,ScalarGroupConditionalProductWrapper,,,,0.9280697902961774,0.9956682726707237,0.17749786507258755,0.0,0.9921628689752002,0.00786800273904745,2.987004818012171,0.06595921692373702,0.45166524338172503,1.0195888763610161
