stage_name,stage_key,split,aggregation_level,node_kind,node_name,route_space,support_size,wrapper_name,source_type,temperature,top_k,entropy_norm,n_eff_norm,top1_monopoly_norm,jitter_adj_norm,knn_consistency_score,knn_consistency_js,n_eff,cv_usage,top1_max_frac,entropy_mean
macro,macro@1,best_valid,session,final,final.expert,expert,16,FlatJointWrapper,,,,0.6920613706470303,0.9297559755878052,0.0428262615033043,0.7073748780147776,0.8043195775035726,0.2177586043220105,14.876095609404883,0.27486535906791687,0.10264962015934778,1.9188015513537613
macro,macro@1,best_valid,session,final,final.group,group,4,FlatJointWrapper,,,,0.862656943350351,0.974569732741183,0.17867951330986354,0.0,0.9503184241317842,0.0509581672523075,3.898278930964732,0.16153565049171448,0.38400963498239765,1.1958964561475125
macro,macro@1,best_valid,session,final,final.intra.Exposure,intra,4,FlatJointWrapper,,,,0.28410147600510793,0.9062177936816523,0.16076770528721726,0.0,0.7666160792318553,0.26576915152064345,3.6248711747266094,0.321694552898407,0.37057577896541294,0.393848274171719
macro,macro@1,best_valid,session,final,final.intra.Focus,intra,4,FlatJointWrapper,,,,0.4230949950245643,0.9224655095702708,0.15847409375593094,0.0,0.808661567042101,0.21237478437953086,3.6898620382810834,0.2899162471294403,0.3688555703169482,0.5865342058206017
macro,macro@1,best_valid,session,final,final.intra.Memory,intra,4,FlatJointWrapper,,,,0.427938839349036,0.8947927752320367,0.21512647132481844,0.0,0.8180491135466771,0.20083290317117164,3.579171100928147,0.34289538860321045,0.4113448534936138,0.5932491998937593
macro,macro@1,best_valid,session,final,final.intra.Tempo,intra,4,FlatJointWrapper,,,,0.5356238591950305,0.9797304628423742,0.087977369165488,0.0,0.8362369006629677,0.17884333204149838,3.918921851369497,0.14383666217327118,0.315983026874116,0.7425323356833451
