best_mrr20,epoch,epoch_time_sec,eval,lr,patience_used,train_loss,trial,valid_mrr20
0.0058,1,3.3806955814361572,1,0.0009640155470717386,0,79.78159856796265,1,0.0058
0.0153,3,2.383631944656372,1,0.000962269243205651,0,65.26122093200684,1,0.0153
0.0521,10,2.308363199234009,1,0.0009425695933647202,0,44.899598121643066,1,0.0521
0.0796,23,2.310105323791504,1,0.0008537028946158933,0,34.12315607070923,1,0.0796
0.0796,33,2.1169276237487793,1,0.00074728135,10,30.030662298202515,1,0.0617
