stage_name,stage_key,split,aggregation_level,node_kind,node_name,route_space,support_size,wrapper_name,source_type,temperature,top_k,entropy_norm,n_eff_norm,top1_monopoly_norm,jitter_adj_norm,knn_consistency_score,knn_consistency_js,n_eff,cv_usage,top1_max_frac,entropy_mean
macro,macro@1,best_valid,session,final,final.expert,expert,20,FlatJointWrapper,,,,0.8056827023402265,0.893863280291353,0.1074132047662061,0.8606608074906184,0.974252895356488,0.02608436288527312,17.87726560582706,0.34458584570011724,0.15204254452789578,2.4136096736448103
macro,macro@1,best_valid,session,final,final.group,group,4,FlatJointWrapper,,,,0.8671532043447387,0.9698474231190336,0.07766792626748731,0.0,0.9928673323370026,0.007158226745804241,3.8793896924761344,0.1763237968876241,0.3082509447006155,1.2021295974101556
macro,macro@1,best_valid,session,final,final.intra.Exposure,intra,5,FlatJointWrapper,,,,0.8418887613493077,0.9897205654908638,0.08596719668342405,0.0,0.9840835404200309,0.01604448673273842,4.9486028274543195,0.10191298869381862,0.26877375734673925,1.3549676905677601
macro,macro@1,best_valid,session,final,final.intra.Focus,intra,5,FlatJointWrapper,,,,0.7705584901035719,0.9647502108584899,0.13384265505059653,0.0,0.9833184398025968,0.016822264394543353,4.823751054292449,0.19114833040314422,0.30707412404047724,1.240166047720665
macro,macro@1,best_valid,session,final,final.intra.Memory,intra,5,FlatJointWrapper,,,,0.7449806253732751,0.9662262015437133,0.10013770591564927,0.0,0.982756899860229,0.01739349373281835,4.831131007718566,0.1869608759558723,0.28011016473251943,1.1990000625046144
macro,macro@1,best_valid,session,final,final.intra.Tempo,intra,5,FlatJointWrapper,,,,0.8403347391647232,0.9850396352693606,0.09784447173952437,0.0,0.9837180629890296,0.01641594433758079,4.925198176346803,0.12323860813609411,0.2782755773916195,1.3524665883471263
