stage_name,stage_key,split,aggregation_level,node_kind,node_name,route_space,support_size,wrapper_name,source_type,temperature,top_k,entropy_norm,n_eff_norm,top1_monopoly_norm,jitter_adj_norm,knn_consistency_score,knn_consistency_js,n_eff,cv_usage,top1_max_frac,entropy_mean
macro,macro@1,best_valid,session,final,final.expert,expert,16,FlatJointWrapper,,,,0.9178037569703826,0.9866493251033831,0.08275401457734413,0.6922881140239247,0.952359640652037,0.04881254173516898,15.78638920165413,0.1163235604763031,0.14008188866626012,2.544692345805384
macro,macro@1,best_valid,session,final,final.group,group,4,FlatJointWrapper,,,,0.9534775015344491,0.9956892202970091,0.15881174318320412,0.0,0.9864733676562248,0.013618950684470256,3.9827568811880365,0.06579899787902832,0.3691088073874031,1.3218004838318886
macro,macro@1,best_valid,session,final,final.intra.Exposure,intra,4,FlatJointWrapper,,,,0.9057609405525604,0.9950778768750366,0.04823300519789764,0.0,0.9694709322857287,0.031004786919375475,3.9803115075001463,0.07033191295456367,0.28617475389842323,1.2556512844106629
macro,macro@1,best_valid,session,final,final.intra.Focus,intra,4,FlatJointWrapper,,,,0.9047559815143508,0.9934417229019565,0.07669076864999853,0.0,0.9683494230788664,0.032162282586064794,3.973766891607826,0.08125043660402298,0.3075180764874989,1.2542581153628365
macro,macro@1,best_valid,session,final,final.intra.Memory,intra,4,FlatJointWrapper,,,,0.8864253899661869,0.9805546769231704,0.12768243459070186,0.0,0.9659761110549392,0.034616174832196304,3.9222187076926818,0.14082235097885132,0.3457618259430264,1.228846519663625
macro,macro@1,best_valid,session,final,final.intra.Tempo,intra,4,FlatJointWrapper,,,,0.8759234882387608,0.9918173901888372,0.12024856985219386,0.0,0.9624554084321595,0.03826754279506697,3.9672695607553488,0.09082992374897003,0.3401864273891454,1.2142877925178588
