stage_name,stage_key,split,aggregation_level,node_kind,node_name,route_space,support_size,wrapper_name,source_type,temperature,top_k,entropy_norm,n_eff_norm,top1_monopoly_norm,jitter_adj_norm,knn_consistency_score,knn_consistency_js,n_eff,cv_usage,top1_max_frac,entropy_mean
macro,macro@1,best_valid,session,final,final.expert,expert,12,ScalarGroupConditionalProductWrapper,,,,0.9336644896496696,0.8044601917205775,0.8557259772803776,0.0,0.9947618145199746,0.005251952872067801,9.65352230064693,0.4930209805102617,0.8677488125070127,2.3200690990013837
macro,macro@1,best_valid,session,final,final.group,group,4,ScalarGroupConditionalProductWrapper,,,,0.9814645169945957,0.9749035161853865,0.721733926768149,0.0,0.9990289796096135,0.000971492136093711,3.899614064741546,0.16044510900974274,0.7913004450761117,1.360598725548865
macro,macro@1,best_valid,session,final,final.intra.Exposure,intra,3,ScalarGroupConditionalProductWrapper,,,,0.7184087863292882,0.6744682384705989,0.8958185286307362,0.0,0.9908369482025108,0.009205290779927077,2.0234047154117967,0.6947298438927578,0.9305456857538242,0.7892527209484983
macro,macro@1,best_valid,session,final,final.intra.Focus,intra,3,ScalarGroupConditionalProductWrapper,,,,0.9874983029157728,0.9979972498769251,0.3884317612297565,0.0,0.9990575408190678,0.0009429035748233452,2.993991749630775,0.044796951642723334,0.5922878408198377,1.0848777706221715
macro,macro@1,best_valid,session,final,final.intra.Memory,intra,3,ScalarGroupConditionalProductWrapper,,,,0.9318679858921758,0.9341489952083791,0.8410629464786623,0.0,0.9978070228362279,0.002195385259435871,2.8024469856251373,0.2655054936114248,0.8940419643191083,1.023761620717545
macro,macro@1,best_valid,session,final,final.intra.Tempo,intra,3,ScalarGroupConditionalProductWrapper,,,,0.9413335311444875,0.9754176350877456,0.43611848748924714,0.0,0.9968224728840339,0.0031825861749597262,2.9262529052632367,0.15875128556039078,0.6240789916594981,1.0341605850506788
