{
  "split": "best_valid",
  "feature_mode": "none",
  "stages": [
    {
      "stage": "macro@1",
      "n_eff": 11.606954639665066,
      "cv_usage": 0.6152106064809092,
      "top1_max_frac": 0.8268507893799707,
      "entropy_mean": 2.5835836725458,
      "route_jitter_adjacent": 0.0,
      "route_consistency_knn_js": 0.003932623769188309,
      "route_consistency_knn_score": 0.9960750988689399,
      "route_consistency_group_knn_js": 0.0025207244794550675,
      "route_consistency_group_knn_score": 0.9974824498787079,
      "route_consistency_intra_group_knn_mean_js": 0.0020248894863177723,
      "route_consistency_intra_group_knn_mean_score": 0.9979796918786457,
      "route_consistency_feature_group_knn_mean_score": 0.9912970787682299,
      "family_top_expert_mean_share": 0.14758077263832092,
      "route_consistency_feature_group_knn_tempo_js": 0.007640109807636166,
      "route_consistency_feature_group_knn_tempo_score": 0.9923890016458884,
      "route_consistency_feature_group_knn_focus_js": 0.009757151771320824,
      "route_consistency_feature_group_knn_focus_score": 0.9902902947941858,
      "route_consistency_feature_group_knn_memory_js": 0.011423774363824931,
      "route_consistency_feature_group_knn_memory_score": 0.9886412291824547,
      "route_consistency_feature_group_knn_exposure_js": 0.006151089773208082,
      "route_consistency_feature_group_knn_exposure_score": 0.9938677894503907
    }
  ]
}
