best_mrr20,epoch,epoch_time_sec,eval,lr,patience_used,train_loss,trial,valid_mrr20
0.0062,1,3.6805241107940674,1,0.001349694149497785,0,79.33398246765137,1,0.0062
0.0143,3,2.733785390853882,1,0.001347249192963149,0,68.9254322052002,1,0.0143
0.0647,10,2.4618964195251465,1,0.0013196682040276242,1,45.06730365753174,1,0.0631
0.0739,31,2.720000982284546,1,0.001079006438798662,0,15.044381260871887,1,0.0739
0.0739,41,2.50628662109375,1,0.0009043828418166962,10,9.485376000404358,1,0.0659
