best_mrr20,epoch,epoch_time_sec,eval,lr,patience_used,train_loss,trial,valid_mrr20
0.0115,1,23.294713258743286,1,0.00034992070542535163,0,686.9903626441956,1,0.0115
0.0165,3,22.13804841041565,1,0.00034928682780526084,0,592.6119046211243,1,0.0165
0.0182,7,22.53175377845764,1,0.0003461301914344516,0,521.4801845550537,1,0.0182
0.0182,10,22.277456998825073,1,0.00034213620104419886,3,483.72260665893555,1,0.0159
0.0182,17,22.392499923706055,1,0.0003276323875845089,10,388.181857585907,1,0.0155
