stage_name,stage_key,split,aggregation_level,node_kind,node_name,route_space,support_size,wrapper_name,source_type,temperature,top_k,entropy_norm,n_eff_norm,top1_monopoly_norm,jitter_adj_norm,knn_consistency_score,knn_consistency_js,n_eff,cv_usage,top1_max_frac,entropy_mean
macro,macro@1,best_valid,session,final,final.expert,expert,8,ScalarGroupConditionalProductWrapper,,,,0.9907379496319627,0.9982631622727667,0.7499039077514414,0.0,0.9988977129519858,0.001102895013191415,7.986105298182133,0.04171070083975792,0.7811659192825112,2.060181649383408
macro,macro@1,best_valid,session,final,final.group,group,4,ScalarGroupConditionalProductWrapper,,,,0.990998982380115,0.9984434076684132,0.7318385650224215,0.0,0.999198516304412,0.0008018050553663721,3.993773630673653,0.039485011249780655,0.7988789237668161,1.3738163011491031
macro,macro@1,best_valid,session,final,final.intra.Exposure,intra,2,ScalarGroupConditionalProductWrapper,,,,0.9996146425331256,0.9999911785903912,0.5623318385650224,0.0,0.9999917843372447,8.215696504046707e-06,1.9999823571807824,0.0029789507389068604,0.7811659192825112,0.6928800711182735
macro,macro@1,best_valid,session,final,final.intra.Focus,intra,2,ScalarGroupConditionalProductWrapper,,,,0.9984453653439942,0.999876156887173,0.6493273542600897,0.0,0.9999331418845868,6.686035051660717e-05,1.999752313774346,0.01112625002861023,0.8246636771300448,0.692069589931334
macro,macro@1,best_valid,session,final,final.intra.Memory,intra,2,ScalarGroupConditionalProductWrapper,,,,0.9907609571573646,0.9992399037092247,0.5623318385650224,0.0,0.9999473161007848,5.268528706060266e-05,1.9984798074184493,0.027581334114074707,0.7811659192825112,0.6867431640625
macro,macro@1,best_valid,session,final,final.intra.Tempo,intra,2,ScalarGroupConditionalProductWrapper,,,,0.9789520946630506,0.9972557245319966,0.6959641255605382,0.0,0.9991525651135307,0.000847794162402363,1.9945114490639932,0.05245891213417053,0.8479820627802691,0.6785578843189461
