stage_name,stage_key,split,aggregation_level,node_kind,node_name,route_space,support_size,wrapper_name,source_type,temperature,top_k,entropy_norm,n_eff_norm,top1_monopoly_norm,jitter_adj_norm,knn_consistency_score,knn_consistency_js,n_eff,cv_usage,top1_max_frac,entropy_mean
macro,macro@1,best_valid,session,final,final.expert,expert,12,FlatJointWrapper,,,,0.936657065518072,0.9942666394175808,0.06792950857852652,0.7003337866238101,0.9642456815083348,0.03640916050550392,11.931199673010969,0.0759366250411719,0.14560204953031597,2.327505370676772
macro,macro@1,best_valid,session,final,final.group,group,4,FlatJointWrapper,,,,0.9642140913877377,0.9990654389263088,0.05641901508682038,0.0,0.9881639709231952,0.01190663253164726,3.9962617557052353,0.030585354194045067,0.2923142613151153,1.3366845578031596
macro,macro@1,best_valid,session,final,final.intra.Exposure,intra,3,FlatJointWrapper,,,,0.8973834973301802,0.9950951403273973,0.08795900939368063,0.0,0.9759127756067953,0.02438206581804707,2.985285420982192,0.07020717650034497,0.3919726729291204,0.9858765378149018
macro,macro@1,best_valid,session,final,final.intra.Focus,intra,3,FlatJointWrapper,,,,0.908005007073096,0.9943125131940139,0.1257472245943638,0.0,0.973586474810237,0.026768629342210585,2.982937539582042,0.07563079971854685,0.41716481639624253,0.9975454589426772
macro,macro@1,best_valid,session,final,final.intra.Memory,intra,3,FlatJointWrapper,,,,0.9041581945323538,0.9903905841319535,0.10384286934244237,0.0,0.9751595317098458,0.0251541991024444,2.9711717523958603,0.09850189913803639,0.40256191289496157,0.9933193034132152
macro,macro@1,best_valid,session,final,final.intra.Tempo,intra,3,FlatJointWrapper,,,,0.9338268007762842,0.9997442422933625,0.07860802732707088,0.0,0.981269046171236,0.018908599963078872,2.9992327268800874,0.015995643556247843,0.3857386848847139,1.0259135988204526
