{
  "split": "best_valid",
  "feature_mode": "none",
  "stages": [
    {
      "stage": "macro@1",
      "n_eff": 11.022373941885105,
      "cv_usage": 0.29781627512525694,
      "top1_max_frac": 0.21004235211995517,
      "entropy_mean": 1.99145205263336,
      "route_jitter_adjacent": 0.0,
      "route_consistency_knn_js": 0.017764504276104827,
      "route_consistency_knn_score": 0.9823923543181947,
      "route_consistency_group_knn_js": 0.007424861744394358,
      "route_consistency_group_knn_score": 0.9926026344476737,
      "route_consistency_intra_group_knn_mean_js": 0.009473276244557287,
      "route_consistency_intra_group_knn_mean_score": 0.9905929777570228,
      "route_consistency_feature_group_knn_mean_score": 0.9557773413779538,
      "family_top_expert_mean_share": 0.12095886468887329,
      "route_consistency_feature_group_knn_tempo_js": 0.03077187142564013,
      "route_consistency_feature_group_knn_tempo_score": 0.9696967633853442,
      "route_consistency_feature_group_knn_focus_js": 0.056249054906287906,
      "route_consistency_feature_group_knn_focus_score": 0.9453036740521956,
      "route_consistency_feature_group_knn_memory_js": 0.04515660009670343,
      "route_consistency_feature_group_knn_memory_score": 0.95584778425663,
      "route_consistency_feature_group_knn_exposure_js": 0.04891597107426098,
      "route_consistency_feature_group_knn_exposure_score": 0.9522611438176456
    }
  ]
}
