stage_name,stage_key,split,aggregation_level,node_kind,node_name,route_space,support_size,wrapper_name,source_type,temperature,top_k,entropy_norm,n_eff_norm,top1_monopoly_norm,jitter_adj_norm,knn_consistency_score,knn_consistency_js,n_eff,cv_usage,top1_max_frac,entropy_mean
macro,macro@1,best_valid,session,final,final.expert,expert,12,FlatJointWrapper,,,,0.9840880105624137,0.995076548941973,0.11708679633279068,0.5557414081495404,0.9864904822047641,0.01360160160983731,11.940918587303676,0.07033939123524015,0.19066289663839145,2.4453668414231857
macro,macro@1,best_valid,session,final,final.group,group,4,FlatJointWrapper,,,,0.9914102268476023,0.997554219052404,0.1604565923133312,0.0,0.9961346005597457,0.003872889404035304,3.990216876209616,0.049515399307930426,0.3703424442349984,1.3743864070354226
macro,macro@1,best_valid,session,final,final.intra.Exposure,intra,3,FlatJointWrapper,,,,0.9782879722924547,0.996472655754312,0.14601319509896327,0.0,0.99148630367547,0.008550144859028358,2.989417967262936,0.05949665242443525,0.43067546339930884,1.074759188216698
macro,macro@1,best_valid,session,final,final.intra.Focus,intra,3,FlatJointWrapper,,,,0.9690979685176051,0.997751534580028,0.02929311969839773,0.0,0.9883035741870991,0.01176536710638749,2.993254603740084,0.047472402076781106,0.3528620797989318,1.064662937136742
macro,macro@1,best_valid,session,final,final.intra.Memory,intra,3,FlatJointWrapper,,,,0.9788201733890319,0.998337890270291,0.08446748350612628,0.0,0.9911317155786743,0.00890784169940086,2.9950136708108728,0.04080195510232582,0.3896449890040842,1.0753438708814405
macro,macro@1,best_valid,session,final,final.intra.Tempo,intra,3,FlatJointWrapper,,,,0.9776682574305962,0.9996361268861954,0.09402450518378887,0.0,0.9909968811400639,0.009043891841698966,2.998908380658586,0.019080601529610112,0.39601633678919257,1.07407836185399
