stage_name,stage_key,split,aggregation_level,node_kind,node_name,route_space,support_size,wrapper_name,source_type,temperature,top_k,entropy_norm,n_eff_norm,top1_monopoly_norm,jitter_adj_norm,knn_consistency_score,knn_consistency_js,n_eff,cv_usage,top1_max_frac,entropy_mean
macro,macro@1,best_valid,session,final,final.expert,expert,12,GroupConditionalProductWrapper,,,,0.8935670229629311,0.9830388576013277,0.14101529154989478,0.0,0.9912388835417151,0.008799720681874876,11.796466291215932,0.13135277776685025,0.21259735058740353,2.2204306373918543
macro,macro@1,best_valid,session,final,final.group,group,4,GroupConditionalProductWrapper,,,,0.904235702064317,0.9940342125379772,0.1901773509006258,0.0,0.996110716370458,0.0038968665609505097,3.9761368501519088,0.07746972143650055,0.39263301317546934,1.253536854895048
macro,macro@1,best_valid,session,final,final.intra.Exposure,intra,3,GroupConditionalProductWrapper,,,,0.7191412686513617,0.9422826057134436,0.31904368778903147,0.0,0.9906287355804494,0.009415450990655857,2.826847817140331,0.2474931851776485,0.5460291251926876,0.7900574350287605
macro,macro@1,best_valid,session,final,final.intra.Focus,intra,3,GroupConditionalProductWrapper,,,,0.9869321774629146,0.9999706455741557,0.13456362550255388,0.0,0.9991061543950266,0.0008942453231648562,2.999911936722467,0.005425917211125376,0.4230424170017026,1.0842558182427338
macro,macro@1,best_valid,session,final,final.intra.Memory,intra,3,GroupConditionalProductWrapper,,,,0.9260860934917216,0.9991782806916331,0.42187678284974056,0.0,0.9965684663888374,0.0034374348266385892,2.997534842074899,0.02867697373250205,0.614584521899827,1.0174095626746493
macro,macro@1,best_valid,session,final,final.intra.Tempo,intra,3,GroupConditionalProductWrapper,,,,0.8936918365953922,0.9872449210015631,0.17011994174066541,0.0,0.9956439341942095,0.00436558110333842,2.9617347630046895,0.11366565559310747,0.4467466278271103,0.9818208339660702
