best_mrr20,epoch,epoch_time_sec,eval,lr,patience_used,train_loss,trial,valid_mrr20
0.0106,1,17.26836347579956,1,0.0005476,0,695.7456941604614,1,0.0106
0.0158,3,16.743476629257202,1,0.0005476,0,600.691831111908,1,0.0158
0.0181,10,17.250532150268555,1,0.0005476,1,511.10542917251587,1,0.0169
0.0183,11,17.456313371658325,1,0.0005476,0,504.4488778114319,1,0.0183
0.0183,21,16.574693202972412,1,0.0005476,10,452.89549112319946,1,0.0173
