cv_usage,entropy_mean,family_top_expert_mean_share,n_eff,route_consistency_feature_group_knn_exposure_js,route_consistency_feature_group_knn_exposure_score,route_consistency_feature_group_knn_focus_js,route_consistency_feature_group_knn_focus_score,route_consistency_feature_group_knn_mean_score,route_consistency_feature_group_knn_memory_js,route_consistency_feature_group_knn_memory_score,route_consistency_feature_group_knn_tempo_js,route_consistency_feature_group_knn_tempo_score,route_consistency_group_knn_js,route_consistency_group_knn_score,route_consistency_intra_group_knn_mean_js,route_consistency_intra_group_knn_mean_score,route_consistency_knn_js,route_consistency_knn_score,route_jitter_adjacent,stage,top1_max_frac
0.20516267151610085,2.036946161223871,0.11687597632408142,11.51530075803054,0.03411983692987415,0.9664556806160233,0.04725068118852513,0.9538482558030124,0.9603188437191191,0.05250365431943364,0.9488508536453517,0.028275423767659603,0.9721205848120891,0.007004755935640779,0.9930197201841253,0.00586156290320994,0.9941585788353968,0.013221754202151888,0.9868652692335702,0.0,macro@1,0.1742343394478787
0.5792206055158197,1.7342330100012977,0.17422014474868774,8.985421973859223,0.020681307691919434,0.9795310838537603,0.024376430967162036,0.975918274745256,0.9786476814443708,0.024547003321579493,0.9757518242637426,0.016749957663921997,0.9833895429147245,0.0043486884535443495,0.9956607534005696,0.0037318930759956035,0.9962752097884228,0.007275729005607483,0.9927506750356507,0.642093168233324,micro@1,0.25409705861954013
0.4937771864202992,1.8774173082828263,0.1661716103553772,9.647726794064054,0.053457204302581614,0.9479465081676793,0.03468155608160336,0.9659129563944888,0.955875144510798,0.04640313234958435,0.9546570314747701,0.04606060669659927,0.9549840820062537,0.008579989336165791,0.9914567137266983,0.004549260167379959,0.9954681580036631,0.014849993833150865,0.9852597235530146,0.0,mid@1,0.27955531392697897
