stage_name,stage_key,split,aggregation_level,node_kind,node_name,route_space,support_size,wrapper_name,source_type,temperature,top_k,entropy_norm,n_eff_norm,top1_monopoly_norm,jitter_adj_norm,knn_consistency_score,knn_consistency_js,n_eff,cv_usage,top1_max_frac,entropy_mean
macro,macro@1,best_valid,session,final,final.expert,expert,12,ScalarGroupConditionalProductWrapper,,,,0.9856292725402831,0.9873103680259855,0.2935641642729602,0.0,0.9969401458177245,0.003064545107559419,11.847724416311825,0.11336951737494715,0.3524338172502135,2.4491967335610587
macro,macro@1,best_valid,session,final,final.group,group,4,ScalarGroupConditionalProductWrapper,,,,0.9776793806569496,0.9886489220111773,0.25761457443780245,0.0,0.9974741479802185,0.002529047365775921,3.954595688044709,0.10715020447969437,0.44321093082835183,1.3553514123879162
macro,macro@1,best_valid,session,final,final.intra.Exposure,intra,3,ScalarGroupConditionalProductWrapper,,,,0.9981139491737813,0.9976340613345873,0.6506831767719898,0.0,0.9998762202873369,0.0001237873740039521,2.992902184003762,0.04869894538226886,0.7671221178479932,1.0965402500533732
macro,macro@1,best_valid,session,final,final.intra.Focus,intra,3,ScalarGroupConditionalProductWrapper,,,,0.9932280053505737,0.9983271971841311,0.2476942783945346,0.0,0.9994399326260814,0.0005602242702346124,2.9949815915523934,0.04093577863638274,0.49846285226302306,1.0911724921274553
macro,macro@1,best_valid,session,final,final.intra.Memory,intra,3,ScalarGroupConditionalProductWrapper,,,,0.9938201029474198,0.9999321149182979,0.3928266438941076,0.0,0.9989353199423848,0.0010652472320362798,2.999796344754894,0.008235689705664226,0.5952177625960717,1.0918229778234414
macro,macro@1,best_valid,session,final,final.intra.Tempo,intra,3,ScalarGroupConditionalProductWrapper,,,,0.995129701375727,0.9940674602098915,0.7028181041844577,0.0,0.9997197468641839,0.00028029241406499466,2.9822023806296745,0.07725326804836202,0.8018787361229718,1.09326171875
