{
  "model": "SIGMA",
  "dataset": "foursquare",
  "dataset_raw": "foursquare",
  "max_evals": 4,
  "tune_epochs": 22,
  "n_completed": 4,
  "n_recorded_trials": 4,
  "timestamp": "2026-04-09T16:37:44.192935",
  "trials": [
    {
      "trial": 1,
      "params": {
        "learning_rate": 0.0042203392024028445
      },
      "mrr@20": 0.0091,
      "valid_result": {
        "hit@5": 0.0113,
        "hit@10": 0.0171,
        "hit@20": 0.0187,
        "ndcg@5": 0.009,
        "ndcg@10": 0.0108,
        "ndcg@20": 0.0112,
        "mrr@5": 0.0082,
        "mrr@10": 0.009,
        "mrr@20": 0.0091
      },
      "test_result": {
        "hit@5": 0.0105,
        "hit@10": 0.015,
        "hit@20": 0.0189,
        "ndcg@5": 0.0074,
        "ndcg@10": 0.0089,
        "ndcg@20": 0.0098,
        "mrr@5": 0.0063,
        "mrr@10": 0.007,
        "mrr@20": 0.0072
      },
      "best_hr@10": 0.0171,
      "test_mrr@20": 0.0072,
      "test_hr@10": 0.015,
      "epochs_run": 4,
      "early_stop_epoch": 4,
      "early_stopped": true,
      "elapsed": 25.6,
      "status": "ok"
    },
    {
      "trial": 2,
      "params": {
        "learning_rate": 0.0019426617207490865
      },
      "mrr@20": 0.0831,
      "valid_result": {
        "hit@5": 0.1138,
        "hit@10": 0.1353,
        "hit@20": 0.153,
        "ndcg@5": 0.0876,
        "ndcg@10": 0.0947,
        "ndcg@20": 0.0991,
        "mrr@5": 0.0789,
        "mrr@10": 0.0819,
        "mrr@20": 0.0831
      },
      "test_result": {
        "hit@5": 0.1088,
        "hit@10": 0.1337,
        "hit@20": 0.1569,
        "ndcg@5": 0.0826,
        "ndcg@10": 0.0906,
        "ndcg@20": 0.0964,
        "mrr@5": 0.074,
        "mrr@10": 0.0772,
        "mrr@20": 0.0788
      },
      "best_hr@10": 0.1353,
      "test_mrr@20": 0.0788,
      "test_hr@10": 0.1337,
      "epochs_run": 22,
      "early_stop_epoch": 22,
      "early_stopped": false,
      "elapsed": 138.0,
      "status": "ok"
    },
    {
      "trial": 3,
      "params": {
        "learning_rate": 0.003578550101333316
      },
      "mrr@20": 0.0982,
      "valid_result": {
        "hit@5": 0.1332,
        "hit@10": 0.1635,
        "hit@20": 0.1916,
        "ndcg@5": 0.1023,
        "ndcg@10": 0.1122,
        "ndcg@20": 0.1193,
        "mrr@5": 0.0921,
        "mrr@10": 0.0962,
        "mrr@20": 0.0982
      },
      "test_result": {
        "hit@5": 0.1327,
        "hit@10": 0.1637,
        "hit@20": 0.1873,
        "ndcg@5": 0.0992,
        "ndcg@10": 0.1092,
        "ndcg@20": 0.1151,
        "mrr@5": 0.0881,
        "mrr@10": 0.0922,
        "mrr@20": 0.0938
      },
      "best_hr@10": 0.1635,
      "test_mrr@20": 0.0938,
      "test_hr@10": 0.1637,
      "epochs_run": 22,
      "early_stop_epoch": 22,
      "early_stopped": true,
      "elapsed": 137.6,
      "status": "ok"
    },
    {
      "trial": 4,
      "params": {
        "learning_rate": 0.002598641626065884
      },
      "mrr@20": 0.0903,
      "valid_result": {
        "hit@5": 0.1225,
        "hit@10": 0.1461,
        "hit@20": 0.1745,
        "ndcg@5": 0.0944,
        "ndcg@10": 0.1022,
        "ndcg@20": 0.1093,
        "mrr@5": 0.0851,
        "mrr@10": 0.0883,
        "mrr@20": 0.0903
      },
      "test_result": {
        "hit@5": 0.1198,
        "hit@10": 0.1482,
        "hit@20": 0.1724,
        "ndcg@5": 0.0916,
        "ndcg@10": 0.1008,
        "ndcg@20": 0.1069,
        "mrr@5": 0.0822,
        "mrr@10": 0.086,
        "mrr@20": 0.0877
      },
      "best_hr@10": 0.1461,
      "test_mrr@20": 0.0877,
      "test_hr@10": 0.1482,
      "epochs_run": 22,
      "early_stop_epoch": 22,
      "early_stopped": false,
      "elapsed": 138.6,
      "status": "ok"
    }
  ],
  "run_group": "baseline",
  "run_axis": "stageh_targetedrecovery_anchor2_core5",
  "run_phase": "P23_SH_C07_MSIGMA_FSQ_SIGMA_STAGEH_REC1_PASS2_DEEPL_S1",
  "parent_result": "",
  "interrupted": false,
  "interrupted_at": null,
  "tuned_search": {
    "learning_rate": [
      0.0012417518592697978,
      0.0042224
    ]
  },
  "fixed_search": {
    "num_layers": 3,
    "state_size": 16,
    "remaining_ratio": 0.6,
    "conv_kernel": 6,
    "weight_decay": 8e-05,
    "hidden_dropout_prob": 0.07,
    "MAX_ITEM_LIST_LENGTH": 10,
    "n_layers": 3,
    "n_heads": 2,
    "num_heads": 2,
    "dropout_ratio": 0.07,
    "dropout_prob": 0.07,
    "attn_dropout_prob": 0.07,
    "hidden_size": 176,
    "embedding_size": 176,
    "inner_size": 440,
    "time_span": 384,
    "num_experts": 6
  },
  "context_fixed": {
    "num_layers": 3,
    "search_space_type_overrides": {
      "learning_rate": "loguniform",
      "weight_decay": "choice",
      "n_layers": "choice",
      "num_layers": "choice",
      "n_heads": "choice",
      "num_heads": "choice",
      "dropout_ratio": "choice",
      "dropout_prob": "choice",
      "hidden_dropout_prob": "choice",
      "attn_dropout_prob": "choice",
      "hidden_size": "choice",
      "embedding_size": "choice",
      "inner_size": "choice",
      "time_span": "choice",
      "num_experts": "choice",
      "state_size": "choice",
      "conv_kernel": "choice",
      "remaining_ratio": "choice",
      "MAX_ITEM_LIST_LENGTH": "choice"
    }
  },
  "best_params": {
    "learning_rate": 0.003578550101333316
  },
  "best_mrr@20": 0.0982,
  "best_hr@10": 0.1635,
  "test_mrr@20": 0.0938,
  "test_hr@10": 0.1637,
  "best_valid_result": {
    "hit@5": 0.1332,
    "hit@10": 0.1635,
    "hit@20": 0.1916,
    "ndcg@5": 0.1023,
    "ndcg@10": 0.1122,
    "ndcg@20": 0.1193,
    "mrr@5": 0.0921,
    "mrr@10": 0.0962,
    "mrr@20": 0.0982
  },
  "test_result": {
    "hit@5": 0.1327,
    "hit@10": 0.1637,
    "hit@20": 0.1873,
    "ndcg@5": 0.0992,
    "ndcg@10": 0.1092,
    "ndcg@20": 0.1151,
    "mrr@5": 0.0881,
    "mrr@10": 0.0922,
    "mrr@20": 0.0938
  },
  "best_valid_special_metrics": {
    "split": "best_valid",
    "overall": {
      "count": 3805,
      "hit@20": 0.19159001314060448,
      "ndcg@20": 0.11930522023065018,
      "mrr@20": 0.0981521454428013
    },
    "slices": {
      "target_popularity_abs": {
        "rare_1_5": {
          "count": 3436,
          "hit@20": 0.16763678696158324,
          "ndcg@20": 0.09928593876944015,
          "mrr@20": 0.07943671664420399
        },
        "6_20": {
          "count": 342,
          "hit@20": 0.43567251461988304,
          "ndcg@20": 0.3216150525020577,
          "mrr@20": 0.2867671199339001
        },
        "21_100": {
          "count": 27,
          "hit@20": 0.14814814814814814,
          "ndcg@20": 0.10435294111569722,
          "mrr@20": 0.09074074085111972
        }
      },
      "target_popularity_abs_legacy": {
        "<=5": {
          "count": 3436,
          "hit@20": 0.16763678696158324,
          "ndcg@20": 0.09928593876944015,
          "mrr@20": 0.07943671664420399
        },
        "6-20": {
          "count": 342,
          "hit@20": 0.43567251461988304,
          "ndcg@20": 0.3216150525020577,
          "mrr@20": 0.2867671199339001
        },
        "21-100": {
          "count": 27,
          "hit@20": 0.14814814814814814,
          "ndcg@20": 0.10435294111569722,
          "mrr@20": 0.09074074085111972
        }
      },
      "session_len": {
        "<=7": {
          "count": 3426,
          "hit@20": 0.18126094570928197,
          "ndcg@20": 0.11311325646601987,
          "mrr@20": 0.09310862262691418
        },
        "8-12": {
          "count": 379,
          "hit@20": 0.2849604221635884,
          "ndcg@20": 0.17527795864126614,
          "mrr@20": 0.14374346250673084
        }
      },
      "session_len_legacy": {
        "1-2": {
          "count": 1625,
          "hit@20": 0.15938461538461537,
          "ndcg@20": 0.1035496168411695,
          "mrr@20": 0.0870652322104344
        },
        "3-5": {
          "count": 1528,
          "hit@20": 0.1956806282722513,
          "ndcg@20": 0.11773958099099043,
          "mrr@20": 0.09506026816344698
        },