stage_name,stage_key,split,aggregation_level,node_kind,node_name,route_space,support_size,wrapper_name,source_type,temperature,top_k,entropy_norm,n_eff_norm,top1_monopoly_norm,jitter_adj_norm,knn_consistency_score,knn_consistency_js,n_eff,cv_usage,top1_max_frac,entropy_mean
macro,macro@1,best_valid,session,final,final.expert,expert,9,GroupConditionalProductWrapper,,,,0.9205165124043105,0.9939076178702787,0.1491125183738397,0.0,0.9959070409906284,0.004101358091999073,8.945168560832508,0.07829285075297318,0.2436555718878575,2.022581504898572
macro,macro@1,best_valid,session,final,final.group,group,3,GroupConditionalProductWrapper,,,,0.8872832755861235,0.9990640408359862,0.2001590721462658,0.0,0.997269764618224,0.002733969272210951,2.9971921225079585,0.030608471502111212,0.4667727147641772,0.9747803100886083
macro,macro@1,best_valid,session,final,final.intra.Focus,intra,3,GroupConditionalProductWrapper,,,,0.9405612083068154,0.9972733600341411,0.4200847042399104,0.0,0.9971924201590484,0.0028115284857220062,2.9918200801024235,0.05228757329918226,0.6133898028266069,1.0333121016903932
macro,macro@1,best_valid,session,final,final.intra.Memory,intra,3,GroupConditionalProductWrapper,,,,0.9248426873936667,0.9630440271977077,0.5318010054433548,0.0,0.9986943570662372,0.0013064960281366437,2.889132081593123,0.1958928273352138,0.6878673369622366,1.0160435414555213
macro,macro@1,best_valid,session,final,final.intra.Tempo,intra,3,GroupConditionalProductWrapper,,,,0.9889967701391092,0.9982806849246683,0.2123243997879038,0.0,0.9995261817758261,0.00047393051149925475,2.9948420547740047,0.04150078041111114,0.47488293319193586,1.0865240051278953
