{
  "split": "best_valid",
  "feature_mode": "runtime:unknown|ablation:none",
  "stages": [
    {
      "stage": "macro@1",
      "n_eff": 8.72269144363702,
      "cv_usage": 0.9133980870246887,
      "top1_max_frac": 0.7797085201793722,
      "entropy_mean": 2.066809410471553,
      "route_jitter_adjacent": 0.0,
      "route_consistency_knn_js": 0.009242226632588217,
      "route_consistency_knn_score": 0.9908003514708507,
      "route_consistency_group_knn_js": 0.0001945793034547444,
      "route_consistency_group_knn_score": 0.9998054396258701,
      "route_consistency_intra_group_knn_mean_js": 0.009617296803558462,
      "route_consistency_intra_group_knn_mean_score": 0.9904609278407832,
      "route_consistency_feature_group_knn_mean_score": 0.9886583991833349,
      "family_top_expert_mean_share": 0.14246347546577454,
      "route_consistency_feature_group_knn_tempo_js": 0.006551842179975251,
      "route_consistency_feature_group_knn_tempo_score": 0.9934695743399216,
      "route_consistency_feature_group_knn_focus_js": 0.017037971168043512,
      "route_consistency_feature_group_knn_focus_score": 0.9831063542295935,
      "route_consistency_feature_group_knn_memory_js": 0.014741322640596966,
      "route_consistency_feature_group_knn_memory_score": 0.9853667987200362,
      "route_consistency_feature_group_knn_exposure_js": 0.0073359731281773324,
      "route_consistency_feature_group_knn_exposure_score": 0.9926908694437884
    }
  ]
}
