stage_name,stage_key,split,aggregation_level,node_kind,node_name,route_space,support_size,wrapper_name,source_type,temperature,top_k,entropy_norm,n_eff_norm,top1_monopoly_norm,jitter_adj_norm,knn_consistency_score,knn_consistency_js,n_eff,cv_usage,top1_max_frac,entropy_mean
macro,macro@1,best_valid,session,final,final.expert,expert,20,ScalarGroupConditionalProductWrapper,,,,0.9331596783290348,0.6686673953613964,0.9679011566107831,0.0,0.9970471287958416,0.002957239529854163,13.373347907227927,0.7039260538772377,0.969506098780244,2.79549656474955
macro,macro@1,best_valid,session,final,final.group,group,4,ScalarGroupConditionalProductWrapper,,,,0.9398609686716715,0.8621398696914744,0.9684063187362527,0.0,0.9987501057017659,0.001250676067599776,3.4485594787658975,0.3998807668685913,0.9763047390521895,1.3029239611062162
macro,macro@1,best_valid,session,final,final.intra.Exposure,intra,5,ScalarGroupConditionalProductWrapper,,,,0.8668711300037565,0.7018661735775491,0.9889397120575885,0.0,0.9974114665840963,0.0025918894612676725,3.5093308678877455,0.6517461590208685,0.9911517696460708,1.3951752618226354
macro,macro@1,best_valid,session,final,final.intra.Focus,intra,5,ScalarGroupConditionalProductWrapper,,,,0.9975126485965199,0.9938592351019666,0.8705883823235352,0.0,0.9998858170388005,0.00011418948057005153,4.969296175509833,0.07860494660429736,0.8964707058588283,1.6054346747837933
macro,macro@1,best_valid,session,final,final.intra.Memory,intra,5,ScalarGroupConditionalProductWrapper,,,,0.9902788806106813,0.9964689271199303,0.7901044791041791,0.0,0.999301142373167,0.0006991019416584496,4.9823446355996515,0.059527916878045845,0.8320835832833433,1.5937923743376325
macro,macro@1,best_valid,session,final,final.intra.Tempo,intra,5,ScalarGroupConditionalProductWrapper,,,,0.9519543971132121,0.9159525784856417,0.4427364527094581,0.0,0.9972123866511048,0.0027915059787677198,4.579762892428208,0.3029185527812572,0.5541891621675665,1.5321114976223504
