stage_name,stage_key,split,aggregation_level,node_kind,node_name,route_space,support_size,wrapper_name,source_type,temperature,top_k,entropy_norm,n_eff_norm,top1_monopoly_norm,jitter_adj_norm,knn_consistency_score,knn_consistency_js,n_eff,cv_usage,top1_max_frac,entropy_mean
macro,macro@1,best_valid,session,final,final.expert,expert,12,ScalarGroupConditionalProductWrapper,,,,0.924430407620126,0.9608812617307604,0.7111609973438436,0.0,0.9908711114637732,0.009170812178400378,11.530575140769125,0.20176999845862406,0.7352309142318567,2.2971232671614827
macro,macro@1,best_valid,session,final,final.group,group,4,ScalarGroupConditionalProductWrapper,,,,0.8974926914804521,0.9679818326163617,0.6663106084406745,0.0,0.9945051259638487,0.005510026388825797,3.871927330465447,0.18187153339385986,0.7497329563305059,1.2441890573456644
macro,macro@1,best_valid,session,final,final.intra.Exposure,intra,3,ScalarGroupConditionalProductWrapper,,,,0.943199691568322,0.9988136078371418,0.6390009425070688,0.0,0.9945589442383463,0.005455912219939009,2.9964408235114255,0.03446409655469368,0.7593339616713792,1.0362107718249294
macro,macro@1,best_valid,session,final,final.intra.Focus,intra,3,ScalarGroupConditionalProductWrapper,,,,0.8927224320473804,0.9603551362110302,0.6144769085768143,0.0,0.9954736659821433,0.004536608884385818,2.8810654086330905,0.20317837735478947,0.7429846057178762,0.9807558342169337
macro,macro@1,best_valid,session,final,final.intra.Memory,intra,3,ScalarGroupConditionalProductWrapper,,,,0.9807274886653996,0.9959522485720437,0.6616022620169651,0.0,0.9978763663658453,0.002125891741555739,2.987856745716131,0.06375040668992976,0.7744015080113101,1.0774392708824223
macro,macro@1,best_valid,session,final,final.intra.Tempo,intra,3,ScalarGroupConditionalProductWrapper,,,,0.9519432011571627,0.9886679731271046,0.6622808671065034,0.0,0.9975929760853014,0.0024099254537459387,2.966003919381314,0.10706017964899005,0.7748539114043356,1.0458164989053174
