stage_name,stage_key,split,aggregation_level,node_kind,node_name,route_space,support_size,wrapper_name,source_type,temperature,top_k,entropy_norm,n_eff_norm,top1_monopoly_norm,jitter_adj_norm,knn_consistency_score,knn_consistency_js,n_eff,cv_usage,top1_max_frac,entropy_mean
macro,macro@1,best_valid,session,final,final.expert,expert,16,FlatJointWrapper,,,,0.9212311484142033,0.984766110347794,0.07597061300345558,0.7055230338508527,0.9537459445814047,0.04735794846967451,15.756257765564705,0.12437738470761593,0.1337224496907396,2.554195092669222
macro,macro@1,best_valid,session,final,final.group,group,4,FlatJointWrapper,,,,0.9470174669988646,0.9947726045630285,0.06600458808839327,0.0,0.9850388353220463,0.015074211864371355,3.979090418252114,0.07249011844396591,0.29950344106629495,1.312844974382568
macro,macro@1,best_valid,session,final,final.intra.Exposure,intra,4,FlatJointWrapper,,,,0.9100104763683213,0.9929897965500959,0.08122077997502686,0.0,0.9710238189196723,0.029404280693351284,3.9719591862003836,0.08402176201343536,0.31091558498127014,1.2615423919494293
macro,macro@1,best_valid,session,final,final.intra.Focus,intra,4,FlatJointWrapper,,,,0.9181922151232812,0.9970007759831031,0.04602607660365302,0.0,0.9702772984992052,0.030173373597657868,3.9880031039324124,0.0548480930833872,0.28451955745273977,1.2728846902495863
macro,macro@1,best_valid,session,final,final.intra.Memory,intra,4,FlatJointWrapper,,,,0.8969674569165312,0.989527317904133,0.08830618230391729,0.0,0.9677159881954684,0.03281663538046023,3.958109271616532,0.10287586599588394,0.31622963672793797,1.2434609276314357
macro,macro@1,best_valid,session,final,final.intra.Tempo,intra,4,FlatJointWrapper,,,,0.9020559825644174,0.9910428646954754,0.10410314487324679,0.0,0.9676269578886315,0.03290864006322709,3.9641714587819017,0.09506898373365402,0.3280773586549351,1.2505151220435142
