best_mrr20,epoch,epoch_time_sec,eval,lr,patience_used,train_loss,trial,valid_mrr20
0.0115,1,18.03550148010254,1,0.0005476,0,697.5720572471619,1,0.0115
0.0162,3,17.310925006866455,1,0.0005476,0,603.1714653968811,1,0.0162
0.0183,7,17.074445962905884,1,0.0005476,0,538.0023527145386,1,0.0183
0.0183,10,16.69866418838501,1,0.0005476,3,514.5079293251038,1,0.0174
0.0183,17,16.527780771255493,1,0.0005476,10,476.6145634651184,1,0.0172
