best_mrr20,epoch,epoch_time_sec,eval,lr,patience_used,train_loss,trial,valid_mrr20
0.0134,1,17.62571692466736,1,0.0005476,0,686.9914660453796,1,0.0134
0.0177,3,16.331266164779663,1,0.0005476,0,586.3208689689636,1,0.0177
0.0187,5,16.754602432250977,1,0.0005476,0,546.6440668106079,1,0.0187
0.0187,10,16.73702096939087,1,0.0005476,5,492.93167209625244,1,0.0175
0.0187,15,16.824501514434814,1,0.0005476,10,451.84333896636963,1,0.0172
