stage_name,stage_key,split,aggregation_level,node_kind,node_name,route_space,support_size,wrapper_name,source_type,temperature,top_k,entropy_norm,n_eff_norm,top1_monopoly_norm,jitter_adj_norm,knn_consistency_score,knn_consistency_js,n_eff,cv_usage,top1_max_frac,entropy_mean
macro,macro@1,best_valid,session,final,final.expert,expert,16,FlatJointWrapper,,,,0.8968175973256081,0.9917267515571156,0.0367982212340189,0.7334448626794925,0.9308840132364662,0.07162059245600749,15.86762802491385,0.09133459627628326,0.09699833240689272,2.4865063562511582
macro,macro@1,best_valid,session,final,final.group,group,4,FlatJointWrapper,,,,0.9478137305685662,0.9980965199320467,0.026496201593477837,0.0,0.9810099829457354,0.01917264317320513,3.992386079728187,0.043668331960638525,0.2698721511951084,1.3139488300792106
macro,macro@1,best_valid,session,final,final.intra.Exposure,intra,4,FlatJointWrapper,,,,0.8509723866032958,0.992574218179641,0.0754122660737447,0.0,0.9501913081555425,0.051091937655343825,3.970296872718564,0.08649420738220215,0.3065591995553085,1.1796982210168845
macro,macro@1,best_valid,session,final,final.intra.Focus,intra,4,FlatJointWrapper,,,,0.8685013427476403,0.9946357825472094,0.03934284479031561,0.0,0.9524517885474103,0.04871578896055561,3.9785431301888377,0.07343863695859909,0.2795071335927367,1.2039985140761071
macro,macro@1,best_valid,session,final,final.intra.Memory,intra,4,FlatJointWrapper,,,,0.8710252304994213,0.9968201034108075,0.06664196158359581,0.0,0.9521545432605979,0.04902792200795921,3.98728041364323,0.056480687111616135,0.29998147118769686,1.2074973654345007
macro,macro@1,best_valid,session,final,final.intra.Tempo,intra,4,FlatJointWrapper,,,,0.8652356187774513,0.9932071825886398,0.07528874065839049,0.0,0.9513976593267015,0.049823155227994034,3.9728287303545593,0.08269991725683212,0.30646655549379287,1.19947125935126
