best_mrr20,epoch,epoch_time_sec,eval,lr,patience_used,train_loss,trial,valid_mrr20
0.0924,1,30.600858688354492,1,0.0004983,0,1558.7455759048462,1,0.0924
0.1812,3,29.96242928504944,1,0.0004983,0,1010.4710531234741,1,0.1812
0.2895,10,29.715582847595215,1,0.0004983,0,491.61831521987915,1,0.2895
0.3103,14,29.217073678970337,1,0.0004983,0,362.32887029647827,1,0.3103
0.3103,24,29.51234531402588,1,0.0004983,10,173.0643608570099,1,0.3015
