cv_usage,entropy_mean,family_top_expert_mean_share,n_eff,route_consistency_feature_group_knn_exposure_js,route_consistency_feature_group_knn_exposure_score,route_consistency_feature_group_knn_focus_js,route_consistency_feature_group_knn_focus_score,route_consistency_feature_group_knn_mean_score,route_consistency_feature_group_knn_memory_js,route_consistency_feature_group_knn_memory_score,route_consistency_feature_group_knn_tempo_js,route_consistency_feature_group_knn_tempo_score,route_consistency_group_knn_js,route_consistency_group_knn_score,route_consistency_intra_group_knn_mean_js,route_consistency_intra_group_knn_mean_score,route_consistency_knn_js,route_consistency_knn_score,route_jitter_adjacent,stage,top1_max_frac
0.1424317205717647,2.0902111699871018,0.10387171804904938,11.76139852774101,0.0299638549296088,0.9704806110045638,0.042110398250644415,0.9587639288691425,0.9644309166816112,0.047383110191643374,0.9537219469930298,0.025566885299203795,0.9747571798597086,0.00679848746253521,0.9932245699718716,0.0045981332475038455,0.9954150153408693,0.011553626077838176,0.9885128607589115,0.0,macro@1,0.18172035071940434
0.5804160285244006,1.7651419220057074,0.17672944068908691,8.976104712561495,0.018215713995895357,0.9819491893269728,0.023682780145347686,0.9765954560951045,0.9795567103873861,0.02380087179358288,0.9764801351373902,0.01694062452616555,0.9832020609900769,0.004508482731505855,0.9955016652204143,0.003460934642346925,0.9965452060979177,0.007291555115457489,0.9927349637787384,0.654945054945055,micro@1,0.23380697008951443
0.4972297696608168,1.8883718886824978,0.16661812365055084,9.621264573269048,0.05102152462517635,0.9502582163603657,0.03340708948528394,0.9671447649750783,0.9579515407533961,0.04334794310010515,0.9575781493861045,0.04413473361542278,0.9568250322920361,0.007947652816873055,0.9920838462725947,0.004598497621407395,0.9954191983750329,0.014225073601587068,0.9858756247121117,0.0,mid@1,0.2741902646056644
