stage_name,stage_key,split,aggregation_level,node_kind,node_name,route_space,support_size,wrapper_name,source_type,temperature,top_k,entropy_norm,n_eff_norm,top1_monopoly_norm,jitter_adj_norm,knn_consistency_score,knn_consistency_js,n_eff,cv_usage,top1_max_frac,entropy_mean
macro,macro@1,best_valid,session,final,final.expert,expert,12,ScalarGroupConditionalProductWrapper,,,,0.9819710723178594,0.9952458447152323,0.7407256420709335,0.0,0.9990994905274593,0.0009009151747732451,11.942950136582787,0.06911361697451866,0.7623318385650224,2.440106447502102
macro,macro@1,best_valid,session,final,final.group,group,4,ScalarGroupConditionalProductWrapper,,,,0.9742982830003246,0.9968635773186479,0.6831091180866965,0.0,0.9993207391825972,0.0006794916195542428,3.9874543092745918,0.0560920350253582,0.7623318385650224,1.3506642157721414
macro,macro@1,best_valid,session,final,final.intra.Exposure,intra,3,ScalarGroupConditionalProductWrapper,,,,0.9928611612387188,0.998786404118469,0.6434977578475336,0.0,0.9998840360845287,0.00011597063980604474,2.996359212355407,0.034857886735859905,0.7623318385650224,1.090769472678146
macro,macro@1,best_valid,session,final,final.intra.Focus,intra,3,ScalarGroupConditionalProductWrapper,,,,0.9877512625905964,0.9985452031849951,0.6708239910313901,0.0,0.9994516876397433,0.0005484627384508246,2.995635609554985,0.03816865457091765,0.7805493273542601,1.0851556752294702
macro,macro@1,best_valid,session,final,final.intra.Memory,intra,3,ScalarGroupConditionalProductWrapper,,,,0.9847551926691008,0.9908503293396561,0.6434977578475336,0.0,0.9998538908389487,0.00014611983603457705,2.9725509880189684,0.09609472837761854,0.7623318385650224,1.0818641559960063
macro,macro@1,best_valid,session,final,final.intra.Tempo,intra,3,ScalarGroupConditionalProductWrapper,,,,0.9952092992752711,0.9982450462794298,0.8986827354260087,0.0,0.9998766873047333,0.0001233202989021557,2.9947351388382892,0.04192994505494505,0.9324551569506726,1.0933491659805914
