best_mrr20,epoch,epoch_time_sec,eval,lr,patience_used,train_loss,trial,valid_mrr20
0.2537,1,34.391308069229126,1,0.0004695925201194325,0,2276.729341506958,1,0.2537
0.3334,3,32.984572887420654,1,0.00046874185828533517,0,1368.9726037979126,1,0.3334
0.3716,8,32.65152192115784,1,0.0004629244258541517,0,800.0289552211761,1,0.3716
0.3716,10,31.39342498779297,1,0.00045914573896716334,2,737.8115441799164,1,0.369
0.3716,18,32.351391553878784,1,0.00043614556237183164,10,549.8445320129395,1,0.3503
