best_mrr20,epoch,epoch_time_sec,eval,lr,patience_used,train_loss,trial,valid_mrr20
0.0106,1,3.5509073734283447,1,0.001349694149497785,0,79.1107726097107,1,0.0106
0.0173,3,2.6264851093292236,1,0.001347249192963149,0,69.44698667526245,1,0.0173
0.067,10,2.6097912788391113,1,0.0013196682040276242,0,44.990455627441406,1,0.067
0.0846,16,2.6067936420440674,1,0.0012733634965698944,0,32.88533639907837,1,0.0846
0.0846,26,2.436598300933838,1,0.0011546944675209579,10,18.806170344352722,1,0.0736
