{
  "split": "best_valid",
  "feature_mode": "perturb:shuffle@eval:exposure#shift1",
  "stages": [
    {
      "stage": "macro@1",
      "n_eff": 11.79417334072759,
      "cv_usage": 0.13210411039615336,
      "top1_max_frac": 0.3353558540115937,
      "entropy_mean": 2.36788671793723,
      "route_jitter_adjacent": 0.0,
      "route_consistency_knn_js": 0.0065825965408157,
      "route_consistency_knn_score": 0.9934390212879705,
      "route_consistency_group_knn_js": 0.004687793621640436,
      "route_consistency_group_knn_score": 0.9953231769336182,
      "route_consistency_intra_group_knn_mean_js": 0.0018798720703982054,
      "route_consistency_intra_group_knn_mean_score": 0.9981228802536111,
      "route_consistency_feature_group_knn_mean_score": 0.9760777082806278,
      "family_top_expert_mean_share": 0.10703163594007492,
      "route_consistency_feature_group_knn_tempo_js": 0.01985835671946693,
      "route_consistency_feature_group_knn_tempo_score": 0.9803375216956551,
      "route_consistency_feature_group_knn_focus_js": 0.024793662801585327,
      "route_consistency_feature_group_knn_focus_score": 0.9755111755065237,
      "route_consistency_feature_group_knn_memory_js": 0.02529341329169496,
      "route_consistency_feature_group_knn_memory_score": 0.9750237851153941,
      "route_consistency_feature_group_knn_exposure_js": 0.026920783545521895,
      "route_consistency_feature_group_knn_exposure_score": 0.9734383508049383
    }
  ]
}
