best_mrr20,epoch,epoch_time_sec,eval,lr,patience_used,train_loss,trial,valid_mrr20
0.0036,1,2.880462646484375,1,0.0005672,0,80.53758716583252,1,0.0036
0.012,3,2.2045624256134033,1,0.0005672,0,74.28903102874756,1,0.012
0.0545,10,1.9994299411773682,1,0.0005672,0,57.990967750549316,1,0.0545
0.0942,50,1.946929931640625,1,0.0005672,0,22.23295521736145,1,0.0942
0.0942,60,1.8004186153411865,1,0.0005672,10,17.633751392364502,1,0.0888
