stage_name,stage_key,split,aggregation_level,node_kind,node_name,route_space,support_size,wrapper_name,source_type,temperature,top_k,entropy_norm,n_eff_norm,top1_monopoly_norm,jitter_adj_norm,knn_consistency_score,knn_consistency_js,n_eff,cv_usage,top1_max_frac,entropy_mean
macro,macro@1,best_valid,session,final,final.expert,expert,12,ScalarGroupConditionalProductWrapper,,,,0.8897872129024877,0.6453226365857953,0.940429843560337,0.0,0.9933665372431161,0.006655561954643291,7.743871639029543,0.741358436901616,0.9453940232636422,2.211038162237723
macro,macro@1,best_valid,session,final,final.group,group,4,ScalarGroupConditionalProductWrapper,,,,0.967864593999998,0.935430323632311,0.9146251760980414,0.0,0.9992054067137673,0.0007949091428073688,3.741721294529244,0.2627292573451996,0.935968882073531,1.3417452289897895
macro,macro@1,best_valid,session,final,final.intra.Exposure,intra,3,ScalarGroupConditionalProductWrapper,,,,0.5564119187819314,0.5215513548471974,0.9718928825223472,0.0,0.9915348637923331,0.008501168965407526,1.5646540645415923,0.9577873957816543,0.9812619216815649,0.6112809715352321
macro,macro@1,best_valid,session,final,final.intra.Focus,intra,3,ScalarGroupConditionalProductWrapper,,,,0.9811414832943228,0.9917231755989468,0.5622919549687698,0.0,0.9988610463822125,0.0011396027183696248,2.9751695267968405,0.09135641630421829,0.7081946366458466,1.0778940904692
macro,macro@1,best_valid,session,final,final.intra.Memory,intra,3,ScalarGroupConditionalProductWrapper,,,,0.9628991889912284,0.9793838758257407,0.648464674421214,0.0,0.9990211888329708,0.0009792905154995457,2.938151627477222,0.14508669391016085,0.7656431162808094,1.0578528817743202
macro,macro@1,best_valid,session,final,final.intra.Tempo,intra,3,ScalarGroupConditionalProductWrapper,,,,0.8591573316676875,0.9929199804507894,0.08508808018850285,0.0,0.9895690001568356,0.010485784024230137,2.978759941352368,0.08444263720683344,0.39005872012566856,0.9438808024694244
