{
  "split": "best_valid",
  "feature_mode": "none",
  "stages": [
    {
      "stage": "macro@1",
      "n_eff": 7.468071146294323,
      "cv_usage": 0.7789995736181863,
      "top1_max_frac": 0.8441619078403908,
      "entropy_mean": 2.0524280395880474,
      "route_jitter_adjacent": 0.0,
      "route_consistency_knn_js": 0.022463820054892916,
      "route_consistency_knn_score": 0.9777866128193666,
      "route_consistency_group_knn_js": 0.003122627752172705,
      "route_consistency_group_knn_score": 0.9968822425791372,
      "route_consistency_intra_group_knn_mean_js": 0.019047108334314826,
      "route_consistency_intra_group_knn_mean_score": 0.9811472336971088,
      "route_consistency_feature_group_knn_mean_score": 0.9422566011923283,
      "family_top_expert_mean_share": 0.28780654072761536,
      "route_consistency_feature_group_knn_tempo_js": 0.05407483716050568,
      "route_consistency_feature_group_knn_tempo_score": 0.947361206026204,
      "route_consistency_feature_group_knn_focus_js": 0.04813315453410796,
      "route_consistency_feature_group_knn_focus_score": 0.9530068814413618,
      "route_consistency_feature_group_knn_memory_js": 0.07255579492438688,
      "route_consistency_feature_group_knn_memory_score": 0.9300138551599234,
      "route_consistency_feature_group_knn_exposure_js": 0.06331850604078844,
      "route_consistency_feature_group_knn_exposure_score": 0.9386444621418242
    }
  ]
}
