stage_name,stage_key,split,aggregation_level,node_kind,node_name,route_space,support_size,wrapper_name,source_type,temperature,top_k,entropy_norm,n_eff_norm,top1_monopoly_norm,jitter_adj_norm,knn_consistency_score,knn_consistency_js,n_eff,cv_usage,top1_max_frac,entropy_mean
macro,macro@1,best_valid,session,final,final.expert,expert,12,ScalarGroupConditionalProductWrapper,,,,0.9441494177374339,0.9543181187052475,0.7246371347785108,0.0,0.9960815091382276,0.003926188261797023,11.45181742446297,0.21878894511494204,0.7475840402136349,2.346123166529218
macro,macro@1,best_valid,session,final,final.group,group,4,ScalarGroupConditionalProductWrapper,,,,0.9817367943136629,0.9944487747223468,0.7489831395957691,0.0,0.9993474517905532,0.0006527612116974844,3.9777950988893873,0.07471468299627304,0.8117373546968268,1.3609761820609487
macro,macro@1,best_valid,session,final,final.intra.Exposure,intra,3,ScalarGroupConditionalProductWrapper,,,,0.9689400153451792,0.9850121212409432,0.8838642789820922,0.0,0.99808359459948,0.0019182440547964323,2.9550363637228294,0.12335298960348995,0.9225761859880616,1.0644894078404807
macro,macro@1,best_valid,session,final,final.intra.Focus,intra,3,ScalarGroupConditionalProductWrapper,,,,0.8555868592636142,0.9431365201346963,0.6163053722902923,0.0,0.9953620937454365,0.004648694711936854,2.829409560404089,0.24554413570332123,0.7442035815268615,0.9399582376099591
macro,macro@1,best_valid,session,final,final.intra.Memory,intra,3,ScalarGroupConditionalProductWrapper,,,,0.8134972371477189,0.8251301394022628,0.765975494816211,0.0,0.996679095998466,0.003326430441804777,2.4753904182067883,0.46035847185973905,0.8439836632108074,0.8937180615280396
macro,macro@1,best_valid,session,final,final.intra.Tempo,intra,3,ScalarGroupConditionalProductWrapper,,,,0.8499263520800805,0.9940627777194159,0.6227144203581526,0.0,0.9972887032232629,0.0027149789990806154,2.9821883331582475,0.07728298336914231,0.7484762802387684,0.9337395348580348
