stage_name,stage_key,split,aggregation_level,node_kind,node_name,route_space,support_size,wrapper_name,source_type,temperature,top_k,entropy_norm,n_eff_norm,top1_monopoly_norm,jitter_adj_norm,knn_consistency_score,knn_consistency_js,n_eff,cv_usage,top1_max_frac,entropy_mean
macro,macro@1,best_valid,session,final,final.expert,expert,16,FlatJointWrapper,,,,0.9549822739131673,0.9707180988079595,0.18157000404951595,0.78023933797015,0.9924918772431031,0.007536450592213232,15.531489580927351,0.1736813634634018,0.2327218787964212,2.647773082590549
macro,macro@1,best_valid,session,final,final.group,group,4,FlatJointWrapper,,,,0.9853548640155217,0.9971740462064188,0.1537331987969283,0.0,0.9986489790119529,0.0013519344397231463,3.9886961848256752,0.053235887928956026,0.3652998990976962,1.3659918916867744
macro,macro@1,best_valid,session,final,final.intra.Exposure,intra,4,FlatJointWrapper,,,,0.9164932773005767,0.9764559406775005,0.20314475117849864,0.0,0.9938813543184022,0.006137441302469955,3.905823762710002,0.1552792489528656,0.402358563383874,1.2705294623260777
macro,macro@1,best_valid,session,final,final.intra.Focus,intra,4,FlatJointWrapper,,,,0.9312141255241003,0.9718742281064934,0.22997745545718887,0.0,0.9946433624152146,0.0053710358082874055,3.8874969124259735,0.17011654376983643,0.42248309159289166,1.2909368912092503
macro,macro@1,best_valid,session,final,final.intra.Memory,intra,4,FlatJointWrapper,,,,0.9165265082486698,0.9639399072763455,0.2598230592713407,0.0,0.9932762193258021,0.0067464871268490935,3.855759629105382,0.1934141367673874,0.44486729445350554,1.2705755302020338
macro,macro@1,best_valid,session,final,final.intra.Tempo,intra,4,FlatJointWrapper,,,,0.9438102419305852,0.9889709670581472,0.11387044979457839,0.0,0.9947594510394022,0.005254328801004351,3.955883868232589,0.10560279339551926,0.3354028373459338,1.30839881635557
