{
  "model": "DuoRec",
  "dataset": "foursquare",
  "dataset_raw": "foursquare",
  "max_evals": 10,
  "tune_epochs": 40,
  "n_completed": 10,
  "n_recorded_trials": 10,
  "timestamp": "2026-03-28T09:47:34.963691",
  "trials": [
    {
      "trial": 1,
      "params": {
        "MAX_ITEM_LIST_LENGTH": 10,
        "learning_rate": 0.00029920641626483103
      },
      "mrr@20": 0.119,
      "valid_result": {
        "hit@5": 0.1842,
        "hit@10": 0.2263,
        "hit@20": 0.2686,
        "ndcg@5": 0.1287,
        "ndcg@10": 0.1424,
        "ndcg@20": 0.1531,
        "mrr@5": 0.1103,
        "mrr@10": 0.116,
        "mrr@20": 0.119
      },
      "test_result": {
        "hit@5": 0.1456,
        "hit@10": 0.1847,
        "hit@20": 0.2194,
        "ndcg@5": 0.1027,
        "ndcg@10": 0.1153,
        "ndcg@20": 0.1241,
        "mrr@5": 0.0885,
        "mrr@10": 0.0938,
        "mrr@20": 0.0962
      },
      "best_hr@10": 0.2263,
      "test_mrr@20": 0.0962,
      "test_hr@10": 0.1847,
      "epochs_run": 30,
      "early_stop_epoch": 30,
      "early_stopped": true,
      "elapsed": 356.3,
      "status": "ok"
    },
    {
      "trial": 2,
      "params": {
        "MAX_ITEM_LIST_LENGTH": 10,
        "learning_rate": 0.00028416844997545464
      },
      "mrr@20": 0.1182,
      "valid_result": {
        "hit@5": 0.1829,
        "hit@10": 0.2289,
        "hit@20": 0.2691,
        "ndcg@5": 0.1275,
        "ndcg@10": 0.1424,
        "ndcg@20": 0.1527,
        "mrr@5": 0.1092,
        "mrr@10": 0.1154,
        "mrr@20": 0.1182
      },
      "test_result": {
        "hit@5": 0.1429,
        "hit@10": 0.186,
        "hit@20": 0.2199,
        "ndcg@5": 0.1,
        "ndcg@10": 0.114,
        "ndcg@20": 0.1226,
        "mrr@5": 0.0858,
        "mrr@10": 0.0916,
        "mrr@20": 0.094
      },
      "best_hr@10": 0.2289,
      "test_mrr@20": 0.094,
      "test_hr@10": 0.186,
      "epochs_run": 30,
      "early_stop_epoch": 30,
      "early_stopped": true,
      "elapsed": 354.8,
      "status": "ok"
    },
    {
      "trial": 3,
      "params": {
        "MAX_ITEM_LIST_LENGTH": 30,
        "learning_rate": 0.00021431597091260834
      },
      "mrr@20": 0.1199,
      "valid_result": {
        "hit@5": 0.184,
        "hit@10": 0.226,
        "hit@20": 0.2654,
        "ndcg@5": 0.1295,
        "ndcg@10": 0.1432,
        "ndcg@20": 0.1531,
        "mrr@5": 0.1114,
        "mrr@10": 0.1172,
        "mrr@20": 0.1199
      },
      "test_result": {
        "hit@5": 0.1395,
        "hit@10": 0.1789,
        "hit@20": 0.2149,
        "ndcg@5": 0.0981,
        "ndcg@10": 0.1109,
        "ndcg@20": 0.12,
        "mrr@5": 0.0844,
        "mrr@10": 0.0897,
        "mrr@20": 0.0922
      },
      "best_hr@10": 0.226,
      "test_mrr@20": 0.0922,
      "test_hr@10": 0.1789,
      "epochs_run": 40,
      "early_stop_epoch": 40,
      "early_stopped": false,
      "elapsed": 521.2,
      "status": "ok"
    },
    {
      "trial": 4,
      "params": {
        "MAX_ITEM_LIST_LENGTH": 10,
        "learning_rate": 0.00046666260976259405
      },
      "mrr@20": 0.1187,
      "valid_result": {
        "hit@5": 0.1784,
        "hit@10": 0.22,
        "hit@20": 0.2615,
        "ndcg@5": 0.1271,
        "ndcg@10": 0.1407,
        "ndcg@20": 0.1511,
        "mrr@5": 0.1102,
        "mrr@10": 0.1158,
        "mrr@20": 0.1187
      },
      "test_result": {
        "hit@5": 0.1403,
        "hit@10": 0.1758,
        "hit@20": 0.2107,
        "ndcg@5": 0.102,
        "ndcg@10": 0.1136,
        "ndcg@20": 0.1225,
        "mrr@5": 0.0894,
        "mrr@10": 0.0943,
        "mrr@20": 0.0967
      },
      "best_hr@10": 0.22,
      "test_mrr@20": 0.0967,
      "test_hr@10": 0.1758,
      "epochs_run": 25,
      "early_stop_epoch": 25,
      "early_stopped": true,
      "elapsed": 302.6,
      "status": "ok"
    },
    {
      "trial": 5,
      "params": {
        "MAX_ITEM_LIST_LENGTH": 10,
        "learning_rate": 0.0005546398619674549
      },
      "mrr@20": 0.1179,
      "valid_result": {
        "hit@5": 0.1813,
        "hit@10": 0.2255,
        "hit@20": 0.2665,
        "ndcg@5": 0.127,
        "ndcg@10": 0.1414,
        "ndcg@20": 0.1518,
        "mrr@5": 0.109,
        "mrr@10": 0.115,
        "mrr@20": 0.1179
      },
      "test_result": {
        "hit@5": 0.1437,
        "hit@10": 0.1821,
        "hit@20": 0.217,
        "ndcg@5": 0.103,
        "ndcg@10": 0.1156,
        "ndcg@20": 0.1244,
        "mrr@5": 0.0896,
        "mrr@10": 0.0948,
        "mrr@20": 0.0973
      },
      "best_hr@10": 0.2255,
      "test_mrr@20": 0.0973,
      "test_hr@10": 0.1821,
      "epochs_run": 21,
      "early_stop_epoch": 21,
      "early_stopped": true,
      "elapsed": 244.8,
      "status": "ok"
    },
    {
      "trial": 6,
      "params": {
        "MAX_ITEM_LIST_LENGTH": 5,
        "learning_rate": 0.00019598291071547643
      },
      "mrr@20": 0.1169,
      "valid_result": {
        "hit@5": 0.1824,
        "hit@10": 0.2289,
        "hit@20": 0.2686,
        "ndcg@5": 0.1263,
        "ndcg@10": 0.1415,
        "ndcg@20": 0.1516,
        "mrr@5": 0.1077,
        "mrr@10": 0.1141,
        "mrr@20": 0.1169
      },
      "test_result": {
        "hit@5": 0.1458,
        "hit@10": 0.1879,
        "hit@20": 0.2212,
        "ndcg@5": 0.104,
        "ndcg@10": 0.1176,
        "ndcg@20": 0.126,
        "mrr@5": 0.0902,
        "mrr@10": 0.0958,
        "mrr@20": 0.0981
      },
      "best_hr@10": 0.2289,
      "test_mrr@20": 0.0981,
      "test_hr@10": 0.1879,
      "epochs_run": 40,
      "early_stop_epoch": 40,
      "early_stopped": false,
      "elapsed": 461.7,
      "status": "ok"
    },
    {
      "trial": 7,
      "params": {
        "MAX_ITEM_LIST_LENGTH": 5,
        "learning_rate": 0.00014882693217547062
      },
      "mrr@20": 0.1131,
      "valid_result": {
        "hit@5": 0.1806,
        "hit@10": 0.2263,
        "hit@20": 0.2644,
        "ndcg@5": 0.1233,
        "ndcg@10": 0.1381,
        "ndcg@20": 0.1479,
        "mrr@5": 0.1043,
        "mrr@10": 0.1104,
        "mrr@20": 0.1131
      },
      "test_result": {
        "hit@5": 0.1463,
        "hit@10": 0.1834,
        "hit@20": 0.2202,
        "ndcg@5": 0.1012,
        "ndcg@10": 0.1132,
        "ndcg@20": 0.1226,
        "mrr@5": 0.0863,
        "mrr@10": 0.0912,
        "mrr@20": 0.0939
      },
      "best_hr@10": 0.2263,
      "test_mrr@20": 0.0939,
      "test_hr@10": 0.1834,
      "epochs_run": 40,
      "early_stop_epoch": 40,
      "early_stopped": false,
      "elapsed": 469.0,
      "status": "ok"
    },
    {
      "trial": 8,
      "params": {
        "MAX_ITEM_LIST_LENGTH": 5,
        "learning_rate": 0.0005303092129041755
      },
      "mrr@20": 0.12,
      "valid_result": {
        "hit@5": 0.1829,
        "hit@10": 0.2255,
        "hit@20": 0.2662,
        "ndcg@5": 0.1291,
        "ndcg@10": 0.1429,
        "ndcg@20": 0.1533,
        "mrr@5": 0.1113,
        "mrr@10": 0.1171,
        "mrr@20": 0.12
      },
      "test_result": {
        "hit@5": 0.1414,
        "hit@10": 0.1839,
        "hit@20": 0.2194,
        "ndcg@5": 0.0997,
        "ndcg@10": 0.1135,
        "ndcg@20": 0.1225,
        "mrr@5": 0.0859,
        "mrr@10": 0.0917,
        "mrr@20": 0.0941
      },
      "best_hr@10": 0.2255,
      "test_mrr@20": 0.0941,
      "test_hr@10": 0.1839,
      "epochs_run": 22,
      "early_stop_epoch": 22,
      "early_stopped": true,
      "elapsed": 254.9,
      "status": "ok"
    },
    {
      "trial": 9,
      "params": {
        "MAX_ITEM_LIST_LENGTH": 30,
        "learning_rate": 0.00018426537386724868
      },
      "mrr@20": 0.1184,
      "valid_result": {
        "hit@5": 0.1829,
        "hit@10": 0.2271,
        "hit@20": 0.2662,
        "ndcg@5": 0.1279,
        "ndcg@10": 0.1423,
        "ndcg@20": 0.1522,
        "mrr@5": 0.1097,
        "mrr@10": 0.1157,
        "mrr@20": 0.1184
      },
      "test_result": {
        "hit@5": 0.1374,
        "hit@10": 0.1795,
        "hit@20": 0.2123,