{
  "split": "best_valid",
  "feature_mode": "none",
  "stages": [
    {
      "stage": "macro@1",
      "n_eff": 2.3009260364045505,
      "cv_usage": 0.8593197464942932,
      "top1_max_frac": 0.9821153009140189,
      "entropy_mean": 1.046388051848811,
      "route_jitter_adjacent": 0.0,
      "route_consistency_knn_js": 0.004895215172125769,
      "route_consistency_knn_score": 0.995116746866787,
      "route_consistency_group_knn_js": 0.004895215172125769,
      "route_consistency_group_knn_score": 0.995116746866787,
      "route_consistency_intra_group_knn_mean_js": 0.0,
      "route_consistency_intra_group_knn_mean_score": 1.0,
      "route_consistency_feature_group_knn_mean_score": 0.9901836343677549,
      "family_top_expert_mean_share": 0.6215207576751709,
      "route_consistency_feature_group_knn_tempo_js": 0.009978476167576897,
      "route_consistency_feature_group_knn_tempo_score": 0.9900711436452146,
      "route_consistency_feature_group_knn_focus_js": 0.012239229955070869,
      "route_consistency_feature_group_knn_focus_score": 0.9878353647823532,
      "route_consistency_feature_group_knn_memory_js": 0.013479892919321815,
      "route_consistency_feature_group_knn_memory_score": 0.9866105539763,
      "route_consistency_feature_group_knn_exposure_js": 0.003789696771098941,
      "route_consistency_feature_group_knn_exposure_score": 0.9962174750671516
    }
  ]
}
