{
  "split": "best_valid",
  "feature_mode": "none",
  "stages": [
    {
      "stage": "micro@1",
      "n_eff": 3.092460655133512,
      "cv_usage": 1.6971754196673132,
      "top1_max_frac": 0.8979691064816546,
      "entropy_mean": 1.315356674505367,
      "route_jitter_adjacent": 0.09850245287890524,
      "route_consistency_knn_js": 0.004644121909761606,
      "route_consistency_knn_score": 0.9953666453497907,
      "route_consistency_group_knn_js": 0.0007644222953994808,
      "route_consistency_group_knn_score": 0.9992358698008903,
      "route_consistency_intra_group_knn_mean_js": 0.00541837544535255,
      "route_consistency_intra_group_knn_mean_score": 0.9945984468995546,
      "route_consistency_feature_group_knn_mean_score": 0.9821797584964452,
      "family_top_expert_mean_share": 0.5532536506652832,
      "route_consistency_feature_group_knn_tempo_js": 0.01325235206013102,
      "route_consistency_feature_group_knn_tempo_score": 0.9868350737321788,
      "route_consistency_feature_group_knn_focus_js": 0.02641661830137852,
      "route_consistency_feature_group_knn_focus_score": 0.9739292483250663,
      "route_consistency_feature_group_knn_memory_js": 0.019018940191059052,
      "route_consistency_feature_group_knn_memory_score": 0.9811607786942105,
      "route_consistency_feature_group_knn_exposure_js": 0.013294042264028562,
      "route_consistency_feature_group_knn_exposure_score": 0.9867939332343255
    }
  ]
}
