{
  "model": "BSARec",
  "dataset": "foursquare",
  "dataset_raw": "foursquare",
  "max_evals": 3,
  "tune_epochs": 16,
  "n_completed": 3,
  "n_recorded_trials": 3,
  "timestamp": "2026-04-09T11:04:27.911804",
  "trials": [
    {
      "trial": 1,
      "params": {
        "learning_rate": 0.002302179647280493
      },
      "mrr@20": 0.0006,
      "valid_result": {
        "hit@5": 0.0005,
        "hit@10": 0.0005,
        "hit@20": 0.0013,
        "ndcg@5": 0.0005,
        "ndcg@10": 0.0005,
        "ndcg@20": 0.0007,
        "mrr@5": 0.0005,
        "mrr@10": 0.0005,
        "mrr@20": 0.0006
      },
      "test_result": {
        "hit@5": 0.0008,
        "hit@10": 0.0008,
        "hit@20": 0.0016,
        "ndcg@5": 0.0005,
        "ndcg@10": 0.0005,
        "ndcg@20": 0.0007,
        "mrr@5": 0.0004,
        "mrr@10": 0.0004,
        "mrr@20": 0.0004
      },
      "best_hr@10": 0.0005,
      "test_mrr@20": 0.0004,
      "test_hr@10": 0.0008,
      "epochs_run": 3,
      "early_stop_epoch": 3,
      "early_stopped": true,
      "elapsed": 3.5,
      "status": "ok"
    },
    {
      "trial": 2,
      "params": {
        "learning_rate": 0.0017081724597829745
      },
      "mrr@20": 0.0,
      "valid_result": {
        "hit@5": 0.0,
        "hit@10": 0.0,
        "hit@20": 0.0005,
        "ndcg@5": 0.0,
        "ndcg@10": 0.0,
        "ndcg@20": 0.0001,
        "mrr@5": 0.0,
        "mrr@10": 0.0,
        "mrr@20": 0.0
      },
      "test_result": {
        "hit@5": 0.0008,
        "hit@10": 0.0011,
        "hit@20": 0.0016,
        "ndcg@5": 0.0004,
        "ndcg@10": 0.0005,
        "ndcg@20": 0.0006,
        "mrr@5": 0.0003,
        "mrr@10": 0.0003,
        "mrr@20": 0.0003
      },
      "best_hr@10": 0.0,
      "test_mrr@20": 0.0003,
      "test_hr@10": 0.0011,
      "epochs_run": 3,
      "early_stop_epoch": 3,
      "early_stopped": true,
      "elapsed": 2.9,
      "status": "ok"
    },
    {
      "trial": 3,
      "params": {
        "learning_rate": 0.0013192087038103677
      },
      "mrr@20": 0.0,
      "valid_result": {
        "hit@5": 0.0,
        "hit@10": 0.0,
        "hit@20": 0.0005,
        "ndcg@5": 0.0,
        "ndcg@10": 0.0,
        "ndcg@20": 0.0001,
        "mrr@5": 0.0,
        "mrr@10": 0.0,
        "mrr@20": 0.0
      },
      "test_result": {
        "hit@5": 0.0005,
        "hit@10": 0.0005,
        "hit@20": 0.0018,
        "ndcg@5": 0.0002,
        "ndcg@10": 0.0002,
        "ndcg@20": 0.0005,
        "mrr@5": 0.0001,
        "mrr@10": 0.0001,
        "mrr@20": 0.0002
      },
      "best_hr@10": 0.0,
      "test_mrr@20": 0.0002,
      "test_hr@10": 0.0005,
      "epochs_run": 3,
      "early_stop_epoch": 3,
      "early_stopped": true,
      "elapsed": 2.8,
      "status": "ok"
    }
  ],
  "run_group": "baseline",
  "run_axis": "stageh_targetedrecovery_anchor2_core5",
  "run_phase": "P23_SH_C15_MBSAREC_FSQ_BSA_STAGEH_REC1_S1",
  "parent_result": "",
  "interrupted": false,
  "interrupted_at": null,
  "tuned_search": {
    "learning_rate": [
      0.0007700000000000001,
      0.0025960000000000002
    ]
  },
  "fixed_search": {
    "num_layers": 2,
    "num_heads": 2,
    "weight_decay": 9e-05,
    "hidden_dropout_prob": 0.1,
    "MAX_ITEM_LIST_LENGTH": 10,
    "n_layers": 2,
    "n_heads": 2,
    "dropout_ratio": 0.1,
    "dropout_prob": 0.1,
    "attn_dropout_prob": 0.1,
    "hidden_size": 128,
    "embedding_size": 128,
    "inner_size": 256,
    "time_span": 384,
    "num_experts": 6,
    "state_size": 24,
    "conv_kernel": 6,
    "remaining_ratio": 0.6
  },
  "context_fixed": {
    "num_layers": 2,
    "search_space_type_overrides": {
      "learning_rate": "loguniform",
      "weight_decay": "choice",
      "n_layers": "choice",
      "num_layers": "choice",
      "n_heads": "choice",
      "num_heads": "choice",
      "dropout_ratio": "choice",
      "dropout_prob": "choice",
      "hidden_dropout_prob": "choice",
      "attn_dropout_prob": "choice",
      "hidden_size": "choice",
      "embedding_size": "choice",
      "inner_size": "choice",
      "time_span": "choice",
      "num_experts": "choice",
      "state_size": "choice",
      "conv_kernel": "choice",
      "remaining_ratio": "choice",
      "MAX_ITEM_LIST_LENGTH": "choice"
    }
  },
  "best_params": {
    "learning_rate": 0.002302179647280493
  },
  "best_mrr@20": 0.0006,
  "best_hr@10": 0.0005,
  "test_mrr@20": 0.0004,
  "test_hr@10": 0.0008,
  "best_valid_result": {
    "hit@5": 0.0005,
    "hit@10": 0.0005,
    "hit@20": 0.0013,
    "ndcg@5": 0.0005,
    "ndcg@10": 0.0005,
    "ndcg@20": 0.0007,
    "mrr@5": 0.0005,
    "mrr@10": 0.0005,
    "mrr@20": 0.0006
  },
  "test_result": {
    "hit@5": 0.0008,
    "hit@10": 0.0008,
    "hit@20": 0.0016,
    "ndcg@5": 0.0005,
    "ndcg@10": 0.0005,
    "ndcg@20": 0.0007,
    "mrr@5": 0.0004,
    "mrr@10": 0.0004,
    "mrr@20": 0.0004
  },
  "best_valid_special_metrics": {
    "split": "best_valid",
    "overall": {
      "count": 3805,
      "hit@20": 0.001314060446780552,
      "ndcg@20": 0.0007125620303110131,
      "mrr@20": 0.0005706776809755042
    },
    "slices": {
      "target_popularity_abs": {
        "rare_1_5": {
          "count": 3436,
          "hit@20": 0.0014551804423748546,
          "ndcg@20": 0.0007890857175009908,
          "mrr@20": 0.000631964079194352
        },
        "6_20": {
          "count": 342,
          "hit@20": 0.0,
          "ndcg@20": 0.0,
          "mrr@20": 0.0
        },
        "21_100": {
          "count": 27,
          "hit@20": 0.0,
          "ndcg@20": 0.0,
          "mrr@20": 0.0
        }
      },
      "target_popularity_abs_legacy": {
        "<=5": {
          "count": 3436,
          "hit@20": 0.0014551804423748546,
          "ndcg@20": 0.0007890857175009908,
          "mrr@20": 0.000631964079194352
        },
        "6-20": {
          "count": 342,
          "hit@20": 0.0,
          "ndcg@20": 0.0,
          "mrr@20": 0.0
        },
        "21-100": {
          "count": 27,
          "hit@20": 0.0,
          "ndcg@20": 0.0,
          "mrr@20": 0.0
        }
      },
      "session_len": {
        "<=7": {
          "count": 3426,
          "hit@20": 0.0014594279042615295,
          "ndcg@20": 0.0007913889449309412,
          "mrr@20": 0.0006338086912176864
        },
        "8-12": {
          "count": 379,
          "hit@20": 0.0,
          "ndcg@20": 0.0,
          "mrr@20": 0.0
        }
      },
      "session_len_legacy": {
        "1-2": {
          "count": 1625,
          "hit@20": 0.003076923076923077,
          "ndcg@20": 0.001668491400205172,
          "mrr@20": 0.001336263739145719
        },
        "3-5": {
          "count": 1528,
          "hit@20": 0.0,
          "ndcg@20": 0.0,
          "mrr@20": 0.0
        },
        "6-10": {
          "count": 652,
          "hit@20": 0.0,
          "ndcg@20": 0.0,
          "mrr@20": 0.0
        }
      }
    },
    "counts": {
      "target_popularity_abs": {
        "rare_1_5": 3436,
        "6_20": 342,
        "21_100": 27
      },
      "target_popularity_abs_legacy": {
        "<=5": 3436,
        "6-20": 342,
        "21-100": 27
      },
      "session_len": {
        "<=7": 3426,
        "8-12": 379
      },
      "session_len_legacy": {
        "1-2": 1625,
        "3-5": 1528,
        "6-10": 652
      }
    },
    "config_snapshot": {
      "target_popularity_abs_bins": [
        "cold_0",
        "rare_1_5",
        "6_20",
        "21_100",
        "101+"
      ],
      "target_popularity_abs_bins_legacy": [
        "<=5",
        "6-20",
        "21-100",
        ">100"
      ],
      "session_len_bins": [
        "<=7",
        "8-12",
        "13+"
      ],
      "session_len_bins_legacy": [
        "1-2",
        "3-5",
        "6-10",
        "11+"
      ],
      "item_count_source": "cached_loader",
      "item_count_definition": "train_interaction_count_per_item",
      "new_user_enabled": false,
      "feature_logging_available": true,