stage_name,stage_key,split,aggregation_level,node_kind,node_name,route_space,support_size,wrapper_name,source_type,temperature,top_k,entropy_norm,n_eff_norm,top1_monopoly_norm,jitter_adj_norm,knn_consistency_score,knn_consistency_js,n_eff,cv_usage,top1_max_frac,entropy_mean
macro,macro@1,best_valid,session,final,final.expert,expert,12,ScalarGroupConditionalProductWrapper,,,,0.9397588918285001,0.9811015388131273,0.7080627195613058,0.0,0.9962030488765728,0.003804177841139865,11.773218465757529,0.13878938265379565,0.7323908262645303,2.335213119502042
macro,macro@1,best_valid,session,final,final.group,group,4,ScalarGroupConditionalProductWrapper,,,,0.9646187777176454,0.9939677827534443,0.7406388103466331,0.0,0.9986854244897996,0.0013154403225769371,3.9758711310137773,0.07790210098028183,0.8054791077599749,1.337245572180333
macro,macro@1,best_valid,session,final,final.intra.Exposure,intra,3,ScalarGroupConditionalProductWrapper,,,,0.9418785261046725,0.9907797605617862,0.6348916116870876,0.0,0.9965178862241986,0.0034881904445108083,2.9723392816853584,0.09646752189196581,0.7565944077913918,1.0347593232112002
macro,macro@1,best_valid,session,final,final.intra.Focus,intra,3,ScalarGroupConditionalProductWrapper,,,,0.9779720547769398,0.9885327086278286,0.7307822808671065,0.0,0.999578429644946,0.00042165924081809437,2.965598125883486,0.10770418919014367,0.820521520578071,1.0744121173519479
macro,macro@1,best_valid,session,final,final.intra.Memory,intra,3,ScalarGroupConditionalProductWrapper,,,,0.9920697161211824,0.997387991179915,0.9242224316682376,0.0,0.9993689089595823,0.0006312902621908308,2.992163973539745,0.05117506567612095,0.9494816211121584,1.0898999813462142
macro,macro@1,best_valid,session,final,final.intra.Tempo,intra,3,ScalarGroupConditionalProductWrapper,,,,0.7439084005756303,0.9585970484024426,0.6160226201696511,0.0,0.9908510037714667,0.009191105328638347,2.875791145207328,0.20782514410168793,0.7440150801131008,0.8172669105158262
