cv_usage,entropy_mean,family_top_expert_mean_share,n_eff,route_consistency_feature_group_knn_exposure_js,route_consistency_feature_group_knn_exposure_score,route_consistency_feature_group_knn_focus_js,route_consistency_feature_group_knn_focus_score,route_consistency_feature_group_knn_mean_score,route_consistency_feature_group_knn_memory_js,route_consistency_feature_group_knn_memory_score,route_consistency_feature_group_knn_tempo_js,route_consistency_feature_group_knn_tempo_score,route_consistency_group_knn_js,route_consistency_group_knn_score,route_consistency_intra_group_knn_mean_js,route_consistency_intra_group_knn_mean_score,route_consistency_knn_js,route_consistency_knn_score,route_jitter_adjacent,stage,top1_max_frac
0.32073463288740417,1.8179984047340183,0.1345345675945282,10.880696116923335,0.06217240399496005,0.939720861193943,0.06430592086017022,0.937718088122759,0.938373763218149,0.07045426405681399,0.9319703630946559,0.057538290201350796,0.9440857404612379,0.019428778974751267,0.9807587433445307,0.031189984859315463,0.9693006845343163,0.04641066839357864,0.9546498371644898,0.0,macro@1,0.24004009244530355
0.24478936257489173,1.7293248771022245,0.12294301390647888,11.321588666275384,0.06312256438792126,0.9388283997091179,0.08808816761213807,0.9156801398327772,0.9217079515877583,0.09919878071065279,0.9055626817378483,0.07606001530485272,0.9267605850712901,0.019073571832388378,0.98110717773463,0.025216823199851423,0.9751170056653402,0.04164969765821229,0.959205733741244,0.5154885159334548,micro@1,0.15282336279859587
0.5441736565776569,1.4571404801347192,0.18189233541488647,9.258366108701901,0.06938225868023509,0.9329699760341992,0.05438897785874624,0.9470636480554383,0.9404840434398365,0.06414670990989729,0.9378673949959864,0.05759187340956437,0.9440351546737219,0.01885672821713666,0.9813199476300624,0.020808610060592096,0.9794199125995043,0.03597253485889313,0.9646667878287347,0.0,mid@1,0.2844729029212447
