best_mrr20,epoch,epoch_time_sec,eval,lr,patience_used,train_loss,trial,valid_mrr20
0.0496,1,10.973804712295532,1,0.0006593578729702867,0,407.1666593551636,1,0.0496
0.1619,3,9.748958587646484,1,0.0006581634532265379,0,290.2957372665405,1,0.1619
0.2058,8,9.582980155944824,1,0.000649995158993491,0,158.1131534576416,1,0.2058
0.2058,10,9.34622859954834,1,0.0006446894804707758,2,128.16117906570435,1,0.1984
0.2058,18,9.165555238723755,1,0.0006123947848185073,10,55.564698338508606,1,0.1849
