stage_name,stage_key,split,aggregation_level,node_kind,node_name,route_space,support_size,wrapper_name,source_type,temperature,top_k,entropy_norm,n_eff_norm,top1_monopoly_norm,jitter_adj_norm,knn_consistency_score,knn_consistency_js,n_eff,cv_usage,top1_max_frac,entropy_mean
macro,macro@1,best_valid,session,final,final.expert,expert,12,FlatJointWrapper,,,,0.6765558957433997,0.6663019269567427,0.10684602861794192,0.5494990601989964,0.9064554531115373,0.09821339162567795,7.995623123480913,0.7076869955435997,0.1812755262331134,1.681178244286051
macro,macro@1,best_valid,session,final,final.group,group,4,FlatJointWrapper,,,,0.841954541376108,0.8897504318498234,0.30013195098963247,0.0,0.9641876768508816,0.036469317790399754,3.5590017273992935,0.3520095944404602,0.47509896324222434,1.1671968330289821
macro,macro@1,best_valid,session,final,final.intra.Exposure,intra,3,FlatJointWrapper,,,,0.5673362535235444,0.7677849332899037,0.45309727832093916,0.0,0.9418721499782807,0.05988573550824504,2.303354799869711,0.5499528825254967,0.6353981855472928,0.6232825799278922
macro,macro@1,best_valid,session,final,final.intra.Focus,intra,3,FlatJointWrapper,,,,0.21300790849246445,0.7422723013244305,0.42855652627461205,0.0,0.8630645897297072,0.14726574744358162,2.2268169039732912,0.5892488403023671,0.6190376841830747,0.23401310585331367
macro,macro@1,best_valid,session,final,final.intra.Memory,intra,3,FlatJointWrapper,,,,0.05892129839868809,0.4445981804542931,0.8164229181004816,0.0,0.8598542494549023,0.15099238147551788,1.3337945413628793,1.1176859403346198,0.8776152787336545,0.06473166248507936
macro,macro@1,best_valid,session,final,final.intra.Tempo,intra,3,FlatJointWrapper,,,,0.40418024224687976,0.6353229322269458,0.3460556275395318,0.0,0.9574082904918554,0.04352534267971302,1.9059687966808374,0.7576296103707072,0.5640370850263545,0.4440373809692756
