stage_name,stage_key,split,aggregation_level,node_kind,node_name,route_space,support_size,wrapper_name,source_type,temperature,top_k,entropy_norm,n_eff_norm,top1_monopoly_norm,jitter_adj_norm,knn_consistency_score,knn_consistency_js,n_eff,cv_usage,top1_max_frac,entropy_mean
macro,macro@1,best_valid,session,final,final.expert,expert,12,ScalarGroupConditionalProductWrapper,,,,0.9490230428371796,0.9866293073177524,0.7407256420709335,0.0,0.9951551945026633,0.004856579611746318,11.83955168781303,0.11641204678488057,0.7623318385650224,2.35823366994815
macro,macro@1,best_valid,session,final,final.group,group,4,ScalarGroupConditionalProductWrapper,,,,0.9685801297870635,0.9936968553456139,0.686472346786248,0.0,0.9979522541267095,0.00204984537152012,3.9747874213824557,0.07964466241864337,0.764854260089686,1.342737172216578
macro,macro@1,best_valid,session,final,final.intra.Exposure,intra,3,ScalarGroupConditionalProductWrapper,,,,0.8775258601440763,0.9959839986844656,0.6691423766816144,0.0,0.9965880219854498,0.0034178120857981022,2.987951996053397,0.0634996592700583,0.7794282511210763,0.9640606935783352
macro,macro@1,best_valid,session,final,final.intra.Focus,intra,3,ScalarGroupConditionalProductWrapper,,,,0.8974130029611691,0.990015558746594,0.6846973094170403,0.0,0.9951009905430803,0.004911048940874553,2.970046676239782,0.1004244841508721,0.7897982062780269,0.9859089530636912
macro,macro@1,best_valid,session,final,final.intra.Memory,intra,3,ScalarGroupConditionalProductWrapper,,,,0.9954953036216769,0.996080148242271,0.6434977578475336,0.0,0.9999357065627348,6.429550417682581e-05,2.988240444726813,0.06273168138469215,0.7623318385650224,1.0936633738701653
macro,macro@1,best_valid,session,final,final.intra.Tempo,intra,3,ScalarGroupConditionalProductWrapper,,,,0.9572398555291841,0.9929223603834464,0.764994394618834,0.0,0.9977516196955158,0.002250911706562438,2.9787670811503393,0.08442762801266825,0.843329596412556,1.0516354684872478
