stage_name,stage_key,split,aggregation_level,node_kind,node_name,route_space,support_size,wrapper_name,source_type,temperature,top_k,entropy_norm,n_eff_norm,top1_monopoly_norm,jitter_adj_norm,knn_consistency_score,knn_consistency_js,n_eff,cv_usage,top1_max_frac,entropy_mean
macro,macro@1,best_valid,session,final,final.expert,expert,12,ScalarGroupConditionalProductWrapper,,,,0.9622842122697669,0.9080426390809712,0.3830865368112745,0.0,0.9964984527833777,0.0035076919813934585,10.896511668971653,0.31822924857648466,0.4344959920770016,2.3911864380551515
macro,macro@1,best_valid,session,final,final.group,group,4,ScalarGroupConditionalProductWrapper,,,,0.9810787815381452,0.9677905321458415,0.865350293501697,0.0,0.9992631277201354,0.0007371439036859569,3.871162128583366,0.1824321746826172,0.8990127201262728,1.3600639826607037
macro,macro@1,best_valid,session,final,final.intra.Exposure,intra,3,ScalarGroupConditionalProductWrapper,,,,0.7559605457609702,0.7055357751276966,0.85339358113336,0.0,0.9906255304379311,0.009418686458786556,2.11660732538309,0.6460360394109476,0.9022623874222401,0.8305075453212528
macro,macro@1,best_valid,session,final,final.intra.Focus,intra,3,ScalarGroupConditionalProductWrapper,,,,0.997398458575706,0.9984906481904532,0.5096716288570455,0.0,0.9998725330067646,0.00012747511784300724,2.9954719445713596,0.03887920245143168,0.6731144192380304,1.0957542032899013
macro,macro@1,best_valid,session,final,final.intra.Memory,intra,3,ScalarGroupConditionalProductWrapper,,,,0.9913615712572521,0.9885230982178768,0.8449444461638451,0.0,0.999726609019133,0.000273428358993926,2.9655692946536303,0.10775024495273099,0.8966296307758967,1.089122004696543
macro,macro@1,best_valid,session,final,final.intra.Tempo,intra,3,ScalarGroupConditionalProductWrapper,,,,0.9594786101610654,0.9777437511559092,0.49179845872922534,0.0,0.9976882282060949,0.0023144480637309005,2.9332312534677274,0.15087377202887023,0.6611989724861502,1.0540949918371452
