best_mrr20,epoch,epoch_time_sec,eval,lr,patience_used,train_loss,trial,valid_mrr20
0.0118,1,23.31631374359131,1,0.00034992070542535163,0,683.465343952179,1,0.0118
0.0165,3,22.465071201324463,1,0.00034928682780526084,0,590.4644374847412,1,0.0165
0.0177,6,22.70813226699829,1,0.0003471537698188763,0,531.9473676681519,1,0.0177
0.0177,10,22.286832571029663,1,0.00034213620104419886,4,475.11983919143677,1,0.0166
0.0177,16,22.46871280670166,1,0.00033013127688849114,10,382.38413190841675,1,0.0165
