stage_name,stage_key,split,aggregation_level,node_kind,node_name,route_space,support_size,wrapper_name,source_type,temperature,top_k,entropy_norm,n_eff_norm,top1_monopoly_norm,jitter_adj_norm,knn_consistency_score,knn_consistency_js,n_eff,cv_usage,top1_max_frac,entropy_mean
macro,macro@1,best_valid,session,final,final.expert,expert,9,GroupConditionalProductWrapper,,,,0.7715587170995063,0.8142354695758818,0.1495680889193162,0.0,0.989394641094329,0.010661996521845905,7.328119226182936,0.4776461684879201,0.2440605234838366,1.6952877760690386
macro,macro@1,best_valid,session,final,final.group,group,3,GroupConditionalProductWrapper,,,,0.7554880343527226,0.9459603230094062,0.2504950029867977,0.0,0.9934469524978944,0.00657461298259588,2.8378809690282187,0.2390121299322805,0.5003300019911985,0.8299884384816161
macro,macro@1,best_valid,session,final,final.intra.Focus,intra,3,GroupConditionalProductWrapper,,,,0.8741068382012191,0.9321582856286902,0.27303022370779045,0.0,0.9946005429512679,0.005414086802524703,2.7964748568860704,0.26977630645703354,0.5153534824718603,0.9603045140566865
macro,macro@1,best_valid,session,final,final.intra.Memory,intra,3,GroupConditionalProductWrapper,,,,0.3982547422691097,0.4666120267319053,0.9387538677352019,0.0,0.9975552944180313,0.00244769875393796,1.399836080195716,1.069162181715705,0.9591692451568012,0.4375275538771948
macro,macro@1,best_valid,session,final,final.intra.Tempo,intra,3,GroupConditionalProductWrapper,,,,0.8339980361989714,0.9685988252664616,0.3382800072488573,0.0,0.9955632833796255,0.004446588056222414,2.905796475799385,0.18005341127355662,0.5588533381659049,0.916240491293261
