stage_name,stage_key,split,aggregation_level,node_kind,node_name,route_space,support_size,wrapper_name,source_type,temperature,top_k,entropy_norm,n_eff_norm,top1_monopoly_norm,jitter_adj_norm,knn_consistency_score,knn_consistency_js,n_eff,cv_usage,top1_max_frac,entropy_mean
macro,macro@1,best_valid,session,final,final.expert,expert,12,ScalarGroupConditionalProductWrapper,,,,0.9526991035875423,0.888686332246922,0.32796408671848865,0.0,0.9954972355676486,0.004512932410271517,10.664235986963064,0.3539158372904111,0.3839670794919479,2.367368337751751
macro,macro@1,best_valid,session,final,final.group,group,4,ScalarGroupConditionalProductWrapper,,,,0.977572699785533,0.9661475516418999,0.6365027235917119,0.0,0.9986377873616261,0.001363141293456194,3.8645902065675997,0.1871863752603531,0.7273770426937839,1.355203521297432
macro,macro@1,best_valid,session,final,final.intra.Exposure,intra,3,ScalarGroupConditionalProductWrapper,,,,0.6824377873681832,0.6056064275972491,0.9542990543267517,0.0,0.9911594168474994,0.008879892960314275,1.8168192827917473,0.806992804795718,0.9695327028845012,0.7497345394541606
macro,macro@1,best_valid,session,final,final.intra.Focus,intra,3,ScalarGroupConditionalProductWrapper,,,,0.9940717409899629,0.993063678315674,0.5646539785541882,0.0,0.9998506258027411,0.00014938535469537055,2.979191034947022,0.08357437076278082,0.7097693190361255,1.0920994304692755
macro,macro@1,best_valid,session,final,final.intra.Memory,intra,3,ScalarGroupConditionalProductWrapper,,,,0.971629664639552,0.9844116776935549,0.801942784790092,0.0,0.9993670335705255,0.0006331668372970542,2.9532350330806647,0.1258377767849631,0.8679618565267281,1.0674442896074863
macro,macro@1,best_valid,session,final,final.intra.Tempo,intra,3,ScalarGroupConditionalProductWrapper,,,,0.9579956066260604,0.9939649855947433,0.23358920587187906,0.0,0.9963950369375335,0.003611476600561935,2.98189495678423,0.07792089088496891,0.4890594705812527,1.0524657459294504
