best_mrr20,epoch,epoch_time_sec,eval,lr,patience_used,train_loss,trial,valid_mrr20
0.0138,1,27.576480865478516,1,0.0007998187552579467,0,681.1336216926575,1,0.0138
0.0172,3,25.243454694747925,1,0.0007983698921263105,0,570.724663734436,1,0.0172
0.0191,10,25.735506772994995,1,0.0007820256023867403,0,474.99545335769653,1,0.0191
0.0191,20,26.193299531936646,1,0.0007298972927111812,10,376.83036255836487,1,0.0181
