{
  "model": "FEARec",
  "dataset": "retail_rocket",
  "dataset_raw": "retail_rocket",
  "max_evals": 6,
  "tune_epochs": 38,
  "n_completed": 6,
  "n_recorded_trials": 6,
  "timestamp": "2026-04-09T18:38:10.693521",
  "trials": [
    {
      "trial": 1,
      "params": {
        "learning_rate": 0.002863406523324222
      },
      "mrr@20": 0.2742,
      "valid_result": {
        "hit@5": 0.3697,
        "hit@10": 0.4355,
        "hit@20": 0.4959,
        "ndcg@5": 0.2882,
        "ndcg@10": 0.3095,
        "ndcg@20": 0.3249,
        "mrr@5": 0.2611,
        "mrr@10": 0.27,
        "mrr@20": 0.2742
      },
      "test_result": {
        "hit@5": 0.3698,
        "hit@10": 0.4361,
        "hit@20": 0.4978,
        "ndcg@5": 0.288,
        "ndcg@10": 0.3095,
        "ndcg@20": 0.3251,
        "mrr@5": 0.2609,
        "mrr@10": 0.2697,
        "mrr@20": 0.274
      },
      "best_hr@10": 0.4355,
      "test_mrr@20": 0.274,
      "test_hr@10": 0.4361,
      "epochs_run": 12,
      "early_stop_epoch": 12,
      "early_stopped": true,
      "elapsed": 382.5,
      "status": "ok"
    },
    {
      "trial": 2,
      "params": {
        "learning_rate": 0.0009835739230006607
      },
      "mrr@20": 0.2675,
      "valid_result": {
        "hit@5": 0.3618,
        "hit@10": 0.4227,
        "hit@20": 0.4795,
        "ndcg@5": 0.282,
        "ndcg@10": 0.3017,
        "ndcg@20": 0.3161,
        "mrr@5": 0.2554,
        "mrr@10": 0.2636,
        "mrr@20": 0.2675
      },
      "test_result": {
        "hit@5": 0.3588,
        "hit@10": 0.4223,
        "hit@20": 0.4826,
        "ndcg@5": 0.2825,
        "ndcg@10": 0.303,
        "ndcg@20": 0.3183,
        "mrr@5": 0.2571,
        "mrr@10": 0.2656,
        "mrr@20": 0.2698
      },
      "best_hr@10": 0.4227,
      "test_mrr@20": 0.2698,
      "test_hr@10": 0.4223,
      "epochs_run": 26,
      "early_stop_epoch": 26,
      "early_stopped": true,
      "elapsed": 834.2,
      "status": "ok"
    },
    {
      "trial": 3,
      "params": {
        "learning_rate": 0.0026755278938961386
      },
      "mrr@20": 0.2749,
      "valid_result": {
        "hit@5": 0.3698,
        "hit@10": 0.4364,
        "hit@20": 0.4975,
        "ndcg@5": 0.2887,
        "ndcg@10": 0.3103,
        "ndcg@20": 0.3257,
        "mrr@5": 0.2617,
        "mrr@10": 0.2707,
        "mrr@20": 0.2749
      },
      "test_result": {
        "hit@5": 0.3697,
        "hit@10": 0.4361,
        "hit@20": 0.4955,
        "ndcg@5": 0.2892,
        "ndcg@10": 0.3108,
        "ndcg@20": 0.3259,
        "mrr@5": 0.2625,
        "mrr@10": 0.2714,
        "mrr@20": 0.2756
      },
      "best_hr@10": 0.4364,
      "test_mrr@20": 0.2756,
      "test_hr@10": 0.4361,
      "epochs_run": 12,
      "early_stop_epoch": 12,
      "early_stopped": true,
      "elapsed": 391.4,
      "status": "ok"
    },
    {
      "trial": 4,
      "params": {
        "learning_rate": 0.002699982808456664
      },
      "mrr@20": 0.2756,
      "valid_result": {
        "hit@5": 0.3686,
        "hit@10": 0.4347,
        "hit@20": 0.494,
        "ndcg@5": 0.289,
        "ndcg@10": 0.3104,
        "ndcg@20": 0.3255,
        "mrr@5": 0.2626,
        "mrr@10": 0.2714,
        "mrr@20": 0.2756
      },
      "test_result": {
        "hit@5": 0.3695,
        "hit@10": 0.4359,
        "hit@20": 0.4975,
        "ndcg@5": 0.2901,
        "ndcg@10": 0.3116,
        "ndcg@20": 0.3272,
        "mrr@5": 0.2637,
        "mrr@10": 0.2726,
        "mrr@20": 0.2769
      },
      "best_hr@10": 0.4347,
      "test_mrr@20": 0.2769,
      "test_hr@10": 0.4359,
      "epochs_run": 13,
      "early_stop_epoch": 13,
      "early_stopped": true,
      "elapsed": 412.2,
      "status": "ok"
    },
    {
      "trial": 5,
      "params": {
        "learning_rate": 0.001859674618602354
      },
      "mrr@20": 0.277,
      "valid_result": {
        "hit@5": 0.3721,
        "hit@10": 0.4357,
        "hit@20": 0.4958,
        "ndcg@5": 0.2912,
        "ndcg@10": 0.3118,
        "ndcg@20": 0.327,
        "mrr@5": 0.2643,
        "mrr@10": 0.2729,
        "mrr@20": 0.277
      },
      "test_result": {
        "hit@5": 0.3729,
        "hit@10": 0.438,
        "hit@20": 0.4983,
        "ndcg@5": 0.2921,
        "ndcg@10": 0.3132,
        "ndcg@20": 0.3286,
        "mrr@5": 0.2653,
        "mrr@10": 0.274,
        "mrr@20": 0.2783
      },
      "best_hr@10": 0.4357,
      "test_mrr@20": 0.2783,
      "test_hr@10": 0.438,
      "epochs_run": 16,
      "early_stop_epoch": 16,
      "early_stopped": true,
      "elapsed": 523.1,
      "status": "ok"
    },
    {
      "trial": 6,
      "params": {
        "learning_rate": 0.0016525616826147836
      },
      "mrr@20": 0.2799,
      "valid_result": {
        "hit@5": 0.3716,
        "hit@10": 0.4387,
        "hit@20": 0.5011,
        "ndcg@5": 0.2928,
        "ndcg@10": 0.3146,
        "ndcg@20": 0.3303,
        "mrr@5": 0.2666,
        "mrr@10": 0.2756,
        "mrr@20": 0.2799
      },
      "test_result": {
        "hit@5": 0.3748,
        "hit@10": 0.4411,
        "hit@20": 0.5023,
        "ndcg@5": 0.2935,
        "ndcg@10": 0.315,
        "ndcg@20": 0.3305,
        "mrr@5": 0.2666,
        "mrr@10": 0.2755,
        "mrr@20": 0.2797
      },
      "best_hr@10": 0.4387,
      "test_mrr@20": 0.2797,
      "test_hr@10": 0.4411,
      "epochs_run": 14,
      "early_stop_epoch": 14,
      "early_stopped": true,
      "elapsed": 463.6,
      "status": "ok"
    }
  ],
  "run_group": "baseline",
  "run_axis": "stageh_targetedrecovery_anchor2_core5",
  "run_phase": "P23_SH_C12_MFEAREC_RR_FEA_STAGEH_REC1_S1",
  "parent_result": "",
  "interrupted": false,
  "interrupted_at": null,
  "tuned_search": {
    "learning_rate": [
      0.00084,
      0.0031360000000000003
    ]
  },
  "fixed_search": {
    "n_layers": 2,
    "n_heads": 2,
    "weight_decay": 8e-05,
    "hidden_dropout_prob": 0.1,
    "MAX_ITEM_LIST_LENGTH": 8,
    "num_layers": 2,
    "num_heads": 2,
    "dropout_ratio": 0.1,
    "dropout_prob": 0.1,
    "attn_dropout_prob": 0.1,
    "hidden_size": 112,
    "embedding_size": 112,
    "inner_size": 224,
    "time_span": 384,
    "num_experts": 6,
    "state_size": 24,
    "conv_kernel": 6,
    "remaining_ratio": 0.6
  },
  "context_fixed": {
    "num_layers": 2,
    "search_space_type_overrides": {
      "learning_rate": "loguniform",
      "weight_decay": "choice",
      "n_layers": "choice",
      "num_layers": "choice",
      "n_heads": "choice",
      "num_heads": "choice",
      "dropout_ratio": "choice",
      "dropout_prob": "choice",
      "hidden_dropout_prob": "choice",
      "attn_dropout_prob": "choice",
      "hidden_size": "choice",
      "embedding_size": "choice",
      "inner_size": "choice",
      "time_span": "choice",
      "num_experts": "choice",
      "state_size": "choice",
      "conv_kernel": "choice",
      "remaining_ratio": "choice",
      "MAX_ITEM_LIST_LENGTH": "choice"
    }
  },
  "best_params": {
    "learning_rate": 0.0016525616826147836
  },
  "best_mrr@20": 0.2799,
  "best_hr@10": 0.4387,
  "test_mrr@20": 0.2797,
  "test_hr@10": 0.4411,
  "best_valid_result": {
    "hit@5": 0.3716,
    "hit@10": 0.4387,
    "hit@20": 0.5011,
    "ndcg@5": 0.2928,
    "ndcg@10": 0.3146,
    "ndcg@20": 0.3303,
    "mrr@5": 0.2666,
    "mrr@10": 0.2756,
    "mrr@20": 0.2799
  },
  "test_result": {
    "hit@5": 0.3748,
    "hit@10": 0.4411,
    "hit@20": 0.5023,
    "ndcg@5": 0.2935,
    "ndcg@10": 0.315,
    "ndcg@20": 0.3305,
    "mrr@5": 0.2666,
    "mrr@10": 0.2755,
    "mrr@20": 0.2797
  },
  "best_valid_special_metrics": {
    "split": "best_valid",
    "overall": {
      "count": 22961,
      "hit@20": 0.5010670266974435,
      "ndcg@20": 0.3303191411491834,
      "mrr@20": 0.27992192663362353
    },
    "slices": {
      "target_popularity_abs": {
        "rare_1_5": {
          "count": 20110,
          "hit@20": 0.474241670810542,
          "ndcg@20": 0.30882469455233147,
          "mrr@20": 0.26011019829458737
        },