best_mrr20,epoch,epoch_time_sec,eval,lr,patience_used,train_loss,trial,valid_mrr20
0.028,1,11.607962131500244,1,0.0007998187552579467,0,409.65991020202637,1,0.028
0.1451,3,10.635886907577515,1,0.0007983698921263105,0,302.42062187194824,1,0.1451
0.2013,10,10.538668155670166,1,0.0007820256023867403,0,144.32647323608398,1,0.2013
0.2013,20,10.304577350616455,1,0.0007298972927111812,10,62.7331428527832,1,0.1849
