stage_name,stage_key,split,aggregation_level,node_kind,node_name,route_space,support_size,wrapper_name,source_type,temperature,top_k,entropy_norm,n_eff_norm,top1_monopoly_norm,jitter_adj_norm,knn_consistency_score,knn_consistency_js,n_eff,cv_usage,top1_max_frac,entropy_mean
macro,macro@1,best_valid,session,final,final.expert,expert,12,GroupConditionalProductWrapper,,,,0.9671430285543907,0.972881473776131,0.17926505027027978,0.0,0.9931000209296906,0.006923893997715471,11.674577685313572,0.1669568481717615,0.24765962941442313,2.4032601429509115
macro,macro@1,best_valid,session,final,final.group,group,4,GroupConditionalProductWrapper,,,,0.9616659538599343,0.9792098741278887,0.44270127187035957,0.0,0.9958297629322822,0.004178956756875644,3.916839496511555,0.1457106855935267,0.5820259539027697,1.3331520891170077
macro,macro@1,best_valid,session,final,final.intra.Exposure,intra,3,GroupConditionalProductWrapper,,,,0.9717882849916415,0.9785177952983691,0.6313835625282459,0.0,0.9976594942543002,0.002343249010526529,2.9355533858951075,0.14816818317269734,0.7542557083521639,1.0676185518755246
macro,macro@1,best_valid,session,final,final.intra.Focus,intra,3,GroupConditionalProductWrapper,,,,0.9739602085987659,0.9993389746980839,0.1677319387952741,0.0,0.998191475307439,0.0018101620477721503,2.9980169240942516,0.025720617898684208,0.44515462586351606,1.0700046538403598
macro,macro@1,best_valid,session,final,final.intra.Memory,intra,3,GroupConditionalProductWrapper,,,,0.9890860832857273,0.9972115644144193,0.5545871263477307,0.0,0.9978798136119669,0.002122437165133851,2.991634693243258,0.052880212951296184,0.7030580842318205,1.0866221256483095
macro,macro@1,best_valid,session,final,final.intra.Tempo,intra,3,GroupConditionalProductWrapper,,,,0.961181180622293,0.9996112011138876,0.211924591645684,0.0,0.9953861076009531,0.004624569254481599,2.9988336033416627,0.019719886471483514,0.474616394430456,1.055965456668173
