stage_name,stage_key,split,aggregation_level,node_kind,node_name,route_space,support_size,wrapper_name,source_type,temperature,top_k,entropy_norm,n_eff_norm,top1_monopoly_norm,jitter_adj_norm,knn_consistency_score,knn_consistency_js,n_eff,cv_usage,top1_max_frac,entropy_mean
macro,macro@1,best_valid,session,final,final.expert,expert,16,FlatJointWrapper,,,,0.7148013874243774,0.7905736672099504,0.11654862237697673,0.8941397997611831,0.91597676040531,0.0877642853664105,12.649178675359206,0.5146883112563716,0.1717643334784157,1.9818502654141772
macro,macro@1,best_valid,session,final,final.group,group,4,FlatJointWrapper,,,,0.8184336859058571,0.8568580756493233,0.3541460583758688,0.0,0.9785327294256272,0.021701044135517513,3.427432302597293,0.4087229073047638,0.5156095437819016,1.1345900037218573
macro,macro@1,best_valid,session,final,final.intra.Exposure,intra,4,FlatJointWrapper,,,,0.5941923940644877,0.889249783269026,0.16256209983794268,0.0,0.9487894058994025,0.05256841659000786,3.556999133076104,0.3529070317745209,0.371921574878457,0.8237255653119272
macro,macro@1,best_valid,session,final,final.intra.Focus,intra,4,FlatJointWrapper,,,,0.3241014627848182,0.9165517600058389,0.15142929102128191,0.0,0.8674232899313744,0.14222819766305997,3.6662070400233557,0.3017379641532898,0.36357196826596144,0.44930003028930154
macro,macro@1,best_valid,session,final,final.intra.Memory,intra,4,FlatJointWrapper,,,,0.24913258210976116,0.8354901819589231,0.18335025380710657,0.0,0.8698080277281036,0.1394827494658072,3.3419607278356924,0.4437365233898163,0.3875126903553299,0.34537109375
macro,macro@1,best_valid,session,final,final.intra.Tempo,intra,4,FlatJointWrapper,,,,0.6545353918915323,0.9257719973826875,0.19736089495457385,0.0,0.9335722907167375,0.06873687848802225,3.70308798953075,0.28315985202789307,0.3980206712159304,0.907378722932629
