stage_name,stage_key,split,aggregation_level,node_kind,node_name,route_space,support_size,wrapper_name,source_type,temperature,top_k,entropy_norm,n_eff_norm,top1_monopoly_norm,jitter_adj_norm,knn_consistency_score,knn_consistency_js,n_eff,cv_usage,top1_max_frac,entropy_mean
macro,macro@1,best_valid,session,final,final.expert,expert,12,ScalarGroupConditionalProductWrapper,,,,0.967352666340606,0.9829954004235315,0.708117556336218,0.0,0.9981122234397666,0.0018895606560738905,11.795944805082378,0.13152504320368041,0.7324410933081998,2.4037810732799247
macro,macro@1,best_valid,session,final,final.group,group,4,ScalarGroupConditionalProductWrapper,,,,0.987857591548769,0.9983231576334173,0.650694313540685,0.0,0.9995399635753474,0.0004601422738728477,3.993292630533669,0.04098522663116455,0.7380207351555137,1.3694614087535344
macro,macro@1,best_valid,session,final,final.intra.Exposure,intra,3,ScalarGroupConditionalProductWrapper,,,,0.9885105586273855,0.9945044511310971,0.962544769085768,0.0,0.9994807118540399,0.0005194230227447423,2.9835133533932914,0.07433601247262918,0.9750298460571788,1.0859898471862237
macro,macro@1,best_valid,session,final,final.intra.Focus,intra,3,ScalarGroupConditionalProductWrapper,,,,0.984209222295117,0.982998424158447,0.742167766258247,0.0,0.9992940466501506,0.0007062026522528957,2.948995272475341,0.13151340970476924,0.8281118441721647,1.0812643462338989
macro,macro@1,best_valid,session,final,final.intra.Memory,intra,3,ScalarGroupConditionalProductWrapper,,,,0.981672389900257,0.983488255506455,0.6979641847313854,0.0,0.9993201326518163,0.0006800985627920209,2.950464766519365,0.12957213805400913,0.7986427898209236,1.0784773509906143
macro,macro@1,best_valid,session,final,final.intra.Tempo,intra,3,ScalarGroupConditionalProductWrapper,,,,0.8301452585595097,0.9555464465515139,0.6740433553251649,0.0,0.9955612963565771,0.0044485839364085044,2.8666393396545415,0.21568873626921367,0.7826955702167766,0.9120077824330427
