stage_name,stage_key,split,aggregation_level,node_kind,node_name,route_space,support_size,wrapper_name,source_type,temperature,top_k,entropy_norm,n_eff_norm,top1_monopoly_norm,jitter_adj_norm,knn_consistency_score,knn_consistency_js,n_eff,cv_usage,top1_max_frac,entropy_mean
macro,macro@1,best_valid,session,final,final.expert,expert,9,FlatJointWrapper,,,,0.9319485988801339,0.9868552943601979,0.050138770281810435,0.6863641982939794,0.9696017960367906,0.030869811320627504,8.881697649241781,0.11541105255178323,0.15567890691716482,2.0477003662734843
macro,macro@1,best_valid,session,final,final.group,group,3,FlatJointWrapper,,,,0.9583366048877936,0.9978798968242227,0.0988471391972673,0.0,0.9903737656769067,0.009672866016420598,2.9936396904726683,0.04609374098945436,0.3992314261315115,1.052840370810205
macro,macro@1,best_valid,session,final,final.intra.Focus,intra,3,FlatJointWrapper,,,,0.8961165223378512,0.9850527205147784,0.12369769427839454,0.0,0.9787786847516277,0.021449724569797383,2.955158161544335,0.12318322812964833,0.415798462852263,0.9844846235188941
macro,macro@1,best_valid,session,final,final.intra.Memory,intra,3,FlatJointWrapper,,,,0.9154693841106732,0.9954913018902877,0.14163108454312553,0.0,0.9785941998992045,0.021638227081930923,2.986473905670863,0.06729817562406731,0.4277540563620837,1.0057459152834116
macro,macro@1,best_valid,session,final,final.intra.Tempo,intra,3,FlatJointWrapper,,,,0.9280569615149125,0.9938305638741465,0.09526046114432112,0.0,0.9821661661700253,0.01799477295663534,2.9814916916224394,0.07878917220863187,0.3968403074295474,1.0195747825042698
