{
  "split": "best_valid",
  "feature_mode": "none",
  "stages": [
    {
      "stage": "mid@1",
      "n_eff": 11.466871824226335,
      "cv_usage": 0.6287478804588318,
      "top1_max_frac": 0.24452364492233208,
      "entropy_mean": 1.9751574483546883,
      "route_jitter_adjacent": 0.7360192643841142,
      "route_consistency_knn_js": 0.01818864223958445,
      "route_consistency_knn_score": 0.9819757727759647,
      "route_consistency_group_knn_js": 0.004367171885010236,
      "route_consistency_group_knn_score": 0.9956423503433471,
      "route_consistency_intra_group_knn_mean_js": 0.01403270983179186,
      "route_consistency_intra_group_knn_mean_score": 0.9860662548363053,
      "route_consistency_feature_group_knn_mean_score": 0.9690926473945956,
      "family_top_expert_mean_share": 0.15730316936969757,
      "route_consistency_feature_group_knn_tempo_js": 0.03168354242651858,
      "route_consistency_feature_group_knn_tempo_score": 0.9688131218229167,
      "route_consistency_feature_group_knn_focus_js": 0.025248007912417263,
      "route_consistency_feature_group_knn_focus_score": 0.9750680574452555,
      "route_consistency_feature_group_knn_memory_js": 0.025854723632451972,
      "route_consistency_feature_group_knn_memory_score": 0.9744766477536199,
      "route_consistency_feature_group_knn_exposure_js": 0.04289417901589117,
      "route_consistency_feature_group_knn_exposure_score": 0.9580127625565903
    }
  ]
}
