best_mrr20,epoch,epoch_time_sec,eval,lr,patience_used,train_loss,trial,valid_mrr20
0.3128,1,53.55833196640015,1,0.00056966,0,2151.119638442993,1,0.3128
0.3608,3,49.7880003452301,1,0.00056966,0,1138.0455102920532,1,0.3608
0.3717,5,51.43333601951599,1,0.00056966,0,860.0778164863586,1,0.3717
0.3717,10,50.66416049003601,1,0.00056966,5,628.6951682567596,1,0.3566
0.3717,15,53.38461875915527,1,0.00056966,10,451.3471277952194,1,0.3344
