best_mrr20,epoch,epoch_time_sec,eval,lr,patience_used,train_loss,trial,valid_mrr20
0.0381,1,24.836780071258545,1,0.0008648180147506197,0,1365.3292331695557,1,0.0381
0.0649,3,22.894932746887207,1,0.0008632514061547225,0,1128.0581994056702,1,0.0649
0.0788,10,22.73787760734558,1,0.0008455788570776189,0,1035.0197024345398,1,0.0788
0.0957,43,22.85020923614502,1,0.000555479978632367,0,952.3811502456665,1,0.0957
0.0957,53,20.670385122299194,1,0.0004326132268051012,10,940.7688875198364,1,0.0906
