stage_name,stage_key,split,aggregation_level,node_kind,node_name,route_space,support_size,wrapper_name,source_type,temperature,top_k,entropy_norm,n_eff_norm,top1_monopoly_norm,jitter_adj_norm,knn_consistency_score,knn_consistency_js,n_eff,cv_usage,top1_max_frac,entropy_mean
macro,macro@1,best_valid,session,final,final.expert,expert,16,FlatJointWrapper,,,,0.7880130469532787,0.9865742480915618,0.037378540917946304,0.682820354528618,0.921259754215803,0.08201324751206213,15.785187969464989,0.11665578186511993,0.09754238211057466,2.1848360869604675
macro,macro@1,best_valid,session,final,final.group,group,4,FlatJointWrapper,,,,0.8786027271928922,0.9959579244212008,0.040379472658849704,0.0,0.9759097035485089,0.024385213705028785,3.983831697684803,0.06370601058006287,0.2802846044941373,1.218002006372064
macro,macro@1,best_valid,session,final,final.intra.Exposure,intra,4,FlatJointWrapper,,,,0.7714770202714862,0.9968086136654362,0.05001149550465267,0.0,0.9589797309451622,0.04188533993711411,3.9872344546617446,0.05658245086669922,0.2875086216284895,1.0694942429359369
macro,macro@1,best_valid,session,final,final.intra.Focus,intra,4,FlatJointWrapper,,,,0.7676870093697958,0.9971973984401673,0.027698115947290065,0.0,0.9497894083653564,0.051514994366062716,3.988789593760669,0.053012968240622495,0.27077358696046755,1.0642401721943406
macro,macro@1,best_valid,session,final,final.intra.Memory,intra,4,FlatJointWrapper,,,,0.7077911687134137,0.9839541933784964,0.08190849578296484,0.0,0.9437698819501206,0.057872911673792826,3.9358167735139857,0.12770088016986847,0.31143137183722364,0.9812069060378625
macro,macro@1,best_valid,session,final,final.intra.Tempo,intra,4,FlatJointWrapper,,,,0.7331000384695033,0.992672882137751,0.06172480971914666,0.0,0.9475238816408443,0.053903137445204995,3.970691528551004,0.08591417223215103,0.29629360728936,1.0162924494670473
