stage_name,stage_key,split,aggregation_level,node_kind,node_name,route_space,support_size,wrapper_name,source_type,temperature,top_k,entropy_norm,n_eff_norm,top1_monopoly_norm,jitter_adj_norm,knn_consistency_score,knn_consistency_js,n_eff,cv_usage,top1_max_frac,entropy_mean
macro,macro@1,best_valid,session,final,final.expert,expert,12,FlatPlusGroupIntraResidualWrapper,,,,0.9188223808125074,0.9846590140448704,0.11684999319656914,0.5246244300749306,0.9924047185662621,0.007624272473797341,11.815908168538446,0.12481977789519894,0.19044582709685504,2.283187844055042
macro,macro@1,best_valid,session,final,final.group,group,4,FlatPlusGroupIntraResidualWrapper,,,,0.9594358813212814,0.9912128988240894,0.15954421691086815,0.0,0.9968154314442522,0.003189650085378401,3.9648515952963574,0.09415383636951447,0.3696581626831511,1.330060552131785
macro,macro@1,best_valid,session,final,final.intra.Exposure,intra,3,FlatPlusGroupIntraResidualWrapper,,,,0.75148901465806,0.9992989749142377,0.05016813321788862,0.0,0.9928822431622764,0.007143208915300431,2.997896924742713,0.02648751451857345,0.3667787554785924,0.825595066302434
macro,macro@1,best_valid,session,final,final.intra.Focus,intra,3,FlatPlusGroupIntraResidualWrapper,,,,0.9494914940134757,0.9998960007118439,0.032136600688641485,0.0,0.9968022370273767,0.0032028867426215834,2.9996880021355317,0.010207264361218474,0.35475773379242764,1.0431230233090474
macro,macro@1,best_valid,session,final,final.intra.Memory,intra,3,FlatPlusGroupIntraResidualWrapper,,,,0.9467624839218323,0.9968078141311567,0.038214230580781126,0.0,0.997404818370755,0.0025985549506076836,2.99042344239347,0.05659041704776389,0.35880948705385407,1.0401248992864687
macro,macro@1,best_valid,session,final,final.intra.Tempo,intra,3,FlatPlusGroupIntraResidualWrapper,,,,0.9031221198346495,0.9852272140365206,0.1329661921349898,0.0,0.9955677141408003,0.004442137559313644,2.9556816421095617,0.12245137624587488,0.42197746142332654,0.9921810590183392
