best_mrr20,epoch,epoch_time_sec,eval,lr,patience_used,train_loss,trial,valid_mrr20
0.0335,1,9.263089418411255,1,0.00095164,0,407.39510440826416,1,0.0335
0.154,3,8.099130392074585,1,0.00095164,0,295.0663275718689,1,0.154
0.201,8,8.376943588256836,1,0.00095164,0,162.09423780441284,1,0.201
0.201,10,7.964741468429565,1,0.00095164,2,134.14545130729675,1,0.1946
0.201,18,8.090423345565796,1,0.00095164,10,68.66794049739838,1,0.182
