cv_usage,entropy_mean,family_top_expert_mean_share,n_eff,route_consistency_feature_group_knn_exposure_js,route_consistency_feature_group_knn_exposure_score,route_consistency_feature_group_knn_focus_js,route_consistency_feature_group_knn_focus_score,route_consistency_feature_group_knn_mean_score,route_consistency_feature_group_knn_memory_js,route_consistency_feature_group_knn_memory_score,route_consistency_feature_group_knn_tempo_js,route_consistency_feature_group_knn_tempo_score,route_consistency_group_knn_js,route_consistency_group_knn_score,route_consistency_intra_group_knn_mean_js,route_consistency_intra_group_knn_mean_score,route_consistency_knn_js,route_consistency_knn_score,route_jitter_adjacent,stage,top1_max_frac
0.19830965866927402,1.9909415152572785,0.11950776726007462,11.545934793526254,0.05263106814542844,0.9487299646294198,0.05490810985171866,0.9465721246101632,0.9471162165677134,0.05957111080804019,0.9421685328433391,0.05024726883368329,0.9509942441879315,0.017832983282634548,0.9823250833690987,0.02687690195281083,0.9734825253517357,0.04126547107301202,0.9595743568976972,0.0,macro@1,0.22304778652562718
0.2759875624194667,1.8478617059536835,0.12260276079177856,11.15066176501132,0.05392292047451018,0.9475051369335407,0.07290191513583803,0.9296920142687546,0.9352743077836086,0.0790107420844925,0.9240299983834573,0.062013624388547545,0.9398700815486821,0.01513731390996973,0.9849766793176498,0.02299303234167337,0.9772761301940598,0.03510866396022644,0.9655004954496783,0.4950408879218668,micro@1,0.16573930513885812
0.5260813996840358,1.738646336551412,0.20510275661945343,9.398779412473209,0.06311898487767655,0.9388317602610072,0.05617414914783964,0.9453744853929199,0.9405101722946672,0.06760818644808753,0.9346266012139782,0.05846861521470057,0.943207842310763,0.020639188794746195,0.9795723414916162,0.019116196613021053,0.9810710149392823,0.03869680973316734,0.9620423468091156,0.0,mid@1,0.351833580555164
