{
  "model": "SASRec",
  "dataset": "movielens1m",
  "dataset_raw": "movielens1m",
  "max_evals": 3,
  "tune_epochs": 20,
  "n_completed": 3,
  "n_recorded_trials": 3,
  "timestamp": "2026-04-09T05:36:17.096089",
  "trials": [
    {
      "trial": 1,
      "params": {
        "learning_rate": 0.00038099715900252127
      },
      "mrr@20": 0.0576,
      "valid_result": {
        "hit@5": 0.097,
        "hit@10": 0.1616,
        "hit@20": 0.2498,
        "ndcg@5": 0.0566,
        "ndcg@10": 0.0772,
        "ndcg@20": 0.0992,
        "mrr@5": 0.0434,
        "mrr@10": 0.0517,
        "mrr@20": 0.0576
      },
      "test_result": {
        "hit@5": 0.0904,
        "hit@10": 0.1606,
        "hit@20": 0.2501,
        "ndcg@5": 0.0536,
        "ndcg@10": 0.0761,
        "ndcg@20": 0.0987,
        "mrr@5": 0.0416,
        "mrr@10": 0.0508,
        "mrr@20": 0.0571
      },
      "best_hr@10": 0.1616,
      "test_mrr@20": 0.0571,
      "test_hr@10": 0.1606,
      "epochs_run": 20,
      "early_stop_epoch": 20,
      "early_stopped": false,
      "elapsed": 123.0,
      "status": "ok"
    },
    {
      "trial": 2,
      "params": {
        "learning_rate": 0.0004528311949637956
      },
      "mrr@20": 0.0595,
      "valid_result": {
        "hit@5": 0.0983,
        "hit@10": 0.1662,
        "hit@20": 0.2525,
        "ndcg@5": 0.058,
        "ndcg@10": 0.0798,
        "ndcg@20": 0.1015,
        "mrr@5": 0.0447,
        "mrr@10": 0.0536,
        "mrr@20": 0.0595
      },
      "test_result": {
        "hit@5": 0.0969,
        "hit@10": 0.1707,
        "hit@20": 0.2552,
        "ndcg@5": 0.0575,
        "ndcg@10": 0.081,
        "ndcg@20": 0.1022,
        "mrr@5": 0.0447,
        "mrr@10": 0.0542,
        "mrr@20": 0.0599
      },
      "best_hr@10": 0.1662,
      "test_mrr@20": 0.0599,
      "test_hr@10": 0.1707,
      "epochs_run": 20,
      "early_stop_epoch": 20,
      "early_stopped": false,
      "elapsed": 120.8,
      "status": "ok"
    },
    {
      "trial": 3,
      "params": {
        "learning_rate": 0.000518199375116935
      },
      "mrr@20": 0.0625,
      "valid_result": {
        "hit@5": 0.1066,
        "hit@10": 0.1764,
        "hit@20": 0.2581,
        "ndcg@5": 0.0625,
        "ndcg@10": 0.0847,
        "ndcg@20": 0.1052,
        "mrr@5": 0.048,
        "mrr@10": 0.057,
        "mrr@20": 0.0625
      },
      "test_result": {
        "hit@5": 0.0988,
        "hit@10": 0.1726,
        "hit@20": 0.2584,
        "ndcg@5": 0.0588,
        "ndcg@10": 0.0826,
        "ndcg@20": 0.1042,
        "mrr@5": 0.0457,
        "mrr@10": 0.0556,
        "mrr@20": 0.0615
      },
      "best_hr@10": 0.1764,
      "test_mrr@20": 0.0615,
      "test_hr@10": 0.1726,
      "epochs_run": 20,
      "early_stop_epoch": 20,
      "early_stopped": false,
      "elapsed": 122.1,
      "status": "ok"
    }
  ],
  "run_group": "baseline",
  "run_axis": "stageh_targetedrecovery_anchor2_core5",
  "run_phase": "P23_SH_C08_MSASREC_XFER_FOURSQUARE_FAD_H3_R1_C2_WDHI_S1",
  "parent_result": "",
  "interrupted": false,
  "interrupted_at": null,
  "tuned_search": {
    "learning_rate": [
      0.0003368410929993873,
      0.0006015872985126216
    ]
  },
  "fixed_search": {
    "attn_dropout_prob": 0.15,
    "num_layers": 2,
    "weight_decay": 0.00036,
    "hidden_dropout_prob": 0.15,
    "MAX_ITEM_LIST_LENGTH": 10,
    "n_layers": 2,
    "n_heads": 4,
    "num_heads": 4,
    "dropout_ratio": 0.15,
    "dropout_prob": 0.15,
    "hidden_size": 144,
    "embedding_size": 144,
    "inner_size": 288,
    "time_span": 512,
    "num_experts": 8,
    "state_size": 32,
    "conv_kernel": 8,
    "remaining_ratio": 0.7
  },
  "context_fixed": {
    "num_layers": 2,
    "search_space_type_overrides": {
      "learning_rate": "loguniform",
      "weight_decay": "choice",
      "n_layers": "choice",
      "num_layers": "choice",
      "n_heads": "choice",
      "num_heads": "choice",
      "dropout_ratio": "choice",
      "dropout_prob": "choice",
      "hidden_dropout_prob": "choice",
      "attn_dropout_prob": "choice",
      "hidden_size": "choice",
      "embedding_size": "choice",
      "inner_size": "choice",
      "time_span": "choice",
      "num_experts": "choice",
      "state_size": "choice",
      "conv_kernel": "choice",
      "remaining_ratio": "choice",
      "MAX_ITEM_LIST_LENGTH": "choice"
    }
  },
  "best_params": {
    "learning_rate": 0.000518199375116935
  },
  "best_mrr@20": 0.0625,
  "best_hr@10": 0.1764,
  "test_mrr@20": 0.0615,
  "test_hr@10": 0.1726,
  "best_valid_result": {
    "hit@5": 0.1066,
    "hit@10": 0.1764,
    "hit@20": 0.2581,
    "ndcg@5": 0.0625,
    "ndcg@10": 0.0847,
    "ndcg@20": 0.1052,
    "mrr@5": 0.048,
    "mrr@10": 0.057,
    "mrr@20": 0.0625
  },
  "test_result": {
    "hit@5": 0.0988,
    "hit@10": 0.1726,
    "hit@20": 0.2584,
    "ndcg@5": 0.0588,
    "ndcg@10": 0.0826,
    "ndcg@20": 0.1042,
    "mrr@5": 0.0457,
    "mrr@10": 0.0556,
    "mrr@20": 0.0615
  },
  "best_valid_special_metrics": {
    "split": "best_valid",
    "overall": {
      "count": 2166,
      "hit@20": 0.2580794090489381,
      "ndcg@20": 0.10516514597479547,
      "mrr@20": 0.06252672682350308
    },
    "slices": {
      "target_popularity_abs": {
        "rare_1_5": {
          "count": 1940,
          "hit@20": 0.2381443298969072,
          "ndcg@20": 0.09373745861434445,
          "mrr@20": 0.05368236305633771
        },
        "6_20": {
          "count": 226,
          "hit@20": 0.42920353982300885,
          "ndcg@20": 0.2032612233167201,
          "mrr@20": 0.13844737155049774
        }
      },
      "target_popularity_abs_legacy": {
        "<=5": {
          "count": 1940,
          "hit@20": 0.2381443298969072,
          "ndcg@20": 0.09373745861434445,
          "mrr@20": 0.05368236305633771
        },
        "6-20": {
          "count": 226,
          "hit@20": 0.42920353982300885,
          "ndcg@20": 0.2032612233167201,
          "mrr@20": 0.13844737155049774
        }
      },
      "session_len": {
        "<=7": {
          "count": 141,
          "hit@20": 0.15602836879432624,
          "ndcg@20": 0.05622983084502795,
          "mrr@20": 0.02872885639468829
        },
        "8-12": {
          "count": 2025,
          "hit@20": 0.2651851851851852,
          "ndcg@20": 0.10857249384309038,
          "mrr@20": 0.06488006002373166
        }
      },
      "session_len_legacy": {
        "1-2": {
          "count": 38,
          "hit@20": 0.07894736842105263,
          "ndcg@20": 0.025587389343663267,
          "mrr@20": 0.011732456421381548
        },
        "3-5": {
          "count": 59,
          "hit@20": 0.1694915254237288,
          "ndcg@20": 0.06691749823295463,
          "mrr@20": 0.03713405302773088
        },
        "6-10": {
          "count": 2069,
          "hit@20": 0.263895601739971,
          "ndcg@20": 0.10771737698917518,
          "mrr@20": 0.06418373505416096
        }
      }
    },
    "counts": {
      "target_popularity_abs": {
        "rare_1_5": 1940,
        "6_20": 226
      },
      "target_popularity_abs_legacy": {
        "<=5": 1940,
        "6-20": 226
      },
      "session_len": {
        "<=7": 141,
        "8-12": 2025
      },
      "session_len_legacy": {
        "1-2": 38,
        "3-5": 59,
        "6-10": 2069
      }
    },
    "config_snapshot": {
      "target_popularity_abs_bins": [
        "cold_0",
        "rare_1_5",
        "6_20",
        "21_100",
        "101+"
      ],
      "target_popularity_abs_bins_legacy": [
        "<=5",
        "6-20",
        "21-100",
        ">100"
      ],
      "session_len_bins": [
        "<=7",
        "8-12",
        "13+"
      ],
      "session_len_bins_legacy": [
        "1-2",
        "3-5",
        "6-10",
        "11+"
      ],
      "item_count_source": "cached_loader",
      "item_count_definition": "train_interaction_count_per_item",
      "new_user_enabled": false,
      "feature_logging_available": true,
      "split": "best_valid",