stage_name,stage_key,split,aggregation_level,node_kind,node_name,route_space,support_size,wrapper_name,source_type,temperature,top_k,entropy_norm,n_eff_norm,top1_monopoly_norm,jitter_adj_norm,knn_consistency_score,knn_consistency_js,n_eff,cv_usage,top1_max_frac,entropy_mean
macro,macro@1,best_valid,session,final,final.expert,expert,12,ScalarGroupConditionalProductWrapper,,,,0.8153833572162402,0.6989124567283486,0.7396164894029967,0.0,0.9654676047223609,0.0351427305274759,8.386949480740183,0.6563492221728199,0.7613151152860803,2.0261515264731
macro,macro@1,best_valid,session,final,final.group,group,4,ScalarGroupConditionalProductWrapper,,,,0.9778325108369249,0.9663409860502408,0.7198975234842014,0.0,0.9986061050379147,0.0013948673373656653,3.865363944200963,0.18663194020175222,0.7899231426131511,1.3555636958929334
macro,macro@1,best_valid,session,final,final.intra.Exposure,intra,3,ScalarGroupConditionalProductWrapper,,,,0.5878007901320774,0.6411164951414565,0.7511101622544833,0.0,0.9972408807516523,0.0027629326338663974,1.9233494854243696,0.7481836751644708,0.8340734415029889,0.6457651713279249
macro,macro@1,best_valid,session,final,final.intra.Focus,intra,3,ScalarGroupConditionalProductWrapper,,,,0.6079434949171028,0.781234756438637,0.7283091374893252,0.0,0.9448050920183091,0.05677662459370577,2.343704269315911,0.5291738054402528,0.8188727583262169,0.6678941943317677
macro,macro@1,best_valid,session,final,final.intra.Memory,intra,3,ScalarGroupConditionalProductWrapper,,,,0.6218981345805225,0.9247211087074293,0.3280102476515799,0.0,0.9134385855232522,0.09053913528370745,2.774163326122288,0.28531937195898976,0.5520068317677199,0.6832249329499359
macro,macro@1,best_valid,session,final,final.intra.Tempo,intra,3,ScalarGroupConditionalProductWrapper,,,,0.6140264437377813,0.6495557373942337,0.8930401366353544,0.0,0.9995055576669111,0.0004945646100069271,1.9486672121827011,0.7345159430946129,0.9286934244235696,0.6745769966575043
