stage_name,stage_key,split,aggregation_level,node_kind,node_name,route_space,support_size,wrapper_name,source_type,temperature,top_k,entropy_norm,n_eff_norm,top1_monopoly_norm,jitter_adj_norm,knn_consistency_score,knn_consistency_js,n_eff,cv_usage,top1_max_frac,entropy_mean
macro,macro@1,best_valid,session,final,final.expert,expert,16,ScalarGroupConditionalProductWrapper,,,,0.8611765240942275,0.6708109242773492,0.6811353354700009,0.0,0.9830883065530716,0.017056329143357366,10.732974788437588,0.7005234360694885,0.7010643770031258,2.3876883185613105
macro,macro@1,best_valid,session,final,final.group,group,4,ScalarGroupConditionalProductWrapper,,,,0.8639539552365708,0.8702690718850531,0.5293528007491526,0.0,0.9904301006684939,0.009615985077767755,3.4810762875402124,0.3860959044752064,0.6470146005618644,1.1976944964116845
macro,macro@1,best_valid,session,final,final.intra.Exposure,intra,4,ScalarGroupConditionalProductWrapper,,,,0.8704244262883286,0.7829862731583982,0.9236602962318153,0.0,0.997779230284353,0.0022232392816142923,3.1319450926335928,0.5264614224433899,0.9427452221738615,1.2066644739445258
macro,macro@1,best_valid,session,final,final.intra.Focus,intra,4,ScalarGroupConditionalProductWrapper,,,,0.7005756133953072,0.6637795772169822,0.7132117279309935,0.0,0.985448622007582,0.014658287682850792,2.655118308867929,0.7117051482200623,0.7849087959482451,0.9712040223880228
macro,macro@1,best_valid,session,final,final.intra.Memory,intra,4,ScalarGroupConditionalProductWrapper,,,,0.9896591034379276,0.9918430721921454,0.5264511534048194,0.0,0.9986395739853658,0.0013613522342355907,3.9673722887685816,0.09068644046783447,0.6448383650536146,1.3719588345269655
macro,macro@1,best_valid,session,final,final.intra.Tempo,intra,4,ScalarGroupConditionalProductWrapper,,,,0.9114639573395877,0.8901491464769659,0.6257402498054577,0.0,0.995631394002061,0.0043781762397026944,3.5605965859078634,0.3512937128543854,0.7193051873540933,1.263557344423891
