{
  "split": "best_valid",
  "feature_mode": "none",
  "stages": [
    {
      "stage": "macro@1",
      "n_eff": 9.197755221812056,
      "cv_usage": 0.5519656523476346,
      "top1_max_frac": 0.33824349678008214,
      "entropy_mean": 1.7748438371532884,
      "route_jitter_adjacent": 0.0,
      "route_consistency_knn_js": 0.025896785662114785,
      "route_consistency_knn_score": 0.9744356601499733,
      "route_consistency_group_knn_js": 0.0032257421745377785,
      "route_consistency_group_knn_score": 0.9967794549420625,
      "route_consistency_intra_group_knn_mean_js": 0.021090004032448498,
      "route_consistency_intra_group_knn_mean_score": 0.9793600179655823,
      "route_consistency_feature_group_knn_mean_score": 0.9403662612048852,
      "family_top_expert_mean_share": 0.20847098529338837,
      "route_consistency_feature_group_knn_tempo_js": 0.04864965493439087,
      "route_consistency_feature_group_knn_tempo_score": 0.9525147801018343,
      "route_consistency_feature_group_knn_focus_js": 0.03771294957492931,
      "route_consistency_feature_group_knn_focus_score": 0.9629893277166834,
      "route_consistency_feature_group_knn_memory_js": 0.0748768081735486,
      "route_consistency_feature_group_knn_memory_score": 0.9278577837832237,
      "route_consistency_feature_group_knn_exposure_js": 0.0854455273347328,
      "route_consistency_feature_group_knn_exposure_score": 0.9181031532177991
    }
  ]
}
