stage_name,stage_key,split,aggregation_level,node_kind,node_name,route_space,support_size,wrapper_name,source_type,temperature,top_k,entropy_norm,n_eff_norm,top1_monopoly_norm,jitter_adj_norm,knn_consistency_score,knn_consistency_js,n_eff,cv_usage,top1_max_frac,entropy_mean
micro,micro@1,best_valid,token,primitive,primitive.a_joint,expert,20,FlatJointWrapper,both,1.0,,0.4983685863875409,0.3013855527035743,0.3602492362350501,0.0,0.9001330009641141,0.10521274772702915,6.027711054071486,1.5225009393319349,0.3922367744232976,1.4929788583666364
micro,micro@1,best_valid,token,wrapper,wrapper.group,group,4,FlatJointWrapper,,,,0.6121346187213187,0.6518384934639434,0.53953494506654,0.0,0.9699493684111834,0.03051140636129017,2.6073539738557736,0.730836852242759,0.654651208799905,0.8485987701796384
micro,micro@1,best_valid,token,wrapper,wrapper.intra.Exposure,intra,5,FlatJointWrapper,,,,0.7734747640824962,0.758425680088576,0.5135124441103154,0.0,0.9626297726186684,0.03808639321404888,3.79212840044288,0.5643764054123103,0.6108099552882523,1.2448596096253908
micro,micro@1,best_valid,token,wrapper,wrapper.intra.Focus,intra,5,FlatJointWrapper,,,,0.4552137946262442,0.6044141442689204,0.452528389981403,0.0,0.9257600410590738,0.07714021284262021,3.0220707213446016,0.8090085415689865,0.5620227119851224,0.7326383393344676
micro,micro@1,best_valid,token,wrapper,wrapper.intra.Memory,intra,5,FlatJointWrapper,,,,0.6018191698775753,0.9095162270280921,0.13183041190202985,0.0,0.9311752879284211,0.0713077402346541,4.547581135140461,0.31541328407208197,0.3054643295216239,0.968590588430588
micro,micro@1,best_valid,token,wrapper,wrapper.intra.Tempo,intra,5,FlatJointWrapper,,,,0.29220512122944453,0.3690331563564576,0.7142701697463696,0.0,0.9471866251729255,0.05425913533540275,1.8451657817822882,1.307586859053569,0.7714161357970957,0.47028600031407036
