best_mrr20,epoch,epoch_time_sec,eval,lr,patience_used,train_loss,trial,valid_mrr20
0.0125,1,17.708399295806885,1,0.0005476,0,687.8448252677917,1,0.0125
0.0167,3,17.27706289291382,1,0.0005476,0,586.2906222343445,1,0.0167
0.0178,10,16.945891857147217,1,0.0005476,5,490.59917068481445,1,0.0166
0.019,13,17.106953620910645,1,0.0005476,0,464.49180269241333,1,0.019
0.019,23,16.94196057319641,1,0.0005476,10,391.8611240386963,1,0.0152
