{
  "split": "best_valid",
  "feature_mode": "none",
  "stages": [
    {
      "stage": "macro@1",
      "n_eff": 4.221670982141734,
      "cv_usage": 1.357378412563252,
      "top1_max_frac": 0.2767005170404079,
      "entropy_mean": 1.2443135876432152,
      "route_jitter_adjacent": 0.0,
      "route_consistency_knn_js": 0.013065445367171224,
      "route_consistency_knn_score": 0.9870195370504843,
      "route_consistency_group_knn_js": 0.0034007094126576065,
      "route_consistency_group_knn_score": 0.996605066450398,
      "route_consistency_intra_group_knn_mean_js": 0.014037679653933238,
      "route_consistency_intra_group_knn_mean_score": 0.9861589980662949,
      "route_consistency_feature_group_knn_mean_score": 0.974197331037095,
      "family_top_expert_mean_share": 0.28426235914230347,
      "route_consistency_feature_group_knn_tempo_js": 0.03004123608677845,
      "route_consistency_feature_group_knn_tempo_score": 0.9704055169973417,
      "route_consistency_feature_group_knn_focus_js": 0.01832676411655833,
      "route_consistency_feature_group_knn_focus_score": 0.9818401498055512,
      "route_consistency_feature_group_knn_memory_js": 0.03375334594076328,
      "route_consistency_feature_group_knn_memory_score": 0.9668099428273329,
      "route_consistency_feature_group_knn_exposure_js": 0.02251792156484445,
      "route_consistency_feature_group_knn_exposure_score": 0.9777337145181546
    }
  ]
}
