best_mrr20,epoch,epoch_time_sec,eval,lr,patience_used,train_loss,trial,valid_mrr20
0.274,1,48.32966613769531,1,0.00056966,0,2201.7458238601685,1,0.274
0.3382,3,48.03771734237671,1,0.00056966,0,1230.0862345695496,1,0.3382
0.365,8,48.06084203720093,1,0.00056966,0,752.0419330596924,1,0.365
0.365,10,47.22691488265991,1,0.00056966,2,680.694563627243,1,0.3634
0.365,18,47.25324368476868,1,0.00056966,10,434.097829580307,1,0.3251
