{
  "split": "best_valid",
  "feature_mode": "none",
  "stages": [
    {
      "stage": "macro@1",
      "n_eff": 10.49667654360535,
      "cv_usage": 0.3784429060484711,
      "top1_max_frac": 0.5438705084955587,
      "entropy_mean": 2.3633152215963604,
      "route_jitter_adjacent": 0.0,
      "route_consistency_knn_js": 0.004621463560062193,
      "route_consistency_knn_score": 0.9953891989708331,
      "route_consistency_group_knn_js": 0.0009116868064145133,
      "route_consistency_group_knn_score": 0.9990887286537359,
      "route_consistency_intra_group_knn_mean_js": 0.003896775847408181,
      "route_consistency_intra_group_knn_mean_score": 0.9961227817422682,
      "route_consistency_feature_group_knn_mean_score": 0.9862652434189825,
      "family_top_expert_mean_share": 0.1444678157567978,
      "route_consistency_feature_group_knn_tempo_js": 0.012101089306747265,
      "route_consistency_feature_group_knn_tempo_score": 0.9879718344258668,
      "route_consistency_feature_group_knn_focus_js": 0.015621190509801349,
      "route_consistency_feature_group_knn_focus_score": 0.9845001874420795,
      "route_consistency_feature_group_knn_memory_js": 0.01887806718739336,
      "route_consistency_feature_group_knn_memory_score": 0.9812990074963087,
      "route_consistency_feature_group_knn_exposure_js": 0.008748209935343724,
      "route_consistency_feature_group_knn_exposure_score": 0.9912899443116749
    }
  ]
}
