best_mrr20,epoch,epoch_time_sec,eval,lr,patience_used,train_loss,trial,valid_mrr20
0.0432,1,40.33568048477173,1,0.0012804830493876025,0,1342.719340801239,1,0.0432
0.0679,3,57.17294120788574,1,0.00120339610844414,0,1103.1658382415771,1,0.0679
0.0859,10,57.55124568939209,1,0.000550796569375309,0,1013.5915093421936,1,0.0859
0.0916,18,38.19424390792847,1,0.000129037,0,981.4051995277405,1,0.0916
