best_mrr20,epoch,epoch_time_sec,eval,lr,patience_used,train_loss,trial,valid_mrr20
0.0052,1,2.97824764251709,1,0.0005672,0,80.775071144104,1,0.0052
0.0082,3,1.980051040649414,1,0.0005672,0,74.33227586746216,1,0.0082
0.0611,10,1.9752745628356934,1,0.0005672,0,57.934977531433105,1,0.0611
0.1033,48,2.048675060272217,1,0.0005672,0,22.794870615005493,1,0.1033
0.1033,58,1.8324394226074219,1,0.0005672,10,17.837026476860046,1,0.0948
