best_mrr20,epoch,epoch_time_sec,eval,lr,patience_used,train_loss,trial,valid_mrr20
0.3136,1,44.29098129272461,1,0.00056966,0,2150.8704810142517,1,0.3136
0.361,3,45.15649747848511,1,0.00056966,0,1139.365622997284,1,0.361
0.3736,6,45.1477906703949,1,0.00056966,0,799.6616823673248,1,0.3736
0.3736,10,44.29713821411133,1,0.00056966,4,635.7399435043335,1,0.3588
0.3736,16,44.26714086532593,1,0.00056966,10,429.22469782829285,1,0.3308
