{
  "split": "best_valid",
  "feature_mode": "none",
  "stages": [
    {
      "stage": "macro@1",
      "n_eff": 3.9876647100970377,
      "cv_usage": 0.05561879195198917,
      "top1_max_frac": 0.9462242562929062,
      "entropy_mean": 1.3842770644129005,
      "route_jitter_adjacent": 0.0,
      "route_consistency_knn_js": 8.681588718351329e-05,
      "route_consistency_knn_score": 0.9999131878812065,
      "route_consistency_group_knn_js": 8.681588718351329e-05,
      "route_consistency_group_knn_score": 0.9999131878812065,
      "route_consistency_intra_group_knn_mean_js": 0.0,
      "route_consistency_intra_group_knn_mean_score": 1.0,
      "route_consistency_feature_group_knn_mean_score": 0.9999039476606365,
      "family_top_expert_mean_share": 0.2603185772895813,
      "route_consistency_feature_group_knn_tempo_js": 0.0001095955804833826,
      "route_consistency_feature_group_knn_tempo_score": 0.9998904104248929,
      "route_consistency_feature_group_knn_focus_js": 0.00012755227046755126,
      "route_consistency_feature_group_knn_focus_score": 0.9998724558639774,
      "route_consistency_feature_group_knn_memory_js": 8.681627377024237e-05,
      "route_consistency_feature_group_knn_memory_score": 0.9999131874946534,
      "route_consistency_feature_group_knn_exposure_js": 6.026495687382401e-05,
      "route_consistency_feature_group_knn_exposure_score": 0.9999397368590223
    }
  ]
}
