stage_name,stage_key,split,aggregation_level,node_kind,node_name,route_space,support_size,wrapper_name,source_type,temperature,top_k,entropy_norm,n_eff_norm,top1_monopoly_norm,jitter_adj_norm,knn_consistency_score,knn_consistency_js,n_eff,cv_usage,top1_max_frac,entropy_mean
macro,macro@1,best_valid,session,final,final.expert,expert,12,GroupConditionalProductWrapper,,,,0.8969507934491909,0.9234345963727161,0.37197305618358256,0.0,0.9742839987900803,0.026052437974137574,11.081215156472593,0.2879473555699779,0.4243086348349506,2.2288389911745177
macro,macro@1,best_valid,session,final,final.group,group,4,GroupConditionalProductWrapper,,,,0.8896804601841007,0.9671807295482274,0.30173010874765266,0.0,0.9847294347869471,0.015388361038504019,3.8687229181929097,0.18420882523059845,0.4762975815607395,1.2333590051517682
macro,macro@1,best_valid,session,final,final.intra.Exposure,intra,3,GroupConditionalProductWrapper,,,,0.8623517018724813,0.9016272665944278,0.6183407236038815,0.0,0.987245514561799,0.012836522191818363,2.7048817997832835,0.3303115940001132,0.7455604824025877,0.9473901768309663
macro,macro@1,best_valid,session,final,final.intra.Focus,intra,3,GroupConditionalProductWrapper,,,,0.8873943001918908,0.9390690982405205,0.1467771994087784,0.0,0.9909415937493898,0.009099683069720282,2.8172072947215616,0.25472392872798655,0.43118479960585226,0.9749022830848488
macro,macro@1,best_valid,session,final,final.intra.Memory,intra,3,GroupConditionalProductWrapper,,,,0.9884202576297204,0.9977106827914666,0.4770258980785297,0.0,0.9974187308024206,0.0025846064169927066,2.9931320483743997,0.04790153584177685,0.6513505987190198,1.0858906414005098
macro,macro@1,best_valid,session,final,final.intra.Tempo,intra,3,GroupConditionalProductWrapper,,,,0.8777914626816251,0.9701301259834533,0.15795900006426325,0.0,0.9836364502174594,0.016498911358592296,2.91039037795036,0.17546988951980408,0.4386393333761755,0.9643524877899878
