{
  "split": "best_valid",
  "feature_mode": "none",
  "stages": [
    {
      "stage": "macro@1",
      "n_eff": 3.962058529409646,
      "cv_usage": 0.09785787761211395,
      "top1_max_frac": 0.7335721017907634,
      "entropy_mean": 1.2568089999607288,
      "route_jitter_adjacent": 0.0,
      "route_consistency_knn_js": 0.002329682435611162,
      "route_consistency_knn_score": 0.9976730291683801,
      "route_consistency_group_knn_js": 0.002329682435611162,
      "route_consistency_group_knn_score": 0.9976730291683801,
      "route_consistency_intra_group_knn_mean_js": 0.0,
      "route_consistency_intra_group_knn_mean_score": 1.0,
      "route_consistency_feature_group_knn_mean_score": 0.9952185705139098,
      "family_top_expert_mean_share": 0.2714095711708069,
      "route_consistency_feature_group_knn_tempo_js": 0.0017993246916932827,
      "route_consistency_feature_group_knn_tempo_score": 0.99820229312251,
      "route_consistency_feature_group_knn_focus_js": 0.0032896331012293176,
      "route_consistency_feature_group_knn_focus_score": 0.996715771813388,
      "route_consistency_feature_group_knn_memory_js": 0.0045591319729612,
      "route_consistency_feature_group_knn_memory_score": 0.9954512450930847,
      "route_consistency_feature_group_knn_exposure_js": 0.009540393142191192,
      "route_consistency_feature_group_knn_exposure_score": 0.9905049720266565
    }
  ]
}
