stage_name,stage_key,split,aggregation_level,node_kind,node_name,route_space,support_size,wrapper_name,source_type,temperature,top_k,entropy_norm,n_eff_norm,top1_monopoly_norm,jitter_adj_norm,knn_consistency_score,knn_consistency_js,n_eff,cv_usage,top1_max_frac,entropy_mean
macro,macro@1,best_valid,session,final,final.expert,expert,16,FlatJointWrapper,,,,0.7873370296586638,0.9866184574371679,0.03699132391912006,0.6843637005026898,0.9211046937053572,0.08218157524003902,15.785895318994687,0.1164604052901268,0.09717936617417505,2.1829617690333794
macro,macro@1,best_valid,session,final,final.group,group,4,FlatJointWrapper,,,,0.8781676907375202,0.9960405863057433,0.03757214941735939,0.0,0.9758077780090038,0.02448966072726529,3.9841623452229733,0.06304957717657089,0.27817911206301954,1.2173989177871003
macro,macro@1,best_valid,session,final,final.intra.Exposure,intra,4,FlatJointWrapper,,,,0.770672412522143,0.9967991377860852,0.0510763422514248,0.0,0.9589707676407636,0.04189468668970785,3.987196551144341,0.05666748434305191,0.2883072566885686,1.068378819750109
macro,macro@1,best_valid,session,final,final.intra.Focus,intra,4,FlatJointWrapper,,,,0.767433510875668,0.9971819882139444,0.027020486199344163,0.0,0.9498084240017131,0.05149497366901491,3.9887279528557777,0.053159985691308975,0.2702653646495081,1.0638887486613788
macro,macro@1,best_valid,session,final,final.intra.Memory,intra,4,FlatJointWrapper,,,,0.7070643903463845,0.9836831597159111,0.08084364903619272,0.0,0.9437557186220551,0.057887918970182854,3.9347326388636445,0.12879277765750885,0.31063273677714454,0.9801993772858659
macro,macro@1,best_valid,session,final,final.intra.Tempo,intra,4,FlatJointWrapper,,,,0.7325454130190955,0.9925650575215312,0.06172480971914666,0.0,0.9475508183023517,0.05387470937162044,3.970260230086125,0.08654885739088058,0.29629360728936,1.0155235753326133
