best_mrr20,epoch,epoch_time_sec,eval,lr,patience_used,train_loss,trial,valid_mrr20
0.0138,1,19.703877687454224,1,0.0005476,0,674.7235283851624,1,0.0138
0.0175,3,18.899311065673828,1,0.0005476,0,573.1402373313904,1,0.0175
0.0187,7,18.16784691810608,1,0.0005476,0,513.8451976776123,1,0.0187
0.0187,10,18.620660066604614,1,0.0005476,3,483.93774366378784,1,0.0179
0.0187,17,18.134010076522827,1,0.0005476,10,424.41250801086426,1,0.0156
