stage_name,stage_key,split,aggregation_level,node_kind,node_name,route_space,support_size,wrapper_name,source_type,temperature,top_k,entropy_norm,n_eff_norm,top1_monopoly_norm,jitter_adj_norm,knn_consistency_score,knn_consistency_js,n_eff,cv_usage,top1_max_frac,entropy_mean
macro,macro@1,best_valid,session,final,final.expert,expert,12,ScalarGroupConditionalProductWrapper,,,,0.8951516174973814,0.7973036400123227,0.3727556787571873,0.0,0.9859070250917082,0.014193223864393733,9.567643680147873,0.5042096378928207,0.42502603886075496,2.2243682068877275
macro,macro@1,best_valid,session,final,final.group,group,4,ScalarGroupConditionalProductWrapper,,,,0.9665471098476255,0.9446164704939103,0.7901567120401297,0.0,0.9982723932357327,0.001729100797816187,3.778465881975641,0.24213774502277374,0.8426175340300973,1.3399188081384907
macro,macro@1,best_valid,session,final,final.intra.Exposure,intra,3,ScalarGroupConditionalProductWrapper,,,,0.3337945247954557,0.4391423817015074,0.9330891067772868,0.0,0.9771596998439572,0.02310518088699171,1.317427145104522,1.1301176211202855,0.9553927378515246,0.3667107668304197
macro,macro@1,best_valid,session,final,final.intra.Focus,intra,3,ScalarGroupConditionalProductWrapper,,,,0.9924179218556662,0.9983306724120075,0.4349746794526451,0.0,0.9993024914017429,0.0006977519705555173,2.9949920172360223,0.040891230750345266,0.6233164529684301,1.0902825244451029
macro,macro@1,best_valid,session,final,final.intra.Memory,intra,3,ScalarGroupConditionalProductWrapper,,,,0.8505233932180457,0.8427774607628397,0.8125202025643787,0.0,0.988167722940125,0.011902835581022592,2.528332382288519,0.43191762471444534,0.8750134683762526,0.9343954515890439
macro,macro@1,best_valid,session,final,final.intra.Tempo,intra,3,ScalarGroupConditionalProductWrapper,,,,0.8450332213375409,0.9574324955150711,0.3153754983299213,0.0,0.9861960888447665,0.013900071084414186,2.8722974865452136,0.2108556416375744,0.5435836655532809,0.9283638812942212
