best_mrr20,epoch,epoch_time_sec,eval,lr,patience_used,train_loss,trial,valid_mrr20
0.0118,1,17.734076976776123,1,0.0005476,0,696.7923398017883,1,0.0118
0.0151,3,16.554983615875244,1,0.0005476,0,603.1282749176025,1,0.0151
0.0182,5,16.903491735458374,1,0.0005476,0,560.9465084075928,1,0.0182
0.0182,10,16.292222023010254,1,0.0005476,5,514.2089972496033,1,0.0173
0.0182,15,16.369459867477417,1,0.0005476,10,486.3462219238281,1,0.0169
