best_mrr20,epoch,epoch_time_sec,eval,lr,patience_used,train_loss,trial,valid_mrr20
0.0112,1,17.27585506439209,1,0.0005476,0,696.2210369110107,1,0.0112
0.0159,3,16.147112131118774,1,0.0005476,0,602.8743524551392,1,0.0159
0.017,7,16.25932741165161,1,0.0005476,0,536.0211772918701,1,0.017
0.017,10,16.126665830612183,1,0.0005476,3,511.76285219192505,1,0.0159
0.017,17,16.083304166793823,1,0.0005476,10,471.56497049331665,1,0.0169
