best_mrr20,epoch,epoch_time_sec,eval,lr,patience_used,train_loss,trial,valid_mrr20
0.0114,1,17.15464210510254,1,0.0005476,0,695.3002691268921,1,0.0114
0.0165,3,16.42882800102234,1,0.0005476,0,600.7448077201843,1,0.0165
0.0184,10,16.423156023025513,1,0.0005476,1,513.311704158783,1,0.0177
0.0188,14,17.305068492889404,1,0.0005476,0,490.22784328460693,1,0.0188
0.0188,24,16.354201793670654,1,0.0005476,10,447.26327085494995,1,0.0174
