stage_name,stage_key,split,aggregation_level,node_kind,node_name,route_space,support_size,wrapper_name,source_type,temperature,top_k,entropy_norm,n_eff_norm,top1_monopoly_norm,jitter_adj_norm,knn_consistency_score,knn_consistency_js,n_eff,cv_usage,top1_max_frac,entropy_mean
macro,macro@1,best_valid,session,final,final.expert,expert,12,ScalarGroupConditionalProductWrapper,,,,0.9691247339066731,0.9808663943229163,0.7080627195613058,0.0,0.998198705758704,0.0018029185226000708,11.770396731874996,0.139667561600739,0.7323908262645303,2.4081844957587184
macro,macro@1,best_valid,session,final,final.group,group,4,ScalarGroupConditionalProductWrapper,,,,0.9644797043009323,0.9865895642666882,0.7396167137920201,0.0,0.9989309886081625,0.0010695831920589846,3.946358257066753,0.11658769845962524,0.8047125353440151,1.3370527754869619
macro,macro@1,best_valid,session,final,final.intra.Exposure,intra,3,ScalarGroupConditionalProductWrapper,,,,0.9950847841404847,0.994347783195146,0.8874458058435436,0.0,0.9997837818253699,0.0002162415531496369,2.9830433495854383,0.07539508267059676,0.9249638705623625,1.09321237212339
macro,macro@1,best_valid,session,final,final.intra.Focus,intra,3,ScalarGroupConditionalProductWrapper,,,,0.9230042418587063,0.9935608586240381,0.6158906691800188,0.0,0.9983049348496748,0.0016965033987701337,2.9806825758721143,0.08050293049207537,0.7439271127866792,1.014023802598767
macro,macro@1,best_valid,session,final,final.intra.Memory,intra,3,ScalarGroupConditionalProductWrapper,,,,0.9744368276355919,0.9657503525170777,0.8094062205466541,0.0,0.9995704932936156,0.0004295989708095413,2.8972510575512334,0.1883199233317398,0.8729374803644361,1.07052827337123
macro,macro@1,best_valid,session,final,final.intra.Tempo,intra,3,ScalarGroupConditionalProductWrapper,,,,0.9564980640603711,0.9938450464641901,0.5985862393967954,0.0,0.999127380221134,0.0008730007331401353,2.9815351393925704,0.07869635660361181,0.7323908262645303,1.0508205272639806
