{
  "split": "best_valid",
  "feature_mode": "none",
  "stages": [
    {
      "stage": "macro@1",
      "n_eff": 11.450340240053425,
      "cv_usage": 0.2190980418172541,
      "top1_max_frac": 0.7558075221238938,
      "entropy_mean": 2.3049402827710175,
      "route_jitter_adjacent": 0.0,
      "route_consistency_knn_js": 0.00470263649972432,
      "route_consistency_knn_score": 0.9953084035826887,
      "route_consistency_group_knn_js": 0.0036430663089052533,
      "route_consistency_group_knn_score": 0.9963635616060729,
      "route_consistency_intra_group_knn_mean_js": 0.0009254863696615471,
      "route_consistency_intra_group_knn_mean_score": 0.9990751085282458,
      "route_consistency_feature_group_knn_mean_score": 0.9887567685099659,
      "family_top_expert_mean_share": 0.13540616631507874,
      "route_consistency_feature_group_knn_tempo_js": 0.005085260674143522,
      "route_consistency_feature_group_knn_tempo_score": 0.9949276473743855,
      "route_consistency_feature_group_knn_focus_js": 0.013564020062557629,
      "route_consistency_feature_group_knn_focus_score": 0.9865275567401168,
      "route_consistency_feature_group_knn_memory_js": 0.011806283461039907,
      "route_consistency_feature_group_knn_memory_score": 0.9882631372348254,
      "route_consistency_feature_group_knn_exposure_js": 0.014800252716697194,
      "route_consistency_feature_group_knn_exposure_score": 0.9853087326905355
    }
  ]
}
