best_mrr20,epoch,epoch_time_sec,eval,lr,patience_used,train_loss,trial,valid_mrr20
0.011,1,17.347901821136475,1,0.0005476,0,697.997606754303,1,0.011
0.0175,3,18.116870403289795,1,0.0005476,0,603.9135022163391,1,0.0175
0.0182,10,16.67473864555359,1,0.0005476,1,515.007387638092,1,0.0173
0.0185,13,16.53677725791931,1,0.0005476,0,497.0993628501892,1,0.0185
0.0185,23,16.761312246322632,1,0.0005476,10,452.95071744918823,1,0.0175
