stage_name,stage_key,split,aggregation_level,node_kind,node_name,route_space,support_size,wrapper_name,source_type,temperature,top_k,entropy_norm,n_eff_norm,top1_monopoly_norm,jitter_adj_norm,knn_consistency_score,knn_consistency_js,n_eff,cv_usage,top1_max_frac,entropy_mean
macro,macro@1,best_valid,session,final,final.expert,expert,6,ScalarGroupConditionalProductWrapper,,,,0.961131389301149,0.9955837229468055,0.19491341586565433,0.0,0.9964326910701132,0.003573686949148557,5.973502337680833,0.06660100209999059,0.3290945132213786,1.7221162679526498
macro,macro@1,best_valid,session,final,final.group,group,2,ScalarGroupConditionalProductWrapper,,,,0.9677076710009205,0.9977031180125405,0.37427534876762536,0.0,0.9996070900733397,0.00039298713599044484,1.995406236025081,0.04798153042793274,0.6871376743838127,0.6707638437605191
macro,macro@1,best_valid,session,final,final.intra.Focus,intra,3,ScalarGroupConditionalProductWrapper,,,,0.9426061983225231,0.9975360991251648,0.2883457381157198,0.0,0.9937124046962615,0.006307445481423822,2.9926082973754946,0.04970045311453659,0.5255638254104799,1.0355587528518533
macro,macro@1,best_valid,session,final,final.intra.Tempo,intra,3,ScalarGroupConditionalProductWrapper,,,,0.9798101696977383,0.9949015583763737,0.0804316116243408,0.0,0.9997008352337535,0.0002992095249521627,2.9847046751291213,0.07158623981218816,0.3869544077495605,1.0764314929919212
