best_mrr20,epoch,epoch_time_sec,eval,lr,patience_used,train_loss,trial,valid_mrr20
0.0044,1,3.0364537239074707,1,0.0005672,0,80.40536880493164,1,0.0044
0.0125,3,2.155696392059326,1,0.0005672,0,72.77057647705078,1,0.0125
0.0619,10,2.1728005409240723,1,0.0005672,0,53.787580490112305,1,0.0619
0.0802,31,2.126725673675537,1,0.0005672,0,26.56679344177246,1,0.0802
0.0802,41,1.9578676223754883,1,0.0005672,10,18.217645525932312,1,0.0792
