best_mrr20,epoch,eval,lr,patience_used,train_loss,trial,valid_mrr20
0.0021,1,1,0.00016,0,40.86686897277832,1,0.0021
0.0031,3,1,0.00016,0,40.4487361907959,1,0.0031
0.0118,10,1,0.00016,0,38.79135465621948,1,0.0118
0.0124,11,1,0.00016,0,38.57772874832153,1,0.0124
0.0124,16,1,0.00016,5,37.59437370300293,1,0.0101
