stage_name,stage_key,split,aggregation_level,node_kind,node_name,route_space,support_size,wrapper_name,source_type,temperature,top_k,entropy_norm,n_eff_norm,top1_monopoly_norm,jitter_adj_norm,knn_consistency_score,knn_consistency_js,n_eff,cv_usage,top1_max_frac,entropy_mean
macro,macro@1,best_valid,session,final,final.expert,expert,16,FlatJointWrapper,,,,0.6989320735629112,0.9179651627486358,0.05627087144640939,0.6857979129549504,0.8143177507987431,0.20540463190255195,14.687442603978173,0.29894116520881653,0.1152539419810088,1.9378511847721926
macro,macro@1,best_valid,session,final,final.group,group,4,FlatJointWrapper,,,,0.8589589131604933,0.9952044304030239,0.13209629177919102,0.0,0.9538582496956385,0.04724020379842628,3.9808177216120955,0.0694163590669632,0.34907221883439327,1.1907698977480616
macro,macro@1,best_valid,session,final,final.intra.Exposure,intra,4,FlatJointWrapper,,,,0.49607050302798034,0.9253994356884631,0.1257503654629716,0.0,0.8245102842957501,0.19296566368762513,3.7015977427538522,0.283926784992218,0.3443127740972287,0.6876997410655967
macro,macro@1,best_valid,session,final,final.intra.Focus,intra,4,FlatJointWrapper,,,,0.4335857995106495,0.8497148880368045,0.18464718039563036,0.0,0.8186556104214073,0.2000917836599869,3.398859552147218,0.420553594827652,0.3884853852967228,0.6010775489232728
macro,macro@1,best_valid,session,final,final.intra.Memory,intra,4,FlatJointWrapper,,,,0.40594306821558146,0.8507251835548932,0.1232645176868284,0.0,0.8262918746513584,0.190807208735717,3.402900734219573,0.41888871305517633,0.3424483882651213,0.5627565864029677
macro,macro@1,best_valid,session,final,final.intra.Tempo,intra,4,FlatJointWrapper,,,,0.36427850473196743,0.9090438977427913,0.21631969370662837,0.0,0.7968671848928787,0.22706725787668722,3.636175590971165,0.31631773710250854,0.4122397702799713,0.5049972369871119
