best_mrr20,epoch,epoch_time_sec,eval,lr,patience_used,train_loss,trial,valid_mrr20
0.0404,1,36.255998611450195,1,0.00129037,0,1341.9685273170471,1,0.0404
0.0657,3,35.25428867340088,1,0.00129037,0,1098.2379851341248,1,0.0657
0.0854,10,35.72201347351074,1,0.00129037,0,1011.9713935852051,1,0.0854
0.0928,26,34.98603940010071,1,0.00129037,0,942.9268484115601,1,0.0928
0.0928,36,35.395018100738525,1,0.00129037,10,917.1375179290771,1,0.091
