stage_name,stage_key,split,aggregation_level,node_kind,node_name,route_space,support_size,wrapper_name,source_type,temperature,top_k,entropy_norm,n_eff_norm,top1_monopoly_norm,jitter_adj_norm,knn_consistency_score,knn_consistency_js,n_eff,cv_usage,top1_max_frac,entropy_mean
macro,macro@1,best_valid,session,final,final.expert,expert,16,FlatJointWrapper,,,,0.8839992718001333,0.9874252480979199,0.04875548144030635,0.7351178028718807,0.9256246613696698,0.07728645979979525,15.798803969566718,0.11284991281330066,0.1082082638502872,2.4509664114612284
macro,macro@1,best_valid,session,final,final.group,group,4,FlatJointWrapper,,,,0.93984488114051,0.9965337679052425,0.09344697671545917,0.0,0.979630341558418,0.02057998096768417,3.98613507162097,0.05897710823876311,0.3200852325365944,1.302901659052483
macro,macro@1,best_valid,session,final,final.intra.Exposure,intra,4,FlatJointWrapper,,,,0.8344044826409056,0.9892495892281972,0.08134148601074671,0.0,0.94574584686621,0.055781406844001354,3.9569983569127887,0.10424593836069107,0.31100611450806004,1.156730229178247
macro,macro@1,best_valid,session,final,final.intra.Focus,intra,4,FlatJointWrapper,,,,0.8590913392514046,0.9967062837015996,0.03613118399110619,0.0,0.9489918552857344,0.05235506282659961,3.9868251348063986,0.05748665705323219,0.27709838799332964,1.1909534792911571
macro,macro@1,best_valid,session,final,final.intra.Memory,intra,4,FlatJointWrapper,,,,0.8553995505542096,0.9941054813098488,0.04366623432771292,0.0,0.9478976477508246,0.05350874906348708,3.976421925239395,0.0770026221871376,0.2827496757457847,1.1858355734377894
macro,macro@1,best_valid,session,final,final.intra.Tempo,intra,4,FlatJointWrapper,,,,0.8510134692020015,0.986313829885424,0.10110555246742019,0.0,0.9488134336022775,0.052543092320486186,3.945255319541696,0.11779677122831345,0.32582916435056514,1.1797551735918104
