stage_name,stage_key,split,aggregation_level,node_kind,node_name,route_space,support_size,wrapper_name,source_type,temperature,top_k,entropy_norm,n_eff_norm,top1_monopoly_norm,jitter_adj_norm,knn_consistency_score,knn_consistency_js,n_eff,cv_usage,top1_max_frac,entropy_mean
macro,macro@1,best_valid,session,final,final.expert,expert,12,FlatJointWrapper,,,,0.9373552656316202,0.9875244604428763,0.07463706233988045,0.6798120904932624,0.9644583000254966,0.03618868238127255,11.850293525314516,0.1123972501636371,0.15175064047822373,2.3292403327818105
macro,macro@1,best_valid,session,final,final.group,group,4,FlatJointWrapper,,,,0.9711802963930977,0.9938061033848327,0.1336179903216624,0.0,0.9907050565113996,0.009338411037779026,3.9752244135393306,0.0789465606212616,0.3502134927412468,1.3463417685204953
macro,macro@1,best_valid,session,final,final.intra.Exposure,intra,3,FlatJointWrapper,,,,0.8630434687769764,0.9953686910414649,0.10102476515798468,0.0,0.964193868671849,0.036462896010454965,2.9861060731243945,0.06821211596691262,0.4006831767719898,0.9481501604531384
macro,macro@1,best_valid,session,final,final.intra.Focus,intra,3,FlatJointWrapper,,,,0.9139222634540929,0.9970856850898415,0.08411614005123831,0.0,0.976155223377963,0.024133664868346106,2.9912570552695246,0.05406307267954729,0.38941076003415886,1.0040462295180401
macro,macro@1,best_valid,session,final,final.intra.Memory,intra,3,FlatJointWrapper,,,,0.9111479446180999,0.9764320722349059,0.26818958155422723,0.0,0.9791423278360072,0.021078266184885047,2.9292962167047176,0.15536014645218413,0.5121263877028182,1.000998328752135
macro,macro@1,best_valid,session,final,final.intra.Tempo,intra,3,FlatJointWrapper,,,,0.9194637655909371,0.9964448692213387,0.06349274124679764,0.0,0.9785759255937215,0.021656901294504927,2.989334607664016,0.05973050751595177,0.3756618274978651,1.0101341918632578
