stage_name,stage_key,split,aggregation_level,node_kind,node_name,route_space,support_size,wrapper_name,source_type,temperature,top_k,entropy_norm,n_eff_norm,top1_monopoly_norm,jitter_adj_norm,knn_consistency_score,knn_consistency_js,n_eff,cv_usage,top1_max_frac,entropy_mean
macro,macro@1,best_valid,session,final,final.expert,expert,12,ScalarGroupConditionalProductWrapper,,,,0.9559744536625624,0.8920574412302185,0.45462986148820694,0.0,0.9955832041947456,0.004426578664402151,10.704689294762622,0.34785656599053233,0.5000773730308563,2.375507276933552
macro,macro@1,best_valid,session,final,final.group,group,4,ScalarGroupConditionalProductWrapper,,,,0.9810545378340513,0.9689903962777201,0.8767808692602106,0.0,0.9991838528911418,0.0008164803382317421,3.8759615851108804,0.17889075828900836,0.907585651945158,1.3600303737504256
macro,macro@1,best_valid,session,final,final.intra.Exposure,intra,3,ScalarGroupConditionalProductWrapper,,,,0.680580226355829,0.6467746227055255,0.8464764321748012,0.0,0.9871845537142878,0.012898272515124322,1.9403238681165766,0.7390085536537006,0.8976509547832008,0.7476938000990375
macro,macro@1,best_valid,session,final,final.intra.Focus,intra,3,ScalarGroupConditionalProductWrapper,,,,0.9941621834130452,0.9943547667753349,0.26200055708582215,0.0,0.9997683430128597,0.0002316838237648937,2.9830643003260047,0.07534778079844175,0.5080003713905481,1.0921987916266906
macro,macro@1,best_valid,session,final,final.intra.Memory,intra,3,ScalarGroupConditionalProductWrapper,,,,0.9946704752616741,0.9933448469145456,0.8496796756522544,0.0,0.9998091173330577,0.0001909008873573197,2.980034540743637,0.08185242245041065,0.8997864504348364,1.0927572072978242
macro,macro@1,best_valid,session,final,final.intra.Tempo,intra,3,ScalarGroupConditionalProductWrapper,,,,0.9654348354476847,0.9828001929138658,0.44003590108631735,0.0,0.9976047808214334,0.0023980923047848095,2.9484005787415972,0.1322905791613287,0.6266906007242116,1.0606385741311009
