{
  "model": "TiSASRec",
  "dataset": "movielens1m",
  "dataset_raw": "movielens1m",
  "max_evals": 6,
  "tune_epochs": 44,
  "n_completed": 6,
  "n_recorded_trials": 6,
  "timestamp": "2026-04-08T02:22:28.123207",
  "trials": [
    {
      "trial": 1,
      "params": {
        "learning_rate": 0.0008042660043914576
      },
      "mrr@20": 0.0791,
      "valid_result": {
        "hit@5": 0.1145,
        "hit@10": 0.1861,
        "hit@20": 0.2752,
        "ndcg@5": 0.0761,
        "ndcg@10": 0.0992,
        "ndcg@20": 0.1216,
        "mrr@5": 0.0635,
        "mrr@10": 0.073,
        "mrr@20": 0.0791
      },
      "test_result": {
        "hit@5": 0.1223,
        "hit@10": 0.1878,
        "hit@20": 0.287,
        "ndcg@5": 0.0764,
        "ndcg@10": 0.0975,
        "ndcg@20": 0.1224,
        "mrr@5": 0.0614,
        "mrr@10": 0.0701,
        "mrr@20": 0.0768
      },
      "best_hr@10": 0.1861,
      "test_mrr@20": 0.0768,
      "test_hr@10": 0.1878,
      "epochs_run": 25,
      "early_stop_epoch": 25,
      "early_stopped": true,
      "elapsed": 746.3,
      "status": "ok"
    },
    {
      "trial": 2,
      "params": {
        "learning_rate": 0.000647630284280968
      },
      "mrr@20": 0.0833,
      "valid_result": {
        "hit@5": 0.1228,
        "hit@10": 0.1893,
        "hit@20": 0.2844,
        "ndcg@5": 0.0816,
        "ndcg@10": 0.1029,
        "ndcg@20": 0.1268,
        "mrr@5": 0.0681,
        "mrr@10": 0.0768,
        "mrr@20": 0.0833
      },
      "test_result": {
        "hit@5": 0.1228,
        "hit@10": 0.2012,
        "hit@20": 0.2889,
        "ndcg@5": 0.0794,
        "ndcg@10": 0.1045,
        "ndcg@20": 0.1265,
        "mrr@5": 0.0653,
        "mrr@10": 0.0755,
        "mrr@20": 0.0814
      },
      "best_hr@10": 0.1893,
      "test_mrr@20": 0.0814,
      "test_hr@10": 0.2012,
      "epochs_run": 41,
      "early_stop_epoch": 41,
      "early_stopped": true,
      "elapsed": 1221.6,
      "status": "ok"
    },
    {
      "trial": 3,
      "params": {
        "learning_rate": 0.0006605461366668815
      },
      "mrr@20": 0.08,
      "valid_result": {
        "hit@5": 0.1251,
        "hit@10": 0.1874,
        "hit@20": 0.2761,
        "ndcg@5": 0.0803,
        "ndcg@10": 0.1004,
        "ndcg@20": 0.1227,
        "mrr@5": 0.0657,
        "mrr@10": 0.074,
        "mrr@20": 0.08
      },
      "test_result": {
        "hit@5": 0.1278,
        "hit@10": 0.2007,
        "hit@20": 0.2949,
        "ndcg@5": 0.0806,
        "ndcg@10": 0.1039,
        "ndcg@20": 0.1275,
        "mrr@5": 0.0652,
        "mrr@10": 0.0747,
        "mrr@20": 0.081
      },
      "best_hr@10": 0.1874,
      "test_mrr@20": 0.081,
      "test_hr@10": 0.2007,
      "epochs_run": 27,
      "early_stop_epoch": 27,
      "early_stopped": true,
      "elapsed": 802.8,
      "status": "ok"
    },
    {
      "trial": 4,
      "params": {
        "learning_rate": 0.0008933774861180591
      },
      "mrr@20": 0.0805,
      "valid_result": {
        "hit@5": 0.1205,
        "hit@10": 0.1842,
        "hit@20": 0.2747,
        "ndcg@5": 0.0794,
        "ndcg@10": 0.0998,
        "ndcg@20": 0.1226,
        "mrr@5": 0.066,
        "mrr@10": 0.0743,
        "mrr@20": 0.0805
      },
      "test_result": {
        "hit@5": 0.1089,
        "hit@10": 0.1892,
        "hit@20": 0.293,
        "ndcg@5": 0.0705,
        "ndcg@10": 0.096,
        "ndcg@20": 0.1222,
        "mrr@5": 0.058,
        "mrr@10": 0.0682,
        "mrr@20": 0.0754
      },
      "best_hr@10": 0.1842,
      "test_mrr@20": 0.0754,
      "test_hr@10": 0.1892,
      "epochs_run": 24,
      "early_stop_epoch": 24,
      "early_stopped": true,
      "elapsed": 717.8,
      "status": "ok"
    },
    {
      "trial": 5,
      "params": {
        "learning_rate": 0.0007525149421046999
      },
      "mrr@20": 0.0822,
      "valid_result": {
        "hit@5": 0.1205,
        "hit@10": 0.1847,
        "hit@20": 0.2729,
        "ndcg@5": 0.0805,
        "ndcg@10": 0.1012,
        "ndcg@20": 0.1237,
        "mrr@5": 0.0674,
        "mrr@10": 0.0759,
        "mrr@20": 0.0822
      },
      "test_result": {
        "hit@5": 0.1163,
        "hit@10": 0.1966,
        "hit@20": 0.288,
        "ndcg@5": 0.078,
        "ndcg@10": 0.1037,
        "ndcg@20": 0.1268,
        "mrr@5": 0.0655,
        "mrr@10": 0.076,
        "mrr@20": 0.0823
      },
      "best_hr@10": 0.1847,
      "test_mrr@20": 0.0823,
      "test_hr@10": 0.1966,
      "epochs_run": 33,
      "early_stop_epoch": 33,
      "early_stopped": true,
      "elapsed": 991.4,
      "status": "ok"
    },
    {
      "trial": 6,
      "params": {
        "learning_rate": 0.0005165677236361479
      },
      "mrr@20": 0.0821,
      "valid_result": {
        "hit@5": 0.1279,
        "hit@10": 0.1884,
        "hit@20": 0.2798,
        "ndcg@5": 0.0828,
        "ndcg@10": 0.1022,
        "ndcg@20": 0.1251,
        "mrr@5": 0.068,
        "mrr@10": 0.0759,
        "mrr@20": 0.0821
      },
      "test_result": {
        "hit@5": 0.1209,
        "hit@10": 0.1934,
        "hit@20": 0.2889,
        "ndcg@5": 0.0776,
        "ndcg@10": 0.101,
        "ndcg@20": 0.1251,
        "mrr@5": 0.0635,
        "mrr@10": 0.0731,
        "mrr@20": 0.0797
      },
      "best_hr@10": 0.1884,
      "test_mrr@20": 0.0797,
      "test_hr@10": 0.1934,
      "epochs_run": 27,
      "early_stop_epoch": 27,
      "early_stopped": true,
      "elapsed": 810.2,
      "status": "ok"
    }
  ],
  "run_group": "baseline",
  "run_axis": "stageg_cross6x9_anchor2_core5",
  "run_phase": "P22_SG_D04_M03_C02_TISASREC_XFER_FOURSQUARE_FAD_H3_R1_C2_S3",
  "parent_result": "",
  "interrupted": false,
  "interrupted_at": null,
  "tuned_search": {
    "learning_rate": [
      0.0004618856195099357,
      0.001045904438662972
    ]
  },
  "fixed_search": {
    "n_layers": 2,
    "n_heads": 4,
    "time_span": 384,
    "weight_decay": 0.0002,
    "hidden_dropout_prob": 0.15,
    "MAX_ITEM_LIST_LENGTH": 30,
    "num_layers": 2,
    "num_heads": 4,
    "dropout_ratio": 0.15,
    "dropout_prob": 0.15,
    "attn_dropout_prob": 0.15,
    "hidden_size": 160,
    "embedding_size": 160,
    "inner_size": 320,
    "num_experts": 8,
    "state_size": 32,
    "conv_kernel": 8,
    "remaining_ratio": 0.7
  },
  "context_fixed": {
    "num_layers": 2,
    "search_space_type_overrides": {
      "learning_rate": "loguniform",
      "weight_decay": "choice",
      "n_layers": "choice",
      "num_layers": "choice",
      "n_heads": "choice",
      "num_heads": "choice",
      "dropout_ratio": "choice",
      "dropout_prob": "choice",
      "hidden_dropout_prob": "choice",
      "attn_dropout_prob": "choice",
      "hidden_size": "choice",
      "embedding_size": "choice",
      "inner_size": "choice",
      "time_span": "choice",
      "num_experts": "choice",
      "state_size": "choice",
      "conv_kernel": "choice",
      "remaining_ratio": "choice",
      "MAX_ITEM_LIST_LENGTH": "choice"
    }
  },
  "best_params": {
    "learning_rate": 0.000647630284280968
  },
  "best_mrr@20": 0.0833,
  "best_hr@10": 0.1893,
  "test_mrr@20": 0.0814,
  "test_hr@10": 0.2012,
  "best_valid_result": {
    "hit@5": 0.1228,
    "hit@10": 0.1893,
    "hit@20": 0.2844,
    "ndcg@5": 0.0816,
    "ndcg@10": 0.1029,
    "ndcg@20": 0.1268,
    "mrr@5": 0.0681,
    "mrr@10": 0.0768,
    "mrr@20": 0.0833
  },
  "test_result": {
    "hit@5": 0.1228,
    "hit@10": 0.2012,
    "hit@20": 0.2889,
    "ndcg@5": 0.0794,
    "ndcg@10": 0.1045,
    "ndcg@20": 0.1265,
    "mrr@5": 0.0653,
    "mrr@10": 0.0755,
    "mrr@20": 0.0814
  },
  "best_valid_special_metrics": {
    "split": "best_valid",
    "overall": {
      "count": 2166,
      "hit@20": 0.28439519852262235,
      "ndcg@20": 0.12681725981025263,
      "mrr@20": 0.08329066312901971
    },
    "slices": {
      "target_popularity_abs": {
        "rare_1_5": {
          "count": 1940,
          "hit@20": 0.26958762886597937,
          "ndcg@20": 0.11394449046899363,