stage_name,stage_key,split,aggregation_level,node_kind,node_name,route_space,support_size,wrapper_name,source_type,temperature,top_k,entropy_norm,n_eff_norm,top1_monopoly_norm,jitter_adj_norm,knn_consistency_score,knn_consistency_js,n_eff,cv_usage,top1_max_frac,entropy_mean
macro,macro@1,best_valid,session,final,final.expert,expert,16,ScalarGroupConditionalProductWrapper,,,,0.9707988405492896,0.8811729633543491,0.7325657928672382,0.0,0.9982119404194882,0.0017896600671716638,14.098767413669586,0.36722055077552795,0.7492804308130359,2.6916259168704157
macro,macro@1,best_valid,session,final,final.group,group,4,ScalarGroupConditionalProductWrapper,,,,0.9620387530674518,0.922275449681141,0.8880876481693541,0.0,0.9987619339461449,0.0012388330907923194,3.689101798724564,0.29030096530914307,0.9160657361270156,1.3336688985562193
macro,macro@1,best_valid,session,final,final.intra.Exposure,intra,4,ScalarGroupConditionalProductWrapper,,,,0.9834291999293061,0.9610803281413781,0.9355431070945911,0.0,0.9996547926552336,0.0003452669425379081,3.8443213125655125,0.20123565196990967,0.9516573303209434,1.3633223544226425
macro,macro@1,best_valid,session,final,final.intra.Focus,intra,4,ScalarGroupConditionalProductWrapper,,,,0.9972930231607836,0.9958070634261044,0.4736570620944363,0.0,0.9998880105919645,0.00011199567931745666,3.9832282537044175,0.06488947570323944,0.6052427965708272,1.3825416943920028
macro,macro@1,best_valid,session,final,final.intra.Memory,intra,4,ScalarGroupConditionalProductWrapper,,,,0.9906253068743718,0.9956512847635208,0.5726945415905832,0.0,0.999010845061877,0.0009896444747137497,3.9826051390540833,0.06608796864748001,0.6795209061929374,1.3732982769026028
macro,macro@1,best_valid,session,final,final.intra.Tempo,intra,4,ScalarGroupConditionalProductWrapper,,,,0.9499530921614332,0.888767776980803,0.9497384791557054,0.0,0.9991987262954897,0.000801594895871324,3.555071107923212,0.35377010703086853,0.9623038593667791,1.3169146149917985
