best_mrr20,epoch,epoch_time_sec,eval,lr,patience_used,train_loss,trial,valid_mrr20
0.0127,1,17.563717365264893,1,0.0005476,0,691.005753993988,1,0.0127
0.0156,3,16.821861743927002,1,0.0005476,0,594.5121402740479,1,0.0156
0.019,10,17.458576202392578,1,0.0005476,0,507.55290508270264,1,0.019
0.0198,13,17.29174280166626,1,0.0005476,0,488.24532318115234,1,0.0198
0.0198,23,17.377235889434814,1,0.0005476,10,439.34458780288696,1,0.0182
