{
  "split": "best_valid",
  "feature_mode": "none",
  "stages": [
    {
      "stage": "macro@1",
      "n_eff": 15.84522183863171,
      "cv_usage": 0.09883397072553635,
      "top1_max_frac": 0.09129715131980137,
      "entropy_mean": 2.6089792365406392,
      "route_jitter_adjacent": 0.7547722066683634,
      "route_consistency_knn_js": 0.03870933446328438,
      "route_consistency_knn_score": 0.9620302975638176,
      "route_consistency_group_knn_js": 0.00794008587381847,
      "route_consistency_group_knn_score": 0.9920913533429676,
      "route_consistency_intra_group_knn_mean_js": 0.030564770913196513,
      "route_consistency_intra_group_knn_mean_score": 0.9699061551968617,
      "route_consistency_feature_group_knn_mean_score": 0.9569960614605457,
      "family_top_expert_mean_share": 0.07215093821287155,
      "route_consistency_feature_group_knn_tempo_js": 0.04581272111548735,
      "route_consistency_feature_group_knn_tempo_score": 0.9552208381333772,
      "route_consistency_feature_group_knn_focus_js": 0.04474517476720001,
      "route_consistency_feature_group_knn_focus_score": 0.956241125155879,
      "route_consistency_feature_group_knn_memory_js": 0.04495765582792866,
      "route_consistency_feature_group_knn_memory_score": 0.9560379636120481,
      "route_consistency_feature_group_knn_exposure_js": 0.04031762284028929,
      "route_consistency_feature_group_knn_exposure_score": 0.9604843189408789
    }
  ]
}
