best_mrr20,epoch,epoch_time_sec,eval,lr,patience_used,train_loss,trial,valid_mrr20
0.032,1,8.830857276916504,1,0.0009997734440724334,0,409.2090816497803,1,0.032
0.1568,3,7.874922513961792,1,0.0009979623651578881,0,298.8176164627075,1,0.1568
0.1999,9,7.963207006454468,1,0.000981771838126524,0,151.36516642570496,1,0.1999
0.1999,10,7.7439539432525635,1,0.0009775320029834253,1,138.48397827148438,1,0.1936
0.1999,14,7.619353771209717,1,0.0009563169422289797,5,100.42520642280579,1,0.1907
