stage_name,stage_key,split,aggregation_level,node_kind,node_name,route_space,support_size,wrapper_name,source_type,temperature,top_k,entropy_norm,n_eff_norm,top1_monopoly_norm,jitter_adj_norm,knn_consistency_score,knn_consistency_js,n_eff,cv_usage,top1_max_frac,entropy_mean
macro,macro@1,best_valid,session,final,final.expert,expert,16,ScalarGroupConditionalProductWrapper,,,,0.9108089635675579,0.6432686599188167,0.7118189372057135,0.0,0.9943401141254771,0.0056759637231382516,10.292298558701066,0.744688093662262,0.7298302536303565,2.525298660502315
macro,macro@1,best_valid,session,final,final.group,group,4,ScalarGroupConditionalProductWrapper,,,,0.9138873144410741,0.8054202350911562,0.9631754573391894,0.0,0.9985818437577927,0.0014191627774997656,3.221680940364625,0.49151596376395007,0.9723815930043921,1.2669168307086613
macro,macro@1,best_valid,session,final,final.intra.Exposure,intra,4,ScalarGroupConditionalProductWrapper,,,,0.8355863614420737,0.7516094637868408,0.6627230641395956,0.0,0.9920248517139564,0.008007119880059203,3.006437855147363,0.5748723149299622,0.7470422981046967,1.1583686610958335
macro,macro@1,best_valid,session,final,final.intra.Focus,intra,4,ScalarGroupConditionalProductWrapper,,,,0.9860974023367093,0.991268184192829,0.3967211385009035,0.0,0.9990002673163537,0.0010002327496816718,3.965072736771316,0.09385514259338379,0.5475408538756776,1.3670212683743521
macro,macro@1,best_valid,session,final,final.intra.Memory,intra,4,ScalarGroupConditionalProductWrapper,,,,0.9728575473768487,0.9587044119835308,0.8833537767578048,0.0,0.9985929913474878,0.0014079994186397007,3.8348176479341234,0.20754361152648926,0.9125153325683536,1.3486669321014522
macro,macro@1,best_valid,session,final,final.intra.Tempo,intra,4,ScalarGroupConditionalProductWrapper,,,,0.9711957992726367,0.9992196693356254,0.13393740355319905,0.0,0.996172896090747,0.0038344460100608407,3.996878677342502,0.027946246590986646,0.3504530526648993,1.3463632600749813
