best_mrr20,epoch,epoch_time_sec,eval,lr,patience_used,train_loss,trial,valid_mrr20
0.2784,1,47.797213554382324,1,0.00056966,0,2223.386543273926,1,0.2784
0.3459,3,48.60777235031128,1,0.00056966,0,1242.8405618667603,1,0.3459
0.3737,6,48.57173776626587,1,0.00056966,0,849.2266612052917,1,0.3737
0.3737,10,47.33594989776611,1,0.00056966,4,706.9965853691101,1,0.3653
0.3737,16,47.06057405471802,1,0.00056966,10,555.8488340377808,1,0.3456
