stage_name,stage_key,split,aggregation_level,node_kind,node_name,route_space,support_size,wrapper_name,source_type,temperature,top_k,entropy_norm,n_eff_norm,top1_monopoly_norm,jitter_adj_norm,knn_consistency_score,knn_consistency_js,n_eff,cv_usage,top1_max_frac,entropy_mean
macro,macro@1,best_valid,session,final,final.expert,expert,12,ScalarGroupConditionalProductWrapper,,,,0.7817889065985485,0.492974896978917,0.8366163520780481,0.0,0.9763625886297382,0.02392125681626112,5.915698763747004,1.0141504428014818,0.850231656071544,1.942672452737223
macro,macro@1,best_valid,session,final,final.group,group,4,ScalarGroupConditionalProductWrapper,,,,0.8429643413529776,0.7666370013907768,0.8841121047779813,0.0,0.9940748583526872,0.0059427649472638105,3.0665480055631074,0.5517230033874512,0.913084078583486,1.1685967130427755
macro,macro@1,best_valid,session,final,final.intra.Exposure,intra,3,ScalarGroupConditionalProductWrapper,,,,0.5652202147472836,0.5886871967323631,0.8542721689473116,0.0,0.9790405889460596,0.02118217771344268,1.7660615901970895,0.8358797479903773,0.9028481126315412,0.6209578737249937
macro,macro@1,best_valid,session,final,final.intra.Focus,intra,3,ScalarGroupConditionalProductWrapper,,,,0.8781835890185551,0.9960181456176166,0.06718026074776424,0.0,0.9853673505076754,0.014740762658785602,2.98805443685285,0.06322742623903077,0.3781201738318428,0.9647832826024495
macro,macro@1,best_valid,session,final,final.intra.Memory,intra,3,ScalarGroupConditionalProductWrapper,,,,0.9591788009054135,0.9886420183476562,0.20019394461803688,0.0,0.9921835676234103,0.007847140809064866,2.9659260550429685,0.10718425416397291,0.46679596307869126,1.0537656177046295
macro,macro@1,best_valid,session,final,final.intra.Tempo,intra,3,ScalarGroupConditionalProductWrapper,,,,0.7063228439364038,0.9381664190849569,0.1889343820708975,0.0,0.9723804975127829,0.02800809277504231,2.814499257254871,0.2567272929332467,0.459289588047265,0.7759749561155407
