{
  "split": "best_valid",
  "feature_mode": "runtime:unknown|ablation:none",
  "stages": [
    {
      "stage": "macro@1",
      "n_eff": 11.930256859524937,
      "cv_usage": 0.07645781171824792,
      "top1_max_frac": 0.14560204953031597,
      "entropy_mean": 2.3238021055721605,
      "route_jitter_adjacent": 0.6989739151934726,
      "route_consistency_knn_js": 0.0369964595395404,
      "route_consistency_knn_score": 0.9636795472123463,
      "route_consistency_group_knn_js": 0.01208280759830891,
      "route_consistency_group_knn_score": 0.9879898964039904,
      "route_consistency_intra_group_knn_mean_js": 0.025196132328061893,
      "route_consistency_intra_group_knn_mean_score": 0.9751241174814351,
      "route_consistency_feature_group_knn_mean_score": 0.9588252247163143,
      "family_top_expert_mean_share": 0.09502781927585602,
      "route_consistency_feature_group_knn_tempo_js": 0.043037842268839756,
      "route_consistency_feature_group_knn_tempo_score": 0.9578751412125569,
      "route_consistency_feature_group_knn_focus_js": 0.04254345076086112,
      "route_consistency_feature_group_knn_focus_score": 0.9583488236307105,
      "route_consistency_feature_group_knn_memory_js": 0.04211768798491007,
      "route_consistency_feature_group_knn_memory_score": 0.9587569397603519,
      "route_consistency_feature_group_knn_exposure_js": 0.04048872270560403,
      "route_consistency_feature_group_knn_exposure_score": 0.9603199942616374
    }
  ]
}
