best_mrr20,epoch,epoch_time_sec,eval,lr,patience_used,train_loss,trial,valid_mrr20
0.0125,1,24.353368282318115,1,0.00034992070542535163,0,684.8931860923767,1,0.0125
0.0158,3,23.16149377822876,1,0.00034928682780526084,0,590.3493990898132,1,0.0158
0.0175,4,23.147810459136963,1,0.00034873288302085027,0,566.603349685669,1,0.0175
0.0175,10,23.078718662261963,1,0.00034213620104419886,6,481.3369722366333,1,0.0172
0.0175,14,22.19450855255127,1,0.0003347109297801429,10,425.59836435317993,1,0.0158
