{
  "model": "SASRec",
  "dataset": "KuaiRecLargeStrictPosV2_0.2",
  "dataset_raw": "KuaiRecLargeStrictPosV2_0.2",
  "max_evals": 8,
  "tune_epochs": 60,
  "n_completed": 3,
  "n_recorded_trials": 3,
  "timestamp": "2026-03-26T16:08:48.016003",
  "trials": [
    {
      "trial": 1,
      "params": {
        "attn_dropout_prob": 0.25100499901052264,
        "learning_rate": 0.0019415035684643867,
        "num_layers": 3
      },
      "mrr@20": 0.0119,
      "valid_result": {
        "hit@5": 0.015,
        "hit@10": 0.0216,
        "hit@20": 0.0317,
        "ndcg@5": 0.0116,
        "ndcg@10": 0.0136,
        "ndcg@20": 0.0161,
        "mrr@5": 0.0104,
        "mrr@10": 0.0112,
        "mrr@20": 0.0119
      },
      "test_result": {
        "hit@5": 0.081,
        "hit@10": 0.0827,
        "hit@20": 0.0846,
        "ndcg@5": 0.0788,
        "ndcg@10": 0.0793,
        "ndcg@20": 0.0798,
        "mrr@5": 0.0781,
        "mrr@10": 0.0783,
        "mrr@20": 0.0784
      },
      "best_hr@10": 0.0216,
      "test_mrr@20": 0.0784,
      "test_hr@10": 0.0827,
      "epochs_run": 14,
      "early_stop_epoch": 14,
      "early_stopped": true,
      "elapsed": 69.6,
      "status": "ok"
    },
    {
      "trial": 2,
      "params": {
        "attn_dropout_prob": 0.12050473401569653,
        "learning_rate": 0.001668471560821671,
        "num_layers": 1
      },
      "mrr@20": 0.0119,
      "valid_result": {
        "hit@5": 0.0134,
        "hit@10": 0.0205,
        "hit@20": 0.033,
        "ndcg@5": 0.0109,
        "ndcg@10": 0.0132,
        "ndcg@20": 0.0163,
        "mrr@5": 0.0101,
        "mrr@10": 0.011,
        "mrr@20": 0.0119
      },
      "test_result": {
        "hit@5": 0.081,
        "hit@10": 0.0821,
        "hit@20": 0.0849,
        "ndcg@5": 0.0785,
        "ndcg@10": 0.0788,
        "ndcg@20": 0.0795,
        "mrr@5": 0.0776,
        "mrr@10": 0.0777,
        "mrr@20": 0.0779
      },
      "best_hr@10": 0.0205,
      "test_mrr@20": 0.0779,
      "test_hr@10": 0.0821,
      "epochs_run": 14,
      "early_stop_epoch": 14,
      "early_stopped": true,
      "elapsed": 67.0,
      "status": "ok"
    },
    {
      "trial": 3,
      "params": {
        "attn_dropout_prob": 0.26362629154818834,
        "learning_rate": 0.0005022181431536336,
        "num_layers": 2
      },
      "mrr@20": 0.0125,
      "valid_result": {
        "hit@5": 0.0164,
        "hit@10": 0.0221,
        "hit@20": 0.033,
        "ndcg@5": 0.0123,
        "ndcg@10": 0.0142,
        "ndcg@20": 0.0169,
        "mrr@5": 0.0109,
        "mrr@10": 0.0118,
        "mrr@20": 0.0125
      },
      "test_result": {
        "hit@5": 0.1209,
        "hit@10": 0.1348,
        "hit@20": 0.1468,
        "ndcg@5": 0.1036,
        "ndcg@10": 0.1082,
        "ndcg@20": 0.1112,
        "mrr@5": 0.0979,
        "mrr@10": 0.0998,
        "mrr@20": 0.1007
      },
      "best_hr@10": 0.0221,
      "test_mrr@20": 0.1007,
      "test_hr@10": 0.1348,
      "epochs_run": 16,
      "early_stop_epoch": 16,
      "early_stopped": true,
      "elapsed": 76.3,
      "status": "ok"
    }
  ],
  "run_group": "baseline",
  "run_axis": "final_all_datasets",
  "run_phase": "P14_FAD_D00_M01_SASREC_H1_S1",
  "parent_result": "",
  "interrupted": false,
  "interrupted_at": null,
  "tuned_search": {
    "attn_dropout_prob": [
      0.0,
      0.1,
      0.2,
      0.3
    ],
    "num_layers": [
      1,
      2,
      3
    ],
    "learning_rate": [
      0.0004,
      0.006
    ]
  },
  "fixed_search": {
    "weight_decay": 0.0001,
    "dropout_ratio": 0.1
  },
  "context_fixed": {
    "num_layers": 2,
    "search_space_type_overrides": {
      "learning_rate": "loguniform",
      "weight_decay": "choice",
      "dropout_ratio": "choice"
    }
  },
  "best_mrr@20": 0.0125,
  "best_hr@10": 0.0221,
  "test_mrr@20": 0.1007,
  "test_hr@10": 0.1348,
  "best_valid_result": {
    "hit@5": 0.0164,
    "hit@10": 0.0221,
    "hit@20": 0.033,
    "ndcg@5": 0.0123,
    "ndcg@10": 0.0142,
    "ndcg@20": 0.0169,
    "mrr@5": 0.0109,
    "mrr@10": 0.0118,
    "mrr@20": 0.0125
  },
  "test_result": {
    "hit@5": 0.1209,
    "hit@10": 0.1348,
    "hit@20": 0.1468,
    "ndcg@5": 0.1036,
    "ndcg@10": 0.1082,
    "ndcg@20": 0.1112,
    "mrr@5": 0.0979,
    "mrr@10": 0.0998,
    "mrr@20": 0.1007
  },
  "best_valid_special_metrics": {
    "split": "best_valid",
    "overall": {
      "count": 3664,
      "hit@20": 0.03302401746724891,
      "ndcg@20": 0.016924952108038824,
      "mrr@20": 0.01250690150208869
    },
    "slices": {
      "target_popularity_abs": {
        "rare_1_5": {
          "count": 2910,
          "hit@20": 0.02336769759450172,
          "ndcg@20": 0.00965427072699537,
          "mrr@20": 0.005992019427396178
        },
        "6_20": {
          "count": 733,
          "hit@20": 0.04911323328785812,
          "ndcg@20": 0.023081987323734964,
          "mrr@20": 0.015536849345061497
        },
        "21_100": {
          "count": 21,
          "hit@20": 0.8095238095238095,
          "ndcg@20": 0.8095238095238095,
          "mrr@20": 0.8095238095238095
        }
      },
      "target_popularity_abs_legacy": {
        "<=5": {
          "count": 2910,
          "hit@20": 0.02336769759450172,
          "ndcg@20": 0.00965427072699537,
          "mrr@20": 0.005992019427396178
        },
        "6-20": {
          "count": 733,
          "hit@20": 0.04911323328785812,
          "ndcg@20": 0.023081987323734964,
          "mrr@20": 0.015536849345061497
        },
        "21-100": {
          "count": 21,
          "hit@20": 0.8095238095238095,
          "ndcg@20": 0.8095238095238095,
          "mrr@20": 0.8095238095238095
        }
      },
      "session_len": {
        "<=7": {
          "count": 2085,
          "hit@20": 0.02541966426858513,
          "ndcg@20": 0.012246149542520372,
          "mrr@20": 0.00858804042355048
        },
        "8-12": {
          "count": 707,
          "hit@20": 0.039603960396039604,
          "ndcg@20": 0.016373293023804122,
          "mrr@20": 0.01002300839971282
        },
        "13+": {
          "count": 872,
          "hit@20": 0.045871559633027525,
          "ndcg@20": 0.028559500642052486,
          "mrr@20": 0.023891004451781238
        }
      },
      "session_len_legacy": {
        "1-2": {
          "count": 7,
          "hit@20": 0.14285714285714285,
          "ndcg@20": 0.14285714285714285,
          "mrr@20": 0.14285714285714285
        },
        "3-5": {
          "count": 1434,
          "hit@20": 0.027196652719665274,
          "ndcg@20": 0.013553644136903674,
          "mrr@20": 0.009728784305322785
        },
        "6-10": {
          "count": 1153,
          "hit@20": 0.028620988725065046,
          "ndcg@20": 0.01148184412785023,
          "mrr@20": 0.006804190466224062
        },
        "11+": {
          "count": 1070,
          "hit@20": 0.044859813084112146,
          "ndcg@20": 0.02648460986179726,
          "mrr@20": 0.021522410095573586
        }
      }
    },
    "counts": {
      "target_popularity_abs": {
        "rare_1_5": 2910,
        "6_20": 733,
        "21_100": 21
      },
      "target_popularity_abs_legacy": {
        "<=5": 2910,
        "6-20": 733,
        "21-100": 21
      },
      "session_len": {
        "<=7": 2085,
        "8-12": 707,
        "13+": 872
      },
      "session_len_legacy": {
        "1-2": 7,
        "3-5": 1434,
        "6-10": 1153,
        "11+": 1070
      }
    },
    "config_snapshot": {
      "target_popularity_abs_bins": [
        "cold_0",
        "rare_1_5",
        "6_20",
        "21_100",
        "101+"
      ],
      "target_popularity_abs_bins_legacy": [
        "<=5",
        "6-20",
        "21-100",
        ">100"
      ],
      "session_len_bins": [
        "<=7",
        "8-12",
        "13+"
      ],
      "session_len_bins_legacy": [
        "1-2",
        "3-5",
        "6-10",
        "11+"
      ],
      "item_count_source": "cached_loader",