{
  "split": "best_valid",
  "feature_mode": "none",
  "stages": [
    {
      "stage": "macro@1",
      "n_eff": 9.919653877891296,
      "cv_usage": 0.45795163637543806,
      "top1_max_frac": 0.7353842344712327,
      "entropy_mean": 2.314694009006221,
      "route_jitter_adjacent": 0.0,
      "route_consistency_knn_js": 0.007626696229143739,
      "route_consistency_knn_score": 0.9924023132229347,
      "route_consistency_group_knn_js": 0.002260148248612604,
      "route_consistency_group_knn_score": 0.9977424039632857,
      "route_consistency_intra_group_knn_mean_js": 0.004660562075391806,
      "route_consistency_intra_group_knn_mean_score": 0.9953589415133256,
      "route_consistency_feature_group_knn_mean_score": 0.979700818799364,
      "family_top_expert_mean_share": 0.18371126055717468,
      "route_consistency_feature_group_knn_tempo_js": 0.017671077393977785,
      "route_consistency_feature_group_knn_tempo_score": 0.9824841404604638,
      "route_consistency_feature_group_knn_focus_js": 0.02426455927585078,
      "route_consistency_feature_group_knn_focus_score": 0.9760274584804041,
      "route_consistency_feature_group_knn_memory_js": 0.023193975891729796,
      "route_consistency_feature_group_knn_memory_score": 0.9770729367958993,
      "route_consistency_feature_group_knn_exposure_js": 0.016923661248917598,
      "route_consistency_feature_group_knn_exposure_score": 0.9832187394606886
    }
  ]
}
