stage_name,stage_key,split,aggregation_level,node_kind,node_name,route_space,support_size,wrapper_name,source_type,temperature,top_k,entropy_norm,n_eff_norm,top1_monopoly_norm,jitter_adj_norm,knn_consistency_score,knn_consistency_js,n_eff,cv_usage,top1_max_frac,entropy_mean
mid,mid@1,best_valid,session,final,final.expert,expert,16,FlatJointWrapper,,,,0.9030069993093572,0.9794136063474665,0.06491273920492494,0.6581827437006872,0.9468705499391763,0.054592890029650176,15.670617701559465,0.1449793255353778,0.12335569300461713,2.5036670223887096
mid,mid@1,best_valid,session,final,final.group,group,4,FlatJointWrapper,,,,0.9489557688565741,0.9977031180125405,0.08935156953277001,0.0,0.9865857499517992,0.013505033879147086,3.990812472050162,0.04797941446304321,0.3170136771495775,1.315532031318059
mid,mid@1,best_valid,session,final,final.intra.Exposure,intra,4,FlatJointWrapper,,,,0.8779806595186131,0.9898631343181609,0.09794697563666983,0.0,0.9588398901399914,0.04203117305288918,3.9594525372726435,0.10119613260030746,0.3234602317275024,1.217139637462976
mid,mid@1,best_valid,session,final,final.intra.Focus,intra,4,FlatJointWrapper,,,,0.8679250550924436,0.9928206798506095,0.06402996776722714,0.0,0.9581935031365878,0.04270553483517912,3.971282719402438,0.08503662794828415,0.29802247582542035,1.203199609749325
mid,mid@1,best_valid,session,final,final.intra.Memory,intra,4,FlatJointWrapper,,,,0.8631906829991194,0.9796809190488114,0.13407091210035715,0.0,0.9586632830023012,0.04221537836807533,3.9187236761952455,0.14401547610759735,0.35055318407526787,1.1966363764129062
mid,mid@1,best_valid,session,final,final.intra.Tempo,intra,4,FlatJointWrapper,,,,0.9012177598297505,0.9844901231861368,0.1419693933850219,0.0,0.969406168811473,0.031071592055444262,3.9379604927445473,0.12551608681678772,0.3564770450387664,1.249353098593083
