stage_name,stage_key,split,aggregation_level,node_kind,node_name,route_space,support_size,wrapper_name,source_type,temperature,top_k,entropy_norm,n_eff_norm,top1_monopoly_norm,jitter_adj_norm,knn_consistency_score,knn_consistency_js,n_eff,cv_usage,top1_max_frac,entropy_mean
macro,macro@1,best_valid,session,final,final.expert,expert,12,ScalarGroupConditionalProductWrapper,,,,0.4246084827292245,0.19999348184848578,1.0,0.0,0.9542698218731605,0.04680881537116387,2.3999217821818295,2.0000405907618823,1.0,1.0551124422902434
macro,macro@1,best_valid,session,final,final.group,group,4,ScalarGroupConditionalProductWrapper,,,,0.7611017213636057,0.581319312088812,1.0,0.0,0.9983387867988545,0.001662594545812641,2.325277248355248,0.8486605467008893,1.0,1.0551110245650086
macro,macro@1,best_valid,session,final,final.intra.Exposure,intra,3,ScalarGroupConditionalProductWrapper,,,,3.353445411926449e-07,0.6316288646721803,0.42664389410760034,0.0,0.8679215848406685,0.1416539084480073,1.894886594016541,0.7636806737279691,0.6177625960717336,3.684136338920088e-07
macro,macro@1,best_valid,session,final,final.intra.Focus,intra,3,ScalarGroupConditionalProductWrapper,,,,3.353445411926449e-07,0.33384612488577603,0.9988471391972671,0.0,0.9996172248906513,0.0003828483864405773,1.001538374657328,1.4125833686416338,0.9992314261315115,3.684136338920088e-07
macro,macro@1,best_valid,session,final,final.intra.Memory,intra,3,ScalarGroupConditionalProductWrapper,,,,3.353445411926449e-07,0.9047030037996282,0.225533731853117,0.0,0.75530935934903,0.2806278661745288,2.7141090113988846,0.32455365137595976,0.4836891545687447,3.684136338920088e-07
macro,macro@1,best_valid,session,final,final.intra.Tempo,intra,3,ScalarGroupConditionalProductWrapper,,,,3.353445411926449e-07,0.3333333333333333,1.0,0.0,1.0,0.0,1.0,1.4142135258253359,1.0,3.684136338920088e-07
