stage_name,stage_key,split,aggregation_level,node_kind,node_name,route_space,support_size,wrapper_name,source_type,temperature,top_k,entropy_norm,n_eff_norm,top1_monopoly_norm,jitter_adj_norm,knn_consistency_score,knn_consistency_js,n_eff,cv_usage,top1_max_frac,entropy_mean
macro,macro@1,best_valid,session,final,final.expert,expert,12,ScalarGroupConditionalProductWrapper,,,,0.7209562787460473,0.8045849578167825,0.33581632171986237,0.0,0.9781218753537771,0.0221209997852113,9.65501949380139,0.4928251364439563,0.39116496157654046,1.791509051262464
macro,macro@1,best_valid,session,final,final.group,group,4,ScalarGroupConditionalProductWrapper,,,,0.9542782720038415,0.9752648533418653,0.19199157669762545,0.0,0.9993429721555327,0.00065724378185123,3.901059413367461,0.15925593674182892,0.3939936825232191,1.3229105874181586
macro,macro@1,best_valid,session,final,final.intra.Exposure,intra,3,ScalarGroupConditionalProductWrapper,,,,0.570757730287838,0.6318588730851509,0.40002828720946676,0.0,0.998933282643444,0.0010672867044401893,1.8955766192554526,0.7633034445824292,0.6000188581396445,0.6270414563465375
macro,macro@1,best_valid,session,final,final.intra.Focus,intra,3,ScalarGroupConditionalProductWrapper,,,,0.3588970628972619,0.6423937095620625,0.5171373344019612,0.0,0.946569184984397,0.05491121540517232,1.9271811286861875,0.7461084948149772,0.6780915562679741,0.39428872366582346
macro,macro@1,best_valid,session,final,final.intra.Memory,intra,3,ScalarGroupConditionalProductWrapper,,,,0.35434473687853674,0.7868078728735193,0.4132525576351893,0.0,0.999719002990346,0.0002810364967110077,2.360423618620558,0.5205365115244236,0.6088350384234595,0.3892874823596284
macro,macro@1,best_valid,session,final,final.intra.Tempo,intra,3,ScalarGroupConditionalProductWrapper,,,,0.33994938076261694,0.924708570632368,0.21085757390033472,0.0,0.984832916599919,0.01528328001581465,2.774125711897104,0.28534503175780085,0.4739050492668898,0.3734725672309253
