stage_name,stage_key,split,aggregation_level,node_kind,node_name,route_space,support_size,wrapper_name,source_type,temperature,top_k,entropy_norm,n_eff_norm,top1_monopoly_norm,jitter_adj_norm,knn_consistency_score,knn_consistency_js,n_eff,cv_usage,top1_max_frac,entropy_mean
macro,macro@1,best_valid,session,final,final.expert,expert,12,GroupConditionalProductWrapper,,,,0.9936649602050053,0.9712263498183525,0.980064605445316,0.0,0.9998876441228958,0.00011236218949862285,11.65471619782023,0.17212233179443087,0.9817258883248731,2.4691646672747463
macro,macro@1,best_valid,session,final,final.group,group,4,GroupConditionalProductWrapper,,,,0.9934233505600997,0.9826807457383061,1.0,0.0,0.9999290737957951,7.092871958703066e-05,3.9307229829532244,0.13275756733164593,1.0,1.3771771890862945
macro,macro@1,best_valid,session,final,final.intra.Exposure,intra,3,GroupConditionalProductWrapper,,,,0.9888435151319969,0.9762355429302737,1.0,0.0,0.9998951486468564,0.00010485685043102873,2.928706628790821,0.15602182504469678,1.0,1.0863556372937817
macro,macro@1,best_valid,session,final,final.intra.Focus,intra,3,GroupConditionalProductWrapper,,,,0.9924943447553697,0.9848754269259961,1.0,0.0,0.9999702665595064,2.973388254115012e-05,2.954626280777988,0.12392223257058166,1.0,1.0903664835818527
macro,macro@1,best_valid,session,final,final.intra.Memory,intra,3,GroupConditionalProductWrapper,,,,0.9937099342999708,0.9870941034462715,0.9741116751269034,0.0,0.9999777199709973,2.2280277206306964e-05,2.9612823103388144,0.1143445114986744,0.9827411167512691,1.091701945193528
macro,macro@1,best_valid,session,final,final.intra.Tempo,intra,3,GroupConditionalProductWrapper,,,,0.9992085141776648,0.998348405361723,1.0,0.0,0.9999848990326917,1.510108132904346e-05,2.995045216085169,0.04067433224843942,1.0,1.0977427526173857
