best_mrr20,epoch,epoch_time_sec,eval,lr,patience_used,train_loss,trial,valid_mrr20
0.0219,1,8.403270721435547,1,0.0007928503343527618,0,412.1840696334839,1,0.0219
0.1253,3,7.649929761886597,1,0.00079141409444116,0,320.4120845794678,1,0.1253
0.1989,10,7.0946433544158936,1,0.0007752122043259459,0,162.4562714099884,1,0.1989
0.2034,11,7.166954278945923,1,0.000771508497577832,0,150.71155548095703,1,0.2034
0.2034,21,7.027837514877319,1,0.0007166801585757427,10,77.51040518283844,1,0.187
