best_mrr20,epoch,epoch_time_sec,eval,lr,patience_used,train_loss,trial,valid_mrr20
0.0126,1,23.481571435928345,1,0.00034992070542535163,0,685.9414944648743,1,0.0126
0.0161,3,22.580901384353638,1,0.00034928682780526084,0,593.4188537597656,1,0.0161
0.0182,7,23.25551962852478,1,0.0003461301914344516,0,522.1658244132996,1,0.0182
0.0182,10,23.201586961746216,1,0.00034213620104419886,3,484.00089836120605,1,0.0167
0.0182,17,23.73101782798767,1,0.0003276323875845089,10,385.9887866973877,1,0.0147
