{
  "split": "best_valid",
  "feature_mode": "none",
  "stages": [
    {
      "stage": "macro@1",
      "n_eff": 3.5562263152695954,
      "cv_usage": 0.35325321555137634,
      "top1_max_frac": 0.992432735426009,
      "entropy_mean": 1.3199150872337444,
      "route_jitter_adjacent": 0.0,
      "route_consistency_knn_js": 0.0002744900838039708,
      "route_consistency_knn_score": 0.9997255475851524,
      "route_consistency_group_knn_js": 0.0002744900838039708,
      "route_consistency_group_knn_score": 0.9997255475851524,
      "route_consistency_intra_group_knn_mean_js": 0.0,
      "route_consistency_intra_group_knn_mean_score": 1.0,
      "route_consistency_feature_group_knn_mean_score": 0.9992629150896413,
      "family_top_expert_mean_share": 0.3900771141052246,
      "route_consistency_feature_group_knn_tempo_js": 0.00023679081142614144,
      "route_consistency_feature_group_knn_tempo_score": 0.9997632372213053,
      "route_consistency_feature_group_knn_focus_js": 0.0008485777336254454,
      "route_consistency_feature_group_knn_focus_score": 0.9991517822066399,
      "route_consistency_feature_group_knn_memory_js": 0.0012796816833471757,
      "route_consistency_feature_group_knn_memory_score": 0.9987211367601052,
      "route_consistency_feature_group_knn_exposure_js": 0.000584666713763272,
      "route_consistency_feature_group_knn_exposure_score": 0.9994155041705147
    }
  ]
}
