stage_name,stage_key,split,aggregation_level,node_kind,node_name,route_space,support_size,wrapper_name,source_type,temperature,top_k,entropy_norm,n_eff_norm,top1_monopoly_norm,jitter_adj_norm,knn_consistency_score,knn_consistency_js,n_eff,cv_usage,top1_max_frac,entropy_mean
macro,macro@1,best_valid,session,final,final.expert,expert,12,ScalarGroupConditionalProductWrapper,,,,0.9554806702616071,0.9761033179580276,0.7336082059533386,0.0,0.9970111744975881,0.0029933009611552604,11.713239815496332,0.15646609661387245,0.7558075221238938,2.3742802712769633
macro,macro@1,best_valid,session,final,final.group,group,4,ScalarGroupConditionalProductWrapper,,,,0.9418123058371296,0.9873012461715132,0.674410029498525,0.0,0.998175794808814,0.0018258710797323565,3.9492049846860526,0.11341117322444916,0.7558075221238938,1.3056290888153346
macro,macro@1,best_valid,session,final,final.intra.Exposure,intra,3,ScalarGroupConditionalProductWrapper,,,,0.9933078261412175,0.9872211321562975,0.8556415929203538,0.0,0.9999735598075529,2.6440541995199102e-05,2.9616633964688925,0.11377273160896505,0.9037610619469026,1.0912601842289478
macro,macro@1,best_valid,session,final,final.intra.Focus,intra,3,ScalarGroupConditionalProductWrapper,,,,0.9931085230079566,0.9868718383096868,0.9933628318584069,0.0,0.9999349195614056,6.50825564180645e-05,2.9606155149290605,0.11533734231181912,0.995575221238938,1.0910412273575774
macro,macro@1,best_valid,session,final,final.intra.Memory,intra,3,ScalarGroupConditionalProductWrapper,,,,0.9960794487150458,0.9925395142718387,0.7423949115044248,0.0,0.9999819520938845,1.804806898085124e-05,2.977618542815516,0.08669779377586265,0.8282632743362832,1.0943051228481055
macro,macro@1,best_valid,session,final,final.intra.Tempo,intra,3,ScalarGroupConditionalProductWrapper,,,,0.9278237488346367,0.9327224821918012,0.7428097345132743,0.0,0.9972546126796703,0.0027491628077992224,2.7981674465754036,0.2685709441134052,0.8285398230088495,1.0193185721878457
