{
  "split": "best_valid",
  "feature_mode": "none",
  "stages": [
    {
      "stage": "macro@1",
      "n_eff": 7.8597177668232545,
      "cv_usage": 0.7257906525384602,
      "top1_max_frac": 0.8152497934848975,
      "entropy_mean": 2.0950948033392596,
      "route_jitter_adjacent": 0.0,
      "route_consistency_knn_js": 0.02854065787420848,
      "route_consistency_knn_score": 0.9718627794682151,
      "route_consistency_group_knn_js": 0.004213299332907896,
      "route_consistency_group_knn_score": 0.9957955641601739,
      "route_consistency_intra_group_knn_mean_js": 0.031049065536756314,
      "route_consistency_intra_group_knn_mean_score": 0.9695632593230129,
      "route_consistency_feature_group_knn_mean_score": 0.9417908377640634,
      "family_top_expert_mean_share": 0.2698984742164612,
      "route_consistency_feature_group_knn_tempo_js": 0.05547643041706112,
      "route_consistency_feature_group_knn_tempo_score": 0.9460343210420565,
      "route_consistency_feature_group_knn_focus_js": 0.054190933040020366,
      "route_consistency_feature_group_knn_focus_score": 0.9472512276779124,
      "route_consistency_feature_group_knn_memory_js": 0.06335425669890057,
      "route_consistency_feature_group_knn_memory_score": 0.9386109055844074,
      "route_consistency_feature_group_knn_exposure_js": 0.0669233393553292,
      "route_consistency_feature_group_knn_exposure_score": 0.9352668967518774
    }
  ]
}
