best_mrr20,epoch,epoch_time_sec,eval,lr,patience_used,train_loss,trial,valid_mrr20
0.0129,1,19.89285659790039,1,0.0005476,0,687.8596405982971,1,0.0129
0.0165,3,18.55989933013916,1,0.0005476,0,586.0147066116333,1,0.0165
0.0174,10,17.930201053619385,1,0.0005476,3,491.91992712020874,1,0.0167
0.0186,11,18.10751962661743,1,0.0005476,0,483.4374752044678,1,0.0186
0.0186,21,18.460509538650513,1,0.0005476,10,410.09953927993774,1,0.0173
