stage_name,stage_key,split,aggregation_level,node_kind,node_name,route_space,support_size,wrapper_name,source_type,temperature,top_k,entropy_norm,n_eff_norm,top1_monopoly_norm,jitter_adj_norm,knn_consistency_score,knn_consistency_js,n_eff,cv_usage,top1_max_frac,entropy_mean
micro,micro@1,best_valid,token,final,final.expert,expert,12,FlatJointWrapper,,,,0.6670894455330856,0.6344410894412392,0.3094548163714344,0.5964527130266841,0.9958081631633612,0.004200647214401951,7.61329307329487,0.7590722596092379,0.3670002483404815,1.6576549992085545
micro,micro@1,best_valid,token,final,final.group,group,4,FlatJointWrapper,,,,0.8788793728280843,0.9687500288710007,0.20889014177780463,0.0,0.9981757016287521,0.0018259644300888235,3.875000115484003,0.17960526049137115,0.40666760633335347,1.2183855186561592
micro,micro@1,best_valid,token,final,final.intra.Exposure,intra,3,FlatJointWrapper,,,,0.562903154836971,0.8841858697407079,0.23890018726214685,0.0,0.9982579468937821,0.0017435722452673402,2.6525576092221237,0.361916978302092,0.49260012484143123,0.618412323233944
micro,micro@1,best_valid,token,final,final.intra.Focus,intra,3,FlatJointWrapper,,,,0.5496634483629452,0.7329541959547495,0.6171596560819926,0.0,0.9988180571152717,0.0011826419300950282,2.1988625878642485,0.6036072491524443,0.7447731040546618,0.6038670190032206
micro,micro@1,best_valid,token,final,final.intra.Memory,intra,3,FlatJointWrapper,,,,0.20280793308281736,0.5127080716269962,0.7264395358046567,0.0,0.998608164528036,0.0013928049746510802,1.5381242148809884,0.9748987264961384,0.8176263572031045,0.22280728752416284
micro,micro@1,best_valid,token,final,final.intra.Tempo,intra,3,FlatJointWrapper,,,,0.22872918452967397,0.5185639132689916,0.7246071857653921,0.0,0.9988085170265779,0.0011921933535866632,1.555691739806975,0.9635365318198046,0.8164047905102614,0.25128469290133554
