stage_name,stage_key,split,aggregation_level,node_kind,node_name,route_space,support_size,wrapper_name,source_type,temperature,top_k,entropy_norm,n_eff_norm,top1_monopoly_norm,jitter_adj_norm,knn_consistency_score,knn_consistency_js,n_eff,cv_usage,top1_max_frac,entropy_mean
macro,macro@1,best_valid,session,final,final.expert,expert,12,ScalarGroupConditionalProductWrapper,,,,0.9223906560828135,0.8635659094284053,0.5659050008180182,0.0,0.986733683359437,0.013355100315003506,10.362790913140863,0.39747824996969106,0.6020795840831834,2.2920546750024995
macro,macro@1,best_valid,session,final,final.group,group,4,ScalarGroupConditionalProductWrapper,,,,0.9775432942080614,0.9882461657284624,0.22902086249416787,0.0,0.9980539844043825,0.0019479115440628127,3.9529846629138494,0.1090583642755964,0.4217656468706259,1.3551627565111977
macro,macro@1,best_valid,session,final,final.intra.Exposure,intra,3,ScalarGroupConditionalProductWrapper,,,,0.7734119021420156,0.7302752271215077,0.9129424115176964,0.0,0.994148883630702,0.005868301217165563,2.1908256813645233,0.6077390579062981,0.9419616076784643,0.8496798198953959
macro,macro@1,best_valid,session,final,final.intra.Focus,intra,3,ScalarGroupConditionalProductWrapper,,,,0.9270428909812791,0.9862763444661437,0.3399820035992801,0.0,0.9950769982385534,0.004935159653246352,2.958829033398431,0.117959894449714,0.5599880023995201,1.018460712154444
macro,macro@1,best_valid,session,final,final.intra.Memory,intra,3,ScalarGroupConditionalProductWrapper,,,,0.7827193034592869,0.7802153477316253,0.712732453509298,0.0,0.9784478851086182,0.021787753545341917,2.3406460431948757,0.5307517489566878,0.8084883023395321,0.8599050453581158
macro,macro@1,best_valid,session,final,final.intra.Tempo,intra,3,ScalarGroupConditionalProductWrapper,,,,0.8971597981236241,0.9514823143084407,0.3269346130773845,0.0,0.9920394562657477,0.007992398026807882,2.854446942925322,0.22581329268773517,0.5512897420515896,0.985630779117614
