{
  "split": "best_valid",
  "feature_mode": "runtime:unknown|ablation:none",
  "stages": [
    {
      "stage": "mid@1",
      "n_eff": 8.100868199383473,
      "cv_usage": 0.9874702081048736,
      "top1_max_frac": 0.2998456851185059,
      "entropy_mean": 1.9524738295315158,
      "route_jitter_adjacent": 0.7794158170294847,
      "route_consistency_knn_js": 0.04337114550516107,
      "route_consistency_knn_score": 0.9575559315277646,
      "route_consistency_group_knn_js": 0.015512737351575897,
      "route_consistency_group_knn_score": 0.984606965386779,
      "route_consistency_intra_group_knn_mean_js": 0.032014600410908416,
      "route_consistency_intra_group_knn_mean_score": 0.9685294604111763,
      "route_consistency_feature_group_knn_mean_score": 0.9497449667048234,
      "family_top_expert_mean_share": 0.21155792474746704,
      "route_consistency_feature_group_knn_tempo_js": 0.05705693395657688,
      "route_consistency_feature_group_knn_tempo_score": 0.9445402914197054,
      "route_consistency_feature_group_knn_focus_js": 0.05333210175703103,
      "route_consistency_feature_group_knn_focus_score": 0.9480651061071942,
      "route_consistency_feature_group_knn_memory_js": 0.04776689126580809,
      "route_consistency_feature_group_knn_memory_score": 0.9533559967866317,
      "route_consistency_feature_group_knn_exposure_js": 0.04812099198403785,
      "route_consistency_feature_group_knn_exposure_score": 0.9530184725057628
    }
  ]
}
