{
  "model": "GRU4Rec",
  "dataset": "amazon_beauty",
  "dataset_raw": "amazon_beauty",
  "max_evals": 8,
  "tune_epochs": 50,
  "n_completed": 8,
  "n_recorded_trials": 8,
  "timestamp": "2026-04-12T21:59:05.101810",
  "trials": [
    {
      "trial": 1,
      "params": {
        "learning_rate": 0.005733129232504708
      },
      "mrr@20": 0.0036,
      "valid_result": {
        "hit@5": 0.0088,
        "hit@10": 0.0088,
        "hit@20": 0.0177,
        "ndcg@5": 0.0044,
        "ndcg@10": 0.0044,
        "ndcg@20": 0.0067,
        "mrr@5": 0.0029,
        "mrr@10": 0.0029,
        "mrr@20": 0.0036
      },
      "test_result": {
        "hit@5": 0.0175,
        "hit@10": 0.0175,
        "hit@20": 0.0175,
        "ndcg@5": 0.0072,
        "ndcg@10": 0.0072,
        "ndcg@20": 0.0072,
        "mrr@5": 0.0039,
        "mrr@10": 0.0039,
        "mrr@20": 0.0039
      },
      "best_hr@10": 0.0088,
      "test_mrr@20": 0.0039,
      "test_hr@10": 0.0175,
      "epochs_run": 7,
      "early_stop_epoch": 7,
      "early_stopped": true,
      "elapsed": 1.3,
      "status": "ok"
    },
    {
      "trial": 2,
      "params": {
        "learning_rate": 0.005185609794907499
      },
      "mrr@20": 0.0035,
      "valid_result": {
        "hit@5": 0.0088,
        "hit@10": 0.0088,
        "hit@20": 0.0177,
        "ndcg@5": 0.0044,
        "ndcg@10": 0.0044,
        "ndcg@20": 0.0066,
        "mrr@5": 0.0029,
        "mrr@10": 0.0029,
        "mrr@20": 0.0035
      },
      "test_result": {
        "hit@5": 0.0175,
        "hit@10": 0.0175,
        "hit@20": 0.0175,
        "ndcg@5": 0.0072,
        "ndcg@10": 0.0072,
        "ndcg@20": 0.0072,
        "mrr@5": 0.0039,
        "mrr@10": 0.0039,
        "mrr@20": 0.0039
      },
      "best_hr@10": 0.0088,
      "test_mrr@20": 0.0039,
      "test_hr@10": 0.0175,
      "epochs_run": 7,
      "early_stop_epoch": 7,
      "early_stopped": true,
      "elapsed": 0.7,
      "status": "ok"
    },
    {
      "trial": 3,
      "params": {
        "learning_rate": 0.005155832276647598
      },
      "mrr@20": 0.0035,
      "valid_result": {
        "hit@5": 0.0088,
        "hit@10": 0.0088,
        "hit@20": 0.0177,
        "ndcg@5": 0.0044,
        "ndcg@10": 0.0044,
        "ndcg@20": 0.0066,
        "mrr@5": 0.0029,
        "mrr@10": 0.0029,
        "mrr@20": 0.0035
      },
      "test_result": {
        "hit@5": 0.0175,
        "hit@10": 0.0175,
        "hit@20": 0.0175,
        "ndcg@5": 0.0072,
        "ndcg@10": 0.0072,
        "ndcg@20": 0.0072,
        "mrr@5": 0.0039,
        "mrr@10": 0.0039,
        "mrr@20": 0.0039
      },
      "best_hr@10": 0.0088,
      "test_mrr@20": 0.0039,
      "test_hr@10": 0.0175,
      "epochs_run": 7,
      "early_stop_epoch": 7,
      "early_stopped": true,
      "elapsed": 0.8,
      "status": "ok"
    },
    {
      "trial": 4,
      "params": {
        "learning_rate": 0.004105317780548712
      },
      "mrr@20": 0.0059,
      "valid_result": {
        "hit@5": 0.0088,
        "hit@10": 0.0177,
        "hit@20": 0.0265,
        "ndcg@5": 0.0056,
        "ndcg@10": 0.0082,
        "ndcg@20": 0.0104,
        "mrr@5": 0.0044,
        "mrr@10": 0.0054,
        "mrr@20": 0.0059
      },
      "test_result": {
        "hit@5": 0.0088,
        "hit@10": 0.0175,
        "hit@20": 0.0263,
        "ndcg@5": 0.0038,
        "ndcg@10": 0.0064,
        "ndcg@20": 0.0085,
        "mrr@5": 0.0022,
        "mrr@10": 0.0032,
        "mrr@20": 0.0037
      },
      "best_hr@10": 0.0177,
      "test_mrr@20": 0.0037,
      "test_hr@10": 0.0175,
      "epochs_run": 8,
      "early_stop_epoch": 8,
      "early_stopped": true,
      "elapsed": 0.9,
      "status": "ok"
    },
    {
      "trial": 5,
      "params": {
        "learning_rate": 0.0059855792993421895
      },
      "mrr@20": 0.0036,
      "valid_result": {
        "hit@5": 0.0088,
        "hit@10": 0.0088,
        "hit@20": 0.0177,
        "ndcg@5": 0.0044,
        "ndcg@10": 0.0044,
        "ndcg@20": 0.0067,
        "mrr@5": 0.0029,
        "mrr@10": 0.0029,
        "mrr@20": 0.0036
      },
      "test_result": {
        "hit@5": 0.0175,
        "hit@10": 0.0175,
        "hit@20": 0.0175,
        "ndcg@5": 0.0072,
        "ndcg@10": 0.0072,
        "ndcg@20": 0.0072,
        "mrr@5": 0.0039,
        "mrr@10": 0.0039,
        "mrr@20": 0.0039
      },
      "best_hr@10": 0.0088,
      "test_mrr@20": 0.0039,
      "test_hr@10": 0.0175,
      "epochs_run": 7,
      "early_stop_epoch": 7,
      "early_stopped": true,
      "elapsed": 0.7,
      "status": "ok"
    },
    {
      "trial": 6,
      "params": {
        "learning_rate": 0.005021498671296975
      },
      "mrr@20": 0.0035,
      "valid_result": {
        "hit@5": 0.0088,
        "hit@10": 0.0088,
        "hit@20": 0.0177,
        "ndcg@5": 0.0044,
        "ndcg@10": 0.0044,
        "ndcg@20": 0.0066,
        "mrr@5": 0.0029,
        "mrr@10": 0.0029,
        "mrr@20": 0.0035
      },
      "test_result": {
        "hit@5": 0.0175,
        "hit@10": 0.0175,
        "hit@20": 0.0175,
        "ndcg@5": 0.0072,
        "ndcg@10": 0.0072,
        "ndcg@20": 0.0072,
        "mrr@5": 0.0039,
        "mrr@10": 0.0039,
        "mrr@20": 0.0039
      },
      "best_hr@10": 0.0088,
      "test_mrr@20": 0.0039,
      "test_hr@10": 0.0175,
      "epochs_run": 7,
      "early_stop_epoch": 7,
      "early_stopped": true,
      "elapsed": 0.7,
      "status": "ok"
    },
    {
      "trial": 7,
      "params": {
        "learning_rate": 0.0054683999664829385
      },
      "mrr@20": 0.0035,
      "valid_result": {
        "hit@5": 0.0088,
        "hit@10": 0.0088,
        "hit@20": 0.0177,
        "ndcg@5": 0.0044,
        "ndcg@10": 0.0044,
        "ndcg@20": 0.0066,
        "mrr@5": 0.0029,
        "mrr@10": 0.0029,
        "mrr@20": 0.0035
      },
      "test_result": {
        "hit@5": 0.0175,
        "hit@10": 0.0175,
        "hit@20": 0.0175,
        "ndcg@5": 0.0072,
        "ndcg@10": 0.0072,
        "ndcg@20": 0.0072,
        "mrr@5": 0.0039,
        "mrr@10": 0.0039,
        "mrr@20": 0.0039
      },
      "best_hr@10": 0.0088,
      "test_mrr@20": 0.0039,
      "test_hr@10": 0.0175,
      "epochs_run": 7,
      "early_stop_epoch": 7,
      "early_stopped": true,
      "elapsed": 0.7,
      "status": "ok"
    },
    {
      "trial": 8,
      "params": {
        "learning_rate": 0.0038806112318141785
      },
      "mrr@20": 0.0088,
      "valid_result": {
        "hit@5": 0.0088,
        "hit@10": 0.0088,
        "hit@20": 0.0088,
        "ndcg@5": 0.0088,
        "ndcg@10": 0.0088,
        "ndcg@20": 0.0088,
        "mrr@5": 0.0088,
        "mrr@10": 0.0088,
        "mrr@20": 0.0088
      },
      "test_result": {
        "hit@5": 0.0,
        "hit@10": 0.0,
        "hit@20": 0.0,
        "ndcg@5": 0.0,
        "ndcg@10": 0.0,
        "ndcg@20": 0.0,
        "mrr@5": 0.0,
        "mrr@10": 0.0,
        "mrr@20": 0.0
      },
      "best_hr@10": 0.0088,
      "test_mrr@20": 0.0,
      "test_hr@10": 0.0,
      "epochs_run": 10,
      "early_stop_epoch": 10,
      "early_stopped": true,
      "elapsed": 1.0,
      "status": "ok"
    }
  ],
  "run_group": "baseline",
  "run_axis": "stagei_progressiverecovery_anchor2_core5",
  "run_phase": "P24_I2_D02_MGRU4REC_C02_I2_GRU4REC_WIDTH_UP_S1",
  "parent_result": "",
  "interrupted": false,
  "interrupted_at": null,
  "tuned_search": {
    "learning_rate": [
      0.0038719659397983704,
      0.006496994403039419
    ]
  },
  "fixed_search": {
    "num_layers": 3,
    "weight_decay": 3.6e-05,
    "hidden_dropout_prob": 0.030000000000000002,
    "MAX_ITEM_LIST_LENGTH": 10,
    "n_layers": 3,
    "n_heads": 4,
    "num_heads": 4,
    "dropout_ratio": 0.030000000000000002,
    "dropout_prob": 0.030000000000000002,
    "attn_dropout_prob": 0.030000000000000002,
    "hidden_size": 320,
    "embedding_size": 320,
    "inner_size": 640,
    "time_span": 384,
    "num_experts": 6,
    "state_size": 24,
    "conv_kernel": 6,