stage_name,stage_key,split,aggregation_level,node_kind,node_name,route_space,support_size,wrapper_name,source_type,temperature,top_k,entropy_norm,n_eff_norm,top1_monopoly_norm,jitter_adj_norm,knn_consistency_score,knn_consistency_js,n_eff,cv_usage,top1_max_frac,entropy_mean
macro,macro@1,best_valid,session,final,final.expert,expert,16,ScalarGroupConditionalProductWrapper,,,,0.9359979626055438,0.7363410644711693,0.8766653255341318,0.0,0.9960255428668273,0.0039823762777559165,11.781457031538709,0.5983864665031433,0.8843737426882485,2.595137395159543
macro,macro@1,best_valid,session,final,final.group,group,4,ScalarGroupConditionalProductWrapper,,,,0.9322228341647989,0.8412367891873809,0.9653368821763486,0.0,0.9989151300294173,0.0010854588679658106,3.3649471567495235,0.43442589044570923,0.9740026616322615,1.2923352583098635
macro,macro@1,best_valid,session,final,final.intra.Exposure,intra,4,ScalarGroupConditionalProductWrapper,,,,0.9217949891394557,0.8676121657548677,0.8721178546006004,0.0,0.9953651788956187,0.004645595191249488,3.4704486630194706,0.3906260132789612,0.9040883909504503,1.277879195552598
macro,macro@1,best_valid,session,final,final.intra.Focus,intra,4,ScalarGroupConditionalProductWrapper,,,,0.9954184092643606,0.9913014520899193,0.7968493701835287,0.0,0.9998547570072587,0.00014525354152620083,3.965205808359677,0.09367438405752182,0.8476370276376466,1.3799429277181146
macro,macro@1,best_valid,session,final,final.intra.Memory,intra,4,ScalarGroupConditionalProductWrapper,,,,0.9780693355504424,0.9892162256023104,0.5512364210330847,0.0,0.9972247351119797,0.002779123075601347,3.9568649024092415,0.10440950840711594,0.6634273157748135,1.3558920046578564
macro,macro@1,best_valid,session,final,final.intra.Tempo,intra,4,ScalarGroupConditionalProductWrapper,,,,0.8996140928750531,0.815091271362773,0.49136001155437264,0.0,0.9980139413922301,0.0019880334373513697,3.260365085451092,0.4762943983078003,0.6185200086657795,1.2471299441366717
