stage_name,stage_key,split,aggregation_level,node_kind,node_name,route_space,support_size,wrapper_name,source_type,temperature,top_k,entropy_norm,n_eff_norm,top1_monopoly_norm,jitter_adj_norm,knn_consistency_score,knn_consistency_js,n_eff,cv_usage,top1_max_frac,entropy_mean
macro,macro@1,best_valid,session,final,final.expert,expert,12,FlatJointWrapper,,,,0.9887169525827145,0.9976765976936526,0.08818781595407421,0.5935231328999327,0.9903150952573486,0.009732108455485463,11.972119172323831,0.04825742457851318,0.16417216462456802,2.4568693302309144
macro,macro@1,best_valid,session,final,final.group,group,4,FlatJointWrapper,,,,0.9943160556756888,0.9986111168979587,0.14145564980626246,0.0,0.9975132466073399,0.002489850499437331,3.9944444675918347,0.037293605506420135,0.35609173735469685,1.3784147411541785
macro,macro@1,best_valid,session,final,final.intra.Exposure,intra,3,FlatJointWrapper,,,,0.9859508598857109,0.9994115717705517,0.07558906691800192,0.0,0.9942170850769401,0.005799700720739683,2.9982347153116553,0.02426276190540904,0.38372604461200127,1.0831777306933317
macro,macro@1,best_valid,session,final,final.intra.Focus,intra,3,FlatJointWrapper,,,,0.9783550772567444,0.9993237958316695,0.006993402450518409,0.0,0.9913543466383233,0.008683243842368836,2.9979713874950087,0.026011855497602956,0.3379956016336789,1.0748329105550973
macro,macro@1,best_valid,session,final,final.intra.Memory,intra,3,FlatJointWrapper,,,,0.9820871929158148,0.9995069551729553,0.06007540056550422,0.0,0.9929285720221929,0.007096549022453992,2.998520865518866,0.022209642724405447,0.3733836003770028,1.0789330586808827
macro,macro@1,best_valid,session,final,final.intra.Tempo,intra,3,FlatJointWrapper,,,,0.9829356438551262,0.9982199225638352,0.12929311969839777,0.0,0.9931159515478148,0.006907852823598196,2.9946597676915054,0.0422288287884346,0.4195287464655985,1.0798651773091423
