stage_name,stage_key,split,aggregation_level,node_kind,node_name,route_space,support_size,wrapper_name,source_type,temperature,top_k,entropy_norm,n_eff_norm,top1_monopoly_norm,jitter_adj_norm,knn_consistency_score,knn_consistency_js,n_eff,cv_usage,top1_max_frac,entropy_mean
macro,macro@1,best_valid,session,final,final.expert,expert,9,GroupConditionalProductWrapper,,,,0.9974433373779324,0.9900019762019028,1.0,0.0,0.9999496857683768,5.031549742659636e-05,8.910017785817125,0.10049413162846765,1.0,2.191607015387056
macro,macro@1,best_valid,session,final,final.group,group,3,GroupConditionalProductWrapper,,,,0.997745655490361,0.9956396446887549,1.0,0.0,0.9999687825545734,3.121793270111084e-05,2.9869189340662645,0.0661774257964663,1.0,1.096135638086929
macro,macro@1,best_valid,session,final,final.intra.Focus,intra,3,GroupConditionalProductWrapper,,,,0.9930937919379987,0.9853137461801745,0.9741116751269034,0.0,0.9999788213472732,2.117887699762277e-05,2.9559412385405235,0.12208628290634504,0.9827411167512691,1.0910250436230964
macro,macro@1,best_valid,session,final,final.intra.Memory,intra,3,GroupConditionalProductWrapper,,,,0.9987641742355543,0.997463062623429,1.0,0.0,0.9999921165765868,7.883454487551894e-06,2.992389187870287,0.05043225585126114,1.0,1.097254595296637
macro,macro@1,best_valid,session,final,final.intra.Tempo,intra,3,GroupConditionalProductWrapper,,,,0.9990960473276307,0.9983166825394417,0.9101522842639592,0.0,0.9999699044362707,3.0096016609958842e-05,2.994950047618325,0.04106320225259059,0.9401015228426396,1.0976191951538705
