stage_name,stage_key,split,aggregation_level,node_kind,node_name,route_space,support_size,wrapper_name,source_type,temperature,top_k,entropy_norm,n_eff_norm,top1_monopoly_norm,jitter_adj_norm,knn_consistency_score,knn_consistency_js,n_eff,cv_usage,top1_max_frac,entropy_mean
macro,macro@1,best_valid,session,final,final.expert,expert,20,FlatJointWrapper,,,,0.9326714584115177,0.9725975882186019,0.19479430698158293,0.654657635409305,0.9882745716319903,0.011794713333018828,19.451951764372037,0.1678526315303225,0.23505459163250375,2.7940339885860523
macro,macro@1,best_valid,session,final,final.group,group,4,FlatJointWrapper,,,,0.9821142414551288,0.9977963952995159,0.12986044970806243,0.0,0.9979825691653135,0.0020194685894202773,3.9911855811980637,0.04699627497747838,0.3473953372810468,1.3614994349047838
macro,macro@1,best_valid,session,final,final.intra.Exposure,intra,5,FlatJointWrapper,,,,0.9130795634594815,0.9906868398584671,0.22940649716344358,0.0,0.9920449535230723,0.007986856672521268,4.953434199292335,0.09695693706040179,0.3835251977307549,1.4695448665004676
macro,macro@1,best_valid,session,final,final.intra.Focus,intra,5,FlatJointWrapper,,,,0.9415133206734428,0.9948395106658726,0.2381974063798363,0.0,0.9932696647124065,0.006753086132135869,4.974197553329363,0.07202286702530783,0.39055792510386905,1.5153072333535635
macro,macro@1,best_valid,session,final,final.intra.Memory,intra,5,FlatJointWrapper,,,,0.8542052264029715,0.9529935737523149,0.17090683534169807,0.0,0.987784925020154,0.012290292158137393,4.764967868761574,0.22209224683596174,0.3367254682733585,1.3747902763722963
macro,macro@1,best_valid,session,final,final.intra.Tempo,intra,5,FlatJointWrapper,,,,0.8796966710041312,0.970947812154661,0.3405135823429541,0.0,0.989818051261134,0.010234139349244201,4.854739060773305,0.17297846364846609,0.4724108658743633,1.4158171737561165
