stage_name,stage_key,split,aggregation_level,node_kind,node_name,route_space,support_size,wrapper_name,source_type,temperature,top_k,entropy_norm,n_eff_norm,top1_monopoly_norm,jitter_adj_norm,knn_consistency_score,knn_consistency_js,n_eff,cv_usage,top1_max_frac,entropy_mean
macro,macro@1,best_valid,session,final,final.expert,expert,16,FlatJointWrapper,,,,0.9151698696319414,0.983973352535923,0.04915076276943982,0.7370695664296668,0.9432328304056797,0.0584421228947675,15.743573640574768,0.1276240649967271,0.10857884009634983,2.5373896594751715
macro,macro@1,best_valid,session,final,final.group,group,4,FlatJointWrapper,,,,0.9585685610230693,0.9958802418526683,0.10765239948119325,0.0,0.9855124109073078,0.014593558955409848,3.9835209674106733,0.06431751698255539,0.33073929961089493,1.3288581908930888
macro,macro@1,best_valid,session,final,final.intra.Exposure,intra,4,FlatJointWrapper,,,,0.8725554675655885,0.986995267872491,0.10493484034340066,0.0,0.9564794053210758,0.04449602162367203,3.947981071489964,0.11478708684444427,0.3287011302575505,1.209618724450505
macro,macro@1,best_valid,session,final,final.intra.Focus,intra,4,FlatJointWrapper,,,,0.8911823961334834,0.9975391536657858,0.037242912729294066,0.0,0.9596790314142536,0.04115639270191461,3.9901566146631433,0.0496685653924942,0.27793218454697055,1.2354411304891606
macro,macro@1,best_valid,session,final,final.intra.Memory,intra,4,FlatJointWrapper,,,,0.8882492160579806,0.9926283634711311,0.09060589216231237,0.0,0.9592557905874928,0.04159751329524713,3.9705134538845246,0.08617652207612991,0.3179544191217343,1.2313748794903419
macro,macro@1,best_valid,session,final,final.intra.Tempo,intra,4,FlatJointWrapper,,,,0.887388961451405,0.9811544970064559,0.11284046692607001,0.0,0.9602354368745177,0.04057677784403264,3.9246179880258234,0.13859103620052338,0.3346303501945525,1.2301823133801186
