{
  "model": "FAME",
  "dataset": "amazon_beauty",
  "dataset_raw": "amazon_beauty",
  "max_evals": 12,
  "tune_epochs": 64,
  "n_completed": 12,
  "n_recorded_trials": 12,
  "timestamp": "2026-04-07T00:33:09.580001",
  "trials": [
    {
      "trial": 1,
      "params": {
        "learning_rate": 0.0025350713176054748
      },
      "mrr@20": 0.0088,
      "valid_result": {
        "hit@5": 0.0088,
        "hit@10": 0.0088,
        "hit@20": 0.0088,
        "ndcg@5": 0.0088,
        "ndcg@10": 0.0088,
        "ndcg@20": 0.0088,
        "mrr@5": 0.0088,
        "mrr@10": 0.0088,
        "mrr@20": 0.0088
      },
      "test_result": {
        "hit@5": 0.0,
        "hit@10": 0.0,
        "hit@20": 0.0175,
        "ndcg@5": 0.0,
        "ndcg@10": 0.0,
        "ndcg@20": 0.0041,
        "mrr@5": 0.0,
        "mrr@10": 0.0,
        "mrr@20": 0.0009
      },
      "best_hr@10": 0.0088,
      "test_mrr@20": 0.0009,
      "test_hr@10": 0.0,
      "epochs_run": 9,
      "early_stop_epoch": 9,
      "early_stopped": true,
      "elapsed": 9.0,
      "status": "ok"
    },
    {
      "trial": 2,
      "params": {
        "learning_rate": 0.0019475686535894176
      },
      "mrr@20": 0.0093,
      "valid_result": {
        "hit@5": 0.0088,
        "hit@10": 0.0088,
        "hit@20": 0.0177,
        "ndcg@5": 0.0088,
        "ndcg@10": 0.0088,
        "ndcg@20": 0.0109,
        "mrr@5": 0.0088,
        "mrr@10": 0.0088,
        "mrr@20": 0.0093
      },
      "test_result": {
        "hit@5": 0.0088,
        "hit@10": 0.0088,
        "hit@20": 0.0088,
        "ndcg@5": 0.0034,
        "ndcg@10": 0.0034,
        "ndcg@20": 0.0034,
        "mrr@5": 0.0018,
        "mrr@10": 0.0018,
        "mrr@20": 0.0018
      },
      "best_hr@10": 0.0088,
      "test_mrr@20": 0.0018,
      "test_hr@10": 0.0088,
      "epochs_run": 9,
      "early_stop_epoch": 9,
      "early_stopped": true,
      "elapsed": 8.0,
      "status": "ok"
    },
    {
      "trial": 3,
      "params": {
        "learning_rate": 0.0026842677535020383
      },
      "mrr@20": 0.0088,
      "valid_result": {
        "hit@5": 0.0088,
        "hit@10": 0.0088,
        "hit@20": 0.0088,
        "ndcg@5": 0.0088,
        "ndcg@10": 0.0088,
        "ndcg@20": 0.0088,
        "mrr@5": 0.0088,
        "mrr@10": 0.0088,
        "mrr@20": 0.0088
      },
      "test_result": {
        "hit@5": 0.0,
        "hit@10": 0.0,
        "hit@20": 0.0088,
        "ndcg@5": 0.0,
        "ndcg@10": 0.0,
        "ndcg@20": 0.002,
        "mrr@5": 0.0,
        "mrr@10": 0.0,
        "mrr@20": 0.0005
      },
      "best_hr@10": 0.0088,
      "test_mrr@20": 0.0005,
      "test_hr@10": 0.0,
      "epochs_run": 9,
      "early_stop_epoch": 9,
      "early_stopped": true,
      "elapsed": 7.9,
      "status": "ok"
    },
    {
      "trial": 4,
      "params": {
        "learning_rate": 0.0024111647865537513
      },
      "mrr@20": 0.0088,
      "valid_result": {
        "hit@5": 0.0088,
        "hit@10": 0.0088,
        "hit@20": 0.0088,
        "ndcg@5": 0.0088,
        "ndcg@10": 0.0088,
        "ndcg@20": 0.0088,
        "mrr@5": 0.0088,
        "mrr@10": 0.0088,
        "mrr@20": 0.0088
      },
      "test_result": {
        "hit@5": 0.0,
        "hit@10": 0.0,
        "hit@20": 0.0175,
        "ndcg@5": 0.0,
        "ndcg@10": 0.0,
        "ndcg@20": 0.0043,
        "mrr@5": 0.0,
        "mrr@10": 0.0,
        "mrr@20": 0.0011
      },
      "best_hr@10": 0.0088,
      "test_mrr@20": 0.0011,
      "test_hr@10": 0.0,
      "epochs_run": 9,
      "early_stop_epoch": 9,
      "early_stopped": true,
      "elapsed": 7.8,
      "status": "ok"
    },
    {
      "trial": 5,
      "params": {
        "learning_rate": 0.002937059752802233
      },
      "mrr@20": 0.0088,
      "valid_result": {
        "hit@5": 0.0088,
        "hit@10": 0.0088,
        "hit@20": 0.0088,
        "ndcg@5": 0.0088,
        "ndcg@10": 0.0088,
        "ndcg@20": 0.0088,
        "mrr@5": 0.0088,
        "mrr@10": 0.0088,
        "mrr@20": 0.0088
      },
      "test_result": {
        "hit@5": 0.0,
        "hit@10": 0.0,
        "hit@20": 0.0088,
        "ndcg@5": 0.0,
        "ndcg@10": 0.0,
        "ndcg@20": 0.0021,
        "mrr@5": 0.0,
        "mrr@10": 0.0,
        "mrr@20": 0.0005
      },
      "best_hr@10": 0.0088,
      "test_mrr@20": 0.0005,
      "test_hr@10": 0.0,
      "epochs_run": 9,
      "early_stop_epoch": 9,
      "early_stopped": true,
      "elapsed": 7.4,
      "status": "ok"
    },
    {
      "trial": 6,
      "params": {
        "learning_rate": 0.004800612367819707
      },
      "mrr@20": 0.0088,
      "valid_result": {
        "hit@5": 0.0088,
        "hit@10": 0.0088,
        "hit@20": 0.0088,
        "ndcg@5": 0.0088,
        "ndcg@10": 0.0088,
        "ndcg@20": 0.0088,
        "mrr@5": 0.0088,
        "mrr@10": 0.0088,
        "mrr@20": 0.0088
      },
      "test_result": {
        "hit@5": 0.0088,
        "hit@10": 0.0088,
        "hit@20": 0.0175,
        "ndcg@5": 0.0038,
        "ndcg@10": 0.0038,
        "ndcg@20": 0.0058,
        "mrr@5": 0.0022,
        "mrr@10": 0.0022,
        "mrr@20": 0.0027
      },
      "best_hr@10": 0.0088,
      "test_mrr@20": 0.0027,
      "test_hr@10": 0.0088,
      "epochs_run": 17,
      "early_stop_epoch": 17,
      "early_stopped": true,
      "elapsed": 14.8,
      "status": "ok"
    },
    {
      "trial": 7,
      "params": {
        "learning_rate": 0.0031018675062279596
      },
      "mrr@20": 0.0088,
      "valid_result": {
        "hit@5": 0.0088,
        "hit@10": 0.0088,
        "hit@20": 0.0088,
        "ndcg@5": 0.0088,
        "ndcg@10": 0.0088,
        "ndcg@20": 0.0088,
        "mrr@5": 0.0088,
        "mrr@10": 0.0088,
        "mrr@20": 0.0088
      },
      "test_result": {
        "hit@5": 0.0,
        "hit@10": 0.0,
        "hit@20": 0.0088,
        "ndcg@5": 0.0,
        "ndcg@10": 0.0,
        "ndcg@20": 0.0021,
        "mrr@5": 0.0,
        "mrr@10": 0.0,
        "mrr@20": 0.0005
      },
      "best_hr@10": 0.0088,
      "test_mrr@20": 0.0005,
      "test_hr@10": 0.0,
      "epochs_run": 9,
      "early_stop_epoch": 9,
      "early_stopped": true,
      "elapsed": 7.9,
      "status": "ok"
    },
    {
      "trial": 8,
      "params": {
        "learning_rate": 0.0023651733911101056
      },
      "mrr@20": 0.0088,
      "valid_result": {
        "hit@5": 0.0088,
        "hit@10": 0.0088,
        "hit@20": 0.0088,
        "ndcg@5": 0.0088,
        "ndcg@10": 0.0088,
        "ndcg@20": 0.0088,
        "mrr@5": 0.0088,
        "mrr@10": 0.0088,
        "mrr@20": 0.0088
      },
      "test_result": {
        "hit@5": 0.0,
        "hit@10": 0.0,
        "hit@20": 0.0175,
        "ndcg@5": 0.0,
        "ndcg@10": 0.0,
        "ndcg@20": 0.0044,
        "mrr@5": 0.0,
        "mrr@10": 0.0,
        "mrr@20": 0.0012
      },
      "best_hr@10": 0.0088,
      "test_mrr@20": 0.0012,
      "test_hr@10": 0.0,
      "epochs_run": 9,
      "early_stop_epoch": 9,
      "early_stopped": true,
      "elapsed": 8.0,
      "status": "ok"
    },
    {
      "trial": 9,
      "params": {
        "learning_rate": 0.003861026355461945
      },
      "mrr@20": 0.0044,
      "valid_result": {
        "hit@5": 0.0088,
        "hit@10": 0.0088,
        "hit@20": 0.0088,
        "ndcg@5": 0.0056,
        "ndcg@10": 0.0056,
        "ndcg@20": 0.0056,
        "mrr@5": 0.0044,
        "mrr@10": 0.0044,
        "mrr@20": 0.0044
      },
      "test_result": {
        "hit@5": 0.0,
        "hit@10": 0.0088,
        "hit@20": 0.0088,
        "ndcg@5": 0.0,
        "ndcg@10": 0.0031,
        "ndcg@20": 0.0031,
        "mrr@5": 0.0,
        "mrr@10": 0.0015,
        "mrr@20": 0.0015
      },
      "best_hr@10": 0.0088,
      "test_mrr@20": 0.0015,
      "test_hr@10": 0.0088,
      "epochs_run": 17,
      "early_stop_epoch": 17,
      "early_stopped": true,
      "elapsed": 15.2,
      "status": "ok"
    },
    {
      "trial": 10,