stage_name,stage_key,split,aggregation_level,node_kind,node_name,route_space,support_size,wrapper_name,source_type,temperature,top_k,entropy_norm,n_eff_norm,top1_monopoly_norm,jitter_adj_norm,knn_consistency_score,knn_consistency_js,n_eff,cv_usage,top1_max_frac,entropy_mean
macro,macro@1,best_valid,session,final,final.expert,expert,20,FlatJointWrapper,,,,0.8695579468853842,0.9723634446300933,0.05054570730701537,0.8512413059687809,0.9793970934561409,0.020818107396350066,19.447268892601866,0.1685884881668382,0.0980184219416646,2.6049628052098925
macro,macro@1,best_valid,session,final,final.group,group,4,FlatJointWrapper,,,,0.9477732700797548,0.9947079632648769,0.11625093873447782,0.0,0.9951249869266059,0.004886934710834029,3.9788318530595075,0.07293923199176788,0.33718820405085836,1.313892739931723
macro,macro@1,best_valid,session,final,final.intra.Exposure,intra,5,FlatJointWrapper,,,,0.8693390698180733,0.9957988921086092,0.02439665568151561,0.0,0.9870142160489093,0.013070836360680517,4.978994460543046,0.06495180908662365,0.2195173245452125,1.3991472577254025
macro,macro@1,best_valid,session,final,final.intra.Focus,intra,5,FlatJointWrapper,,,,0.8079617409080525,0.9844223491273134,0.06011237966113827,0.0,0.984694674886962,0.015423660596194986,4.922111745636567,0.12579455790189253,0.24808990372891063,1.3003642576136774
macro,macro@1,best_valid,session,final,final.intra.Memory,intra,5,FlatJointWrapper,,,,0.8217670221629142,0.9775632116532286,0.13202764409900508,0.0,0.9871282220437182,0.012955337101117662,4.887816058266143,0.15149888554208787,0.3056221152792041,1.3225830006570676
macro,macro@1,best_valid,session,final,final.intra.Tempo,intra,5,FlatJointWrapper,,,,0.804459139111176,0.9875094930389776,0.05070452628493826,0.0,0.9853745139006144,0.014733492916290862,4.937547465194888,0.11246552523276918,0.24056362102795062,1.2947270374896245
