best_mrr20,epoch,epoch_time_sec,eval,lr,patience_used,train_loss,trial,valid_mrr20
0.0135,1,28.447710037231445,1,0.0005476,0,688.2697610855103,1,0.0135
0.0165,3,28.57567071914673,1,0.0005476,0,587.1501030921936,1,0.0165
0.0169,7,27.595119953155518,1,0.0005476,0,521.0927109718323,1,0.0169
0.0169,10,27.598094940185547,1,0.0005476,3,492.0584511756897,1,0.0169
0.0169,17,28.08209800720215,1,0.0005476,10,436.2577838897705,1,0.0159
