best_mrr20,epoch,epoch_time_sec,eval,lr,patience_used,train_loss,trial,valid_mrr20
0.0009,1,2.8749277591705322,1,0.0002836,0,81.5239486694336,1,0.0009
0.0109,3,2.012009382247925,1,0.0002836,0,74.95219326019287,1,0.0109
0.0278,10,2.05454421043396,1,0.0002836,0,60.13333988189697,1,0.0278
0.063,34,1.9924018383026123,1,0.0002836,0,38.32684373855591,1,0.063
0.063,44,1.8225367069244385,1,0.0002836,10,33.42423605918884,1,0.0588
