cv_usage,entropy_mean,family_top_expert_mean_share,n_eff,route_consistency_feature_group_knn_exposure_js,route_consistency_feature_group_knn_exposure_score,route_consistency_feature_group_knn_focus_js,route_consistency_feature_group_knn_focus_score,route_consistency_feature_group_knn_mean_score,route_consistency_feature_group_knn_memory_js,route_consistency_feature_group_knn_memory_score,route_consistency_feature_group_knn_tempo_js,route_consistency_feature_group_knn_tempo_score,route_consistency_group_knn_js,route_consistency_group_knn_score,route_consistency_intra_group_knn_mean_js,route_consistency_intra_group_knn_mean_score,route_consistency_knn_js,route_consistency_knn_score,route_jitter_adjacent,stage,top1_max_frac
0.329079958363176,1.4805484723609292,0.09689083695411682,18.045759588148513,0.16451344649940003,0.8483063501168208,0.1759475637822062,0.8386619584452282,0.8400221800411898,0.17847049129016399,0.8365487419872688,0.17844308426313246,0.8365716696154413,0.056134406459084366,0.9454120578634607,0.0835286070446866,0.9198660916251499,0.12057398738928472,0.8864115016463121,0.0,macro@1,0.12057530375109815
0.15135591624146824,1.8510617059814725,0.07024475932121277,19.5520916117383,0.16982777320053663,0.8438101308007069,0.22045273479163888,0.8021555520149404,0.8102557087099844,0.24955478228534764,0.7791475961741532,0.20345176858001132,0.8159095558501369,0.024641875656165567,0.9756592568013132,0.0583917676158829,0.943284064017688,0.07888829419632115,0.9241431508328642,0.5406546185626229,micro@1,0.07242578196224038
0.2788948598668745,1.3482354754437647,0.07617498934268951,18.556623372906582,0.1645685372277265,0.8482596175894253,0.18148078865054829,0.8340342680733482,0.8321128051215747,0.21265511010203486,0.808434910174418,0.17706846887290847,0.8377224246491074,0.05374830378332851,0.9476706015914547,0.07149296532900411,0.9310219850448067,0.10856651253767327,0.8971192231564086,0.0,mid@1,0.08213918679242156
