{
  "split": "best_valid",
  "feature_mode": "none",
  "stages": [
    {
      "stage": "macro@1",
      "n_eff": 15.288366110510946,
      "cv_usage": 0.21574829518795013,
      "top1_max_frac": 0.3443679763045561,
      "entropy_mean": 2.6071453850509627,
      "route_jitter_adjacent": 0.0,
      "route_consistency_knn_js": 0.014958391924386392,
      "route_consistency_knn_score": 0.985152929067874,
      "route_consistency_group_knn_js": 0.002763054575652781,
      "route_consistency_group_knn_score": 0.9972407591463253,
      "route_consistency_intra_group_knn_mean_js": 0.011533567208145508,
      "route_consistency_intra_group_knn_mean_score": 0.9885728038453523,
      "route_consistency_feature_group_knn_mean_score": 0.9645608259223166,
      "family_top_expert_mean_share": 0.09312990307807922,
      "route_consistency_feature_group_knn_tempo_js": 0.032627471274876585,
      "route_consistency_feature_group_knn_tempo_score": 0.9678990626398453,
      "route_consistency_feature_group_knn_focus_js": 0.02661941894935791,
      "route_consistency_feature_group_knn_focus_score": 0.9737317548689972,
      "route_consistency_feature_group_knn_memory_js": 0.04182012684929275,
      "route_consistency_feature_group_knn_memory_score": 0.9590422710137686,
      "route_consistency_feature_group_knn_exposure_js": 0.04335622884923666,
      "route_consistency_feature_group_knn_exposure_score": 0.9575702151666554
    }
  ]
}
