best_mrr20,epoch,epoch_time_sec,eval,lr,patience_used,train_loss,trial,valid_mrr20
0.3121,1,49.397615909576416,1,0.00056966,0,2152.2788257598877,1,0.3121
0.361,3,48.04481101036072,1,0.00056966,0,1141.647093296051,1,0.361
0.3739,5,47.54089426994324,1,0.00056966,0,865.1546394824982,1,0.3739
0.3739,10,47.226670026779175,1,0.00056966,5,635.5093936920166,1,0.3618
0.3739,15,47.173738956451416,1,0.00056966,10,458.00829696655273,1,0.3381
