best_mrr20,epoch,epoch_time_sec,eval,lr,patience_used,train_loss,trial,valid_mrr20
0.0095,1,20.666939973831177,1,0.0002738,0,715.095666885376,1,0.0095
0.0124,3,19.715641736984253,1,0.0002738,0,644.5742454528809,1,0.0124
0.017,10,19.831867694854736,1,0.0002738,1,549.5642457008362,1,0.017
0.0182,18,19.573529958724976,1,0.0002738,0,508.53479623794556,1,0.0182
0.0182,28,19.418145179748535,1,0.0002738,10,475.3178696632385,1,0.0177
