{
  "split": "best_valid",
  "feature_mode": "runtime:unknown|ablation:none",
  "stages": [
    {
      "stage": "macro@1",
      "n_eff": 12.783432117226305,
      "cv_usage": 0.5016175508499146,
      "top1_max_frac": 0.9601551062398607,
      "entropy_mean": 2.6534751451648004,
      "route_jitter_adjacent": 0.0,
      "route_consistency_knn_js": 0.0026898448144956873,
      "route_consistency_knn_score": 0.997313769576624,
      "route_consistency_group_knn_js": 0.0015834934815709065,
      "route_consistency_group_knn_score": 0.9984177595827385,
      "route_consistency_intra_group_knn_mean_js": 0.0009946161000072428,
      "route_consistency_intra_group_knn_mean_score": 0.999006276832827,
      "route_consistency_feature_group_knn_mean_score": 0.9941173407848936,
      "family_top_expert_mean_share": 0.1629568487405777,
      "route_consistency_feature_group_knn_tempo_js": 0.00463104248046875,
      "route_consistency_feature_group_knn_tempo_score": 0.9953796642625888,
      "route_consistency_feature_group_knn_focus_js": 0.0071599109406538025,
      "route_consistency_feature_group_knn_focus_score": 0.9928656601563633,
      "route_consistency_feature_group_knn_memory_js": 0.0073984870572674786,
      "route_consistency_feature_group_knn_memory_score": 0.9926288143768408,
      "route_consistency_feature_group_knn_exposure_js": 0.004414505262175912,
      "route_consistency_feature_group_knn_exposure_score": 0.9955952243437813
    }
  ]
}
