{
  "split": "best_valid",
  "feature_mode": "none",
  "stages": [
    {
      "stage": "macro@1",
      "n_eff": 11.913609865367361,
      "cv_usage": 0.08515693584932921,
      "top1_max_frac": 0.7569963978941535,
      "entropy_mean": 2.4714918974265725,
      "route_jitter_adjacent": 0.0,
      "route_consistency_knn_js": 0.0006646533902181963,
      "route_consistency_knn_score": 0.9993355674429178,
      "route_consistency_group_knn_js": 0.0006068002379111696,
      "route_consistency_group_knn_score": 0.9993933838281209,
      "route_consistency_intra_group_knn_mean_js": 5.714931826818692e-05,
      "route_consistency_intra_group_knn_mean_score": 0.9999428536794537,
      "route_consistency_feature_group_knn_mean_score": 0.9990016502794106,
      "family_top_expert_mean_share": 0.09358189254999161,
      "route_consistency_feature_group_knn_tempo_js": 0.000449227469199392,
      "route_consistency_feature_group_knn_tempo_score": 0.9995508734183525,
      "route_consistency_feature_group_knn_focus_js": 0.0011079674512385561,
      "route_consistency_feature_group_knn_focus_score": 0.998892646118072,
      "route_consistency_feature_group_knn_memory_js": 0.0012278410426357336,
      "route_consistency_feature_group_knn_memory_score": 0.9987729124457577,
      "route_consistency_feature_group_knn_exposure_js": 0.001210563300709215,
      "route_consistency_feature_group_knn_exposure_score": 0.99879016913546
    }
  ]
}
