stage_name,stage_key,split,aggregation_level,node_kind,node_name,route_space,support_size,wrapper_name,source_type,temperature,top_k,entropy_norm,n_eff_norm,top1_monopoly_norm,jitter_adj_norm,knn_consistency_score,knn_consistency_js,n_eff,cv_usage,top1_max_frac,entropy_mean
macro,macro@1,best_valid,session,final,final.expert,expert,12,GroupConditionalProductWrapper,,,,0.536888465173263,0.21446217549255933,0.959452772291304,0.0,0.9930016588920074,0.007022944352249701,2.573546105910712,1.9138517251389808,0.9628317079336953,1.3341177173035146
macro,macro@1,best_valid,session,final,final.group,group,4,GroupConditionalProductWrapper,,,,0.6000173588944365,0.49693348860293257,0.9348020472801496,0.0,0.9967203282465098,0.0032850616648820727,1.9877339544117303,1.0061519145965576,0.9511015354601122,0.831800681209407
macro,macro@1,best_valid,session,final,final.intra.Exposure,intra,3,GroupConditionalProductWrapper,,,,0.30437343184248894,0.42064347267868446,0.9984327702045118,0.0,0.997822529597285,0.0021798445384252564,1.2619304180360533,1.173588643883982,0.9989551801363412,0.3343883925662437
macro,macro@1,best_valid,session,final,final.intra.Focus,intra,3,GroupConditionalProductWrapper,,,,0.9701307743738674,0.9384604261837549,1.0,0.0,0.9998982016092833,0.00010180357252455645,2.8153812785512646,0.2560762090660271,1.0,1.06579759034224
macro,macro@1,best_valid,session,final,final.intra.Memory,intra,3,GroupConditionalProductWrapper,,,,0.8343890005283345,0.9784604420307415,0.3934954929558558,0.0,0.9919472464416398,0.008085352101599351,2.9353813260922244,0.14837009762614675,0.5956636619705705,0.9166700095099303
macro,macro@1,best_valid,session,final,final.intra.Tempo,intra,3,GroupConditionalProductWrapper,,,,0.6429949177199995,0.9601112036759246,0.2518709434924726,0.0,0.9892379338747219,0.010820396036659387,2.880333611027774,0.2038280754140593,0.5012472956616484,0.7064021181583316
