{
  "model": "DuoRec",
  "dataset": "retail_rocket",
  "dataset_raw": "retail_rocket",
  "max_evals": 6,
  "tune_epochs": 42,
  "n_completed": 6,
  "n_recorded_trials": 6,
  "timestamp": "2026-04-08T08:30:35.693336",
  "trials": [
    {
      "trial": 1,
      "params": {
        "learning_rate": 0.0005011614273599359
      },
      "mrr@20": 0.2679,
      "valid_result": {
        "hit@5": 0.3589,
        "hit@10": 0.4256,
        "hit@20": 0.4882,
        "ndcg@5": 0.2807,
        "ndcg@10": 0.3022,
        "ndcg@20": 0.318,
        "mrr@5": 0.2547,
        "mrr@10": 0.2635,
        "mrr@20": 0.2679
      },
      "test_result": {
        "hit@5": 0.3618,
        "hit@10": 0.4297,
        "hit@20": 0.4903,
        "ndcg@5": 0.2819,
        "ndcg@10": 0.3038,
        "ndcg@20": 0.3192,
        "mrr@5": 0.2553,
        "mrr@10": 0.2644,
        "mrr@20": 0.2686
      },
      "best_hr@10": 0.4256,
      "test_mrr@20": 0.2686,
      "test_hr@10": 0.4297,
      "epochs_run": 14,
      "early_stop_epoch": 14,
      "early_stopped": true,
      "elapsed": 310.1,
      "status": "ok"
    },
    {
      "trial": 2,
      "params": {
        "learning_rate": 0.0006763343108761955
      },
      "mrr@20": 0.2649,
      "valid_result": {
        "hit@5": 0.3573,
        "hit@10": 0.4219,
        "hit@20": 0.4841,
        "ndcg@5": 0.2782,
        "ndcg@10": 0.2991,
        "ndcg@20": 0.3149,
        "mrr@5": 0.2519,
        "mrr@10": 0.2605,
        "mrr@20": 0.2649
      },
      "test_result": {
        "hit@5": 0.361,
        "hit@10": 0.4274,
        "hit@20": 0.4892,
        "ndcg@5": 0.2809,
        "ndcg@10": 0.3023,
        "ndcg@20": 0.318,
        "mrr@5": 0.2542,
        "mrr@10": 0.2631,
        "mrr@20": 0.2674
      },
      "best_hr@10": 0.4219,
      "test_mrr@20": 0.2674,
      "test_hr@10": 0.4274,
      "epochs_run": 13,
      "early_stop_epoch": 13,
      "early_stopped": true,
      "elapsed": 310.1,
      "status": "ok"
    },
    {
      "trial": 3,
      "params": {
        "learning_rate": 0.0005070817172294248
      },
      "mrr@20": 0.2677,
      "valid_result": {
        "hit@5": 0.3591,
        "hit@10": 0.4255,
        "hit@20": 0.489,
        "ndcg@5": 0.2806,
        "ndcg@10": 0.302,
        "ndcg@20": 0.3181,
        "mrr@5": 0.2545,
        "mrr@10": 0.2633,
        "mrr@20": 0.2677
      },
      "test_result": {
        "hit@5": 0.3615,
        "hit@10": 0.4298,
        "hit@20": 0.4908,
        "ndcg@5": 0.282,
        "ndcg@10": 0.3041,
        "ndcg@20": 0.3196,
        "mrr@5": 0.2556,
        "mrr@10": 0.2647,
        "mrr@20": 0.269
      },
      "best_hr@10": 0.4255,
      "test_mrr@20": 0.269,
      "test_hr@10": 0.4298,
      "epochs_run": 14,
      "early_stop_epoch": 14,
      "early_stopped": true,
      "elapsed": 333.4,
      "status": "ok"
    },
    {
      "trial": 4,
      "params": {
        "learning_rate": 0.00068334828558391
      },
      "mrr@20": 0.2659,
      "valid_result": {
        "hit@5": 0.357,
        "hit@10": 0.4245,
        "hit@20": 0.4865,
        "ndcg@5": 0.2786,
        "ndcg@10": 0.3005,
        "ndcg@20": 0.3162,
        "mrr@5": 0.2525,
        "mrr@10": 0.2616,
        "mrr@20": 0.2659
      },
      "test_result": {
        "hit@5": 0.3624,
        "hit@10": 0.429,
        "hit@20": 0.4905,
        "ndcg@5": 0.2812,
        "ndcg@10": 0.3028,
        "ndcg@20": 0.3183,
        "mrr@5": 0.2543,
        "mrr@10": 0.2632,
        "mrr@20": 0.2674
      },
      "best_hr@10": 0.4245,
      "test_mrr@20": 0.2674,
      "test_hr@10": 0.429,
      "epochs_run": 13,
      "early_stop_epoch": 13,
      "early_stopped": true,
      "elapsed": 294.5,
      "status": "ok"
    },
    {
      "trial": 5,
      "params": {
        "learning_rate": 0.0005305347340805158
      },
      "mrr@20": 0.2672,
      "valid_result": {
        "hit@5": 0.3601,
        "hit@10": 0.4246,
        "hit@20": 0.4879,
        "ndcg@5": 0.2805,
        "ndcg@10": 0.3014,
        "ndcg@20": 0.3175,
        "mrr@5": 0.2541,
        "mrr@10": 0.2628,
        "mrr@20": 0.2672
      },
      "test_result": {
        "hit@5": 0.3608,
        "hit@10": 0.4287,
        "hit@20": 0.4916,
        "ndcg@5": 0.2812,
        "ndcg@10": 0.3032,
        "ndcg@20": 0.3191,
        "mrr@5": 0.2546,
        "mrr@10": 0.2638,
        "mrr@20": 0.2682
      },
      "best_hr@10": 0.4246,
      "test_mrr@20": 0.2682,
      "test_hr@10": 0.4287,
      "epochs_run": 14,
      "early_stop_epoch": 14,
      "early_stopped": true,
      "elapsed": 317.3,
      "status": "ok"
    },
    {
      "trial": 6,
      "params": {
        "learning_rate": 0.0005822671976694464
      },
      "mrr@20": 0.2676,
      "valid_result": {
        "hit@5": 0.3596,
        "hit@10": 0.4246,
        "hit@20": 0.4876,
        "ndcg@5": 0.2807,
        "ndcg@10": 0.3018,
        "ndcg@20": 0.3178,
        "mrr@5": 0.2545,
        "mrr@10": 0.2632,
        "mrr@20": 0.2676
      },
      "test_result": {
        "hit@5": 0.3613,
        "hit@10": 0.4289,
        "hit@20": 0.4895,
        "ndcg@5": 0.2808,
        "ndcg@10": 0.3026,
        "ndcg@20": 0.318,
        "mrr@5": 0.254,
        "mrr@10": 0.2631,
        "mrr@20": 0.2673
      },
      "best_hr@10": 0.4246,
      "test_mrr@20": 0.2673,
      "test_hr@10": 0.4289,
      "epochs_run": 14,
      "early_stop_epoch": 14,
      "early_stopped": true,
      "elapsed": 309.7,
      "status": "ok"
    }
  ],
  "run_group": "baseline",
  "run_axis": "stageg_cross6x9_anchor2_core5",
  "run_phase": "P22_SG_D05_M04_C01_DUOREC_XFER_FOURSQUARE_FAD_H2_R1_C2_S3",
  "parent_result": "",
  "interrupted": false,
  "interrupted_at": null,
  "tuned_search": {
    "learning_rate": [
      0.00035241175764498637,
      0.0007980093035782032
    ]
  },
  "fixed_search": {
    "n_layers": 2,
    "n_heads": 2,
    "weight_decay": 0.00015,
    "hidden_dropout_prob": 0.12,
    "MAX_ITEM_LIST_LENGTH": 5,
    "num_layers": 2,
    "num_heads": 2,
    "dropout_ratio": 0.12,
    "dropout_prob": 0.12,
    "attn_dropout_prob": 0.12,
    "hidden_size": 128,
    "embedding_size": 128,
    "inner_size": 256,
    "time_span": 384,
    "num_experts": 6,
    "state_size": 24,
    "conv_kernel": 6,
    "remaining_ratio": 0.6
  },
  "context_fixed": {
    "num_layers": 2,
    "search_space_type_overrides": {
      "learning_rate": "loguniform",
      "weight_decay": "choice",
      "n_layers": "choice",
      "num_layers": "choice",
      "n_heads": "choice",
      "num_heads": "choice",
      "dropout_ratio": "choice",
      "dropout_prob": "choice",
      "hidden_dropout_prob": "choice",
      "attn_dropout_prob": "choice",
      "hidden_size": "choice",
      "embedding_size": "choice",
      "inner_size": "choice",
      "time_span": "choice",
      "num_experts": "choice",
      "state_size": "choice",
      "conv_kernel": "choice",
      "remaining_ratio": "choice",
      "MAX_ITEM_LIST_LENGTH": "choice"
    }
  },
  "best_params": {
    "learning_rate": 0.0005011614273599359
  },
  "best_mrr@20": 0.2679,
  "best_hr@10": 0.4256,
  "test_mrr@20": 0.2686,
  "test_hr@10": 0.4297,
  "best_valid_result": {
    "hit@5": 0.3589,
    "hit@10": 0.4256,
    "hit@20": 0.4882,
    "ndcg@5": 0.2807,
    "ndcg@10": 0.3022,
    "ndcg@20": 0.318,
    "mrr@5": 0.2547,
    "mrr@10": 0.2635,
    "mrr@20": 0.2679
  },
  "test_result": {
    "hit@5": 0.3618,
    "hit@10": 0.4297,
    "hit@20": 0.4903,
    "ndcg@5": 0.2819,
    "ndcg@10": 0.3038,
    "ndcg@20": 0.3192,
    "mrr@5": 0.2553,
    "mrr@10": 0.2644,
    "mrr@20": 0.2686
  },
  "best_valid_special_metrics": {
    "split": "best_valid",
    "overall": {
      "count": 22961,
      "hit@20": 0.4881756021079221,
      "ndcg@20": 0.31802886450603746,
      "mrr@20": 0.26788910479278294
    },
    "slices": {
      "target_popularity_abs": {
        "rare_1_5": {
          "count": 20110,
          "hit@20": 0.46230730979612134,
          "ndcg@20": 0.29769055554740526,