{
  "split": "best_valid",
  "feature_mode": "runtime:unknown|ablation:none",
  "stages": [
    {
      "stage": "macro@1",
      "n_eff": 9.559462974437869,
      "cv_usage": 0.5052727310278198,
      "top1_max_frac": 0.39116496157654046,
      "entropy_mean": 1.8079507730732285,
      "route_jitter_adjacent": 0.0,
      "route_consistency_knn_js": 0.014911717442505051,
      "route_consistency_knn_score": 0.9851989116435103,
      "route_consistency_group_knn_js": 0.0013776174954319132,
      "route_consistency_group_knn_score": 0.9986233309839527,
      "route_consistency_intra_group_knn_mean_js": 0.01269430190914521,
      "route_consistency_intra_group_knn_mean_score": 0.9874956941630268,
      "route_consistency_feature_group_knn_mean_score": 0.9720160312969672,
      "family_top_expert_mean_share": 0.1532185673713684,
      "route_consistency_feature_group_knn_tempo_js": 0.02342854695993802,
      "route_consistency_feature_group_knn_tempo_score": 0.9768437706323245,
      "route_consistency_feature_group_knn_focus_js": 0.008148731419527745,
      "route_consistency_feature_group_knn_focus_score": 0.9918843794939926,
      "route_consistency_feature_group_knn_memory_js": 0.029358176991953807,
      "route_consistency_feature_group_knn_memory_score": 0.971068587743866,
      "route_consistency_feature_group_knn_exposure_js": 0.05311876236432388,
      "route_consistency_feature_group_knn_exposure_score": 0.9482673873176861
    }
  ]
}
