stage_name,stage_key,split,aggregation_level,node_kind,node_name,route_space,support_size,wrapper_name,source_type,temperature,top_k,entropy_norm,n_eff_norm,top1_monopoly_norm,jitter_adj_norm,knn_consistency_score,knn_consistency_js,n_eff,cv_usage,top1_max_frac,entropy_mean
macro,macro@1,best_valid,session,final,final.expert,expert,20,FlatJointWrapper,,,,0.8353632917461928,0.7491249066089652,0.23009161014354826,0.8407733994672545,0.9615671660462782,0.03919086091073454,14.982498132179305,0.5786977366846745,0.2685870296363708,2.502524773226368
macro,macro@1,best_valid,session,final,final.group,group,4,FlatJointWrapper,,,,0.9345232278473815,0.979327392806855,0.3268705733391366,0.0,0.9913753059337909,0.008662101983274518,3.91730957122742,0.14528892934322357,0.49515293000435245,1.2955242811003838
macro,macro@1,best_valid,session,final,final.intra.Exposure,intra,5,FlatJointWrapper,,,,0.7344136799833008,0.7026305694178506,0.5296363708305306,0.0,0.9744655772927157,0.02586608411380651,3.5131528470892532,0.6505559287882458,0.6237090966644245,1.1819932199753689
macro,macro@1,best_valid,session,final,final.intra.Focus,intra,5,FlatJointWrapper,,,,0.7617877750349321,0.7558264608387192,0.41355399042456376,0.0,0.9723676871853267,0.028021267053909935,3.779132304193596,0.5683792297783609,0.530843192339651,1.2260501263700392
macro,macro@1,best_valid,session,final,final.intra.Memory,intra,5,FlatJointWrapper,,,,0.7855892524099847,0.8852982335422238,0.26403671902821185,0.0,0.9707137266607045,0.02972367737217609,4.426491167711119,0.3599482080386691,0.4112293752225695,1.2643571264293911
macro,macro@1,best_valid,session,final,final.intra.Tempo,intra,5,FlatJointWrapper,,,,0.8351650517534824,0.892717854413225,0.3389684643690895,0.0,0.9783374758877574,0.02190060109947708,4.463589272066125,0.3466620989641234,0.47117477149527165,1.3441462974320422
