cv_usage,entropy_mean,family_top_expert_mean_share,n_eff,route_consistency_feature_group_knn_exposure_js,route_consistency_feature_group_knn_exposure_score,route_consistency_feature_group_knn_focus_js,route_consistency_feature_group_knn_focus_score,route_consistency_feature_group_knn_mean_score,route_consistency_feature_group_knn_memory_js,route_consistency_feature_group_knn_memory_score,route_consistency_feature_group_knn_tempo_js,route_consistency_feature_group_knn_tempo_score,route_consistency_group_knn_js,route_consistency_group_knn_score,route_consistency_intra_group_knn_mean_js,route_consistency_intra_group_knn_mean_score,route_consistency_knn_js,route_consistency_knn_score,route_jitter_adjacent,stage,top1_max_frac
0.12006348386217702,1.4429233349616695,0.09725600481033325,5.914738365567337,0.0,0.0,0.0,1.0,0.9864385957619397,0.0,0.0,0.02749742107875211,0.9728771915238795,0.006393838963625042,0.9936265581296586,0.018100778561504535,0.9820620736550308,0.023344170688218528,0.9769261965450896,0.0,macro@1,0.2873813950470616
0.2705671110580232,1.2469804031253986,0.11666209250688553,5.590722525853051,0.0,0.0,0.0,1.0,0.9794087784877836,0.0,0.0,0.042054465184086745,0.9588175569755673,0.00828848178864129,0.9917457729712222,0.02012412368631974,0.9801100061430557,0.02733473986250509,0.9730354732430379,0.45267880062095855,micro@1,0.29071497448357486
0.5735612787735082,1.0511369569264901,0.18834485113620758,4.51476513304453,0.0,0.0,0.0,1.0,0.9759813651067057,0.0,0.0,0.04922939389260357,0.9519627302134114,0.004554565203956244,0.995455791099357,0.019375379550407332,0.980843438554919,0.02861603171090701,0.9717895292023935,0.0,mid@1,0.5094089720270176
