best_mrr20,epoch,epoch_time_sec,eval,lr,patience_used,train_loss,trial,valid_mrr20
0.0031,1,3.7104086875915527,1,0.001349694149497785,0,79.02290487289429,1,0.0031
0.0335,3,2.7072033882141113,1,0.001347249192963149,0,68.9197359085083,1,0.0335
0.0707,10,2.7370500564575195,1,0.0013196682040276242,0,45.09518527984619,1,0.0707
0.0707,20,2.429272174835205,1,0.0012317016814501183,10,26.931272268295288,1,0.0642
