{
  "split": "best_valid",
  "feature_mode": "none",
  "stages": [
    {
      "stage": "macro@1",
      "n_eff": 11.96914366381315,
      "cv_usage": 0.05077458953039081,
      "top1_max_frac": 0.9299492385786802,
      "entropy_mean": 2.481985644035533,
      "route_jitter_adjacent": 0.0,
      "route_consistency_knn_js": 0.00032104604539618027,
      "route_consistency_knn_score": 0.9996790054843708,
      "route_consistency_group_knn_js": 0.0002986904464464272,
      "route_consistency_group_knn_score": 0.9997013541571039,
      "route_consistency_intra_group_knn_mean_js": 2.3878870513372586e-05,
      "route_consistency_intra_group_knn_mean_score": 0.9999761214903465,
      "route_consistency_feature_group_knn_mean_score": 0.9997408367387969,
      "family_top_expert_mean_share": 0.08963343501091003,
      "route_consistency_feature_group_knn_tempo_js": 0.00033939052867678417,
      "route_consistency_feature_group_knn_tempo_score": 0.9996606670577738,
      "route_consistency_feature_group_knn_focus_js": 0.0002667150435458242,
      "route_consistency_feature_group_knn_focus_score": 0.9997333205217493,
      "route_consistency_feature_group_knn_memory_js": 0.00010124061553351646,
      "route_consistency_feature_group_knn_memory_score": 0.9998987645091246,
      "route_consistency_feature_group_knn_exposure_js": 0.00032945939924864645,
      "route_consistency_feature_group_knn_exposure_score": 0.9996705948665396
    }
  ]
}
