{
  "split": "best_valid",
  "feature_mode": "none",
  "stages": [
    {
      "stage": "macro@1",
      "n_eff": 3.35343315216859,
      "cv_usage": 0.4390983283519745,
      "top1_max_frac": 0.6360542871839513,
      "entropy_mean": 1.2193180932962053,
      "route_jitter_adjacent": 0.0,
      "route_consistency_knn_js": 0.005448233709910421,
      "route_consistency_knn_score": 0.9945665809984932,
      "route_consistency_group_knn_js": 0.005448233709910421,
      "route_consistency_group_knn_score": 0.9945665809984932,
      "route_consistency_intra_group_knn_mean_js": 0.0,
      "route_consistency_intra_group_knn_mean_score": 1.0,
      "route_consistency_feature_group_knn_mean_score": 0.98860174935727,
      "family_top_expert_mean_share": 0.37353724241256714,
      "route_consistency_feature_group_knn_tempo_js": 0.009637397096715133,
      "route_consistency_feature_group_knn_tempo_score": 0.9904088937874542,
      "route_consistency_feature_group_knn_focus_js": 0.01308814673193457,
      "route_consistency_feature_group_knn_focus_score": 0.9869971306142744,
      "route_consistency_feature_group_knn_memory_js": 0.010456895242251135,
      "route_consistency_feature_group_knn_memory_score": 0.9895975880128665,
      "route_consistency_feature_group_knn_exposure_js": 0.012676624953320927,
      "route_consistency_feature_group_knn_exposure_score": 0.9874033850144848
    }
  ]
}
