stage_name,stage_key,split,aggregation_level,node_kind,node_name,route_space,support_size,wrapper_name,source_type,temperature,top_k,entropy_norm,n_eff_norm,top1_monopoly_norm,jitter_adj_norm,knn_consistency_score,knn_consistency_js,n_eff,cv_usage,top1_max_frac,entropy_mean
macro,macro@1,best_valid,session,final,final.expert,expert,16,FlatJointWrapper,,,,0.8511540441306942,0.9816115634541657,0.05537644370329195,0.7204795761884846,0.9085902502754487,0.09586105620587804,15.70578501526665,0.1368685893338078,0.1144154159718362,2.359900103645544
macro,macro@1,best_valid,session,final,final.group,group,4,FlatJointWrapper,,,,0.9093190745322325,0.9973102632289776,0.04700142054227655,0.0,0.971586321844002,0.028825159923571375,3.9892410529159106,0.05193256959319115,0.2852510654067074,1.2605839054827914
macro,macro@1,best_valid,session,final,final.intra.Exposure,intra,4,FlatJointWrapper,,,,0.8234685493882956,0.9956294229186112,0.06095979247730221,0.0,0.9386794614497144,0.06328121965940865,3.982517691674445,0.06625526398420334,0.29571984435797666,1.1415698065765703
macro,macro@1,best_valid,session,final,final.intra.Focus,intra,4,FlatJointWrapper,,,,0.8382477450658147,0.9893486434593085,0.1330986350441603,0.0,0.9378499974341247,0.06416526021169912,3.957394573837234,0.1037590454508012,0.34982397628312023,1.1620581222062025
macro,macro@1,best_valid,session,final,final.intra.Memory,intra,4,FlatJointWrapper,,,,0.8358158444830182,0.9850107911219245,0.14001605830399608,0.0,0.9421917490628011,0.05954646985197028,3.940043164487698,0.12335853278636932,0.35501204372799705,1.1586867921414674
macro,macro@1,best_valid,session,final,final.intra.Tempo,intra,4,FlatJointWrapper,,,,0.8225802646369319,0.9888303743656408,0.07479463899697365,0.0,0.9399703301763682,0.06190696785839116,3.9553214974625632,0.10628125816583633,0.30609597924773024,1.140338382434686
