stage_name,stage_key,split,aggregation_level,node_kind,node_name,route_space,support_size,wrapper_name,source_type,temperature,top_k,entropy_norm,n_eff_norm,top1_monopoly_norm,jitter_adj_norm,knn_consistency_score,knn_consistency_js,n_eff,cv_usage,top1_max_frac,entropy_mean
macro,macro@1,best_valid,session,final,final.expert,expert,16,FlatJointWrapper,,,,0.9305011223074491,0.9858997640147047,0.05311147893254349,0.7448460167981674,0.9565476514616139,0.0444246727733512,15.774396224235275,0.11959022283554077,0.11229201149925952,2.5798969177410926
macro,macro@1,best_valid,session,final,final.group,group,4,FlatJointWrapper,,,,0.9734045456289921,0.9983565443133803,0.039172982547841,0.0,0.9914604110860499,0.008576260123981095,3.993426177253521,0.04057252034544945,0.27937973691088075,1.349425232693941
macro,macro@1,best_valid,session,final,final.intra.Exposure,intra,4,FlatJointWrapper,,,,0.883374704742203,0.9929243289783398,0.04567761419403545,0.0,0.9627378564372865,0.03797411977899104,3.9716973159133593,0.08441651612520218,0.2842582106455266,1.2246173719400644
macro,macro@1,best_valid,session,final,final.intra.Focus,intra,4,FlatJointWrapper,,,,0.9000219776278067,0.9898478331361176,0.08040770101925254,0.0,0.9666415283336126,0.03392755718594656,3.9593913325444703,0.10127318650484085,0.3103057757644394,1.2476953924694008
macro,macro@1,best_valid,session,final,final.intra.Memory,intra,4,FlatJointWrapper,,,,0.9043955070767321,0.9783418191453729,0.1532363446293231,0.0,0.9724739819383431,0.02791195763833152,3.9133672765814915,0.14878684282302856,0.3649272584719923,1.2537583916826378
macro,macro@1,best_valid,session,final,final.intra.Tempo,intra,4,FlatJointWrapper,,,,0.8950843553919232,0.9948186135240223,0.06344919708453116,0.0,0.963131180926222,0.03756565535407605,3.9792744540960894,0.07216928154230118,0.29758689781339837,1.2408503946064553
