best_mrr20,epoch,epoch_time_sec,eval,lr,patience_used,train_loss,trial,valid_mrr20
0.2803,1,76.76809573173523,1,0.0007027447529322896,0,2165.631057739258,1,0.2803
0.3509,3,63.88720941543579,1,0.0007014717383189401,0,1139.67409324646,1,0.3509
0.3701,7,63.95581293106079,1,0.000695132274514405,0,762.1986196041107,1,0.3701
0.3701,10,69.74450039863586,1,0.0006871111550250616,3,652.9100246429443,1,0.3609
0.3701,17,73.68851590156555,1,0.0006579831878934332,10,437.3427929878235,1,0.3334
