{
  "model": "BSARec",
  "dataset": "lastfm0.03",
  "dataset_raw": "lastfm0.03",
  "max_evals": 10,
  "tune_epochs": 100,
  "n_completed": 10,
  "n_recorded_trials": 10,
  "timestamp": "2026-03-12T10:17:46.864172",
  "trials": [
    {
      "trial": 1,
      "params": {
        "dropout_ratio": 0.15,
        "learning_rate": 0.0006333377508548816,
        "weight_decay": 0.0
      },
      "mrr@20": 0.3656,
      "valid_result": {
        "hit@5": 0.3966,
        "hit@10": 0.4141,
        "hit@20": 0.4305,
        "ndcg@5": 0.3708,
        "ndcg@10": 0.3765,
        "ndcg@20": 0.3806,
        "mrr@5": 0.3621,
        "mrr@10": 0.3645,
        "mrr@20": 0.3656
      },
      "test_result": {
        "hit@5": 0.3753,
        "hit@10": 0.3924,
        "hit@20": 0.4092,
        "ndcg@5": 0.3497,
        "ndcg@10": 0.3552,
        "ndcg@20": 0.3595,
        "mrr@5": 0.3411,
        "mrr@10": 0.3434,
        "mrr@20": 0.3446
      },
      "best_hr@10": 0.4141,
      "test_mrr@20": 0.3446,
      "test_hr@10": 0.3924,
      "epochs_run": 99,
      "early_stop_epoch": 99,
      "early_stopped": true,
      "elapsed": 1034.2,
      "status": "ok"
    },
    {
      "trial": 2,
      "params": {
        "dropout_ratio": 0.05,
        "learning_rate": 0.0006032940090151863,
        "weight_decay": 0.0001
      },
      "mrr@20": 0.3863,
      "valid_result": {
        "hit@5": 0.4199,
        "hit@10": 0.4363,
        "hit@20": 0.4533,
        "ndcg@5": 0.3922,
        "ndcg@10": 0.3975,
        "ndcg@20": 0.4018,
        "mrr@5": 0.3829,
        "mrr@10": 0.3851,
        "mrr@20": 0.3863
      },
      "test_result": {
        "hit@5": 0.3965,
        "hit@10": 0.4141,
        "hit@20": 0.4305,
        "ndcg@5": 0.3709,
        "ndcg@10": 0.3766,
        "ndcg@20": 0.3808,
        "mrr@5": 0.3623,
        "mrr@10": 0.3647,
        "mrr@20": 0.3658
      },
      "best_hr@10": 0.4363,
      "test_mrr@20": 0.3658,
      "test_hr@10": 0.4141,
      "epochs_run": 46,
      "early_stop_epoch": 46,
      "early_stopped": true,
      "elapsed": 480.9,
      "status": "ok"
    },
    {
      "trial": 3,
      "params": {
        "dropout_ratio": 0.0,
        "learning_rate": 6.760058415983127e-05,
        "weight_decay": 0.0
      },
      "mrr@20": 0.1547,
      "valid_result": {
        "hit@5": 0.1679,
        "hit@10": 0.178,
        "hit@20": 0.1884,
        "ndcg@5": 0.1564,
        "ndcg@10": 0.1597,
        "ndcg@20": 0.1623,
        "mrr@5": 0.1526,
        "mrr@10": 0.154,
        "mrr@20": 0.1547
      },
      "test_result": {
        "hit@5": 0.1599,
        "hit@10": 0.1692,
        "hit@20": 0.1796,
        "ndcg@5": 0.1487,
        "ndcg@10": 0.1518,
        "ndcg@20": 0.1544,
        "mrr@5": 0.145,
        "mrr@10": 0.1463,
        "mrr@20": 0.147
      },
      "best_hr@10": 0.178,
      "test_mrr@20": 0.147,
      "test_hr@10": 0.1692,
      "epochs_run": 100,
      "early_stop_epoch": 100,
      "early_stopped": false,
      "elapsed": 1002.5,
      "status": "ok"
    },
    {
      "trial": 4,
      "params": {
        "dropout_ratio": 0.05,
        "learning_rate": 0.0001192131424969314,
        "weight_decay": 5e-05
      },
      "mrr@20": 0.2653,
      "valid_result": {
        "hit@5": 0.2863,
        "hit@10": 0.3007,
        "hit@20": 0.3162,
        "ndcg@5": 0.2683,
        "ndcg@10": 0.273,
        "ndcg@20": 0.2769,
        "mrr@5": 0.2623,
        "mrr@10": 0.2642,
        "mrr@20": 0.2653
      },
      "test_result": {
        "hit@5": 0.2695,
        "hit@10": 0.2838,
        "hit@20": 0.2991,
        "ndcg@5": 0.2513,
        "ndcg@10": 0.256,
        "ndcg@20": 0.2599,
        "mrr@5": 0.2453,
        "mrr@10": 0.2472,
        "mrr@20": 0.2483
      },
      "best_hr@10": 0.3007,
      "test_mrr@20": 0.2483,
      "test_hr@10": 0.2838,
      "epochs_run": 100,
      "early_stop_epoch": 100,
      "early_stopped": false,
      "elapsed": 1030.1,
      "status": "ok"
    },
    {
      "trial": 5,
      "params": {
        "dropout_ratio": 0.1,
        "learning_rate": 7.427091970911395e-05,
        "weight_decay": 1e-06
      },
      "mrr@20": 0.1603,
      "valid_result": {
        "hit@5": 0.1739,
        "hit@10": 0.1838,
        "hit@20": 0.195,
        "ndcg@5": 0.1621,
        "ndcg@10": 0.1653,
        "ndcg@20": 0.1682,
        "mrr@5": 0.1582,
        "mrr@10": 0.1596,
        "mrr@20": 0.1603
      },
      "test_result": {
        "hit@5": 0.1648,
        "hit@10": 0.1746,
        "hit@20": 0.1857,
        "ndcg@5": 0.1532,
        "ndcg@10": 0.1564,
        "ndcg@20": 0.1592,
        "mrr@5": 0.1494,
        "mrr@10": 0.1507,
        "mrr@20": 0.1515
      },
      "best_hr@10": 0.1838,
      "test_mrr@20": 0.1515,
      "test_hr@10": 0.1746,
      "epochs_run": 100,
      "early_stop_epoch": 100,
      "early_stopped": false,
      "elapsed": 1036.0,
      "status": "ok"
    },
    {
      "trial": 6,
      "params": {
        "dropout_ratio": 0.15,
        "learning_rate": 9.667078036749927e-05,
        "weight_decay": 0.0001
      },
      "mrr@20": 0.1642,
      "valid_result": {
        "hit@5": 0.1793,
        "hit@10": 0.1903,
        "hit@20": 0.2013,
        "ndcg@5": 0.1663,
        "ndcg@10": 0.1699,
        "ndcg@20": 0.1726,
        "mrr@5": 0.1619,
        "mrr@10": 0.1634,
        "mrr@20": 0.1642
      },
      "test_result": {
        "hit@5": 0.1695,
        "hit@10": 0.1795,
        "hit@20": 0.1906,
        "ndcg@5": 0.1571,
        "ndcg@10": 0.1603,
        "ndcg@20": 0.1631,
        "mrr@5": 0.1529,
        "mrr@10": 0.1542,
        "mrr@20": 0.155
      },
      "best_hr@10": 0.1903,
      "test_mrr@20": 0.155,
      "test_hr@10": 0.1795,
      "epochs_run": 100,
      "early_stop_epoch": 100,
      "early_stopped": false,
      "elapsed": 1033.6,
      "status": "ok"
    },
    {
      "trial": 7,
      "params": {
        "dropout_ratio": 0.1,
        "learning_rate": 0.002963221105276826,
        "weight_decay": 0.0001
      },
      "mrr@20": 0.3687,
      "valid_result": {
        "hit@5": 0.4116,
        "hit@10": 0.4365,
        "hit@20": 0.4604,
        "ndcg@5": 0.3757,
        "ndcg@10": 0.3838,
        "ndcg@20": 0.3898,
        "mrr@5": 0.3637,
        "mrr@10": 0.367,
        "mrr@20": 0.3687
      },
      "test_result": {
        "hit@5": 0.3879,
        "hit@10": 0.4121,
        "hit@20": 0.4354,
        "ndcg@5": 0.3533,
        "ndcg@10": 0.3611,
        "ndcg@20": 0.367,
        "mrr@5": 0.3416,
        "mrr@10": 0.3449,
        "mrr@20": 0.3465
      },
      "best_hr@10": 0.4365,
      "test_mrr@20": 0.3465,
      "test_hr@10": 0.4121,
      "epochs_run": 22,
      "early_stop_epoch": 22,
      "early_stopped": true,
      "elapsed": 224.1,
      "status": "ok"
    },
    {
      "trial": 8,
      "params": {
        "dropout_ratio": 0.0,
        "learning_rate": 0.0014962181616606871,
        "weight_decay": 1e-05
      },
      "mrr@20": 0.3678,
      "valid_result": {
        "hit@5": 0.4009,
        "hit@10": 0.4184,
        "hit@20": 0.4348,
        "ndcg@5": 0.3735,
        "ndcg@10": 0.3792,
        "ndcg@20": 0.3833,
        "mrr@5": 0.3643,
        "mrr@10": 0.3666,
        "mrr@20": 0.3678
      },
      "test_result": {
        "hit@5": 0.3792,
        "hit@10": 0.3956,
        "hit@20": 0.4119,
        "ndcg@5": 0.3537,
        "ndcg@10": 0.359,
        "ndcg@20": 0.3632,
        "mrr@5": 0.3452,
        "mrr@10": 0.3474,
        "mrr@20": 0.3485
      },
      "best_hr@10": 0.4184,
      "test_mrr@20": 0.3485,
      "test_hr@10": 0.3956,
      "epochs_run": 23,
      "early_stop_epoch": 23,
      "early_stopped": true,
      "elapsed": 229.5,
      "status": "ok"
    },
    {
      "trial": 9,
      "params": {
        "dropout_ratio": 0.1,
        "learning_rate": 0.0011765266517760064,
        "weight_decay": 0.0
      },
      "mrr@20": 0.3606,
      "valid_result": {
        "hit@5": 0.3907,
        "hit@10": 0.4079,
        "hit@20": 0.4244,