stage_name,stage_key,split,aggregation_level,node_kind,node_name,route_space,support_size,wrapper_name,source_type,temperature,top_k,entropy_norm,n_eff_norm,top1_monopoly_norm,jitter_adj_norm,knn_consistency_score,knn_consistency_js,n_eff,cv_usage,top1_max_frac,entropy_mean
macro,macro@1,best_valid,session,final,final.expert,expert,12,GroupConditionalProductWrapper,,,,0.9655942910456341,0.8603427850337871,0.8825392984657632,0.0,0.9971406037427983,0.0028634921403781267,10.324113420405446,0.4028988062471507,0.8923276902602829,2.399411674816626
macro,macro@1,best_valid,session,final,final.group,group,4,GroupConditionalProductWrapper,,,,0.9645026285054699,0.9198388096034388,0.9591470397078394,0.0,0.9989664694742106,0.0010340649867493891,3.679355238413755,0.29520660638809204,0.9693602797808796,1.3370845551824455
macro,macro@1,best_valid,session,final,final.intra.Exposure,intra,3,GroupConditionalProductWrapper,,,,0.924867665750847,0.8948055412374467,0.857014638977438,0.0,0.9956960827966833,0.0043132057158699,2.68441662371234,0.34287208786987994,0.9046764259849587,1.0160709829856704
macro,macro@1,best_valid,session,final,final.intra.Focus,intra,3,GroupConditionalProductWrapper,,,,0.9989050668674531,0.9994117503741416,0.5809321902757575,0.0,0.9998993798357103,0.00010062522683806215,2.998235251122425,0.024259163275087973,0.7206214601838383,1.0974093816734238
macro,macro@1,best_valid,session,final,final.intra.Memory,intra,3,GroupConditionalProductWrapper,,,,0.999035908826323,0.9996233511558573,0.3237442357092012,0.0,0.9999226235701987,7.737942351170195e-05,2.998870053467572,0.019411274584791822,0.5491628238061341,1.0975531262573117
macro,macro@1,best_valid,session,final,final.intra.Tempo,intra,3,GroupConditionalProductWrapper,,,,0.9792380568681073,0.9854839906730019,0.4185416731144192,0.0,0.9985296411947909,0.0014714408435035266,2.9564519720190057,0.12136671297947842,0.6123611154096128,1.075802962806784
