{
  "model": "SASRec",
  "dataset": "lastfm0.03",
  "dataset_raw": "lastfm0.03",
  "max_evals": 10,
  "tune_epochs": 100,
  "n_completed": 4,
  "n_recorded_trials": 4,
  "timestamp": "2026-03-12T04:30:58.724522",
  "trials": [
    {
      "trial": 1,
      "params": {
        "dropout_ratio": 0.2,
        "learning_rate": 0.0006333377508548816,
        "weight_decay": 0.0
      },
      "mrr@20": 0.4,
      "valid_result": {
        "hit@5": 0.4471,
        "hit@10": 0.4727,
        "hit@20": 0.4988,
        "ndcg@5": 0.4079,
        "ndcg@10": 0.4162,
        "ndcg@20": 0.4228,
        "mrr@5": 0.3948,
        "mrr@10": 0.3982,
        "mrr@20": 0.4
      },
      "test_result": {
        "hit@5": 0.4244,
        "hit@10": 0.4504,
        "hit@20": 0.475,
        "ndcg@5": 0.3858,
        "ndcg@10": 0.3942,
        "ndcg@20": 0.4005,
        "mrr@5": 0.3729,
        "mrr@10": 0.3764,
        "mrr@20": 0.3781
      },
      "best_hr@10": 0.4727,
      "test_mrr@20": 0.3781,
      "test_hr@10": 0.4504,
      "epochs_run": 41,
      "early_stop_epoch": 41,
      "early_stopped": true,
      "elapsed": 375.4,
      "status": "ok"
    },
    {
      "trial": 2,
      "params": {
        "dropout_ratio": 0.1,
        "learning_rate": 0.0006032940090151863,
        "weight_decay": 0.0001
      },
      "mrr@20": 0.4004,
      "valid_result": {
        "hit@5": 0.4441,
        "hit@10": 0.4696,
        "hit@20": 0.4944,
        "ndcg@5": 0.4075,
        "ndcg@10": 0.4157,
        "ndcg@20": 0.4221,
        "mrr@5": 0.3952,
        "mrr@10": 0.3986,
        "mrr@20": 0.4004
      },
      "test_result": {
        "hit@5": 0.4199,
        "hit@10": 0.4439,
        "hit@20": 0.4682,
        "ndcg@5": 0.3834,
        "ndcg@10": 0.3912,
        "ndcg@20": 0.3973,
        "mrr@5": 0.3712,
        "mrr@10": 0.3744,
        "mrr@20": 0.3761
      },
      "best_hr@10": 0.4696,
      "test_mrr@20": 0.3761,
      "test_hr@10": 0.4439,
      "epochs_run": 42,
      "early_stop_epoch": 42,
      "early_stopped": true,
      "elapsed": 384.1,
      "status": "ok"
    },
    {
      "trial": 3,
      "params": {
        "dropout_ratio": 0.05,
        "learning_rate": 6.760058415983127e-05,
        "weight_decay": 0.0
      },
      "mrr@20": 0.3729,
      "valid_result": {
        "hit@5": 0.4447,
        "hit@10": 0.4759,
        "hit@20": 0.5041,
        "ndcg@5": 0.3864,
        "ndcg@10": 0.3965,
        "ndcg@20": 0.4036,
        "mrr@5": 0.3668,
        "mrr@10": 0.3709,
        "mrr@20": 0.3729
      },
      "test_result": {
        "hit@5": 0.4244,
        "hit@10": 0.4545,
        "hit@20": 0.4809,
        "ndcg@5": 0.3699,
        "ndcg@10": 0.3796,
        "ndcg@20": 0.3863,
        "mrr@5": 0.3515,
        "mrr@10": 0.3556,
        "mrr@20": 0.3574
      },
      "best_hr@10": 0.4759,
      "test_mrr@20": 0.3574,
      "test_hr@10": 0.4545,
      "epochs_run": 100,
      "early_stop_epoch": 100,
      "early_stopped": false,
      "elapsed": 920.5,
      "status": "ok"
    },
    {
      "trial": 4,
      "params": {
        "dropout_ratio": 0.1,
        "learning_rate": 0.0001192131424969314,
        "weight_decay": 5e-05
      },
      "mrr@20": 0.3983,
      "valid_result": {
        "hit@5": 0.4476,
        "hit@10": 0.4751,
        "hit@20": 0.501,
        "ndcg@5": 0.4066,
        "ndcg@10": 0.4155,
        "ndcg@20": 0.4221,
        "mrr@5": 0.3928,
        "mrr@10": 0.3965,
        "mrr@20": 0.3983
      },
      "test_result": {
        "hit@5": 0.4251,
        "hit@10": 0.4522,
        "hit@20": 0.4769,
        "ndcg@5": 0.3852,
        "ndcg@10": 0.3939,
        "ndcg@20": 0.4002,
        "mrr@5": 0.3718,
        "mrr@10": 0.3754,
        "mrr@20": 0.3771
      },
      "best_hr@10": 0.4751,
      "test_mrr@20": 0.3771,
      "test_hr@10": 0.4522,
      "epochs_run": 100,
      "early_stop_epoch": 100,
      "early_stopped": false,
      "elapsed": 918.6,
      "status": "ok"
    }
  ],
  "run_group": "baseline",
  "run_axis": "hparam",
  "run_phase": "P0_A_pair01_C2",
  "parent_result": "",
  "interrupted": false,
  "interrupted_at": null,
  "tuned_search": {
    "learning_rate": [
      5e-05,
      0.003
    ],
    "weight_decay": [
      0.0,
      1e-07,
      1e-06,
      1e-05,
      5e-05,
      0.0001,
      0.0005
    ],
    "dropout_ratio": [
      0.05,
      0.1,
      0.15,
      0.2
    ]
  },
  "fixed_search": {
    "attn_dropout_prob": 0.1,
    "num_layers": 1
  },
  "context_fixed": {
    "num_layers": 1,
    "search_space_type_overrides": {
      "learning_rate": "loguniform",
      "weight_decay": "choice",
      "dropout_ratio": "choice"
    },
    "wave": "A",
    "combo_id": "C2",
    "combo_desc": "a_c2_std_bs_mid",
    "pair_id": "pair01"
  },
  "best_mrr@20": 0.4004,
  "best_hr@10": 0.4696,
  "test_mrr@20": 0.3761,
  "test_hr@10": 0.4439,
  "best_valid_result": {
    "hit@5": 0.4441,
    "hit@10": 0.4696,
    "hit@20": 0.4944,
    "ndcg@5": 0.4075,
    "ndcg@10": 0.4157,
    "ndcg@20": 0.4221,
    "mrr@5": 0.3952,
    "mrr@10": 0.3986,
    "mrr@20": 0.4004
  },
  "test_result": {
    "hit@5": 0.4199,
    "hit@10": 0.4439,
    "hit@20": 0.4682,
    "ndcg@5": 0.3834,
    "ndcg@10": 0.3912,
    "ndcg@20": 0.3973,
    "mrr@5": 0.3712,
    "mrr@10": 0.3744,
    "mrr@20": 0.3761
  },
  "best_valid_special_metrics": {
    "split": "valid",
    "overall": {
      "count": 60004,
      "hit@20": 0.49441703886407573,
      "ndcg@20": 0.4220503051052228,
      "mrr@20": 0.40037741058430765
    },
    "slices": {
      "target_popularity_abs": {
        "<=5": {
          "count": 49326,
          "hit@20": 0.4726716133479301,
          "ndcg@20": 0.40378086223919807,
          "mrr@20": 0.3830726144503274
        },
        "6-20": {
          "count": 10407,
          "hit@20": 0.5897953300663016,
          "ndcg@20": 0.5024493609471751,
          "mrr@20": 0.4766740370514964
        },
        "21-100": {
          "count": 271,
          "hit@20": 0.7896678966789668,
          "ndcg@20": 0.6598568167743648,
          "mrr@20": 0.6201463495535824
        }
      },
      "session_len": {
        "3-5": {
          "count": 5616,
          "hit@20": 0.4791666666666667,
          "ndcg@20": 0.3896084186299956,
          "mrr@20": 0.3627924209903724
        },
        "6-10": {
          "count": 54388,
          "hit@20": 0.49599176288887253,
          "ndcg@20": 0.425400191742806,
          "mrr@20": 0.4042583641321406
        }
      }
    },
    "counts": {
      "target_popularity_abs": {
        "<=5": 49326,
        "6-20": 10407,
        "21-100": 271
      },
      "session_len": {
        "3-5": 5616,
        "6-10": 54388
      }
    },
    "config_snapshot": {
      "target_popularity_abs_bins": [
        "<=5",
        "6-20",
        "21-100",
        ">100"
      ],
      "session_len_bins": [
        "1-2",
        "3-5",
        "6-10",
        "11+"
      ],
      "new_user_enabled": false,
      "feature_logging_available": true,
      "split": "valid",
      "item_seq_len_field": "item_length",
      "new_user_field": ""
    }
  },
  "test_special_metrics": {
    "split": "test",
    "overall": {
      "count": 60004,
      "hit@20": 0.4682187854143057,
      "ndcg@20": 0.3973370554952131,
      "mrr@20": 0.37608427516590837
    },
    "slices": {
      "target_popularity_abs": {
        "<=5": {
          "count": 52267,
          "hit@20": 0.45305833508714866,
          "ndcg@20": 0.386065248796614,
          "mrr@20": 0.36590006175653095
        },
        "6-20": {
          "count": 7508,
          "hit@20": 0.5648641449120938,
          "ndcg@20": 0.46887982697819036,
          "mrr@20": 0.4406596707203959
        },
        "21-100": {
          "count": 229,
          "hit@20": 0.759825327510917,
          "ndcg@20": 0.6244130049340069,
          "mrr@20": 0.5833603120429287
        }
      },
      "session_len": {
        "3-5": {
          "count": 4005,
          "hit@20": 0.44469413233458177,