{
  "valid": {
    "count": 3499,
    "hit@5": 0.018005144326950558,
    "hit@10": 0.025150042869391254,
    "hit@20": 0.03915404401257502,
    "ndcg@5": 0.01369907156540074,
    "ndcg@10": 0.01597401008295243,
    "ndcg@20": 0.019466233193005587,
    "mrr@5": 0.012279698987728052,
    "mrr@10": 0.013198782464424928,
    "mrr@20": 0.014132266511241515
  },
  "test": {
    "count": 2706,
    "hit@5": 0.1130820399113082,
    "hit@10": 0.1164079822616408,
    "hit@20": 0.12453806356245381,
    "ndcg@5": 0.10930731891484412,
    "ndcg@10": 0.1103612220097892,
    "ndcg@20": 0.11240316374008513,
    "mrr@5": 0.10803769402762121,
    "mrr@10": 0.10845988927751846,
    "mrr@20": 0.10901385027411375
  },
  "slice_metrics": {
    "valid": {
      "target_popularity_abs": {
        "cold_0": {
          "count": 860,
          "hit@5": 0.0,
          "hit@10": 0.0,
          "hit@20": 0.0,
          "ndcg@5": 0.0,
          "ndcg@10": 0.0,
          "ndcg@20": 0.0,
          "mrr@5": 0.0,
          "mrr@10": 0.0,
          "mrr@20": 0.0
        },
        "rare_1_5": {
          "count": 116,
          "hit@5": 0.017241379310344827,
          "hit@10": 0.017241379310344827,
          "hit@20": 0.017241379310344827,
          "ndcg@5": 0.017241379310344827,
          "ndcg@10": 0.017241379310344827,
          "ndcg@20": 0.017241379310344827,
          "mrr@5": 0.017241379310344827,
          "mrr@10": 0.017241379310344827,
          "mrr@20": 0.017241379310344827
        },
        "6_20": {
          "count": 334,
          "hit@5": 0.0029940119760479044,
          "hit@10": 0.0029940119760479044,
          "hit@20": 0.011976047904191617,
          "ndcg@5": 0.0029940119760479044,
          "ndcg@10": 0.0029940119760479044,
          "ndcg@20": 0.005142163775281278,
          "mrr@5": 0.0029940119760479044,
          "mrr@10": 0.0029940119760479044,
          "mrr@20": 0.0035194317380825204
        },
        "21_100": {
          "count": 1259,
          "hit@5": 0.015885623510722795,
          "hit@10": 0.023828435266084195,
          "hit@20": 0.03891977760127085,
          "ndcg@5": 0.010976868834734152,
          "ndcg@10": 0.01341559055591974,
          "ndcg@20": 0.01712047606351548,
          "mrr@5": 0.009385755911433952,
          "mrr@10": 0.010316514780684252,
          "mrr@20": 0.011277765541605953
        },
        "101+": {
          "count": 930,
          "hit@5": 0.043010752688172046,
          "hit@10": 0.05913978494623656,
          "hit@20": 0.08817204301075268,
          "ndcg@5": 0.03345502531656655,
          "ndcg@10": 0.038712723408975906,
          "ndcg@20": 0.046064718147759795,
          "mrr@5": 0.030268817274801192,
          "mrr@10": 0.03246671799370038,
          "mrr@20": 0.034488820973583446
        }
      },
      "target_popularity_abs_legacy": {
        "<=5": {
          "count": 976,
          "hit@5": 0.0020491803278688526,
          "hit@10": 0.0020491803278688526,
          "hit@20": 0.0020491803278688526,
          "ndcg@5": 0.0020491803278688526,
          "ndcg@10": 0.0020491803278688526,
          "ndcg@20": 0.0020491803278688526,
          "mrr@5": 0.0020491803278688526,
          "mrr@10": 0.0020491803278688526,
          "mrr@20": 0.0020491803278688526
        },
        "6-20": {
          "count": 334,
          "hit@5": 0.0029940119760479044,
          "hit@10": 0.0029940119760479044,
          "hit@20": 0.011976047904191617,
          "ndcg@5": 0.0029940119760479044,
          "ndcg@10": 0.0029940119760479044,
          "ndcg@20": 0.005142163775281278,
          "mrr@5": 0.0029940119760479044,
          "mrr@10": 0.0029940119760479044,
          "mrr@20": 0.0035194317380825204
        },
        "21-100": {
          "count": 1259,
          "hit@5": 0.015885623510722795,
          "hit@10": 0.023828435266084195,
          "hit@20": 0.03891977760127085,
          "ndcg@5": 0.010976868834734152,
          "ndcg@10": 0.01341559055591974,
          "ndcg@20": 0.01712047606351548,
          "mrr@5": 0.009385755911433952,
          "mrr@10": 0.010316514780684252,
          "mrr@20": 0.011277765541605953
        },
        ">100": {
          "count": 930,
          "hit@5": 0.043010752688172046,
          "hit@10": 0.05913978494623656,
          "hit@20": 0.08817204301075268,
          "ndcg@5": 0.03345502531656655,
          "ndcg@10": 0.038712723408975906,
          "ndcg@20": 0.046064718147759795,
          "mrr@5": 0.030268817274801192,
          "mrr@10": 0.03246671799370038,
          "mrr@20": 0.034488820973583446
        }
      },
      "session_len": {
        "<=7": {
          "count": 2358,
          "hit@5": 0.014843087362171332,
          "hit@10": 0.021628498727735368,
          "hit@20": 0.03307888040712468,
          "ndcg@5": 0.010368544118600543,
          "ndcg@10": 0.012542427306563497,
          "ndcg@20": 0.015395576230695027,
          "mrr@5": 0.00888464803332692,
          "mrr@10": 0.009771530937476113,
          "mrr@20": 0.01053327735137444
        },
        "8-12": {
          "count": 1141,
          "hit@5": 0.024539877300613498,
          "hit@10": 0.03242769500438212,
          "hit@20": 0.051709027169149865,
          "ndcg@5": 0.02058196702513331,
          "ndcg@10": 0.023065747319346033,
          "ndcg@20": 0.02787868640696553,
          "mrr@5": 0.019295939259838368,
          "mrr@10": 0.020281568705043072,
          "mrr@20": 0.02156996715888969
        }
      },
      "session_len_legacy": {
        "1-2": {
          "count": 615,
          "hit@5": 0.004878048780487805,
          "hit@10": 0.008130081300813009,
          "hit@20": 0.01951219512195122,
          "ndcg@5": 0.003352205443188427,
          "ndcg@10": 0.00438369057042812,
          "ndcg@20": 0.007082232009104597,
          "mrr@5": 0.002845528455284553,
          "mrr@10": 0.0032584849775322083,
          "mrr@20": 0.003905919969566469
        },
        "3-5": {
          "count": 1305,
          "hit@5": 0.019157088122605363,
          "hit@10": 0.02681992337164751,
          "hit@20": 0.04061302681992337,
          "ndcg@5": 0.01355929851988723,
          "ndcg@10": 0.016023245967667677,
          "ndcg@20": 0.019519395481124236,
          "mrr@5": 0.011711366571685821,
          "mrr@10": 0.012723347379101647,
          "mrr@20": 0.013688203035871645
        },
        "6-10": {
          "count": 1579,
          "hit@5": 0.022165927802406588,
          "hit@10": 0.030398986700443317,
          "hit@20": 0.045598480050664976,
          "ndcg@5": 0.017844560159166228,
          "ndcg@10": 0.020447596954801098,
          "ndcg@20": 0.024245703707321146,
          "mrr@5": 0.016423897012039557,
          "mrr@10": 0.017463333281895418,
          "mrr@20": 0.018482301950435837
        }
      }
    },
    "test": {
      "target_popularity_abs": {
        "cold_0": {
          "count": 1813,
          "hit@5": 0.0,
          "hit@10": 0.0,
          "hit@20": 0.0,
          "ndcg@5": 0.0,
          "ndcg@10": 0.0,
          "ndcg@20": 0.0,
          "mrr@5": 0.0,
          "mrr@10": 0.0,
          "mrr@20": 0.0
        },
        "rare_1_5": {
          "count": 93,
          "hit@5": 0.3548387096774194,
          "hit@10": 0.3548387096774194,
          "hit@20": 0.3763440860215054,
          "ndcg@5": 0.3244347466576484,
          "ndcg@10": 0.3244347466576484,
          "ndcg@20": 0.32951346488409144,
          "mrr@5": 0.31397849465570143,
          "mrr@10": 0.31397849465570143,
          "mrr@20": 0.31518817208306765
        },
        "6_20": {
          "count": 112,
          "hit@5": 0.3392857142857143,
          "hit@10": 0.3482142857142857,
          "hit@20": 0.3482142857142857,
          "ndcg@5": 0.33269517443009783,
          "ndcg@10": 0.33567136499498573,
          "ndcg@20": 0.33567136499498573,
          "mrr@5": 0.33035714285714285,
          "mrr@10": 0.33163265311824425,
          "mrr@20": 0.33163265311824425
        },
        "21_100": {
          "count": 425,