stage_name,stage_key,split,aggregation_level,node_kind,node_name,route_space,support_size,wrapper_name,source_type,temperature,top_k,entropy_norm,n_eff_norm,top1_monopoly_norm,jitter_adj_norm,knn_consistency_score,knn_consistency_js,n_eff,cv_usage,top1_max_frac,entropy_mean
macro,macro@1,best_valid,session,final,final.expert,expert,20,FlatJointWrapper,,,,0.9416108332207811,0.8430754395065231,0.3678106483966365,0.7761284459254771,0.9892782316222984,0.010779660713607905,16.86150879013046,0.43143189800632153,0.39942011597680466,2.8208139622075583
macro,macro@1,best_valid,session,final,final.group,group,4,FlatJointWrapper,,,,0.9834744868842441,0.978813513835182,0.3611944277811105,0.0,0.9985640758599075,0.0014369560671247867,3.915254055340728,0.14712316674728196,0.5208958208358329,1.3633851354729054
macro,macro@1,best_valid,session,final,final.intra.Exposure,intra,5,FlatJointWrapper,,,,0.9255757830979799,0.9164356454572611,0.1474830033993201,0.0,0.9913341131451815,0.00870365400115365,4.582178227286305,0.30196707245756577,0.3179864027194561,1.4896567561487704
macro,macro@1,best_valid,session,final,final.intra.Focus,intra,5,FlatJointWrapper,,,,0.8797997135491311,0.81280417767345,0.40949310137972406,0.0,0.9898987298567606,0.010152634159773886,4.06402088836725,0.4799048158540604,0.5275944811037793,1.415983014334633
macro,macro@1,best_valid,session,final,final.intra.Memory,intra,5,FlatJointWrapper,,,,0.8772154406695952,0.8014278578817811,0.6560062987402521,0.0,0.9895360482237131,0.0105190838565483,4.007139289408905,0.49776788059222876,0.7248050389922016,1.4118237875862327
macro,macro@1,best_valid,session,final,final.intra.Tempo,intra,5,FlatJointWrapper,,,,0.9361418550612937,0.9044165885289708,0.6978729254149171,0.0,0.9924751662894753,0.0075532881046370395,4.522082942644854,0.3250922344542532,0.7582983403319337,1.5066621929520345
