{
  "split": "early_valid",
  "feature_mode": "none",
  "stage_metrics": {
    "macro@1": {
      "mode": "moe",
      "n_slots": 4,
      "expert_names": [
        "Tempo",
        "Focus",
        "Memory",
        "Exposure"
      ],
      "family_names": [
        "Tempo",
        "Focus",
        "Memory",
        "Exposure"
      ],
      "usage_sum": [
        202.51089477539062,
        588.2120361328125,
        336.64453125,
        2215.632568359375
      ],
      "top1_count": [
        11.0,
        325.0,
        210.0,
        2797.0
      ],
      "entropy_mean": 0.7777702475321567,
      "route_jitter_adjacent": 0.26288659793814434,
      "route_jitter_session": 0.1430014430014433,
      "route_consistency_knn_js": 0.016697193066659347,
      "route_consistency_knn_score": 0.9834414324368614,
      "route_consistency_group_knn_js": 0.016697193066659347,
      "route_consistency_group_knn_score": 0.9834414324368614,
      "route_consistency_intra_group_knn": {
        "group_names": [
          "Tempo",
          "Focus",
          "Memory",
          "Exposure"
        ],
        "js_by_group": [
          0.0,
          0.0,
          0.0,
          0.0
        ],
        "score_by_group": [
          1.0,
          1.0,
          1.0,
          1.0
        ],
        "mean_js": 0.0,
        "mean_score": 1.0
      },
      "route_consistency_feature_group_knn": {
        "group_names": [
          "Tempo",
          "Focus",
          "Memory",
          "Exposure"
        ],
        "js_by_group": [
          0.028210446785131328,
          0.033352628278960454,
          0.03376236448637797,
          0.033190856519878575
        ],
        "score_by_group": [
          0.9721837523265389,
          0.9671974382799811,
          0.96680122364708,
          0.9673539161674615
        ],
        "mean_js": 0.03212907401758708,
        "mean_score": 0.9683840826052653
      },
      "condition_norm": 0.0,
      "stage_delta_norm": 7.345129336124402,
      "shared_delta_norm": 7.79106048145933,
      "moe_delta_norm": 7.345129336124402,
      "residual_delta_norm": 7.345129336124402,
      "alpha_value": 1.0,
      "alpha_effective": 1.0,
      "usage_share": [
        0.06057759374380112,
        0.17595334351062775,
        0.10070132464170456,
        0.662767767906189
      ],
      "n_eff": 2.065983030514387,
      "cv_usage": 0.9675351977348328,
      "dead_expert_frac": 0.0,
      "top1_max_frac": 0.8366736464253665,
      "wrapper_name": "FlatJointWrapper",
      "feature_family_expert_heatmap": {
        "family_names": [
          "Tempo",
          "Focus",
          "Memory",
          "Exposure"
        ],
        "values": [
          [
            83.54450988769531,
            245.0110626220703,
            148.91769409179688,
            936.2081909179688
          ],
          [
            106.02831268310547,
            309.23321533203125,
            181.18299865722656,
            1172.0791015625
          ],
          [
            92.92522430419922,
            268.4090576171875,
            144.65814208984375,
            996.4275512695312
          ],
          [
            98.24443054199219,
            285.857666015625,
            162.5396728515625,
            1072.9256591796875
          ]
        ]
      },
      "position_expert_usage": {
        "values": [
          [
            0.0,
            3.0,
            0.0,
            624.0
          ],
          [
            0.0,
            19.0,
            1.0,
            599.0
          ],
          [
            0.0,
            70.0,
            0.0,
            530.0
          ],
          [
            0.0,
            48.0,
            107.0,
            387.0
          ],
          [
            10.0,
            116.0,
            18.0,
            178.0
          ],
          [
            0.0,
            46.0,
            39.0,
            128.0
          ],
          [
            0.0,
            13.0,
            1.0,
            140.0
          ],
          [
            1.0,
            0.0,
            2.0,
            109.0
          ],
          [
            0.0,
            8.0,
            5.0,
            72.0
          ],
          [
            0.0,
            2.0,
            37.0,
            30.0
          ]
        ]
      },
      "route_transition_matrix": {
        "values": [
          [
            0.0,
            2.0,
            0.0,
            5.0
          ],
          [
            0.0,
            48.0,
            28.0,
            153.0
          ],
          [
            2.0,
            28.0,
            10.0,
            71.0
          ],
          [
            9.0,
            244.0,
            172.0,
            1944.0
          ]
        ]
      },
      "group_routing": {
        "group_names": [
          "Tempo",
          "Focus",
          "Memory",
          "Exposure"
        ],
        "group_share": [
          0.06057759374380112,
          0.17595334351062775,
          0.10070132464170456,
          0.662767767906189
        ],
        "group_n_eff": 2.065983030514387,
        "group_cv_usage": 0.9675351393069473,
        "group_top1_max_frac": 0.8366736464253665,
        "group_entropy_mean": 0.7777702475321567,
        "group_prior_mean": [
          0.0,
          0.0,
          0.0,
          0.0
        ],
        "factored_group_entropy_mean": 0.0
      },
      "specialization_summary": {
        "mean_top_expert_share": 0.6626711487770081,
        "family_top_expert": [
          {
            "family": "Tempo",
            "expert": "Exposure",
            "top_share": 0.6622483730316162
          },
          {
            "family": "Focus",
            "expert": "Exposure",
            "top_share": 0.6627443432807922
          },
          {
            "family": "Memory",
            "expert": "Exposure",
            "top_share": 0.6632151007652283
          },
          {
            "family": "Exposure",
            "expert": "Exposure",
            "top_share": 0.6624767184257507
          }
        ]
      },
      "expert_similarity_mean": 0.20236974954605103,
      "expert_similarity_max": 0.285953551530838
    }
  },
  "scalar_metrics": {
    "macro_1.entropy_mean": 0.7777702475321567,
    "macro_1.n_eff": 2.065983030514387,
    "macro_1.cv_usage": 0.9675351977348328,
    "macro_1.dead_expert_frac": 0.0,
    "macro_1.top1_max_frac": 0.8366736464253665,
    "macro_1.route_jitter_adjacent": 0.26288659793814434,
    "macro_1.route_jitter_session": 0.1430014430014433,
    "macro_1.route_consistency_knn_js": 0.016697193066659347,
    "macro_1.route_consistency_knn_score": 0.9834414324368614,
    "macro_1.route_consistency_group_knn_js": 0.016697193066659347,
    "macro_1.route_consistency_group_knn_score": 0.9834414324368614,
    "macro_1.route_consistency_intra_group_knn_mean_js": 0.0,
    "macro_1.route_consistency_intra_group_knn_mean_score": 1.0,
    "macro_1.route_consistency_feature_group_knn_mean_js": 0.03212907401758708,
    "macro_1.route_consistency_feature_group_knn_mean_score": 0.9683840826052653,
    "macro_1.route_consistency_feature_group_knn_tempo_js": 0.028210446785131328,
    "macro_1.route_consistency_feature_group_knn_tempo_score": 0.9721837523265389,
    "macro_1.route_consistency_feature_group_knn_focus_js": 0.033352628278960454,
    "macro_1.route_consistency_feature_group_knn_focus_score": 0.9671974382799811,
    "macro_1.route_consistency_feature_group_knn_memory_js": 0.03376236448637797,
    "macro_1.route_consistency_feature_group_knn_memory_score": 0.96680122364708,
    "macro_1.route_consistency_feature_group_knn_exposure_js": 0.033190856519878575,
    "macro_1.route_consistency_feature_group_knn_exposure_score": 0.9673539161674615,
    "macro_1.condition_norm": 0.0,
    "macro_1.stage_delta_norm": 7.345129336124402,
    "macro_1.shared_delta_norm": 7.79106048145933,
    "macro_1.moe_delta_norm": 7.345129336124402,