stage_name,stage_key,split,aggregation_level,node_kind,node_name,route_space,support_size,wrapper_name,source_type,temperature,top_k,entropy_norm,n_eff_norm,top1_monopoly_norm,jitter_adj_norm,knn_consistency_score,knn_consistency_js,n_eff,cv_usage,top1_max_frac,entropy_mean
macro,macro@1,best_valid,session,final,final.expert,expert,20,FlatJointWrapper,,,,0.8413279851792145,0.7628659965851762,0.21938744697378315,0.8466978965738955,0.9622438753132703,0.03848735180266349,15.257319931703524,0.5575358784565944,0.258418074625094,2.5203933978455266
macro,macro@1,best_valid,session,final,final.group,group,4,FlatJointWrapper,,,,0.9371798005278532,0.9815178421932456,0.31953731914163996,0.0,0.9916247524215461,0.008410517029436564,3.9260713687729822,0.13722272217273712,0.48965298935623,1.2992070728272267
macro,macro@1,best_valid,session,final,final.intra.Exposure,intra,5,FlatJointWrapper,,,,0.7445776998450437,0.7127898393173926,0.5266193170577296,0.0,0.9749455957535608,0.02537360876824182,3.563949196586963,0.6347740346972043,0.6212954536461837,1.1983515788835912
macro,macro@1,best_valid,session,final,final.intra.Focus,intra,5,FlatJointWrapper,,,,0.7722331530939925,0.7710578297416666,0.3946108495232065,0.0,0.972567278829677,0.02781602456658934,3.8552891487083327,0.5449032329782362,0.5156886796185652,1.2428613138279982
macro,macro@1,best_valid,session,final,final.intra.Memory,intra,5,FlatJointWrapper,,,,0.7902664152888664,0.8915284564931465,0.24974280853084319,0.0,0.9709414267769946,0.029489135088052502,4.4576422824657325,0.3488112934110866,0.39979424682467457,1.271884729689293
macro,macro@1,best_valid,session,final,final.intra.Tempo,intra,5,FlatJointWrapper,,,,0.8380148388774,0.8903640179115987,0.33407193447552724,0.0,0.9788061874093672,0.021421626010054214,4.451820089557994,0.3509075514836974,0.4672575475804218,1.3487328528716416
