{
  "split": "best_valid",
  "feature_mode": "none",
  "stages": [
    {
      "stage": "macro@1",
      "n_eff": 15.858149043130831,
      "cv_usage": 0.09457777440547943,
      "top1_max_frac": 0.10419026047565119,
      "entropy_mean": 2.6194863650470426,
      "route_jitter_adjacent": 0.7252481547467549,
      "route_consistency_knn_js": 0.03821256311517234,
      "route_consistency_knn_score": 0.962508325377093,
      "route_consistency_group_knn_js": 0.007254422747999948,
      "route_consistency_group_knn_score": 0.9927718270626076,
      "route_consistency_intra_group_knn_mean_js": 0.03074134314662677,
      "route_consistency_intra_group_knn_mean_score": 0.9697341068529612,
      "route_consistency_feature_group_knn_mean_score": 0.958045908017985,
      "family_top_expert_mean_share": 0.07272782921791077,
      "route_consistency_feature_group_knn_tempo_js": 0.044401458007003416,
      "route_consistency_feature_group_knn_tempo_score": 0.956569857749599,
      "route_consistency_feature_group_knn_focus_js": 0.043587015400075084,
      "route_consistency_feature_group_knn_focus_score": 0.957349246338809,
      "route_consistency_feature_group_knn_memory_js": 0.043602421678123275,
      "route_consistency_feature_group_knn_memory_score": 0.9573344972637452,
      "route_consistency_feature_group_knn_exposure_js": 0.039853681486899335,
      "route_consistency_feature_group_knn_exposure_score": 0.9609300307197866
    }
  ]
}
