{
  "split": "best_valid",
  "feature_mode": "none",
  "stages": [
    {
      "stage": "macro@1",
      "n_eff": 11.198737229639827,
      "cv_usage": 0.267487197593236,
      "top1_max_frac": 0.733670668386414,
      "entropy_mean": 2.278881644039863,
      "route_jitter_adjacent": 0.0,
      "route_consistency_knn_js": 0.0023380449998721933,
      "route_consistency_knn_score": 0.9976646860984469,
      "route_consistency_group_knn_js": 0.001610910719599096,
      "route_consistency_group_knn_score": 0.9983903861006268,
      "route_consistency_intra_group_knn_mean_js": 0.0009433484016190183,
      "route_consistency_intra_group_knn_mean_score": 0.9990573165504603,
      "route_consistency_feature_group_knn_mean_score": 0.990790586529311,
      "family_top_expert_mean_share": 0.10862123966217041,
      "route_consistency_feature_group_knn_tempo_js": 0.009052677170324137,
      "route_consistency_feature_group_knn_tempo_score": 0.99098817494504,
      "route_consistency_feature_group_knn_focus_js": 0.004325427762318102,
      "route_consistency_feature_group_knn_focus_score": 0.9956839134272786,
      "route_consistency_feature_group_knn_memory_js": 0.008906070916402746,
      "route_consistency_feature_group_knn_memory_score": 0.991133470659419,
      "route_consistency_feature_group_knn_exposure_js": 0.014751483004639661,
      "route_consistency_feature_group_knn_exposure_score": 0.9853567870855066
    }
  ]
}
