stage_name,stage_key,split,aggregation_level,node_kind,node_name,route_space,support_size,wrapper_name,source_type,temperature,top_k,entropy_norm,n_eff_norm,top1_monopoly_norm,jitter_adj_norm,knn_consistency_score,knn_consistency_js,n_eff,cv_usage,top1_max_frac,entropy_mean
micro,micro@1,best_valid,token,final,final.expert,expert,12,FlatJointWrapper,,,,0.45538021173842064,0.4174979065649873,0.31501458617353056,0.6767704601818683,0.8943068904529115,0.11170628480347064,5.009974878779848,1.1811950314757247,0.37209670399240297,1.131577316330669
micro,micro@1,best_valid,token,final,final.group,group,4,FlatJointWrapper,,,,0.5775367377694245,0.7446710786206652,0.2942666086337198,0.0,0.9482859469078404,0.05309919044950343,2.9786843144826607,0.5855551362037659,0.47069995647528984,0.8006359229093302
micro,micro@1,best_valid,token,final,final.intra.Exposure,intra,3,FlatJointWrapper,,,,0.35794976190305433,0.7276946851537861,0.41407826534246034,0.0,0.9458704452613904,0.05564966934958537,2.183084055461358,0.6117210205876523,0.6093855102283069,0.3932480071525195
micro,micro@1,best_valid,token,final,final.intra.Focus,intra,3,FlatJointWrapper,,,,0.2952264316790657,0.5367019496390225,0.7196217307007478,0.0,0.959887917130322,0.04093875432566392,1.6101058489170674,0.9291025123267617,0.8130811538004985,0.32433938578225774
micro,micro@1,best_valid,token,final,final.intra.Memory,intra,3,FlatJointWrapper,,,,0.30087365289478046,0.5305409724810672,0.751671744549519,0.0,0.9648219567440917,0.03581169544883918,1.5916229174432017,0.9406746292516368,0.8344478296996795,0.3305434924066692
micro,micro@1,best_valid,token,final,final.intra.Tempo,intra,3,FlatJointWrapper,,,,0.3007067610903804,0.5816084982456636,0.6749297669449611,0.0,0.9626524028874884,0.03806288469243165,1.744825494736991,0.8481566653204958,0.7832865112966407,0.3303601430194773
