stage_name,stage_key,split,aggregation_level,node_kind,node_name,route_space,support_size,wrapper_name,source_type,temperature,top_k,entropy_norm,n_eff_norm,top1_monopoly_norm,jitter_adj_norm,knn_consistency_score,knn_consistency_js,n_eff,cv_usage,top1_max_frac,entropy_mean
macro,macro@1,best_valid,session,final,final.expert,expert,12,ScalarGroupConditionalProductWrapper,,,,0.9637133524348155,0.984756370730262,0.7092965469968298,0.0,0.9976626530318139,0.002340082827544018,11.817076448763144,0.12441635144011795,0.733521834747094,2.3947377179547598
macro,macro@1,best_valid,session,final,final.group,group,4,ScalarGroupConditionalProductWrapper,,,,0.9919556009053193,0.9998128764371864,0.6477955806890775,0.0,0.9996088584722294,0.00039121804357105224,3.9992515057487457,0.013679120689630508,0.7358466855168081,1.3751424560163368
macro,macro@1,best_valid,session,final,final.intra.Exposure,intra,3,ScalarGroupConditionalProductWrapper,,,,0.9939642828785944,0.9991157132848163,0.6334213006597549,0.0,0.999682823570572,0.0003172267405102216,2.997347139854449,0.029752989210366558,0.7556142004398366,1.091981375667609
macro,macro@1,best_valid,session,final,final.intra.Focus,intra,3,ScalarGroupConditionalProductWrapper,,,,0.9713888480509246,0.9932725110502143,0.719679547596607,0.0,0.9986438229551431,0.001357097485226291,2.979817533150643,0.08229888171556944,0.813119698397738,1.067179725543905
macro,macro@1,best_valid,session,final,final.intra.Memory,intra,3,ScalarGroupConditionalProductWrapper,,,,0.9755259309569307,0.9830443008188161,0.6496135721017907,0.0,0.9990997740007592,0.0009006314460130158,2.9491329024564483,0.13133186828101073,0.7664090480678605,1.071724775663682
macro,macro@1,best_valid,session,final,final.intra.Tempo,intra,3,ScalarGroupConditionalProductWrapper,,,,0.7979818678863125,0.9422976889403438,0.6775117813383601,0.0,0.9944065741905411,0.005609127594153911,2.8268930668210315,0.24745856233064645,0.7850078542255734,0.876672686194235
