{
  "model": "FAME",
  "dataset": "lastfm0.03",
  "dataset_raw": "lastfm0.03",
  "max_evals": 5,
  "tune_epochs": 34,
  "n_completed": 5,
  "n_recorded_trials": 5,
  "timestamp": "2026-03-29T20:36:31.439275",
  "trials": [
    {
      "trial": 1,
      "params": {
        "learning_rate": 0.0007773872815709164
      },
      "mrr@20": 0.025,
      "valid_result": {
        "hit@5": 0.0316,
        "hit@10": 0.0332,
        "hit@20": 0.0364,
        "ndcg@5": 0.0263,
        "ndcg@10": 0.0268,
        "ndcg@20": 0.0276,
        "mrr@5": 0.0246,
        "mrr@10": 0.0248,
        "mrr@20": 0.025
      },
      "test_result": {
        "hit@5": 0.0252,
        "hit@10": 0.03,
        "hit@20": 0.0337,
        "ndcg@5": 0.0202,
        "ndcg@10": 0.0217,
        "ndcg@20": 0.0227,
        "mrr@5": 0.0185,
        "mrr@10": 0.0191,
        "mrr@20": 0.0194
      },
      "best_hr@10": 0.0332,
      "test_mrr@20": 0.0194,
      "test_hr@10": 0.03,
      "epochs_run": 11,
      "early_stop_epoch": 11,
      "early_stopped": true,
      "elapsed": 180.8,
      "status": "ok"
    },
    {
      "trial": 2,
      "params": {
        "learning_rate": 0.0010249665186296438
      },
      "mrr@20": 0.0246,
      "valid_result": {
        "hit@5": 0.0306,
        "hit@10": 0.034,
        "hit@20": 0.0375,
        "ndcg@5": 0.0255,
        "ndcg@10": 0.0267,
        "ndcg@20": 0.0275,
        "mrr@5": 0.0239,
        "mrr@10": 0.0243,
        "mrr@20": 0.0246
      },
      "test_result": {
        "hit@5": 0.0239,
        "hit@10": 0.03,
        "hit@20": 0.0337,
        "ndcg@5": 0.0181,
        "ndcg@10": 0.0201,
        "ndcg@20": 0.0211,
        "mrr@5": 0.0162,
        "mrr@10": 0.017,
        "mrr@20": 0.0173
      },
      "best_hr@10": 0.034,
      "test_mrr@20": 0.0173,
      "test_hr@10": 0.03,
      "epochs_run": 10,
      "early_stop_epoch": 10,
      "early_stopped": true,
      "elapsed": 170.5,
      "status": "ok"
    },
    {
      "trial": 3,
      "params": {
        "learning_rate": 0.001714938656883028
      },
      "mrr@20": 0.2025,
      "valid_result": {
        "hit@5": 0.2317,
        "hit@10": 0.2517,
        "hit@20": 0.2687,
        "ndcg@5": 0.2068,
        "ndcg@10": 0.2134,
        "ndcg@20": 0.2177,
        "mrr@5": 0.1985,
        "mrr@10": 0.2013,
        "mrr@20": 0.2025
      },
      "test_result": {
        "hit@5": 0.2317,
        "hit@10": 0.2508,
        "hit@20": 0.2707,
        "ndcg@5": 0.2043,
        "ndcg@10": 0.2104,
        "ndcg@20": 0.2155,
        "mrr@5": 0.1951,
        "mrr@10": 0.1976,
        "mrr@20": 0.1991
      },
      "best_hr@10": 0.2517,
      "test_mrr@20": 0.1991,
      "test_hr@10": 0.2508,
      "epochs_run": 29,
      "early_stop_epoch": 29,
      "early_stopped": true,
      "elapsed": 485.5,
      "status": "ok"
    },
    {
      "trial": 4,
      "params": {
        "learning_rate": 0.002134429913033758
      },
      "mrr@20": 0.2004,
      "valid_result": {
        "hit@5": 0.2285,
        "hit@10": 0.2501,
        "hit@20": 0.2703,
        "ndcg@5": 0.2042,
        "ndcg@10": 0.2112,
        "ndcg@20": 0.2163,
        "mrr@5": 0.1961,
        "mrr@10": 0.1989,
        "mrr@20": 0.2004
      },
      "test_result": {
        "hit@5": 0.2327,
        "hit@10": 0.2516,
        "hit@20": 0.2699,
        "ndcg@5": 0.2044,
        "ndcg@10": 0.2105,
        "ndcg@20": 0.2152,
        "mrr@5": 0.1949,
        "mrr@10": 0.1974,
        "mrr@20": 0.1987
      },
      "best_hr@10": 0.2501,
      "test_mrr@20": 0.1987,
      "test_hr@10": 0.2516,
      "epochs_run": 34,
      "early_stop_epoch": 34,
      "early_stopped": false,
      "elapsed": 560.2,
      "status": "ok"
    },
    {
      "trial": 5,
      "params": {
        "learning_rate": 0.0011991140202400618
      },
      "mrr@20": 0.0246,
      "valid_result": {
        "hit@5": 0.0311,
        "hit@10": 0.033,
        "hit@20": 0.0364,
        "ndcg@5": 0.0258,
        "ndcg@10": 0.0264,
        "ndcg@20": 0.0273,
        "mrr@5": 0.0241,
        "mrr@10": 0.0243,
        "mrr@20": 0.0246
      },
      "test_result": {
        "hit@5": 0.0258,
        "hit@10": 0.0303,
        "hit@20": 0.0327,
        "ndcg@5": 0.0199,
        "ndcg@10": 0.0213,
        "ndcg@20": 0.0219,
        "mrr@5": 0.0179,
        "mrr@10": 0.0185,
        "mrr@20": 0.0187
      },
      "best_hr@10": 0.033,
      "test_mrr@20": 0.0187,
      "test_hr@10": 0.0303,
      "epochs_run": 9,
      "early_stop_epoch": 9,
      "early_stopped": true,
      "elapsed": 148.5,
      "status": "ok"
    }
  ],
  "run_group": "baseline",
  "run_axis": "stageb_structure_anchor2_core5",
  "run_phase": "P17_SB_D00_M05_FAME_B1_S1",
  "parent_result": "",
  "interrupted": false,
  "interrupted_at": null,
  "tuned_search": {
    "learning_rate": [
      0.000544,
      0.00264384
    ]
  },
  "fixed_search": {
    "num_heads": 2,
    "num_experts": 2,
    "num_layers": 1,
    "weight_decay": 0.00047999999999999996,
    "dropout_ratio": 0.24000000000000002,
    "hidden_size": 96,
    "embedding_size": 96,
    "n_layers": 1,
    "dropout_prob": 0.24000000000000002,
    "hidden_dropout_prob": 0.24000000000000002,
    "attn_dropout_prob": 0.24000000000000002,
    "inner_size": 192,
    "n_heads": 2
  },
  "context_fixed": {
    "num_layers": 1,
    "search_space_type_overrides": {
      "learning_rate": "loguniform",
      "weight_decay": "choice",
      "dropout_ratio": "choice",
      "hidden_size": "choice",
      "embedding_size": "choice",
      "n_layers": "choice",
      "num_layers": "choice",
      "dropout_prob": "choice",
      "hidden_dropout_prob": "choice",
      "attn_dropout_prob": "choice",
      "inner_size": "choice",
      "n_heads": "choice",
      "num_heads": "choice",
      "num_experts": "choice"
    }
  },
  "best_params": {
    "learning_rate": 0.001714938656883028
  },
  "best_mrr@20": 0.2025,
  "best_hr@10": 0.2517,
  "test_mrr@20": 0.1991,
  "test_hr@10": 0.2508,
  "best_valid_result": {
    "hit@5": 0.2317,
    "hit@10": 0.2517,
    "hit@20": 0.2687,
    "ndcg@5": 0.2068,
    "ndcg@10": 0.2134,
    "ndcg@20": 0.2177,
    "mrr@5": 0.1985,
    "mrr@10": 0.2013,
    "mrr@20": 0.2025
  },
  "test_result": {
    "hit@5": 0.2317,
    "hit@10": 0.2508,
    "hit@20": 0.2707,
    "ndcg@5": 0.2043,
    "ndcg@10": 0.2104,
    "ndcg@20": 0.2155,
    "mrr@5": 0.1951,
    "mrr@10": 0.1976,
    "mrr@20": 0.1991
  },
  "best_valid_special_metrics": {
    "split": "best_valid",
    "overall": {
      "count": 3763,
      "hit@20": 0.2686686154663832,
      "ndcg@20": 0.21771770718881434,
      "mrr@20": 0.20248498603376877
    },
    "slices": {
      "target_popularity_abs": {
        "rare_1_5": {
          "count": 3735,
          "hit@20": 0.2677376171352075,
          "ndcg@20": 0.21729775841935092,
          "mrr@20": 0.2022038078182433
        },
        "6_20": {
          "count": 28,
          "hit@20": 0.39285714285714285,
          "ndcg@20": 0.273735873401165,
          "mrr@20": 0.23999215156904288
        }
      },
      "target_popularity_abs_legacy": {
        "<=5": {
          "count": 3735,
          "hit@20": 0.2677376171352075,
          "ndcg@20": 0.21729775841935092,
          "mrr@20": 0.2022038078182433
        },
        "6-20": {
          "count": 28,
          "hit@20": 0.39285714285714285,
          "ndcg@20": 0.273735873401165,
          "mrr@20": 0.23999215156904288
        }
      },
      "session_len": {
        "<=7": {
          "count": 1152,
          "hit@20": 0.2664930555555556,
          "ndcg@20": 0.22253687298184055,
          "mrr@20": 0.20919623009265503
        },
        "8-12": {
          "count": 2611,
          "hit@20": 0.2696284948295672,
          "ndcg@20": 0.21559144177572886,
          "mrr@20": 0.19952391626899016
        }
      },
      "session_len_legacy": {
        "3-5": {
          "count": 665,
          "hit@20": 0.23157894736842105,
          "ndcg@20": 0.1908984908708056,