{
  "split": "best_valid",
  "feature_mode": "none",
  "stages": [
    {
      "stage": "macro@1",
      "n_eff": 9.71282127136629,
      "cv_usage": 0.8045539855957031,
      "top1_max_frac": 0.7549954496893918,
      "entropy_mean": 2.3975598959363746,
      "route_jitter_adjacent": 0.0,
      "route_consistency_knn_js": 0.014085557059445836,
      "route_consistency_knn_score": 0.9860131802656672,
      "route_consistency_group_knn_js": 0.0013768580955381086,
      "route_consistency_group_knn_score": 0.9986240893386922,
      "route_consistency_intra_group_knn_mean_js": 0.012461500530346493,
      "route_consistency_intra_group_knn_mean_score": 0.9876230198177214,
      "route_consistency_feature_group_knn_mean_score": 0.9657983795628813,
      "family_top_expert_mean_share": 0.2103251963853836,
      "route_consistency_feature_group_knn_tempo_js": 0.027557117934225626,
      "route_consistency_feature_group_knn_tempo_score": 0.9728191155482775,
      "route_consistency_feature_group_knn_focus_js": 0.03542646880693591,
      "route_consistency_feature_group_knn_focus_score": 0.965193703465296,
      "route_consistency_feature_group_knn_memory_js": 0.03885555349100859,
      "route_consistency_feature_group_knn_memory_score": 0.9618896407126712,
      "route_consistency_feature_group_knn_exposure_js": 0.03739967139048657,
      "route_consistency_feature_group_knn_exposure_score": 0.9632910585252805
    }
  ]
}
