{
  "model": "TiSASRec",
  "dataset": "amazon_beauty",
  "dataset_raw": "amazon_beauty",
  "max_evals": 8,
  "tune_epochs": 50,
  "n_completed": 8,
  "n_recorded_trials": 8,
  "timestamp": "2026-04-12T22:02:09.143322",
  "trials": [
    {
      "trial": 1,
      "params": {
        "learning_rate": 0.00010639627366257664
      },
      "mrr@20": 0.0822,
      "valid_result": {
        "hit@5": 0.0885,
        "hit@10": 0.0885,
        "hit@20": 0.0973,
        "ndcg@5": 0.0831,
        "ndcg@10": 0.0831,
        "ndcg@20": 0.0855,
        "mrr@5": 0.0814,
        "mrr@10": 0.0814,
        "mrr@20": 0.0822
      },
      "test_result": {
        "hit@5": 0.0789,
        "hit@10": 0.0789,
        "hit@20": 0.0789,
        "ndcg@5": 0.0725,
        "ndcg@10": 0.0725,
        "ndcg@20": 0.0725,
        "mrr@5": 0.0702,
        "mrr@10": 0.0702,
        "mrr@20": 0.0702
      },
      "best_hr@10": 0.0885,
      "test_mrr@20": 0.0702,
      "test_hr@10": 0.0789,
      "epochs_run": 6,
      "early_stop_epoch": 6,
      "early_stopped": true,
      "elapsed": 1.4,
      "status": "ok"
    },
    {
      "trial": 2,
      "params": {
        "learning_rate": 0.00010448033677541467
      },
      "mrr@20": 0.0821,
      "valid_result": {
        "hit@5": 0.0885,
        "hit@10": 0.0885,
        "hit@20": 0.0973,
        "ndcg@5": 0.0831,
        "ndcg@10": 0.0831,
        "ndcg@20": 0.0854,
        "mrr@5": 0.0814,
        "mrr@10": 0.0814,
        "mrr@20": 0.0821
      },
      "test_result": {
        "hit@5": 0.0789,
        "hit@10": 0.0789,
        "hit@20": 0.0789,
        "ndcg@5": 0.0725,
        "ndcg@10": 0.0725,
        "ndcg@20": 0.0725,
        "mrr@5": 0.0702,
        "mrr@10": 0.0702,
        "mrr@20": 0.0702
      },
      "best_hr@10": 0.0885,
      "test_mrr@20": 0.0702,
      "test_hr@10": 0.0789,
      "epochs_run": 6,
      "early_stop_epoch": 6,
      "early_stopped": true,
      "elapsed": 0.8,
      "status": "ok"
    },
    {
      "trial": 3,
      "params": {
        "learning_rate": 0.00012903383765473542
      },
      "mrr@20": 0.0822,
      "valid_result": {
        "hit@5": 0.0885,
        "hit@10": 0.0885,
        "hit@20": 0.0973,
        "ndcg@5": 0.0831,
        "ndcg@10": 0.0831,
        "ndcg@20": 0.0855,
        "mrr@5": 0.0814,
        "mrr@10": 0.0814,
        "mrr@20": 0.0822
      },
      "test_result": {
        "hit@5": 0.0789,
        "hit@10": 0.0789,
        "hit@20": 0.0789,
        "ndcg@5": 0.0725,
        "ndcg@10": 0.0725,
        "ndcg@20": 0.0725,
        "mrr@5": 0.0702,
        "mrr@10": 0.0702,
        "mrr@20": 0.0702
      },
      "best_hr@10": 0.0885,
      "test_mrr@20": 0.0702,
      "test_hr@10": 0.0789,
      "epochs_run": 6,
      "early_stop_epoch": 6,
      "early_stopped": true,
      "elapsed": 0.7,
      "status": "ok"
    },
    {
      "trial": 4,
      "params": {
        "learning_rate": 0.00014141138413723773
      },
      "mrr@20": 0.0822,
      "valid_result": {
        "hit@5": 0.0885,
        "hit@10": 0.0885,
        "hit@20": 0.0973,
        "ndcg@5": 0.0831,
        "ndcg@10": 0.0831,
        "ndcg@20": 0.0855,
        "mrr@5": 0.0814,
        "mrr@10": 0.0814,
        "mrr@20": 0.0822
      },
      "test_result": {
        "hit@5": 0.0789,
        "hit@10": 0.0789,
        "hit@20": 0.0789,
        "ndcg@5": 0.0725,
        "ndcg@10": 0.0725,
        "ndcg@20": 0.0725,
        "mrr@5": 0.0702,
        "mrr@10": 0.0702,
        "mrr@20": 0.0702
      },
      "best_hr@10": 0.0885,
      "test_mrr@20": 0.0702,
      "test_hr@10": 0.0789,
      "epochs_run": 6,
      "early_stop_epoch": 6,
      "early_stopped": true,
      "elapsed": 0.6,
      "status": "ok"
    },
    {
      "trial": 5,
      "params": {
        "learning_rate": 0.00011763377991991231
      },
      "mrr@20": 0.0822,
      "valid_result": {
        "hit@5": 0.0885,
        "hit@10": 0.0885,
        "hit@20": 0.0973,
        "ndcg@5": 0.0831,
        "ndcg@10": 0.0831,
        "ndcg@20": 0.0855,
        "mrr@5": 0.0814,
        "mrr@10": 0.0814,
        "mrr@20": 0.0822
      },
      "test_result": {
        "hit@5": 0.0789,
        "hit@10": 0.0789,
        "hit@20": 0.0789,
        "ndcg@5": 0.0725,
        "ndcg@10": 0.0725,
        "ndcg@20": 0.0725,
        "mrr@5": 0.0702,
        "mrr@10": 0.0702,
        "mrr@20": 0.0702
      },
      "best_hr@10": 0.0885,
      "test_mrr@20": 0.0702,
      "test_hr@10": 0.0789,
      "epochs_run": 6,
      "early_stop_epoch": 6,
      "early_stopped": true,
      "elapsed": 0.6,
      "status": "ok"
    },
    {
      "trial": 6,
      "params": {
        "learning_rate": 0.00011857588431931716
      },
      "mrr@20": 0.0822,
      "valid_result": {
        "hit@5": 0.0885,
        "hit@10": 0.0885,
        "hit@20": 0.0973,
        "ndcg@5": 0.0831,
        "ndcg@10": 0.0831,
        "ndcg@20": 0.0855,
        "mrr@5": 0.0814,
        "mrr@10": 0.0814,
        "mrr@20": 0.0822
      },
      "test_result": {
        "hit@5": 0.0789,
        "hit@10": 0.0789,
        "hit@20": 0.0789,
        "ndcg@5": 0.0725,
        "ndcg@10": 0.0725,
        "ndcg@20": 0.0725,
        "mrr@5": 0.0702,
        "mrr@10": 0.0702,
        "mrr@20": 0.0702
      },
      "best_hr@10": 0.0885,
      "test_mrr@20": 0.0702,
      "test_hr@10": 0.0789,
      "epochs_run": 6,
      "early_stop_epoch": 6,
      "early_stopped": true,
      "elapsed": 0.8,
      "status": "ok"
    },
    {
      "trial": 7,
      "params": {
        "learning_rate": 0.00011996573973229214
      },
      "mrr@20": 0.0822,
      "valid_result": {
        "hit@5": 0.0885,
        "hit@10": 0.0885,
        "hit@20": 0.0973,
        "ndcg@5": 0.0831,
        "ndcg@10": 0.0831,
        "ndcg@20": 0.0855,
        "mrr@5": 0.0814,
        "mrr@10": 0.0814,
        "mrr@20": 0.0822
      },
      "test_result": {
        "hit@5": 0.0789,
        "hit@10": 0.0789,
        "hit@20": 0.0789,
        "ndcg@5": 0.0725,
        "ndcg@10": 0.0725,
        "ndcg@20": 0.0725,
        "mrr@5": 0.0702,
        "mrr@10": 0.0702,
        "mrr@20": 0.0702
      },
      "best_hr@10": 0.0885,
      "test_mrr@20": 0.0702,
      "test_hr@10": 0.0789,
      "epochs_run": 6,
      "early_stop_epoch": 6,
      "early_stopped": true,
      "elapsed": 0.8,
      "status": "ok"
    },
    {
      "trial": 8,
      "params": {
        "learning_rate": 0.00013560498702158103
      },
      "mrr@20": 0.0822,
      "valid_result": {
        "hit@5": 0.0885,
        "hit@10": 0.0885,
        "hit@20": 0.0973,
        "ndcg@5": 0.0831,
        "ndcg@10": 0.0831,
        "ndcg@20": 0.0855,
        "mrr@5": 0.0814,
        "mrr@10": 0.0814,
        "mrr@20": 0.0822
      },
      "test_result": {
        "hit@5": 0.0789,
        "hit@10": 0.0789,
        "hit@20": 0.0789,
        "ndcg@5": 0.0725,
        "ndcg@10": 0.0725,
        "ndcg@20": 0.0725,
        "mrr@5": 0.0702,
        "mrr@10": 0.0702,
        "mrr@20": 0.0702
      },
      "best_hr@10": 0.0885,
      "test_mrr@20": 0.0702,
      "test_hr@10": 0.0789,
      "epochs_run": 6,
      "early_stop_epoch": 6,
      "early_stopped": true,
      "elapsed": 0.8,
      "status": "ok"
    }
  ],
  "run_group": "baseline",
  "run_axis": "stagei_progressiverecovery_anchor2_core5",
  "run_phase": "P24_I2_D13_MTISASREC_C10_I2_TISASREC_FB04_S1",
  "parent_result": "",
  "interrupted": false,
  "interrupted_at": null,
  "tuned_search": {
    "learning_rate": [
      9.922242477442e-05,
      0.0001614929695768922
    ]
  },
  "fixed_search": {
    "n_layers": 1,
    "n_heads": 2,
    "time_span": 64,
    "weight_decay": 0.00015,
    "hidden_dropout_prob": 0.06999999999999999,
    "MAX_ITEM_LIST_LENGTH": 5,
    "num_layers": 1,
    "num_heads": 2,
    "dropout_ratio": 0.06999999999999999,
    "dropout_prob": 0.06999999999999999,
    "attn_dropout_prob": 0.06999999999999999,
    "hidden_size": 64,
    "embedding_size": 64,
    "inner_size": 128,
    "num_experts": 6,
    "state_size": 24,