best_mrr20,epoch,epoch_time_sec,eval,lr,patience_used,train_loss,trial,valid_mrr20
0.0123,1,19.416719675064087,1,0.0005476,0,686.292031288147,1,0.0123
0.0156,3,18.744324922561646,1,0.0005476,0,585.7905707359314,1,0.0156
0.0181,10,18.57117986679077,1,0.0005476,0,491.98258352279663,1,0.0181
0.0184,11,18.67421793937683,1,0.0005476,0,483.35807514190674,1,0.0184
0.0184,21,19.829298496246338,1,0.0005476,10,408.74288606643677,1,0.0163
