best_mrr20,epoch,epoch_time_sec,eval,lr,patience_used,train_loss,trial,valid_mrr20
0.0112,1,18.563686847686768,1,0.0005476,0,686.0443820953369,1,0.0112
0.0167,3,18.21627640724182,1,0.0005476,0,587.1473069190979,1,0.0167
0.0167,10,17.81516742706299,1,0.0005476,7,493.08800506591797,1,0.0162
0.0167,13,17.721128463745117,1,0.0005476,10,467.92211389541626,1,0.0165
