stage_name,stage_key,split,aggregation_level,node_kind,node_name,route_space,support_size,wrapper_name,source_type,temperature,top_k,entropy_norm,n_eff_norm,top1_monopoly_norm,jitter_adj_norm,knn_consistency_score,knn_consistency_js,n_eff,cv_usage,top1_max_frac,entropy_mean
macro,macro@1,best_valid,session,final,final.expert,expert,12,ScalarGroupConditionalProductWrapper,,,,0.985608723869607,0.9936268809419109,0.7456176110884631,0.0,0.9985759399385463,0.0014250749986517753,11.92352257130293,0.08008714899161014,0.7668161434977578,2.4491456720326514
macro,macro@1,best_valid,session,final,final.group,group,4,ScalarGroupConditionalProductWrapper,,,,0.9842313345777911,0.9994843282493754,0.6890881913303438,0.0,0.9988662825276982,0.0011343606160968494,3.9979373129975015,0.022709409793089653,0.7668161434977578,1.3644343491626962
macro,macro@1,best_valid,session,final,final.intra.Exposure,intra,3,ScalarGroupConditionalProductWrapper,,,,0.9910411845387349,0.9990841201681979,0.6611547085201794,0.0,0.9998184038234877,0.00018161266709438732,2.9972523605045938,0.030277327663382064,0.774103139013453,1.088770023910454
macro,macro@1,best_valid,session,final,final.intra.Focus,intra,3,ScalarGroupConditionalProductWrapper,,,,0.994541000791618,0.9998025092175277,0.6670403587443946,0.0,0.9997969214085799,0.0002030992146694299,2.999407527652583,0.01405826574166213,0.7780269058295964,1.0926149650539518
macro,macro@1,best_valid,session,final,final.intra.Memory,intra,3,ScalarGroupConditionalProductWrapper,,,,0.98776359465954,0.9880143628596656,0.6434977578475336,0.0,0.9998930064152578,0.000106999308964092,2.964043088578997,0.1101413533302178,0.7623318385650224,1.0851692233919563
macro,macro@1,best_valid,session,final,final.intra.Tempo,intra,3,ScalarGroupConditionalProductWrapper,,,,0.9813816866981233,0.9841659377321412,0.7818105381165917,0.0,0.9992905882038415,0.0007096635477774831,2.9524978131964237,0.12684176111692902,0.8545403587443946,1.0781579808803952
