{
  "model": "FEARec",
  "dataset": "retail_rocket",
  "dataset_raw": "retail_rocket",
  "max_evals": 6,
  "tune_epochs": 42,
  "n_completed": 6,
  "n_recorded_trials": 6,
  "timestamp": "2026-04-08T07:52:43.109861",
  "trials": [
    {
      "trial": 1,
      "params": {
        "learning_rate": 0.0005513726621767758
      },
      "mrr@20": 0.2219,
      "valid_result": {
        "hit@5": 0.2967,
        "hit@10": 0.3598,
        "hit@20": 0.4213,
        "ndcg@5": 0.231,
        "ndcg@10": 0.2513,
        "ndcg@20": 0.2669,
        "mrr@5": 0.2092,
        "mrr@10": 0.2176,
        "mrr@20": 0.2219
      },
      "test_result": {
        "hit@5": 0.2972,
        "hit@10": 0.3624,
        "hit@20": 0.4265,
        "ndcg@5": 0.2322,
        "ndcg@10": 0.2534,
        "ndcg@20": 0.2696,
        "mrr@5": 0.2107,
        "mrr@10": 0.2195,
        "mrr@20": 0.2239
      },
      "best_hr@10": 0.3598,
      "test_mrr@20": 0.2239,
      "test_hr@10": 0.3624,
      "epochs_run": 13,
      "early_stop_epoch": 13,
      "early_stopped": true,
      "elapsed": 349.4,
      "status": "ok"
    },
    {
      "trial": 2,
      "params": {
        "learning_rate": 0.0005602638942657244
      },
      "mrr@20": 0.2219,
      "valid_result": {
        "hit@5": 0.2964,
        "hit@10": 0.3583,
        "hit@20": 0.4208,
        "ndcg@5": 0.2309,
        "ndcg@10": 0.2509,
        "ndcg@20": 0.2667,
        "mrr@5": 0.2093,
        "mrr@10": 0.2176,
        "mrr@20": 0.2219
      },
      "test_result": {
        "hit@5": 0.2959,
        "hit@10": 0.3606,
        "hit@20": 0.4247,
        "ndcg@5": 0.2307,
        "ndcg@10": 0.2516,
        "ndcg@20": 0.2678,
        "mrr@5": 0.2091,
        "mrr@10": 0.2177,
        "mrr@20": 0.2222
      },
      "best_hr@10": 0.3583,
      "test_mrr@20": 0.2222,
      "test_hr@10": 0.3606,
      "epochs_run": 12,
      "early_stop_epoch": 12,
      "early_stopped": true,
      "elapsed": 299.3,
      "status": "ok"
    },
    {
      "trial": 3,
      "params": {
        "learning_rate": 0.0005477122582996265
      },
      "mrr@20": 0.2218,
      "valid_result": {
        "hit@5": 0.2947,
        "hit@10": 0.3581,
        "hit@20": 0.422,
        "ndcg@5": 0.2302,
        "ndcg@10": 0.2507,
        "ndcg@20": 0.2669,
        "mrr@5": 0.2088,
        "mrr@10": 0.2173,
        "mrr@20": 0.2218
      },
      "test_result": {
        "hit@5": 0.297,
        "hit@10": 0.3604,
        "hit@20": 0.4251,
        "ndcg@5": 0.2311,
        "ndcg@10": 0.2516,
        "ndcg@20": 0.268,
        "mrr@5": 0.2093,
        "mrr@10": 0.2178,
        "mrr@20": 0.2222
      },
      "best_hr@10": 0.3581,
      "test_mrr@20": 0.2222,
      "test_hr@10": 0.3604,
      "epochs_run": 12,
      "early_stop_epoch": 12,
      "early_stopped": true,
      "elapsed": 317.1,
      "status": "ok"
    },
    {
      "trial": 4,
      "params": {
        "learning_rate": 0.0006519428111567014
      },
      "mrr@20": 0.2202,
      "valid_result": {
        "hit@5": 0.2957,
        "hit@10": 0.359,
        "hit@20": 0.42,
        "ndcg@5": 0.2295,
        "ndcg@10": 0.2499,
        "ndcg@20": 0.2653,
        "mrr@5": 0.2076,
        "mrr@10": 0.216,
        "mrr@20": 0.2202
      },
      "test_result": {
        "hit@5": 0.2971,
        "hit@10": 0.3615,
        "hit@20": 0.4245,
        "ndcg@5": 0.2305,
        "ndcg@10": 0.2513,
        "ndcg@20": 0.2673,
        "mrr@5": 0.2084,
        "mrr@10": 0.217,
        "mrr@20": 0.2214
      },
      "best_hr@10": 0.359,
      "test_mrr@20": 0.2214,
      "test_hr@10": 0.3615,
      "epochs_run": 12,
      "early_stop_epoch": 12,
      "early_stopped": true,
      "elapsed": 348.7,
      "status": "ok"
    },
    {
      "trial": 5,
      "params": {
        "learning_rate": 0.0006270147086051666
      },
      "mrr@20": 0.2212,
      "valid_result": {
        "hit@5": 0.2962,
        "hit@10": 0.3591,
        "hit@20": 0.4205,
        "ndcg@5": 0.2303,
        "ndcg@10": 0.2507,
        "ndcg@20": 0.2662,
        "mrr@5": 0.2086,
        "mrr@10": 0.2169,
        "mrr@20": 0.2212
      },
      "test_result": {
        "hit@5": 0.2963,
        "hit@10": 0.3611,
        "hit@20": 0.4238,
        "ndcg@5": 0.2302,
        "ndcg@10": 0.2512,
        "ndcg@20": 0.2671,
        "mrr@5": 0.2083,
        "mrr@10": 0.217,
        "mrr@20": 0.2214
      },
      "best_hr@10": 0.3591,
      "test_mrr@20": 0.2214,
      "test_hr@10": 0.3611,
      "epochs_run": 12,
      "early_stop_epoch": 12,
      "early_stopped": true,
      "elapsed": 336.8,
      "status": "ok"
    },
    {
      "trial": 6,
      "params": {
        "learning_rate": 0.0005693602716713177
      },
      "mrr@20": 0.2213,
      "valid_result": {
        "hit@5": 0.2971,
        "hit@10": 0.3583,
        "hit@20": 0.4209,
        "ndcg@5": 0.2308,
        "ndcg@10": 0.2505,
        "ndcg@20": 0.2663,
        "mrr@5": 0.2089,
        "mrr@10": 0.217,
        "mrr@20": 0.2213
      },
      "test_result": {
        "hit@5": 0.2965,
        "hit@10": 0.3601,
        "hit@20": 0.4241,
        "ndcg@5": 0.2307,
        "ndcg@10": 0.2513,
        "ndcg@20": 0.2675,
        "mrr@5": 0.2089,
        "mrr@10": 0.2175,
        "mrr@20": 0.2219
      },
      "best_hr@10": 0.3583,
      "test_mrr@20": 0.2219,
      "test_hr@10": 0.3601,
      "epochs_run": 12,
      "early_stop_epoch": 12,
      "early_stopped": true,
      "elapsed": 297.3,
      "status": "ok"
    }
  ],
  "run_group": "baseline",
  "run_axis": "stageg_cross6x9_anchor2_core5",
  "run_phase": "P22_SG_D05_M07_C02_FEAREC_XFER_AMAZON_BEAUTY_FAD_H1_R1_C1_S1",
  "parent_result": "",
  "interrupted": false,
  "interrupted_at": null,
  "tuned_search": {
    "learning_rate": [
      0.000510906834745996,
      0.0006645337765887774
    ]
  },
  "fixed_search": {
    "n_layers": 2,
    "n_heads": 2,
    "weight_decay": 0.0001,
    "hidden_dropout_prob": 0.1,
    "MAX_ITEM_LIST_LENGTH": 5,
    "num_layers": 2,
    "num_heads": 2,
    "dropout_ratio": 0.1,
    "dropout_prob": 0.1,
    "attn_dropout_prob": 0.1,
    "hidden_size": 112,
    "embedding_size": 112,
    "inner_size": 224,
    "time_span": 256,
    "num_experts": 4,
    "state_size": 16,
    "conv_kernel": 4,
    "remaining_ratio": 0.5
  },
  "context_fixed": {
    "num_layers": 2,
    "search_space_type_overrides": {
      "learning_rate": "loguniform",
      "weight_decay": "choice",
      "n_layers": "choice",
      "num_layers": "choice",
      "n_heads": "choice",
      "num_heads": "choice",
      "dropout_ratio": "choice",
      "dropout_prob": "choice",
      "hidden_dropout_prob": "choice",
      "attn_dropout_prob": "choice",
      "hidden_size": "choice",
      "embedding_size": "choice",
      "inner_size": "choice",
      "time_span": "choice",
      "num_experts": "choice",
      "state_size": "choice",
      "conv_kernel": "choice",
      "remaining_ratio": "choice",
      "MAX_ITEM_LIST_LENGTH": "choice"
    }
  },
  "best_params": {
    "learning_rate": 0.0005513726621767758
  },
  "best_mrr@20": 0.2219,
  "best_hr@10": 0.3598,
  "test_mrr@20": 0.2239,
  "test_hr@10": 0.3624,
  "best_valid_result": {
    "hit@5": 0.2967,
    "hit@10": 0.3598,
    "hit@20": 0.4213,
    "ndcg@5": 0.231,
    "ndcg@10": 0.2513,
    "ndcg@20": 0.2669,
    "mrr@5": 0.2092,
    "mrr@10": 0.2176,
    "mrr@20": 0.2219
  },
  "test_result": {
    "hit@5": 0.2972,
    "hit@10": 0.3624,
    "hit@20": 0.4265,
    "ndcg@5": 0.2322,
    "ndcg@10": 0.2534,
    "ndcg@20": 0.2696,
    "mrr@5": 0.2107,
    "mrr@10": 0.2195,
    "mrr@20": 0.2239
  },
  "best_valid_special_metrics": {
    "split": "best_valid",
    "overall": {
      "count": 22961,
      "hit@20": 0.42132311310482995,
      "ndcg@20": 0.2668832259245448,
      "mrr@20": 0.22185302851658775
    },
    "slices": {
      "target_popularity_abs": {
        "rare_1_5": {
          "count": 20110,
          "hit@20": 0.39328692192938836,
          "ndcg@20": 0.24574057004497396,