stage_name,stage_key,split,aggregation_level,node_kind,node_name,route_space,support_size,wrapper_name,source_type,temperature,top_k,entropy_norm,n_eff_norm,top1_monopoly_norm,jitter_adj_norm,knn_consistency_score,knn_consistency_js,n_eff,cv_usage,top1_max_frac,entropy_mean
micro,micro@1,best_valid,token,final,final.expert,expert,16,FlatJointWrapper,,,,0.8920866825178867,0.8865127203981114,0.26804267623890715,0.6373343151693667,0.9694754930238315,0.03100008257268148,14.184203526369782,0.35779234766960144,0.31379000897397546,2.473389475209393
micro,micro@1,best_valid,token,final,final.group,group,4,FlatJointWrapper,,,,0.9555839308428898,0.984530101692194,0.20390866487187154,0.0,0.9936469439809011,0.006373322561407014,3.938120406768776,0.1253517940850135,0.40293149865390365,1.3247206149042776
micro,micro@1,best_valid,token,final,final.intra.Exposure,intra,4,FlatJointWrapper,,,,0.8731876257960914,0.9900069418201826,0.08944062219563269,0.0,0.9766589643015869,0.023617752050859125,3.9600277672807302,0.10046848654747009,0.3170804666467245,1.2104950818407867
micro,micro@1,best_valid,token,final,final.intra.Focus,intra,4,FlatJointWrapper,,,,0.8736435210905038,0.9819203040033412,0.15724399242197626,0.0,0.9790170106577879,0.02120626105836324,3.9276812160133647,0.13569341599941254,0.3679329943164822,1.2111270869166917
micro,micro@1,best_valid,token,final,final.intra.Memory,intra,4,FlatJointWrapper,,,,0.7735531684465217,0.8226592661465826,0.4408216173098016,0.0,0.9758004929080759,0.024497126468250818,3.2906370645863303,0.4642952659306089,0.5806162129823512,1.0723723954438378
micro,micro@1,best_valid,token,final,final.intra.Tempo,intra,4,FlatJointWrapper,,,,0.8528628295032338,0.9400462503300233,0.3187755509023831,0.0,0.9763194952191877,0.023965394477905078,3.7601850013200933,0.2525418996810913,0.4890816631767873,1.1823189313490876
