{
  "split": "best_valid",
  "feature_mode": "none",
  "stages": [
    {
      "stage": "macro@1",
      "n_eff": 3.431487011057235,
      "cv_usage": 0.40703243017196655,
      "top1_max_frac": 0.9215368179480078,
      "entropy_mean": 1.2801046942389112,
      "route_jitter_adjacent": 0.0,
      "route_consistency_knn_js": 0.0016690054836529396,
      "route_consistency_knn_score": 0.9983323865314646,
      "route_consistency_group_knn_js": 0.0016690054836529396,
      "route_consistency_group_knn_score": 0.9983323865314646,
      "route_consistency_intra_group_knn_mean_js": 0.0,
      "route_consistency_intra_group_knn_mean_score": 1.0,
      "route_consistency_feature_group_knn_mean_score": 0.9965920870606791,
      "family_top_expert_mean_share": 0.3792322874069214,
      "route_consistency_feature_group_knn_tempo_js": 0.0024757799539405234,
      "route_consistency_feature_group_knn_tempo_score": 0.9975272822616044,
      "route_consistency_feature_group_knn_focus_js": 0.0036022336730346504,
      "route_consistency_feature_group_knn_focus_score": 0.9964042465872105,
      "route_consistency_feature_group_knn_memory_js": 0.004445264870250317,
      "route_consistency_feature_group_knn_memory_score": 0.9955646006958679,
      "route_consistency_feature_group_knn_exposure_js": 0.0031326830336011182,
      "route_consistency_feature_group_knn_exposure_score": 0.9968722186980336
    }
  ]
}
