stage_name,stage_key,split,aggregation_level,node_kind,node_name,route_space,support_size,wrapper_name,source_type,temperature,top_k,entropy_norm,n_eff_norm,top1_monopoly_norm,jitter_adj_norm,knn_consistency_score,knn_consistency_js,n_eff,cv_usage,top1_max_frac,entropy_mean
macro,macro@1,best_valid,session,final,final.expert,expert,16,FlatJointWrapper,,,,0.8708065040028967,0.9787758254759635,0.05428942004817491,0.698731353687439,0.9221705280141084,0.08102511806535444,15.660413207615417,0.14725616574287415,0.11339633129516398,2.4143882922514823
macro,macro@1,best_valid,session,final,final.group,group,4,FlatJointWrapper,,,,0.9203121122707322,0.9928213848736138,0.07800629979618308,0.0,0.9752818874504416,0.025028734436287996,3.9712855394944553,0.0850325351972899,0.3085047248471373,1.2758234917112516
macro,macro@1,best_valid,session,final,final.intra.Exposure,intra,4,FlatJointWrapper,,,,0.8342836169176285,0.9851003219311264,0.08294731641035143,0.0,0.940731264382821,0.06109776532442587,3.9404012877245056,0.12298385798931122,0.3122104873077636,1.1565626737076153
macro,macro@1,best_valid,session,final,final.intra.Focus,intra,4,FlatJointWrapper,,,,0.849478663776963,0.9959559142172256,0.04317213266629608,0.0,0.951408319748622,0.04981195027905253,3.9838236568689025,0.06372220069169998,0.28237909949972206,1.1776274814856633
macro,macro@1,best_valid,session,final,final.intra.Memory,intra,4,FlatJointWrapper,,,,0.8908896295921112,0.9959676208131698,0.04897782718794389,0.0,0.9589530759239739,0.04191313551065508,3.9838704832526792,0.06362994015216827,0.2867333703909579,1.2350352698837317
macro,macro@1,best_valid,session,final,final.intra.Tempo,intra,4,FlatJointWrapper,,,,0.8431872504641299,0.9965525913657138,0.042925081835587665,0.0,0.9453359891057072,0.05621487065199099,3.9862103654628553,0.058817471869882565,0.28219381137669075,1.1689057306866082
