stage_name,stage_key,split,aggregation_level,node_kind,node_name,route_space,support_size,wrapper_name,source_type,temperature,top_k,entropy_norm,n_eff_norm,top1_monopoly_norm,jitter_adj_norm,knn_consistency_score,knn_consistency_js,n_eff,cv_usage,top1_max_frac,entropy_mean
macro,macro@1,best_valid,session,final,final.expert,expert,12,ScalarGroupConditionalProductWrapper,,,,0.9826622327213964,0.9899238180911988,0.7407256420709335,0.0,0.9992006912715783,0.0007996283459701417,11.879085817094385,0.10088992347657225,0.7623318385650224,2.4418239165849216
macro,macro@1,best_valid,session,final,final.group,group,4,ScalarGroupConditionalProductWrapper,,,,0.9756581027761151,0.9932732755205249,0.6831091180866965,0.0,0.9994045144567792,0.0005956629151552678,3.9730931020820996,0.08229322731494904,0.7623318385650224,1.352549326259459
macro,macro@1,best_valid,session,final,final.intra.Exposure,intra,3,ScalarGroupConditionalProductWrapper,,,,0.9919697021337303,0.998769458288696,0.6434977578475336,0.0,0.9998696239333972,0.00013038456630098383,2.996308374866088,0.035101316754480694,0.7623318385650224,1.0897901047505605
macro,macro@1,best_valid,session,final,final.intra.Focus,intra,3,ScalarGroupConditionalProductWrapper,,,,0.9871638699531937,0.9965791999544753,0.6708239910313901,0.0,0.9994628726946395,0.0005372716099071351,2.989737599863426,0.0585871991936207,0.7805493273542601,1.0845103584597464
macro,macro@1,best_valid,session,final,final.intra.Memory,intra,3,ScalarGroupConditionalProductWrapper,,,,0.9882431751184523,0.9894279069628921,0.6434977578475336,0.0,0.999907031140842,9.297318103020651e-05,2.9682837208886763,0.10336901311966738,0.7623318385650224,1.0856960963775224
macro,macro@1,best_valid,session,final,final.intra.Tempo,intra,3,ScalarGroupConditionalProductWrapper,,,,0.9958882481821026,0.9979334947184616,0.9264293721973095,0.0,0.9998875072663984,0.00011249906138369912,2.993800484155385,0.045507030136673746,0.9509529147982063,1.0940950675930143
