best_mrr20,epoch,epoch_time_sec,eval,lr,patience_used,train_loss,trial,valid_mrr20
0.276,1,38.74370312690735,1,0.00056966,0,2223.533155441284,1,0.276
0.3468,3,37.99404287338257,1,0.00056966,0,1242.3837580680847,1,0.3468
0.3735,7,37.231226682662964,1,0.00056966,0,810.7346038818359,1,0.3735
0.3735,10,36.96981620788574,1,0.00056966,3,723.5107297897339,1,0.3685
0.3735,17,36.723912954330444,1,0.00056966,10,556.8974680900574,1,0.3478
