stage_name,stage_key,split,aggregation_level,node_kind,node_name,route_space,support_size,wrapper_name,source_type,temperature,top_k,entropy_norm,n_eff_norm,top1_monopoly_norm,jitter_adj_norm,knn_consistency_score,knn_consistency_js,n_eff,cv_usage,top1_max_frac,entropy_mean
macro,macro@1,best_valid,session,final,final.expert,expert,9,GroupConditionalProductWrapper,,,,0.9587581540595338,0.8882971572792016,0.4222323666862679,0.0,0.9973806400147878,0.002622796510888552,7.994674415512814,0.3546118672593544,0.48642877038779364,2.1066069798211133
macro,macro@1,best_valid,session,final,final.group,group,3,GroupConditionalProductWrapper,,,,0.956454499251307,0.9285122049467972,0.9078951440685835,0.0,0.999067518232054,0.0009329167995301876,2.7855366148403915,0.27747379906553626,0.938596762712389,1.0507726664293893
macro,macro@1,best_valid,session,final,final.intra.Focus,intra,3,GroupConditionalProductWrapper,,,,0.9971379851386624,0.9967924455548424,0.7348271486490668,0.0,0.9998381344692202,0.00016187863241867912,2.990377336664527,0.05672654526750608,0.8232180990993779,1.0954680439710935
macro,macro@1,best_valid,session,final,final.intra.Memory,intra,3,GroupConditionalProductWrapper,,,,0.8974511033137276,0.8483892291099799,0.8831976726192318,0.0,0.996327660339901,0.003679099253478221,2.54516768732994,0.4227341883559767,0.9221317817461545,0.9859508105792145
macro,macro@1,best_valid,session,final,final.intra.Tempo,intra,3,GroupConditionalProductWrapper,,,,0.9815228942036961,0.9941209144064439,0.3189161585837641,0.0,0.9988567331411067,0.0011439208869819526,2.9823627432193316,0.07690147267575644,0.5459441057225094,1.0783131131812695
