{
  "split": "best_valid",
  "feature_mode": "none",
  "stages": [
    {
      "stage": "macro@1",
      "n_eff": 3.9806944617287505,
      "cv_usage": 0.06964066624641418,
      "top1_max_frac": 0.37668786479658506,
      "entropy_mean": 1.3595601206551093,
      "route_jitter_adjacent": 0.0,
      "route_consistency_knn_js": 0.002237442678195013,
      "route_consistency_knn_score": 0.997765058530889,
      "route_consistency_group_knn_js": 0.002237442678195013,
      "route_consistency_group_knn_score": 0.997765058530889,
      "route_consistency_intra_group_knn_mean_js": 0.0,
      "route_consistency_intra_group_knn_mean_score": 1.0,
      "route_consistency_feature_group_knn_mean_score": 0.9938145346746561,
      "family_top_expert_mean_share": 0.27232420444488525,
      "route_consistency_feature_group_knn_tempo_js": 0.004639220744725322,
      "route_consistency_feature_group_knn_tempo_score": 0.9953715238179462,
      "route_consistency_feature_group_knn_focus_js": 0.004647157759141014,
      "route_consistency_feature_group_knn_focus_score": 0.9953636235711649,
      "route_consistency_feature_group_knn_memory_js": 0.008040442120400096,
      "route_consistency_feature_group_knn_memory_score": 0.9919917957741755,
      "route_consistency_feature_group_knn_exposure_js": 0.007496835644881852,
      "route_consistency_feature_group_knn_exposure_score": 0.9925311955353378
    }
  ]
}
