stage_name,stage_key,split,aggregation_level,node_kind,node_name,route_space,support_size,wrapper_name,source_type,temperature,top_k,entropy_norm,n_eff_norm,top1_monopoly_norm,jitter_adj_norm,knn_consistency_score,knn_consistency_js,n_eff,cv_usage,top1_max_frac,entropy_mean
macro,macro@1,best_valid,session,final,final.expert,expert,16,ScalarGroupConditionalProductWrapper,,,,0.9336682991705996,0.772826628709884,0.8674316464210818,0.0,0.9938048440286933,0.006214425576758678,12.365226059358143,0.5421728218896879,0.8757171685197642,2.5886781965932024
macro,macro@1,best_valid,session,final,final.group,group,4,ScalarGroupConditionalProductWrapper,,,,0.9736101811839193,0.9699356764654905,0.7140558435220723,0.0,0.9982723570483779,0.0017291370477973478,3.879742705861962,0.1760573387145996,0.7855418826415542,1.3497103041041822
macro,macro@1,best_valid,session,final,final.intra.Exposure,intra,4,ScalarGroupConditionalProductWrapper,,,,0.7177381281928339,0.624883690146005,0.9355306717313603,0.0,0.9889450352659808,0.011116524974630029,2.49953476058402,0.7747888565063477,0.9516480037985202,0.9949963198744708
macro,macro@1,best_valid,session,final,final.intra.Focus,intra,4,ScalarGroupConditionalProductWrapper,,,,0.986266760273594,0.9930383445067699,0.259921655521703,0.0,0.9988423927151782,0.0011582778296698227,3.9721533780270795,0.08372828364372253,0.44494124164127724,1.3672560483272662
macro,macro@1,best_valid,session,final,final.intra.Memory,intra,4,ScalarGroupConditionalProductWrapper,,,,0.9826711652863895,0.9821083781306826,0.6695287460926681,0.0,0.9982990050369993,0.0017024432975723254,3.9284335125227305,0.13497323602278447,0.752146559569501,1.3622714952716337
macro,macro@1,best_valid,session,final,final.intra.Tempo,intra,4,ScalarGroupConditionalProductWrapper,,,,0.9655869743536827,0.9736072668456204,0.3484482781360872,0.0,0.9965248771756342,0.003481175089332164,3.8944290673824815,0.16464627770461307,0.5113362086020654,1.3385877777173267
