stage_name,stage_key,split,aggregation_level,node_kind,node_name,route_space,support_size,wrapper_name,source_type,temperature,top_k,entropy_norm,n_eff_norm,top1_monopoly_norm,jitter_adj_norm,knn_consistency_score,knn_consistency_js,n_eff,cv_usage,top1_max_frac,entropy_mean
macro,macro@1,best_valid,session,final,final.expert,expert,16,FlatJointWrapper,,,,0.9384625001489028,0.9165416455930905,0.1506508922565584,0.8477082759254156,0.982093777483894,0.018068478767719907,14.664666329489448,0.3017579913139343,0.20373521149052348,2.6019705441577967
macro,macro@1,best_valid,session,final,final.group,group,4,FlatJointWrapper,,,,0.9733182366429498,0.9863282101991973,0.27374404832561755,0.0,0.9955723683155123,0.004437462675056992,3.945312840796789,0.11773339658975601,0.4553080362442132,1.3493055830332765
macro,macro@1,best_valid,session,final,final.intra.Exposure,intra,4,FlatJointWrapper,,,,0.9283340537506996,0.96323074582392,0.16031601577441013,0.0,0.990341307982238,0.009705639730422419,3.85292298329568,0.19537882506847382,0.3702370118308076,1.2869442639501643
macro,macro@1,best_valid,session,final,final.intra.Focus,intra,4,FlatJointWrapper,,,,0.9015784264153724,0.9075425295881995,0.269417955921339,0.0,0.9884426185969145,0.011624687022568669,3.630170118352798,0.319181352853775,0.45206346694100424,1.249853088646975
macro,macro@1,best_valid,session,final,final.intra.Memory,intra,4,FlatJointWrapper,,,,0.9014517703151085,0.9473872280948393,0.2962186259380894,0.0,0.9842022424529893,0.01592387210031549,3.7895489123793573,0.2356582713911857,0.47216396945356703,1.2496775060093777
macro,macro@1,best_valid,session,final,final.intra.Tempo,intra,4,FlatJointWrapper,,,,0.90798782715118,0.9443474298230051,0.3348369142299424,0.0,0.9855390900186195,0.014566488012513899,3.7773897192920205,0.24275992767571972,0.5011276856724568,1.2587384047451826
