{
  "split": "best_valid",
  "feature_mode": "none",
  "stages": [
    {
      "stage": "macro@1",
      "n_eff": 11.597850723404637,
      "cv_usage": 0.6160891652107239,
      "top1_max_frac": 0.8733558230943023,
      "entropy_mean": 2.5777013826560613,
      "route_jitter_adjacent": 0.0,
      "route_consistency_knn_js": 0.004710198229790515,
      "route_consistency_knn_score": 0.9953008773576638,
      "route_consistency_group_knn_js": 0.0011561224768469641,
      "route_consistency_group_knn_score": 0.9988445455752689,
      "route_consistency_intra_group_knn_mean_js": 0.0030696134797673458,
      "route_consistency_intra_group_knn_mean_score": 0.9969368836686239,
      "route_consistency_feature_group_knn_mean_score": 0.987765233594891,
      "family_top_expert_mean_share": 0.1784440129995346,
      "route_consistency_feature_group_knn_tempo_js": 0.012520247784072246,
      "route_consistency_feature_group_knn_tempo_score": 0.9875578044342611,
      "route_consistency_feature_group_knn_focus_js": 0.013846853278615973,
      "route_consistency_feature_group_knn_focus_score": 0.9862485734332466,
      "route_consistency_feature_group_knn_memory_js": 0.015189672538305351,
      "route_consistency_feature_group_knn_memory_score": 0.9849251086398748,
      "route_consistency_feature_group_knn_exposure_js": 0.007700122121966605,
      "route_consistency_feature_group_knn_exposure_score": 0.9923294478721812
    }
  ]
}
