best_mrr20,epoch,epoch_time_sec,eval,lr,patience_used,train_loss,trial,valid_mrr20
0.2701,1,50.4463574886322,1,0.00028483,0,2281.382484436035,1,0.2701
0.3421,3,48.41754865646362,1,0.00028483,0,1523.8747968673706,1,0.3421
0.3752,9,48.69138503074646,1,0.00028483,0,813.8695487976074,1,0.3752
0.3752,10,48.75761532783508,1,0.00028483,1,776.2932322025299,1,0.3752
0.3752,19,50.146008253097534,1,0.00028483,10,557.8580346107483,1,0.3595
