best_mrr20,epoch,epoch_time_sec,eval,lr,patience_used,train_loss,trial,valid_mrr20
0.0833,1,31.171375513076782,1,0.0004983,0,1580.7173471450806,1,0.0833
0.1942,3,30.78453779220581,1,0.0004983,0,1028.2591319084167,1,0.1942
0.3046,10,29.535802841186523,1,0.0004983,0,424.8770852088928,1,0.3046
0.3135,13,29.477296113967896,1,0.0004983,0,305.07734727859497,1,0.3135
0.3135,23,28.816885948181152,1,0.0004983,10,107.02965098619461,1,0.3044
