stage_name,stage_key,split,aggregation_level,node_kind,node_name,route_space,support_size,wrapper_name,source_type,temperature,top_k,entropy_norm,n_eff_norm,top1_monopoly_norm,jitter_adj_norm,knn_consistency_score,knn_consistency_js,n_eff,cv_usage,top1_max_frac,entropy_mean
macro,macro@1,best_valid,session,final,final.expert,expert,12,GroupConditionalProductWrapper,,,,0.9238393425907769,0.9878705519385526,0.20535683232258153,0.0,0.9933143568463291,0.0067080921792548945,11.85444662326263,0.11080754963137061,0.2715770962956997,2.295654525739596
macro,macro@1,best_valid,session,final,final.group,group,4,GroupConditionalProductWrapper,,,,0.9315691852414899,0.9956267050266128,0.18505840475918803,0.0,0.9968449493040498,0.003160038362053098,3.982506820106451,0.06627643503406257,0.388793803569391,1.2914291084933283
macro,macro@1,best_valid,session,final,final.intra.Exposure,intra,3,GroupConditionalProductWrapper,,,,0.7665553171465238,0.9807555292106707,0.2593647853197215,0.0,0.9914962167245706,0.008540146738521838,2.942266587632012,0.140078831014668,0.5062431902131477,0.8421470913610513
macro,macro@1,best_valid,session,final,final.intra.Focus,intra,3,GroupConditionalProductWrapper,,,,0.9874136855893928,0.9965143828519527,0.3504050634610609,0.0,0.9994538230738303,0.0005463261351191315,2.989543148555858,0.05914228792064524,0.5669367089740406,1.0847848089875762
macro,macro@1,best_valid,session,final,final.intra.Memory,intra,3,GroupConditionalProductWrapper,,,,0.9832258360978521,0.9990053245756404,0.22985589540167398,0.0,0.999255648024836,0.0007446291426441399,2.997015973726921,0.03155281300685367,0.4865705969344493,1.080183986073077
macro,macro@1,best_valid,session,final,final.intra.Tempo,intra,3,GroupConditionalProductWrapper,,,,0.9327792525404901,0.9948937706468785,0.09917510688708565,0.0,0.9962438273831392,0.003763244748209846,2.9846813119406352,0.07164074453292059,0.3994500712580571,1.0247627494556366
