{
  "split": "best_valid",
  "feature_mode": "none",
  "stages": [
    {
      "stage": "macro@1",
      "n_eff": 7.118579552560372,
      "cv_usage": 0.3518803119659424,
      "top1_max_frac": 0.39274347549331634,
      "entropy_mean": 1.6505022294104685,
      "route_jitter_adjacent": 0.0,
      "route_consistency_knn_js": 0.013787751037625744,
      "route_consistency_knn_score": 0.9863068646566638,
      "route_consistency_group_knn_js": 0.0012989014565423509,
      "route_consistency_group_knn_score": 0.9987019417508339,
      "route_consistency_intra_group_knn_mean_js": 0.010406439994481978,
      "route_consistency_intra_group_knn_mean_score": 0.9897138398967456,
      "route_consistency_feature_group_knn_mean_score": 0.9697653912328374,
      "family_top_expert_mean_share": 0.1706080138683319,
      "route_consistency_feature_group_knn_tempo_js": 0.029738333605973884,
      "route_consistency_feature_group_knn_tempo_score": 0.9706994997576326,
      "route_consistency_feature_group_knn_focus_js": 0.01354129052195086,
      "route_consistency_feature_group_knn_focus_score": 0.9865499803131152,
      "route_consistency_feature_group_knn_memory_js": 0.028230378334828363,
      "route_consistency_feature_group_knn_memory_score": 0.9721643753908715,
      "route_consistency_feature_group_knn_exposure_js": 0.05166419529991659,
      "route_consistency_feature_group_knn_exposure_score": 0.9496477094697304
    }
  ]
}
