best_mrr20,epoch,epoch_time_sec,eval,lr,patience_used,train_loss,trial,valid_mrr20
0.013,1,17.984943389892578,1,0.0005476,0,664.957633972168,1,0.013
0.018,3,17.452677726745605,1,0.0005476,0,568.5971584320068,1,0.018
0.018,10,19.168421030044556,1,0.0005476,7,470.2925601005554,1,0.0171
0.018,13,17.065145015716553,1,0.0005476,10,438.5450654029846,1,0.0161
