{
  "model": "GRU4Rec",
  "dataset": "movielens1m",
  "dataset_raw": "movielens1m",
  "max_evals": 7,
  "tune_epochs": 48,
  "n_completed": 7,
  "n_recorded_trials": 7,
  "timestamp": "2026-04-08T04:10:53.772861",
  "trials": [
    {
      "trial": 1,
      "params": {
        "learning_rate": 0.0012331775184956126
      },
      "mrr@20": 0.0652,
      "valid_result": {
        "hit@5": 0.1057,
        "hit@10": 0.1597,
        "hit@20": 0.2392,
        "ndcg@5": 0.0658,
        "ndcg@10": 0.0831,
        "ndcg@20": 0.1031,
        "mrr@5": 0.0527,
        "mrr@10": 0.0598,
        "mrr@20": 0.0652
      },
      "test_result": {
        "hit@5": 0.0983,
        "hit@10": 0.1523,
        "hit@20": 0.2418,
        "ndcg@5": 0.0596,
        "ndcg@10": 0.0768,
        "ndcg@20": 0.0992,
        "mrr@5": 0.047,
        "mrr@10": 0.0539,
        "mrr@20": 0.06
      },
      "best_hr@10": 0.1597,
      "test_mrr@20": 0.06,
      "test_hr@10": 0.1523,
      "epochs_run": 37,
      "early_stop_epoch": 37,
      "early_stopped": true,
      "elapsed": 105.6,
      "status": "ok"
    },
    {
      "trial": 2,
      "params": {
        "learning_rate": 0.0012470301652443342
      },
      "mrr@20": 0.0663,
      "valid_result": {
        "hit@5": 0.1057,
        "hit@10": 0.1616,
        "hit@20": 0.2433,
        "ndcg@5": 0.0665,
        "ndcg@10": 0.0843,
        "ndcg@20": 0.1048,
        "mrr@5": 0.0536,
        "mrr@10": 0.0609,
        "mrr@20": 0.0663
      },
      "test_result": {
        "hit@5": 0.0909,
        "hit@10": 0.1532,
        "hit@20": 0.2446,
        "ndcg@5": 0.057,
        "ndcg@10": 0.0771,
        "ndcg@20": 0.1002,
        "mrr@5": 0.0459,
        "mrr@10": 0.0542,
        "mrr@20": 0.0605
      },
      "best_hr@10": 0.1616,
      "test_mrr@20": 0.0605,
      "test_hr@10": 0.1532,
      "epochs_run": 37,
      "early_stop_epoch": 37,
      "early_stopped": true,
      "elapsed": 104.5,
      "status": "ok"
    },
    {
      "trial": 3,
      "params": {
        "learning_rate": 0.000841966895728615
      },
      "mrr@20": 0.0659,
      "valid_result": {
        "hit@5": 0.091,
        "hit@10": 0.1565,
        "hit@20": 0.247,
        "ndcg@5": 0.0609,
        "ndcg@10": 0.0822,
        "ndcg@20": 0.1047,
        "mrr@5": 0.0511,
        "mrr@10": 0.06,
        "mrr@20": 0.0659
      },
      "test_result": {
        "hit@5": 0.0886,
        "hit@10": 0.1574,
        "hit@20": 0.24,
        "ndcg@5": 0.0553,
        "ndcg@10": 0.0775,
        "ndcg@20": 0.0984,
        "mrr@5": 0.0445,
        "mrr@10": 0.0535,
        "mrr@20": 0.0593
      },
      "best_hr@10": 0.1565,
      "test_mrr@20": 0.0593,
      "test_hr@10": 0.1574,
      "epochs_run": 48,
      "early_stop_epoch": 48,
      "early_stopped": false,
      "elapsed": 138.5,
      "status": "ok"
    },
    {
      "trial": 4,
      "params": {
        "learning_rate": 0.0010617335870378945
      },
      "mrr@20": 0.0648,
      "valid_result": {
        "hit@5": 0.0923,
        "hit@10": 0.1556,
        "hit@20": 0.2419,
        "ndcg@5": 0.0608,
        "ndcg@10": 0.0812,
        "ndcg@20": 0.1029,
        "mrr@5": 0.0505,
        "mrr@10": 0.0589,
        "mrr@20": 0.0648
      },
      "test_result": {
        "hit@5": 0.0881,
        "hit@10": 0.1546,
        "hit@20": 0.2446,
        "ndcg@5": 0.0563,
        "ndcg@10": 0.0777,
        "ndcg@20": 0.1001,
        "mrr@5": 0.046,
        "mrr@10": 0.0547,
        "mrr@20": 0.0607
      },
      "best_hr@10": 0.1556,
      "test_mrr@20": 0.0607,
      "test_hr@10": 0.1546,
      "epochs_run": 47,
      "early_stop_epoch": 47,
      "early_stopped": true,
      "elapsed": 137.5,
      "status": "ok"
    },
    {
      "trial": 5,
      "params": {
        "learning_rate": 0.001202275229232733
      },
      "mrr@20": 0.0688,
      "valid_result": {
        "hit@5": 0.1011,
        "hit@10": 0.156,
        "hit@20": 0.2452,
        "ndcg@5": 0.0668,
        "ndcg@10": 0.0843,
        "ndcg@20": 0.1067,
        "mrr@5": 0.0556,
        "mrr@10": 0.0627,
        "mrr@20": 0.0688
      },
      "test_result": {
        "hit@5": 0.0941,
        "hit@10": 0.1583,
        "hit@20": 0.2487,
        "ndcg@5": 0.0589,
        "ndcg@10": 0.0795,
        "ndcg@20": 0.1023,
        "mrr@5": 0.0474,
        "mrr@10": 0.0559,
        "mrr@20": 0.0621
      },
      "best_hr@10": 0.156,
      "test_mrr@20": 0.0621,
      "test_hr@10": 0.1583,
      "epochs_run": 48,
      "early_stop_epoch": 48,
      "early_stopped": false,
      "elapsed": 140.3,
      "status": "ok"
    },
    {
      "trial": 6,
      "params": {
        "learning_rate": 0.0013648665606881734
      },
      "mrr@20": 0.0721,
      "valid_result": {
        "hit@5": 0.1043,
        "hit@10": 0.1671,
        "hit@20": 0.2498,
        "ndcg@5": 0.0697,
        "ndcg@10": 0.0898,
        "ndcg@20": 0.1106,
        "mrr@5": 0.0583,
        "mrr@10": 0.0665,
        "mrr@20": 0.0721
      },
      "test_result": {
        "hit@5": 0.0974,
        "hit@10": 0.1615,
        "hit@20": 0.2552,
        "ndcg@5": 0.0619,
        "ndcg@10": 0.0824,
        "ndcg@20": 0.1061,
        "mrr@5": 0.0503,
        "mrr@10": 0.0587,
        "mrr@20": 0.0652
      },
      "best_hr@10": 0.1671,
      "test_mrr@20": 0.0652,
      "test_hr@10": 0.1615,
      "epochs_run": 48,
      "early_stop_epoch": 48,
      "early_stopped": false,
      "elapsed": 136.2,
      "status": "ok"
    },
    {
      "trial": 7,
      "params": {
        "learning_rate": 0.0008709685013672611
      },
      "mrr@20": 0.0653,
      "valid_result": {
        "hit@5": 0.0933,
        "hit@10": 0.1533,
        "hit@20": 0.2428,
        "ndcg@5": 0.0616,
        "ndcg@10": 0.081,
        "ndcg@20": 0.1035,
        "mrr@5": 0.0512,
        "mrr@10": 0.0592,
        "mrr@20": 0.0653
      },
      "test_result": {
        "hit@5": 0.096,
        "hit@10": 0.1569,
        "hit@20": 0.2487,
        "ndcg@5": 0.0587,
        "ndcg@10": 0.0782,
        "ndcg@20": 0.1014,
        "mrr@5": 0.0465,
        "mrr@10": 0.0545,
        "mrr@20": 0.0608
      },
      "best_hr@10": 0.1533,
      "test_mrr@20": 0.0608,
      "test_hr@10": 0.1569,
      "epochs_run": 48,
      "early_stop_epoch": 48,
      "early_stopped": false,
      "elapsed": 136.3,
      "status": "ok"
    }
  ],
  "run_group": "baseline",
  "run_axis": "stageg_cross6x9_anchor2_core5",
  "run_phase": "P22_SG_D04_M02_C02_GRU4REC_XFER_FOURSQUARE_FAD_H3_R1_C2_S3",
  "parent_result": "",
  "interrupted": false,
  "interrupted_at": null,
  "tuned_search": {
    "learning_rate": [
      0.0008085185264851427,
      0.0018308279796398076
    ]
  },
  "fixed_search": {
    "num_layers": 2,
    "weight_decay": 0.0002,
    "hidden_dropout_prob": 0.2,
    "MAX_ITEM_LIST_LENGTH": 10,
    "n_layers": 2,
    "n_heads": 4,
    "num_heads": 4,
    "dropout_ratio": 0.2,
    "dropout_prob": 0.2,
    "attn_dropout_prob": 0.2,
    "hidden_size": 160,
    "embedding_size": 160,
    "inner_size": 320,
    "time_span": 512,
    "num_experts": 8,
    "state_size": 32,
    "conv_kernel": 8,
    "remaining_ratio": 0.7
  },
  "context_fixed": {
    "num_layers": 2,
    "search_space_type_overrides": {
      "learning_rate": "loguniform",
      "weight_decay": "choice",
      "n_layers": "choice",
      "num_layers": "choice",
      "n_heads": "choice",
      "num_heads": "choice",
      "dropout_ratio": "choice",
      "dropout_prob": "choice",
      "hidden_dropout_prob": "choice",
      "attn_dropout_prob": "choice",
      "hidden_size": "choice",
      "embedding_size": "choice",
      "inner_size": "choice",
      "time_span": "choice",
      "num_experts": "choice",
      "state_size": "choice",
      "conv_kernel": "choice",
      "remaining_ratio": "choice",
      "MAX_ITEM_LIST_LENGTH": "choice"
    }
  },
  "best_params": {
    "learning_rate": 0.0013648665606881734
  },
  "best_mrr@20": 0.0721,
  "best_hr@10": 0.1671,
  "test_mrr@20": 0.0652,
  "test_hr@10": 0.1615,