stage_name,stage_key,split,aggregation_level,node_kind,node_name,route_space,support_size,wrapper_name,source_type,temperature,top_k,entropy_norm,n_eff_norm,top1_monopoly_norm,jitter_adj_norm,knn_consistency_score,knn_consistency_js,n_eff,cv_usage,top1_max_frac,entropy_mean
macro,macro@1,best_valid,session,final,final.expert,expert,12,ScalarGroupConditionalProductWrapper,,,,0.9302011362156823,0.7750191049889533,0.8032144763640443,0.0,0.9952874004469177,0.004723738860865939,9.30022925986744,0.53878630582135,0.819613270000374,2.3114629890227025
macro,macro@1,best_valid,session,final,final.group,group,4,ScalarGroupConditionalProductWrapper,,,,0.9409613103475414,0.8793891183588946,0.9512785029484734,0.0,0.9987627942270582,0.0012379717438450607,3.517556473435578,0.3703417181968689,0.963458877211355,1.30444935856678
macro,macro@1,best_valid,session,final,final.intra.Exposure,intra,3,ScalarGroupConditionalProductWrapper,,,,0.8674459589967376,0.8354030667069002,0.7334031491940007,0.0,0.9951581999046235,0.004853559582871892,2.5062092001207006,0.44387732613452296,0.8222687661293339,0.9529867903093092
macro,macro@1,best_valid,session,final,final.intra.Focus,intra,3,ScalarGroupConditionalProductWrapper,,,,0.9812925543407438,0.9984378817107067,0.3294124247297753,0.0,0.9987983552417953,0.001202367312160687,2.99531364513212,0.03955360756654717,0.5529416164865169,1.07806005897726
macro,macro@1,best_valid,session,final,final.intra.Memory,intra,3,ScalarGroupConditionalProductWrapper,,,,0.9474098852404957,0.9422087842526631,0.8448778845794216,0.0,0.9967264831114583,0.0032788865666418085,2.826626352757989,0.24766086793956554,0.8965852563862812,1.0408361423308523
macro,macro@1,best_valid,session,final,final.intra.Tempo,intra,3,ScalarGroupConditionalProductWrapper,,,,0.9430091431030295,0.963576009270703,0.3234095074241687,0.0,0.9961104344129519,0.003897149619391115,2.890728027812109,0.1944242285363606,0.5489396716161125,1.0360014329393723
