{
  "split": "best_valid",
  "feature_mode": "none",
  "stages": [
    {
      "stage": "macro@1",
      "n_eff": 1.7597703653534973,
      "cv_usage": 2.412274967160825,
      "top1_max_frac": 0.9819941964395582,
      "entropy_mean": 0.9421786871290274,
      "route_jitter_adjacent": 0.0,
      "route_consistency_knn_js": 0.006672049994634919,
      "route_consistency_knn_score": 0.993350158710949,
      "route_consistency_group_knn_js": 0.0038622134182374063,
      "route_consistency_group_knn_score": 0.9961452353353623,
      "route_consistency_intra_group_knn_mean_js": 0.007350535553961915,
      "route_consistency_intra_group_knn_mean_score": 0.9927184648403908,
      "route_consistency_feature_group_knn_mean_score": 0.9831493689502415,
      "family_top_expert_mean_share": 0.7466216087341309,
      "route_consistency_feature_group_knn_tempo_js": 0.008723783113302469,
      "route_consistency_feature_group_knn_tempo_score": 0.9913141586704747,
      "route_consistency_feature_group_knn_focus_js": 0.0185656658450446,
      "route_consistency_feature_group_knn_focus_score": 0.9816056145132244,
      "route_consistency_feature_group_knn_memory_js": 0.020791607789302714,
      "route_consistency_feature_group_knn_memory_score": 0.9794230474381445,
      "route_consistency_feature_group_knn_exposure_js": 0.019942888849665927,
      "route_consistency_feature_group_knn_exposure_score": 0.9802546551791231
    }
  ]
}
