best_mrr20,epoch,epoch_time_sec,eval,lr,patience_used,train_loss,trial,valid_mrr20
0.0286,1,7.5265116691589355,1,0.0006517227162604346,0,411.7059202194214,1,0.0286
0.1436,3,6.252274513244629,1,0.0006505421275215084,0,313.9701957702637,1,0.1436
0.2059,8,6.205456495285034,1,0.0006424684195656232,0,182.76119089126587,1,0.2059
0.2059,10,6.16910457611084,1,0.0006372241791308322,2,154.42357063293457,1,0.2012
0.2059,18,6.082876682281494,1,0.0006053034458930735,10,85.98425710201263,1,0.1919
