stage_name,stage_key,split,aggregation_level,node_kind,node_name,route_space,support_size,wrapper_name,source_type,temperature,top_k,entropy_norm,n_eff_norm,top1_monopoly_norm,jitter_adj_norm,knn_consistency_score,knn_consistency_js,n_eff,cv_usage,top1_max_frac,entropy_mean
macro,macro@1,best_valid,session,final,final.expert,expert,12,ScalarGroupConditionalProductWrapper,,,,0.9630875885444603,0.9864017709026277,0.7089949447348127,0.0,0.9974709840901618,0.002532219272617767,11.836821250831532,0.11741253451555556,0.7332453660069117,2.393182753102419
macro,macro@1,best_valid,session,final,final.group,group,4,ScalarGroupConditionalProductWrapper,,,,0.9622165035443127,0.9893509771314676,0.6463210807414389,0.0,0.9991949705458686,0.000805353664353302,3.9574039085258703,0.10374786578106081,0.7347408105560792,1.333915313039978
macro,macro@1,best_valid,session,final,final.intra.Exposure,intra,3,ScalarGroupConditionalProductWrapper,,,,0.9597109505550764,0.9937080968961015,0.668444863336475,0.0,0.9967024224522667,0.0033030265388531185,2.9811242906883044,0.07957295988934993,0.7789632422243167,1.0543502438491597
macro,macro@1,best_valid,session,final,final.intra.Focus,intra,3,ScalarGroupConditionalProductWrapper,,,,0.9482026572329866,0.982134393441766,0.7282375117813384,0.0,0.9988633690327959,0.0011372774220820795,2.946403180325298,0.1348724511303767,0.8188250078542256,1.0417070913839146
macro,macro@1,best_valid,session,final,final.intra.Memory,intra,3,ScalarGroupConditionalProductWrapper,,,,0.991863980438498,0.9983246130560102,0.6469368520263902,0.0,0.9995598719790312,0.00044022490573512613,2.9949738391680305,0.040966033645986506,0.7646245680175935,1.0896739575969996
macro,macro@1,best_valid,session,final,final.intra.Tempo,intra,3,ScalarGroupConditionalProductWrapper,,,,0.8894188174291642,0.9761728338385779,0.6386993402450518,0.0,0.9961922257933906,0.0038150422346865894,2.928518501515734,0.15623268019459605,0.7591328934967012,0.9771264426003378
