best_mrr20,epoch,epoch_time_sec,eval,lr,patience_used,train_loss,trial,valid_mrr20
0.278,1,46.9315083026886,1,0.00056966,0,2216.220073699951,1,0.278
0.3469,3,45.76445245742798,1,0.00056966,0,1228.5636439323425,1,0.3469
0.373,7,45.70198392868042,1,0.00056966,0,796.8014438152313,1,0.373
0.373,10,44.83288335800171,1,0.00056966,3,700.358020067215,1,0.3677
0.373,17,46.089404821395874,1,0.00056966,10,517.3807324171066,1,0.3416
