stage_name,stage_key,split,aggregation_level,node_kind,node_name,route_space,support_size,wrapper_name,source_type,temperature,top_k,entropy_norm,n_eff_norm,top1_monopoly_norm,jitter_adj_norm,knn_consistency_score,knn_consistency_js,n_eff,cv_usage,top1_max_frac,entropy_mean
macro,macro@1,best_valid,session,final,final.expert,expert,8,FlatJointWrapper,,,,0.9529260853083578,0.9982424922742369,0.07214818480681538,0.7592547590117457,0.9885191764512503,0.011547237013604583,7.985939938193895,0.04195918020362736,0.18812966170596346,1.9815540879405422
macro,macro@1,best_valid,session,final,final.group,group,4,FlatJointWrapper,,,,0.9651703938632619,0.9991369549780166,0.08708921017592235,0.0,0.9945177717787866,0.005497310783638494,3.9965478199120663,0.0293885525316,0.31531690763194176,1.3380102745325038
macro,macro@1,best_valid,session,final,final.intra.Exposure,intra,2,FlatJointWrapper,,,,0.9345953313488848,0.999758659447982,0.1361306514899785,0.0,0.9949706349101282,0.005042054912188743,1.999517318895964,0.015534847974777222,0.5680653257449892,0.6478121188889674
macro,macro@1,best_valid,session,final,final.intra.Focus,intra,2,FlatJointWrapper,,,,0.921838946600136,0.9993566839583665,0.06840114532150299,0.0,0.9940141427210244,0.006003844337219595,1.998713367916733,0.02537134289741516,0.5342005726607515,0.6389700667662342
macro,macro@1,best_valid,session,final,final.intra.Memory,intra,2,FlatJointWrapper,,,,0.9367139332987061,0.9972614152477209,0.20166849305383727,0.0,0.9947805553000271,0.005233113584865561,1.9945228304954419,0.05240258574485779,0.6008342465269186,0.6492806218572148
macro,macro@1,best_valid,session,final,final.intra.Tempo,intra,2,FlatJointWrapper,,,,0.9443283150570059,0.9994380057962726,0.06422991268691014,0.0,0.995108117943965,0.004903886476534213,1.9988760115925452,0.02371394634246826,0.5321149563434551,0.6545585091046874
