best_mrr20,epoch,epoch_time_sec,eval,lr,patience_used,train_loss,trial,valid_mrr20
0.0122,1,17.734805583953857,1,0.0005476,0,696.7493762969971,1,0.0122
0.0156,3,17.321995735168457,1,0.0005476,0,601.5926847457886,1,0.0156
0.019,10,16.19743061065674,1,0.0005476,2,512.0554265975952,1,0.0188
0.0195,14,16.72862219810486,1,0.0005476,0,487.78646421432495,1,0.0195
0.0195,24,16.750057220458984,1,0.0005476,10,442.63614225387573,1,0.0182
