{
  "model": "BSARec",
  "dataset": "KuaiRecLargeStrictPosV2_0.2",
  "dataset_raw": "KuaiRecLargeStrictPosV2_0.2",
  "max_evals": 5,
  "tune_epochs": 100,
  "n_completed": 5,
  "n_recorded_trials": 5,
  "timestamp": "2026-03-19T03:47:08.249272",
  "trials": [
    {
      "trial": 1,
      "params": {
        "learning_rate": 0.000948902882951789
      },
      "mrr@20": 0.0735,
      "valid_result": {
        "hit@5": 0.0801,
        "hit@10": 0.0944,
        "hit@20": 0.1187,
        "ndcg@5": 0.0725,
        "ndcg@10": 0.077,
        "ndcg@20": 0.0832,
        "mrr@5": 0.07,
        "mrr@10": 0.0719,
        "mrr@20": 0.0735
      },
      "test_result": {
        "hit@5": 0.1606,
        "hit@10": 0.173,
        "hit@20": 0.1932,
        "ndcg@5": 0.1531,
        "ndcg@10": 0.157,
        "ndcg@20": 0.1621,
        "mrr@5": 0.1506,
        "mrr@10": 0.1522,
        "mrr@20": 0.1535
      },
      "best_hr@10": 0.0944,
      "test_mrr@20": 0.1535,
      "test_hr@10": 0.173,
      "epochs_run": 47,
      "early_stop_epoch": 47,
      "early_stopped": true,
      "elapsed": 140.7,
      "status": "ok"
    },
    {
      "trial": 2,
      "params": {
        "learning_rate": 0.0014750172417138014
      },
      "mrr@20": 0.075,
      "valid_result": {
        "hit@5": 0.0816,
        "hit@10": 0.0977,
        "hit@20": 0.1233,
        "ndcg@5": 0.0737,
        "ndcg@10": 0.0789,
        "ndcg@20": 0.0853,
        "mrr@5": 0.0711,
        "mrr@10": 0.0732,
        "mrr@20": 0.075
      },
      "test_result": {
        "hit@5": 0.1612,
        "hit@10": 0.1751,
        "hit@20": 0.1978,
        "ndcg@5": 0.1536,
        "ndcg@10": 0.158,
        "ndcg@20": 0.1637,
        "mrr@5": 0.1511,
        "mrr@10": 0.1529,
        "mrr@20": 0.1544
      },
      "best_hr@10": 0.0977,
      "test_mrr@20": 0.1544,
      "test_hr@10": 0.1751,
      "epochs_run": 39,
      "early_stop_epoch": 39,
      "early_stopped": true,
      "elapsed": 119.1,
      "status": "ok"
    },
    {
      "trial": 3,
      "params": {
        "learning_rate": 0.0012665465624723514
      },
      "mrr@20": 0.0743,
      "valid_result": {
        "hit@5": 0.0811,
        "hit@10": 0.0962,
        "hit@20": 0.1229,
        "ndcg@5": 0.0731,
        "ndcg@10": 0.0779,
        "ndcg@20": 0.0846,
        "mrr@5": 0.0705,
        "mrr@10": 0.0724,
        "mrr@20": 0.0743
      },
      "test_result": {
        "hit@5": 0.1612,
        "hit@10": 0.1754,
        "hit@20": 0.1974,
        "ndcg@5": 0.1537,
        "ndcg@10": 0.1583,
        "ndcg@20": 0.1638,
        "mrr@5": 0.1513,
        "mrr@10": 0.1531,
        "mrr@20": 0.1546
      },
      "best_hr@10": 0.0962,
      "test_mrr@20": 0.1546,
      "test_hr@10": 0.1754,
      "epochs_run": 39,
      "early_stop_epoch": 39,
      "early_stopped": true,
      "elapsed": 119.7,
      "status": "ok"
    },
    {
      "trial": 4,
      "params": {
        "learning_rate": 0.002352514555593186
      },
      "mrr@20": 0.0761,
      "valid_result": {
        "hit@5": 0.0837,
        "hit@10": 0.1016,
        "hit@20": 0.1301,
        "ndcg@5": 0.0747,
        "ndcg@10": 0.0805,
        "ndcg@20": 0.0876,
        "mrr@5": 0.0718,
        "mrr@10": 0.0742,
        "mrr@20": 0.0761
      },
      "test_result": {
        "hit@5": 0.1638,
        "hit@10": 0.1782,
        "hit@20": 0.2019,
        "ndcg@5": 0.1557,
        "ndcg@10": 0.1603,
        "ndcg@20": 0.1663,
        "mrr@5": 0.1531,
        "mrr@10": 0.155,
        "mrr@20": 0.1566
      },
      "best_hr@10": 0.1016,
      "test_mrr@20": 0.1566,
      "test_hr@10": 0.1782,
      "epochs_run": 27,
      "early_stop_epoch": 27,
      "early_stopped": true,
      "elapsed": 82.5,
      "status": "ok"
    },
    {
      "trial": 5,
      "params": {
        "learning_rate": 0.0008545798711183088
      },
      "mrr@20": 0.0733,
      "valid_result": {
        "hit@5": 0.0796,
        "hit@10": 0.0947,
        "hit@20": 0.1185,
        "ndcg@5": 0.0721,
        "ndcg@10": 0.077,
        "ndcg@20": 0.0829,
        "mrr@5": 0.0697,
        "mrr@10": 0.0716,
        "mrr@20": 0.0733
      },
      "test_result": {
        "hit@5": 0.1595,
        "hit@10": 0.1717,
        "hit@20": 0.1914,
        "ndcg@5": 0.1523,
        "ndcg@10": 0.1563,
        "ndcg@20": 0.1612,
        "mrr@5": 0.15,
        "mrr@10": 0.1516,
        "mrr@20": 0.1529
      },
      "best_hr@10": 0.0947,
      "test_mrr@20": 0.1529,
      "test_hr@10": 0.1717,
      "epochs_run": 51,
      "early_stop_epoch": 51,
      "early_stopped": true,
      "elapsed": 151.9,
      "status": "ok"
    }
  ],
  "run_group": "baseline",
  "run_axis": "hparam",
  "run_phase": "P2_MORE_SEARCH_M00_BSAREC_C03",
  "parent_result": "",
  "interrupted": false,
  "interrupted_at": null,
  "tuned_search": {
    "learning_rate": [
      0.0002,
      0.006
    ]
  },
  "fixed_search": {
    "num_layers": 2,
    "num_heads": 4,
    "weight_decay": 0.0001,
    "dropout_ratio": 0.1,
    "hidden_size": 160
  },
  "context_fixed": {
    "num_layers": 2,
    "search_space_type_overrides": {
      "learning_rate": "loguniform",
      "weight_decay": "choice",
      "dropout_ratio": "choice"
    },
    "combo_id": "C03"
  },
  "best_params": {
    "learning_rate": 0.002352514555593186
  },
  "best_mrr@20": 0.0761,
  "best_hr@10": 0.1016,
  "test_mrr@20": 0.1566,
  "test_hr@10": 0.1782,
  "best_valid_result": {
    "hit@5": 0.0837,
    "hit@10": 0.1016,
    "hit@20": 0.1301,
    "ndcg@5": 0.0747,
    "ndcg@10": 0.0805,
    "ndcg@20": 0.0876,
    "mrr@5": 0.0718,
    "mrr@10": 0.0742,
    "mrr@20": 0.0761
  },
  "test_result": {
    "hit@5": 0.1638,
    "hit@10": 0.1782,
    "hit@20": 0.2019,
    "ndcg@5": 0.1557,
    "ndcg@10": 0.1603,
    "ndcg@20": 0.1663,
    "mrr@5": 0.1531,
    "mrr@10": 0.155,
    "mrr@20": 0.1566
  },
  "best_valid_special_metrics": {},
  "early_valid_result": {},
  "early_valid_special_metrics": {},
  "test_special_metrics": {},
  "normal_result_mirror_file": "/workspace/jy1559/FMoE/experiments/run/artifacts/results/baseline/normal/hparam/P2/KuaiRecLargeStrictPosV2_0.2/BSARec/KuaiRecLargeStrictPosV2_0.2_BSARec_p2_more_search_m00_bsarec_c03_20260319_033648_028711_pid27400.json",
  "special_result_file": "/workspace/jy1559/FMoE/experiments/run/artifacts/results/baseline/special/hparam/P2/KuaiRecLargeStrictPosV2_0.2/BSARec/KuaiRecLargeStrictPosV2_0.2_BSARec_p2_more_search_m00_bsarec_c03_20260319_033648_028711_pid27400_special_metrics.json",
  "special_log_file": "/workspace/jy1559/FMoE/experiments/run/artifacts/logs/baseline/special/hparam/P2/KuaiRecLargeStrictPosV2_0.2/BSARec/KuaiRecLargeStrictPosV2_0.2_BSARec_p2_more_search_m00_bsarec_c03_20260319_033648_028711_pid27400_special_metrics.json"
}
