best_mrr20,epoch,epoch_time_sec,eval,lr,patience_used,train_loss,trial,valid_mrr20
0.2777,1,50.893099784851074,1,0.00056966,0,2193.876850128174,1,0.2777
0.3357,3,47.66039776802063,1,0.00056966,0,1245.1621890068054,1,0.3357
0.3681,7,46.4030544757843,1,0.00056966,0,801.090579032898,1,0.3681
0.3681,10,47.02220940589905,1,0.00056966,3,691.2133660316467,1,0.3646
0.3681,17,46.99860405921936,1,0.00056966,10,477.93064630031586,1,0.3341
