stage_name,stage_key,split,aggregation_level,node_kind,node_name,route_space,support_size,wrapper_name,source_type,temperature,top_k,entropy_norm,n_eff_norm,top1_monopoly_norm,jitter_adj_norm,knn_consistency_score,knn_consistency_js,n_eff,cv_usage,top1_max_frac,entropy_mean
macro,macro@1,best_valid,session,final,final.expert,expert,16,FlatJointWrapper,,,,0.9026824305569343,0.8603288437364077,0.2069111964019573,0.8575365114356572,0.9753684971258663,0.024939933617682618,13.765261499782524,0.40292203426361084,0.25647924662683497,2.5027671267261504
macro,macro@1,best_valid,session,final,final.group,group,4,FlatJointWrapper,,,,0.9321481472348163,0.9227932780460202,0.39297537556549145,0.0,0.9924479362461125,0.00758072497947586,3.6911731121840807,0.2892512083053589,0.5447315316741186,1.2922317202399793
macro,macro@1,best_valid,session,final,final.intra.Exposure,intra,4,FlatJointWrapper,,,,0.8824546931920587,0.9317849141316022,0.279916643585381,0.0,0.9865824605997219,0.013508367960914335,3.727139656526409,0.2705714702606201,0.4599374826890357,1.223341965115934
macro,macro@1,best_valid,session,final,final.intra.Focus,intra,4,FlatJointWrapper,,,,0.8904404104855753,0.9584472178138521,0.20289109589944476,0.0,0.9848541180371478,0.015261752294042717,3.8337888712554085,0.20821692049503326,0.40216832192458357,1.2344125199694338
macro,macro@1,best_valid,session,final,final.intra.Memory,intra,4,FlatJointWrapper,,,,0.8427759347673155,0.8858515015826531,0.38606417916353425,0.0,0.9829734455158227,0.01717317291722021,3.5434060063306125,0.3589670956134796,0.5395481343726507,1.1683355260554742
macro,macro@1,best_valid,session,final,final.intra.Tempo,intra,4,FlatJointWrapper,,,,0.8924046113503432,0.9514863344343218,0.2023107664305781,0.0,0.9825954689945158,0.017557770499300022,3.8059453377372874,0.22580350935459137,0.4017330748229336,1.2371354805523682
