stage_name,stage_key,split,aggregation_level,node_kind,node_name,route_space,support_size,wrapper_name,source_type,temperature,top_k,entropy_norm,n_eff_norm,top1_monopoly_norm,jitter_adj_norm,knn_consistency_score,knn_consistency_js,n_eff,cv_usage,top1_max_frac,entropy_mean
macro,macro@1,best_valid,session,final,final.expert,expert,9,GroupConditionalProductWrapper,,,,0.9702527723428194,0.9907898756804884,0.23675673058299437,0.0,0.9953459755301094,0.004664888161469925,8.917108881124395,0.09641420676250602,0.321561538295995,2.1318632376202467
macro,macro@1,best_valid,session,final,final.group,group,3,GroupConditionalProductWrapper,,,,0.9727605391260877,0.9995480435217526,0.1862289366647298,0.0,0.9977801357257711,0.002222331825355694,2.998644130565258,0.021263805049991456,0.45748595777648654,1.0686866822153356
macro,macro@1,best_valid,session,final,final.intra.Focus,intra,3,GroupConditionalProductWrapper,,,,0.9960761206839382,0.9997816860552512,0.49422170572664464,0.0,0.9992822635981656,0.0007179940979182325,2.9993450581657535,0.014778736538328632,0.6628144704844298,1.0943014666322337
macro,macro@1,best_valid,session,final,final.intra.Memory,intra,3,GroupConditionalProductWrapper,,,,0.9689299068087169,0.9698548797374044,0.6464910581703144,0.0,0.9986227446825924,0.0013782046052201328,2.909564639212213,0.17630130272205763,0.764327372113543,1.0644783024781028
macro,macro@1,best_valid,session,final,final.intra.Tempo,intra,3,GroupConditionalProductWrapper,,,,0.9355181401996117,0.9999140574889839,0.1727354897023694,0.0,0.9948252443889503,0.005188191028912271,2.9997421724669517,0.009270776485405073,0.44849032646824627,1.027771725095229
