best_mrr20,epoch,epoch_time_sec,eval,lr,patience_used,train_loss,trial,valid_mrr20
0.2719,1,56.11439609527588,1,0.0006918502217122324,0,2184.793309211731,1,0.2719
0.3472,3,53.715441942214966,1,0.0006905969424258146,0,1169.015377998352,1,0.3472
0.3714,6,56.33647561073303,1,0.0006863795394030031,0,826.376965045929,1,0.3714
0.3714,10,54.78838515281677,1,0.0006764589887885513,4,684.2204577922821,1,0.3652
0.3714,16,55.301918268203735,1,0.0006527232986450689,10,509.2776325941086,1,0.34
