stage_name,stage_key,split,aggregation_level,node_kind,node_name,route_space,support_size,wrapper_name,source_type,temperature,top_k,entropy_norm,n_eff_norm,top1_monopoly_norm,jitter_adj_norm,knn_consistency_score,knn_consistency_js,n_eff,cv_usage,top1_max_frac,entropy_mean
mid,mid@1,best_valid,session,final,final.expert,expert,16,FlatJointWrapper,,,,0.9156103491819307,0.9781578080498605,0.06268257978337254,0.7039959277169763,0.954368028237224,0.046705908091876164,15.650524928797768,0.14943153864961403,0.12126491854691175,2.538610928107849
mid,mid@1,best_valid,session,final,final.group,group,4,FlatJointWrapper,,,,0.9671803475359969,0.9946180927932289,0.1772802508929349,0.0,0.9911109904586782,0.008928752478826312,3.9784723711729155,0.0735606564355679,0.3829601881697012,1.3407966619751286
mid,mid@1,best_valid,session,final,final.intra.Exposure,intra,4,FlatJointWrapper,,,,0.8651151771025789,0.9833515226894145,0.14011092720039495,0.0,0.9624280446138456,0.0382959744575372,3.933406090757658,0.13011673092842102,0.3550831954002962,1.1993042917365406
mid,mid@1,best_valid,session,final,final.intra.Focus,intra,4,FlatJointWrapper,,,,0.8599028112410197,0.9615464324031875,0.2760112669512443,0.0,0.9613330196128272,0.03943439558440564,3.84618572961275,0.19997818768024445,0.4570084502134332,1.1920784183345674
mid,mid@1,best_valid,session,final,final.intra.Memory,intra,4,FlatJointWrapper,,,,0.8749751409929758,0.991607527774642,0.09655312599819961,0.0,0.9647711752339596,0.035864329871404435,3.966430111098568,0.09199728816747665,0.3224148444986497,1.2129731040786436
mid,mid@1,best_valid,session,final,final.intra.Tempo,intra,4,FlatJointWrapper,,,,0.8916840885142292,0.9917730654762784,0.03638528327090048,0.0,0.9669807675938167,0.03357667246104538,3.9670922619051137,0.09107796847820282,0.27728896245317536,1.2361366238076053
