best_mrr20,epoch,eval,lr,patience_used,train_loss,trial,valid_mrr20
0.0096,1,1,0.0003,0,221.83279705047607,1,0.0096
0.0142,3,1,0.0003,0,208.02999591827393,1,0.0142
0.0936,10,1,0.0003,0,173.25848579406738,1,0.0936
0.1767,24,1,0.0003,0,118.86766958236694,1,0.1767
