best_mrr20,epoch,epoch_time_sec,eval,lr,patience_used,train_loss,trial,valid_mrr20
0.0106,1,17.404401063919067,1,0.0005476,0,695.7456941604614,1,0.0106
0.0158,3,16.34043788909912,1,0.0005476,0,600.691831111908,1,0.0158
0.0181,10,16.2254900932312,1,0.0005476,1,511.10542917251587,1,0.0169
0.0183,11,16.433858394622803,1,0.0005476,0,504.4488778114319,1,0.0183
0.0183,21,16.140640258789062,1,0.0005476,10,452.89549112319946,1,0.0173
