stage_name,stage_key,split,aggregation_level,node_kind,node_name,route_space,support_size,wrapper_name,source_type,temperature,top_k,entropy_norm,n_eff_norm,top1_monopoly_norm,jitter_adj_norm,knn_consistency_score,knn_consistency_js,n_eff,cv_usage,top1_max_frac,entropy_mean
macro,macro@1,best_valid,session,final,final.expert,expert,12,ScalarGroupConditionalProductWrapper,,,,0.9798874125332283,0.9897628968170569,0.708446576985691,0.0,0.9984669254325647,0.0015342509287034607,11.877154761804682,0.10170050034819543,0.7327426955702168,2.4349287474473766
macro,macro@1,best_valid,session,final,final.group,group,4,ScalarGroupConditionalProductWrapper,,,,0.9831781340305481,0.9965045278392233,0.743671588648026,0.0,0.9993531479223637,0.0006470613767033246,3.986018111356893,0.05922500789165497,0.8077536914860195,1.362974303182925
macro,macro@1,best_valid,session,final,final.intra.Exposure,intra,3,ScalarGroupConditionalProductWrapper,,,,0.9970507565673762,0.998791666361562,0.8839585296889726,0.0,0.9998107609900905,0.00018925691787029215,2.996374999084686,0.03478151083643702,0.9226390197926484,1.0953722135907555
macro,macro@1,best_valid,session,final,final.intra.Focus,intra,3,ScalarGroupConditionalProductWrapper,,,,0.9698545798524539,0.9946327752446399,0.6190009425070688,0.0,0.998771724449467,0.0012290304992002765,2.9838983257339198,0.07345929895462695,0.7460006283380459,1.0654941596469525
macro,macro@1,best_valid,session,final,final.intra.Memory,intra,3,ScalarGroupConditionalProductWrapper,,,,0.9411538740361822,0.9555603246573651,0.7873327049952874,0.0,0.9984140915790013,0.0015871673049177393,2.866680973972095,0.215653465221719,0.8582218033301916,1.033963211543748
macro,macro@1,best_valid,session,final,final.intra.Tempo,intra,3,ScalarGroupConditionalProductWrapper,,,,0.9902663075578004,0.9998951962171466,0.6109707822808671,0.0,0.9997236600201005,0.0002763781688273439,2.99968558865144,0.010233303227028154,0.7406471881872447,1.0879187345369934
