best_mrr20,epoch,epoch_time_sec,eval,lr,patience_used,train_loss,trial,valid_mrr20
0.0854,1,9.53704833984375,1,0.00095164,0,391.6545944213867,1,0.0854
0.1788,3,8.313201427459717,1,0.00095164,0,249.43506145477295,1,0.1788
0.1984,5,8.381953954696655,1,0.00095164,0,183.45966720581055,1,0.1984
0.1984,10,8.201584815979004,1,0.00095164,5,100.17437410354614,1,0.1877
0.1984,15,8.516522884368896,1,0.00095164,10,55.40461623668671,1,0.1832
