{
  "split": "best_valid",
  "feature_mode": "runtime:unknown|ablation:none",
  "stages": [
    {
      "stage": "macro@1",
      "n_eff": 10.06216336126027,
      "cv_usage": 0.43884679857352976,
      "top1_max_frac": 0.8901594587108772,
      "entropy_mean": 2.379396212113718,
      "route_jitter_adjacent": 0.0,
      "route_consistency_knn_js": 0.0025679741494483216,
      "route_consistency_knn_score": 0.997435320275565,
      "route_consistency_group_knn_js": 0.0011520716898030436,
      "route_consistency_group_knn_score": 0.9988485916900081,
      "route_consistency_intra_group_knn_mean_js": 0.0012672936645498544,
      "route_consistency_intra_group_knn_mean_score": 0.9987340512034171,
      "route_consistency_feature_group_knn_mean_score": 0.994307347740534,
      "family_top_expert_mean_share": 0.17002497613430023,
      "route_consistency_feature_group_knn_tempo_js": 0.004510551086321119,
      "route_consistency_feature_group_knn_tempo_score": 0.9954996061718808,
      "route_consistency_feature_group_knn_focus_js": 0.006823935213004497,
      "route_consistency_feature_group_knn_focus_score": 0.9931992949624524,
      "route_consistency_feature_group_knn_memory_js": 0.007431482716811388,
      "route_consistency_feature_group_knn_memory_score": 0.9925960624747664,
      "route_consistency_feature_group_knn_exposure_js": 0.004073859555750583,
      "route_consistency_feature_group_knn_exposure_score": 0.995934427353036
    }
  ]
}
