{
  "split": "best_valid",
  "feature_mode": "none",
  "stages": [
    {
      "stage": "macro@1",
      "n_eff": 12.87698244078306,
      "cv_usage": 0.4924703538417816,
      "top1_max_frac": 0.3178886558778143,
      "entropy_mean": 2.4787115325643967,
      "route_jitter_adjacent": 0.0,
      "route_consistency_knn_js": 0.01627763702924608,
      "route_consistency_knn_score": 0.9838541277956436,
      "route_consistency_group_knn_js": 0.009566406005789601,
      "route_consistency_group_knn_score": 0.9904792064910448,
      "route_consistency_intra_group_knn_mean_js": 0.006913440470764998,
      "route_consistency_intra_group_knn_mean_score": 0.9931178867787585,
      "route_consistency_feature_group_knn_mean_score": 0.9551669637994855,
      "family_top_expert_mean_share": 0.12357698380947113,
      "route_consistency_feature_group_knn_tempo_js": 0.0319107264987262,
      "route_consistency_feature_group_knn_tempo_score": 0.968593047912283,
      "route_consistency_feature_group_knn_focus_js": 0.04244345343089097,
      "route_consistency_feature_group_knn_focus_score": 0.9584446607459015,
      "route_consistency_feature_group_knn_memory_js": 0.05517140726731075,
      "route_consistency_feature_group_knn_memory_score": 0.9463229274240089,
      "route_consistency_feature_group_knn_exposure_js": 0.05413182540156562,
      "route_consistency_feature_group_knn_exposure_score": 0.9473072191157483
    }
  ]
}
