stage_name,stage_key,split,aggregation_level,node_kind,node_name,route_space,support_size,wrapper_name,source_type,temperature,top_k,entropy_norm,n_eff_norm,top1_monopoly_norm,jitter_adj_norm,knn_consistency_score,knn_consistency_js,n_eff,cv_usage,top1_max_frac,entropy_mean
macro,macro@1,best_valid,session,final,final.expert,expert,12,ScalarGroupConditionalProductWrapper,,,,0.8247661259606732,0.7545411304847782,0.28484043056259795,0.0,0.990647151973264,0.009396860553119186,9.054493565817339,0.5703585424912411,0.3444370613490481,2.0494668309195645
macro,macro@1,best_valid,session,final,final.group,group,4,ScalarGroupConditionalProductWrapper,,,,0.8604883165061387,0.8509211608896371,0.4473208685801562,0.0,0.9967948314411155,0.0032103161137602347,3.4036846435585484,0.4185655068496172,0.5854906514351171,1.1928901009820077
macro,macro@1,best_valid,session,final,final.intra.Exposure,intra,3,ScalarGroupConditionalProductWrapper,,,,0.4902330976415338,0.9028056677837378,0.23896059440629847,0.0,0.9806907342340782,0.019498124743028505,2.7084170033512134,0.32811283087394144,0.49264039627086564,0.5385761053808223
macro,macro@1,best_valid,session,final,final.intra.Focus,intra,3,ScalarGroupConditionalProductWrapper,,,,0.9461698086636738,0.9841934766769183,0.2831014370188403,0.0,0.9969564662367099,0.0030481747311948753,2.9525804300307548,0.1267294771453894,0.5220676246792268,1.0394737789646662
macro,macro@1,best_valid,session,final,final.intra.Memory,intra,3,ScalarGroupConditionalProductWrapper,,,,0.7669474150632256,0.7401773243858486,0.9169032613145935,0.0,0.9995951998678212,0.00040488208586968085,2.220531973157546,0.5924759926654103,0.9446021742097291,0.842577854950701
macro,macro@1,best_valid,session,final,final.intra.Tempo,intra,3,ScalarGroupConditionalProductWrapper,,,,0.6215668504974826,0.9835614220249614,0.11111894166683452,0.0,0.9841077445984213,0.016019891381081407,2.950684266074884,0.12928007902860406,0.40741262777788967,0.6828609801852682
