stage_name,stage_key,split,aggregation_level,node_kind,node_name,route_space,support_size,wrapper_name,source_type,temperature,top_k,entropy_norm,n_eff_norm,top1_monopoly_norm,jitter_adj_norm,knn_consistency_score,knn_consistency_js,n_eff,cv_usage,top1_max_frac,entropy_mean
macro,macro@1,best_valid,session,final,final.expert,expert,16,ScalarGroupConditionalProductWrapper,,,,0.9106565657875012,0.9798650458714846,0.7174455963975285,0.0,0.9963184112964745,0.003688382430815361,15.677840733943754,0.14334788918495178,0.735105246622683,2.524876124136035
macro,macro@1,best_valid,session,final,final.group,group,4,ScalarGroupConditionalProductWrapper,,,,0.8342961463212123,0.9821635724746246,0.6478458477327469,0.0,0.9966601607209727,0.0033454289915298336,3.9286542898984984,0.13476037979125977,0.7358843857995602,1.1565800431491517
macro,macro@1,best_valid,session,final,final.intra.Exposure,intra,4,ScalarGroupConditionalProductWrapper,,,,0.995040043023814,0.9979518962091045,0.7098921353021259,0.0,0.9996481353792048,0.00035192653967593666,3.991807584836418,0.045303232967853546,0.7824191014765944,1.3794184007324066
macro,macro@1,best_valid,session,final,final.intra.Focus,intra,4,ScalarGroupConditionalProductWrapper,,,,0.9906459914225143,0.9919990690926704,0.7004754424547074,0.0,0.9997572414642875,0.0002427880063354748,3.9679962763706818,0.089808888733387,0.7753565818410305,1.373326951775055
macro,macro@1,best_valid,session,final,final.intra.Memory,intra,4,ScalarGroupConditionalProductWrapper,,,,0.9589019927417344,0.986893897771885,0.7883087234265368,0.0,0.9982312254548026,0.0017703406739181904,3.94757559108754,0.11523961275815964,0.8412315425699026,1.3293204254044926
macro,macro@1,best_valid,session,final,final.intra.Tempo,intra,4,ScalarGroupConditionalProductWrapper,,,,0.9543884672491578,0.9235781280225641,0.7909226096973505,0.0,0.9994910813074469,0.0005090482356240786,3.6943125120902565,0.2876551151275635,0.8431919572730129,1.3230633504653628
