stage_name,stage_key,split,aggregation_level,node_kind,node_name,route_space,support_size,wrapper_name,source_type,temperature,top_k,entropy_norm,n_eff_norm,top1_monopoly_norm,jitter_adj_norm,knn_consistency_score,knn_consistency_js,n_eff,cv_usage,top1_max_frac,entropy_mean
macro,macro@1,best_valid,session,final,final.expert,expert,20,ScalarGroupConditionalProductWrapper,,,,0.6670905282865917,0.45322158135745366,0.5866610299737394,0.0,0.9319215732215098,0.07050661674122294,9.064431627149073,1.0983745736684078,0.6073279784750524,1.9984246249703241
macro,macro@1,best_valid,session,final,final.group,group,4,ScalarGroupConditionalProductWrapper,,,,0.8355707524156326,0.912366521142355,0.25723103707513945,0.0,0.9817172351948178,0.018451959959402464,3.64946608456942,0.3099204897880554,0.4429232778063546,1.1583470223904957
macro,macro@1,best_valid,session,final,final.intra.Exposure,intra,5,ScalarGroupConditionalProductWrapper,,,,0.2227419502256628,0.2905232658917748,0.8502848890119891,0.0,0.9421663554815131,0.05957342182169236,1.4526163294588739,1.562710828144687,0.8802279112095913,0.358489339382691
macro,macro@1,best_valid,session,final,final.intra.Focus,intra,5,ScalarGroupConditionalProductWrapper,,,,0.522872338137879,0.5273687398557794,0.627468048905947,0.0,0.9515101952291024,0.04970487740149529,2.636843699278897,0.9466820029426815,0.7019744391247577,0.8415305643621651
macro,macro@1,best_valid,session,final,final.intra.Memory,intra,5,ScalarGroupConditionalProductWrapper,,,,0.684414678920875,0.6368729587287759,0.42206109286590426,0.0,0.9719667903728338,0.028433641388471483,3.1843647936438795,0.7550972587600759,0.5376488742927235,1.1015229320816682
macro,macro@1,best_valid,session,final,final.intra.Tempo,intra,5,ScalarGroupConditionalProductWrapper,,,,0.5935577330882381,0.8327431564937134,0.2548866379139793,0.0,0.9454590874942123,0.056084662582166336,4.163715782468567,0.448163443086096,0.4039093103311835,0.9552943188506509
