best_mrr20,epoch,epoch_time_sec,eval,lr,patience_used,train_loss,trial,valid_mrr20
0.0023,1,2.9457709789276123,1,0.0005672,0,80.70840883255005,1,0.0023
0.0107,3,1.987464427947998,1,0.0005672,0,70.95287418365479,1,0.0107
0.0396,10,2.0322649478912354,1,0.0005672,0,51.50254678726196,1,0.0396
0.0774,42,1.9940075874328613,1,0.0005672,0,27.780685663223267,1,0.0774
0.0774,52,1.813896894454956,1,0.0005672,10,23.918206930160522,1,0.0756
