{
  "split": "best_valid",
  "feature_mode": "none",
  "stages": [
    {
      "stage": "macro@1",
      "n_eff": 9.953157225764445,
      "cv_usage": 0.4534838767936156,
      "top1_max_frac": 0.24358621553716495,
      "entropy_mean": 2.0330828219700785,
      "route_jitter_adjacent": 0.10109156694251244,
      "route_consistency_knn_js": 0.01633988434702188,
      "route_consistency_knn_score": 0.98379288742115,
      "route_consistency_group_knn_js": 0.007030211611077237,
      "route_consistency_group_knn_score": 0.9929944425181577,
      "route_consistency_intra_group_knn_mean_js": 0.010810594532058609,
      "route_consistency_intra_group_knn_mean_score": 0.9892549710903069,
      "route_consistency_feature_group_knn_mean_score": 0.9638026386790632,
      "family_top_expert_mean_share": 0.1478341668844223,
      "route_consistency_feature_group_knn_tempo_js": 0.030430169832567508,
      "route_consistency_feature_group_knn_tempo_score": 0.9700281669315256,
      "route_consistency_feature_group_knn_focus_js": 0.04063580419800841,
      "route_consistency_feature_group_knn_focus_score": 0.9601787593504709,
      "route_consistency_feature_group_knn_memory_js": 0.03199098437252782,
      "route_consistency_feature_group_knn_memory_score": 0.968515313813107,
      "route_consistency_feature_group_knn_exposure_js": 0.04448670698654475,
      "route_consistency_feature_group_knn_exposure_score": 0.9564883146211495
    }
  ]
}
