stage_name,stage_key,split,aggregation_level,node_kind,node_name,route_space,support_size,wrapper_name,source_type,temperature,top_k,entropy_norm,n_eff_norm,top1_monopoly_norm,jitter_adj_norm,knn_consistency_score,knn_consistency_js,n_eff,cv_usage,top1_max_frac,entropy_mean
macro,macro@1,best_valid,session,final,final.expert,expert,16,FlatJointWrapper,,,,0.881880891160438,0.9868090322949493,0.05142363041195726,0.7351178028718807,0.9247950653568512,0.07818311698131883,15.788944516719189,0.1156170442700386,0.11070965351120993,2.4450930131901982
macro,macro@1,best_valid,session,final,final.group,group,4,FlatJointWrapper,,,,0.9387977480249687,0.9963529095125803,0.0955469087764808,0.0,0.9793609105500102,0.020855052139969105,3.985411638050321,0.06050149351358414,0.3216601815823606,1.301450024319066
macro,macro@1,best_valid,session,final,final.intra.Exposure,intra,4,FlatJointWrapper,,,,0.8309951816776228,0.988609307362496,0.08195911308751776,0.0,0.9452161833973723,0.05634161215136638,3.954437229449984,0.10734017193317413,0.3114693348156383,1.1520039344774875
macro,macro@1,best_valid,session,final,final.intra.Focus,intra,4,FlatJointWrapper,,,,0.8567064601338463,0.9967878854133494,0.0320548452844173,0.0,0.948425456629717,0.05295208349177864,3.9871515416533976,0.05676688998937607,0.274041133963313,1.1876473348185335
macro,macro@1,best_valid,session,final,final.intra.Memory,intra,4,FlatJointWrapper,,,,0.853209120368889,0.9937517118110938,0.044901488481255004,0.0,0.947418768709731,0.054014077933247466,3.975006847244375,0.07929420471191406,0.28367611636094126,1.1827989924234528
macro,macro@1,best_valid,session,final,final.intra.Tempo,intra,4,FlatJointWrapper,,,,0.8479373321249658,0.9859850526190828,0.10246433203631648,0.0,0.9482535108995349,0.05313339591585974,3.943940210476331,0.11922342330217361,0.32684824902723736,1.175490742107884
