{
  "split": "early_valid",
  "feature_mode": "none",
  "stage_metrics": {
    "macro@1": {
      "mode": "moe",
      "n_slots": 4,
      "expert_names": [
        "Tempo",
        "Focus",
        "Memory",
        "Exposure"
      ],
      "family_names": [
        "Tempo",
        "Focus",
        "Memory",
        "Exposure"
      ],
      "usage_sum": [
        718.0975341796875,
        649.7257080078125,
        1366.7183837890625,
        608.4583740234375
      ],
      "top1_count": [
        655.0,
        457.0,
        1919.0,
        312.0
      ],
      "entropy_mean": 1.124280796627281,
      "route_jitter_adjacent": 0.6325478645066274,
      "route_jitter_session": 0.36247246905141656,
      "route_consistency_knn_js": 0.01944714261774431,
      "route_consistency_knn_score": 0.980740733206472,
      "route_consistency_group_knn_js": 0.01944714261774431,
      "route_consistency_group_knn_score": 0.980740733206472,
      "route_consistency_intra_group_knn": {
        "group_names": [
          "Tempo",
          "Focus",
          "Memory",
          "Exposure"
        ],
        "js_by_group": [
          0.0,
          0.0,
          0.0,
          0.0
        ],
        "score_by_group": [
          1.0,
          1.0,
          1.0,
          1.0
        ],
        "mean_js": 0.0,
        "mean_score": 1.0
      },
      "route_consistency_feature_group_knn": {
        "group_names": [
          "Tempo",
          "Focus",
          "Memory",
          "Exposure"
        ],
        "js_by_group": [
          0.021020942517634974,
          0.022022122591496274,
          0.021918304419023187,
          0.021818358742259146
        ],
        "score_by_group": [
          0.9791984574737614,
          0.9782185940814828,
          0.9783201562201062,
          0.9784179399766619
        ],
        "mean_js": 0.021694932067603395,
        "mean_score": 0.9785387869380031
      },
      "condition_norm": 0.0,
      "stage_delta_norm": 5.082636500697767,
      "shared_delta_norm": 6.140370190390749,
      "moe_delta_norm": 5.082636500697767,
      "residual_delta_norm": 5.082636500697767,
      "alpha_value": 1.0,
      "alpha_effective": 1.0,
      "usage_share": [
        0.21480631828308105,
        0.1943540871143341,
        0.4088298976421356,
        0.18200968205928802
      ],
      "n_eff": 3.51883871637554,
      "cv_usage": 0.3697820007801056,
      "dead_expert_frac": 0.0,
      "top1_max_frac": 0.5740352976368531,
      "wrapper_name": "FlatJointWrapper",
      "feature_family_expert_heatmap": {
        "family_names": [
          "Tempo",
          "Focus",
          "Memory",
          "Exposure"
        ],
        "values": [
          [
            309.01043701171875,
            270.598876953125,
            571.160400390625,
            262.91180419921875
          ],
          [
            382.24371337890625,
            341.588623046875,
            720.2090454101562,
            324.4823303222656
          ],
          [
            318.8079833984375,
            295.4542236328125,
            619.7391967773438,
            268.41864013671875
          ],
          [
            345.74774169921875,
            314.7929992675781,
            664.6944580078125,
            294.3321533203125
          ]
        ]
      },
      "position_expert_usage": {
        "values": [
          [
            29.0,
            134.0,
            456.0,
            8.0
          ],
          [
            34.0,
            36.0,
            477.0,
            72.0
          ],
          [
            369.0,
            111.0,
            77.0,
            43.0
          ],
          [
            112.0,
            10.0,
            413.0,
            7.0
          ],
          [
            13.0,
            120.0,
            160.0,
            29.0
          ],
          [
            6.0,
            5.0,
            112.0,
            90.0
          ],
          [
            9.0,
            20.0,
            112.0,
            13.0
          ],
          [
            23.0,
            3.0,
            66.0,
            20.0
          ],
          [
            24.0,
            11.0,
            22.0,
            28.0
          ],
          [
            36.0,
            7.0,
            24.0,
            2.0
          ]
        ]
      },
      "route_transition_matrix": {
        "values": [
          [
            125.0,
            37.0,
            303.0,
            34.0
          ],
          [
            80.0,
            30.0,
            220.0,
            50.0
          ],
          [
            345.0,
            236.0,
            808.0,
            185.0
          ],
          [
            76.0,
            20.0,
            132.0,
            35.0
          ]
        ]
      },
      "group_routing": {
        "group_names": [
          "Tempo",
          "Focus",
          "Memory",
          "Exposure"
        ],
        "group_share": [
          0.21480631828308105,
          0.1943540871143341,
          0.4088298976421356,
          0.18200968205928802
        ],
        "group_n_eff": 3.51883871637554,
        "group_cv_usage": 0.3697820144822203,
        "group_top1_max_frac": 0.5740352976368531,
        "group_entropy_mean": 1.124280796627281,
        "group_prior_mean": [
          0.0,
          0.0,
          0.0,
          0.0
        ],
        "factored_group_entropy_mean": 0.0
      },
      "specialization_summary": {
        "mean_top_expert_share": 0.4085423946380615,
        "family_top_expert": [
          {
            "family": "Tempo",
            "expert": "Memory",
            "top_share": 0.40402334928512573
          },
          {
            "family": "Focus",
            "expert": "Memory",
            "top_share": 0.4072374403476715
          },
          {
            "family": "Memory",
            "expert": "Memory",
            "top_share": 0.41249391436576843
          },
          {
            "family": "Exposure",
            "expert": "Memory",
            "top_share": 0.41041481494903564
          }
        ]
      },
      "expert_similarity_mean": 0.14919708669185638,
      "expert_similarity_max": 0.24035044014453888
    }
  },
  "scalar_metrics": {
    "macro_1.entropy_mean": 1.124280796627281,
    "macro_1.n_eff": 3.51883871637554,
    "macro_1.cv_usage": 0.3697820007801056,
    "macro_1.dead_expert_frac": 0.0,
    "macro_1.top1_max_frac": 0.5740352976368531,
    "macro_1.route_jitter_adjacent": 0.6325478645066274,
    "macro_1.route_jitter_session": 0.36247246905141656,
    "macro_1.route_consistency_knn_js": 0.01944714261774431,
    "macro_1.route_consistency_knn_score": 0.980740733206472,
    "macro_1.route_consistency_group_knn_js": 0.01944714261774431,
    "macro_1.route_consistency_group_knn_score": 0.980740733206472,
    "macro_1.route_consistency_intra_group_knn_mean_js": 0.0,
    "macro_1.route_consistency_intra_group_knn_mean_score": 1.0,
    "macro_1.route_consistency_feature_group_knn_mean_js": 0.021694932067603395,
    "macro_1.route_consistency_feature_group_knn_mean_score": 0.9785387869380031,
    "macro_1.route_consistency_feature_group_knn_tempo_js": 0.021020942517634974,
    "macro_1.route_consistency_feature_group_knn_tempo_score": 0.9791984574737614,
    "macro_1.route_consistency_feature_group_knn_focus_js": 0.022022122591496274,
    "macro_1.route_consistency_feature_group_knn_focus_score": 0.9782185940814828,
    "macro_1.route_consistency_feature_group_knn_memory_js": 0.021918304419023187,
    "macro_1.route_consistency_feature_group_knn_memory_score": 0.9783201562201062,
    "macro_1.route_consistency_feature_group_knn_exposure_js": 0.021818358742259146,
    "macro_1.route_consistency_feature_group_knn_exposure_score": 0.9784179399766619,
    "macro_1.condition_norm": 0.0,
    "macro_1.stage_delta_norm": 5.082636500697767,
    "macro_1.shared_delta_norm": 6.140370190390749,
    "macro_1.moe_delta_norm": 5.082636500697767,