best_mrr20,epoch,epoch_time_sec,eval,lr,patience_used,train_loss,trial,valid_mrr20
0.005,1,2.9472193717956543,1,0.0005672,0,80.2746696472168,1,0.005
0.0068,3,1.7975611686706543,1,0.0005672,1,71.45524263381958,1,0.0067
0.0471,10,1.7891740798950195,1,0.0005672,1,51.86062574386597,1,0.0468
0.0838,37,2.0415260791778564,1,0.0005672,0,29.857946395874023,1,0.0838
0.0838,47,1.8644981384277344,1,0.0005672,10,25.63826847076416,1,0.0682
