{
  "split": "best_valid",
  "feature_mode": "runtime:unknown|ablation:none",
  "stages": [
    {
      "stage": "macro@1",
      "n_eff": 8.806701184987883,
      "cv_usage": 0.6021616726469495,
      "top1_max_frac": 0.20251335218347472,
      "entropy_mean": 1.671825898817939,
      "route_jitter_adjacent": 0.4872652652997879,
      "route_consistency_knn_js": 0.14146942806031812,
      "route_consistency_knn_score": 0.8680817141210255,
      "route_consistency_group_knn_js": 0.054477739722928444,
      "route_consistency_group_knn_score": 0.9469795886512276,
      "route_consistency_intra_group_knn_mean_js": 0.13808753633605186,
      "route_consistency_intra_group_knn_mean_score": 0.8716626426644498,
      "route_consistency_feature_group_knn_mean_score": 0.7901813460598439,
      "family_top_expert_mean_share": 0.1650501787662506,
      "route_consistency_feature_group_knn_tempo_js": 0.2372377479049875,
      "route_consistency_feature_group_knn_tempo_score": 0.788803729288561,
      "route_consistency_feature_group_knn_focus_js": 0.23589391121606282,
      "route_consistency_feature_group_knn_focus_score": 0.7898644652486582,
      "route_consistency_feature_group_knn_memory_js": 0.23624605103896404,
      "route_consistency_feature_group_knn_memory_score": 0.789586371482568,
      "route_consistency_feature_group_knn_exposure_js": 0.23259959634451446,
      "route_consistency_feature_group_knn_exposure_score": 0.7924708182195884
    }
  ]
}
