best_mrr20,epoch,epoch_time_sec,eval,lr,patience_used,train_loss,trial,valid_mrr20
0.0041,1,3.770174264907837,1,0.001349694149497785,0,79.18286514282227,1,0.0041
0.0256,3,2.706325054168701,1,0.001347249192963149,0,68.98991060256958,1,0.0256
0.0636,10,2.491550922393799,1,0.0013196682040276242,1,45.346282958984375,1,0.0603
0.0817,20,2.7874057292938232,1,0.0012317016814501183,0,27.032081842422485,1,0.0817
0.0817,30,2.483717203140259,1,0.0010948845725645031,10,15.659421682357788,1,0.0673
