best_mrr20,epoch,epoch_time_sec,eval,lr,patience_used,train_loss,trial,valid_mrr20
0.0752,1,32.216307401657104,1,0.0004983,0,1586.836633682251,1,0.0752
0.1925,3,31.139962673187256,1,0.0004983,0,1032.567011833191,1,0.1925
0.3003,10,30.84147834777832,1,0.0004983,0,424.5893054008484,1,0.3003
0.3105,13,30.90236186981201,1,0.0004983,0,304.25305354595184,1,0.3105
0.3105,23,30.15215301513672,1,0.0004983,10,105.40346211194992,1,0.3017
