stage_name,stage_key,split,aggregation_level,node_kind,node_name,route_space,support_size,wrapper_name,source_type,temperature,top_k,entropy_norm,n_eff_norm,top1_monopoly_norm,jitter_adj_norm,knn_consistency_score,knn_consistency_js,n_eff,cv_usage,top1_max_frac,entropy_mean
macro,macro@1,best_valid,session,final,final.expert,expert,16,ScalarGroupConditionalProductWrapper,,,,0.9070179770172261,0.5833371811696718,0.9612550943694853,0.0,0.9933276745276897,0.006694684951228392,9.333394898714749,0.8451475501060486,0.9636766509713924,2.514787813946702
macro,macro@1,best_valid,session,final,final.group,group,4,ScalarGroupConditionalProductWrapper,,,,0.9589395917111732,0.9004388408795796,0.9740434455743284,0.0,0.9987750654604348,0.0012256853850986932,3.6017553635183184,0.33252009749412537,0.9805325841807463,1.3293725486438095
macro,macro@1,best_valid,session,final,final.intra.Exposure,intra,4,ScalarGroupConditionalProductWrapper,,,,0.6967881667491861,0.5237302600062346,0.9680818792123347,0.0,0.991316646588035,0.008721273399891599,2.0949210400249383,0.9536140561103821,0.976061409409251,0.9659535064594627
macro,macro@1,best_valid,session,final,final.intra.Focus,intra,4,ScalarGroupConditionalProductWrapper,,,,0.9972734095219333,0.9999501729998215,0.3649085321621229,0.0,0.9996876976113377,0.0003123511652089283,3.999800691999286,0.007058899849653244,0.5236813991215922,1.3825145041150635
macro,macro@1,best_valid,session,final,final.intra.Memory,intra,4,ScalarGroupConditionalProductWrapper,,,,0.971488134039267,0.9777702765392705,0.7985729170788325,0.0,0.9972441276836673,0.0027596767236928183,3.911081106157082,0.15078209340572357,0.8489296878091244,1.3467685221135204
macro,macro@1,best_valid,session,final,final.intra.Tempo,intra,4,ScalarGroupConditionalProductWrapper,,,,0.9245444887367044,0.9752426304065774,0.3469710758516995,0.0,0.9921646039227566,0.007866254088605393,3.9009705216263098,0.15932917594909668,0.5102283068887746,1.2816908113401655
