best_mrr20,epoch,epoch_time_sec,eval,lr,patience_used,train_loss,trial,valid_mrr20
0.0121,1,16.623111963272095,1,0.0005476,0,696.8621621131897,1,0.0121
0.015,3,15.613425016403198,1,0.0005476,0,603.5331540107727,1,0.015
0.018,7,15.619568109512329,1,0.0005476,0,541.5451765060425,1,0.018
0.018,10,15.282225847244263,1,0.0005476,3,520.0362462997437,1,0.0169
0.018,17,15.331306219100952,1,0.0005476,10,487.2789707183838,1,0.0164
