stage_name,stage_key,split,aggregation_level,node_kind,node_name,route_space,support_size,wrapper_name,source_type,temperature,top_k,entropy_norm,n_eff_norm,top1_monopoly_norm,jitter_adj_norm,knn_consistency_score,knn_consistency_js,n_eff,cv_usage,top1_max_frac,entropy_mean
macro,macro@1,best_valid,session,final,final.expert,expert,8,FlatJointWrapper,,,,0.9520147537017539,0.9982934560585166,0.06907783439297455,0.7582422033211826,0.9882485981400577,0.011820995333990345,7.986347648468133,0.04134524487526684,0.18544310509385273,1.9796590271395242
macro,macro@1,best_valid,session,final,final.group,group,4,FlatJointWrapper,,,,0.9645679996206389,0.9991709911705795,0.08364853240953492,0.0,0.9944023582043294,0.00561336730380428,3.996683964682318,0.028805067617003178,0.3127363993071512,1.3371751787907844
macro,macro@1,best_valid,session,final,final.intra.Exposure,intra,2,FlatJointWrapper,,,,0.9336859254648538,0.9998109698059425,0.12990915196719577,0.0,0.9948727460530798,0.005140443416594399,1.999621939611885,0.013749003410339355,0.5649545759835979,0.6471817667644667
macro,macro@1,best_valid,session,final,final.intra.Focus,intra,2,FlatJointWrapper,,,,0.9198630805355084,0.9993621605625568,0.06882533847078376,0.0,0.9938481061241802,0.006170894742575113,1.9987243211251136,0.02526077628135681,0.5344126692353919,0.6376005007743735
macro,macro@1,best_valid,session,final,final.intra.Memory,intra,2,FlatJointWrapper,,,,0.9356364417159564,0.9972839416348231,0.19735586270281735,0.0,0.9946518922535785,0.00536246006937284,1.9945678832696463,0.05218663811683655,0.5986779313514087,0.6485337616045548
macro,macro@1,best_valid,session,final,final.intra.Tempo,intra,2,FlatJointWrapper,,,,0.9431636679267723,0.9994169299060154,0.06543179327653847,0.0,0.9949914469027149,0.005021137938164247,1.9988338598120308,0.02415403723716736,0.5327158966382692,0.6537512372300187
