stage_name,stage_key,split,aggregation_level,node_kind,node_name,route_space,support_size,wrapper_name,source_type,temperature,top_k,entropy_norm,n_eff_norm,top1_monopoly_norm,jitter_adj_norm,knn_consistency_score,knn_consistency_js,n_eff,cv_usage,top1_max_frac,entropy_mean
macro,macro@1,best_valid,session,final,final.expert,expert,12,ScalarGroupConditionalProductWrapper,,,,0.7525648076647911,0.792128542908291,0.33581632171986237,0.0,0.9845884833198703,0.015531508537464518,9.505542514899492,0.5122707024489996,0.39116496157654046,1.8700532949626667
macro,macro@1,best_valid,session,final,final.group,group,4,ScalarGroupConditionalProductWrapper,,,,0.9804566129157504,0.9951080956876318,0.24466864677132935,0.0,0.9984820300276517,0.0015191232560145048,3.9804323827505272,0.07011273412552665,0.433501485078497,1.359201473807812
macro,macro@1,best_valid,session,final,final.intra.Exposure,intra,3,ScalarGroupConditionalProductWrapper,,,,0.4284112112351165,0.5967836560288157,0.40264485408514444,0.0,0.9972113978317131,0.0027924975628025564,1.7903509680864471,0.8219788266407744,0.601763236056763,0.47065782126608835
macro,macro@1,best_valid,session,final,final.intra.Focus,intra,3,ScalarGroupConditionalProductWrapper,,,,0.5464621543882838,0.6861465655140068,0.5604874829098109,0.0,0.9676778872618672,0.03285600817593023,2.0584396965420204,0.6763244525387557,0.7069916552732073,0.6003500381030185
macro,macro@1,best_valid,session,final,final.intra.Memory,intra,3,ScalarGroupConditionalProductWrapper,,,,0.37179916564209403,0.9716725227179897,0.33348262693885244,0.0,0.9969377710633746,0.0030669271534508515,2.915017568153969,0.1707436916675384,0.5556550846259016,0.4084631322909546
macro,macro@1,best_valid,session,final,final.intra.Tempo,intra,3,ScalarGroupConditionalProductWrapper,,,,0.5262121729000486,0.9399449996110457,0.21828296638536612,0.0,0.9823032756557712,0.01785518362727299,2.8198349988331373,0.25276862076614437,0.4788553109235774,0.5781031595947416
