best_mrr20,epoch,eval,lr,patience_used,train_loss,trial,valid_mrr20
0.0218,1,1,8e-05,0,223.67043590545654,1,0.0218
0.0218,3,1,8e-05,2,220.34834957122803,1,0.0073
0.0218,6,1,8e-05,5,214.38704776763916,1,0.0096
