best_mrr20,epoch,epoch_time_sec,eval,lr,patience_used,train_loss,trial,valid_mrr20
0.2094,1,77.10611248016357,1,0.00028483,0,2324.550004005432,1,0.2094
0.3118,3,70.73347973823547,1,0.00028483,0,1661.131320476532,1,0.3118
0.3678,10,68.86218190193176,1,0.00028483,0,843.4221515655518,1,0.3678
0.3727,14,70.05455446243286,1,0.00028483,0,742.0883536338806,1,0.3727
0.3727,24,70.00021886825562,1,0.00028483,10,592.1168611049652,1,0.3583
