best_mrr20,epoch,eval,lr,patience_used,train_loss,trial,valid_mrr20
0.0025,1,1,0.0003,0,40.82058620452881,1,0.0025
0.0092,3,1,0.0003,0,39.980613231658936,1,0.0092
0.0124,8,1,0.0003,0,37.97663688659668,1,0.0124
0.0124,10,1,0.0003,2,37.281479358673096,1,0.0102
0.0124,13,1,0.0003,5,36.329686641693115,1,0.0118
