{
  "split": "best_valid",
  "feature_mode": "none",
  "stages": [
    {
      "stage": "macro@1",
      "n_eff": 11.835762827474214,
      "cv_usage": 0.11779746434696126,
      "top1_max_frac": 0.7328557964184731,
      "entropy_mean": 2.3566240820373863,
      "route_jitter_adjacent": 0.0,
      "route_consistency_knn_js": 0.0019813082764288336,
      "route_consistency_knn_score": 0.9980206532191579,
      "route_consistency_group_knn_js": 0.0016558718204144817,
      "route_consistency_group_knn_score": 0.9983454983789325,
      "route_consistency_intra_group_knn_mean_js": 0.0003381653325017776,
      "route_consistency_intra_group_knn_mean_score": 0.9996619812440102,
      "route_consistency_feature_group_knn_mean_score": 0.994740265931323,
      "family_top_expert_mean_share": 0.1011895164847374,
      "route_consistency_feature_group_knn_tempo_js": 0.004333908245066876,
      "route_consistency_feature_group_knn_tempo_score": 0.9956754695828315,
      "route_consistency_feature_group_knn_focus_js": 0.002625880548916895,
      "route_consistency_feature_group_knn_focus_score": 0.9973775640597085,
      "route_consistency_feature_group_knn_memory_js": 0.005306728156607977,
      "route_consistency_feature_group_knn_memory_score": 0.994707327650815,
      "route_consistency_feature_group_knn_exposure_js": 0.008838239999238079,
      "route_consistency_feature_group_knn_exposure_score": 0.991200702431937
    }
  ]
}
