stage_name,stage_key,split,aggregation_level,node_kind,node_name,route_space,support_size,wrapper_name,source_type,temperature,top_k,entropy_norm,n_eff_norm,top1_monopoly_norm,jitter_adj_norm,knn_consistency_score,knn_consistency_js,n_eff,cv_usage,top1_max_frac,entropy_mean
macro,macro@1,best_valid,session,final,final.expert,expert,12,ScalarGroupConditionalProductWrapper,,,,0.9580729779057696,0.9655887745203412,0.7080627195613058,0.0,0.9972580470046908,0.002745719034199895,11.587065294244095,0.18877858105961737,0.7323908262645303,2.380721913780239
macro,macro@1,best_valid,session,final,final.group,group,4,ScalarGroupConditionalProductWrapper,,,,0.9329585329258232,0.9697614280031496,0.6929856529479527,0.0,0.9976008453003568,0.0024020372827111393,3.8790457120125983,0.1765826940536499,0.7697392397109645,1.2933551533537544
macro,macro@1,best_valid,session,final,final.intra.Exposure,intra,3,ScalarGroupConditionalProductWrapper,,,,0.994818712915186,0.9964267599828477,0.66062205466541,0.0,0.9998101684457377,0.00018984957455241123,2.989280279948543,0.05988414779650725,0.7737480364436067,1.0929200630056157
macro,macro@1,best_valid,session,final,final.intra.Focus,intra,3,ScalarGroupConditionalProductWrapper,,,,0.9471607080721217,0.9736207140087343,0.6889349670122527,0.0,0.9990883956994955,0.0009120200643988342,2.920862142026203,0.16460252435199843,0.7926233113415018,1.040562393231621
macro,macro@1,best_valid,session,final,final.intra.Memory,intra,3,ScalarGroupConditionalProductWrapper,,,,0.9977176758576917,0.9989364443875627,0.6484260131950988,0.0,0.9998811563131255,0.00011885074934500337,2.996809333162688,0.03262835643803011,0.7656173421300659,1.096104899318646
macro,macro@1,best_valid,session,final,final.intra.Tempo,intra,3,ScalarGroupConditionalProductWrapper,,,,0.9796731679954497,0.9980074015896886,0.6020546654099905,0.0,0.9996197200472087,0.0003803522775489547,2.994022204769066,0.04468327906926635,0.734703110273327,1.0762809812382186
