best_mrr20,epoch,epoch_time_sec,eval,lr,patience_used,train_loss,trial,valid_mrr20
0.0135,1,17.30308747291565,1,0.0005476,0,677.7554473876953,1,0.0135
0.0174,3,16.448101043701172,1,0.0005476,0,584.8599853515625,1,0.0174
0.0182,8,16.715951681137085,1,0.0005476,0,522.7248334884644,1,0.0182
0.0182,10,16.46754550933838,1,0.0005476,2,509.3939690589905,1,0.0174
0.0182,18,16.59957718849182,1,0.0005476,10,469.49707221984863,1,0.0168
