best_mrr20,epoch,epoch_time_sec,eval,lr,patience_used,train_loss,trial,valid_mrr20
0.0552,1,31.068194150924683,1,0.0004983,0,1604.9675741195679,1,0.0552
0.1717,3,30.32834792137146,1,0.0004983,0,1123.2001881599426,1,0.1717
0.2839,10,30.059075355529785,1,0.0004983,0,523.3782739639282,1,0.2839
0.3092,16,30.539851188659668,1,0.0004983,0,345.29542005062103,1,0.3092
0.3092,26,29.420087337493896,1,0.0004983,10,180.38199359178543,1,0.2992
