{
  "split": "best_valid",
  "feature_mode": "none",
  "stages": [
    {
      "stage": "macro@1",
      "n_eff": 11.252110477106111,
      "cv_usage": 0.25781150953838283,
      "top1_max_frac": 0.727475168391926,
      "entropy_mean": 2.207676671999537,
      "route_jitter_adjacent": 0.0,
      "route_consistency_knn_js": 0.0047507188257961954,
      "route_consistency_knn_score": 0.9952605479899989,
      "route_consistency_group_knn_js": 0.004152088473469407,
      "route_consistency_group_knn_score": 0.9958565195280273,
      "route_consistency_intra_group_knn_mean_js": 0.000991854571199631,
      "route_consistency_intra_group_knn_mean_score": 0.9990090164854905,
      "route_consistency_feature_group_knn_mean_score": 0.9854661861172739,
      "family_top_expert_mean_share": 0.11215421557426453,
      "route_consistency_feature_group_knn_tempo_js": 0.015724411731781608,
      "route_consistency_feature_group_knn_tempo_score": 0.9843985713742495,
      "route_consistency_feature_group_knn_focus_js": 0.0045249526610041555,
      "route_consistency_feature_group_knn_focus_score": 0.995485269513191,
      "route_consistency_feature_group_knn_memory_js": 0.013170977886075847,
      "route_consistency_feature_group_knn_memory_score": 0.9869153798886118,
      "route_consistency_feature_group_knn_exposure_js": 0.025250606454626866,
      "route_consistency_feature_group_knn_exposure_score": 0.975065523693043
    }
  ]
}
