stage_name,stage_key,split,aggregation_level,node_kind,node_name,route_space,support_size,wrapper_name,source_type,temperature,top_k,entropy_norm,n_eff_norm,top1_monopoly_norm,jitter_adj_norm,knn_consistency_score,knn_consistency_js,n_eff,cv_usage,top1_max_frac,entropy_mean
macro,macro@1,best_valid,session,final,final.expert,expert,12,ScalarGroupConditionalProductWrapper,,,,0.907662234594132,0.6991893246496113,0.9307190920311315,0.0,0.9926626052133981,0.007364445871951138,8.390271895795335,0.6559176994586676,0.9364925010285372,2.2554559225043946
macro,macro@1,best_valid,session,final,final.group,group,4,ScalarGroupConditionalProductWrapper,,,,0.9299292757314008,0.8635784889418904,0.9600054855319096,0.0,0.9978771542975056,0.002125102133367974,3.4543139557675615,0.3974573314189911,0.9700041141489322,1.2891557111867449
macro,macro@1,best_valid,session,final,final.intra.Exposure,intra,3,ScalarGroupConditionalProductWrapper,,,,0.8044265256986601,0.749534584866186,0.924879380633579,0.0,0.9933119726794172,0.006710492396020794,2.248603754598558,0.5780668086389659,0.9499195870890527,0.883752866463141
macro,macro@1,best_valid,session,final,final.intra.Focus,intra,3,ScalarGroupConditionalProductWrapper,,,,0.9787026034916496,0.9990061276390301,0.3054007555073494,0.0,0.9986672245999639,0.0013336643350911365,2.99701838291709,0.031541494670003334,0.5369338370048996,1.0752147071473988
macro,macro@1,best_valid,session,final,final.intra.Memory,intra,3,ScalarGroupConditionalProductWrapper,,,,0.9584458512561745,0.9868111508518496,0.740023188839436,0.0,0.9949857647938399,0.005026848665746017,2.9604334525555487,0.1156075413344043,0.8266821258929573,1.0529603902130007
macro,macro@1,best_valid,session,final,final.intra.Tempo,intra,3,ScalarGroupConditionalProductWrapper,,,,0.8720122010613789,0.8875132795314761,0.5136514941840894,0.0,0.9934843283822671,0.00653699126438469,2.6625398385944283,0.3560107765790589,0.6757676627893929,0.9580033199545573
