stage_name,stage_key,split,aggregation_level,node_kind,node_name,route_space,support_size,wrapper_name,source_type,temperature,top_k,entropy_norm,n_eff_norm,top1_monopoly_norm,jitter_adj_norm,knn_consistency_score,knn_consistency_js,n_eff,cv_usage,top1_max_frac,entropy_mean
macro,macro@1,best_valid,session,final,final.expert,expert,12,ScalarGroupConditionalProductWrapper,,,,0.4416997414071016,0.26232851531946283,0.7477578475336323,0.0,0.9922706672195917,0.00775935889431164,3.1479421838335537,1.6769061184851493,0.7687780269058296,1.097582624632147
macro,macro@1,best_valid,session,final,final.group,group,4,ScalarGroupConditionalProductWrapper,,,,3.9960743428595777e-07,0.2623417072691407,0.9678624813153961,0.0,0.9922913819643026,0.0077384830091558575,1.0493668290765628,1.6768490076065063,0.975896860986547,5.539735328122105e-07
macro,macro@1,best_valid,session,final,final.intra.Exposure,intra,3,ScalarGroupConditionalProductWrapper,,,,0.9918319976516432,0.9822491934764787,1.0,0.0,0.9961374593725191,0.003870019502046576,2.946747580429436,0.13443078072575387,1.0,1.089638820914335
macro,macro@1,best_valid,session,final,final.intra.Focus,intra,3,ScalarGroupConditionalProductWrapper,,,,0.0,0.0,-0.49999999999999994,0.0,1.0,0.0,0.0,0.0,0.0,0.0
macro,macro@1,best_valid,session,final,final.intra.Memory,intra,3,ScalarGroupConditionalProductWrapper,,,,0.0,0.0,-0.49999999999999994,0.0,1.0,0.0,0.0,0.0,0.0,0.0
macro,macro@1,best_valid,session,final,final.intra.Tempo,intra,3,ScalarGroupConditionalProductWrapper,,,,0.9992399319668432,0.9999607220819086,0.6816484778862721,0.0,0.9961182150496223,0.00388933863175923,2.9998821662457256,0.0062653739466406715,0.7877656519241815,1.09777726858666
