cv_usage,entropy_mean,family_top_expert_mean_share,n_eff,route_consistency_feature_group_knn_exposure_js,route_consistency_feature_group_knn_exposure_score,route_consistency_feature_group_knn_focus_js,route_consistency_feature_group_knn_focus_score,route_consistency_feature_group_knn_mean_score,route_consistency_feature_group_knn_memory_js,route_consistency_feature_group_knn_memory_score,route_consistency_feature_group_knn_tempo_js,route_consistency_feature_group_knn_tempo_score,route_consistency_group_knn_js,route_consistency_group_knn_score,route_consistency_intra_group_knn_mean_js,route_consistency_intra_group_knn_mean_score,route_consistency_knn_js,route_consistency_knn_score,route_jitter_adjacent,stage,top1_max_frac
0.30258309684446166,1.8953204668912917,0.11168314516544342,10.993475636081456,0.04052777831284446,0.9602824891135143,0.04810993747239399,0.9530290077177946,0.9554028281990099,0.05124371177907119,0.9500471046458313,0.042643745277106626,0.9582527113188994,0.03251588579081991,0.9680070721513027,0.0,1.0,0.032515885992006416,0.9680070719565527,0.0,macro@1,0.38586965033212745
0.21308902431064988,1.6936678517024188,0.10717196762561798,11.478784244293736,0.06356621764328754,0.9384119778136517,0.06947853205469451,0.9328801601898435,0.936335813641489,0.07186612332963056,0.9306554805285203,0.058269533928194714,0.9433956360339405,0.03616372088290526,0.9644823746502461,0.0,1.0,0.036163721587058016,0.9644823739711031,0.404280702612182,micro@1,0.31466081388558886
0.5019646288135426,2.106054905549515,0.1593775749206543,9.584909546330168,0.02647279109967911,0.9738745415303723,0.015550596403060888,0.9845696898065975,0.9812958653316396,0.016116764190723724,0.9840124159336637,0.01742410788046434,0.9827268140559245,0.010515542958558697,0.9895395520761202,0.0,1.0,0.010515542002922812,0.9895395530217598,0.0,mid@1,0.6619996554555482
