best_mrr20,epoch,epoch_time_sec,eval,lr,patience_used,train_loss,trial,valid_mrr20
0.0133,1,18.997583866119385,1,0.0005476,0,679.326828956604,1,0.0133
0.017,3,17.656121015548706,1,0.0005476,0,581.3638911247253,1,0.017
0.0171,10,17.498528480529785,1,0.0005476,3,505.19115447998047,1,0.0166
0.0176,15,17.55363154411316,1,0.0005476,0,477.6488471031189,1,0.0176
0.0176,25,17.031248569488525,1,0.0005476,10,440.8899493217468,1,0.0152
