stage_name,stage_key,split,aggregation_level,node_kind,node_name,route_space,support_size,wrapper_name,source_type,temperature,top_k,entropy_norm,n_eff_norm,top1_monopoly_norm,jitter_adj_norm,knn_consistency_score,knn_consistency_js,n_eff,cv_usage,top1_max_frac,entropy_mean
macro,macro@1,best_valid,session,final,final.expert,expert,20,FlatJointWrapper,,,,0.7801874009728124,0.7001551614338285,0.19656300566237736,0.8911545880407826,0.9515404368342245,0.0496730951623734,14.00310322867657,0.6544119022129192,0.2367348553792585,2.337232576514462
macro,macro@1,best_valid,session,final,final.group,group,4,FlatJointWrapper,,,,0.8951077045042611,0.9939746137755987,0.1307192128622113,0.0,0.9870934083327048,0.012990605391649288,3.975898455102395,0.07785744220018387,0.34803940964665847,1.2408827633492265
macro,macro@1,best_valid,session,final,final.intra.Exposure,intra,5,FlatJointWrapper,,,,0.6522234981664036,0.5918587572325553,0.6378051675701341,0.0,0.97040444332134,0.03004234250731794,2.9592937861627764,0.8304171632789742,0.7102441340561073,1.0497132253294028
macro,macro@1,best_valid,session,final,final.intra.Focus,intra,5,FlatJointWrapper,,,,0.7699998138815284,0.8234083585031726,0.24623115577889446,0.0,0.9683346808942588,0.03217750673602056,4.117041792515863,0.4631027510299869,0.3969849246231156,1.2392668930281328
macro,macro@1,best_valid,session,final,final.intra.Memory,intra,5,FlatJointWrapper,,,,0.7203868010210204,0.8362955678824665,0.2982629683852332,0.0,0.9671032083380794,0.03345005878144314,4.181477839412333,0.4424358838433641,0.4386103747081866,1.1594178291803505
macro,macro@1,best_valid,session,final,final.intra.Tempo,intra,5,FlatJointWrapper,,,,0.7756860392806814,0.8796500634876651,0.2641356388240414,0.0,0.9722593393861574,0.028132700041111076,4.398250317438325,0.3698860798793125,0.41130851105923316,1.2484185197641753
