{
  "split": "best_valid",
  "feature_mode": "none",
  "stages": [
    {
      "stage": "macro@1",
      "n_eff": 3.970046025154107,
      "cv_usage": 0.08686212450265884,
      "top1_max_frac": 0.764854260089686,
      "entropy_mean": 1.364778937780269,
      "route_jitter_adjacent": 0.0,
      "route_consistency_knn_js": 0.0004884439982485733,
      "route_consistency_knn_score": 0.9995116752711015,
      "route_consistency_group_knn_js": 0.0004884439982485733,
      "route_consistency_group_knn_score": 0.9995116752711015,
      "route_consistency_intra_group_knn_mean_js": 0.0,
      "route_consistency_intra_group_knn_mean_score": 1.0,
      "route_consistency_feature_group_knn_mean_score": 0.998718853276788,
      "family_top_expert_mean_share": 0.2893083393573761,
      "route_consistency_feature_group_knn_tempo_js": 0.001183094305284856,
      "route_consistency_feature_group_knn_tempo_score": 0.9988176052748657,
      "route_consistency_feature_group_knn_focus_js": 0.0017107578746059485,
      "route_consistency_feature_group_knn_focus_score": 0.9982907046375266,
      "route_consistency_feature_group_knn_memory_js": 0.0016804395490095756,
      "route_consistency_feature_group_knn_memory_score": 0.998320971598969,
      "route_consistency_feature_group_knn_exposure_js": 0.0005540218459742301,
      "route_consistency_feature_group_knn_exposure_score": 0.9994461315957907
    }
  ]
}
