{
  "model": "FAME",
  "dataset": "amazon_beauty",
  "dataset_raw": "amazon_beauty",
  "max_evals": 5,
  "tune_epochs": 30,
  "n_completed": 5,
  "n_recorded_trials": 5,
  "timestamp": "2026-04-12T15:07:01.981407",
  "trials": [
    {
      "trial": 1,
      "params": {
        "learning_rate": 0.0003868980172391648
      },
      "mrr@20": 0.0035,
      "valid_result": {
        "hit@5": 0.0088,
        "hit@10": 0.0088,
        "hit@20": 0.0177,
        "ndcg@5": 0.0044,
        "ndcg@10": 0.0044,
        "ndcg@20": 0.0065,
        "mrr@5": 0.0029,
        "mrr@10": 0.0029,
        "mrr@20": 0.0035
      },
      "test_result": {
        "hit@5": 0.0,
        "hit@10": 0.0,
        "hit@20": 0.0,
        "ndcg@5": 0.0,
        "ndcg@10": 0.0,
        "ndcg@20": 0.0,
        "mrr@5": 0.0,
        "mrr@10": 0.0,
        "mrr@20": 0.0
      },
      "best_hr@10": 0.0088,
      "test_mrr@20": 0.0,
      "test_hr@10": 0.0,
      "epochs_run": 8,
      "early_stop_epoch": 8,
      "early_stopped": true,
      "elapsed": 3.8,
      "status": "ok"
    },
    {
      "trial": 2,
      "params": {
        "learning_rate": 0.0003176913351823225
      },
      "mrr@20": 0.0029,
      "valid_result": {
        "hit@5": 0.0088,
        "hit@10": 0.0088,
        "hit@20": 0.0088,
        "ndcg@5": 0.0044,
        "ndcg@10": 0.0044,
        "ndcg@20": 0.0044,
        "mrr@5": 0.0029,
        "mrr@10": 0.0029,
        "mrr@20": 0.0029
      },
      "test_result": {
        "hit@5": 0.0,
        "hit@10": 0.0,
        "hit@20": 0.0,
        "ndcg@5": 0.0,
        "ndcg@10": 0.0,
        "ndcg@20": 0.0,
        "mrr@5": 0.0,
        "mrr@10": 0.0,
        "mrr@20": 0.0
      },
      "best_hr@10": 0.0088,
      "test_mrr@20": 0.0,
      "test_hr@10": 0.0,
      "epochs_run": 8,
      "early_stop_epoch": 8,
      "early_stopped": true,
      "elapsed": 3.2,
      "status": "ok"
    },
    {
      "trial": 3,
      "params": {
        "learning_rate": 0.0005374437156369431
      },
      "mrr@20": 0.0039,
      "valid_result": {
        "hit@5": 0.0088,
        "hit@10": 0.0177,
        "hit@20": 0.0177,
        "ndcg@5": 0.0044,
        "ndcg@10": 0.0071,
        "ndcg@20": 0.0071,
        "mrr@5": 0.0029,
        "mrr@10": 0.0039,
        "mrr@20": 0.0039
      },
      "test_result": {
        "hit@5": 0.0,
        "hit@10": 0.0,
        "hit@20": 0.0,
        "ndcg@5": 0.0,
        "ndcg@10": 0.0,
        "ndcg@20": 0.0,
        "mrr@5": 0.0,
        "mrr@10": 0.0,
        "mrr@20": 0.0
      },
      "best_hr@10": 0.0177,
      "test_mrr@20": 0.0,
      "test_hr@10": 0.0,
      "epochs_run": 9,
      "early_stop_epoch": 9,
      "early_stopped": true,
      "elapsed": 3.7,
      "status": "ok"
    },
    {
      "trial": 4,
      "params": {
        "learning_rate": 0.00032052818031681925
      },
      "mrr@20": 0.0029,
      "valid_result": {
        "hit@5": 0.0088,
        "hit@10": 0.0088,
        "hit@20": 0.0088,
        "ndcg@5": 0.0044,
        "ndcg@10": 0.0044,
        "ndcg@20": 0.0044,
        "mrr@5": 0.0029,
        "mrr@10": 0.0029,
        "mrr@20": 0.0029
      },
      "test_result": {
        "hit@5": 0.0,
        "hit@10": 0.0,
        "hit@20": 0.0,
        "ndcg@5": 0.0,
        "ndcg@10": 0.0,
        "ndcg@20": 0.0,
        "mrr@5": 0.0,
        "mrr@10": 0.0,
        "mrr@20": 0.0
      },
      "best_hr@10": 0.0088,
      "test_mrr@20": 0.0,
      "test_hr@10": 0.0,
      "epochs_run": 8,
      "early_stop_epoch": 8,
      "early_stopped": true,
      "elapsed": 3.3,
      "status": "ok"
    },
    {
      "trial": 5,
      "params": {
        "learning_rate": 0.00041924699053213154
      },
      "mrr@20": 0.0035,
      "valid_result": {
        "hit@5": 0.0088,
        "hit@10": 0.0088,
        "hit@20": 0.0177,
        "ndcg@5": 0.0044,
        "ndcg@10": 0.0044,
        "ndcg@20": 0.0066,
        "mrr@5": 0.0029,
        "mrr@10": 0.0029,
        "mrr@20": 0.0035
      },
      "test_result": {
        "hit@5": 0.0,
        "hit@10": 0.0,
        "hit@20": 0.0,
        "ndcg@5": 0.0,
        "ndcg@10": 0.0,
        "ndcg@20": 0.0,
        "mrr@5": 0.0,
        "mrr@10": 0.0,
        "mrr@20": 0.0
      },
      "best_hr@10": 0.0088,
      "test_mrr@20": 0.0,
      "test_hr@10": 0.0,
      "epochs_run": 8,
      "early_stop_epoch": 8,
      "early_stopped": true,
      "elapsed": 3.3,
      "status": "ok"
    }
  ],
  "run_group": "baseline",
  "run_axis": "stagei_progressiverecovery_anchor2_core5",
  "run_phase": "P24_I1_D04_MFAME_C10_I1_FAME_H10_S1",
  "parent_result": "",
  "interrupted": false,
  "interrupted_at": null,
  "tuned_search": {
    "learning_rate": [
      0.00021674365023537686,
      0.001049039267139224
    ]
  },
  "fixed_search": {
    "num_heads": 4,
    "num_experts": 6,
    "num_layers": 2,
    "weight_decay": 0.0001,
    "hidden_dropout_prob": 0.15,
    "MAX_ITEM_LIST_LENGTH": 10,
    "n_layers": 2,
    "n_heads": 4,
    "dropout_ratio": 0.15,
    "dropout_prob": 0.15,
    "attn_dropout_prob": 0.15,
    "hidden_size": 144,
    "embedding_size": 144,
    "inner_size": 288,
    "time_span": 384,
    "state_size": 24,
    "conv_kernel": 6,
    "remaining_ratio": 0.6
  },
  "context_fixed": {
    "num_layers": 2,
    "search_space_type_overrides": {
      "learning_rate": "loguniform",
      "weight_decay": "choice",
      "n_layers": "choice",
      "num_layers": "choice",
      "n_heads": "choice",
      "num_heads": "choice",
      "dropout_ratio": "choice",
      "dropout_prob": "choice",
      "hidden_dropout_prob": "choice",
      "attn_dropout_prob": "choice",
      "hidden_size": "choice",
      "embedding_size": "choice",
      "inner_size": "choice",
      "time_span": "choice",
      "num_experts": "choice",
      "state_size": "choice",
      "conv_kernel": "choice",
      "remaining_ratio": "choice",
      "MAX_ITEM_LIST_LENGTH": "choice"
    }
  },
  "best_params": {
    "learning_rate": 0.0005374437156369431
  },
  "best_mrr@20": 0.0039,
  "best_hr@10": 0.0177,
  "test_mrr@20": 0.0,
  "test_hr@10": 0.0,
  "best_valid_result": {
    "hit@5": 0.0088,
    "hit@10": 0.0177,
    "hit@20": 0.0177,
    "ndcg@5": 0.0044,
    "ndcg@10": 0.0071,
    "ndcg@20": 0.0071,
    "mrr@5": 0.0029,
    "mrr@10": 0.0039,
    "mrr@20": 0.0039
  },
  "test_result": {
    "hit@5": 0.0,
    "hit@10": 0.0,
    "hit@20": 0.0,
    "ndcg@5": 0.0,
    "ndcg@10": 0.0,
    "ndcg@20": 0.0,
    "mrr@5": 0.0,
    "mrr@10": 0.0,
    "mrr@20": 0.0
  },
  "best_valid_special_metrics": {
    "split": "best_valid",
    "overall": {
      "count": 113,
      "hit@20": 0.017699115044247787,
      "ndcg@20": 0.00708876115030947,
      "mrr@20": 0.003933136771738002
    },
    "slices": {
      "target_popularity_abs": {
        "rare_1_5": {
          "count": 113,
          "hit@20": 0.017699115044247787,
          "ndcg@20": 0.00708876115030947,
          "mrr@20": 0.003933136771738002
        }
      },
      "target_popularity_abs_legacy": {
        "<=5": {
          "count": 113,
          "hit@20": 0.017699115044247787,
          "ndcg@20": 0.00708876115030947,
          "mrr@20": 0.003933136771738002
        }
      },
      "session_len": {
        "<=7": {
          "count": 73,
          "hit@20": 0.0273972602739726,
          "ndcg@20": 0.01097301383541055,
          "mrr@20": 0.00608828020830677
        },
        "8-12": {
          "count": 40,
          "hit@20": 0.0,
          "ndcg@20": 0.0,
          "mrr@20": 0.0
        }
      },
      "session_len_legacy": {
        "3-5": {
          "count": 38,
          "hit@20": 0.0,
          "ndcg@20": 0.0,
          "mrr@20": 0.0
        },
        "6-10": {
          "count": 75,
          "hit@20": 0.02666666666666667,
          "ndcg@20": 0.010680400133132935,
          "mrr@20": 0.0059259260694185896
        }
      }
    },
    "counts": {
      "target_popularity_abs": {
        "rare_1_5": 113
      },