best_mrr20,epoch,epoch_time_sec,eval,lr,patience_used,train_loss,trial,valid_mrr20
0.2798,1,59.97364258766174,1,0.0005652952051846692,0,2211.547565460205,1,0.2798
0.3437,3,71.7569146156311,1,0.0005312636120928794,0,1228.6628255844116,1,0.3437
0.3749,8,72.4985716342926,1,0.0003369657171433391,0,753.9514718055725,1,0.3749
0.3749,10,71.6741681098938,1,0.00024316031348399183,2,694.7654478549957,1,0.372
0.3749,11,71.72251391410828,1,0.00019904930971175177,3,670.3434190750122,1,0.3716
