best_mrr20,epoch,epoch_time_sec,eval,lr,patience_used,train_loss,trial,valid_mrr20
0.314,1,56.9503116607666,1,0.0007027447529322896,0,2111.332501411438,1,0.314
0.3607,3,53.82742500305176,1,0.0007014717383189401,0,1089.199779510498,1,0.3607
0.3717,6,53.96402287483215,1,0.0006971879240593354,0,788.6761310100555,1,0.3717
0.3717,10,54.60365033149719,1,0.0006871111550250616,4,613.3903381824493,1,0.3558
0.3717,16,55.084503412246704,1,0.000663001700142937,10,416.3298785686493,1,0.3297
