best_mrr20,epoch,epoch_time_sec,eval,lr,patience_used,train_loss,trial,valid_mrr20
0.0018,1,2.9948837757110596,1,0.0005672,0,80.39061403274536,1,0.0018
0.0101,3,2.0808138847351074,1,0.0005672,0,72.67984580993652,1,0.0101
0.055,10,1.9107856750488281,1,0.0005672,1,53.56280994415283,1,0.0545
0.0722,21,2.353062391281128,1,0.0005672,0,37.32149958610535,1,0.0722
0.0722,31,1.9677917957305908,1,0.0005672,10,26.518874645233154,1,0.0687
