{
  "split": "best_valid",
  "feature_mode": "none",
  "stages": [
    {
      "stage": "macro@1",
      "n_eff": 11.475295336541262,
      "cv_usage": 0.6279329061508179,
      "top1_max_frac": 0.9479286194753294,
      "entropy_mean": 2.591955378516599,
      "route_jitter_adjacent": 0.0,
      "route_consistency_knn_js": 0.004172944518353946,
      "route_consistency_knn_score": 0.9958357501163422,
      "route_consistency_group_knn_js": 0.001438417718150882,
      "route_consistency_group_knn_score": 0.9985626163087681,
      "route_consistency_intra_group_knn_mean_js": 0.0023248048808514033,
      "route_consistency_intra_group_knn_mean_score": 0.9976804798975148,
      "route_consistency_feature_group_knn_mean_score": 0.9897597627873437,
      "family_top_expert_mean_share": 0.20485779643058777,
      "route_consistency_feature_group_knn_tempo_js": 0.010237453664565434,
      "route_consistency_feature_group_knn_tempo_score": 0.989814770697438,
      "route_consistency_feature_group_knn_focus_js": 0.00881348463016498,
      "route_consistency_feature_group_knn_focus_score": 0.9912252402748717,
      "route_consistency_feature_group_knn_memory_js": 0.013082346734948824,
      "route_consistency_feature_group_knn_memory_score": 0.9870028552112583,
      "route_consistency_feature_group_knn_exposure_js": 0.009044594340884504,
      "route_consistency_feature_group_knn_exposure_score": 0.9909961849658065
    }
  ]
}
