best_mrr20,epoch,epoch_time_sec,eval,lr,patience_used,train_loss,trial,valid_mrr20
0.0138,1,22.543870210647583,1,0.0007998187552579467,0,680.8309741020203,1,0.0138
0.017,3,21.470025539398193,1,0.0007983698921263105,0,570.6459279060364,1,0.017
0.0187,5,22.029751777648926,1,0.000795477999923502,0,532.2159566879272,1,0.0187
0.0187,10,21.693415880203247,1,0.0007820256023867403,5,475.40262269973755,1,0.0174
0.0187,15,21.45447564125061,1,0.0007599807615157725,10,424.47831439971924,1,0.0165
