stage_name,stage_key,split,aggregation_level,node_kind,node_name,route_space,support_size,wrapper_name,source_type,temperature,top_k,entropy_norm,n_eff_norm,top1_monopoly_norm,jitter_adj_norm,knn_consistency_score,knn_consistency_js,n_eff,cv_usage,top1_max_frac,entropy_mean
macro,macro@1,best_valid,session,final,final.expert,expert,12,GroupConditionalProductWrapper,,,,0.9996646867930992,0.9986822409564748,0.9728279100972828,0.0,0.9999706056003506,2.939483167323391e-05,11.984186891477698,0.036323780974037025,0.9750922509225092,2.4840734277704106
macro,macro@1,best_valid,session,final,final.group,group,4,GroupConditionalProductWrapper,,,,0.9995942988475617,0.9990058302079944,0.942189421894219,0.0,0.9999885179876994,1.1482078219409537e-05,3.9960233208319775,0.03154456615447998,0.9566420664206642,1.3857319398999655
macro,macro@1,best_valid,session,final,final.intra.Exposure,intra,3,GroupConditionalProductWrapper,,,,0.9997388485709591,0.9994650663993517,1.0,0.0,0.9999968479308362,3.152074131587174e-06,2.9983951991980553,0.023136544283135406,1.0,1.0983253844989622
macro,macro@1,best_valid,session,final,final.intra.Focus,intra,3,GroupConditionalProductWrapper,,,,0.999623840272399,0.9997310170048023,1.0,0.0,0.9999514466186334,4.8554560120126844e-05,2.999193051014407,0.01640428926335903,1.0,1.0981990349688653
macro,macro@1,best_valid,session,final,final.intra.Memory,intra,3,GroupConditionalProductWrapper,,,,0.9998740499486781,0.9999093197566266,1.0,0.0,0.9999847047405329,1.529537644072444e-05,2.9997279592698796,0.009519890132698711,1.0,1.0984739183939691
macro,macro@1,best_valid,session,final,final.intra.Tempo,intra,3,GroupConditionalProductWrapper,,,,0.9997552490413418,0.9995755567391985,0.9349630996309961,0.0,0.9999931463918132,6.8536316728697415e-06,2.9987266702175956,0.020606355127502824,0.9566420664206642,1.0983434022572647
