stage_name,stage_key,split,aggregation_level,node_kind,node_name,route_space,support_size,wrapper_name,source_type,temperature,top_k,entropy_norm,n_eff_norm,top1_monopoly_norm,jitter_adj_norm,knn_consistency_score,knn_consistency_js,n_eff,cv_usage,top1_max_frac,entropy_mean
macro,macro@1,best_valid,session,final,final.expert,expert,16,ScalarGroupConditionalProductWrapper,,,,0.8631251438058158,0.5693225911910569,0.8163204473812633,0.0,0.986523561598252,0.013568069771992613,9.10916145905691,0.8697547912597656,0.8278004194199343,2.393091039597594
macro,macro@1,best_valid,session,final,final.group,group,4,ScalarGroupConditionalProductWrapper,,,,0.8654977994446303,0.7174501541704712,0.9783695379786069,0.0,0.9976908143769021,0.002311855903793383,2.869800616681885,0.6275548338890076,0.9837771534839552,1.199834718931765
macro,macro@1,best_valid,session,final,final.intra.Exposure,intra,4,ScalarGroupConditionalProductWrapper,,,,0.868992744084552,0.7862717234233784,0.7911341484324509,0.0,0.9919058050846083,0.008127130757539264,3.1450868936935135,0.5213682055473328,0.8433506113243382,1.2046797409785146
macro,macro@1,best_valid,session,final,final.intra.Focus,intra,4,ScalarGroupConditionalProductWrapper,,,,0.8808178080371062,0.9438178784043838,0.47332462839130035,0.0,0.9901043535718174,0.00994493376019683,3.775271513617535,0.24398057162761688,0.6049934712934752,1.2210727604558225
macro,macro@1,best_valid,session,final,final.intra.Memory,intra,4,ScalarGroupConditionalProductWrapper,,,,0.9059480897477423,0.9213409965599392,0.7177488492330418,0.0,0.9832347461314264,0.01690738151399842,3.6853639862397567,0.29218887779845265,0.7883116369247813,1.2559107282846318
macro,macro@1,best_valid,session,final,final.intra.Tempo,intra,4,ScalarGroupConditionalProductWrapper,,,,0.7936788709642802,0.8701521680861111,0.2822379614608475,0.0,0.9818982137481563,0.01826762798753048,3.4806086723444443,0.3862956762313843,0.46167847109563565,1.100272543357783
