best_mrr20,epoch,epoch_time_sec,eval,lr,patience_used,train_loss,trial,valid_mrr20
0.01,1,3.3241214752197266,1,0.0009640155470717386,0,79.81345891952515,1,0.01
0.0177,3,2.3814797401428223,1,0.000962269243205651,0,70.29827451705933,1,0.0177
0.0648,10,2.24056077003479,1,0.0009425695933647202,1,48.20371961593628,1,0.0648
0.0889,20,2.3774030208587646,1,0.0008797397326750913,0,31.243281841278076,1,0.0889
0.0889,30,2.215609312057495,1,0.0007820184673645637,10,19.74957251548767,1,0.0858
