{
  "model": "DIFSR",
  "dataset": "amazon_beauty",
  "dataset_raw": "amazon_beauty",
  "max_evals": 8,
  "tune_epochs": 68,
  "n_completed": 8,
  "n_recorded_trials": 8,
  "timestamp": "2026-04-05T10:15:16.425368",
  "trials": [
    {
      "trial": 1,
      "params": {
        "MAX_ITEM_LIST_LENGTH": 10,
        "fusion_type": "sum",
        "learning_rate": 0.002641589467554447
      },
      "mrr@20": 0.0973,
      "valid_result": {
        "hit@5": 0.0973,
        "hit@10": 0.0973,
        "hit@20": 0.0973,
        "ndcg@5": 0.0973,
        "ndcg@10": 0.0973,
        "ndcg@20": 0.0973,
        "mrr@5": 0.0973,
        "mrr@10": 0.0973,
        "mrr@20": 0.0973
      },
      "test_result": {
        "hit@5": 0.0789,
        "hit@10": 0.0789,
        "hit@20": 0.0789,
        "ndcg@5": 0.0789,
        "ndcg@10": 0.0789,
        "ndcg@20": 0.0789,
        "mrr@5": 0.0789,
        "mrr@10": 0.0789,
        "mrr@20": 0.0789
      },
      "best_hr@10": 0.0973,
      "test_mrr@20": 0.0789,
      "test_hr@10": 0.0789,
      "epochs_run": 11,
      "early_stop_epoch": 11,
      "early_stopped": true,
      "elapsed": 2.2,
      "status": "ok"
    },
    {
      "trial": 2,
      "params": {
        "MAX_ITEM_LIST_LENGTH": 50,
        "fusion_type": "gate",
        "learning_rate": 0.004188290128658974
      },
      "mrr@20": 0.0973,
      "valid_result": {
        "hit@5": 0.0973,
        "hit@10": 0.0973,
        "hit@20": 0.0973,
        "ndcg@5": 0.0973,
        "ndcg@10": 0.0973,
        "ndcg@20": 0.0973,
        "mrr@5": 0.0973,
        "mrr@10": 0.0973,
        "mrr@20": 0.0973
      },
      "test_result": {
        "hit@5": 0.0789,
        "hit@10": 0.0789,
        "hit@20": 0.0789,
        "ndcg@5": 0.0789,
        "ndcg@10": 0.0789,
        "ndcg@20": 0.0789,
        "mrr@5": 0.0789,
        "mrr@10": 0.0789,
        "mrr@20": 0.0789
      },
      "best_hr@10": 0.0973,
      "test_mrr@20": 0.0789,
      "test_hr@10": 0.0789,
      "epochs_run": 11,
      "early_stop_epoch": 11,
      "early_stopped": true,
      "elapsed": 2.5,
      "status": "ok"
    },
    {
      "trial": 3,
      "params": {
        "MAX_ITEM_LIST_LENGTH": 30,
        "fusion_type": "sum",
        "learning_rate": 0.0030989603134117393
      },
      "mrr@20": 0.0973,
      "valid_result": {
        "hit@5": 0.0973,
        "hit@10": 0.0973,
        "hit@20": 0.0973,
        "ndcg@5": 0.0973,
        "ndcg@10": 0.0973,
        "ndcg@20": 0.0973,
        "mrr@5": 0.0973,
        "mrr@10": 0.0973,
        "mrr@20": 0.0973
      },
      "test_result": {
        "hit@5": 0.0789,
        "hit@10": 0.0789,
        "hit@20": 0.0789,
        "ndcg@5": 0.0789,
        "ndcg@10": 0.0789,
        "ndcg@20": 0.0789,
        "mrr@5": 0.0789,
        "mrr@10": 0.0789,
        "mrr@20": 0.0789
      },
      "best_hr@10": 0.0973,
      "test_mrr@20": 0.0789,
      "test_hr@10": 0.0789,
      "epochs_run": 11,
      "early_stop_epoch": 11,
      "early_stopped": true,
      "elapsed": 1.8,
      "status": "ok"
    },
    {
      "trial": 4,
      "params": {
        "MAX_ITEM_LIST_LENGTH": 50,
        "fusion_type": "sum",
        "learning_rate": 0.0011538875278834665
      },
      "mrr@20": 0.0985,
      "valid_result": {
        "hit@5": 0.0973,
        "hit@10": 0.1062,
        "hit@20": 0.1062,
        "ndcg@5": 0.0973,
        "ndcg@10": 0.1001,
        "ndcg@20": 0.1001,
        "mrr@5": 0.0973,
        "mrr@10": 0.0985,
        "mrr@20": 0.0985
      },
      "test_result": {
        "hit@5": 0.0789,
        "hit@10": 0.0789,
        "hit@20": 0.0789,
        "ndcg@5": 0.0789,
        "ndcg@10": 0.0789,
        "ndcg@20": 0.0789,
        "mrr@5": 0.0789,
        "mrr@10": 0.0789,
        "mrr@20": 0.0789
      },
      "best_hr@10": 0.1062,
      "test_mrr@20": 0.0789,
      "test_hr@10": 0.0789,
      "epochs_run": 16,
      "early_stop_epoch": 16,
      "early_stopped": true,
      "elapsed": 3.9,
      "status": "ok"
    },
    {
      "trial": 5,
      "params": {
        "MAX_ITEM_LIST_LENGTH": 30,
        "fusion_type": "sum",
        "learning_rate": 0.00266178566223015
      },
      "mrr@20": 0.0973,
      "valid_result": {
        "hit@5": 0.0973,
        "hit@10": 0.0973,
        "hit@20": 0.0973,
        "ndcg@5": 0.0973,
        "ndcg@10": 0.0973,
        "ndcg@20": 0.0973,
        "mrr@5": 0.0973,
        "mrr@10": 0.0973,
        "mrr@20": 0.0973
      },
      "test_result": {
        "hit@5": 0.0789,
        "hit@10": 0.0789,
        "hit@20": 0.0789,
        "ndcg@5": 0.0789,
        "ndcg@10": 0.0789,
        "ndcg@20": 0.0789,
        "mrr@5": 0.0789,
        "mrr@10": 0.0789,
        "mrr@20": 0.0789
      },
      "best_hr@10": 0.0973,
      "test_mrr@20": 0.0789,
      "test_hr@10": 0.0789,
      "epochs_run": 11,
      "early_stop_epoch": 11,
      "early_stopped": true,
      "elapsed": 1.9,
      "status": "ok"
    },
    {
      "trial": 6,
      "params": {
        "MAX_ITEM_LIST_LENGTH": 50,
        "fusion_type": "gate",
        "learning_rate": 0.0035481837011892073
      },
      "mrr@20": 0.0973,
      "valid_result": {
        "hit@5": 0.0973,
        "hit@10": 0.0973,
        "hit@20": 0.0973,
        "ndcg@5": 0.0973,
        "ndcg@10": 0.0973,
        "ndcg@20": 0.0973,
        "mrr@5": 0.0973,
        "mrr@10": 0.0973,
        "mrr@20": 0.0973
      },
      "test_result": {
        "hit@5": 0.0789,
        "hit@10": 0.0789,
        "hit@20": 0.0789,
        "ndcg@5": 0.0789,
        "ndcg@10": 0.0789,
        "ndcg@20": 0.0789,
        "mrr@5": 0.0789,
        "mrr@10": 0.0789,
        "mrr@20": 0.0789
      },
      "best_hr@10": 0.0973,
      "test_mrr@20": 0.0789,
      "test_hr@10": 0.0789,
      "epochs_run": 11,
      "early_stop_epoch": 11,
      "early_stopped": true,
      "elapsed": 2.5,
      "status": "ok"
    },
    {
      "trial": 7,
      "params": {
        "MAX_ITEM_LIST_LENGTH": 10,
        "fusion_type": "gate",
        "learning_rate": 0.0015492529541565265
      },
      "mrr@20": 0.0985,
      "valid_result": {
        "hit@5": 0.0973,
        "hit@10": 0.1062,
        "hit@20": 0.1062,
        "ndcg@5": 0.0973,
        "ndcg@10": 0.1001,
        "ndcg@20": 0.1001,
        "mrr@5": 0.0973,
        "mrr@10": 0.0985,
        "mrr@20": 0.0985
      },
      "test_result": {
        "hit@5": 0.0789,
        "hit@10": 0.0789,
        "hit@20": 0.0789,
        "ndcg@5": 0.0789,
        "ndcg@10": 0.0789,
        "ndcg@20": 0.0789,
        "mrr@5": 0.0789,
        "mrr@10": 0.0789,
        "mrr@20": 0.0789
      },
      "best_hr@10": 0.1062,
      "test_mrr@20": 0.0789,
      "test_hr@10": 0.0789,
      "epochs_run": 13,
      "early_stop_epoch": 13,
      "early_stopped": true,
      "elapsed": 2.2,
      "status": "ok"
    },
    {
      "trial": 8,
      "params": {
        "MAX_ITEM_LIST_LENGTH": 10,
        "fusion_type": "gate",
        "learning_rate": 0.0037587707450374842
      },
      "mrr@20": 0.0983,
      "valid_result": {
        "hit@5": 0.0973,
        "hit@10": 0.1062,
        "hit@20": 0.1062,
        "ndcg@5": 0.0973,
        "ndcg@10": 0.1,
        "ndcg@20": 0.1,
        "mrr@5": 0.0973,
        "mrr@10": 0.0983,
        "mrr@20": 0.0983
      },
      "test_result": {
        "hit@5": 0.0789,
        "hit@10": 0.0789,
        "hit@20": 0.0877,
        "ndcg@5": 0.0789,
        "ndcg@10": 0.0789,
        "ndcg@20": 0.0811,
        "mrr@5": 0.0789,
        "mrr@10": 0.0789,
        "mrr@20": 0.0795
      },
      "best_hr@10": 0.1062,
      "test_mrr@20": 0.0795,
      "test_hr@10": 0.0789,
      "epochs_run": 11,
      "early_stop_epoch": 11,
      "early_stopped": true,
      "elapsed": 1.6,
      "status": "ok"
    }
  ],
  "run_group": "baseline",
  "run_axis": "stagee_relrseed_anchor2_core5",
  "run_phase": "P20_SC_D01_M03_P01_DIFSR_D1_E1_S2",
  "parent_result": "",
  "interrupted": false,
  "interrupted_at": null,
  "tuned_search": {
    "fusion_type": [
      "sum",
      "gate"
    ],