{
  "model": "DIFSR",
  "dataset": "amazon_beauty",
  "dataset_raw": "amazon_beauty",
  "max_evals": 8,
  "tune_epochs": 68,
  "n_completed": 8,
  "n_recorded_trials": 8,
  "timestamp": "2026-04-05T10:17:24.680694",
  "trials": [
    {
      "trial": 1,
      "params": {
        "MAX_ITEM_LIST_LENGTH": 10,
        "fusion_type": "gate",
        "learning_rate": 0.002533958195750891
      },
      "mrr@20": 0.0989,
      "valid_result": {
        "hit@5": 0.0973,
        "hit@10": 0.0973,
        "hit@20": 0.1239,
        "ndcg@5": 0.0973,
        "ndcg@10": 0.0973,
        "ndcg@20": 0.1037,
        "mrr@5": 0.0973,
        "mrr@10": 0.0973,
        "mrr@20": 0.0989
      },
      "test_result": {
        "hit@5": 0.0789,
        "hit@10": 0.0789,
        "hit@20": 0.0877,
        "ndcg@5": 0.0757,
        "ndcg@10": 0.0757,
        "ndcg@20": 0.078,
        "mrr@5": 0.0746,
        "mrr@10": 0.0746,
        "mrr@20": 0.0752
      },
      "best_hr@10": 0.0973,
      "test_mrr@20": 0.0752,
      "test_hr@10": 0.0789,
      "epochs_run": 14,
      "early_stop_epoch": 14,
      "early_stopped": true,
      "elapsed": 2.7,
      "status": "ok"
    },
    {
      "trial": 2,
      "params": {
        "MAX_ITEM_LIST_LENGTH": 50,
        "fusion_type": "sum",
        "learning_rate": 0.002375469214996916
      },
      "mrr@20": 0.0981,
      "valid_result": {
        "hit@5": 0.0973,
        "hit@10": 0.0973,
        "hit@20": 0.1062,
        "ndcg@5": 0.0973,
        "ndcg@10": 0.0973,
        "ndcg@20": 0.0998,
        "mrr@5": 0.0973,
        "mrr@10": 0.0973,
        "mrr@20": 0.0981
      },
      "test_result": {
        "hit@5": 0.0877,
        "hit@10": 0.0877,
        "hit@20": 0.0877,
        "ndcg@5": 0.0823,
        "ndcg@10": 0.0823,
        "ndcg@20": 0.0823,
        "mrr@5": 0.0807,
        "mrr@10": 0.0807,
        "mrr@20": 0.0807
      },
      "best_hr@10": 0.0973,
      "test_mrr@20": 0.0807,
      "test_hr@10": 0.0877,
      "epochs_run": 11,
      "early_stop_epoch": 11,
      "early_stopped": true,
      "elapsed": 2.2,
      "status": "ok"
    },
    {
      "trial": 3,
      "params": {
        "MAX_ITEM_LIST_LENGTH": 50,
        "fusion_type": "gate",
        "learning_rate": 0.0006072334258055363
      },
      "mrr@20": 0.0973,
      "valid_result": {
        "hit@5": 0.0973,
        "hit@10": 0.0973,
        "hit@20": 0.0973,
        "ndcg@5": 0.0973,
        "ndcg@10": 0.0973,
        "ndcg@20": 0.0973,
        "mrr@5": 0.0973,
        "mrr@10": 0.0973,
        "mrr@20": 0.0973
      },
      "test_result": {
        "hit@5": 0.0877,
        "hit@10": 0.0877,
        "hit@20": 0.0877,
        "ndcg@5": 0.0833,
        "ndcg@10": 0.0833,
        "ndcg@20": 0.0833,
        "mrr@5": 0.0819,
        "mrr@10": 0.0819,
        "mrr@20": 0.0819
      },
      "best_hr@10": 0.0973,
      "test_mrr@20": 0.0819,
      "test_hr@10": 0.0877,
      "epochs_run": 11,
      "early_stop_epoch": 11,
      "early_stopped": true,
      "elapsed": 2.3,
      "status": "ok"
    },
    {
      "trial": 4,
      "params": {
        "MAX_ITEM_LIST_LENGTH": 50,
        "fusion_type": "gate",
        "learning_rate": 0.0038424468079884806
      },
      "mrr@20": 0.0973,
      "valid_result": {
        "hit@5": 0.0973,
        "hit@10": 0.0973,
        "hit@20": 0.0973,
        "ndcg@5": 0.0973,
        "ndcg@10": 0.0973,
        "ndcg@20": 0.0973,
        "mrr@5": 0.0973,
        "mrr@10": 0.0973,
        "mrr@20": 0.0973
      },
      "test_result": {
        "hit@5": 0.0877,
        "hit@10": 0.0877,
        "hit@20": 0.0877,
        "ndcg@5": 0.0833,
        "ndcg@10": 0.0833,
        "ndcg@20": 0.0833,
        "mrr@5": 0.0819,
        "mrr@10": 0.0819,
        "mrr@20": 0.0819
      },
      "best_hr@10": 0.0973,
      "test_mrr@20": 0.0819,
      "test_hr@10": 0.0877,
      "epochs_run": 11,
      "early_stop_epoch": 11,
      "early_stopped": true,
      "elapsed": 2.3,
      "status": "ok"
    },
    {
      "trial": 5,
      "params": {
        "MAX_ITEM_LIST_LENGTH": 30,
        "fusion_type": "gate",
        "learning_rate": 0.0007875807461570815
      },
      "mrr@20": 0.0981,
      "valid_result": {
        "hit@5": 0.0973,
        "hit@10": 0.0973,
        "hit@20": 0.1062,
        "ndcg@5": 0.0973,
        "ndcg@10": 0.0973,
        "ndcg@20": 0.0998,
        "mrr@5": 0.0973,
        "mrr@10": 0.0973,
        "mrr@20": 0.0981
      },
      "test_result": {
        "hit@5": 0.0789,
        "hit@10": 0.0789,
        "hit@20": 0.0789,
        "ndcg@5": 0.0789,
        "ndcg@10": 0.0789,
        "ndcg@20": 0.0789,
        "mrr@5": 0.0789,
        "mrr@10": 0.0789,
        "mrr@20": 0.0789
      },
      "best_hr@10": 0.0973,
      "test_mrr@20": 0.0789,
      "test_hr@10": 0.0789,
      "epochs_run": 20,
      "early_stop_epoch": 20,
      "early_stopped": true,
      "elapsed": 3.3,
      "status": "ok"
    },
    {
      "trial": 6,
      "params": {
        "MAX_ITEM_LIST_LENGTH": 10,
        "fusion_type": "sum",
        "learning_rate": 0.002876606774160553
      },
      "mrr@20": 0.0985,
      "valid_result": {
        "hit@5": 0.0973,
        "hit@10": 0.1062,
        "hit@20": 0.1062,
        "ndcg@5": 0.0973,
        "ndcg@10": 0.1001,
        "ndcg@20": 0.1001,
        "mrr@5": 0.0973,
        "mrr@10": 0.0985,
        "mrr@20": 0.0985
      },
      "test_result": {
        "hit@5": 0.0877,
        "hit@10": 0.0877,
        "hit@20": 0.0877,
        "ndcg@5": 0.0845,
        "ndcg@10": 0.0845,
        "ndcg@20": 0.0845,
        "mrr@5": 0.0833,
        "mrr@10": 0.0833,
        "mrr@20": 0.0833
      },
      "best_hr@10": 0.1062,
      "test_mrr@20": 0.0833,
      "test_hr@10": 0.0877,
      "epochs_run": 11,
      "early_stop_epoch": 11,
      "early_stopped": true,
      "elapsed": 1.4,
      "status": "ok"
    },
    {
      "trial": 7,
      "params": {
        "MAX_ITEM_LIST_LENGTH": 5,
        "fusion_type": "sum",
        "learning_rate": 0.0016079411955762471
      },
      "mrr@20": 0.0996,
      "valid_result": {
        "hit@5": 0.0973,
        "hit@10": 0.115,
        "hit@20": 0.115,
        "ndcg@5": 0.0973,
        "ndcg@10": 0.103,
        "ndcg@20": 0.103,
        "mrr@5": 0.0973,
        "mrr@10": 0.0996,
        "mrr@20": 0.0996
      },
      "test_result": {
        "hit@5": 0.0789,
        "hit@10": 0.0789,
        "hit@20": 0.0789,
        "ndcg@5": 0.0789,
        "ndcg@10": 0.0789,
        "ndcg@20": 0.0789,
        "mrr@5": 0.0789,
        "mrr@10": 0.0789,
        "mrr@20": 0.0789
      },
      "best_hr@10": 0.115,
      "test_mrr@20": 0.0789,
      "test_hr@10": 0.0789,
      "epochs_run": 16,
      "early_stop_epoch": 16,
      "early_stopped": true,
      "elapsed": 2.8,
      "status": "ok"
    },
    {
      "trial": 8,
      "params": {
        "MAX_ITEM_LIST_LENGTH": 50,
        "fusion_type": "sum",
        "learning_rate": 0.0008123822853357712
      },
      "mrr@20": 0.0981,
      "valid_result": {
        "hit@5": 0.0973,
        "hit@10": 0.0973,
        "hit@20": 0.1062,
        "ndcg@5": 0.0973,
        "ndcg@10": 0.0973,
        "ndcg@20": 0.0997,
        "mrr@5": 0.0973,
        "mrr@10": 0.0973,
        "mrr@20": 0.0981
      },
      "test_result": {
        "hit@5": 0.0789,
        "hit@10": 0.0877,
        "hit@20": 0.0877,
        "ndcg@5": 0.0789,
        "ndcg@10": 0.0819,
        "ndcg@20": 0.0819,
        "mrr@5": 0.0789,
        "mrr@10": 0.0802,
        "mrr@20": 0.0802
      },
      "best_hr@10": 0.0973,
      "test_mrr@20": 0.0802,
      "test_hr@10": 0.0877,
      "epochs_run": 12,
      "early_stop_epoch": 12,
      "early_stopped": true,
      "elapsed": 2.6,
      "status": "ok"
    }
  ],
  "run_group": "baseline",
  "run_axis": "stagee_relrseed_anchor2_core5",
  "run_phase": "P20_SC_D01_M03_P02_DIFSR_D5_E4_S2",
  "parent_result": "",
  "interrupted": false,
  "interrupted_at": null,
  "tuned_search": {
    "fusion_type": [
      "sum",
      "gate"
    ],