{
  "model": "GRU4Rec",
  "dataset": "amazon_beauty",
  "dataset_raw": "amazon_beauty",
  "max_evals": 10,
  "tune_epochs": 100,
  "n_completed": 10,
  "n_recorded_trials": 10,
  "timestamp": "2026-04-13T03:17:23.626293",
  "trials": [
    {
      "trial": 1,
      "params": {
        "learning_rate": 0.006004024568829055
      },
      "mrr@20": 0.0084,
      "valid_result": {
        "hit@5": 0.0088,
        "hit@10": 0.0265,
        "hit@20": 0.0531,
        "ndcg@5": 0.0056,
        "ndcg@10": 0.0109,
        "ndcg@20": 0.0179,
        "mrr@5": 0.0044,
        "mrr@10": 0.0064,
        "mrr@20": 0.0084
      },
      "test_result": {
        "hit@5": 0.0,
        "hit@10": 0.0088,
        "hit@20": 0.0175,
        "ndcg@5": 0.0,
        "ndcg@10": 0.0025,
        "ndcg@20": 0.0048,
        "mrr@5": 0.0,
        "mrr@10": 0.0009,
        "mrr@20": 0.0015
      },
      "best_hr@10": 0.0265,
      "test_mrr@20": 0.0015,
      "test_hr@10": 0.0088,
      "epochs_run": 10,
      "early_stop_epoch": 10,
      "early_stopped": true,
      "elapsed": 1.4,
      "status": "ok"
    },
    {
      "trial": 2,
      "params": {
        "learning_rate": 0.00407592959628186
      },
      "mrr@20": 0.0082,
      "valid_result": {
        "hit@5": 0.0088,
        "hit@10": 0.0265,
        "hit@20": 0.0531,
        "ndcg@5": 0.0056,
        "ndcg@10": 0.0108,
        "ndcg@20": 0.0176,
        "mrr@5": 0.0044,
        "mrr@10": 0.0063,
        "mrr@20": 0.0082
      },
      "test_result": {
        "hit@5": 0.0,
        "hit@10": 0.0,
        "hit@20": 0.0263,
        "ndcg@5": 0.0,
        "ndcg@10": 0.0,
        "ndcg@20": 0.0065,
        "mrr@5": 0.0,
        "mrr@10": 0.0,
        "mrr@20": 0.0017
      },
      "best_hr@10": 0.0265,
      "test_mrr@20": 0.0017,
      "test_hr@10": 0.0,
      "epochs_run": 11,
      "early_stop_epoch": 11,
      "early_stopped": true,
      "elapsed": 0.9,
      "status": "ok"
    },
    {
      "trial": 3,
      "params": {
        "learning_rate": 0.006038772576987027
      },
      "mrr@20": 0.0086,
      "valid_result": {
        "hit@5": 0.0088,
        "hit@10": 0.0265,
        "hit@20": 0.0531,
        "ndcg@5": 0.0056,
        "ndcg@10": 0.011,
        "ndcg@20": 0.018,
        "mrr@5": 0.0044,
        "mrr@10": 0.0065,
        "mrr@20": 0.0086
      },
      "test_result": {
        "hit@5": 0.0,
        "hit@10": 0.0088,
        "hit@20": 0.0175,
        "ndcg@5": 0.0,
        "ndcg@10": 0.0025,
        "ndcg@20": 0.0048,
        "mrr@5": 0.0,
        "mrr@10": 0.0009,
        "mrr@20": 0.0015
      },
      "best_hr@10": 0.0265,
      "test_mrr@20": 0.0015,
      "test_hr@10": 0.0088,
      "epochs_run": 10,
      "early_stop_epoch": 10,
      "early_stopped": true,
      "elapsed": 0.9,
      "status": "ok"
    },
    {
      "trial": 4,
      "params": {
        "learning_rate": 0.0051465980426746005
      },
      "mrr@20": 0.0084,
      "valid_result": {
        "hit@5": 0.0088,
        "hit@10": 0.0265,
        "hit@20": 0.0531,
        "ndcg@5": 0.0056,
        "ndcg@10": 0.0109,
        "ndcg@20": 0.0178,
        "mrr@5": 0.0044,
        "mrr@10": 0.0064,
        "mrr@20": 0.0084
      },
      "test_result": {
        "hit@5": 0.0,
        "hit@10": 0.0,
        "hit@20": 0.0175,
        "ndcg@5": 0.0,
        "ndcg@10": 0.0,
        "ndcg@20": 0.0044,
        "mrr@5": 0.0,
        "mrr@10": 0.0,
        "mrr@20": 0.0012
      },
      "best_hr@10": 0.0265,
      "test_mrr@20": 0.0012,
      "test_hr@10": 0.0,
      "epochs_run": 10,
      "early_stop_epoch": 10,
      "early_stopped": true,
      "elapsed": 0.8,
      "status": "ok"
    },
    {
      "trial": 5,
      "params": {
        "learning_rate": 0.003911565109428125
      },
      "mrr@20": 0.0129,
      "valid_result": {
        "hit@5": 0.0088,
        "hit@10": 0.0265,
        "hit@20": 0.0531,
        "ndcg@5": 0.0088,
        "ndcg@10": 0.0142,
        "ndcg@20": 0.0212,
        "mrr@5": 0.0088,
        "mrr@10": 0.0108,
        "mrr@20": 0.0129
      },
      "test_result": {
        "hit@5": 0.0,
        "hit@10": 0.0,
        "hit@20": 0.0263,
        "ndcg@5": 0.0,
        "ndcg@10": 0.0,
        "ndcg@20": 0.0067,
        "mrr@5": 0.0,
        "mrr@10": 0.0,
        "mrr@20": 0.0019
      },
      "best_hr@10": 0.0265,
      "test_mrr@20": 0.0019,
      "test_hr@10": 0.0,
      "epochs_run": 12,
      "early_stop_epoch": 12,
      "early_stopped": true,
      "elapsed": 1.0,
      "status": "ok"
    },
    {
      "trial": 6,
      "params": {
        "learning_rate": 0.006640599041943246
      },
      "mrr@20": 0.0087,
      "valid_result": {
        "hit@5": 0.0088,
        "hit@10": 0.0265,
        "hit@20": 0.0619,
        "ndcg@5": 0.0056,
        "ndcg@10": 0.0109,
        "ndcg@20": 0.0197,
        "mrr@5": 0.0044,
        "mrr@10": 0.0064,
        "mrr@20": 0.0087
      },
      "test_result": {
        "hit@5": 0.0,
        "hit@10": 0.0,
        "hit@20": 0.0263,
        "ndcg@5": 0.0,
        "ndcg@10": 0.0,
        "ndcg@20": 0.0064,
        "mrr@5": 0.0,
        "mrr@10": 0.0,
        "mrr@20": 0.0016
      },
      "best_hr@10": 0.0265,
      "test_mrr@20": 0.0016,
      "test_hr@10": 0.0,
      "epochs_run": 9,
      "early_stop_epoch": 9,
      "early_stopped": true,
      "elapsed": 0.8,
      "status": "ok"
    },
    {
      "trial": 7,
      "params": {
        "learning_rate": 0.00666497481925412
      },
      "mrr@20": 0.0107,
      "valid_result": {
        "hit@5": 0.0177,
        "hit@10": 0.0265,
        "hit@20": 0.0619,
        "ndcg@5": 0.01,
        "ndcg@10": 0.0126,
        "ndcg@20": 0.0215,
        "mrr@5": 0.0074,
        "mrr@10": 0.0083,
        "mrr@20": 0.0107
      },
      "test_result": {
        "hit@5": 0.0,
        "hit@10": 0.0,
        "hit@20": 0.0175,
        "ndcg@5": 0.0,
        "ndcg@10": 0.0,
        "ndcg@20": 0.0044,
        "mrr@5": 0.0,
        "mrr@10": 0.0,
        "mrr@20": 0.0012
      },
      "best_hr@10": 0.0265,
      "test_mrr@20": 0.0012,
      "test_hr@10": 0.0,
      "epochs_run": 10,
      "early_stop_epoch": 10,
      "early_stopped": true,
      "elapsed": 1.1,
      "status": "ok"
    },
    {
      "trial": 8,
      "params": {
        "learning_rate": 0.00535962055480034
      },
      "mrr@20": 0.0084,
      "valid_result": {
        "hit@5": 0.0088,
        "hit@10": 0.0265,
        "hit@20": 0.0531,
        "ndcg@5": 0.0056,
        "ndcg@10": 0.0109,
        "ndcg@20": 0.0179,
        "mrr@5": 0.0044,
        "mrr@10": 0.0064,
        "mrr@20": 0.0084
      },
      "test_result": {
        "hit@5": 0.0,
        "hit@10": 0.0,
        "hit@20": 0.0263,
        "ndcg@5": 0.0,
        "ndcg@10": 0.0,
        "ndcg@20": 0.0066,
        "mrr@5": 0.0,
        "mrr@10": 0.0,
        "mrr@20": 0.0018
      },
      "best_hr@10": 0.0265,
      "test_mrr@20": 0.0018,
      "test_hr@10": 0.0,
      "epochs_run": 10,
      "early_stop_epoch": 10,
      "early_stopped": true,
      "elapsed": 1.0,
      "status": "ok"
    },
    {
      "trial": 9,
      "params": {
        "learning_rate": 0.004455437508629811
      },
      "mrr@20": 0.0173,
      "valid_result": {
        "hit@5": 0.0177,
        "hit@10": 0.0354,
        "hit@20": 0.0619,
        "ndcg@5": 0.0144,
        "ndcg@10": 0.0198,
        "ndcg@20": 0.0267,
        "mrr@5": 0.0133,
        "mrr@10": 0.0152,
        "mrr@20": 0.0173
      },
      "test_result": {
        "hit@5": 0.0,
        "hit@10": 0.0,
        "hit@20": 0.0263,
        "ndcg@5": 0.0,
        "ndcg@10": 0.0,
        "ndcg@20": 0.0068,
        "mrr@5": 0.0,
        "mrr@10": 0.0,
        "mrr@20": 0.0019
      },
      "best_hr@10": 0.0354,
      "test_mrr@20": 0.0019,
      "test_hr@10": 0.0,
      "epochs_run": 11,
      "early_stop_epoch": 11,
      "early_stopped": true,
      "elapsed": 0.9,
      "status": "ok"
    },
    {
      "trial": 10,
      "params": {
        "learning_rate": 0.006818796382794791
      },