{
  "model": "SIGMA",
  "dataset": "KuaiRecLargeStrictPosV2_0.2",
  "dataset_raw": "KuaiRecLargeStrictPosV2_0.2",
  "max_evals": 10,
  "tune_epochs": 100,
  "n_completed": 10,
  "n_recorded_trials": 10,
  "timestamp": "2026-03-13T11:41:41.791481",
  "trials": [
    {
      "trial": 1,
      "params": {
        "dropout_ratio": 0.25,
        "learning_rate": 0.0002533351003419529,
        "weight_decay": 0.0
      },
      "mrr@20": 0.0721,
      "valid_result": {
        "hit@5": 0.0763,
        "hit@10": 0.0873,
        "hit@20": 0.1064,
        "ndcg@5": 0.0711,
        "ndcg@10": 0.0746,
        "ndcg@20": 0.0794,
        "mrr@5": 0.0694,
        "mrr@10": 0.0708,
        "mrr@20": 0.0721
      },
      "test_result": {
        "hit@5": 0.1572,
        "hit@10": 0.1664,
        "hit@20": 0.1829,
        "ndcg@5": 0.153,
        "ndcg@10": 0.1559,
        "ndcg@20": 0.1601,
        "mrr@5": 0.1517,
        "mrr@10": 0.1528,
        "mrr@20": 0.1539
      },
      "best_hr@10": 0.0873,
      "test_mrr@20": 0.1539,
      "test_hr@10": 0.1664,
      "epochs_run": 100,
      "early_stop_epoch": 100,
      "early_stopped": false,
      "elapsed": 691.4,
      "status": "ok"
    },
    {
      "trial": 2,
      "params": {
        "dropout_ratio": 0.1,
        "learning_rate": 0.00024131760360607472,
        "weight_decay": 0.0001
      },
      "mrr@20": 0.0672,
      "valid_result": {
        "hit@5": 0.0694,
        "hit@10": 0.0745,
        "hit@20": 0.0834,
        "ndcg@5": 0.0668,
        "ndcg@10": 0.0684,
        "ndcg@20": 0.0707,
        "mrr@5": 0.0659,
        "mrr@10": 0.0666,
        "mrr@20": 0.0672
      },
      "test_result": {
        "hit@5": 0.1524,
        "hit@10": 0.1564,
        "hit@20": 0.1635,
        "ndcg@5": 0.1502,
        "ndcg@10": 0.1515,
        "ndcg@20": 0.1533,
        "mrr@5": 0.1495,
        "mrr@10": 0.15,
        "mrr@20": 0.1505
      },
      "best_hr@10": 0.0745,
      "test_mrr@20": 0.1505,
      "test_hr@10": 0.1564,
      "epochs_run": 21,
      "early_stop_epoch": 21,
      "early_stopped": true,
      "elapsed": 146.4,
      "status": "ok"
    },
    {
      "trial": 3,
      "params": {
        "dropout_ratio": 0.05,
        "learning_rate": 2.7040233663932484e-05,
        "weight_decay": 0.0
      },
      "mrr@20": 0.0516,
      "valid_result": {
        "hit@5": 0.0559,
        "hit@10": 0.0587,
        "hit@20": 0.0622,
        "ndcg@5": 0.0522,
        "ndcg@10": 0.0531,
        "ndcg@20": 0.054,
        "mrr@5": 0.051,
        "mrr@10": 0.0513,
        "mrr@20": 0.0516
      },
      "test_result": {
        "hit@5": 0.1386,
        "hit@10": 0.1425,
        "hit@20": 0.1462,
        "ndcg@5": 0.1328,
        "ndcg@10": 0.134,
        "ndcg@20": 0.135,
        "mrr@5": 0.1308,
        "mrr@10": 0.1313,
        "mrr@20": 0.1316
      },
      "best_hr@10": 0.0587,
      "test_mrr@20": 0.1316,
      "test_hr@10": 0.1425,
      "epochs_run": 11,
      "early_stop_epoch": 11,
      "early_stopped": true,
      "elapsed": 75.9,
      "status": "ok"
    },
    {
      "trial": 4,
      "params": {
        "dropout_ratio": 0.15,
        "learning_rate": 4.768525699877251e-05,
        "weight_decay": 5e-05
      },
      "mrr@20": 0.0663,
      "valid_result": {
        "hit@5": 0.068,
        "hit@10": 0.0724,
        "hit@20": 0.081,
        "ndcg@5": 0.0658,
        "ndcg@10": 0.0673,
        "ndcg@20": 0.0694,
        "mrr@5": 0.0651,
        "mrr@10": 0.0657,
        "mrr@20": 0.0663
      },
      "test_result": {
        "hit@5": 0.1516,
        "hit@10": 0.1556,
        "hit@20": 0.1631,
        "ndcg@5": 0.1498,
        "ndcg@10": 0.151,
        "ndcg@20": 0.1529,
        "mrr@5": 0.1492,
        "mrr@10": 0.1497,
        "mrr@20": 0.1502
      },
      "best_hr@10": 0.0724,
      "test_mrr@20": 0.1502,
      "test_hr@10": 0.1556,
      "epochs_run": 55,
      "early_stop_epoch": 55,
      "early_stopped": true,
      "elapsed": 381.3,
      "status": "ok"
    },
    {
      "trial": 5,
      "params": {
        "dropout_ratio": 0.15,
        "learning_rate": 2.970836788364555e-05,
        "weight_decay": 1e-06
      },
      "mrr@20": 0.0519,
      "valid_result": {
        "hit@5": 0.0563,
        "hit@10": 0.059,
        "hit@20": 0.0622,
        "ndcg@5": 0.0526,
        "ndcg@10": 0.0534,
        "ndcg@20": 0.0542,
        "mrr@5": 0.0513,
        "mrr@10": 0.0517,
        "mrr@20": 0.0519
      },
      "test_result": {
        "hit@5": 0.1392,
        "hit@10": 0.1425,
        "hit@20": 0.1462,
        "ndcg@5": 0.1334,
        "ndcg@10": 0.1345,
        "ndcg@20": 0.1354,
        "mrr@5": 0.1315,
        "mrr@10": 0.1319,
        "mrr@20": 0.1322
      },
      "best_hr@10": 0.059,
      "test_mrr@20": 0.1322,
      "test_hr@10": 0.1425,
      "epochs_run": 11,
      "early_stop_epoch": 11,
      "early_stopped": true,
      "elapsed": 75.8,
      "status": "ok"
    },
    {
      "trial": 6,
      "params": {
        "dropout_ratio": 0.2,
        "learning_rate": 3.866831214699967e-05,
        "weight_decay": 0.0001
      },
      "mrr@20": 0.0457,
      "valid_result": {
        "hit@5": 0.0498,
        "hit@10": 0.0533,
        "hit@20": 0.058,
        "ndcg@5": 0.0461,
        "ndcg@10": 0.0473,
        "ndcg@20": 0.0484,
        "mrr@5": 0.0449,
        "mrr@10": 0.0453,
        "mrr@20": 0.0457
      },
      "test_result": {
        "hit@5": 0.1287,
        "hit@10": 0.1344,
        "hit@20": 0.1398,
        "ndcg@5": 0.1231,
        "ndcg@10": 0.1249,
        "ndcg@20": 0.1263,
        "mrr@5": 0.1212,
        "mrr@10": 0.1219,
        "mrr@20": 0.1223
      },
      "best_hr@10": 0.0533,
      "test_mrr@20": 0.1223,
      "test_hr@10": 0.1344,
      "epochs_run": 11,
      "early_stop_epoch": 11,
      "early_stopped": true,
      "elapsed": 76.2,
      "status": "ok"
    },
    {
      "trial": 7,
      "params": {
        "dropout_ratio": 0.2,
        "learning_rate": 0.0011852884421107305,
        "weight_decay": 0.0001
      },
      "mrr@20": 0.0796,
      "valid_result": {
        "hit@5": 0.0887,
        "hit@10": 0.1095,
        "hit@20": 0.1435,
        "ndcg@5": 0.0781,
        "ndcg@10": 0.0847,
        "ndcg@20": 0.0932,
        "mrr@5": 0.0746,
        "mrr@10": 0.0773,
        "mrr@20": 0.0796
      },
      "test_result": {
        "hit@5": 0.1657,
        "hit@10": 0.1833,
        "hit@20": 0.2139,
        "ndcg@5": 0.1566,
        "ndcg@10": 0.1622,
        "ndcg@20": 0.1699,
        "mrr@5": 0.1536,
        "mrr@10": 0.1559,
        "mrr@20": 0.158
      },
      "best_hr@10": 0.1095,
      "test_mrr@20": 0.158,
      "test_hr@10": 0.1833,
      "epochs_run": 51,
      "early_stop_epoch": 51,
      "early_stopped": true,
      "elapsed": 354.6,
      "status": "ok"
    },
    {
      "trial": 8,
      "params": {
        "dropout_ratio": 0.05,
        "learning_rate": 0.0005984872646642748,
        "weight_decay": 1e-05
      },
      "mrr@20": 0.0669,
      "valid_result": {
        "hit@5": 0.0683,
        "hit@10": 0.0726,
        "hit@20": 0.0817,
        "ndcg@5": 0.0664,
        "ndcg@10": 0.0677,
        "ndcg@20": 0.07,
        "mrr@5": 0.0657,
        "mrr@10": 0.0663,
        "mrr@20": 0.0669
      },
      "test_result": {
        "hit@5": 0.1517,
        "hit@10": 0.1555,
        "hit@20": 0.1633,
        "ndcg@5": 0.15,
        "ndcg@10": 0.1512,
        "ndcg@20": 0.1532,
        "mrr@5": 0.1494,
        "mrr@10": 0.1499,
        "mrr@20": 0.1504
      },
      "best_hr@10": 0.0726,
      "test_mrr@20": 0.1504,
      "test_hr@10": 0.1555,
      "epochs_run": 14,
      "early_stop_epoch": 14,
      "early_stopped": true,
      "elapsed": 97.2,
      "status": "ok"
    },
    {
      "trial": 9,
      "params": {
        "dropout_ratio": 0.2,
        "learning_rate": 0.0004706106607104022,
        "weight_decay": 0.0
      },
      "mrr@20": 0.0717,
      "valid_result": {
        "hit@5": 0.0755,
        "hit@10": 0.0863,