{
  "model": "FAME",
  "dataset": "lastfm0.03",
  "dataset_raw": "lastfm0.03",
  "max_evals": 5,
  "tune_epochs": 36,
  "n_completed": 5,
  "n_recorded_trials": 5,
  "timestamp": "2026-03-30T07:45:44.963317",
  "trials": [
    {
      "trial": 1,
      "params": {
        "learning_rate": 0.001026094982012532
      },
      "mrr@20": 0.2011,
      "valid_result": {
        "hit@5": 0.236,
        "hit@10": 0.2559,
        "hit@20": 0.2732,
        "ndcg@5": 0.207,
        "ndcg@10": 0.2134,
        "ndcg@20": 0.2178,
        "mrr@5": 0.1973,
        "mrr@10": 0.1999,
        "mrr@20": 0.2011
      },
      "test_result": {
        "hit@5": 0.2285,
        "hit@10": 0.2537,
        "hit@20": 0.2728,
        "ndcg@5": 0.2019,
        "ndcg@10": 0.2102,
        "ndcg@20": 0.215,
        "mrr@5": 0.193,
        "mrr@10": 0.1965,
        "mrr@20": 0.1978
      },
      "best_hr@10": 0.2559,
      "test_mrr@20": 0.1978,
      "test_hr@10": 0.2537,
      "epochs_run": 28,
      "early_stop_epoch": 28,
      "early_stopped": true,
      "elapsed": 607.0,
      "status": "ok"
    },
    {
      "trial": 2,
      "params": {
        "learning_rate": 0.0009404137495301199
      },
      "mrr@20": 0.204,
      "valid_result": {
        "hit@5": 0.2381,
        "hit@10": 0.258,
        "hit@20": 0.2764,
        "ndcg@5": 0.2096,
        "ndcg@10": 0.2161,
        "ndcg@20": 0.2207,
        "mrr@5": 0.2001,
        "mrr@10": 0.2027,
        "mrr@20": 0.204
      },
      "test_result": {
        "hit@5": 0.2404,
        "hit@10": 0.2588,
        "hit@20": 0.275,
        "ndcg@5": 0.2139,
        "ndcg@10": 0.2199,
        "ndcg@20": 0.224,
        "mrr@5": 0.205,
        "mrr@10": 0.2075,
        "mrr@20": 0.2086
      },
      "best_hr@10": 0.258,
      "test_mrr@20": 0.2086,
      "test_hr@10": 0.2588,
      "epochs_run": 33,
      "early_stop_epoch": 33,
      "early_stopped": true,
      "elapsed": 712.2,
      "status": "ok"
    },
    {
      "trial": 3,
      "params": {
        "learning_rate": 0.0009671292524340418
      },
      "mrr@20": 0.2037,
      "valid_result": {
        "hit@5": 0.2349,
        "hit@10": 0.2541,
        "hit@20": 0.2705,
        "ndcg@5": 0.2088,
        "ndcg@10": 0.2149,
        "ndcg@20": 0.2191,
        "mrr@5": 0.2001,
        "mrr@10": 0.2026,
        "mrr@20": 0.2037
      },
      "test_result": {
        "hit@5": 0.2396,
        "hit@10": 0.2572,
        "hit@20": 0.2731,
        "ndcg@5": 0.2125,
        "ndcg@10": 0.2183,
        "ndcg@20": 0.2223,
        "mrr@5": 0.2034,
        "mrr@10": 0.2058,
        "mrr@20": 0.207
      },
      "best_hr@10": 0.2541,
      "test_mrr@20": 0.207,
      "test_hr@10": 0.2572,
      "epochs_run": 31,
      "early_stop_epoch": 31,
      "early_stopped": true,
      "elapsed": 681.2,
      "status": "ok"
    },
    {
      "trial": 4,
      "params": {
        "learning_rate": 0.0008646441155105462
      },
      "mrr@20": 0.2058,
      "valid_result": {
        "hit@5": 0.2339,
        "hit@10": 0.2517,
        "hit@20": 0.2684,
        "ndcg@5": 0.2102,
        "ndcg@10": 0.2159,
        "ndcg@20": 0.2202,
        "mrr@5": 0.2023,
        "mrr@10": 0.2046,
        "mrr@20": 0.2058
      },
      "test_result": {
        "hit@5": 0.2309,
        "hit@10": 0.2489,
        "hit@20": 0.2641,
        "ndcg@5": 0.206,
        "ndcg@10": 0.2118,
        "ndcg@20": 0.2157,
        "mrr@5": 0.1977,
        "mrr@10": 0.2001,
        "mrr@20": 0.2012
      },
      "best_hr@10": 0.2517,
      "test_mrr@20": 0.2012,
      "test_hr@10": 0.2489,
      "epochs_run": 36,
      "early_stop_epoch": 36,
      "early_stopped": false,
      "elapsed": 774.5,
      "status": "ok"
    },
    {
      "trial": 5,
      "params": {
        "learning_rate": 0.0010403907835637846
      },
      "mrr@20": 0.2004,
      "valid_result": {
        "hit@5": 0.2336,
        "hit@10": 0.2554,
        "hit@20": 0.2729,
        "ndcg@5": 0.2057,
        "ndcg@10": 0.2127,
        "ndcg@20": 0.2171,
        "mrr@5": 0.1964,
        "mrr@10": 0.1992,
        "mrr@20": 0.2004
      },
      "test_result": {
        "hit@5": 0.2322,
        "hit@10": 0.2519,
        "hit@20": 0.2713,
        "ndcg@5": 0.2061,
        "ndcg@10": 0.2125,
        "ndcg@20": 0.2174,
        "mrr@5": 0.1974,
        "mrr@10": 0.2001,
        "mrr@20": 0.2014
      },
      "best_hr@10": 0.2554,
      "test_mrr@20": 0.2014,
      "test_hr@10": 0.2519,
      "epochs_run": 28,
      "early_stop_epoch": 28,
      "early_stopped": true,
      "elapsed": 603.9,
      "status": "ok"
    }
  ],
  "run_group": "baseline",
  "run_axis": "stagec_focus_anchor2_core5",
  "run_phase": "P18_SC_D00_M05_P01_FAME_B4_C5_S1",
  "parent_result": "",
  "interrupted": false,
  "interrupted_at": null,
  "tuned_search": {
    "learning_rate": [
      0.00043776000000000004,
      0.00262656
    ]
  },
  "fixed_search": {
    "num_heads": 2,
    "num_experts": 2,
    "num_layers": 2,
    "weight_decay": 0.0007260000000000001,
    "dropout_ratio": 0.3,
    "hidden_size": 128,
    "embedding_size": 128,
    "n_layers": 2,
    "dropout_prob": 0.3,
    "hidden_dropout_prob": 0.3,
    "attn_dropout_prob": 0.3,
    "inner_size": 128,
    "n_heads": 2
  },
  "context_fixed": {
    "num_layers": 2,
    "search_space_type_overrides": {
      "learning_rate": "loguniform",
      "weight_decay": "choice",
      "dropout_ratio": "choice",
      "hidden_size": "choice",
      "embedding_size": "choice",
      "n_layers": "choice",
      "num_layers": "choice",
      "dropout_prob": "choice",
      "hidden_dropout_prob": "choice",
      "attn_dropout_prob": "choice",
      "inner_size": "choice",
      "n_heads": "choice",
      "num_heads": "choice",
      "num_experts": "choice"
    }
  },
  "best_params": {
    "learning_rate": 0.0008646441155105462
  },
  "best_mrr@20": 0.2058,
  "best_hr@10": 0.2517,
  "test_mrr@20": 0.2012,
  "test_hr@10": 0.2489,
  "best_valid_result": {
    "hit@5": 0.2339,
    "hit@10": 0.2517,
    "hit@20": 0.2684,
    "ndcg@5": 0.2102,
    "ndcg@10": 0.2159,
    "ndcg@20": 0.2202,
    "mrr@5": 0.2023,
    "mrr@10": 0.2046,
    "mrr@20": 0.2058
  },
  "test_result": {
    "hit@5": 0.2309,
    "hit@10": 0.2489,
    "hit@20": 0.2641,
    "ndcg@5": 0.206,
    "ndcg@10": 0.2118,
    "ndcg@20": 0.2157,
    "mrr@5": 0.1977,
    "mrr@10": 0.2001,
    "mrr@20": 0.2012
  },
  "best_valid_special_metrics": {
    "split": "best_valid",
    "overall": {
      "count": 3763,
      "hit@20": 0.2684028700504916,
      "ndcg@20": 0.22018050398244968,
      "mrr@20": 0.20579666194488416
    },
    "slices": {
      "target_popularity_abs": {
        "rare_1_5": {
          "count": 3735,
          "hit@20": 0.2674698795180723,
          "ndcg@20": 0.21942354847628429,
          "mrr@20": 0.20510830135350247
        },
        "6_20": {
          "count": 28,
          "hit@20": 0.39285714285714285,
          "ndcg@20": 0.32115296167986734,
          "mrr@20": 0.29761904797383715
        }
      },
      "target_popularity_abs_legacy": {
        "<=5": {
          "count": 3735,
          "hit@20": 0.2674698795180723,
          "ndcg@20": 0.21942354847628429,
          "mrr@20": 0.20510830135350247
        },
        "6-20": {
          "count": 28,
          "hit@20": 0.39285714285714285,
          "ndcg@20": 0.32115296167986734,
          "mrr@20": 0.29761904797383715
        }
      },
      "session_len": {
        "<=7": {
          "count": 1152,
          "hit@20": 0.2777777777777778,
          "ndcg@20": 0.2325649310239694,
          "mrr@20": 0.2189619646685767
        },
        "8-12": {
          "count": 878,
          "hit@20": 0.26879271070615035,
          "ndcg@20": 0.22103312676072392,
          "mrr@20": 0.20694168536141005
        },
        "13+": {
          "count": 1733,
          "hit@20": 0.2619734564339296,
          "ndcg@20": 0.2115160707734736,
          "mrr@20": 0.19646500626259708
        }
      },