{
  "model": "SASRec",
  "dataset": "lastfm0.03",
  "dataset_raw": "lastfm0.03",
  "max_evals": 10,
  "tune_epochs": 100,
  "n_completed": 2,
  "n_recorded_trials": 2,
  "timestamp": "2026-03-28T14:44:06.407951",
  "trials": [
    {
      "trial": 1,
      "params": {
        "learning_rate": 0.0007757815870936197
      },
      "mrr@20": 0.2315,
      "valid_result": {
        "hit@5": 0.2742,
        "hit@10": 0.3016,
        "hit@20": 0.3269,
        "ndcg@5": 0.2382,
        "ndcg@10": 0.2471,
        "ndcg@20": 0.2534,
        "mrr@5": 0.2261,
        "mrr@10": 0.2298,
        "mrr@20": 0.2315
      },
      "test_result": {
        "hit@5": 0.2755,
        "hit@10": 0.297,
        "hit@20": 0.3223,
        "ndcg@5": 0.2377,
        "ndcg@10": 0.2446,
        "ndcg@20": 0.251,
        "mrr@5": 0.225,
        "mrr@10": 0.2278,
        "mrr@20": 0.2296
      },
      "best_hr@10": 0.3016,
      "test_mrr@20": 0.2296,
      "test_hr@10": 0.297,
      "epochs_run": 100,
      "early_stop_epoch": 100,
      "early_stopped": false,
      "elapsed": 601.5,
      "status": "ok"
    },
    {
      "trial": 2,
      "params": {
        "learning_rate": 0.0003936217609954322
      },
      "mrr@20": 0.2144,
      "valid_result": {
        "hit@5": 0.2618,
        "hit@10": 0.2968,
        "hit@20": 0.3189,
        "ndcg@5": 0.2216,
        "ndcg@10": 0.233,
        "ndcg@20": 0.2386,
        "mrr@5": 0.2082,
        "mrr@10": 0.2129,
        "mrr@20": 0.2144
      },
      "test_result": {
        "hit@5": 0.2678,
        "hit@10": 0.2957,
        "hit@20": 0.3215,
        "ndcg@5": 0.2237,
        "ndcg@10": 0.2327,
        "ndcg@20": 0.2393,
        "mrr@5": 0.2091,
        "mrr@10": 0.2128,
        "mrr@20": 0.2146
      },
      "best_hr@10": 0.2968,
      "test_mrr@20": 0.2146,
      "test_hr@10": 0.2957,
      "epochs_run": 100,
      "early_stop_epoch": 100,
      "early_stopped": false,
      "elapsed": 606.5,
      "status": "ok"
    }
  ],
  "run_group": "baseline",
  "run_axis": "widesearch_anchor2_core5",
  "run_phase": "P15_WS_D00_M01_SASREC_C1D2_S1",
  "parent_result": "",
  "interrupted": false,
  "interrupted_at": null,
  "tuned_search": {
    "learning_rate": [
      4.5e-05,
      0.0012000000000000001
    ]
  },
  "fixed_search": {
    "attn_dropout_prob": 0.22,
    "num_layers": 1,
    "weight_decay": 0.0005,
    "dropout_ratio": 0.22,
    "hidden_size": 96,
    "embedding_size": 96,
    "inner_size": 192,
    "n_layers": 1,
    "n_heads": 4,
    "num_heads": 4,
    "dropout_prob": 0.22,
    "hidden_dropout_prob": 0.22,
    "num_experts": 4
  },
  "context_fixed": {
    "num_layers": 1,
    "search_space_type_overrides": {
      "learning_rate": "loguniform",
      "weight_decay": "choice",
      "dropout_ratio": "choice",
      "hidden_size": "choice",
      "embedding_size": "choice",
      "inner_size": "choice",
      "n_layers": "choice",
      "num_layers": "choice",
      "n_heads": "choice",
      "num_heads": "choice",
      "dropout_prob": "choice",
      "hidden_dropout_prob": "choice",
      "attn_dropout_prob": "choice",
      "num_experts": "choice"
    }
  },
  "best_mrr@20": 0.2315,
  "best_hr@10": 0.3016,
  "test_mrr@20": 0.2296,
  "test_hr@10": 0.297,
  "best_valid_result": {
    "hit@5": 0.2742,
    "hit@10": 0.3016,
    "hit@20": 0.3269,
    "ndcg@5": 0.2382,
    "ndcg@10": 0.2471,
    "ndcg@20": 0.2534,
    "mrr@5": 0.2261,
    "mrr@10": 0.2298,
    "mrr@20": 0.2315
  },
  "test_result": {
    "hit@5": 0.2755,
    "hit@10": 0.297,
    "hit@20": 0.3223,
    "ndcg@5": 0.2377,
    "ndcg@10": 0.2446,
    "ndcg@20": 0.251,
    "mrr@5": 0.225,
    "mrr@10": 0.2278,
    "mrr@20": 0.2296
  },
  "best_valid_special_metrics": {
    "split": "best_valid",
    "overall": {
      "count": 3763,
      "hit@20": 0.3268668615466383,
      "ndcg@20": 0.253381658995877,
      "mrr@20": 0.23150602292834746
    },
    "slices": {
      "target_popularity_abs": {
        "rare_1_5": {
          "count": 3735,
          "hit@20": 0.32637215528781793,
          "ndcg@20": 0.2530941197990254,
          "mrr@20": 0.2312889711175817
        },
        "6_20": {
          "count": 28,
          "hit@20": 0.39285714285714285,
          "ndcg@20": 0.2917373340044703,
          "mrr@20": 0.2604591841144221
        }
      },
      "target_popularity_abs_legacy": {
        "<=5": {
          "count": 3735,
          "hit@20": 0.32637215528781793,
          "ndcg@20": 0.2530941197990254,
          "mrr@20": 0.2312889711175817
        },
        "6-20": {
          "count": 28,
          "hit@20": 0.39285714285714285,
          "ndcg@20": 0.2917373340044703,
          "mrr@20": 0.2604591841144221
        }
      },
      "session_len": {
        "<=7": {
          "count": 1152,
          "hit@20": 0.3307291666666667,
          "ndcg@20": 0.2616037611151114,
          "mrr@20": 0.24090277971117757
        },
        "8-12": {
          "count": 878,
          "hit@20": 0.3359908883826879,
          "ndcg@20": 0.2522118931852604,
          "mrr@20": 0.2279775963548851
        },
        "13+": {
          "count": 1733,
          "hit@20": 0.31967686093479514,
          "ndcg@20": 0.24850871770353036,
          "mrr@20": 0.22704722011108242
        }
      },
      "session_len_legacy": {
        "3-5": {
          "count": 665,
          "hit@20": 0.2992481203007519,
          "ndcg@20": 0.23130912966746137,
          "mrr@20": 0.21098693551537687
        },
        "6-10": {
          "count": 1122,
          "hit@20": 0.3449197860962567,
          "ndcg@20": 0.2678361056960203,
          "mrr@20": 0.2453771000877421
        },
        "11+": {
          "count": 1976,
          "hit@20": 0.3259109311740891,
          "ndcg@20": 0.2526024802538909,
          "mrr@20": 0.2305352964894733
        }
      }
    },
    "counts": {
      "target_popularity_abs": {
        "rare_1_5": 3735,
        "6_20": 28
      },
      "target_popularity_abs_legacy": {
        "<=5": 3735,
        "6-20": 28
      },
      "session_len": {
        "<=7": 1152,
        "8-12": 878,
        "13+": 1733
      },
      "session_len_legacy": {
        "3-5": 665,
        "6-10": 1122,
        "11+": 1976
      }
    },
    "config_snapshot": {
      "target_popularity_abs_bins": [
        "cold_0",
        "rare_1_5",
        "6_20",
        "21_100",
        "101+"
      ],
      "target_popularity_abs_bins_legacy": [
        "<=5",
        "6-20",
        "21-100",
        ">100"
      ],
      "session_len_bins": [
        "<=7",
        "8-12",
        "13+"
      ],
      "session_len_bins_legacy": [
        "1-2",
        "3-5",
        "6-10",
        "11+"
      ],
      "item_count_source": "cached_loader",
      "item_count_definition": "train_interaction_count_per_item",
      "new_user_enabled": false,
      "feature_logging_available": true,
      "split": "best_valid",
      "item_seq_len_field": "item_length",
      "new_user_field": ""
    }
  },
  "early_valid_result": {},
  "early_valid_special_metrics": {},
  "test_special_metrics": {
    "split": "test",
    "overall": {
      "count": 3764,
      "hit@20": 0.3222635494155154,
      "ndcg@20": 0.2509641121443476,
      "mrr@20": 0.2295737208978656
    },
    "slices": {
      "target_popularity_abs": {
        "cold_0": {
          "count": 2955,
          "hit@20": 0.3187817258883249,
          "ndcg@20": 0.2498252585000798,
          "mrr@20": 0.2291128694859858
        },
        "rare_1_5": {
          "count": 792,
          "hit@20": 0.3333333333333333,
          "ndcg@20": 0.25381475941024045,
          "mrr@20": 0.2300761230478082
        },
        "6_20": {
          "count": 17,
          "hit@20": 0.4117647058823529,
          "ndcg@20": 0.316117046510472,
          "mrr@20": 0.286274510271409
        }
      },
      "target_popularity_abs_legacy": {
        "<=5": {
          "count": 3747,
          "hit@20": 0.32185748598879105,
          "ndcg@20": 0.25066851569806414,