stage_name,stage_key,split,aggregation_level,node_kind,node_name,route_space,support_size,wrapper_name,source_type,temperature,top_k,entropy_norm,n_eff_norm,top1_monopoly_norm,jitter_adj_norm,knn_consistency_score,knn_consistency_js,n_eff,cv_usage,top1_max_frac,entropy_mean
macro,macro@1,best_valid,session,final,final.expert,expert,16,ScalarGroupConditionalProductWrapper,,,,0.9581360334553389,0.8709667237578514,0.31795460240836726,0.0,0.9976637465999579,0.0023389866979642063,13.935467580125623,0.3849019569041678,0.3605824397578443,2.6565171607298304
macro,macro@1,best_valid,session,final,final.group,group,4,ScalarGroupConditionalProductWrapper,,,,0.9672838985139101,0.9424136871509949,0.5886519210224349,0.0,0.9990831710543111,0.0009172494904113927,3.7696547486039798,0.24719451367855072,0.6914889407668262,1.340940214111898
macro,macro@1,best_valid,session,final,final.intra.Exposure,intra,4,ScalarGroupConditionalProductWrapper,,,,0.7351591674907896,0.549401485267506,0.988498925071552,0.0,0.9967238333040139,0.003281545080297775,2.197605941070024,0.9056283235549927,0.991374193803664,1.0191470084180747
macro,macro@1,best_valid,session,final,final.intra.Focus,intra,4,ScalarGroupConditionalProductWrapper,,,,0.990376895668121,0.9772179568142441,0.4402458486659017,0.0,0.9998835264293991,0.00011648035417389413,3.9088718272569762,0.15268629789352417,0.5801843864994263,1.3729539058481384
macro,macro@1,best_valid,session,final,final.intra.Memory,intra,4,ScalarGroupConditionalProductWrapper,,,,0.9970807216651717,0.9950227558780433,0.7345784038301745,0.0,0.9997707424782218,0.00022928380530096526,3.9800910235121734,0.07072666708985967,0.8009338028726308,1.3822473820257786
macro,macro@1,best_valid,session,final,final.intra.Tempo,intra,4,ScalarGroupConditionalProductWrapper,,,,0.9620781209562718,0.9688044032364129,0.4176129993801026,0.0,0.9970803570757383,0.0029239133958579404,3.8752176129456517,0.17944400012493134,0.563209749535077,1.3337234740384996
