stage_name,stage_key,split,aggregation_level,node_kind,node_name,route_space,support_size,wrapper_name,source_type,temperature,top_k,entropy_norm,n_eff_norm,top1_monopoly_norm,jitter_adj_norm,knn_consistency_score,knn_consistency_js,n_eff,cv_usage,top1_max_frac,entropy_mean
macro,macro@1,best_valid,session,final,final.expert,expert,12,GroupConditionalProductWrapper,,,,0.964625534966719,0.8589725030196383,0.8667720815596152,0.0,0.9973713188941431,0.0026321421546946448,10.30767003623566,0.4051933465840415,0.8778744080963139,2.397004406394107
macro,macro@1,best_valid,session,final,final.group,group,4,GroupConditionalProductWrapper,,,,0.9633706742639566,0.9178996721274164,0.9579090712141376,0.0,0.9990844970940443,0.0009159222346916897,3.6715986885096656,0.29907143115997314,0.9684318034106032,1.33551533340039
macro,macro@1,best_valid,session,final,final.intra.Exposure,intra,3,GroupConditionalProductWrapper,,,,0.9238780427600005,0.8966063270187985,0.8359382253721643,0.0,0.9960489347151912,0.003958891364286872,2.6898189810563955,0.3395832303290596,0.8906254835814429,1.014983771006778
macro,macro@1,best_valid,session,final,final.intra.Focus,intra,3,GroupConditionalProductWrapper,,,,0.9989740642671263,0.99932959946144,0.6317198477298752,0.0,0.9999160031641771,8.4000363754764e-05,2.99798879838432,0.025901010419398237,0.7544798984865835,1.097485183064591
macro,macro@1,best_valid,session,final,final.intra.Memory,intra,3,GroupConditionalProductWrapper,,,,0.9985282772398917,0.9989395669884643,0.7404908545077528,0.0,0.9999213303333049,7.867276131569802e-05,2.996818700965393,0.032580328134288544,0.8269939030051685,1.0969954359583423
macro,macro@1,best_valid,session,final,final.intra.Tempo,intra,3,GroupConditionalProductWrapper,,,,0.9782213631271497,0.9882088534291973,0.28553743307232826,0.0,0.9985511550282782,0.0014498955624825376,2.964626560287592,0.10923386130241473,0.5236916220482188,1.074686010569156
