best_mrr20,epoch,epoch_time_sec,eval,lr,patience_used,train_loss,trial,valid_mrr20
0.2503,1,47.19097304344177,1,0.00056966,0,2236.7232933044434,1,0.2503
0.3245,3,46.95219922065735,1,0.00056966,0,1316.2691221237183,1,0.3245
0.367,9,45.99928045272827,1,0.00056966,0,772.8984198570251,1,0.367
0.367,10,46.12860321998596,1,0.00056966,1,744.8888540267944,1,0.3668
0.367,19,45.569127798080444,1,0.00056966,10,539.9867506027222,1,0.3363
