best_mrr20,epoch,epoch_time_sec,eval,lr,patience_used,train_loss,trial,valid_mrr20
0.2818,1,54.13544249534607,1,0.0007027447529322896,0,2167.0725350379944,1,0.2818
0.3477,3,56.98669648170471,1,0.0007014717383189401,0,1139.4902715682983,1,0.3477
0.3687,7,55.90284204483032,1,0.000695132274514405,0,762.104719877243,1,0.3687
0.3687,10,55.850422382354736,1,0.0006871111550250616,3,652.3748519420624,1,0.3597
0.3687,17,54.34764289855957,1,0.0006579831878934332,10,436.732110619545,1,0.3321
