{
  "split": "best_valid",
  "feature_mode": "none",
  "stages": [
    {
      "stage": "macro@1",
      "n_eff": 3.3369246032219593,
      "cv_usage": 0.4457675782303559,
      "top1_max_frac": 0.806512879357417,
      "entropy_mean": 1.264314853672892,
      "route_jitter_adjacent": 0.0,
      "route_consistency_knn_js": 0.0022008367932568485,
      "route_consistency_knn_score": 0.997801583272323,
      "route_consistency_group_knn_js": 0.0022008367932568485,
      "route_consistency_group_knn_score": 0.997801583272323,
      "route_consistency_intra_group_knn_mean_js": 0.0,
      "route_consistency_intra_group_knn_mean_score": 1.0,
      "route_consistency_feature_group_knn_mean_score": 0.9951224596306547,
      "family_top_expert_mean_share": 0.37470197677612305,
      "route_consistency_feature_group_knn_tempo_js": 0.003330468381940041,
      "route_consistency_feature_group_knn_tempo_score": 0.9966750714760677,
      "route_consistency_feature_group_knn_focus_js": 0.005325117326525491,
      "route_consistency_feature_group_knn_focus_score": 0.9946890359769335,
      "route_consistency_feature_group_knn_memory_js": 0.00572785243677323,
      "route_consistency_feature_group_knn_memory_score": 0.9942885204346161,
      "route_consistency_feature_group_knn_exposure_js": 0.005176162610704063,
      "route_consistency_feature_group_knn_exposure_score": 0.9948372106350012
    }
  ]
}
