best_mrr20,epoch,epoch_time_sec,eval,lr,patience_used,train_loss,trial,valid_mrr20
0.0041,1,3.446218967437744,1,0.0009640155470717386,0,79.68647527694702,1,0.0041
0.0156,3,2.438326358795166,1,0.000962269243205651,0,70.43826675415039,1,0.0156
0.0644,10,2.4641754627227783,1,0.0009425695933647202,0,48.46770715713501,1,0.0644
0.0733,16,2.4407951831817627,1,0.0009094965761122782,0,37.34294557571411,1,0.0733
0.0733,26,2.255679130554199,1,0.0008247375297745209,10,23.438176155090332,1,0.0603
