{
  "split": "best_valid",
  "feature_mode": "runtime:unknown|ablation:none",
  "stages": [
    {
      "stage": "micro@1",
      "n_eff": 7.831072813289641,
      "cv_usage": 0.14687173943947193,
      "top1_max_frac": 0.256580770296481,
      "entropy_mean": 1.9479007018045165,
      "route_jitter_adjacent": 0.6190476190476191,
      "route_consistency_knn_js": 0.0020108852280003794,
      "route_consistency_knn_score": 0.9979911352471582,
      "route_consistency_group_knn_js": 0.0014548493724500543,
      "route_consistency_group_knn_score": 0.9985462084078657,
      "route_consistency_intra_group_knn_mean_js": 0.000629613645362892,
      "route_consistency_intra_group_knn_mean_score": 0.999370745692129,
      "route_consistency_feature_group_knn_mean_score": 0.9881935147644464,
      "family_top_expert_mean_share": 0.16155174374580383,
      "route_consistency_feature_group_knn_tempo_js": 0.012236989856336675,
      "route_consistency_feature_group_knn_tempo_score": 0.9878375776335819,
      "route_consistency_feature_group_knn_focus_js": 0.008116122067830208,
      "route_consistency_feature_group_knn_focus_score": 0.9919167247279425,
      "route_consistency_feature_group_knn_memory_js": 0.015106738088994124,
      "route_consistency_feature_group_knn_memory_score": 0.9850067962486844,
      "route_consistency_feature_group_knn_exposure_js": 0.012059463458388237,
      "route_consistency_feature_group_knn_exposure_score": 0.9880129604475764
    }
  ]
}
