stage_name,stage_key,split,aggregation_level,node_kind,node_name,route_space,support_size,wrapper_name,source_type,temperature,top_k,entropy_norm,n_eff_norm,top1_monopoly_norm,jitter_adj_norm,knn_consistency_score,knn_consistency_js,n_eff,cv_usage,top1_max_frac,entropy_mean
macro,macro@1,best_valid,session,final,final.expert,expert,20,FlatJointWrapper,,,,0.9298142287682117,0.9045021002972466,0.23546451694860548,0.7672912648112428,0.96578568519622,0.03481332735866777,18.090042005944934,0.3249315496544309,0.2736912911011752,2.7854744935306455
macro,macro@1,best_valid,session,final,final.group,group,4,FlatJointWrapper,,,,0.9641525326970176,0.9664242601451352,0.5075640670544322,0.0,0.9933697840615273,0.0066522934601013235,3.8656970405805406,0.18639257550239563,0.6306730502908242,1.3365992193373364
macro,macro@1,best_valid,session,final,final.intra.Exposure,intra,5,FlatJointWrapper,,,,0.9314536105027609,0.9704458588041724,0.12594468405017212,0.0,0.9819373735876377,0.018227747012015988,4.852229294020862,0.17451112829877244,0.3007557472401377,1.499116754416769
macro,macro@1,best_valid,session,final,final.intra.Focus,intra,5,FlatJointWrapper,,,,0.9254688126535832,0.9842796252135319,0.1418707711787283,0.0,0.9752326258388866,0.025079245838515247,4.921398126067659,0.12637788231272556,0.31349661694298264,1.4894845938600483
macro,macro@1,best_valid,session,final,final.intra.Memory,intra,5,FlatJointWrapper,,,,0.894047687605295,0.9284452008144335,0.2718019230008309,0.0,0.9715514765963599,0.028861024850571144,4.6422260040721675,0.2776138256845798,0.4174415384006647,1.4389142439560005
macro,macro@1,best_valid,session,final,final.intra.Tempo,intra,5,FlatJointWrapper,,,,0.8860763361832321,0.9224651418494577,0.35751592608712857,0.0,0.9694447747106336,0.031031768572061327,4.612325709247289,0.28991667121772957,0.48601274086970286,1.4260848487639972
