stage_name,stage_key,split,aggregation_level,node_kind,node_name,route_space,support_size,wrapper_name,source_type,temperature,top_k,entropy_norm,n_eff_norm,top1_monopoly_norm,jitter_adj_norm,knn_consistency_score,knn_consistency_js,n_eff,cv_usage,top1_max_frac,entropy_mean
macro,macro@1,best_valid,session,final,final.expert,expert,12,GroupConditionalProductWrapper,,,,0.7680772844353163,0.5331628962807655,0.6175070256349323,0.0,0.977027067788218,0.02324092231983701,6.397954755369186,0.9357346315462997,0.6493814401653546,1.908600351644427
macro,macro@1,best_valid,session,final,final.group,group,4,GroupConditionalProductWrapper,,,,0.7787095985097446,0.6879738857873896,0.7647750184909369,0.0,0.9901628683932736,0.009885835855808841,2.7518955431495584,0.6734563708305359,0.8235812638682026,1.079520725363993
macro,macro@1,best_valid,session,final,final.intra.Exposure,intra,3,GroupConditionalProductWrapper,,,,0.4678537742203453,0.5558257621807994,0.7886713881880909,0.0,0.9722688637264705,0.028122903998762237,1.6674772865423981,0.8939378591198367,0.8591142587920606,0.5139899056582267
macro,macro@1,best_valid,session,final,final.intra.Focus,intra,3,GroupConditionalProductWrapper,,,,0.9720687249923954,0.9703479436575013,0.8646767378947688,0.0,0.9991611724926561,0.0008391795200031397,2.911043830972504,0.17480884343955388,0.9097844919298459,1.0679266467065869
macro,macro@1,best_valid,session,final,final.intra.Memory,intra,3,GroupConditionalProductWrapper,,,,0.8579000150112702,0.9110071948930822,0.5890148636736678,0.0,0.9696552035194743,0.030814730964893858,2.7330215846792467,0.31254802272009985,0.7260099091157786,0.9424994989399373
macro,macro@1,best_valid,session,final,final.intra.Tempo,intra,3,GroupConditionalProductWrapper,,,,0.5880037841554024,0.6359703568924016,0.6988966229976594,0.0,0.9815286571037398,0.018644068438933927,1.9079110706772047,0.7565713677746873,0.799264415331773,0.6459881830564759
