best_mrr20,epoch,epoch_time_sec,eval,lr,patience_used,train_loss,trial,valid_mrr20
0.007,1,2.8760533332824707,1,0.0002836,0,81.21107196807861,1,0.007
0.0122,3,1.7554922103881836,1,0.0002836,1,74.54871940612793,1,0.0102
0.0397,10,1.9992759227752686,1,0.0002836,0,59.53228521347046,1,0.0397
0.083,38,2.0072824954986572,1,0.0002836,0,36.24858808517456,1,0.083
0.083,48,1.8013606071472168,1,0.0002836,10,31.754278659820557,1,0.0665
