stage_name,stage_key,split,aggregation_level,node_kind,node_name,route_space,support_size,wrapper_name,source_type,temperature,top_k,entropy_norm,n_eff_norm,top1_monopoly_norm,jitter_adj_norm,knn_consistency_score,knn_consistency_js,n_eff,cv_usage,top1_max_frac,entropy_mean
macro,macro@1,best_valid,session,final,final.expert,expert,12,ScalarGroupConditionalProductWrapper,,,,0.8109340382403916,0.5628597213415596,0.804409791264656,0.0,0.9733099305646425,0.027052716617415245,6.754316656098715,0.8812724791440393,0.8207089753259347,2.0150953841629855
macro,macro@1,best_valid,session,final,final.group,group,4,ScalarGroupConditionalProductWrapper,,,,0.8950131224822505,0.807984792339457,0.8949346933400376,0.0,0.9969160912608654,0.0030886737848561502,3.231939169357828,0.48749059438705444,0.9212010200050282,1.2407516448254499
macro,macro@1,best_valid,session,final,final.intra.Exposure,intra,3,ScalarGroupConditionalProductWrapper,,,,0.6419554772273219,0.6557627817961313,0.7921560176705095,0.0,0.9740005658064493,0.026343394429658475,1.967288345388394,0.7245284699044088,0.8614373451136731,0.7052601760597368
macro,macro@1,best_valid,session,final,final.intra.Focus,intra,3,ScalarGroupConditionalProductWrapper,,,,0.7324965501797107,0.9907807259871936,0.29355672880077577,0.0,0.9754816112799418,0.024823969655392613,2.972342177961581,0.09646317447831707,0.5290378192005172,0.804729711434427
macro,macro@1,best_valid,session,final,final.intra.Memory,intra,3,ScalarGroupConditionalProductWrapper,,,,0.8154742961995975,0.8963284025487946,0.6978773839025966,0.0,0.9695284572893328,0.030945452188348457,2.688985207646384,0.3400917994948685,0.7985849226017311,0.8958900828978559
macro,macro@1,best_valid,session,final,final.intra.Tempo,intra,3,ScalarGroupConditionalProductWrapper,,,,0.7894233121026766,0.892612306388568,0.4546923822863915,0.0,0.9813782549823656,0.018797312712253725,2.677836919165704,0.34685317883333033,0.6364615881909277,0.8672701516370811
