{
  "split": "best_valid",
  "feature_mode": "runtime:unknown|ablation:none",
  "stages": [
    {
      "stage": "macro@1",
      "n_eff": 15.09585818515965,
      "cv_usage": 0.24473100900650024,
      "top1_max_frac": 0.4508986473967019,
      "entropy_mean": 2.6631294548765516,
      "route_jitter_adjacent": 0.0,
      "route_consistency_knn_js": 0.008282820252021088,
      "route_consistency_knn_score": 0.9917513877921281,
      "route_consistency_group_knn_js": 0.0044830250364744475,
      "route_consistency_group_knn_score": 0.9955270087208029,
      "route_consistency_intra_group_knn_mean_js": 0.004080670211105115,
      "route_consistency_intra_group_knn_mean_score": 0.995935744783339,
      "route_consistency_feature_group_knn_mean_score": 0.9780885282757432,
      "family_top_expert_mean_share": 0.10092129558324814,
      "route_consistency_feature_group_knn_tempo_js": 0.02427023334813954,
      "route_consistency_feature_group_knn_tempo_score": 0.9760219204457604,
      "route_consistency_feature_group_knn_focus_js": 0.023014366741965272,
      "route_consistency_feature_group_knn_focus_score": 0.977248443796195,
      "route_consistency_feature_group_knn_memory_js": 0.025395685979194716,
      "route_consistency_feature_group_knn_memory_score": 0.9749240719115698,
      "route_consistency_feature_group_knn_exposure_js": 0.015967121772165624,
      "route_consistency_feature_group_knn_exposure_score": 0.9841596769494477
    }
  ]
}
