{
  "split": "best_valid",
  "feature_mode": "runtime:unknown|ablation:none",
  "stages": [
    {
      "stage": "macro@1",
      "n_eff": 11.945065297146762,
      "cv_usage": 0.06781533392163121,
      "top1_max_frac": 0.19245994344957587,
      "entropy_mean": 2.4466595242302858,
      "route_jitter_adjacent": 0.5551723543308444,
      "route_consistency_knn_js": 0.013219878972239455,
      "route_consistency_knn_score": 0.9868671198345778,
      "route_consistency_group_knn_js": 0.003741797051489839,
      "route_consistency_group_knn_score": 0.9962651947477477,
      "route_consistency_intra_group_knn_mean_js": 0.009399898145886331,
      "route_consistency_intra_group_knn_mean_score": 0.9906450861582246,
      "route_consistency_feature_group_knn_mean_score": 0.9872727969312607,
      "family_top_expert_mean_share": 0.09153144806623459,
      "route_consistency_feature_group_knn_tempo_js": 0.012822638272001976,
      "route_consistency_feature_group_knn_tempo_score": 0.9872592214945151,
      "route_consistency_feature_group_knn_focus_js": 0.012909253673963497,
      "route_consistency_feature_group_knn_focus_score": 0.98717371334342,
      "route_consistency_feature_group_knn_memory_js": 0.012765550719445682,
      "route_consistency_feature_group_knn_memory_score": 0.9873155833159727,
      "route_consistency_feature_group_knn_exposure_js": 0.01273811685323185,
      "route_consistency_feature_group_knn_exposure_score": 0.9873426695711349
    }
  ]
}
