best_mrr20,epoch,epoch_time_sec,eval,lr,patience_used,train_loss,trial,valid_mrr20
0.0143,1,17.216463327407837,1,0.0005476,0,663.7635889053345,1,0.0143
0.0166,3,16.33064842224121,1,0.0005476,0,570.4431638717651,1,0.0166
0.0178,8,17.589531183242798,1,0.0005476,0,518.205331325531,1,0.0178
0.0178,10,16.31381845474243,1,0.0005476,2,506.27087593078613,1,0.0165
0.0178,18,17.33811044692993,1,0.0005476,10,468.727746963501,1,0.0168
