{
  "model": "TiSASRec",
  "dataset": "movielens1m",
  "dataset_raw": "movielens1m",
  "max_evals": 6,
  "tune_epochs": 44,
  "n_completed": 6,
  "n_recorded_trials": 6,
  "timestamp": "2026-04-08T02:10:37.639481",
  "trials": [
    {
      "trial": 1,
      "params": {
        "learning_rate": 0.0005286414512427164
      },
      "mrr@20": 0.0799,
      "valid_result": {
        "hit@5": 0.1214,
        "hit@10": 0.1842,
        "hit@20": 0.2705,
        "ndcg@5": 0.0793,
        "ndcg@10": 0.0997,
        "ndcg@20": 0.1214,
        "mrr@5": 0.0655,
        "mrr@10": 0.074,
        "mrr@20": 0.0799
      },
      "test_result": {
        "hit@5": 0.1255,
        "hit@10": 0.2003,
        "hit@20": 0.2875,
        "ndcg@5": 0.079,
        "ndcg@10": 0.103,
        "ndcg@20": 0.1248,
        "mrr@5": 0.0639,
        "mrr@10": 0.0737,
        "mrr@20": 0.0796
      },
      "best_hr@10": 0.1842,
      "test_mrr@20": 0.0796,
      "test_hr@10": 0.2003,
      "epochs_run": 25,
      "early_stop_epoch": 25,
      "early_stopped": true,
      "elapsed": 745.2,
      "status": "ok"
    },
    {
      "trial": 2,
      "params": {
        "learning_rate": 0.0006546122891893856
      },
      "mrr@20": 0.0801,
      "valid_result": {
        "hit@5": 0.1233,
        "hit@10": 0.1861,
        "hit@20": 0.2719,
        "ndcg@5": 0.08,
        "ndcg@10": 0.1002,
        "ndcg@20": 0.1219,
        "mrr@5": 0.0659,
        "mrr@10": 0.0741,
        "mrr@20": 0.0801
      },
      "test_result": {
        "hit@5": 0.1283,
        "hit@10": 0.1994,
        "hit@20": 0.2861,
        "ndcg@5": 0.0825,
        "ndcg@10": 0.1053,
        "ndcg@20": 0.1271,
        "mrr@5": 0.0675,
        "mrr@10": 0.0769,
        "mrr@20": 0.0827
      },
      "best_hr@10": 0.1861,
      "test_mrr@20": 0.0827,
      "test_hr@10": 0.1994,
      "epochs_run": 25,
      "early_stop_epoch": 25,
      "early_stopped": true,
      "elapsed": 744.1,
      "status": "ok"
    },
    {
      "trial": 3,
      "params": {
        "learning_rate": 0.0007490270520603641
      },
      "mrr@20": 0.0826,
      "valid_result": {
        "hit@5": 0.127,
        "hit@10": 0.1911,
        "hit@20": 0.2802,
        "ndcg@5": 0.0827,
        "ndcg@10": 0.1032,
        "ndcg@20": 0.1256,
        "mrr@5": 0.0681,
        "mrr@10": 0.0764,
        "mrr@20": 0.0826
      },
      "test_result": {
        "hit@5": 0.126,
        "hit@10": 0.1984,
        "hit@20": 0.2893,
        "ndcg@5": 0.083,
        "ndcg@10": 0.1064,
        "ndcg@20": 0.1292,
        "mrr@5": 0.069,
        "mrr@10": 0.0786,
        "mrr@20": 0.0848
      },
      "best_hr@10": 0.1911,
      "test_mrr@20": 0.0848,
      "test_hr@10": 0.1984,
      "epochs_run": 42,
      "early_stop_epoch": 42,
      "early_stopped": true,
      "elapsed": 1245.8,
      "status": "ok"
    },
    {
      "trial": 4,
      "params": {
        "learning_rate": 0.0007479131648407639
      },
      "mrr@20": 0.0816,
      "valid_result": {
        "hit@5": 0.1205,
        "hit@10": 0.1879,
        "hit@20": 0.2715,
        "ndcg@5": 0.0803,
        "ndcg@10": 0.1019,
        "ndcg@20": 0.1228,
        "mrr@5": 0.0672,
        "mrr@10": 0.0759,
        "mrr@20": 0.0816
      },
      "test_result": {
        "hit@5": 0.1131,
        "hit@10": 0.1915,
        "hit@20": 0.2838,
        "ndcg@5": 0.073,
        "ndcg@10": 0.0982,
        "ndcg@20": 0.1215,
        "mrr@5": 0.0598,
        "mrr@10": 0.0702,
        "mrr@20": 0.0766
      },
      "best_hr@10": 0.1879,
      "test_mrr@20": 0.0766,
      "test_hr@10": 0.1915,
      "epochs_run": 24,
      "early_stop_epoch": 24,
      "early_stopped": true,
      "elapsed": 710.7,
      "status": "ok"
    },
    {
      "trial": 5,
      "params": {
        "learning_rate": 0.0008949203610979094
      },
      "mrr@20": 0.0799,
      "valid_result": {
        "hit@5": 0.1242,
        "hit@10": 0.1888,
        "hit@20": 0.2775,
        "ndcg@5": 0.0798,
        "ndcg@10": 0.1006,
        "ndcg@20": 0.1228,
        "mrr@5": 0.0654,
        "mrr@10": 0.0738,
        "mrr@20": 0.0799
      },
      "test_result": {
        "hit@5": 0.1163,
        "hit@10": 0.1874,
        "hit@20": 0.2884,
        "ndcg@5": 0.0724,
        "ndcg@10": 0.0951,
        "ndcg@20": 0.1204,
        "mrr@5": 0.0581,
        "mrr@10": 0.0673,
        "mrr@20": 0.0741
      },
      "best_hr@10": 0.1888,
      "test_mrr@20": 0.0741,
      "test_hr@10": 0.1874,
      "epochs_run": 24,
      "early_stop_epoch": 24,
      "early_stopped": true,
      "elapsed": 714.6,
      "status": "ok"
    },
    {
      "trial": 6,
      "params": {
        "learning_rate": 0.0009108003662325302
      },
      "mrr@20": 0.0838,
      "valid_result": {
        "hit@5": 0.1256,
        "hit@10": 0.1898,
        "hit@20": 0.2849,
        "ndcg@5": 0.0831,
        "ndcg@10": 0.1035,
        "ndcg@20": 0.1272,
        "mrr@5": 0.0693,
        "mrr@10": 0.0774,
        "mrr@20": 0.0838
      },
      "test_result": {
        "hit@5": 0.1177,
        "hit@10": 0.1892,
        "hit@20": 0.2889,
        "ndcg@5": 0.0752,
        "ndcg@10": 0.0983,
        "ndcg@20": 0.1231,
        "mrr@5": 0.0615,
        "mrr@10": 0.0709,
        "mrr@20": 0.0775
      },
      "best_hr@10": 0.1898,
      "test_mrr@20": 0.0775,
      "test_hr@10": 0.1892,
      "epochs_run": 37,
      "early_stop_epoch": 37,
      "early_stopped": true,
      "elapsed": 1102.0,
      "status": "ok"
    }
  ],
  "run_group": "baseline",
  "run_axis": "stageg_cross6x9_anchor2_core5",
  "run_phase": "P22_SG_D04_M03_C02_TISASREC_XFER_FOURSQUARE_FAD_H3_R1_C2_S2",
  "parent_result": "",
  "interrupted": false,
  "interrupted_at": null,
  "tuned_search": {
    "learning_rate": [
      0.0004618856195099357,
      0.001045904438662972
    ]
  },
  "fixed_search": {
    "n_layers": 2,
    "n_heads": 4,
    "time_span": 384,
    "weight_decay": 0.0002,
    "hidden_dropout_prob": 0.15,
    "MAX_ITEM_LIST_LENGTH": 30,
    "num_layers": 2,
    "num_heads": 4,
    "dropout_ratio": 0.15,
    "dropout_prob": 0.15,
    "attn_dropout_prob": 0.15,
    "hidden_size": 160,
    "embedding_size": 160,
    "inner_size": 320,
    "num_experts": 8,
    "state_size": 32,
    "conv_kernel": 8,
    "remaining_ratio": 0.7
  },
  "context_fixed": {
    "num_layers": 2,
    "search_space_type_overrides": {
      "learning_rate": "loguniform",
      "weight_decay": "choice",
      "n_layers": "choice",
      "num_layers": "choice",
      "n_heads": "choice",
      "num_heads": "choice",
      "dropout_ratio": "choice",
      "dropout_prob": "choice",
      "hidden_dropout_prob": "choice",
      "attn_dropout_prob": "choice",
      "hidden_size": "choice",
      "embedding_size": "choice",
      "inner_size": "choice",
      "time_span": "choice",
      "num_experts": "choice",
      "state_size": "choice",
      "conv_kernel": "choice",
      "remaining_ratio": "choice",
      "MAX_ITEM_LIST_LENGTH": "choice"
    }
  },
  "best_params": {
    "learning_rate": 0.0009108003662325302
  },
  "best_mrr@20": 0.0838,
  "best_hr@10": 0.1898,
  "test_mrr@20": 0.0775,
  "test_hr@10": 0.1892,
  "best_valid_result": {
    "hit@5": 0.1256,
    "hit@10": 0.1898,
    "hit@20": 0.2849,
    "ndcg@5": 0.0831,
    "ndcg@10": 0.1035,
    "ndcg@20": 0.1272,
    "mrr@5": 0.0693,
    "mrr@10": 0.0774,
    "mrr@20": 0.0838
  },
  "test_result": {
    "hit@5": 0.1177,
    "hit@10": 0.1892,
    "hit@20": 0.2889,
    "ndcg@5": 0.0752,
    "ndcg@10": 0.0983,
    "ndcg@20": 0.1231,
    "mrr@5": 0.0615,
    "mrr@10": 0.0709,
    "mrr@20": 0.0775
  },
  "best_valid_special_metrics": {
    "split": "best_valid",
    "overall": {
      "count": 2166,
      "hit@20": 0.2848568790397045,
      "ndcg@20": 0.12722980703673534,
      "mrr@20": 0.08381229439029678
    },
    "slices": {
      "target_popularity_abs": {
        "rare_1_5": {
          "count": 1940,
          "hit@20": 0.26804123711340205,
          "ndcg@20": 0.11404372729437867,