cv_usage,entropy_mean,family_top_expert_mean_share,n_eff,route_consistency_feature_group_knn_exposure_js,route_consistency_feature_group_knn_exposure_score,route_consistency_feature_group_knn_focus_js,route_consistency_feature_group_knn_focus_score,route_consistency_feature_group_knn_mean_score,route_consistency_feature_group_knn_memory_js,route_consistency_feature_group_knn_memory_score,route_consistency_feature_group_knn_tempo_js,route_consistency_feature_group_knn_tempo_score,route_consistency_group_knn_js,route_consistency_group_knn_score,route_consistency_intra_group_knn_mean_js,route_consistency_intra_group_knn_mean_score,route_consistency_knn_js,route_consistency_knn_score,route_jitter_adjacent,stage,top1_max_frac
0.2117383789498097,0.6795185280124847,0.11055020242929459,2.871272075069355,0.0,0.0,0.0,0.0,0.9576828621339409,0.0,0.0,0.04323859743148766,0.9576828621339409,2.0983153136732196e-10,0.9999999997901685,0.03563127547375204,0.9649960456015724,0.035631276781464306,0.9649960443396352,0.0,macro@1,0.5460582101139457
0.3124294634929459,0.6778379987714417,0.11835984140634537,2.7332056919737857,0.0,0.0,0.0,0.0,0.978339008193687,0.0,0.0,0.02189903486618091,0.978339008193687,-1.6758991787044323e-10,1.00000000016759,0.01646917373418217,0.9836657016637042,0.01646917408625855,0.9836657013173786,0.52488357026733,micro@1,0.49081028353323625
0.2053431211309695,0.7249109961426473,0.099582239985466,2.878620942645713,0.0,0.0,0.0,0.0,0.9681574006032829,0.0,0.0,0.03236060099513475,0.9681574006032829,2.897952711148549e-10,0.9999999997102047,0.026009086792771183,0.9743262360679256,0.026009086390398176,0.9743262364599682,0.0,mid@1,0.42181861300722423
