best_mrr20,epoch,epoch_time_sec,eval,lr,patience_used,train_loss,trial,valid_mrr20
0.2849,1,55.86628556251526,1,0.0007027447529322896,0,2165.771426677704,1,0.2849
0.3517,3,53.80279874801636,1,0.0007014717383189401,0,1141.1612272262573,1,0.3517
0.371,7,54.78092670440674,1,0.000695132274514405,0,766.0462684631348,1,0.371
0.371,10,56.082706689834595,1,0.0006871111550250616,3,658.5283229351044,1,0.3612
0.371,17,51.69723081588745,1,0.0006579831878934332,10,444.13935136795044,1,0.3347
