best_mrr20,epoch,epoch_time_sec,eval,lr,patience_used,train_loss,trial,valid_mrr20
0.0017,1,3.0766735076904297,1,0.0002836,0,81.21454811096191,1,0.0017
0.0061,3,2.2859928607940674,1,0.0002836,0,76.5003113746643,1,0.0061
0.0288,10,2.11921763420105,1,0.0002836,0,64.00935506820679,1,0.0288
0.0901,65,2.1199898719787598,1,0.0002836,0,23.24952244758606,1,0.0901
0.0901,75,1.8897535800933838,1,0.0002836,10,19.15485715866089,1,0.0837
