stage_name,stage_key,split,aggregation_level,node_kind,node_name,route_space,support_size,wrapper_name,source_type,temperature,top_k,entropy_norm,n_eff_norm,top1_monopoly_norm,jitter_adj_norm,knn_consistency_score,knn_consistency_js,n_eff,cv_usage,top1_max_frac,entropy_mean
macro,macro@1,best_valid,session,final,final.expert,expert,8,ScalarGroupConditionalProductWrapper,,,,0.9911087138491249,0.9992091953935364,0.7480449553437888,0.0,0.999649977455054,0.00035008381713520396,7.993673563148291,0.028130073100328445,0.7795393359258151,2.0609526318987434
macro,macro@1,best_valid,session,final,final.group,group,4,ScalarGroupConditionalProductWrapper,,,,0.9876112337790729,0.9999060719031502,0.7060524479010869,0.0,0.9996851213380478,0.00031492824664716706,3.9996242876126007,0.009696118180222403,0.7795393359258151,1.3691198843665868
macro,macro@1,best_valid,session,final,final.intra.Exposure,intra,2,ScalarGroupConditionalProductWrapper,,,,0.9971500552442031,0.998997740151749,0.5710439724798086,0.0,0.9999576042907617,4.239660796176113e-05,1.997995480303498,0.03167402744293213,0.7855219862399043,0.6911717493877131
macro,macro@1,best_valid,session,final,final.intra.Focus,intra,2,ScalarGroupConditionalProductWrapper,,,,0.9978897919814506,0.9994662274481096,0.9623093030212384,0.0,0.9999367144776224,6.328752499067802e-05,1.9989324548962193,0.023111850023269653,0.9811546515106192,0.6916844958214927
macro,macro@1,best_valid,session,final,final.intra.Memory,intra,2,ScalarGroupConditionalProductWrapper,,,,0.9988924034031347,0.9996702566623468,1.0,0.0,0.9999935129270683,6.487093972817563e-06,1.9993405133246935,0.018162012100219727,1.0,0.6923794531016303
macro,macro@1,best_valid,session,final,final.intra.Tempo,intra,2,ScalarGroupConditionalProductWrapper,,,,0.9989592020203423,0.9999978542373924,0.7313790008973975,0.0,0.999965355489481,3.4645110653918324e-05,1.9999957084747848,0.0014162957668304443,0.8656895004486987,0.692425754374813
