stage_name,stage_key,split,aggregation_level,node_kind,node_name,route_space,support_size,wrapper_name,source_type,temperature,top_k,entropy_norm,n_eff_norm,top1_monopoly_norm,jitter_adj_norm,knn_consistency_score,knn_consistency_js,n_eff,cv_usage,top1_max_frac,entropy_mean
micro,micro@1,best_valid,token,final,final.expert,expert,16,FlatJointWrapper,,,,0.9414050751547354,0.9954748811521419,0.029044341841623834,0.7097225757190124,0.958505738496902,0.042379729558801954,15.92759809843427,0.06742224842309952,0.08972907047652234,2.610129094433313
micro,micro@1,best_valid,token,final,final.group,group,4,FlatJointWrapper,,,,0.9741814619347894,0.9991721812892008,0.09260388535586721,0.0,0.9916904703403134,0.008344246254083169,3.9966887251568033,0.02878361940383911,0.3194529140169004,1.3505022673877298
micro,micro@1,best_valid,token,final,final.intra.Exposure,intra,4,FlatJointWrapper,,,,0.9123406422916445,0.9967266532694198,0.08830618230391729,0.0,0.9659378319348539,0.034655803015665995,3.986906613077679,0.05730710178613663,0.31622963672793797,1.2647726878294059
micro,micro@1,best_valid,token,final,final.intra.Focus,intra,4,FlatJointWrapper,,,,0.92031351575065,0.9943746277885042,0.07692307692307694,0.0,0.9716508286830057,0.02875876881015528,3.9774985111540166,0.07521402835845947,0.3076923076923077,1.2758254373475477
micro,micro@1,best_valid,token,final,final.intra.Memory,intra,4,FlatJointWrapper,,,,0.917083697928197,0.9994233597444102,0.054505328571013756,0.0,0.966192157635399,0.03439254360414941,3.997693438977641,0.02401719242334366,0.2908789964282603,1.2713479591128365
micro,micro@1,best_valid,token,final,final.intra.Tempo,intra,4,FlatJointWrapper,,,,0.9141393324119379,0.9966127364957059,0.13697476551383683,0.0,0.9665939104493249,0.03397681956066015,3.9864509459828237,0.05829796245122403,0.35273107413537763,1.2672662018005707
