best_mrr20,epoch,epoch_time_sec,eval,lr,patience_used,train_loss,trial,valid_mrr20
0.085,1,30.093944787979126,1,0.0004983,0,1580.2389850616455,1,0.085
0.1909,3,29.96701407432556,1,0.0004983,0,1028.3363919258118,1,0.1909
0.3046,10,30.244896411895752,1,0.0004983,0,424.56662797927856,1,0.3046
0.3095,13,29.305050373077393,1,0.0004983,0,304.324147105217,1,0.3095
0.3095,23,29.40479302406311,1,0.0004983,10,106.51728045940399,1,0.301
