stage_name,stage_key,split,aggregation_level,node_kind,node_name,route_space,support_size,wrapper_name,source_type,temperature,top_k,entropy_norm,n_eff_norm,top1_monopoly_norm,jitter_adj_norm,knn_consistency_score,knn_consistency_js,n_eff,cv_usage,top1_max_frac,entropy_mean
macro,macro@1,best_valid,session,final,final.expert,expert,12,ScalarGroupConditionalProductWrapper,,,,0.8627683731415717,0.6797712494052535,0.8034694537226592,0.0,0.9796220024484877,0.02058849351070172,8.157254992863042,0.6863548700107672,0.819846999245771,2.1438988676462665
macro,macro@1,best_valid,session,final,final.group,group,4,ScalarGroupConditionalProductWrapper,,,,0.9649917888614331,0.9625941984149788,0.6446743047324882,0.0,0.996507742728144,0.003498369436599282,3.8503767936599154,0.19712761044502258,0.7335057285493661,1.3377626754256007
macro,macro@1,best_valid,session,final,final.intra.Exposure,intra,3,ScalarGroupConditionalProductWrapper,,,,0.5581644256197174,0.5661673072539316,0.8807240599073376,0.0,0.9822016642502519,0.017958630967664868,1.6985019217617947,0.8753640092800853,0.9204827066048917,0.6132062970831986
macro,macro@1,best_valid,session,final,final.intra.Focus,intra,3,ScalarGroupConditionalProductWrapper,,,,0.828653454317541,0.9717188678650794,0.36202995366878565,0.0,0.9869857880475298,0.013099638793631328,2.9151566035952383,0.17059950767160928,0.5746866357791904,0.9103688679605286
macro,macro@1,best_valid,session,final,final.intra.Memory,intra,3,ScalarGroupConditionalProductWrapper,,,,0.7944711383278087,0.8198577276594455,0.7505656718026075,0.0,0.9748566916324989,0.0254648017283677,2.4595731829783367,0.46874708030381557,0.833710447868405,0.8728157555590723
macro,macro@1,best_valid,session,final,final.intra.Tempo,intra,3,ScalarGroupConditionalProductWrapper,,,,0.8015392188253954,0.8099415924587815,0.3388643465143842,0.0,0.9912468598951262,0.008791673861424832,2.4298247773763446,0.48441395209986116,0.5592428976762561,0.8805808356510164
