best_mrr20,epoch,epoch_time_sec,eval,lr,patience_used,train_loss,trial,valid_mrr20
0.0121,1,17.73660373687744,1,0.0005476,0,686.1954984664917,1,0.0121
0.0163,3,16.550583839416504,1,0.0005476,0,584.1927256584167,1,0.0163
0.0185,9,16.97257375717163,1,0.0005476,0,499.3714017868042,1,0.0185
0.0185,10,16.30067729949951,1,0.0005476,1,489.59897804260254,1,0.0179
0.0185,19,16.597686290740967,1,0.0005476,10,415.5288224220276,1,0.0162
