{
  "split": "best_valid",
  "feature_mode": "none",
  "stages": [
    {
      "stage": "macro@1",
      "n_eff": 7.40781431117696,
      "cv_usage": 0.2827378381930493,
      "top1_max_frac": 0.8065904821540388,
      "entropy_mean": 2.012893132142298,
      "route_jitter_adjacent": 0.0,
      "route_consistency_knn_js": 0.00292429662356115,
      "route_consistency_knn_score": 0.9970799749669964,
      "route_consistency_group_knn_js": 0.0007246104934779861,
      "route_consistency_group_knn_score": 0.9992756519733064,
      "route_consistency_intra_group_knn_mean_js": 0.0020980381173186704,
      "route_consistency_intra_group_knn_mean_score": 0.99790614258252,
      "route_consistency_feature_group_knn_mean_score": 0.9911116766729666,
      "family_top_expert_mean_share": 0.20491960644721985,
      "route_consistency_feature_group_knn_tempo_js": 0.005750520223481649,
      "route_consistency_feature_group_knn_tempo_score": 0.9942659823699533,
      "route_consistency_feature_group_knn_focus_js": 0.010968475175170732,
      "route_consistency_feature_group_knn_focus_score": 0.9890914592188791,
      "route_consistency_feature_group_knn_memory_js": 0.011095907725241222,
      "route_consistency_feature_group_knn_memory_score": 0.988965424802592,
      "route_consistency_feature_group_knn_exposure_js": 0.007907340476462792,
      "route_consistency_feature_group_knn_exposure_score": 0.9921238403004422
    }
  ]
}
