{
  "valid": {
    "count": 21584,
    "hit@5": 0.4405578206078577,
    "hit@10": 0.5138065233506302,
    "hit@20": 0.5821905114899926,
    "ndcg@5": 0.3490376664854426,
    "ndcg@10": 0.37278052484181695,
    "ndcg@20": 0.3901317043194038,
    "mrr@5": 0.3186179582945025,
    "mrr@10": 0.328450289496902,
    "mrr@20": 0.33324373072842406
  },
  "test": {
    "count": 20980,
    "hit@5": 0.40867492850333653,
    "hit@10": 0.47397521448999047,
    "hit@20": 0.5357959961868446,
    "ndcg@5": 0.32643811341492307,
    "ndcg@10": 0.3475924259713994,
    "ndcg@20": 0.3632588239512748,
    "mrr@5": 0.2990459172490157,
    "mrr@10": 0.307799530118434,
    "mrr@20": 0.31211901120983554
  },
  "slice_metrics": {
    "valid": {
      "target_popularity_abs": {
        "cold_0": {
          "count": 2295,
          "hit@5": 0.022657952069716776,
          "hit@10": 0.037037037037037035,
          "hit@20": 0.04749455337690632,
          "ndcg@5": 0.00996599512941697,
          "ndcg@10": 0.01469173062600861,
          "ndcg@20": 0.01732645817831451,
          "mrr@5": 0.005940450348106085,
          "mrr@10": 0.007937199711669764,
          "mrr@20": 0.008657242888523863
        },
        "rare_1_5": {
          "count": 5000,
          "hit@5": 0.448,
          "hit@10": 0.4952,
          "hit@20": 0.5406,
          "ndcg@5": 0.367502474796772,
          "ndcg@10": 0.3828101554572582,
          "ndcg@20": 0.3942855661213398,
          "mrr@5": 0.34061666712760924,
          "mrr@10": 0.34696142918616535,
          "mrr@20": 0.3501095425918698
        },
        "6_20": {
          "count": 6501,
          "hit@5": 0.4610059990770651,
          "hit@10": 0.543608675588371,
          "hit@20": 0.6265189970773727,
          "ndcg@5": 0.37288315086030277,
          "ndcg@10": 0.3996536694862461,
          "ndcg@20": 0.42065857890852965,
          "mrr@5": 0.34359842128083257,
          "mrr@10": 0.35468139289237227,
          "mrr@20": 0.36046564613793136
        },
        "21_100": {
          "count": 6377,
          "hit@5": 0.5262662694056767,
          "hit@10": 0.6296063979927866,
          "hit@20": 0.7163242904186922,
          "ndcg@5": 0.40433791356436677,
          "ndcg@10": 0.43788299869739544,
          "ndcg@20": 0.4599274644026174,
          "mrr@5": 0.3639067489445275,
          "mrr@10": 0.37782668973680983,
          "mrr@20": 0.38393968516417165
        },
        "101+": {
          "count": 1411,
          "hit@5": 0.6123316796598157,
          "hit@10": 0.6945428773919207,
          "hit@20": 0.7888022678951099,
          "ndcg@5": 0.4753142608597632,
          "ndcg@10": 0.5016287463426083,
          "ndcg@20": 0.5256922692588506,
          "mrr@5": 0.4294590133774965,
          "mrr@10": 0.44015839375412946,
          "mrr@20": 0.44687885245866676
        }
      },
      "target_popularity_abs_legacy": {
        "<=5": {
          "count": 7295,
          "hit@5": 0.3141877998629198,
          "hit@10": 0.35106237148732006,
          "hit@20": 0.38546949965729954,
          "ndcg@5": 0.2550218413716068,
          "ndcg@10": 0.26700045223755736,
          "ndcg@20": 0.27569459247785205,
          "mrr@5": 0.23532785047113772,
          "mrr@10": 0.2403047319080341,
          "mrr@20": 0.24268897674962459
        },
        "6-20": {
          "count": 6501,
          "hit@5": 0.4610059990770651,
          "hit@10": 0.543608675588371,
          "hit@20": 0.6265189970773727,
          "ndcg@5": 0.37288315086030277,
          "ndcg@10": 0.3996536694862461,
          "ndcg@20": 0.42065857890852965,
          "mrr@5": 0.34359842128083257,
          "mrr@10": 0.35468139289237227,
          "mrr@20": 0.36046564613793136
        },
        "21-100": {
          "count": 6377,
          "hit@5": 0.5262662694056767,
          "hit@10": 0.6296063979927866,
          "hit@20": 0.7163242904186922,
          "ndcg@5": 0.40433791356436677,
          "ndcg@10": 0.43788299869739544,
          "ndcg@20": 0.4599274644026174,
          "mrr@5": 0.3639067489445275,
          "mrr@10": 0.37782668973680983,
          "mrr@20": 0.38393968516417165
        },
        ">100": {
          "count": 1411,
          "hit@5": 0.6123316796598157,
          "hit@10": 0.6945428773919207,
          "hit@20": 0.7888022678951099,
          "ndcg@5": 0.4753142608597632,
          "ndcg@10": 0.5016287463426083,
          "ndcg@20": 0.5256922692588506,
          "mrr@5": 0.4294590133774965,
          "mrr@10": 0.44015839375412946,
          "mrr@20": 0.44687885245866676
        }
      },
      "session_len": {
        "<=7": {
          "count": 19650,
          "hit@5": 0.4543002544529262,
          "hit@10": 0.5273282442748092,
          "hit@20": 0.59470737913486,
          "ndcg@5": 0.3613585874825034,
          "ndcg@10": 0.3850407354871129,
          "ndcg@20": 0.4021492055088812,
          "mrr@5": 0.33046140852851114,
          "mrr@10": 0.3402744666344792,
          "mrr@20": 0.34500732495186437
        },
        "8-12": {
          "count": 1250,
          "hit@5": 0.3344,
          "hit@10": 0.4184,
          "hit@20": 0.5008,
          "ndcg@5": 0.2492953737258911,
          "ndcg@10": 0.27645848968029024,
          "ndcg@20": 0.2972140624284744,
          "mrr@5": 0.2210800005197525,
          "mrr@10": 0.23229682617783545,
          "mrr@20": 0.2379480990678072
        },
        "13+": {
          "count": 684,
          "hit@5": 0.23976608187134502,
          "hit@10": 0.2997076023391813,
          "hit@20": 0.3713450292397661,
          "ndcg@5": 0.17735896525327224,
          "ndcg@10": 0.19659544409889923,
          "ndcg@20": 0.21469771892529482,
          "mrr@5": 0.15662768069240782,
          "mrr@10": 0.16448354738497595,
          "mrr@20": 0.16944974401083432
        }
      },
      "session_len_legacy": {
        "1-2": {
          "count": 10703,
          "hit@5": 0.4761281883584042,
          "hit@10": 0.5391011865832009,
          "hit@20": 0.5963748481734094,
          "ndcg@5": 0.3889819803493419,
          "ndcg@10": 0.4093579721458602,
          "ndcg@20": 0.4238803543301483,
          "mrr@5": 0.35994581010261895,
          "mrr@10": 0.3683607851839128,
          "mrr@20": 0.3723676948475997
        },
        "3-5": {
          "count": 7537,
          "hit@5": 0.4408916014329309,
          "hit@10": 0.525938702401486,
          "hit@20": 0.6054132944142232,
          "ndcg@5": 0.34012064247971524,
          "ndcg@10": 0.3676929197601477,
          "ndcg@20": 0.38789679115981407,
          "mrr@5": 0.30667374346242654,
          "mrr@10": 0.3180953863713111,
          "mrr@20": 0.3236975690793047
        },
        "6-10": {
          "count": 2339,
          "hit@5": 0.35741769987174005,
          "hit@10": 0.4446344591705857,
          "hit@20": 0.5254382214621633,
          "ndcg@5": 0.26559731189691904,
          "ndcg@10": 0.2940380334752194,
          "ndcg@20": 0.3144952479324671,
          "mrr@5": 0.23521447971673437,
          "mrr@10": 0.247098543871132,
          "mrr@20": 0.25272368798338996
        },
        "11+": {
          "count": 1005,
          "hit@5": 0.2527363184079602,
          "hit@10": 0.3144278606965174,
          "hit@20": 0.3890547263681592,
          "ndcg@5": 0.18470991327987973,
          "ndcg@10": 0.20465669231628303,
          "ndcg@20": 0.2235112176605718,
          "mrr@5": 0.16217247140941335,
          "mrr@10": 0.17040511789310037,
          "mrr@20": 0.175574091288136
        }
      }
    },
    "test": {
      "target_popularity_abs": {
        "cold_0": {
          "count": 3308,
          "hit@5": 0.015719467956469165,
          "hit@10": 0.023276904474002418,
          "hit@20": 0.03325272067714631,
          "ndcg@5": 0.007588394643894274,
          "ndcg@10": 0.010049699574817049,
          "ndcg@20": 0.012570685160851969,
          "mrr@5": 0.0049425635527382454,
          "mrr@10": 0.005969175352673288,
          "mrr@20": 0.006660817568263595
        },