{
  "model": "FAME",
  "dataset": "amazon_beauty",
  "dataset_raw": "amazon_beauty",
  "max_evals": 5,
  "tune_epochs": 28,
  "n_completed": 5,
  "n_recorded_trials": 5,
  "timestamp": "2026-04-09T06:11:52.339547",
  "trials": [
    {
      "trial": 1,
      "params": {
        "learning_rate": 0.006471819537262331
      },
      "mrr@20": 0.0088,
      "valid_result": {
        "hit@5": 0.0088,
        "hit@10": 0.0088,
        "hit@20": 0.0088,
        "ndcg@5": 0.0088,
        "ndcg@10": 0.0088,
        "ndcg@20": 0.0088,
        "mrr@5": 0.0088,
        "mrr@10": 0.0088,
        "mrr@20": 0.0088
      },
      "test_result": {
        "hit@5": 0.0088,
        "hit@10": 0.0088,
        "hit@20": 0.0088,
        "ndcg@5": 0.0038,
        "ndcg@10": 0.0038,
        "ndcg@20": 0.0038,
        "mrr@5": 0.0022,
        "mrr@10": 0.0022,
        "mrr@20": 0.0022
      },
      "best_hr@10": 0.0088,
      "test_mrr@20": 0.0022,
      "test_hr@10": 0.0088,
      "epochs_run": 7,
      "early_stop_epoch": 7,
      "early_stopped": true,
      "elapsed": 9.5,
      "status": "ok"
    },
    {
      "trial": 2,
      "params": {
        "learning_rate": 0.008279306760801455
      },
      "mrr@20": 0.0062,
      "valid_result": {
        "hit@5": 0.0177,
        "hit@10": 0.0177,
        "hit@20": 0.0177,
        "ndcg@5": 0.009,
        "ndcg@10": 0.009,
        "ndcg@20": 0.009,
        "mrr@5": 0.0062,
        "mrr@10": 0.0062,
        "mrr@20": 0.0062
      },
      "test_result": {
        "hit@5": 0.0,
        "hit@10": 0.0,
        "hit@20": 0.0175,
        "ndcg@5": 0.0,
        "ndcg@10": 0.0,
        "ndcg@20": 0.0043,
        "mrr@5": 0.0,
        "mrr@10": 0.0,
        "mrr@20": 0.0011
      },
      "best_hr@10": 0.0177,
      "test_mrr@20": 0.0011,
      "test_hr@10": 0.0,
      "epochs_run": 10,
      "early_stop_epoch": 10,
      "early_stopped": true,
      "elapsed": 12.6,
      "status": "ok"
    },
    {
      "trial": 3,
      "params": {
        "learning_rate": 0.00868231185083738
      },
      "mrr@20": 0.0044,
      "valid_result": {
        "hit@5": 0.0088,
        "hit@10": 0.0088,
        "hit@20": 0.0088,
        "ndcg@5": 0.0056,
        "ndcg@10": 0.0056,
        "ndcg@20": 0.0056,
        "mrr@5": 0.0044,
        "mrr@10": 0.0044,
        "mrr@20": 0.0044
      },
      "test_result": {
        "hit@5": 0.0,
        "hit@10": 0.0,
        "hit@20": 0.0088,
        "ndcg@5": 0.0,
        "ndcg@10": 0.0,
        "ndcg@20": 0.002,
        "mrr@5": 0.0,
        "mrr@10": 0.0,
        "mrr@20": 0.0004
      },
      "best_hr@10": 0.0088,
      "test_mrr@20": 0.0004,
      "test_hr@10": 0.0,
      "epochs_run": 6,
      "early_stop_epoch": 6,
      "early_stopped": true,
      "elapsed": 7.5,
      "status": "ok"
    },
    {
      "trial": 4,
      "params": {
        "learning_rate": 0.006785573580022412
      },
      "mrr@20": 0.0088,
      "valid_result": {
        "hit@5": 0.0088,
        "hit@10": 0.0088,
        "hit@20": 0.0088,
        "ndcg@5": 0.0088,
        "ndcg@10": 0.0088,
        "ndcg@20": 0.0088,
        "mrr@5": 0.0088,
        "mrr@10": 0.0088,
        "mrr@20": 0.0088
      },
      "test_result": {
        "hit@5": 0.0088,
        "hit@10": 0.0088,
        "hit@20": 0.0088,
        "ndcg@5": 0.0044,
        "ndcg@10": 0.0044,
        "ndcg@20": 0.0044,
        "mrr@5": 0.0029,
        "mrr@10": 0.0029,
        "mrr@20": 0.0029
      },
      "best_hr@10": 0.0088,
      "test_mrr@20": 0.0029,
      "test_hr@10": 0.0088,
      "epochs_run": 7,
      "early_stop_epoch": 7,
      "early_stopped": true,
      "elapsed": 9.1,
      "status": "ok"
    },
    {
      "trial": 5,
      "params": {
        "learning_rate": 0.0043553571550616925
      },
      "mrr@20": 0.0044,
      "valid_result": {
        "hit@5": 0.0088,
        "hit@10": 0.0088,
        "hit@20": 0.0088,
        "ndcg@5": 0.0056,
        "ndcg@10": 0.0056,
        "ndcg@20": 0.0056,
        "mrr@5": 0.0044,
        "mrr@10": 0.0044,
        "mrr@20": 0.0044
      },
      "test_result": {
        "hit@5": 0.0,
        "hit@10": 0.0,
        "hit@20": 0.0175,
        "ndcg@5": 0.0,
        "ndcg@10": 0.0,
        "ndcg@20": 0.0042,
        "mrr@5": 0.0,
        "mrr@10": 0.0,
        "mrr@20": 0.001
      },
      "best_hr@10": 0.0088,
      "test_mrr@20": 0.001,
      "test_hr@10": 0.0,
      "epochs_run": 7,
      "early_stop_epoch": 7,
      "early_stopped": true,
      "elapsed": 9.0,
      "status": "ok"
    }
  ],
  "run_group": "baseline",
  "run_axis": "stageh_targetedrecovery_anchor2_core5",
  "run_phase": "P23_SH_C08_MFAME_AB_FAME_STAGEH_REC1_LRHI_S1",
  "parent_result": "",
  "interrupted": false,
  "interrupted_at": null,
  "tuned_search": {
    "learning_rate": [
      0.0032775000000000005,
      0.00885
    ]
  },
  "fixed_search": {
    "num_heads": 8,
    "num_experts": 4,
    "num_layers": 3,
    "weight_decay": 0.00012,
    "hidden_dropout_prob": 0.12000000000000001,
    "MAX_ITEM_LIST_LENGTH": 10,
    "n_layers": 3,
    "n_heads": 8,
    "dropout_ratio": 0.12000000000000001,
    "dropout_prob": 0.12000000000000001,
    "attn_dropout_prob": 0.12000000000000001,
    "hidden_size": 88,
    "embedding_size": 88,
    "inner_size": 176,
    "time_span": 384,
    "state_size": 24,
    "conv_kernel": 6,
    "remaining_ratio": 0.6
  },
  "context_fixed": {
    "num_layers": 3,
    "search_space_type_overrides": {
      "learning_rate": "loguniform",
      "weight_decay": "choice",
      "n_layers": "choice",
      "num_layers": "choice",
      "n_heads": "choice",
      "num_heads": "choice",
      "dropout_ratio": "choice",
      "dropout_prob": "choice",
      "hidden_dropout_prob": "choice",
      "attn_dropout_prob": "choice",
      "hidden_size": "choice",
      "embedding_size": "choice",
      "inner_size": "choice",
      "time_span": "choice",
      "num_experts": "choice",
      "state_size": "choice",
      "conv_kernel": "choice",
      "remaining_ratio": "choice",
      "MAX_ITEM_LIST_LENGTH": "choice"
    }
  },
  "best_params": {
    "learning_rate": 0.006471819537262331
  },
  "best_mrr@20": 0.0088,
  "best_hr@10": 0.0088,
  "test_mrr@20": 0.0022,
  "test_hr@10": 0.0088,
  "best_valid_result": {
    "hit@5": 0.0088,
    "hit@10": 0.0088,
    "hit@20": 0.0088,
    "ndcg@5": 0.0088,
    "ndcg@10": 0.0088,
    "ndcg@20": 0.0088,
    "mrr@5": 0.0088,
    "mrr@10": 0.0088,
    "mrr@20": 0.0088
  },
  "test_result": {
    "hit@5": 0.0088,
    "hit@10": 0.0088,
    "hit@20": 0.0088,
    "ndcg@5": 0.0038,
    "ndcg@10": 0.0038,
    "ndcg@20": 0.0038,
    "mrr@5": 0.0022,
    "mrr@10": 0.0022,
    "mrr@20": 0.0022
  },
  "best_valid_special_metrics": {
    "split": "best_valid",
    "overall": {
      "count": 113,
      "hit@20": 0.008849557522123894,
      "ndcg@20": 0.008849557522123894,
      "mrr@20": 0.008849557522123894
    },
    "slices": {
      "target_popularity_abs": {
        "rare_1_5": {
          "count": 113,
          "hit@20": 0.008849557522123894,
          "ndcg@20": 0.008849557522123894,
          "mrr@20": 0.008849557522123894
        }
      },
      "target_popularity_abs_legacy": {
        "<=5": {
          "count": 113,
          "hit@20": 0.008849557522123894,
          "ndcg@20": 0.008849557522123894,
          "mrr@20": 0.008849557522123894
        }
      },
      "session_len": {
        "<=7": {
          "count": 73,
          "hit@20": 0.0,
          "ndcg@20": 0.0,
          "mrr@20": 0.0
        },
        "8-12": {
          "count": 40,
          "hit@20": 0.025,
          "ndcg@20": 0.025,
          "mrr@20": 0.025
        }
      },
      "session_len_legacy": {
        "3-5": {
          "count": 38,
          "hit@20": 0.0,
          "ndcg@20": 0.0,
          "mrr@20": 0.0
        },
        "6-10": {
          "count": 75,
          "hit@20": 0.013333333333333334,
          "ndcg@20": 0.013333333333333334,
          "mrr@20": 0.013333333333333334
        }
      }
    },