{
  "split": "best_valid",
  "feature_mode": "runtime:unknown|ablation:none",
  "stages": [
    {
      "stage": "macro@1",
      "n_eff": 15.756661005818394,
      "cv_usage": 0.12427277109298361,
      "top1_max_frac": 0.10662949734297412,
      "entropy_mean": 2.570741952696228,
      "route_jitter_adjacent": 0.7498091117332655,
      "route_consistency_knn_js": 0.046227603418265414,
      "route_consistency_knn_score": 0.9548246161108268,
      "route_consistency_group_knn_js": 0.008949625857526247,
      "route_consistency_group_knn_score": 0.9910903028395517,
      "route_consistency_intra_group_knn_mean_js": 0.037200114964714565,
      "route_consistency_intra_group_knn_mean_score": 0.9634942185270851,
      "route_consistency_feature_group_knn_mean_score": 0.9468045114009079,
      "family_top_expert_mean_share": 0.07615864276885986,
      "route_consistency_feature_group_knn_tempo_js": 0.05651633813874361,
      "route_consistency_feature_group_knn_tempo_score": 0.945051043993936,
      "route_consistency_feature_group_knn_focus_js": 0.056251131872615906,
      "route_consistency_feature_group_knn_focus_score": 0.9453017106903339,
      "route_consistency_feature_group_knn_memory_js": 0.054954092662593206,
      "route_consistency_feature_group_knn_memory_score": 0.9465285995638877,
      "route_consistency_feature_group_knn_exposure_js": 0.05093894522350093,
      "route_consistency_feature_group_knn_exposure_score": 0.9503366913554743
    }
  ]
}
