stage_name,stage_key,split,aggregation_level,node_kind,node_name,route_space,support_size,wrapper_name,source_type,temperature,top_k,entropy_norm,n_eff_norm,top1_monopoly_norm,jitter_adj_norm,knn_consistency_score,knn_consistency_js,n_eff,cv_usage,top1_max_frac,entropy_mean
macro,macro@1,best_valid,session,final,final.expert,expert,12,ScalarGroupConditionalProductWrapper,,,,0.9422184482281184,0.9922314253454232,0.7031812319043195,0.0,0.9974514033161879,0.0025518498849143997,11.906777104145078,0.08848259474544588,0.7279161292456262,2.341324887554982
macro,macro@1,best_valid,session,final,final.group,group,4,ScalarGroupConditionalProductWrapper,,,,0.9414003521210293,0.9964858245672972,0.6417781011490705,0.0,0.9984328019426931,0.0015684273967624131,3.9859432982691887,0.0593845434486866,0.7313335758618029,1.3050579997016625
macro,macro@1,best_valid,session,final,final.intra.Exposure,intra,3,ScalarGroupConditionalProductWrapper,,,,0.9375247869247882,0.9808710393354508,0.6730991831200185,0.0,0.9970809882814564,0.0029232803420485543,2.9426131180063524,0.13965019298495013,0.7820661220800124,1.0299762518465236
macro,macro@1,best_valid,session,final,final.intra.Focus,intra,3,ScalarGroupConditionalProductWrapper,,,,0.99471886027244,0.9967048626000302,0.6812845189668287,0.0,0.9998292435637061,0.00017077101683410004,2.9901145878000905,0.057498848214779845,0.7875230126445525,1.092810363665239
macro,macro@1,best_valid,session,final,final.intra.Memory,intra,3,ScalarGroupConditionalProductWrapper,,,,0.9956448267695095,0.9989028999634876,0.8484141945298805,0.0,0.9996701417277173,0.0003299126874891226,2.996708699890463,0.0331408371585358,0.8989427963532537,1.0938276418378146
macro,macro@1,best_valid,session,final,final.intra.Tempo,intra,3,ScalarGroupConditionalProductWrapper,,,,0.8467409905511502,0.9099452694790702,0.7030128650329067,0.0,0.9986335564828467,0.0013673779524284852,2.7298358084372105,0.3145905415835815,0.8020085766886045,0.9302400575385014
