stage_name,stage_key,split,aggregation_level,node_kind,node_name,route_space,support_size,wrapper_name,source_type,temperature,top_k,entropy_norm,n_eff_norm,top1_monopoly_norm,jitter_adj_norm,knn_consistency_score,knn_consistency_js,n_eff,cv_usage,top1_max_frac,entropy_mean
macro,macro@1,best_valid,session,final,final.expert,expert,12,FlatJointWrapper,,,,0.6723297547182954,0.6828128646359747,0.16601490874817929,0.50047421151558,0.8898285985188201,0.11672642073691378,8.193754375631697,0.681564339212854,0.23551366635249765,1.6706766783498272
macro,macro@1,best_valid,session,final,final.group,group,4,FlatJointWrapper,,,,0.8316234757139654,0.934761329983829,0.24631270290082732,0.0,0.9592850695260096,0.04156699120512355,3.739045319935316,0.26418162966857134,0.4347345271756205,1.1528749349571945
macro,macro@1,best_valid,session,final,final.intra.Exposure,intra,3,FlatJointWrapper,,,,0.4325113442915197,0.6634404979397506,0.5794258553698745,0.0,0.935045668174751,0.06715990791858083,1.9903214938192517,0.7122458495048195,0.7196172369132496,0.4751622778270273
macro,macro@1,best_valid,session,final,final.intra.Focus,intra,3,FlatJointWrapper,,,,0.15702685302017746,0.9768899530488057,0.09236402534353662,0.0,0.7797569288475118,0.24877303754779653,2.930669859146417,0.15380739334799667,0.3949093502290244,0.17251163037884806
macro,macro@1,best_valid,session,final,final.intra.Memory,intra,3,FlatJointWrapper,,,,0.3953020935946361,0.6603398913840076,0.32165344176237654,0.0,0.9016233810465649,0.10355838375501583,1.981019674152023,0.7171969647050809,0.5477689611749177,0.4342837377592985
macro,macro@1,best_valid,session,final,final.intra.Tempo,intra,3,FlatJointWrapper,,,,0.30212140463176207,0.5189644785962001,0.7344338493708037,0.0,0.9483779986158273,0.05300212348276284,1.5568934357886004,0.9627639629104116,0.8229558995805358,0.3319142877981242
