stage_name,stage_key,split,aggregation_level,node_kind,node_name,route_space,support_size,wrapper_name,source_type,temperature,top_k,entropy_norm,n_eff_norm,top1_monopoly_norm,jitter_adj_norm,knn_consistency_score,knn_consistency_js,n_eff,cv_usage,top1_max_frac,entropy_mean
macro,macro@1,best_valid,session,final,final.expert,expert,16,FlatJointWrapper,,,,0.8945212497857362,0.972780697570509,0.12318276996709544,0.7853460972017673,0.9566306740297857,0.0443378825697222,15.564491161128144,0.1672750562429428,0.17798384684415197,2.4801395289597665
macro,macro@1,best_valid,session,final,final.group,group,4,FlatJointWrapper,,,,0.9460462683443043,0.9930941864042853,0.12493768072589491,0.0,0.9894103098384133,0.010646159949295068,3.972376745617141,0.08339006453752518,0.3437032605444212,1.3114986071642238
macro,macro@1,best_valid,session,final,final.intra.Exposure,intra,4,FlatJointWrapper,,,,0.8978877315160487,0.9975958588263948,0.08305912852727089,0.0,0.9786143822698938,0.02161760345410312,3.990383435305579,0.04909037213440274,0.31229434639545317,1.2447366991194286
macro,macro@1,best_valid,session,final,final.intra.Focus,intra,4,FlatJointWrapper,,,,0.8403273419961172,0.9648562660445474,0.17918037690696975,0.0,0.9706526298317395,0.02978661946322549,3.8594250641781898,0.1908503770828247,0.3843852826802273,1.1649410557040831
macro,macro@1,best_valid,session,final,final.intra.Memory,intra,4,FlatJointWrapper,,,,0.8483057203695227,0.9741232713119891,0.10579319972080962,0.0,0.969557096961879,0.03091591282894737,3.8964930852479562,0.16298525035381317,0.3293448997906072,1.176001436654016
macro,macro@1,best_valid,session,final,final.intra.Tempo,intra,4,FlatJointWrapper,,,,0.8481526314250389,0.9972290501677561,0.05035397347691695,0.0,0.9642850685926506,0.036368313778720594,3.9889162006710244,0.05271381512284279,0.2877654801076877,1.1757892103135283
