{
  "split": "best_valid",
  "feature_mode": "runtime:unknown|ablation:none",
  "stages": [
    {
      "stage": "macro@1",
      "n_eff": 8.337820770346426,
      "cv_usage": 0.6627402555125875,
      "top1_max_frac": 0.26053408733898836,
      "entropy_mean": 1.6611389056609331,
      "route_jitter_adjacent": 0.5294269800486282,
      "route_consistency_knn_js": 0.1167396965337913,
      "route_consistency_knn_score": 0.8898167854135047,
      "route_consistency_group_knn_js": 0.04476043646029847,
      "route_consistency_group_knn_score": 0.9562265314086617,
      "route_consistency_intra_group_knn_mean_js": 0.11902513779738463,
      "route_consistency_intra_group_knn_mean_score": 0.8895229992655393,
      "route_consistency_feature_group_knn_mean_score": 0.8348786534674393,
      "family_top_expert_mean_share": 0.16915708780288696,
      "route_consistency_feature_group_knn_tempo_js": 0.1817964365784551,
      "route_consistency_feature_group_knn_tempo_score": 0.8337710484293807,
      "route_consistency_feature_group_knn_focus_js": 0.18143105135748702,
      "route_consistency_feature_group_knn_focus_score": 0.8340757517117959,
      "route_consistency_feature_group_knn_memory_js": 0.180935745861373,
      "route_consistency_feature_group_knn_memory_score": 0.8344889763435619,
      "route_consistency_feature_group_knn_exposure_js": 0.17771756657854199,
      "route_consistency_feature_group_knn_exposure_score": 0.8371788373850186
    }
  ]
}
