{
  "split": "best_valid",
  "feature_mode": "none",
  "stages": [
    {
      "stage": "macro@1",
      "n_eff": 14.819559588181074,
      "cv_usage": 0.2822306752204895,
      "top1_max_frac": 0.21924661104734802,
      "entropy_mean": 2.5153479940912864,
      "route_jitter_adjacent": 0.8856042733684558,
      "route_consistency_knn_js": 0.01285443201100774,
      "route_consistency_knn_score": 0.987227833331472,
      "route_consistency_group_knn_js": 0.004689776685555885,
      "route_consistency_group_knn_score": 0.9953212031460988,
      "route_consistency_intra_group_knn_mean_js": 0.008489380518561847,
      "route_consistency_intra_group_knn_mean_score": 0.9915466661932018,
      "route_consistency_feature_group_knn_mean_score": 0.9842299031253403,
      "family_top_expert_mean_share": 0.1151684820652008,
      "route_consistency_feature_group_knn_tempo_js": 0.015790212746002487,
      "route_consistency_feature_group_knn_tempo_score": 0.9843337990809201,
      "route_consistency_feature_group_knn_focus_js": 0.016181940569932197,
      "route_consistency_feature_group_knn_focus_score": 0.9839482836572744,
      "route_consistency_feature_group_knn_memory_js": 0.017158937632776653,
      "route_consistency_feature_group_knn_memory_score": 0.982987438522017,
      "route_consistency_feature_group_knn_exposure_js": 0.014453864400632383,
      "route_consistency_feature_group_knn_exposure_score": 0.9856500912411498
    }
  ]
}
