stage_name,stage_key,split,aggregation_level,node_kind,node_name,route_space,support_size,wrapper_name,source_type,temperature,top_k,entropy_norm,n_eff_norm,top1_monopoly_norm,jitter_adj_norm,knn_consistency_score,knn_consistency_js,n_eff,cv_usage,top1_max_frac,entropy_mean
macro,macro@1,best_valid,session,final,final.expert,expert,16,FlatJointWrapper,,,,0.7120796330563226,0.9386881228862725,0.04800069692481923,0.7355561211504199,0.8032175917372363,0.21912962822122686,15.01900996618036,0.2555710971355438,0.10750065336701803,1.9743039599486019
macro,macro@1,best_valid,session,final,final.group,group,4,FlatJointWrapper,,,,0.9021490775119605,0.9829657400101102,0.09121003571739698,0.0,0.9660505366164851,0.03453913080004229,3.9318629600404407,0.13164197693121296,0.31840752678804773,1.2506441790443419
macro,macro@1,best_valid,session,final,final.intra.Exposure,intra,4,FlatJointWrapper,,,,0.45297074991506264,0.9531187721702219,0.11157784195326854,0.0,0.8086383951745211,0.21240343938246514,3.8124750886808876,0.22178177535533905,0.3336833814649514,0.6279507963594995
macro,macro@1,best_valid,session,final,final.intra.Focus,intra,4,FlatJointWrapper,,,,0.5012073472604529,0.9447987182844384,0.08751963486559378,0.0,0.816655997869944,0.20253732802952829,3.7791948731377536,0.24171587824821472,0.31563972614919533,0.6948209192590247
macro,macro@1,best_valid,session,final,final.intra.Memory,intra,4,FlatJointWrapper,,,,0.42077637282634506,0.9043914683296719,0.22315526174736466,0.0,0.8145270312521149,0.20514766394976786,3.6175658733186875,0.3251398503780365,0.4173664463105235,0.5833199129416429
macro,macro@1,best_valid,session,final,final.intra.Tempo,intra,4,FlatJointWrapper,,,,0.3355094522206453,0.9594139444163536,0.07638129933211897,0.0,0.7658670538601269,0.266746683233978,3.8376557776654145,0.2056763768196106,0.30728597449908923,0.46511486171590394
