best_mrr20,epoch,epoch_time_sec,eval,lr,patience_used,train_loss,trial,valid_mrr20
0.0145,1,22.7646005153656,1,0.0007998187552579467,0,680.4301905632019,1,0.0145
0.0165,3,22.055716037750244,1,0.0007983698921263105,0,571.1449265480042,1,0.0165
0.0178,7,21.62818717956543,1,0.0007911547232787465,0,508.49551582336426,1,0.0178
0.0178,10,21.359429597854614,1,0.0007820256023867403,3,478.62617444992065,1,0.0176
0.0178,17,22.287070751190186,1,0.0007488740287645918,10,412.10265350341797,1,0.0175
