best_mrr20,epoch,epoch_time_sec,eval,lr,patience_used,train_loss,trial,valid_mrr20
0.0646,1,64.18129563331604,1,0.00041206831083968307,0,1598.7748384475708,1,0.0646
0.174,3,72.82930731773376,1,0.000387261199525275,0,1107.9620552062988,1,0.174
0.2786,10,73.55378413200378,1,0.00017725014951765544,0,536.9096050262451,1,0.2786
0.2953,18,72.39274215698242,1,4.1525e-05,0,424.9246711730957,1,0.2953
