stage_name,stage_key,split,aggregation_level,node_kind,node_name,route_space,support_size,wrapper_name,source_type,temperature,top_k,entropy_norm,n_eff_norm,top1_monopoly_norm,jitter_adj_norm,knn_consistency_score,knn_consistency_js,n_eff,cv_usage,top1_max_frac,entropy_mean
macro,macro@1,best_valid,session,final,final.expert,expert,12,GroupConditionalProductWrapper,,,,0.6587772795220558,0.5290608396995936,0.3066675453160362,0.1595374592037551,0.9798981502974631,0.02030664098633096,6.348730076395124,0.9434732513584718,0.3644452498730331,1.6370000426136047
macro,macro@1,best_valid,session,final,final.group,group,4,GroupConditionalProductWrapper,,,,0.5991129097294331,0.5514881540541632,0.7932703458346291,0.0,0.9893818829092407,0.01067489154554735,2.2059526162166527,0.9018178582191467,0.8449527593759718,0.8305468484320431
macro,macro@1,best_valid,session,final,final.intra.Exposure,intra,3,GroupConditionalProductWrapper,,,,0.5890332816834781,0.8884675646391283,0.21628106772983238,0.0,0.9844191188883711,0.015703538784302525,2.665402693917385,0.3543070374635745,0.47752071181988825,0.6471192016919733
macro,macro@1,best_valid,session,final,final.intra.Focus,intra,3,GroupConditionalProductWrapper,,,,0.7967261936230052,0.8462996042615382,0.5859627220801534,0.0,0.9958118568970724,0.004196937938863407,2.5388988127846144,0.4261628494359761,0.7239751480534357,0.8752931870180013
macro,macro@1,best_valid,session,final,final.intra.Memory,intra,3,GroupConditionalProductWrapper,,,,0.7192125315199706,0.9832756500754737,0.36884266623710477,0.0,0.9850483730592092,0.015064529311109347,2.949826950226421,0.13041797264164767,0.5792284441580698,0.7901357252919399
macro,macro@1,best_valid,session,final,final.intra.Tempo,intra,3,GroupConditionalProductWrapper,,,,0.7496406229410986,0.9626882624638752,0.14391666498869046,0.0,0.9902711955451666,0.009776438472706157,2.8880647873916256,0.19686984429151283,0.429277776659127,0.8235644004479078
