{
  "split": "best_valid",
  "feature_mode": "none",
  "stages": [
    {
      "stage": "macro@1",
      "n_eff": 3.9659228618196134,
      "cv_usage": 0.09269563853740692,
      "top1_max_frac": 0.9593609865470852,
      "entropy_mean": 1.3804938483131306,
      "route_jitter_adjacent": 0.0,
      "route_consistency_knn_js": 5.013454093507222e-05,
      "route_consistency_knn_score": 0.99994986671578,
      "route_consistency_group_knn_js": 5.013454093507222e-05,
      "route_consistency_group_knn_score": 0.99994986671578,
      "route_consistency_intra_group_knn_mean_js": 0.0,
      "route_consistency_intra_group_knn_mean_score": 1.0,
      "route_consistency_feature_group_knn_mean_score": 0.9998553413267437,
      "family_top_expert_mean_share": 0.27617400884628296,
      "route_consistency_feature_group_knn_tempo_js": 6.023731433223499e-05,
      "route_consistency_feature_group_knn_tempo_score": 0.9999397644998984,
      "route_consistency_feature_group_knn_focus_js": 0.00020901312193041593,
      "route_consistency_feature_group_knn_focus_score": 0.9997910087197904,
      "route_consistency_feature_group_knn_memory_js": 0.00017671408265401302,
      "route_consistency_feature_group_knn_memory_score": 0.9998233015303598,
      "route_consistency_feature_group_knn_exposure_js": 0.0001327182497514302,
      "route_consistency_feature_group_knn_exposure_score": 0.9998672905569259
    }
  ]
}
