stage_name,stage_key,split,aggregation_level,node_kind,node_name,route_space,support_size,wrapper_name,source_type,temperature,top_k,entropy_norm,n_eff_norm,top1_monopoly_norm,jitter_adj_norm,knn_consistency_score,knn_consistency_js,n_eff,cv_usage,top1_max_frac,entropy_mean
macro,macro@1,best_valid,session,final,final.expert,expert,12,FlatPlusGroupIntraResidualWrapper,,,,0.8056838473116082,0.9087410807536891,0.10489792107898142,0.5257807820655429,0.9846921556589936,0.015426218984348476,10.904892969044269,0.3168966661034027,0.1794897609890663,2.0020491498113953
macro,macro@1,best_valid,session,final,final.group,group,4,FlatPlusGroupIntraResidualWrapper,,,,0.8896891315267876,0.9984213042045867,0.0477119489059968,0.0,0.9932136415416393,0.006809490503222937,3.993685216818347,0.03976459056138992,0.2857839616794976,1.2333710261852384
macro,macro@1,best_valid,session,final,final.intra.Exposure,intra,3,FlatPlusGroupIntraResidualWrapper,,,,0.6350157913404829,0.9339546888339019,0.29785755995409063,0.0,0.9855190482791326,0.014586824033149818,2.8018640665017056,0.26592436385380136,0.5319050399693938,0.6976361518649588
macro,macro@1,best_valid,session,final,final.intra.Focus,intra,3,FlatPlusGroupIntraResidualWrapper,,,,0.809681732621845,0.9013146254264529,0.36179516608608686,0.0,0.9938742114082573,0.006144628212438229,2.7039438762793586,0.33089338746984637,0.5745301107240579,0.8895263013684456
macro,macro@1,best_valid,session,final,final.intra.Memory,intra,3,FlatPlusGroupIntraResidualWrapper,,,,0.9202919129550226,0.9996734732012067,0.176200927585258,0.0,0.9967109806139945,0.003294440099417324,2.99902041960362,0.018072451391892095,0.450800618390172,1.0110440047342701
macro,macro@1,best_valid,session,final,final.intra.Tempo,intra,3,FlatPlusGroupIntraResidualWrapper,,,,0.6112179985670688,0.8366444869219195,0.3951734691822886,0.0,0.9885939660392399,0.011471581669033821,2.5099334607657586,0.44187201732778497,0.5967823127881924,0.6714916042809089
