{
  "split": "best_valid",
  "feature_mode": "none",
  "stages": [
    {
      "stage": "macro@1",
      "n_eff": 8.123060580404985,
      "cv_usage": 0.6908514762432263,
      "top1_max_frac": 0.32988542901267826,
      "entropy_mean": 1.7341762713024818,
      "route_jitter_adjacent": 0.0,
      "route_consistency_knn_js": 0.060587972121499,
      "route_consistency_knn_score": 0.9412109650508651,
      "route_consistency_group_knn_js": 0.008355523082452966,
      "route_consistency_group_knn_score": 0.9916792872801383,
      "route_consistency_intra_group_knn_mean_js": 0.04890858033412727,
      "route_consistency_intra_group_knn_mean_score": 0.9525122186016958,
      "route_consistency_feature_group_knn_mean_score": 0.8770239453174762,
      "family_top_expert_mean_share": 0.17603516578674316,
      "route_consistency_feature_group_knn_tempo_js": 0.10287868939116533,
      "route_consistency_feature_group_knn_tempo_score": 0.9022364176921533,
      "route_consistency_feature_group_knn_focus_js": 0.11494027590472278,
      "route_consistency_feature_group_knn_focus_score": 0.8914193815331056,
      "route_consistency_feature_group_knn_memory_js": 0.1389711897316644,
      "route_consistency_feature_group_knn_memory_score": 0.8702531003224265,
      "route_consistency_feature_group_knn_exposure_js": 0.16938138505532832,
      "route_consistency_feature_group_knn_exposure_score": 0.8441868817222196
    }
  ]
}
