stage_name,stage_key,split,aggregation_level,node_kind,node_name,route_space,support_size,wrapper_name,source_type,temperature,top_k,entropy_norm,n_eff_norm,top1_monopoly_norm,jitter_adj_norm,knn_consistency_score,knn_consistency_js,n_eff,cv_usage,top1_max_frac,entropy_mean
macro,macro@1,best_valid,session,final,final.expert,expert,20,FlatJointWrapper,,,,0.7331687475059717,0.7009445311718265,0.11563620006372519,0.8965279691375034,0.9414536682807095,0.06033014263143264,14.018890623436532,0.653181736868892,0.15985439006053892,2.1963772788647966
macro,macro@1,best_valid,session,final,final.group,group,4,FlatJointWrapper,,,,0.8731208856060092,0.9549035432914009,0.2251546446141469,0.0,0.985881803275648,0.014218806539068362,3.8196141731656037,0.21731577813625336,0.41886598346061016,1.2104025602916155
macro,macro@1,best_valid,session,final,final.intra.Exposure,intra,5,FlatJointWrapper,,,,0.6026320211283203,0.6494089030619602,0.4279962806156768,0.0,0.9660629734921282,0.03452625694394827,3.247044515309801,0.7347530017084926,0.5423970244925415,0.9698988220507063
macro,macro@1,best_valid,session,final,final.intra.Focus,intra,5,FlatJointWrapper,,,,0.665813754534912,0.7807314405908111,0.3406006410002769,0.0,0.9565522768420991,0.04441983729098381,3.9036572029540557,0.5299529354281286,0.4724805128002216,1.0715858991685792
macro,macro@1,best_valid,session,final,final.intra.Memory,intra,5,FlatJointWrapper,,,,0.6963711178403132,0.7955176191583705,0.3620662366952874,0.0,0.9650316199171721,0.035594411426423174,3.9775880957918526,0.5069940461666279,0.48965298935623,1.1207660781763147
macro,macro@1,best_valid,session,final,final.intra.Tempo,intra,5,FlatJointWrapper,,,,0.6844917709228878,0.8267990931051784,0.20097534918687923,0.0,0.9649144502677768,0.035715834145274766,4.133995465525892,0.45769385311463695,0.3607802793495034,1.1016470068724529
