stage_name,stage_key,split,aggregation_level,node_kind,node_name,route_space,support_size,wrapper_name,source_type,temperature,top_k,entropy_norm,n_eff_norm,top1_monopoly_norm,jitter_adj_norm,knn_consistency_score,knn_consistency_js,n_eff,cv_usage,top1_max_frac,entropy_mean
macro,macro@1,best_valid,session,final,final.expert,expert,12,ScalarGroupConditionalProductWrapper,,,,0.7911097248332705,0.73202558256195,0.3817280661370738,0.0,0.9601867951887432,0.040627435126554014,8.784306990743401,0.6050391910958531,0.4332507272923176,1.965833815950149
macro,macro@1,best_valid,session,final,final.group,group,4,ScalarGroupConditionalProductWrapper,,,,0.9458356658160684,0.9312070168045818,0.3486812963162495,0.0,0.996216633610607,0.0037905414229156154,3.7248280672183274,0.2717996835708618,0.5115109722371871,1.3112066500668929
macro,macro@1,best_valid,session,final,final.intra.Exposure,intra,3,ScalarGroupConditionalProductWrapper,,,,0.16713086627009408,0.3828704282465965,0.961911431957763,0.0,0.9834239227929713,0.01671499768540872,1.1486112847397896,1.2695863166574741,0.9746076213051754,0.18361202350007183
macro,macro@1,best_valid,session,final,final.intra.Focus,intra,3,ScalarGroupConditionalProductWrapper,,,,0.6983508528949485,0.9974130730354748,0.12568688718888052,0.0,0.968480154980705,0.03202728681408974,2.992239219106424,0.05092788335895886,0.4171245914592537,0.7672168287922458
macro,macro@1,best_valid,session,final,final.intra.Memory,intra,3,ScalarGroupConditionalProductWrapper,,,,0.6614208410441865,0.76900186383264,0.6848399956901196,0.0,0.9458605044337692,0.05566017911855954,2.30700559149792,0.5480756447292672,0.7898933304600797,0.7266450639523399
macro,macro@1,best_valid,session,final,final.intra.Tempo,intra,3,ScalarGroupConditionalProductWrapper,,,,0.6091074293603566,0.9027583035529703,0.20003232410300617,0.0,0.9662369020376357,0.034346234631490696,2.708274910658911,0.3282014331757595,0.4666882160686708,0.6691729070143303
