best_mrr20,epoch,epoch_time_sec,eval,lr,patience_used,train_loss,trial,valid_mrr20
0.3147,1,46.71043539047241,1,0.00056966,0,2151.4526748657227,1,0.3147
0.3614,3,45.7069616317749,1,0.00056966,0,1138.7423176765442,1,0.3614
0.3724,6,44.86203718185425,1,0.00056966,0,797.838216304779,1,0.3724
0.3724,10,45.2391676902771,1,0.00056966,4,634.0234634876251,1,0.3573
0.3724,16,45.90169882774353,1,0.00056966,10,430.3531287908554,1,0.33
