{
  "split": "best_valid",
  "feature_mode": "none",
  "stages": [
    {
      "stage": "macro@1",
      "n_eff": 12.4658491066176,
      "cv_usage": 0.5324534495147139,
      "top1_max_frac": 0.7702686661654731,
      "entropy_mean": 2.533903832647489,
      "route_jitter_adjacent": 0.0,
      "route_consistency_knn_js": 0.011068976991821883,
      "route_consistency_knn_score": 0.9889920587254423,
      "route_consistency_group_knn_js": 0.007056717328869912,
      "route_consistency_group_knn_score": 0.9929681228365073,
      "route_consistency_intra_group_knn_mean_js": 0.003928086065367038,
      "route_consistency_intra_group_knn_mean_score": 0.9960815148906579,
      "route_consistency_feature_group_knn_mean_score": 0.9621076171055205,
      "family_top_expert_mean_share": 0.1729135364294052,
      "route_consistency_feature_group_knn_tempo_js": 0.02690678346017389,
      "route_consistency_feature_group_knn_tempo_score": 0.9734519791203292,
      "route_consistency_feature_group_knn_focus_js": 0.03281461241995481,
      "route_consistency_feature_group_knn_focus_score": 0.9677179458486731,
      "route_consistency_feature_group_knn_memory_js": 0.04818944503116962,
      "route_consistency_feature_group_knn_memory_score": 0.9529532377201323,
      "route_consistency_feature_group_knn_exposure_js": 0.04676953599465919,
      "route_consistency_feature_group_knn_exposure_score": 0.9543073057329473
    }
  ]
}
