{
  "split": "best_valid",
  "feature_mode": "perturb:zero@eval#shift1",
  "stages": [
    {
      "stage": "macro@1",
      "n_eff": 11.786749140765515,
      "cv_usage": 0.13450769306696375,
      "top1_max_frac": 1.0,
      "entropy_mean": 2.4756198094602064,
      "route_jitter_adjacent": 0.0,
      "route_consistency_knn_js": -2.706400198007839e-09,
      "route_consistency_knn_score": 1.0000000027064002,
      "route_consistency_group_knn_js": -3.5722212303263238e-09,
      "route_consistency_group_knn_score": 1.0000000035722212,
      "route_consistency_intra_group_knn_mean_js": -4.895420059152627e-09,
      "route_consistency_intra_group_knn_mean_score": 1.00000000489542,
      "route_consistency_feature_group_knn_mean_score": 1.0000000027064004,
      "family_top_expert_mean_share": 0.0,
      "route_consistency_feature_group_knn_tempo_js": -2.706400474565267e-09,
      "route_consistency_feature_group_knn_tempo_score": 1.0000000027064004,
      "route_consistency_feature_group_knn_focus_js": -2.706400474565267e-09,
      "route_consistency_feature_group_knn_focus_score": 1.0000000027064004,
      "route_consistency_feature_group_knn_memory_js": -2.706400474565267e-09,
      "route_consistency_feature_group_knn_memory_score": 1.0000000027064004,
      "route_consistency_feature_group_knn_exposure_js": -2.706400474565267e-09,
      "route_consistency_feature_group_knn_exposure_score": 1.0000000027064004
    }
  ]
}
