best_mrr20,epoch,epoch_time_sec,eval,lr,patience_used,train_loss,trial,valid_mrr20
0.311,1,50.285924196243286,1,0.00056966,0,2150.1130151748657,1,0.311
0.3598,3,48.77902603149414,1,0.00056966,0,1138.8471012115479,1,0.3598
0.3721,6,48.09131860733032,1,0.00056966,0,800.7077977657318,1,0.3721
0.3721,10,49.31948137283325,1,0.00056966,4,638.4197647571564,1,0.3591
0.3721,16,48.764461278915405,1,0.00056966,10,434.4796476364136,1,0.3307
