stage_name,stage_key,split,aggregation_level,node_kind,node_name,route_space,support_size,wrapper_name,source_type,temperature,top_k,entropy_norm,n_eff_norm,top1_monopoly_norm,jitter_adj_norm,knn_consistency_score,knn_consistency_js,n_eff,cv_usage,top1_max_frac,entropy_mean
macro,macro@1,best_valid,session,final,final.expert,expert,12,ScalarGroupConditionalProductWrapper,,,,0.9812724657650337,0.9827391417055339,0.23696235814016112,0.0,0.9965698681401938,0.0034360282495514986,11.792869700466406,0.13252891645007828,0.3005488282951477,2.4383704754334
macro,macro@1,best_valid,session,final,final.group,group,4,ScalarGroupConditionalProductWrapper,,,,0.9815704821763104,0.9901424932266084,0.13453552864651389,0.0,0.9983122063942507,0.0016892195340514479,3.9605699729064336,0.09977773576974869,0.3509016464848854,1.3607456244827512
macro,macro@1,best_valid,session,final,final.intra.Exposure,intra,3,ScalarGroupConditionalProductWrapper,,,,0.966012683873091,0.9532840032117025,0.796149490373726,0.0,0.9990673791467698,0.000933056014639605,2.8598520096351074,0.22137146528448268,0.8640996602491506,1.0612734055122397
macro,macro@1,best_valid,session,final,final.intra.Focus,intra,3,ScalarGroupConditionalProductWrapper,,,,0.993936737389368,0.9988597237551677,0.4695966547608676,0.0,0.9995856222729239,0.0004144636052512754,2.996579171265503,0.03378601737213083,0.6463977698405784,1.0919511138546476
macro,macro@1,best_valid,session,final,final.intra.Memory,intra,3,ScalarGroupConditionalProductWrapper,,,,0.9784351362263226,0.9992460336959031,0.3745970903388797,0.0,0.9968012936180238,0.0032038331788997233,2.9977381010877093,0.027468504158765325,0.5830647268925865,1.074920864322894
macro,macro@1,best_valid,session,final,final.intra.Tempo,intra,3,ScalarGroupConditionalProductWrapper,,,,0.9773294830636706,0.9981467858965822,0.23124836658245493,0.0,0.9977232569518675,0.0022793387681928927,2.9944403576897467,0.04308824764674164,0.48749891105496995,1.0737061801713998
