stage_name,stage_key,split,aggregation_level,node_kind,node_name,route_space,support_size,wrapper_name,source_type,temperature,top_k,entropy_norm,n_eff_norm,top1_monopoly_norm,jitter_adj_norm,knn_consistency_score,knn_consistency_js,n_eff,cv_usage,top1_max_frac,entropy_mean
macro,macro@1,best_valid,session,final,final.expert,expert,16,FlatJointWrapper,,,,0.7780443129359614,0.937392779782748,0.10053733555679081,0.711975463543845,0.8792086931551092,0.12873298836755212,14.998284476523969,0.25843468207899545,0.15675375208449138,2.1571968874490457
macro,macro@1,best_valid,session,final,final.group,group,4,FlatJointWrapper,,,,0.8876922352181809,0.9853800080793425,0.11827558520165526,0.0,0.9651489317056012,0.03547285617764106,3.94152003231737,0.12180649489164352,0.33870668890124145,1.2306027400928756
macro,macro@1,best_valid,session,final,final.intra.Exposure,intra,4,FlatJointWrapper,,,,0.7242817773474327,0.9832860519706611,0.09925267123710706,0.0,0.9160474103500981,0.0876871576232826,3.9331442078826444,0.1303764134645462,0.3244395034278303,1.004067743798638
macro,macro@1,best_valid,session,final,final.intra.Focus,intra,4,FlatJointWrapper,,,,0.7050673904598405,0.9512787353128356,0.20029646099685014,0.0,0.9121051524354661,0.09199999683109379,3.8051149412513423,0.22631089389324188,0.4002223457476376,0.977430947603993
macro,macro@1,best_valid,session,final,final.intra.Memory,intra,4,FlatJointWrapper,,,,0.7197001376044039,0.9546702216488445,0.17262676795750723,0.0,0.922290135188387,0.08089542467927972,3.818680886595378,0.21790380775928497,0.3794700759681304,0.9977162424581943
macro,macro@1,best_valid,session,final,final.intra.Tempo,intra,4,FlatJointWrapper,,,,0.7091084954550059,0.9755088052825299,0.13532209252053606,0.0,0.9147896380178953,0.08906114394412584,3.9020352211301197,0.15844908356666565,0.35149156939040205,0.9830331086714842
