best_mrr20,epoch,epoch_time_sec,eval,lr,patience_used,train_loss,trial,valid_mrr20
0.0123,1,18.07193875312805,1,0.0005476,0,695.5640406608582,1,0.0123
0.016,3,16.95922327041626,1,0.0005476,0,600.7976140975952,1,0.016
0.019,10,16.558269500732422,1,0.0005476,1,511.06273555755615,1,0.0187
0.0194,21,16.73785662651062,1,0.0005476,0,452.1925253868103,1,0.0194
0.0194,31,16.415255069732666,1,0.0005476,10,415.8417983055115,1,0.0175
