best_mrr20,epoch,epoch_time_sec,eval,lr,patience_used,train_loss,trial,valid_mrr20
0.0107,1,3.6038150787353516,1,0.001349694149497785,0,79.11357688903809,1,0.0107
0.0178,3,2.684460401535034,1,0.001347249192963149,0,69.52354049682617,1,0.0178
0.0668,10,2.7695369720458984,1,0.0013196682040276242,1,45.29354000091553,1,0.0664
0.0847,13,3.055025815963745,1,0.0012990358878899823,0,38.97125744819641,1,0.0847
0.0847,23,2.6445372104644775,1,0.0011952481531780211,10,23.50890278816223,1,0.0764
