best_mrr20,epoch,epoch_time_sec,eval,lr,patience_used,train_loss,trial,valid_mrr20
0.2719,1,33.74166178703308,1,0.0004907866453801441,0,2253.539776802063,1,0.2719
0.3363,3,31.593777179718018,1,0.0004898975906145285,0,1321.369662284851,1,0.3363
0.3722,8,32.28079152107239,1,0.0004838175999304776,0,791.6615216732025,1,0.3722
0.3722,10,31.676241636276245,1,0.0004798683695195347,2,732.0958597660065,1,0.3686
0.3722,18,31.950114727020264,1,0.000455830125657595,10,537.2361073493958,1,0.3434
