stage_name,stage_key,split,aggregation_level,node_kind,node_name,route_space,support_size,wrapper_name,source_type,temperature,top_k,entropy_norm,n_eff_norm,top1_monopoly_norm,jitter_adj_norm,knn_consistency_score,knn_consistency_js,n_eff,cv_usage,top1_max_frac,entropy_mean
macro,macro@1,best_valid,session,final,final.expert,expert,20,FlatJointWrapper,,,,0.9280358985969097,0.9730376433908189,0.18703182653308084,0.6597952879705875,0.9876010783640369,0.01247642960806674,19.460752867816378,0.16646152114180443,0.22768023520642677,2.7801470924434413
macro,macro@1,best_valid,session,final,final.group,group,4,FlatJointWrapper,,,,0.9808736666769313,0.9972793177144652,0.13342167377531164,0.0,0.9978382680073581,0.0021640719080340994,3.989117270857861,0.05223110318183899,0.3500662553314837,1.359779633085221
macro,macro@1,best_valid,session,final,final.intra.Exposure,intra,5,FlatJointWrapper,,,,0.9079752195458829,0.9905118838346493,0.2243683313318702,0.0,0.991751465472901,0.008282741925163263,4.952559419173246,0.09787305112372263,0.3794946650654962,1.4613297418878197
macro,macro@1,best_valid,session,final,final.intra.Focus,intra,5,FlatJointWrapper,,,,0.9325665895296602,0.9939917211870455,0.24282147638963655,0.0,0.9925055600583248,0.007522664362604272,4.969958605935227,0.07774753959462283,0.39425718111170927,1.5009080250584048
macro,macro@1,best_valid,session,final,final.intra.Memory,intra,5,FlatJointWrapper,,,,0.8476456572352682,0.9563156017458792,0.163185673664886,0.0,0.9871989528683748,0.012883686540272787,4.7815780087293955,0.21372837627338803,0.33054853893190883,1.3642330570645609
macro,macro@1,best_valid,session,final,final.intra.Tempo,intra,5,FlatJointWrapper,,,,0.8709337400445651,0.9727243955247543,0.3302431432633511,0.0,0.9892946693150818,0.010763045007635173,4.8636219776237715,0.1674525414786854,0.4641945146106809,1.4017137804457482
