{
  "split": "best_valid",
  "feature_mode": "runtime:unknown|ablation:none",
  "stages": [
    {
      "stage": "macro@1",
      "n_eff": 13.943241672610634,
      "cv_usage": 0.6590802615332759,
      "top1_max_frac": 0.35148181854152655,
      "entropy_mean": 2.462121291744154,
      "route_jitter_adjacent": 0.7990263617158079,
      "route_consistency_knn_js": 0.039240304794813025,
      "route_consistency_knn_score": 0.9615196236061377,
      "route_consistency_group_knn_js": 0.008877035753152547,
      "route_consistency_group_knn_score": 0.9911622487993293,
      "route_consistency_intra_group_knn_mean_js": 0.03098209955652089,
      "route_consistency_intra_group_knn_mean_score": 0.9694952618819641,
      "route_consistency_feature_group_knn_mean_score": 0.9499824243212227,
      "family_top_expert_mean_share": 0.15512709319591522,
      "route_consistency_feature_group_knn_tempo_js": 0.05111319298538421,
      "route_consistency_feature_group_knn_tempo_score": 0.9501711117403276,
      "route_consistency_feature_group_knn_focus_js": 0.05310645570888557,
      "route_consistency_feature_group_knn_focus_score": 0.9482790573894948,
      "route_consistency_feature_group_knn_memory_js": 0.05408813790547299,
      "route_consistency_feature_group_knn_memory_score": 0.9473486055002092,
      "route_consistency_feature_group_knn_exposure_js": 0.04695438146250491,
      "route_consistency_feature_group_knn_exposure_score": 0.9541309226548591
    }
  ]
}
