{
  "split": "best_valid",
  "feature_mode": "none",
  "stages": [
    {
      "stage": "macro@1",
      "n_eff": 10.807729872074155,
      "cv_usage": 0.3321391394096869,
      "top1_max_frac": 0.3367094063139748,
      "entropy_mean": 2.368753268887153,
      "route_jitter_adjacent": 0.0,
      "route_consistency_knn_js": 0.005804846579090259,
      "route_consistency_knn_score": 0.9942119689898139,
      "route_consistency_group_knn_js": 0.0015793474921842205,
      "route_consistency_group_knn_score": 0.9984218990207543,
      "route_consistency_intra_group_knn_mean_js": 0.004044506661583267,
      "route_consistency_intra_group_knn_mean_score": 0.9959664464886343,
      "route_consistency_feature_group_knn_mean_score": 0.9868954105871188,
      "family_top_expert_mean_share": 0.12053831666707993,
      "route_consistency_feature_group_knn_tempo_js": 0.008345963989676458,
      "route_consistency_feature_group_knn_tempo_score": 0.991688766879758,
      "route_consistency_feature_group_knn_focus_js": 0.01525172113384237,
      "route_consistency_feature_group_knn_focus_score": 0.9848639973161302,
      "route_consistency_feature_group_knn_memory_js": 0.014959441624085676,
      "route_consistency_feature_group_knn_memory_score": 0.9851518949536834,
      "route_consistency_feature_group_knn_exposure_js": 0.014223695653068845,
      "route_consistency_feature_group_knn_exposure_score": 0.9858769831989038
    }
  ]
}
