stage_name,stage_key,split,aggregation_level,node_kind,node_name,route_space,support_size,wrapper_name,source_type,temperature,top_k,entropy_norm,n_eff_norm,top1_monopoly_norm,jitter_adj_norm,knn_consistency_score,knn_consistency_js,n_eff,cv_usage,top1_max_frac,entropy_mean
macro,macro@1,best_valid,session,final,final.expert,expert,12,ScalarGroupConditionalProductWrapper,,,,0.9508250787331304,0.9733846516326307,0.712504498329192,0.0,0.9947426130721924,0.005271255616526678,11.680615819591567,0.16535699619779,0.7364624568017594,2.3627115609291547
macro,macro@1,best_valid,session,final,final.group,group,4,ScalarGroupConditionalProductWrapper,,,,0.9303722144282723,0.9870139649764865,0.6585694837155723,0.0,0.996001860203493,0.004006153725093165,3.948055859905946,0.11470356583595276,0.7439271127866792,1.2897697546045397
macro,macro@1,best_valid,session,final,final.intra.Exposure,intra,3,ScalarGroupConditionalProductWrapper,,,,0.980251110163653,0.9968940823924104,0.8092365692742695,0.0,0.9983547788592477,0.0016465760032895586,2.990682247177231,0.055818438729094304,0.8728243795161797,1.0769159156063461
macro,macro@1,best_valid,session,final,final.intra.Focus,intra,3,ScalarGroupConditionalProductWrapper,,,,0.9046946318261663,0.9192016433538063,0.6498020735155513,0.0,0.997700043141523,0.0023026058216992795,2.7576049300614187,0.29648057977913084,0.7665347156770342,0.9939086400162975
macro,macro@1,best_valid,session,final,final.intra.Memory,intra,3,ScalarGroupConditionalProductWrapper,,,,0.9974352144773546,0.9988487518837942,0.6841281809613571,0.0,0.9998074422789408,0.0001925762626773963,2.9965462556513827,0.03394817366605479,0.7894187873075714,1.0957945837751335
macro,macro@1,best_valid,session,final,final.intra.Tempo,intra,3,ScalarGroupConditionalProductWrapper,,,,0.9661896557303103,0.9971203520716087,0.6675966069745524,0.0,0.9981624665256081,0.0018392238100428684,2.991361056214826,0.053737945036537046,0.7783977379830349,1.0614678289693293
