best_mrr20,epoch,epoch_time_sec,eval,lr,patience_used,train_loss,trial,valid_mrr20
0.0121,1,18.22386145591736,1,0.0005476,0,686.1954984664917,1,0.0121
0.0163,3,17.016063690185547,1,0.0005476,0,584.1927256584167,1,0.0163
0.0185,9,17.711070775985718,1,0.0005476,0,499.3714017868042,1,0.0185
0.0185,10,17.38876724243164,1,0.0005476,1,489.59897804260254,1,0.0179
0.0185,19,16.748471975326538,1,0.0005476,10,415.5288224220276,1,0.0162
