stage_name,stage_key,split,aggregation_level,node_kind,node_name,route_space,support_size,wrapper_name,source_type,temperature,top_k,entropy_norm,n_eff_norm,top1_monopoly_norm,jitter_adj_norm,knn_consistency_score,knn_consistency_js,n_eff,cv_usage,top1_max_frac,entropy_mean
macro,macro@1,best_valid,session,final,final.expert,expert,16,FlatJointWrapper,,,,0.9200146377704839,0.9198706835389514,0.1873277146889302,0.9124184807568659,0.9783125197127339,0.02192611018396439,14.717930936623222,0.2951431030205611,0.23811973252087207,2.550822208977961
macro,macro@1,best_valid,session,final,final.group,group,4,FlatJointWrapper,,,,0.9588112074686961,0.9784901735819336,0.19291998047982695,0.0,0.9938872137111949,0.006131545854793613,3.9139606943277343,0.1482657939195633,0.3946899853598702,1.3291945702924068
macro,macro@1,best_valid,session,final,final.intra.Exposure,intra,4,FlatJointWrapper,,,,0.8913879062638048,0.9504275991058833,0.32671230166580933,0.0,0.9875759509712653,0.012501872788500398,3.801710396423533,0.22838132083415985,0.495034226249357,1.2357260280239781
macro,macro@1,best_valid,session,final,final.intra.Focus,intra,4,FlatJointWrapper,,,,0.884924710133299,0.925481010038336,0.3382133765942574,0.0,0.9859896025567173,0.014109469509424568,3.701924040153344,0.2837589979171753,0.503660032445693,1.226766135673446
macro,macro@1,best_valid,session,final,final.intra.Memory,intra,4,FlatJointWrapper,,,,0.8794064175677028,0.9575750131674144,0.14512193513499252,0.0,0.9847940724917442,0.015322723127017875,3.830300052669658,0.210486501455307,0.3588414513512444,1.2191161578067502
macro,macro@1,best_valid,session,final,final.intra.Tempo,intra,4,FlatJointWrapper,,,,0.8976574389733963,0.9425839648514026,0.26076577111278176,0.0,0.9847514592860895,0.01536599524738653,3.7703358594056104,0.2468065619468689,0.4455743283345863,1.2444174458661417
