stage_name,stage_key,split,aggregation_level,node_kind,node_name,route_space,support_size,wrapper_name,source_type,temperature,top_k,entropy_norm,n_eff_norm,top1_monopoly_norm,jitter_adj_norm,knn_consistency_score,knn_consistency_js,n_eff,cv_usage,top1_max_frac,entropy_mean
mid,mid@1,best_valid,session,final,final.expert,expert,20,FlatJointWrapper,,,,0.5156942284306176,0.25298081738878814,0.5165633388659001,0.5952052907136952,0.9277812012014988,0.0749593485624799,5.059616347775763,1.7183917085159626,0.5407351719226051,1.5448818433951252
mid,mid@1,best_valid,session,final,final.group,group,4,FlatJointWrapper,,,,0.6807636893455149,0.687043718874683,0.6097548107994039,0.0,0.9739473660213164,0.026398015792249235,2.748174875498732,0.6749158501625061,0.7073161080995529,0.9437388637948602
mid,mid@1,best_valid,session,final,final.intra.Exposure,intra,5,FlatJointWrapper,,,,0.5007967276468754,0.5604992745792197,0.32452617417797647,0.0,0.9547177315427684,0.04633955125571592,2.802496372896098,0.8855075257195901,0.4596209393423812,0.8060012398978158
mid,mid@1,best_valid,session,final,final.intra.Focus,intra,5,FlatJointWrapper,,,,0.4962331260166762,0.5375199350704014,0.4640030862976298,0.0,0.9603215135780008,0.0404871406129988,2.687599675352007,0.9275753657881116,0.5712024690381039,0.7986564064169271
mid,mid@1,best_valid,session,final,final.intra.Memory,intra,5,FlatJointWrapper,,,,0.41118122474169755,0.4480649422740238,0.6244509951331461,0.0,0.9523035440878397,0.048871446180493536,2.240324711370119,1.1098736441060093,0.6995607961065169,0.6617706519803743
mid,mid@1,best_valid,session,final,final.intra.Tempo,intra,5,FlatJointWrapper,,,,0.39493699637490703,0.40568655102439555,0.6937443121117398,0.0,0.9607231217550772,0.04006902624382636,2.028432755121978,1.2103541015035792,0.7549954496893918,0.6356265749886242
