{
  "model": "GRU4Rec",
  "dataset": "amazon_beauty",
  "dataset_raw": "amazon_beauty",
  "max_evals": 6,
  "tune_epochs": 44,
  "n_completed": 6,
  "n_recorded_trials": 6,
  "timestamp": "2026-03-30T11:36:04.193042",
  "trials": [
    {
      "trial": 1,
      "params": {
        "MAX_ITEM_LIST_LENGTH": 10,
        "learning_rate": 0.003960117809266811
      },
      "mrr@20": 0.0024,
      "valid_result": {
        "hit@5": 0.0088,
        "hit@10": 0.0088,
        "hit@20": 0.0177,
        "ndcg@5": 0.0034,
        "ndcg@10": 0.0034,
        "ndcg@20": 0.0057,
        "mrr@5": 0.0018,
        "mrr@10": 0.0018,
        "mrr@20": 0.0024
      },
      "test_result": {
        "hit@5": 0.0,
        "hit@10": 0.0,
        "hit@20": 0.0,
        "ndcg@5": 0.0,
        "ndcg@10": 0.0,
        "ndcg@20": 0.0,
        "mrr@5": 0.0,
        "mrr@10": 0.0,
        "mrr@20": 0.0
      },
      "best_hr@10": 0.0088,
      "test_mrr@20": 0.0,
      "test_hr@10": 0.0,
      "epochs_run": 14,
      "early_stop_epoch": 14,
      "early_stopped": true,
      "elapsed": 2.1,
      "status": "ok"
    },
    {
      "trial": 2,
      "params": {
        "MAX_ITEM_LIST_LENGTH": 50,
        "learning_rate": 0.002075674501389158
      },
      "mrr@20": 0.0029,
      "valid_result": {
        "hit@5": 0.0088,
        "hit@10": 0.0088,
        "hit@20": 0.0088,
        "ndcg@5": 0.0044,
        "ndcg@10": 0.0044,
        "ndcg@20": 0.0044,
        "mrr@5": 0.0029,
        "mrr@10": 0.0029,
        "mrr@20": 0.0029
      },
      "test_result": {
        "hit@5": 0.0,
        "hit@10": 0.0,
        "hit@20": 0.0088,
        "ndcg@5": 0.0,
        "ndcg@10": 0.0,
        "ndcg@20": 0.0021,
        "mrr@5": 0.0,
        "mrr@10": 0.0,
        "mrr@20": 0.0005
      },
      "best_hr@10": 0.0088,
      "test_mrr@20": 0.0005,
      "test_hr@10": 0.0,
      "epochs_run": 22,
      "early_stop_epoch": 22,
      "early_stopped": true,
      "elapsed": 3.0,
      "status": "ok"
    },
    {
      "trial": 3,
      "params": {
        "MAX_ITEM_LIST_LENGTH": 5,
        "learning_rate": 0.00406519344548597
      },
      "mrr@20": 0.0029,
      "valid_result": {
        "hit@5": 0.0088,
        "hit@10": 0.0088,
        "hit@20": 0.0177,
        "ndcg@5": 0.0038,
        "ndcg@10": 0.0038,
        "ndcg@20": 0.0062,
        "mrr@5": 0.0022,
        "mrr@10": 0.0022,
        "mrr@20": 0.0029
      },
      "test_result": {
        "hit@5": 0.0,
        "hit@10": 0.0,
        "hit@20": 0.0,
        "ndcg@5": 0.0,
        "ndcg@10": 0.0,
        "ndcg@20": 0.0,
        "mrr@5": 0.0,
        "mrr@10": 0.0,
        "mrr@20": 0.0
      },
      "best_hr@10": 0.0088,
      "test_mrr@20": 0.0,
      "test_hr@10": 0.0,
      "epochs_run": 14,
      "early_stop_epoch": 14,
      "early_stopped": true,
      "elapsed": 1.7,
      "status": "ok"
    },
    {
      "trial": 4,
      "params": {
        "MAX_ITEM_LIST_LENGTH": 30,
        "learning_rate": 0.00577599316629253
      },
      "mrr@20": 0.0032,
      "valid_result": {
        "hit@5": 0.0088,
        "hit@10": 0.0177,
        "hit@20": 0.0177,
        "ndcg@5": 0.0034,
        "ndcg@10": 0.0066,
        "ndcg@20": 0.0066,
        "mrr@5": 0.0018,
        "mrr@10": 0.0032,
        "mrr@20": 0.0032
      },
      "test_result": {
        "hit@5": 0.0,
        "hit@10": 0.0,
        "hit@20": 0.0088,
        "ndcg@5": 0.0,
        "ndcg@10": 0.0,
        "ndcg@20": 0.002,
        "mrr@5": 0.0,
        "mrr@10": 0.0,
        "mrr@20": 0.0004
      },
      "best_hr@10": 0.0177,
      "test_mrr@20": 0.0004,
      "test_hr@10": 0.0,
      "epochs_run": 12,
      "early_stop_epoch": 12,
      "early_stopped": true,
      "elapsed": 1.8,
      "status": "ok"
    },
    {
      "trial": 5,
      "params": {
        "MAX_ITEM_LIST_LENGTH": 5,
        "learning_rate": 0.0017747294208863007
      },
      "mrr@20": 0.002,
      "valid_result": {
        "hit@5": 0.0,
        "hit@10": 0.0177,
        "hit@20": 0.0177,
        "ndcg@5": 0.0,
        "ndcg@10": 0.0053,
        "ndcg@20": 0.0053,
        "mrr@5": 0.0,
        "mrr@10": 0.002,
        "mrr@20": 0.002
      },
      "test_result": {
        "hit@5": 0.0,
        "hit@10": 0.0,
        "hit@20": 0.0088,
        "ndcg@5": 0.0,
        "ndcg@10": 0.0,
        "ndcg@20": 0.0024,
        "mrr@5": 0.0,
        "mrr@10": 0.0,
        "mrr@20": 0.0007
      },
      "best_hr@10": 0.0177,
      "test_mrr@20": 0.0007,
      "test_hr@10": 0.0,
      "epochs_run": 12,
      "early_stop_epoch": 12,
      "early_stopped": true,
      "elapsed": 1.3,
      "status": "ok"
    },
    {
      "trial": 6,
      "params": {
        "MAX_ITEM_LIST_LENGTH": 5,
        "learning_rate": 0.00404386952569481
      },
      "mrr@20": 0.003,
      "valid_result": {
        "hit@5": 0.0088,
        "hit@10": 0.0088,
        "hit@20": 0.0177,
        "ndcg@5": 0.0038,
        "ndcg@10": 0.0038,
        "ndcg@20": 0.0063,
        "mrr@5": 0.0022,
        "mrr@10": 0.0022,
        "mrr@20": 0.003
      },
      "test_result": {
        "hit@5": 0.0,
        "hit@10": 0.0,
        "hit@20": 0.0,
        "ndcg@5": 0.0,
        "ndcg@10": 0.0,
        "ndcg@20": 0.0,
        "mrr@5": 0.0,
        "mrr@10": 0.0,
        "mrr@20": 0.0
      },
      "best_hr@10": 0.0088,
      "test_mrr@20": 0.0,
      "test_hr@10": 0.0,
      "epochs_run": 14,
      "early_stop_epoch": 14,
      "early_stopped": true,
      "elapsed": 1.5,
      "status": "ok"
    }
  ],
  "run_group": "baseline",
  "run_axis": "stagec_focus_anchor2_core5",
  "run_phase": "P18_SC_D01_M02_P01_GRU4REC_B4_C5_S1",
  "parent_result": "",
  "interrupted": false,
  "interrupted_at": null,
  "tuned_search": {
    "learning_rate": [
      0.0012403199999999998,
      0.005814000000000001
    ],
    "MAX_ITEM_LIST_LENGTH": [
      5,
      10,
      30,
      50
    ]
  },
  "fixed_search": {
    "num_layers": 1,
    "weight_decay": 0.0004840000000000001,
    "hidden_dropout_prob": 0.3,
    "hidden_size": 160,
    "embedding_size": 160,
    "n_layers": 1,
    "dropout_ratio": 0.3,
    "dropout_prob": 0.3,
    "attn_dropout_prob": 0.3
  },
  "context_fixed": {
    "num_layers": 1,
    "search_space_type_overrides": {
      "learning_rate": "loguniform",
      "weight_decay": "choice",
      "hidden_size": "choice",
      "embedding_size": "choice",
      "n_layers": "choice",
      "num_layers": "choice",
      "dropout_ratio": "choice",
      "dropout_prob": "choice",
      "hidden_dropout_prob": "choice",
      "attn_dropout_prob": "choice"
    }
  },
  "best_params": {
    "MAX_ITEM_LIST_LENGTH": 30,
    "learning_rate": 0.00577599316629253
  },
  "best_mrr@20": 0.0032,
  "best_hr@10": 0.0177,
  "test_mrr@20": 0.0004,
  "test_hr@10": 0.0,
  "best_valid_result": {
    "hit@5": 0.0088,
    "hit@10": 0.0177,
    "hit@20": 0.0177,
    "ndcg@5": 0.0034,
    "ndcg@10": 0.0066,
    "ndcg@20": 0.0066,
    "mrr@5": 0.0018,
    "mrr@10": 0.0032,
    "mrr@20": 0.0032
  },
  "test_result": {
    "hit@5": 0.0,
    "hit@10": 0.0,
    "hit@20": 0.0088,
    "ndcg@5": 0.0,
    "ndcg@10": 0.0,
    "ndcg@20": 0.002,
    "mrr@5": 0.0,
    "mrr@10": 0.0,
    "mrr@20": 0.0004
  },
  "best_valid_special_metrics": {
    "split": "best_valid",
    "overall": {
      "count": 113,
      "hit@20": 0.017699115044247787,
      "ndcg@20": 0.0065757524123234035,
      "mrr@20": 0.003244837828442059
    },
    "slices": {
      "target_popularity_abs": {
        "rare_1_5": {
          "count": 113,
          "hit@20": 0.017699115044247787,
          "ndcg@20": 0.0065757524123234035,
          "mrr@20": 0.003244837828442059
        }
      },
      "target_popularity_abs_legacy": {
        "<=5": {
          "count": 113,
          "hit@20": 0.017699115044247787,
          "ndcg@20": 0.0065757524123234035,
          "mrr@20": 0.003244837828442059
        }
      },
      "session_len": {
        "<=7": {
          "count": 73,
          "hit@20": 0.0136986301369863,