stage_name,stage_key,split,aggregation_level,node_kind,node_name,route_space,support_size,wrapper_name,source_type,temperature,top_k,entropy_norm,n_eff_norm,top1_monopoly_norm,jitter_adj_norm,knn_consistency_score,knn_consistency_js,n_eff,cv_usage,top1_max_frac,entropy_mean
macro,macro@1,best_valid,session,final,final.expert,expert,12,GroupConditionalProductWrapper,,,,0.9982719101915178,0.9932150909325933,0.9113982464236271,0.0,0.9999156190591596,8.438450111224588e-05,11.91858109119112,0.08265141716284548,0.9187817258883249,2.4806125079314723
macro,macro@1,best_valid,session,final,final.group,group,4,GroupConditionalProductWrapper,,,,0.9987441145429548,0.9971867297712842,0.8917089678510998,0.0,0.9999512102431616,4.879094709732891e-05,3.988746919085137,0.05311449729031357,0.9187817258883249,1.3845533341925762
macro,macro@1,best_valid,session,final,final.intra.Exposure,intra,3,GroupConditionalProductWrapper,,,,0.9984535085334542,0.9967265348392936,0.9573604060913706,0.0,0.9999743044747773,2.5695855358401232e-05,2.990179604517881,0.05730752848662351,0.9715736040609138,1.0969132941386421
macro,macro@1,best_valid,session,final,final.intra.Focus,intra,3,GroupConditionalProductWrapper,,,,0.9965853405260175,0.9961725899488864,0.8781725888324873,0.0,0.9999072688352063,9.273546459400548e-05,2.988517769846659,0.06198518352254678,0.9187817258883249,1.0948609018083757
macro,macro@1,best_valid,session,final,final.intra.Memory,intra,3,GroupConditionalProductWrapper,,,,0.9988267811580909,0.9975849443614373,0.9741116751269034,0.0,0.9999858166037927,1.4183496792627646e-05,2.992754833084312,0.049202273064784016,0.9827411167512691,1.0973233760310914
macro,macro@1,best_valid,session,final,final.intra.Tempo,intra,3,GroupConditionalProductWrapper,,,,0.9967448471719034,0.9928526418997002,1.0,0.0,0.9999928575839044,7.142441602736975e-06,2.978557925699101,0.08484537646635244,1.0,1.09503613776967
