stage_name,stage_key,split,aggregation_level,node_kind,node_name,route_space,support_size,wrapper_name,source_type,temperature,top_k,entropy_norm,n_eff_norm,top1_monopoly_norm,jitter_adj_norm,knn_consistency_score,knn_consistency_js,n_eff,cv_usage,top1_max_frac,entropy_mean
macro,macro@1,best_valid,session,final,final.expert,expert,8,GroupConditionalProductWrapper,,,,0.981776999424283,0.9985365857142483,0.724814946760084,0.0,0.9990537959379862,0.0009466519956573535,7.988292685713986,0.03828310966491699,0.7592130784150735,2.041547877268634
macro,macro@1,best_valid,session,final,final.group,group,4,GroupConditionalProductWrapper,,,,0.9738092759828546,0.9988241924166543,0.6804285582340445,0.0,0.9991762544869854,0.0008240849777842252,3.9952967696666173,0.0343097485601902,0.7603214186755334,1.3499863081012746
macro,macro@1,best_valid,session,final,final.intra.Exposure,intra,2,GroupConditionalProductWrapper,,,,0.9969258303526161,0.999951364975344,0.5910224438902743,0.0,0.9997704802534357,0.00022954609025228157,1.999902729950688,0.006974458694458008,0.7955112219451371,0.6910163285362981
macro,macro@1,best_valid,session,final,final.intra.Focus,intra,2,GroupConditionalProductWrapper,,,,0.9975342377794768,0.9999934435320622,0.597672485453034,0.0,0.9999095943214364,9.04097654032365e-05,1.9999868870641244,0.0025562047958374023,0.798836242726517,0.6914380444288584
macro,macro@1,best_valid,session,final,final.intra.Memory,intra,2,GroupConditionalProductWrapper,,,,0.9994529561003114,0.9997592552071192,0.6935439179828207,0.0,0.9999877165961251,1.2283479316573014e-05,1.9995185104142383,0.015517354011535645,0.8467719589914103,0.6927679986232336
macro,macro@1,best_valid,session,final,final.intra.Tempo,intra,2,GroupConditionalProductWrapper,,,,0.9969237808569529,0.9985915023498769,0.9490163480188418,0.0,0.9999019120591066,9.809275183000823e-05,1.9971830046997538,0.037557005882263184,0.9745081740094209,0.6910149079341577
