{
  "valid": {
    "count": 3499,
    "hit@5": 0.01771934838525293,
    "hit@10": 0.02600743069448414,
    "hit@20": 0.04229779937124893,
    "ndcg@5": 0.013678588034868853,
    "ndcg@10": 0.0163144174985594,
    "ndcg@20": 0.02042020924621461,
    "mrr@5": 0.012341621455106437,
    "mrr@10": 0.01340382972907325,
    "mrr@20": 0.014524100955749247
  },
  "test": {
    "count": 2706,
    "hit@5": 0.11382113821138211,
    "hit@10": 0.1171470805617147,
    "hit@20": 0.12675535846267555,
    "ndcg@5": 0.11156794339616653,
    "ndcg@10": 0.1126391429506402,
    "ndcg@20": 0.11508402249280911,
    "mrr@5": 0.1108154718105386,
    "mrr@10": 0.11125467805204264,
    "mrr@20": 0.1119342875162364
  },
  "slice_metrics": {
    "valid": {
      "target_popularity_abs": {
        "cold_0": {
          "count": 860,
          "hit@5": 0.0,
          "hit@10": 0.0,
          "hit@20": 0.0,
          "ndcg@5": 0.0,
          "ndcg@10": 0.0,
          "ndcg@20": 0.0,
          "mrr@5": 0.0,
          "mrr@10": 0.0,
          "mrr@20": 0.0
        },
        "rare_1_5": {
          "count": 116,
          "hit@5": 0.017241379310344827,
          "hit@10": 0.017241379310344827,
          "hit@20": 0.017241379310344827,
          "ndcg@5": 0.017241379310344827,
          "ndcg@10": 0.017241379310344827,
          "ndcg@20": 0.017241379310344827,
          "mrr@5": 0.017241379310344827,
          "mrr@10": 0.017241379310344827,
          "mrr@20": 0.017241379310344827
        },
        "6_20": {
          "count": 334,
          "hit@5": 0.0029940119760479044,
          "hit@10": 0.005988023952095809,
          "hit@20": 0.008982035928143712,
          "ndcg@5": 0.0029940119760479044,
          "ndcg@10": 0.004060500574683001,
          "ndcg@20": 0.004895659085519299,
          "mrr@5": 0.0029940119760479044,
          "mrr@10": 0.0034930139869273065,
          "mrr@20": 0.003765196901952435
        },
        "21_100": {
          "count": 1259,
          "hit@5": 0.016679904686258934,
          "hit@10": 0.025416997617156472,
          "hit@20": 0.04050833995234313,
          "ndcg@5": 0.011449325619660455,
          "ndcg@10": 0.014217603007794562,
          "ndcg@20": 0.018034156444434422,
          "mrr@5": 0.009743182466463782,
          "mrr@10": 0.010851393843615595,
          "mrr@20": 0.011900493163523738
        },
        "101+": {
          "count": 930,
          "hit@5": 0.04086021505376344,
          "hit@10": 0.05913978494623656,
          "hit@20": 0.0989247311827957,
          "ndcg@5": 0.03273836406328345,
          "ndcg@10": 0.03852470693408802,
          "ndcg@20": 0.048505547370321006,
          "mrr@5": 0.030017921232408092,
          "mrr@10": 0.032334869571270485,
          "mrr@20": 0.035031755468858186
        }
      },
      "target_popularity_abs_legacy": {
        "<=5": {
          "count": 976,
          "hit@5": 0.0020491803278688526,
          "hit@10": 0.0020491803278688526,
          "hit@20": 0.0020491803278688526,
          "ndcg@5": 0.0020491803278688526,
          "ndcg@10": 0.0020491803278688526,
          "ndcg@20": 0.0020491803278688526,
          "mrr@5": 0.0020491803278688526,
          "mrr@10": 0.0020491803278688526,
          "mrr@20": 0.0020491803278688526
        },
        "6-20": {
          "count": 334,
          "hit@5": 0.0029940119760479044,
          "hit@10": 0.005988023952095809,
          "hit@20": 0.008982035928143712,
          "ndcg@5": 0.0029940119760479044,
          "ndcg@10": 0.004060500574683001,
          "ndcg@20": 0.004895659085519299,
          "mrr@5": 0.0029940119760479044,
          "mrr@10": 0.0034930139869273065,
          "mrr@20": 0.003765196901952435
        },
        "21-100": {
          "count": 1259,
          "hit@5": 0.016679904686258934,
          "hit@10": 0.025416997617156472,
          "hit@20": 0.04050833995234313,
          "ndcg@5": 0.011449325619660455,
          "ndcg@10": 0.014217603007794562,
          "ndcg@20": 0.018034156444434422,
          "mrr@5": 0.009743182466463782,
          "mrr@10": 0.010851393843615595,
          "mrr@20": 0.011900493163523738
        },
        ">100": {
          "count": 930,
          "hit@5": 0.04086021505376344,
          "hit@10": 0.05913978494623656,
          "hit@20": 0.0989247311827957,
          "ndcg@5": 0.03273836406328345,
          "ndcg@10": 0.03852470693408802,
          "ndcg@20": 0.048505547370321006,
          "mrr@5": 0.030017921232408092,
          "mrr@10": 0.032334869571270485,
          "mrr@20": 0.035031755468858186
        }
      },
      "session_len": {
        "<=7": {
          "count": 2358,
          "hit@5": 0.01441899915182358,
          "hit@10": 0.020780322307039863,
          "hit@20": 0.035623409669211195,
          "ndcg@5": 0.010109270764064546,
          "ndcg@10": 0.012194533611981924,
          "ndcg@20": 0.015929417490352503,
          "mrr@5": 0.0087008764864632,
          "mrr@10": 0.009577493767070002,
          "mrr@20": 0.010594368311146036
        },
        "8-12": {
          "count": 1141,
          "hit@5": 0.024539877300613498,
          "hit@10": 0.03680981595092025,
          "hit@20": 0.056091148115687994,
          "ndcg@5": 0.021054968512131393,
          "ndcg@10": 0.024828603479759823,
          "ndcg@20": 0.029700916485761363,
          "mrr@5": 0.019865615001171958,
          "mrr@10": 0.02131136715098706,
          "mrr@20": 0.022645318813746065
        }
      },
      "session_len_legacy": {
        "1-2": {
          "count": 615,
          "hit@5": 0.0065040650406504065,
          "hit@10": 0.011382113821138212,
          "hit@20": 0.02113821138211382,
          "ndcg@5": 0.00398123443611269,
          "ndcg@10": 0.005578196339490937,
          "ndcg@20": 0.008086911764571337,
          "mrr@5": 0.003170731712162979,
          "mrr@10": 0.0038385598397836455,
          "mrr@20": 0.004550475075962098
        },
        "3-5": {
          "count": 1305,
          "hit@5": 0.019157088122605363,
          "hit@10": 0.02528735632183908,
          "hit@20": 0.04291187739463601,
          "ndcg@5": 0.01366099228804139,
          "ndcg@10": 0.015718552824181158,
          "ndcg@20": 0.02013341919215703,
          "mrr@5": 0.011864623301787395,
          "mrr@10": 0.012757100370423546,
          "mrr@20": 0.01394881287810903
        },
        "6-10": {
          "count": 1579,
          "hit@5": 0.02089930335655478,
          "hit@10": 0.03229892336922103,
          "hit@20": 0.050031665611146296,
          "ndcg@5": 0.017470123761813047,
          "ndcg@10": 0.02098850199057378,
          "ndcg@20": 0.02546089257221572,
          "mrr@5": 0.01630778977809034,
          "mrr@10": 0.017663882164127696,
          "mrr@20": 0.01888415849684461
        }
      }
    },
    "test": {
      "target_popularity_abs": {
        "cold_0": {
          "count": 1813,
          "hit@5": 0.0,
          "hit@10": 0.0,
          "hit@20": 0.0,
          "ndcg@5": 0.0,
          "ndcg@10": 0.0,
          "ndcg@20": 0.0,
          "mrr@5": 0.0,
          "mrr@10": 0.0,
          "mrr@20": 0.0
        },
        "rare_1_5": {
          "count": 93,
          "hit@5": 0.3763440860215054,
          "hit@10": 0.3763440860215054,
          "hit@20": 0.3763440860215054,
          "ndcg@5": 0.3644385946694241,
          "ndcg@10": 0.3644385946694241,
          "ndcg@20": 0.3644385946694241,
          "mrr@5": 0.3602150537634409,
          "mrr@10": 0.3602150537634409,
          "mrr@20": 0.3602150537634409
        },
        "6_20": {
          "count": 112,
          "hit@5": 0.3392857142857143,
          "hit@10": 0.3392857142857143,
          "hit@20": 0.3482142857142857,
          "ndcg@5": 0.3392857142857143,
          "ndcg@10": 0.3392857142857143,
          "ndcg@20": 0.3416985550097057,
          "mrr@5": 0.3392857142857143,
          "mrr@10": 0.3392857142857143,
          "mrr@20": 0.34002976192693624
        },
        "21_100": {
          "count": 425,