stage_name,stage_key,split,aggregation_level,node_kind,node_name,route_space,support_size,wrapper_name,source_type,temperature,top_k,entropy_norm,n_eff_norm,top1_monopoly_norm,jitter_adj_norm,knn_consistency_score,knn_consistency_js,n_eff,cv_usage,top1_max_frac,entropy_mean
macro,macro@1,best_valid,session,final,final.expert,expert,12,ScalarGroupConditionalProductWrapper,,,,0.5233973414422451,0.33796361904841327,0.9374539123678521,0.0,0.9385437674182047,0.06342578854142478,4.055563428580959,1.3996063053725272,0.9426660863371978,1.3005935342311954
macro,macro@1,best_valid,session,final,final.group,group,4,ScalarGroupConditionalProductWrapper,,,,0.9381788897131222,0.8698883247214962,0.9486672206175233,0.0,0.9983258386288613,0.001675564345375883,3.479553298885985,0.38674643635749817,0.9615004154631425,1.3005921045310211
macro,macro@1,best_valid,session,final,final.intra.Exposure,intra,3,ScalarGroupConditionalProductWrapper,,,,3.353445133931103e-07,0.35788897499843747,0.9466426621295453,0.0,0.9805792986046278,0.019611760935602136,1.0736669249953124,1.3394634920518549,0.9644284414196969,3.6841360335109854e-07
macro,macro@1,best_valid,session,final,final.intra.Focus,intra,3,ScalarGroupConditionalProductWrapper,,,,3.353445133931103e-07,0.6577952298873965,0.3370988802279112,0.0,0.879878286660545,0.12797169168869676,1.9733856896621893,0.7212695860484366,0.5580659201519408,3.6841360335109854e-07
macro,macro@1,best_valid,session,final,final.intra.Memory,intra,3,ScalarGroupConditionalProductWrapper,,,,3.353445133931103e-07,0.36749448130148105,0.9267004312903099,0.0,0.9415555107791321,0.06022197268764848,1.102483443904443,1.3119181003594964,0.9511336208602066,3.6841360335109854e-07
macro,macro@1,best_valid,session,final,final.intra.Tempo,intra,3,ScalarGroupConditionalProductWrapper,,,,3.353445133931103e-07,0.509289426392734,0.6669172634827681,0.0,0.9028319213494251,0.10221887650098689,1.527868279178202,0.9815905695679614,0.7779448423218455,3.6841360335109854e-07
