stage_name,stage_key,split,aggregation_level,node_kind,node_name,route_space,support_size,wrapper_name,source_type,temperature,top_k,entropy_norm,n_eff_norm,top1_monopoly_norm,jitter_adj_norm,knn_consistency_score,knn_consistency_js,n_eff,cv_usage,top1_max_frac,entropy_mean
macro,macro@1,best_valid,session,final,final.expert,expert,12,ScalarGroupConditionalProductWrapper,,,,0.9505191770206853,0.8448327963122115,0.46516574800093163,0.0,0.9980818172840724,0.0019200247843862732,10.137993555746538,0.4285628455020693,0.509735269000854,2.3619514237297183
macro,macro@1,best_valid,session,final,final.group,group,4,ScalarGroupConditionalProductWrapper,,,,0.9161672490447248,0.854639060878024,0.4183888414460575,0.0,0.9981473988248959,0.0018543193630670455,3.418556243512096,0.41241317987442017,0.5637916310845431,1.2700774911934245
macro,macro@1,best_valid,session,final,final.intra.Exposure,intra,3,ScalarGroupConditionalProductWrapper,,,,0.991320236529555,0.9816125685279123,0.9725875320239111,0.0,0.9999533712961831,4.662979096873825e-05,2.944837705583737,0.1368645612339806,0.9817250213492741,1.0890765938567464
macro,macro@1,best_valid,session,final,final.intra.Focus,intra,3,ScalarGroupConditionalProductWrapper,,,,0.9967291239866954,0.9931913662785415,1.0,0.0,0.9999571886869107,4.2812229519685765e-05,2.9795740988356245,0.08279697909066143,1.0,1.0950188640851837
macro,macro@1,best_valid,session,final,final.intra.Memory,intra,3,ScalarGroupConditionalProductWrapper,,,,0.9963343163455161,0.9929004125481536,0.5824081981212639,0.0,0.9999080767683896,9.192745680968362e-05,2.978701237644461,0.08455928535582764,0.7216054654141759,1.094585123558924
macro,macro@1,best_valid,session,final,final.intra.Tempo,intra,3,ScalarGroupConditionalProductWrapper,,,,0.9817416915214944,0.9640399401713379,1.0,0.0,0.9998301574505637,0.00016985697431545895,2.8921198205140137,0.19313578477097199,1.0,1.0785534866033304
