{
  "split": "best_valid",
  "feature_mode": "none",
  "stages": [
    {
      "stage": "macro@1",
      "n_eff": 11.303955297498577,
      "cv_usage": 0.2481437326030811,
      "top1_max_frac": 0.47146964021256205,
      "entropy_mean": 2.33999484112292,
      "route_jitter_adjacent": 0.0,
      "route_consistency_knn_js": 0.010776757864753241,
      "route_consistency_knn_score": 0.9892811033516481,
      "route_consistency_group_knn_js": 0.0061594497693305975,
      "route_consistency_group_knn_score": 0.993859480754255,
      "route_consistency_intra_group_knn_mean_js": 0.005463441410501897,
      "route_consistency_intra_group_knn_mean_score": 0.9945638307421418,
      "route_consistency_feature_group_knn_mean_score": 0.9683740045196558,
      "family_top_expert_mean_share": 0.13488838076591492,
      "route_consistency_feature_group_knn_tempo_js": 0.033186349181370395,
      "route_consistency_feature_group_knn_tempo_score": 0.9673582763688453,
      "route_consistency_feature_group_knn_focus_js": 0.028520400271959578,
      "route_consistency_feature_group_knn_focus_score": 0.9718824672772552,
      "route_consistency_feature_group_knn_memory_js": 0.03836378567918695,
      "route_consistency_feature_group_knn_memory_score": 0.9623627834051365,
      "route_consistency_feature_group_knn_exposure_js": 0.028510086577888748,
      "route_consistency_feature_group_knn_exposure_score": 0.9718924910273864
    }
  ]
}
