best_mrr20,epoch,eval,lr,patience_used,train_loss,trial,valid_mrr20
0.0907,1,1,0.0013946102626655006,0,467.2813596725464,1,0.0907
0.1476,2,1,0.001378533270562113,0,420.3481364250183,1,0.1476
0.1476,3,1,0.0013520441054821106,1,392.2807469367981,1,0.0597
0.1476,5,1,0.001269812604383478,3,364.7709536552429,1,0.0465
