stage_name,stage_key,split,aggregation_level,node_kind,node_name,route_space,support_size,wrapper_name,source_type,temperature,top_k,entropy_norm,n_eff_norm,top1_monopoly_norm,jitter_adj_norm,knn_consistency_score,knn_consistency_js,n_eff,cv_usage,top1_max_frac,entropy_mean
macro,macro@1,best_valid,session,final,final.expert,expert,16,ScalarGroupConditionalProductWrapper,,,,0.9032321191470105,0.6399177840005297,0.6028858201770005,0.0,0.9921576855046316,0.007873227167688257,10.238684544008475,0.7501338720321655,0.627705456415938,2.5042911871117397
macro,macro@1,best_valid,session,final,final.group,group,4,ScalarGroupConditionalProductWrapper,,,,0.9079522051229807,0.794618206426241,0.9782112663052797,0.0,0.9982589797887349,0.0017425375483519148,3.178472825704964,0.5083955526351929,0.9836584497289598,1.2586890221283584
macro,macro@1,best_valid,session,final,final.intra.Exposure,intra,4,ScalarGroupConditionalProductWrapper,,,,0.8564257217840825,0.766499702212509,0.5036072752212507,0.0,0.994384201429127,0.005631626452947215,3.065998808850036,0.5519347786903381,0.627705456415938,1.1872581488273057
macro,macro@1,best_valid,session,final,final.intra.Focus,intra,4,ScalarGroupConditionalProductWrapper,,,,0.9850305811259907,0.9816591200557684,0.36886532399530464,0.0,0.9993076930638036,0.0006925466913058097,3.9266364802230735,0.13668780028820038,0.5266489929964785,1.36554234014561
macro,macro@1,best_valid,session,final,final.intra.Memory,intra,4,ScalarGroupConditionalProductWrapper,,,,0.9572948184232156,0.9940601272726605,0.6745934396391405,0.0,0.9903206498562916,0.009726499550408654,3.976240509090642,0.07730063796043396,0.7559450797293554,1.3270924087093934
macro,macro@1,best_valid,session,final,final.intra.Tempo,intra,4,ScalarGroupConditionalProductWrapper,,,,0.8435440382345195,0.8443534033239627,0.46815442039594296,0.0,0.9888342193482914,0.011228585931429627,3.3774136132958508,0.4293460632150098,0.6011158152969572,1.1694003435608158
