{
  "model": "FEARec",
  "dataset": "retail_rocket",
  "dataset_raw": "retail_rocket",
  "max_evals": 3,
  "tune_epochs": 18,
  "n_completed": 3,
  "n_recorded_trials": 3,
  "timestamp": "2026-04-09T09:13:29.950295",
  "trials": [
    {
      "trial": 1,
      "params": {
        "learning_rate": 0.0006053566815208738
      },
      "mrr@20": 0.2752,
      "valid_result": {
        "hit@5": 0.3697,
        "hit@10": 0.4323,
        "hit@20": 0.4914,
        "ndcg@5": 0.2894,
        "ndcg@10": 0.3097,
        "ndcg@20": 0.3247,
        "mrr@5": 0.2627,
        "mrr@10": 0.2711,
        "mrr@20": 0.2752
      },
      "test_result": {
        "hit@5": 0.3693,
        "hit@10": 0.434,
        "hit@20": 0.4947,
        "ndcg@5": 0.2901,
        "ndcg@10": 0.311,
        "ndcg@20": 0.3264,
        "mrr@5": 0.2638,
        "mrr@10": 0.2724,
        "mrr@20": 0.2767
      },
      "best_hr@10": 0.4323,
      "test_mrr@20": 0.2767,
      "test_hr@10": 0.434,
      "epochs_run": 15,
      "early_stop_epoch": 15,
      "early_stopped": true,
      "elapsed": 274.1,
      "status": "ok"
    },
    {
      "trial": 2,
      "params": {
        "learning_rate": 0.0004273707930069799
      },
      "mrr@20": 0.2629,
      "valid_result": {
        "hit@5": 0.3584,
        "hit@10": 0.4206,
        "hit@20": 0.4792,
        "ndcg@5": 0.2775,
        "ndcg@10": 0.2976,
        "ndcg@20": 0.3124,
        "mrr@5": 0.2506,
        "mrr@10": 0.2588,
        "mrr@20": 0.2629
      },
      "test_result": {
        "hit@5": 0.3557,
        "hit@10": 0.4223,
        "hit@20": 0.4829,
        "ndcg@5": 0.2762,
        "ndcg@10": 0.2978,
        "ndcg@20": 0.3131,
        "mrr@5": 0.2498,
        "mrr@10": 0.2587,
        "mrr@20": 0.2629
      },
      "best_hr@10": 0.4206,
      "test_mrr@20": 0.2629,
      "test_hr@10": 0.4223,
      "epochs_run": 18,
      "early_stop_epoch": 18,
      "early_stopped": false,
      "elapsed": 330.3,
      "status": "ok"
    },
    {
      "trial": 3,
      "params": {
        "learning_rate": 0.0006658456699544931
      },
      "mrr@20": 0.2798,
      "valid_result": {
        "hit@5": 0.3722,
        "hit@10": 0.4355,
        "hit@20": 0.4955,
        "ndcg@5": 0.2934,
        "ndcg@10": 0.3139,
        "ndcg@20": 0.3291,
        "mrr@5": 0.2672,
        "mrr@10": 0.2757,
        "mrr@20": 0.2798
      },
      "test_result": {
        "hit@5": 0.373,
        "hit@10": 0.4377,
        "hit@20": 0.4998,
        "ndcg@5": 0.2945,
        "ndcg@10": 0.3155,
        "ndcg@20": 0.3312,
        "mrr@5": 0.2684,
        "mrr@10": 0.2771,
        "mrr@20": 0.2814
      },
      "best_hr@10": 0.4355,
      "test_mrr@20": 0.2814,
      "test_hr@10": 0.4377,
      "epochs_run": 18,
      "early_stop_epoch": 18,
      "early_stopped": false,
      "elapsed": 328.3,
      "status": "ok"
    }
  ],
  "run_group": "baseline",
  "run_axis": "stageh_targetedrecovery_anchor2_core5",
  "run_phase": "P23_SH_C23_MFEAREC_XFER_FOURSQUARE_FAD_H1_R1_C2_LIGHT_S1",
  "parent_result": "",
  "interrupted": false,
  "interrupted_at": null,
  "tuned_search": {
    "learning_rate": [
      0.00036862231005681484,
      0.0006764720715884229
    ]
  },
  "fixed_search": {
    "n_layers": 2,
    "n_heads": 2,
    "weight_decay": 6e-05,
    "hidden_dropout_prob": 0.08,
    "MAX_ITEM_LIST_LENGTH": 10,
    "num_layers": 2,
    "num_heads": 2,
    "dropout_ratio": 0.08,
    "dropout_prob": 0.08,
    "attn_dropout_prob": 0.08,
    "hidden_size": 112,
    "embedding_size": 112,
    "inner_size": 224,
    "time_span": 256,
    "num_experts": 4,
    "state_size": 16,
    "conv_kernel": 4,
    "remaining_ratio": 0.5
  },
  "context_fixed": {
    "num_layers": 2,
    "search_space_type_overrides": {
      "learning_rate": "loguniform",
      "weight_decay": "choice",
      "n_layers": "choice",
      "num_layers": "choice",
      "n_heads": "choice",
      "num_heads": "choice",
      "dropout_ratio": "choice",
      "dropout_prob": "choice",
      "hidden_dropout_prob": "choice",
      "attn_dropout_prob": "choice",
      "hidden_size": "choice",
      "embedding_size": "choice",
      "inner_size": "choice",
      "time_span": "choice",
      "num_experts": "choice",
      "state_size": "choice",
      "conv_kernel": "choice",
      "remaining_ratio": "choice",
      "MAX_ITEM_LIST_LENGTH": "choice"
    }
  },
  "best_params": {
    "learning_rate": 0.0006658456699544931
  },
  "best_mrr@20": 0.2798,
  "best_hr@10": 0.4355,
  "test_mrr@20": 0.2814,
  "test_hr@10": 0.4377,
  "best_valid_result": {
    "hit@5": 0.3722,
    "hit@10": 0.4355,
    "hit@20": 0.4955,
    "ndcg@5": 0.2934,
    "ndcg@10": 0.3139,
    "ndcg@20": 0.3291,
    "mrr@5": 0.2672,
    "mrr@10": 0.2757,
    "mrr@20": 0.2798
  },
  "test_result": {
    "hit@5": 0.373,
    "hit@10": 0.4377,
    "hit@20": 0.4998,
    "ndcg@5": 0.2945,
    "ndcg@10": 0.3155,
    "ndcg@20": 0.3312,
    "mrr@5": 0.2684,
    "mrr@10": 0.2771,
    "mrr@20": 0.2814
  },
  "best_valid_special_metrics": {
    "split": "best_valid",
    "overall": {
      "count": 22961,
      "hit@20": 0.4955359087147772,
      "ndcg@20": 0.329080842249428,
      "mrr@20": 0.27984273661849396
    },
    "slices": {
      "target_popularity_abs": {
        "rare_1_5": {
          "count": 20110,
          "hit@20": 0.4680258577821979,
          "ndcg@20": 0.30772984530915676,
          "mrr@20": 0.26044519576862313
        },
        "6_20": {
          "count": 2526,
          "hit@20": 0.6836896278701504,
          "ndcg@20": 0.4706277989340697,
          "mrr@20": 0.4066827929197491
        },
        "21_100": {
          "count": 325,
          "hit@20": 0.7353846153846154,
          "ndcg@20": 0.5500683372754317,
          "mrr@20": 0.4942629343844377
        }
      },
      "target_popularity_abs_legacy": {
        "<=5": {
          "count": 20110,
          "hit@20": 0.4680258577821979,
          "ndcg@20": 0.30772984530915676,
          "mrr@20": 0.26044519576862313
        },
        "6-20": {
          "count": 2526,
          "hit@20": 0.6836896278701504,
          "ndcg@20": 0.4706277989340697,
          "mrr@20": 0.4066827929197491
        },
        "21-100": {
          "count": 325,
          "hit@20": 0.7353846153846154,
          "ndcg@20": 0.5500683372754317,
          "mrr@20": 0.4942629343844377
        }
      },
      "session_len": {
        "<=7": {
          "count": 20698,
          "hit@20": 0.5079234708667504,
          "ndcg@20": 0.339351021623062,
          "mrr@20": 0.28941028373702354
        },
        "8-12": {
          "count": 2263,
          "hit@20": 0.382235969951392,
          "ndcg@20": 0.23514704963984975,
          "mrr@20": 0.19233540552732062
        }
      },
      "session_len_legacy": {
        "1-2": {
          "count": 10403,
          "hit@20": 0.5346534653465347,
          "ndcg@20": 0.37118629791937596,
          "mrr@20": 0.32238180467814687
        },
        "3-5": {
          "count": 8710,
          "hit@20": 0.4881745120551091,
          "ndcg@20": 0.3134426979688087,
          "mrr@20": 0.26199527034059117
        },
        "6-10": {
          "count": 3848,
          "hit@20": 0.40644490644490644,
          "ndcg@20": 0.2506466378184837,
          "mrr@20": 0.20523709895112505
        }
      }
    },
    "counts": {
      "target_popularity_abs": {
        "rare_1_5": 20110,
        "6_20": 2526,
        "21_100": 325
      },
      "target_popularity_abs_legacy": {
        "<=5": 20110,
        "6-20": 2526,
        "21-100": 325
      },
      "session_len": {
        "<=7": 20698,
        "8-12": 2263
      },
      "session_len_legacy": {
        "1-2": 10403,
        "3-5": 8710,
        "6-10": 3848
      }
    },
    "config_snapshot": {
      "target_popularity_abs_bins": [
        "cold_0",
        "rare_1_5",
        "6_20",
        "21_100",
        "101+"
      ],