stage_name,stage_key,split,aggregation_level,node_kind,node_name,route_space,support_size,wrapper_name,source_type,temperature,top_k,entropy_norm,n_eff_norm,top1_monopoly_norm,jitter_adj_norm,knn_consistency_score,knn_consistency_js,n_eff,cv_usage,top1_max_frac,entropy_mean
macro,macro@1,best_valid,session,final,final.expert,expert,12,GroupConditionalProductWrapper,,,,0.5713498882021812,0.489597450262302,0.509833245773483,0.34167634367856836,0.9656662260898505,0.03493702612209405,5.875169403147624,1.0210261953488704,0.5506804752923594,1.4197511365492308
macro,macro@1,best_valid,session,final,final.group,group,4,GroupConditionalProductWrapper,,,,0.553086599021412,0.8244239818836427,0.38511195084499156,0.0,0.9704703516760551,0.029974426374952977,3.297695927534571,0.4614846110343933,0.5388339631337437,0.7667408334343615
macro,macro@1,best_valid,session,final,final.intra.Exposure,intra,3,GroupConditionalProductWrapper,,,,0.5521007068823569,0.8526803828174079,0.2361952895851372,0.0,0.9848533015605009,0.015262581327470645,2.5580411484522236,0.4156589682203839,0.4907968597234248,0.6065446211633073
macro,macro@1,best_valid,session,final,final.intra.Focus,intra,3,GroupConditionalProductWrapper,,,,0.947279853183207,0.9019350335049472,1.0,0.0,0.9999499769862263,5.002426496632686e-05,2.7058051005148416,0.3297382494885251,1.0,1.040693287514794
macro,macro@1,best_valid,session,final,final.intra.Memory,intra,3,GroupConditionalProductWrapper,,,,0.5017962682166418,0.516163156405514,0.9176046553772425,0.0,0.9995025681928678,0.0004975555673768944,1.548489469216542,0.9681797902691239,0.9450697702514951,0.5512795466706015
macro,macro@1,best_valid,session,final,final.intra.Tempo,intra,3,GroupConditionalProductWrapper,,,,0.6484131032464553,0.7472453282791927,0.524179637422897,0.0,0.9924284678218321,0.0076003417417498985,2.241735984837578,0.58159145469691,0.682786424948598,0.7123546033599796
