best_mrr20,epoch,epoch_time_sec,eval,lr,patience_used,train_loss,trial,valid_mrr20
0.0124,1,15.577056884765625,1,0.0003193056373709306,0,700.7498393058777,1,0.0124
0.0156,3,14.75932240486145,1,0.00031872721861959594,0,617.0186505317688,1,0.0156
0.0182,6,14.745998620986938,1,0.00031678078495810753,0,560.2932839393616,1,0.0182
0.0182,10,14.246458768844604,1,0.0003122022105244988,4,521.1092844009399,1,0.0172
0.0182,16,14.159883499145508,1,0.0003012476145269045,10,479.0540609359741,1,0.0178
