best_mrr20,epoch,eval,lr,patience_used,train_loss,trial,valid_mrr20
0.0126,1,1,0.00016,0,223.15074062347412,1,0.0126
0.0126,3,1,0.00016,2,215.54374599456787,1,0.009
0.0126,6,1,0.00016,5,205.35052394866943,1,0.0124
