stage_name,stage_key,split,aggregation_level,node_kind,node_name,route_space,support_size,wrapper_name,source_type,temperature,top_k,entropy_norm,n_eff_norm,top1_monopoly_norm,jitter_adj_norm,knn_consistency_score,knn_consistency_js,n_eff,cv_usage,top1_max_frac,entropy_mean
macro,macro@1,best_valid,session,final,final.expert,expert,16,FlatJointWrapper,,,,0.9052098664168682,0.8625587387895028,0.20665796172463366,0.8554698263984569,0.9761838351166517,0.024104354653436137,13.800939820632045,0.3991757929325104,0.25624183911684406,2.5097746668875875
macro,macro@1,best_valid,session,final,final.group,group,4,FlatJointWrapper,,,,0.9335108709896375,0.9235481318882636,0.4053733233094607,0.0,0.9926335273200201,0.007393739127404147,3.6941925275530543,0.2877161502838135,0.5540299924820955,1.294120856497052
macro,macro@1,best_valid,session,final,final.intra.Exposure,intra,4,FlatJointWrapper,,,,0.8843874251445909,0.9321585963784685,0.2720030599190177,0.0,0.987041691344952,0.013042999969683023,3.728634385513874,0.2697754502296448,0.45400229493926325,1.2260213005232856
macro,macro@1,best_valid,session,final,final.intra.Focus,intra,4,FlatJointWrapper,,,,0.8931287865574205,0.9591437575449346,0.2047375987549295,0.0,0.985404406609701,0.014703156982840521,3.8365750301797386,0.20638925356993038,0.40355319906619713,1.2381394005584023
macro,macro@1,best_valid,session,final,final.intra.Memory,intra,4,FlatJointWrapper,,,,0.8482745766835529,0.8919300113226922,0.3758820348461467,0.0,0.9834103853419551,0.016728763411337392,3.567720045290769,0.34808647632598877,0.53191152613461,1.1759582623377716
macro,macro@1,best_valid,session,final,final.intra.Tempo,intra,4,FlatJointWrapper,,,,0.8973082427533022,0.9544179018891281,0.18774977248446958,0.0,0.9833267138458227,0.016813850021253282,3.8176716075565125,0.2185383141040802,0.3908123293633522,1.2439333571153008
