stage_name,stage_key,split,aggregation_level,node_kind,node_name,route_space,support_size,wrapper_name,source_type,temperature,top_k,entropy_norm,n_eff_norm,top1_monopoly_norm,jitter_adj_norm,knn_consistency_score,knn_consistency_js,n_eff,cv_usage,top1_max_frac,entropy_mean
macro,macro@1,best_valid,session,final,final.expert,expert,12,ScalarGroupConditionalProductWrapper,,,,0.7834314287677873,0.6894662668167224,0.5605097413092242,0.0,0.9504561244344001,0.05081327862997129,8.273595201800669,0.6711166305015462,0.5971339295334555,1.9467539669979887
macro,macro@1,best_valid,session,final,final.group,group,4,ScalarGroupConditionalProductWrapper,,,,0.9249444366570121,0.9857805469345834,0.08060673538531526,0.0,0.9873652391860424,0.012715258166325981,3.9431221877383336,0.12010204046964645,0.31045505153898645,1.2822452568868297
macro,macro@1,best_valid,session,final,final.intra.Exposure,intra,3,ScalarGroupConditionalProductWrapper,,,,0.31603864312475544,0.4658492626489969,0.8733433897209352,0.0,0.9690782991953236,0.03140986623270711,1.3975477879469906,1.0708020904421183,0.9155622598139568,0.34720393703085156
macro,macro@1,best_valid,session,final,final.intra.Focus,intra,3,ScalarGroupConditionalProductWrapper,,,,0.5872029948097035,0.9670962658528798,0.16991703480228426,0.0,0.9468635507258121,0.05460028200021435,2.901288797558639,0.18445378737289347,0.4466113565348562,0.6451084260406565
macro,macro@1,best_valid,session,final,final.intra.Memory,intra,3,ScalarGroupConditionalProductWrapper,,,,0.7295581305667274,0.7871779987496902,0.6334985454153647,0.0,0.9622807946229012,0.03844898460455778,2.3615339962490705,0.5199622505914494,0.7556656969435764,0.80150152753834
macro,macro@1,best_valid,session,final,final.intra.Tempo,intra,3,ScalarGroupConditionalProductWrapper,,,,0.7344454666175921,0.918238878052091,0.2610710052796035,0.0,0.9661044662215419,0.03448330753017882,2.754716634156273,0.29839780037409663,0.5073806701864023,0.8068708149826707
