{
  "model": "FEARec",
  "dataset": "retail_rocket",
  "dataset_raw": "retail_rocket",
  "max_evals": 8,
  "tune_epochs": 50,
  "n_completed": 8,
  "n_recorded_trials": 8,
  "timestamp": "2026-04-13T05:41:31.636810",
  "trials": [
    {
      "trial": 1,
      "params": {
        "learning_rate": 0.0008639130260328805
      },
      "mrr@20": 0.2696,
      "valid_result": {
        "hit@5": 0.3652,
        "hit@10": 0.4297,
        "hit@20": 0.4908,
        "ndcg@5": 0.2837,
        "ndcg@10": 0.3046,
        "ndcg@20": 0.3201,
        "mrr@5": 0.2567,
        "mrr@10": 0.2653,
        "mrr@20": 0.2696
      },
      "test_result": {
        "hit@5": 0.3664,
        "hit@10": 0.432,
        "hit@20": 0.4954,
        "ndcg@5": 0.2851,
        "ndcg@10": 0.3063,
        "ndcg@20": 0.3224,
        "mrr@5": 0.2581,
        "mrr@10": 0.2669,
        "mrr@20": 0.2713
      },
      "best_hr@10": 0.4297,
      "test_mrr@20": 0.2713,
      "test_hr@10": 0.432,
      "epochs_run": 9,
      "early_stop_epoch": 9,
      "early_stopped": true,
      "elapsed": 434.8,
      "status": "ok"
    },
    {
      "trial": 2,
      "params": {
        "learning_rate": 0.0008489113270510747
      },
      "mrr@20": 0.2731,
      "valid_result": {
        "hit@5": 0.3686,
        "hit@10": 0.4349,
        "hit@20": 0.4954,
        "ndcg@5": 0.2871,
        "ndcg@10": 0.3086,
        "ndcg@20": 0.3239,
        "mrr@5": 0.26,
        "mrr@10": 0.2689,
        "mrr@20": 0.2731
      },
      "test_result": {
        "hit@5": 0.3697,
        "hit@10": 0.4346,
        "hit@20": 0.4968,
        "ndcg@5": 0.2891,
        "ndcg@10": 0.3102,
        "ndcg@20": 0.326,
        "mrr@5": 0.2624,
        "mrr@10": 0.2711,
        "mrr@20": 0.2755
      },
      "best_hr@10": 0.4349,
      "test_mrr@20": 0.2755,
      "test_hr@10": 0.4346,
      "epochs_run": 9,
      "early_stop_epoch": 9,
      "early_stopped": true,
      "elapsed": 439.5,
      "status": "ok"
    },
    {
      "trial": 3,
      "params": {
        "learning_rate": 0.0008615640649550695
      },
      "mrr@20": 0.2605,
      "valid_result": {
        "hit@5": 0.3482,
        "hit@10": 0.411,
        "hit@20": 0.4696,
        "ndcg@5": 0.273,
        "ndcg@10": 0.2933,
        "ndcg@20": 0.3082,
        "mrr@5": 0.248,
        "mrr@10": 0.2564,
        "mrr@20": 0.2605
      },
      "test_result": {
        "hit@5": 0.3511,
        "hit@10": 0.416,
        "hit@20": 0.4753,
        "ndcg@5": 0.2747,
        "ndcg@10": 0.2957,
        "ndcg@20": 0.3108,
        "mrr@5": 0.2494,
        "mrr@10": 0.258,
        "mrr@20": 0.2622
      },
      "best_hr@10": 0.411,
      "test_mrr@20": 0.2622,
      "test_hr@10": 0.416,
      "epochs_run": 10,
      "early_stop_epoch": 10,
      "early_stopped": true,
      "elapsed": 506.8,
      "status": "ok"
    },
    {
      "trial": 4,
      "params": {
        "learning_rate": 0.0008476627916640448
      },
      "mrr@20": 0.2708,
      "valid_result": {
        "hit@5": 0.3668,
        "hit@10": 0.4319,
        "hit@20": 0.4938,
        "ndcg@5": 0.285,
        "ndcg@10": 0.3061,
        "ndcg@20": 0.3217,
        "mrr@5": 0.2578,
        "mrr@10": 0.2665,
        "mrr@20": 0.2708
      },
      "test_result": {
        "hit@5": 0.3664,
        "hit@10": 0.4326,
        "hit@20": 0.4952,
        "ndcg@5": 0.2856,
        "ndcg@10": 0.3071,
        "ndcg@20": 0.3229,
        "mrr@5": 0.2588,
        "mrr@10": 0.2676,
        "mrr@20": 0.272
      },
      "best_hr@10": 0.4319,
      "test_mrr@20": 0.272,
      "test_hr@10": 0.4326,
      "epochs_run": 8,
      "early_stop_epoch": 8,
      "early_stopped": true,
      "elapsed": 390.8,
      "status": "ok"
    },
    {
      "trial": 5,
      "params": {
        "learning_rate": 0.0008550043946425363
      },
      "mrr@20": 0.2731,
      "valid_result": {
        "hit@5": 0.3695,
        "hit@10": 0.434,
        "hit@20": 0.4941,
        "ndcg@5": 0.2875,
        "ndcg@10": 0.3084,
        "ndcg@20": 0.3236,
        "mrr@5": 0.2602,
        "mrr@10": 0.2689,
        "mrr@20": 0.2731
      },
      "test_result": {
        "hit@5": 0.3689,
        "hit@10": 0.4348,
        "hit@20": 0.4973,
        "ndcg@5": 0.2872,
        "ndcg@10": 0.3086,
        "ndcg@20": 0.3244,
        "mrr@5": 0.2601,
        "mrr@10": 0.2689,
        "mrr@20": 0.2732
      },
      "best_hr@10": 0.434,
      "test_mrr@20": 0.2732,
      "test_hr@10": 0.4348,
      "epochs_run": 9,
      "early_stop_epoch": 9,
      "early_stopped": true,
      "elapsed": 442.6,
      "status": "ok"
    },
    {
      "trial": 6,
      "params": {
        "learning_rate": 0.0008460682250285792
      },
      "mrr@20": 0.2707,
      "valid_result": {
        "hit@5": 0.3655,
        "hit@10": 0.4304,
        "hit@20": 0.4905,
        "ndcg@5": 0.2848,
        "ndcg@10": 0.3057,
        "ndcg@20": 0.321,
        "mrr@5": 0.2579,
        "mrr@10": 0.2665,
        "mrr@20": 0.2707
      },
      "test_result": {
        "hit@5": 0.37,
        "hit@10": 0.434,
        "hit@20": 0.4939,
        "ndcg@5": 0.2875,
        "ndcg@10": 0.3082,
        "ndcg@20": 0.3234,
        "mrr@5": 0.2601,
        "mrr@10": 0.2686,
        "mrr@20": 0.2728
      },
      "best_hr@10": 0.4304,
      "test_mrr@20": 0.2728,
      "test_hr@10": 0.434,
      "epochs_run": 9,
      "early_stop_epoch": 9,
      "early_stopped": true,
      "elapsed": 434.9,
      "status": "ok"
    },
    {
      "trial": 7,
      "params": {
        "learning_rate": 0.0008455811380840625
      },
      "mrr@20": 0.2709,
      "valid_result": {
        "hit@5": 0.3682,
        "hit@10": 0.4333,
        "hit@20": 0.4928,
        "ndcg@5": 0.2855,
        "ndcg@10": 0.3065,
        "ndcg@20": 0.3216,
        "mrr@5": 0.258,
        "mrr@10": 0.2667,
        "mrr@20": 0.2709
      },
      "test_result": {
        "hit@5": 0.3677,
        "hit@10": 0.433,
        "hit@20": 0.4943,
        "ndcg@5": 0.2857,
        "ndcg@10": 0.3068,
        "ndcg@20": 0.3224,
        "mrr@5": 0.2584,
        "mrr@10": 0.2672,
        "mrr@20": 0.2715
      },
      "best_hr@10": 0.4333,
      "test_mrr@20": 0.2715,
      "test_hr@10": 0.433,
      "epochs_run": 9,
      "early_stop_epoch": 9,
      "early_stopped": true,
      "elapsed": 444.9,
      "status": "ok"
    },
    {
      "trial": 8,
      "params": {
        "learning_rate": 0.000864068119037796
      },
      "mrr@20": 0.2627,
      "valid_result": {
        "hit@5": 0.3551,
        "hit@10": 0.4191,
        "hit@20": 0.4804,
        "ndcg@5": 0.2761,
        "ndcg@10": 0.2969,
        "ndcg@20": 0.3124,
        "mrr@5": 0.2499,
        "mrr@10": 0.2585,
        "mrr@20": 0.2627
      },
      "test_result": {
        "hit@5": 0.3562,
        "hit@10": 0.4208,
        "hit@20": 0.483,
        "ndcg@5": 0.2779,
        "ndcg@10": 0.2987,
        "ndcg@20": 0.3145,
        "mrr@5": 0.2518,
        "mrr@10": 0.2604,
        "mrr@20": 0.2648
      },
      "best_hr@10": 0.4191,
      "test_mrr@20": 0.2648,
      "test_hr@10": 0.4208,
      "epochs_run": 9,
      "early_stop_epoch": 9,
      "early_stopped": true,
      "elapsed": 441.4,
      "status": "ok"
    }
  ],
  "run_group": "baseline",
  "run_axis": "stagei_progressiverecovery_anchor2_core5",
  "run_phase": "P24_S2_I2S2_D11_MFEAREC_C12_I2S2_FEAREC_WIDE_FREQ_ANCHOR_S1",
  "parent_result": "",
  "interrupted": false,
  "interrupted_at": null,
  "tuned_search": {
    "learning_rate": [
      0.0008426507538713426,
      0.0008642514366259706
    ]
  },
  "fixed_search": {
    "n_layers": 2,
    "n_heads": 4,
    "weight_decay": 0.0001,
    "hidden_dropout_prob": 0.1,
    "MAX_ITEM_LIST_LENGTH": 12,
    "num_layers": 2,
    "num_heads": 4,
    "dropout_ratio": 0.1,
    "dropout_prob": 0.1,
    "attn_dropout_prob": 0.1,
    "hidden_size": 176,
    "embedding_size": 176,
    "inner_size": 352,
    "time_span": 384,
    "num_experts": 6,
    "state_size": 24,
    "conv_kernel": 6,
    "remaining_ratio": 0.6
  },