best_mrr20,epoch,epoch_time_sec,eval,lr,patience_used,train_loss,trial,valid_mrr20
0.0122,1,17.312896251678467,1,0.0005476,0,696.101176738739,1,0.0122
0.0159,3,16.669306993484497,1,0.0005476,0,602.4015498161316,1,0.0159
0.017,10,17.251546144485474,1,0.0005476,1,514.1570401191711,1,0.0165
0.0181,17,16.542046308517456,1,0.0005476,0,476.5867428779602,1,0.0181
0.0181,27,16.878504037857056,1,0.0005476,10,439.31668043136597,1,0.0159
