stage_name,stage_key,split,aggregation_level,node_kind,node_name,route_space,support_size,wrapper_name,source_type,temperature,top_k,entropy_norm,n_eff_norm,top1_monopoly_norm,jitter_adj_norm,knn_consistency_score,knn_consistency_js,n_eff,cv_usage,top1_max_frac,entropy_mean
macro,macro@1,best_valid,session,final,final.expert,expert,12,ScalarGroupConditionalProductWrapper,,,,0.8151313008667301,0.7230884777030693,0.7192631308371176,0.0,0.99447847916604,0.005536820775407433,8.677061732436831,0.6188350198917121,0.7426578699340245,2.025525189974081
macro,macro@1,best_valid,session,final,final.group,group,4,ScalarGroupConditionalProductWrapper,,,,0.9816389471796764,0.9750010780256985,0.8097559953921877,0.0,0.9995823377227671,0.00041774952241541987,3.900004312102794,0.16012506186962128,0.8573169965441407,1.3608405371308514
macro,macro@1,best_valid,session,final,final.intra.Exposure,intra,3,ScalarGroupConditionalProductWrapper,,,,0.6299352643289646,0.6756772588597326,0.8562111215834117,0.0,0.9980731489261042,0.0019287098395197016,2.027031776579198,0.6928178484927325,0.9041407477222746,0.6920546224571945
macro,macro@1,best_valid,session,final,final.intra.Focus,intra,3,ScalarGroupConditionalProductWrapper,,,,0.6308020714599725,0.6666601499558732,0.7061262959472195,0.0,0.9999956115288793,4.388480750136933e-06,1.9999804498676195,0.7071172235275143,0.8040841972981464,0.6930069074232249
macro,macro@1,best_valid,session,final,final.intra.Memory,intra,3,ScalarGroupConditionalProductWrapper,,,,0.6293839530209497,0.666877256773296,0.9933081998114985,0.0,0.9994887772907428,0.0005113534281393437,2.000631770319888,0.7067717550166919,0.9955387998743324,0.6914489450793276
macro,macro@1,best_valid,session,final,final.intra.Tempo,intra,3,ScalarGroupConditionalProductWrapper,,,,0.5693873506582527,0.848102959597061,0.7392082940622055,0.0,0.9849955749320323,0.01511813027492888,2.544308878791183,0.4232045583962036,0.826138862708137,0.6255359404453346
