{
  "split": "best_valid",
  "feature_mode": "runtime:unknown|ablation:none",
  "stages": [
    {
      "stage": "macro@1",
      "n_eff": 11.165838975760268,
      "cv_usage": 0.88948166535077,
      "top1_max_frac": 0.8323835232953409,
      "entropy_mean": 2.4192224543372576,
      "route_jitter_adjacent": 0.0,
      "route_consistency_knn_js": 0.02901856236268398,
      "route_consistency_knn_score": 0.9713984328492294,
      "route_consistency_group_knn_js": 0.0036535263061523438,
      "route_consistency_group_knn_score": 0.996353139700468,
      "route_consistency_intra_group_knn_mean_js": 0.034516669232765584,
      "route_consistency_intra_group_knn_mean_score": 0.9661982020831231,
      "route_consistency_feature_group_knn_mean_score": 0.9317513107210784,
      "family_top_expert_mean_share": 0.201048344373703,
      "route_consistency_feature_group_knn_tempo_js": 0.06282730298779562,
      "route_consistency_feature_group_knn_tempo_score": 0.9391056404241204,
      "route_consistency_feature_group_knn_focus_js": 0.054802296331317876,
      "route_consistency_feature_group_knn_focus_score": 0.9466722900383162,
      "route_consistency_feature_group_knn_memory_js": 0.07879932596534278,
      "route_consistency_feature_group_knn_memory_score": 0.9242253738717295,
      "route_consistency_feature_group_knn_exposure_js": 0.08664569271465955,
      "route_consistency_feature_group_knn_exposure_score": 0.9170019385501477
    }
  ]
}
