{
  "split": "best_valid",
  "feature_mode": "none",
  "stages": [
    {
      "stage": "macro@1",
      "n_eff": 3.5326307748252184,
      "cv_usage": 0.36373141407966614,
      "top1_max_frac": 0.9416373204605706,
      "entropy_mean": 1.2949240388705339,
      "route_jitter_adjacent": 0.0,
      "route_consistency_knn_js": 0.0036973004751322644,
      "route_consistency_knn_score": 0.996309526124348,
      "route_consistency_group_knn_js": 0.0036973004751322644,
      "route_consistency_group_knn_score": 0.996309526124348,
      "route_consistency_intra_group_knn_mean_js": 0.0,
      "route_consistency_intra_group_knn_mean_score": 1.0,
      "route_consistency_feature_group_knn_mean_score": 0.9905394092227398,
      "family_top_expert_mean_share": 0.40727439522743225,
      "route_consistency_feature_group_knn_tempo_js": 0.0057250385660551455,
      "route_consistency_feature_group_knn_tempo_score": 0.9942913182379055,
      "route_consistency_feature_group_knn_focus_js": 0.010903814446077785,
      "route_consistency_feature_group_knn_focus_score": 0.989155416661517,
      "route_consistency_feature_group_knn_memory_js": 0.01094286739570681,
      "route_consistency_feature_group_knn_memory_score": 0.9891167879791417,
      "route_consistency_feature_group_knn_exposure_js": 0.010460405766742507,
      "route_consistency_feature_group_knn_exposure_score": 0.9895941140123949
    }
  ]
}
