stage_name,stage_key,split,aggregation_level,node_kind,node_name,route_space,support_size,wrapper_name,source_type,temperature,top_k,entropy_norm,n_eff_norm,top1_monopoly_norm,jitter_adj_norm,knn_consistency_score,knn_consistency_js,n_eff,cv_usage,top1_max_frac,entropy_mean
macro,macro@1,best_valid,session,final,final.expert,expert,8,ScalarGroupConditionalProductWrapper,,,,0.9934221117404345,0.9886373868299663,0.43021615814163244,0.0,0.9996513360369611,0.00034872476045075837,7.90909909463973,0.10720636695623398,0.5014391383739284,2.065763207576367
macro,macro@1,best_valid,session,final,final.group,group,2,ScalarGroupConditionalProductWrapper,,,,0.9872230779973179,0.9955563994991722,0.4349911794744823,0.0,0.9997137848687052,0.0002862560986626386,1.9911127989983444,0.06680914759635925,0.7174955897372411,0.6842908930975519
macro,macro@1,best_valid,session,final,final.intra.Focus,intra,4,ScalarGroupConditionalProductWrapper,,,,0.999197026007853,0.9981227656752992,0.8743461978892637,0.0,0.999990910082802,9.089958511543119e-06,3.992491062701197,0.04336579744627506,0.9057596484169478,1.3851812028024513
macro,macro@1,best_valid,session,final,final.intra.Tempo,intra,4,ScalarGroupConditionalProductWrapper,,,,0.993931520218305,0.9877659197414757,0.8681150898042977,0.0,0.9998748826755801,0.00012512515224526562,3.9510636789659026,0.11129079014062881,0.9010863173532233,1.3778816618179568
