stage_name,stage_key,split,aggregation_level,node_kind,node_name,route_space,support_size,wrapper_name,source_type,temperature,top_k,entropy_norm,n_eff_norm,top1_monopoly_norm,jitter_adj_norm,knn_consistency_score,knn_consistency_js,n_eff,cv_usage,top1_max_frac,entropy_mean
macro,macro@1,best_valid,session,final,final.expert,expert,8,ScalarGroupConditionalProductWrapper,,,,0.9911392549834617,0.9940316211388232,0.7232237862159122,0.0,0.9993329166120863,0.0006673059870371598,7.952252969110585,0.07748676836490631,0.7578208129389232,2.0610161404022134
macro,macro@1,best_valid,session,final,final.group,group,4,ScalarGroupConditionalProductWrapper,,,,0.9878285025055291,0.9965283222568472,0.6770944172518977,0.0,0.9993431772621946,0.0006570385403610302,3.9861132890273887,0.05902380123734474,0.7578208129389232,1.3694210827769207
macro,macro@1,best_valid,session,final,final.intra.Exposure,intra,2,ScalarGroupConditionalProductWrapper,,,,0.9997477061388111,0.9999532721420908,0.522877207916578,0.0,0.9999904838238897,9.516221389435886e-06,1.9999065442841817,0.006835728883743286,0.761438603958289,0.6929723037813896
macro,macro@1,best_valid,session,final,final.intra.Focus,intra,2,ScalarGroupConditionalProductWrapper,,,,0.9990434151138241,0.9990641300756771,0.791444988295382,0.0,0.9999877322694826,1.2267805766641049e-05,1.9981282601513541,0.030604928731918335,0.895722494147691,0.6924841264431262
macro,macro@1,best_valid,session,final,final.intra.Memory,intra,2,ScalarGroupConditionalProductWrapper,,,,0.9988503272380932,0.9991269587745883,0.7271759948925303,0.0,0.999993041012605,6.959011608904058e-06,1.9982539175491767,0.02956029772758484,0.8635879974462651,0.692350288126463
macro,macro@1,best_valid,session,final,final.intra.Tempo,intra,2,ScalarGroupConditionalProductWrapper,,,,0.9935830608889165,0.9920637107565712,1.0,0.0,0.9999838083810932,1.6191749992458062e-05,1.9841274215131424,0.0894416868686676,1.0,0.6886992973072729
