{
  "split": "best_valid",
  "feature_mode": "none",
  "stages": [
    {
      "stage": "macro@1",
      "n_eff": 15.538201735857907,
      "cv_usage": 0.1723950356245041,
      "top1_max_frac": 0.74203831512488,
      "entropy_mean": 2.7543556180557704,
      "route_jitter_adjacent": 0.0,
      "route_consistency_knn_js": 0.0003022899596443145,
      "route_consistency_knn_score": 0.999697755725362,
      "route_consistency_group_knn_js": 0.00030228865787757084,
      "route_consistency_group_knn_score": 0.9996977570267354,
      "route_consistency_intra_group_knn_mean_js": 0.0,
      "route_consistency_intra_group_knn_mean_score": 1.0,
      "route_consistency_feature_group_knn_mean_score": 0.9992150883069233,
      "family_top_expert_mean_share": 0.0748988538980484,
      "route_consistency_feature_group_knn_tempo_js": 0.00045414137573408813,
      "route_consistency_feature_group_knn_tempo_score": 0.9995459617308515,
      "route_consistency_feature_group_knn_focus_js": 0.0008943940719033798,
      "route_consistency_feature_group_knn_focus_score": 0.9991060057792575,
      "route_consistency_feature_group_knn_memory_js": 0.0009354374755642761,
      "route_consistency_feature_group_knn_memory_score": 0.9990649999096782,
      "route_consistency_feature_group_knn_exposure_js": 0.0008569812956905548,
      "route_consistency_feature_group_knn_exposure_score": 0.9991433858079055
    },
    {
      "stage": "mid@1",
      "n_eff": 8.71426668159107,
      "cv_usage": 0.9143683910369873,
      "top1_max_frac": 0.828324719135898,
      "entropy_mean": 2.4583810467023612,
      "route_jitter_adjacent": 0.0,
      "route_consistency_knn_js": 0.0014510205493024097,
      "route_consistency_knn_score": 0.9985500316720217,
      "route_consistency_group_knn_js": 0.0004719110450359306,
      "route_consistency_group_knn_score": 0.9995282002874676,
      "route_consistency_intra_group_knn_mean_js": 0.001500028023588309,
      "route_consistency_intra_group_knn_mean_score": 0.9985021726575058,
      "route_consistency_feature_group_knn_mean_score": 0.9900295532737765,
      "family_top_expert_mean_share": 0.27944934368133545,
      "route_consistency_feature_group_knn_tempo_js": 0.009785070270910115,
      "route_consistency_feature_group_knn_tempo_score": 0.990262647760931,
      "route_consistency_feature_group_knn_focus_js": 0.006870050037164295,
      "route_consistency_feature_group_knn_focus_score": 0.9931534948076508,
      "route_consistency_feature_group_knn_memory_js": 0.0054236611739358325,
      "route_consistency_feature_group_knn_memory_score": 0.9945910203218506,
      "route_consistency_feature_group_knn_exposure_js": 0.01805089127324235,
      "route_consistency_feature_group_knn_exposure_score": 0.9821110502046735
    }
  ]
}
