{
  "model": "FEARec",
  "dataset": "KuaiRecLargeStrictPosV2_0.2",
  "dataset_raw": "KuaiRecLargeStrictPosV2_0.2",
  "max_evals": 6,
  "tune_epochs": 42,
  "n_completed": 6,
  "n_recorded_trials": 6,
  "timestamp": "2026-04-07T02:41:20.381411",
  "trials": [
    {
      "trial": 1,
      "params": {
        "learning_rate": 0.0004060093058861565
      },
      "mrr@20": 0.0468,
      "valid_result": {
        "hit@5": 0.0524,
        "hit@10": 0.0538,
        "hit@20": 0.059,
        "ndcg@5": 0.0478,
        "ndcg@10": 0.0483,
        "ndcg@20": 0.0496,
        "mrr@5": 0.0463,
        "mrr@10": 0.0465,
        "mrr@20": 0.0468
      },
      "test_result": {
        "hit@5": 0.051,
        "hit@10": 0.0535,
        "hit@20": 0.0592,
        "ndcg@5": 0.0476,
        "ndcg@10": 0.0483,
        "ndcg@20": 0.0498,
        "mrr@5": 0.0464,
        "mrr@10": 0.0467,
        "mrr@20": 0.0471
      },
      "best_hr@10": 0.0538,
      "test_mrr@20": 0.0471,
      "test_hr@10": 0.0535,
      "epochs_run": 7,
      "early_stop_epoch": 7,
      "early_stopped": true,
      "elapsed": 79.7,
      "status": "ok"
    },
    {
      "trial": 2,
      "params": {
        "learning_rate": 0.0004413528139071121
      },
      "mrr@20": 0.0456,
      "valid_result": {
        "hit@5": 0.0491,
        "hit@10": 0.0508,
        "hit@20": 0.056,
        "ndcg@5": 0.0461,
        "ndcg@10": 0.0466,
        "ndcg@20": 0.0479,
        "mrr@5": 0.0451,
        "mrr@10": 0.0453,
        "mrr@20": 0.0456
      },
      "test_result": {
        "hit@5": 0.0464,
        "hit@10": 0.0496,
        "hit@20": 0.0551,
        "ndcg@5": 0.0446,
        "ndcg@10": 0.0457,
        "ndcg@20": 0.0471,
        "mrr@5": 0.0441,
        "mrr@10": 0.0445,
        "mrr@20": 0.0449
      },
      "best_hr@10": 0.0508,
      "test_mrr@20": 0.0449,
      "test_hr@10": 0.0496,
      "epochs_run": 18,
      "early_stop_epoch": 18,
      "early_stopped": true,
      "elapsed": 192.6,
      "status": "ok"
    },
    {
      "trial": 3,
      "params": {
        "learning_rate": 0.0003921409628185857
      },
      "mrr@20": 0.0455,
      "valid_result": {
        "hit@5": 0.0511,
        "hit@10": 0.0535,
        "hit@20": 0.0584,
        "ndcg@5": 0.0464,
        "ndcg@10": 0.0472,
        "ndcg@20": 0.0485,
        "mrr@5": 0.0449,
        "mrr@10": 0.0452,
        "mrr@20": 0.0455
      },
      "test_result": {
        "hit@5": 0.048,
        "hit@10": 0.0507,
        "hit@20": 0.0543,
        "ndcg@5": 0.0445,
        "ndcg@10": 0.0453,
        "ndcg@20": 0.0462,
        "mrr@5": 0.0433,
        "mrr@10": 0.0436,
        "mrr@20": 0.0438
      },
      "best_hr@10": 0.0535,
      "test_mrr@20": 0.0438,
      "test_hr@10": 0.0507,
      "epochs_run": 7,
      "early_stop_epoch": 7,
      "early_stopped": true,
      "elapsed": 84.4,
      "status": "ok"
    },
    {
      "trial": 4,
      "params": {
        "learning_rate": 0.0009732011970983644
      },
      "mrr@20": 0.046,
      "valid_result": {
        "hit@5": 0.0494,
        "hit@10": 0.0524,
        "hit@20": 0.0614,
        "ndcg@5": 0.0461,
        "ndcg@10": 0.0471,
        "ndcg@20": 0.0493,
        "mrr@5": 0.0451,
        "mrr@10": 0.0454,
        "mrr@20": 0.046
      },
      "test_result": {
        "hit@5": 0.0469,
        "hit@10": 0.0496,
        "hit@20": 0.0562,
        "ndcg@5": 0.0451,
        "ndcg@10": 0.046,
        "ndcg@20": 0.0477,
        "mrr@5": 0.0445,
        "mrr@10": 0.0449,
        "mrr@20": 0.0454
      },
      "best_hr@10": 0.0524,
      "test_mrr@20": 0.0454,
      "test_hr@10": 0.0496,
      "epochs_run": 12,
      "early_stop_epoch": 12,
      "early_stopped": true,
      "elapsed": 137.5,
      "status": "ok"
    },
    {
      "trial": 5,
      "params": {
        "learning_rate": 0.0007940661412525209
      },
      "mrr@20": 0.0459,
      "valid_result": {
        "hit@5": 0.048,
        "hit@10": 0.0521,
        "hit@20": 0.0581,
        "ndcg@5": 0.0458,
        "ndcg@10": 0.0471,
        "ndcg@20": 0.0486,
        "mrr@5": 0.045,
        "mrr@10": 0.0455,
        "mrr@20": 0.0459
      },
      "test_result": {
        "hit@5": 0.0472,
        "hit@10": 0.0516,
        "hit@20": 0.0581,
        "ndcg@5": 0.0453,
        "ndcg@10": 0.0467,
        "ndcg@20": 0.0484,
        "mrr@5": 0.0447,
        "mrr@10": 0.0453,
        "mrr@20": 0.0457
      },
      "best_hr@10": 0.0521,
      "test_mrr@20": 0.0457,
      "test_hr@10": 0.0516,
      "epochs_run": 13,
      "early_stop_epoch": 13,
      "early_stopped": true,
      "elapsed": 157.4,
      "status": "ok"
    },
    {
      "trial": 6,
      "params": {
        "learning_rate": 0.00048004468232104336
      },
      "mrr@20": 0.0454,
      "valid_result": {
        "hit@5": 0.0478,
        "hit@10": 0.0502,
        "hit@20": 0.0554,
        "ndcg@5": 0.0455,
        "ndcg@10": 0.0463,
        "ndcg@20": 0.0476,
        "mrr@5": 0.0447,
        "mrr@10": 0.0451,
        "mrr@20": 0.0454
      },
      "test_result": {
        "hit@5": 0.0469,
        "hit@10": 0.0516,
        "hit@20": 0.0567,
        "ndcg@5": 0.0453,
        "ndcg@10": 0.0468,
        "ndcg@20": 0.048,
        "mrr@5": 0.0447,
        "mrr@10": 0.0454,
        "mrr@20": 0.0457
      },
      "best_hr@10": 0.0502,
      "test_mrr@20": 0.0457,
      "test_hr@10": 0.0516,
      "epochs_run": 21,
      "early_stop_epoch": 21,
      "early_stopped": true,
      "elapsed": 237.7,
      "status": "ok"
    }
  ],
  "run_group": "baseline",
  "run_axis": "stageg_cross6x9_anchor2_core5",
  "run_phase": "P22_SG_D00_M07_C02_FEAREC_FAD_H2_R2_S1",
  "parent_result": "",
  "interrupted": false,
  "interrupted_at": null,
  "tuned_search": {
    "learning_rate": [
      0.0002727782366337332,
      0.0010753491604344285
    ]
  },
  "fixed_search": {
    "n_layers": 2,
    "n_heads": 2,
    "weight_decay": 0.00015,
    "dropout_ratio": 0.12,
    "num_layers": 2,
    "num_heads": 2,
    "dropout_prob": 0.12,
    "hidden_dropout_prob": 0.12,
    "attn_dropout_prob": 0.12,
    "hidden_size": 128,
    "embedding_size": 128,
    "inner_size": 256,
    "time_span": 384,
    "num_experts": 6,
    "state_size": 24,
    "conv_kernel": 6,
    "remaining_ratio": 0.6,
    "MAX_ITEM_LIST_LENGTH": 22
  },
  "context_fixed": {
    "num_layers": 2,
    "search_space_type_overrides": {
      "learning_rate": "loguniform",
      "weight_decay": "choice",
      "dropout_ratio": "choice",
      "n_layers": "choice",
      "num_layers": "choice",
      "n_heads": "choice",
      "num_heads": "choice",
      "dropout_prob": "choice",
      "hidden_dropout_prob": "choice",
      "attn_dropout_prob": "choice",
      "hidden_size": "choice",
      "embedding_size": "choice",
      "inner_size": "choice",
      "time_span": "choice",
      "num_experts": "choice",
      "state_size": "choice",
      "conv_kernel": "choice",
      "remaining_ratio": "choice",
      "MAX_ITEM_LIST_LENGTH": "choice"
    }
  },
  "best_params": {
    "learning_rate": 0.0004060093058861565
  },
  "best_mrr@20": 0.0468,
  "best_hr@10": 0.0538,
  "test_mrr@20": 0.0471,
  "test_hr@10": 0.0535,
  "best_valid_result": {
    "hit@5": 0.0524,
    "hit@10": 0.0538,
    "hit@20": 0.059,
    "ndcg@5": 0.0478,
    "ndcg@10": 0.0483,
    "ndcg@20": 0.0496,
    "mrr@5": 0.0463,
    "mrr@10": 0.0465,
    "mrr@20": 0.0468
  },
  "test_result": {
    "hit@5": 0.051,
    "hit@10": 0.0535,
    "hit@20": 0.0592,
    "ndcg@5": 0.0476,
    "ndcg@10": 0.0483,
    "ndcg@20": 0.0498,
    "mrr@5": 0.0464,
    "mrr@10": 0.0467,
    "mrr@20": 0.0471
  },
  "best_valid_special_metrics": {
    "split": "best_valid",
    "overall": {
      "count": 3663,
      "hit@20": 0.05896805896805897,
      "ndcg@20": 0.04955584903883537,
      "mrr@20": 0.04682770361775523
    },
    "slices": {
      "target_popularity_abs": {
        "rare_1_5": {
          "count": 2785,
          "hit@20": 0.05314183123877918,
          "ndcg@20": 0.04459591453871564,