stage_name,stage_key,split,aggregation_level,node_kind,node_name,route_space,support_size,wrapper_name,source_type,temperature,top_k,entropy_norm,n_eff_norm,top1_monopoly_norm,jitter_adj_norm,knn_consistency_score,knn_consistency_js,n_eff,cv_usage,top1_max_frac,entropy_mean
macro,macro@1,best_valid,session,final,final.expert,expert,12,ScalarGroupConditionalProductWrapper,,,,0.9139554264482984,0.6742537624669983,0.9931992857697384,0.0,0.9984741299473612,0.0015270353779217316,8.09104514960398,0.6950692327299943,0.9937660119555936,2.2710939167912043
macro,macro@1,best_valid,session,final,final.group,group,4,ScalarGroupConditionalProductWrapper,,,,0.8600293220124553,0.7069023488726534,0.9865641901508683,0.0,0.9986498277303193,0.0013510845735302884,2.8276093954906134,0.6439120557255779,0.9899231426131512,1.1922537995036293
macro,macro@1,best_valid,session,final,final.intra.Exposure,intra,3,ScalarGroupConditionalProductWrapper,,,,0.9713562996728082,0.9443550310419581,0.9994876174210076,0.0,0.9997508929668977,0.00024913806541293276,2.833065093125874,0.2427421661394189,0.9996584116140051,1.0671439674957302
macro,macro@1,best_valid,session,final,final.intra.Focus,intra,3,ScalarGroupConditionalProductWrapper,,,,0.9907427895527332,0.9826606584391787,0.7627668659265585,0.0,0.9998961826084458,0.0001038227809525695,2.947981975317536,0.132835515310497,0.8418445772843723,1.0884422035119556
macro,macro@1,best_valid,session,final,final.intra.Memory,intra,3,ScalarGroupConditionalProductWrapper,,,,0.9982557489572311,0.9963681757794847,0.9975661827497865,0.0,0.999983534142569,1.6465992994711433e-05,2.989104527338454,0.06037377944964828,0.9983774551665243,1.0966960330380018
macro,macro@1,best_valid,session,final,final.intra.Tempo,intra,3,ScalarGroupConditionalProductWrapper,,,,0.9948372203448745,0.9897312793532337,0.9997438087105036,0.0,0.9998775351971361,0.00012247230229012974,2.969193838059701,0.10185872832361674,0.9998292058070025,1.0929403954953032
