best_mrr20,epoch,epoch_time_sec,eval,lr,patience_used,train_loss,trial,valid_mrr20
0.0121,1,17.70658254623413,1,0.0002738,0,697.7329678535461,1,0.0121
0.0148,3,16.583138465881348,1,0.0002738,0,620.636842250824,1,0.0148
0.0176,10,16.35749626159668,1,0.0002738,0,538.5794014930725,1,0.0176
0.0186,41,18.83159852027893,1,0.0002738,0,436.6485586166382,1,0.0186
0.0186,51,18.437720775604248,1,0.0002738,10,416.60903549194336,1,0.0181
