stage_name,stage_key,split,aggregation_level,node_kind,node_name,route_space,support_size,wrapper_name,source_type,temperature,top_k,entropy_norm,n_eff_norm,top1_monopoly_norm,jitter_adj_norm,knn_consistency_score,knn_consistency_js,n_eff,cv_usage,top1_max_frac,entropy_mean
macro,macro@1,best_valid,session,final,final.expert,expert,12,FlatJointWrapper,,,,0.9844961651166928,0.9967786764236478,0.048019878330905666,0.6046627925022848,0.9864203958793365,0.01367265025804094,11.961344117083774,0.05684998784065174,0.12735155513666352,2.446381067389255
macro,macro@1,best_valid,session,final,final.group,group,4,FlatJointWrapper,,,,0.9926953634812345,0.9995429221809523,0.0969022934338674,0.0,0.9962912060905076,0.00371568853807414,3.9981716887238092,0.021381841972470284,0.32267672007540055,1.3761679847038957
macro,macro@1,best_valid,session,final,final.intra.Exposure,intra,3,FlatJointWrapper,,,,0.9778027186990893,0.9984331579566442,0.13310084825636195,0.0,0.9909390083021102,0.009102292154522804,2.995299473869933,0.03961313025316208,0.42206723217090797,1.0742260826559065
macro,macro@1,best_valid,session,final,final.intra.Focus,intra,3,FlatJointWrapper,,,,0.9720225653386416,0.9958313860797836,0.12169651272384548,0.0,0.9898132596546334,0.010238980257219522,2.987494158239351,0.06470005393922168,0.414464341815897,1.0678759351437324
macro,macro@1,best_valid,session,final,final.intra.Memory,intra,3,FlatJointWrapper,,,,0.9739238903470662,0.9977295507399484,0.10574929311969837,0.0,0.9892592033280878,0.010798895420897351,2.993188652219845,0.04770388498294696,0.4038328620797989,1.0699647541627395
macro,macro@1,best_valid,session,final,final.intra.Tempo,intra,3,FlatJointWrapper,,,,0.9768451331765876,0.9984138177693591,0.1528369462770971,0.0,0.9910092592290406,0.00903140137688684,2.9952414533080773,0.03985919854695788,0.43522463085139806,1.0731740674334354
