best_mrr20,epoch,epoch_time_sec,eval,lr,patience_used,train_loss,trial,valid_mrr20
0.3044,1,57.87142848968506,1,0.0007027447529322896,0,2116.9252796173096,1,0.3044
0.3585,3,57.696627616882324,1,0.0007014717383189401,0,1102.7300434112549,1,0.3585
0.3697,5,58.290074825286865,1,0.0006989308350727865,0,852.7684435844421,1,0.3697
0.3697,10,58.00440454483032,1,0.0006871111550250616,5,631.6929013729095,1,0.3559
0.3697,15,58.81495237350464,1,0.0006677418964906031,10,462.6663284301758,1,0.3345
