{
  "split": "best_valid",
  "feature_mode": "runtime:unknown|ablation:none",
  "stages": [
    {
      "stage": "macro@1",
      "n_eff": 14.868430990624045,
      "cv_usage": 0.27587202191352844,
      "top1_max_frac": 0.17370761534185658,
      "entropy_mean": 2.1512117553733554,
      "route_jitter_adjacent": 0.7077931130628746,
      "route_consistency_knn_js": 0.12823466943858308,
      "route_consistency_knn_score": 0.8796469286708803,
      "route_consistency_group_knn_js": 0.03861511955271765,
      "route_consistency_group_knn_score": 0.9621209394321057,
      "route_consistency_intra_group_knn_mean_js": 0.09311267059503159,
      "route_consistency_intra_group_knn_mean_score": 0.9111063024776404,
      "route_consistency_feature_group_knn_mean_score": 0.8524465749533146,
      "family_top_expert_mean_share": 0.1188218742609024,
      "route_consistency_feature_group_knn_tempo_js": 0.16396143211906242,
      "route_consistency_feature_group_knn_tempo_score": 0.8487747566927054,
      "route_consistency_feature_group_knn_focus_js": 0.160608038260969,
      "route_consistency_feature_group_knn_focus_score": 0.8516258104300155,
      "route_consistency_feature_group_knn_memory_js": 0.16122996981583126,
      "route_consistency_feature_group_knn_memory_score": 0.8510963221353802,
      "route_consistency_feature_group_knn_exposure_js": 0.15281392803049917,
      "route_consistency_feature_group_knn_exposure_score": 0.8582894105551573
    }
  ]
}
