stage_name,stage_key,split,aggregation_level,node_kind,node_name,route_space,support_size,wrapper_name,source_type,temperature,top_k,entropy_norm,n_eff_norm,top1_monopoly_norm,jitter_adj_norm,knn_consistency_score,knn_consistency_js,n_eff,cv_usage,top1_max_frac,entropy_mean
macro,macro@1,best_valid,session,final,final.expert,expert,12,GroupConditionalResidualJointWrapper,,,,0.3588871782290425,0.21871259319087122,0.6945765977842171,0.10109645638010488,0.9825559893270381,0.017597950269989712,2.6245511182904546,1.8900294238346471,0.7200285479688657,0.8918011357049989
macro,macro@1,best_valid,session,final,final.group,group,4,GroupConditionalResidualJointWrapper,,,,0.26412490996877386,0.3344748567141479,0.9696323591376247,0.0,0.9931708001805493,0.0068526255179731585,1.3378994268565916,1.4105889797210693,0.9772242693532185,0.36615487332101
macro,macro@1,best_valid,session,final,final.intra.Exposure,intra,3,GroupConditionalResidualJointWrapper,,,,0.49724822806026475,0.6554282311029644,0.6075683439717026,0.0,0.9909273573780393,0.009114049681945225,1.9662846933088933,0.7250654928366693,0.738378895981135,0.5462830138654496
macro,macro@1,best_valid,session,final,final.intra.Focus,intra,3,GroupConditionalResidualJointWrapper,,,,0.811305274307054,0.954292063420557,0.19328272557034412,0.0,0.9904256063258031,0.009620522856743776,2.862876190261671,0.21885448041991948,0.46218848371356275,0.8913099442149812
macro,macro@1,best_valid,session,final,final.intra.Memory,intra,3,GroupConditionalResidualJointWrapper,,,,0.5442006989328312,0.9664110667014355,0.07493841827248994,0.0,0.9705967410714893,0.029844199659879573,2.8992332001043066,0.18643103906101222,0.3832922788483266,0.5978655753493827
macro,macro@1,best_valid,session,final,final.intra.Tempo,intra,3,GroupConditionalResidualJointWrapper,,,,0.8082540648850116,0.8503073828963356,0.47256844465027625,0.0,0.9926678668518459,0.0073591453554660334,2.550922148689007,0.4195775413639086,0.6483789631001842,0.8879578480486255
