best_mrr20,epoch,epoch_time_sec,eval,lr,patience_used,train_loss,trial,valid_mrr20
0.0125,1,18.354424715042114,1,0.0005476,0,696.6926679611206,1,0.0125
0.0166,3,16.93822717666626,1,0.0005476,0,604.3583827018738,1,0.0166
0.0184,8,16.70201539993286,1,0.0005476,0,529.9034218788147,1,0.0184
0.0184,10,16.46011710166931,1,0.0005476,2,515.5392813682556,1,0.0175
0.0184,18,16.319324493408203,1,0.0005476,10,474.28776264190674,1,0.0169
