{
  "split": "best_valid",
  "feature_mode": "none",
  "stages": [
    {
      "stage": "macro@1",
      "n_eff": 14.194358984609192,
      "cv_usage": 0.6395392024585723,
      "top1_max_frac": 0.3218058797926641,
      "entropy_mean": 2.5146562042495946,
      "route_jitter_adjacent": 0.8321851749793332,
      "route_consistency_knn_js": 0.03268320760102775,
      "route_consistency_knn_score": 0.9678451170053882,
      "route_consistency_group_knn_js": 0.00745284840119638,
      "route_consistency_group_knn_score": 0.9925748552071285,
      "route_consistency_intra_group_knn_mean_js": 0.02617000777164709,
      "route_consistency_intra_group_knn_mean_score": 0.9741860716085379,
      "route_consistency_feature_group_knn_mean_score": 0.9594211871537609,
      "family_top_expert_mean_share": 0.14168530702590942,
      "route_consistency_feature_group_knn_tempo_js": 0.0417326659807378,
      "route_consistency_feature_group_knn_tempo_score": 0.95912615335193,
      "route_consistency_feature_group_knn_focus_js": 0.043264148643474026,
      "route_consistency_feature_group_knn_focus_score": 0.9576583924887307,
      "route_consistency_feature_group_knn_memory_js": 0.0426373303226145,
      "route_consistency_feature_group_knn_memory_score": 0.9582588584861513,
      "route_consistency_feature_group_knn_exposure_js": 0.038074372393228424,
      "route_consistency_feature_group_knn_exposure_score": 0.9626413442882318
    }
  ]
}
