{
  "model": "FEARec",
  "dataset": "KuaiRecLargeStrictPosV2_0.2",
  "dataset_raw": "KuaiRecLargeStrictPosV2_0.2",
  "max_evals": 4,
  "tune_epochs": 22,
  "n_completed": 4,
  "n_recorded_trials": 4,
  "timestamp": "2026-04-09T07:41:05.224745",
  "trials": [
    {
      "trial": 1,
      "params": {
        "learning_rate": 0.0005956512304741976
      },
      "mrr@20": 0.1535,
      "valid_result": {
        "hit@5": 0.1589,
        "hit@10": 0.1638,
        "hit@20": 0.1687,
        "ndcg@5": 0.1541,
        "ndcg@10": 0.1557,
        "ndcg@20": 0.1569,
        "mrr@5": 0.1524,
        "mrr@10": 0.1531,
        "mrr@20": 0.1535
      },
      "test_result": {
        "hit@5": 0.1549,
        "hit@10": 0.1577,
        "hit@20": 0.1623,
        "ndcg@5": 0.1502,
        "ndcg@10": 0.1511,
        "ndcg@20": 0.1523,
        "mrr@5": 0.1487,
        "mrr@10": 0.149,
        "mrr@20": 0.1493
      },
      "best_hr@10": 0.1638,
      "test_mrr@20": 0.1493,
      "test_hr@10": 0.1577,
      "epochs_run": 5,
      "early_stop_epoch": 5,
      "early_stopped": true,
      "elapsed": 24.0,
      "status": "ok"
    },
    {
      "trial": 2,
      "params": {
        "learning_rate": 0.00039976239259666103
      },
      "mrr@20": 0.1529,
      "valid_result": {
        "hit@5": 0.1603,
        "hit@10": 0.1635,
        "hit@20": 0.1687,
        "ndcg@5": 0.1542,
        "ndcg@10": 0.1552,
        "ndcg@20": 0.1565,
        "mrr@5": 0.1521,
        "mrr@10": 0.1525,
        "mrr@20": 0.1529
      },
      "test_result": {
        "hit@5": 0.1563,
        "hit@10": 0.1582,
        "hit@20": 0.1628,
        "ndcg@5": 0.1499,
        "ndcg@10": 0.1506,
        "ndcg@20": 0.1517,
        "mrr@5": 0.1478,
        "mrr@10": 0.148,
        "mrr@20": 0.1484
      },
      "best_hr@10": 0.1635,
      "test_mrr@20": 0.1484,
      "test_hr@10": 0.1582,
      "epochs_run": 6,
      "early_stop_epoch": 6,
      "early_stopped": true,
      "elapsed": 27.7,
      "status": "ok"
    },
    {
      "trial": 3,
      "params": {
        "learning_rate": 0.0006344689614460095
      },
      "mrr@20": 0.1571,
      "valid_result": {
        "hit@5": 0.1616,
        "hit@10": 0.1654,
        "hit@20": 0.1706,
        "ndcg@5": 0.1576,
        "ndcg@10": 0.1589,
        "ndcg@20": 0.1601,
        "mrr@5": 0.1563,
        "mrr@10": 0.1568,
        "mrr@20": 0.1571
      },
      "test_result": {
        "hit@5": 0.1598,
        "hit@10": 0.1634,
        "hit@20": 0.1669,
        "ndcg@5": 0.1547,
        "ndcg@10": 0.1558,
        "ndcg@20": 0.1567,
        "mrr@5": 0.153,
        "mrr@10": 0.1534,
        "mrr@20": 0.1537
      },
      "best_hr@10": 0.1654,
      "test_mrr@20": 0.1537,
      "test_hr@10": 0.1634,
      "epochs_run": 5,
      "early_stop_epoch": 5,
      "early_stopped": true,
      "elapsed": 23.9,
      "status": "ok"
    },
    {
      "trial": 4,
      "params": {
        "learning_rate": 0.00044693090727195196
      },
      "mrr@20": 0.1558,
      "valid_result": {
        "hit@5": 0.1633,
        "hit@10": 0.166,
        "hit@20": 0.1704,
        "ndcg@5": 0.1573,
        "ndcg@10": 0.1581,
        "ndcg@20": 0.1592,
        "mrr@5": 0.1552,
        "mrr@10": 0.1556,
        "mrr@20": 0.1558
      },
      "test_result": {
        "hit@5": 0.1577,
        "hit@10": 0.1601,
        "hit@20": 0.1658,
        "ndcg@5": 0.1517,
        "ndcg@10": 0.1525,
        "ndcg@20": 0.154,
        "mrr@5": 0.1497,
        "mrr@10": 0.15,
        "mrr@20": 0.1504
      },
      "best_hr@10": 0.166,
      "test_mrr@20": 0.1504,
      "test_hr@10": 0.1601,
      "epochs_run": 6,
      "early_stop_epoch": 6,
      "early_stopped": true,
      "elapsed": 28.4,
      "status": "ok"
    }
  ],
  "run_group": "baseline",
  "run_axis": "stageh_targetedrecovery_anchor2_core5",
  "run_phase": "P23_SH_C03_MFEAREC_FAD_H2_R2_STRUCTS_S1",
  "parent_result": "",
  "interrupted": false,
  "interrupted_at": null,
  "tuned_search": {
    "learning_rate": [
      0.00024004484823768525,
      0.000702998343109488
    ]
  },
  "fixed_search": {
    "n_layers": 1,
    "n_heads": 2,
    "weight_decay": 0.00015,
    "dropout_ratio": 0.12,
    "num_layers": 1,
    "num_heads": 2,
    "dropout_prob": 0.12,
    "hidden_dropout_prob": 0.12,
    "attn_dropout_prob": 0.12,
    "hidden_size": 96,
    "embedding_size": 96,
    "inner_size": 192,
    "time_span": 384,
    "num_experts": 6,
    "state_size": 24,
    "conv_kernel": 6,
    "remaining_ratio": 0.6,
    "MAX_ITEM_LIST_LENGTH": 10
  },
  "context_fixed": {
    "num_layers": 1,
    "search_space_type_overrides": {
      "learning_rate": "loguniform",
      "weight_decay": "choice",
      "dropout_ratio": "choice",
      "n_layers": "choice",
      "num_layers": "choice",
      "n_heads": "choice",
      "num_heads": "choice",
      "dropout_prob": "choice",
      "hidden_dropout_prob": "choice",
      "attn_dropout_prob": "choice",
      "hidden_size": "choice",
      "embedding_size": "choice",
      "inner_size": "choice",
      "time_span": "choice",
      "num_experts": "choice",
      "state_size": "choice",
      "conv_kernel": "choice",
      "remaining_ratio": "choice",
      "MAX_ITEM_LIST_LENGTH": "choice"
    }
  },
  "best_params": {
    "learning_rate": 0.0006344689614460095
  },
  "best_mrr@20": 0.1571,
  "best_hr@10": 0.1654,
  "test_mrr@20": 0.1537,
  "test_hr@10": 0.1634,
  "best_valid_result": {
    "hit@5": 0.1616,
    "hit@10": 0.1654,
    "hit@20": 0.1706,
    "ndcg@5": 0.1576,
    "ndcg@10": 0.1589,
    "ndcg@20": 0.1601,
    "mrr@5": 0.1563,
    "mrr@10": 0.1568,
    "mrr@20": 0.1571
  },
  "test_result": {
    "hit@5": 0.1598,
    "hit@10": 0.1634,
    "hit@20": 0.1669,
    "ndcg@5": 0.1547,
    "ndcg@10": 0.1558,
    "ndcg@20": 0.1567,
    "mrr@5": 0.153,
    "mrr@10": 0.1534,
    "mrr@20": 0.1537
  },
  "best_valid_special_metrics": {
    "split": "best_valid",
    "overall": {
      "count": 3663,
      "hit@20": 0.17062517062517063,
      "ndcg@20": 0.16014709113938153,
      "mrr@20": 0.15711798586628653
    },
    "slices": {
      "target_popularity_abs": {
        "rare_1_5": {
          "count": 2785,
          "hit@20": 0.1464991023339318,
          "ndcg@20": 0.13610804391827575,
          "mrr@20": 0.13313989614402372
        },
        "6_20": {
          "count": 856,
          "hit@20": 0.22897196261682243,
          "ndcg@20": 0.2179414632373324,
          "mrr@20": 0.21463618162044576
        },
        "21_100": {
          "count": 22,
          "hit@20": 0.9545454545454546,
          "ndcg@20": 0.9545454545454546,
          "mrr@20": 0.9545454545454546
        }
      },
      "target_popularity_abs_legacy": {
        "<=5": {
          "count": 2785,
          "hit@20": 0.1464991023339318,
          "ndcg@20": 0.13610804391827575,
          "mrr@20": 0.13313989614402372
        },
        "6-20": {
          "count": 856,
          "hit@20": 0.22897196261682243,
          "ndcg@20": 0.2179414632373324,
          "mrr@20": 0.21463618162044576
        },
        "21-100": {
          "count": 22,
          "hit@20": 0.9545454545454546,
          "ndcg@20": 0.9545454545454546,
          "mrr@20": 0.9545454545454546
        }
      },
      "session_len": {
        "<=7": {
          "count": 2152,
          "hit@20": 0.17193308550185873,
          "ndcg@20": 0.16381674442703395,
          "mrr@20": 0.16152867593293574
        },
        "8-12": {
          "count": 1511,
          "hit@20": 0.1687624090006618,
          "ndcg@20": 0.1549206888395615,
          "mrr@20": 0.15083618240935134
        }
      },
      "session_len_legacy": {
        "1-2": {
          "count": 9,
          "hit@20": 0.2222222222222222,
          "ndcg@20": 0.14113757345411512,
          "mrr@20": 0.1203703706463178
        },
        "3-5": {
          "count": 1478,
          "hit@20": 0.17185385656292287,
          "ndcg@20": 0.16305556431594173,
          "mrr@20": 0.16064406820750607
        },