{
  "split": "best_valid",
  "feature_mode": "none",
  "stages": [
    {
      "stage": "macro@1",
      "n_eff": 10.940371763744615,
      "cv_usage": 0.3112149592871976,
      "top1_max_frac": 0.7790226238742224,
      "entropy_mean": 2.4062558029773142,
      "route_jitter_adjacent": 0.0,
      "route_consistency_knn_js": 0.00316637941569277,
      "route_consistency_knn_score": 0.9968386282767968,
      "route_consistency_group_knn_js": 0.0014376534876717982,
      "route_consistency_group_knn_score": 0.9985633794410463,
      "route_consistency_intra_group_knn_mean_js": 0.0018361746174632414,
      "route_consistency_intra_group_knn_mean_score": 0.9981659631371195,
      "route_consistency_feature_group_knn_mean_score": 0.9917278104713964,
      "family_top_expert_mean_share": 0.13649646937847137,
      "route_consistency_feature_group_knn_tempo_js": 0.007661359153287254,
      "route_consistency_feature_group_knn_tempo_score": 0.9923679142530195,
      "route_consistency_feature_group_knn_focus_js": 0.009900725476897352,
      "route_consistency_feature_group_knn_focus_score": 0.9901481253531067,
      "route_consistency_feature_group_knn_memory_js": 0.008718343761297253,
      "route_consistency_feature_group_knn_memory_score": 0.9913195507917962,
      "route_consistency_feature_group_knn_exposure_js": 0.006948433057747023,
      "route_consistency_feature_group_knn_exposure_score": 0.9930756514876625
    }
  ]
}
