best_mrr20,epoch,epoch_time_sec,eval,lr,patience_used,train_loss,trial,valid_mrr20
0.0248,1,16.32517671585083,1,0.000388664,0,819.5486154556274,1,0.0248
0.1346,3,15.526428937911987,1,0.000388664,0,630.1749410629272,1,0.1346
0.2,10,15.209693193435669,1,0.000388664,0,322.0012037754059,1,0.2
0.2044,13,15.250778675079346,1,0.000388664,0,255.3427803516388,1,0.2044
0.2044,23,15.083872556686401,1,0.000388664,10,118.00432622432709,1,0.1913
