{
  "split": "best_valid",
  "feature_mode": "none",
  "stages": [
    {
      "stage": "macro@1",
      "n_eff": 11.979224948340837,
      "cv_usage": 0.04164408395956946,
      "top1_max_frac": 0.9566420664206642,
      "entropy_mean": 2.4838191521563653,
      "route_jitter_adjacent": 0.0,
      "route_consistency_knn_js": 3.772569754350502e-05,
      "route_consistency_knn_score": 0.9999622750140617,
      "route_consistency_group_knn_js": 1.071933533304033e-05,
      "route_consistency_group_knn_score": 0.9999892807221188,
      "route_consistency_intra_group_knn_mean_js": 2.785854503116776e-05,
      "route_consistency_intra_group_knn_mean_score": 0.9999721423796526,
      "route_consistency_feature_group_knn_mean_score": 0.9999628559548468,
      "family_top_expert_mean_share": 0.08968707919120789,
      "route_consistency_feature_group_knn_tempo_js": 3.749130508013531e-05,
      "route_consistency_feature_group_knn_tempo_score": 0.99996250939771,
      "route_consistency_feature_group_knn_focus_js": 3.130927855000559e-05,
      "route_consistency_feature_group_knn_focus_score": 0.9999686912115804,
      "route_consistency_feature_group_knn_memory_js": 3.772744068266016e-05,
      "route_consistency_feature_group_knn_memory_score": 0.9999622732709883,
      "route_consistency_feature_group_knn_exposure_js": 4.205094502035496e-05,
      "route_consistency_feature_group_knn_exposure_score": 0.9999579499391082
    }
  ]
}
