stage_name,stage_key,split,aggregation_level,node_kind,node_name,route_space,support_size,wrapper_name,source_type,temperature,top_k,entropy_norm,n_eff_norm,top1_monopoly_norm,jitter_adj_norm,knn_consistency_score,knn_consistency_js,n_eff,cv_usage,top1_max_frac,entropy_mean
macro,macro@1,best_valid,session,final,final.expert,expert,12,GroupConditionalProductWrapper,,,,0.935146769188672,0.9754051306451638,0.702700183700283,0.0,0.9975857168283552,0.0024172022525329974,11.704861567741965,0.15879239856691377,0.727475168391926,2.3237524252846953
macro,macro@1,best_valid,session,final,final.group,group,4,GroupConditionalProductWrapper,,,,0.9200522839024444,0.9815240437825344,0.7096566752286565,0.0,0.9984967546922856,0.0015043763145379326,3.9260961751301378,0.13719898462295532,0.7822425064214924,1.2754632931094354
macro,macro@1,best_valid,session,final,final.intra.Exposure,intra,3,GroupConditionalProductWrapper,,,,0.9856972304173652,0.9944727952775451,0.6223831729338228,0.0,0.999434465896319,0.0005656940784091334,2.983418385832635,0.07455145531739428,0.7482554486225486,1.0828990902426388
macro,macro@1,best_valid,session,final,final.intra.Focus,intra,3,GroupConditionalProductWrapper,,,,0.9530141594422383,0.9999887944523479,0.6270297979296888,0.0,0.9993002881438157,0.0006999567687773631,2.9999663833570436,0.0033336504300340883,0.7513531986197926,1.0469930668379523
macro,macro@1,best_valid,session,final,final.intra.Memory,intra,3,GroupConditionalProductWrapper,,,,0.9939384331742093,0.995874389547306,0.7906042266097826,0.0,0.9998430097337595,0.00015700259050224972,2.987623168641918,0.06436383904922488,0.8604028177398552,1.0919529768647132
macro,macro@1,best_valid,session,final,final.intra.Tempo,intra,3,GroupConditionalProductWrapper,,,,0.8332836722027688,0.9975285369934316,0.6330654496147105,0.0,0.9975645622977231,0.00243840820464018,2.992585610980295,0.049775265536449384,0.755376966409807,0.9154556822284508
