{
  "split": "best_valid",
  "feature_mode": "none",
  "stages": [
    {
      "stage": "macro@1",
      "n_eff": 9.044672963362524,
      "cv_usage": 0.8769246935844421,
      "top1_max_frac": 0.8129624500455032,
      "entropy_mean": 2.229916112921893,
      "route_jitter_adjacent": 0.0,
      "route_consistency_knn_js": 0.02373603085989133,
      "route_consistency_knn_score": 0.9765434530738586,
      "route_consistency_group_knn_js": 0.0016152295905475992,
      "route_consistency_group_knn_score": 0.9983860741907044,
      "route_consistency_intra_group_knn_mean_js": 0.021973048730999034,
      "route_consistency_intra_group_knn_mean_score": 0.9782860849819313,
      "route_consistency_feature_group_knn_mean_score": 0.9396545336420159,
      "family_top_expert_mean_share": 0.24193868041038513,
      "route_consistency_feature_group_knn_tempo_js": 0.037949733510634735,
      "route_consistency_feature_group_knn_tempo_score": 0.9627613343072781,
      "route_consistency_feature_group_knn_focus_js": 0.061672336069234064,
      "route_consistency_feature_group_knn_focus_score": 0.9401909029723751,
      "route_consistency_feature_group_knn_memory_js": 0.07644654192492498,
      "route_consistency_feature_group_knn_memory_score": 0.9264024366561335,
      "route_consistency_feature_group_knn_exposure_js": 0.07336298442970313,
      "route_consistency_feature_group_knn_exposure_score": 0.9292634606322769
    }
  ]
}
