{
  "model": "GRU4Rec",
  "dataset": "KuaiRecLargeStrictPosV2_0.2",
  "dataset_raw": "KuaiRecLargeStrictPosV2_0.2",
  "max_evals": 10,
  "tune_epochs": 100,
  "n_completed": 10,
  "n_recorded_trials": 10,
  "timestamp": "2026-04-13T02:55:32.984653",
  "trials": [
    {
      "trial": 1,
      "params": {
        "learning_rate": 0.006111865141385872
      },
      "mrr@20": 0.0314,
      "valid_result": {
        "hit@5": 0.0382,
        "hit@10": 0.0423,
        "hit@20": 0.0535,
        "ndcg@5": 0.0321,
        "ndcg@10": 0.0334,
        "ndcg@20": 0.0362,
        "mrr@5": 0.0301,
        "mrr@10": 0.0307,
        "mrr@20": 0.0314
      },
      "test_result": {
        "hit@5": 0.0363,
        "hit@10": 0.0431,
        "hit@20": 0.0546,
        "ndcg@5": 0.0305,
        "ndcg@10": 0.0326,
        "ndcg@20": 0.0355,
        "mrr@5": 0.0286,
        "mrr@10": 0.0294,
        "mrr@20": 0.0302
      },
      "best_hr@10": 0.0423,
      "test_mrr@20": 0.0302,
      "test_hr@10": 0.0431,
      "epochs_run": 17,
      "early_stop_epoch": 17,
      "early_stopped": true,
      "elapsed": 51.4,
      "status": "ok"
    },
    {
      "trial": 2,
      "params": {
        "learning_rate": 0.004166232444804079
      },
      "mrr@20": 0.029,
      "valid_result": {
        "hit@5": 0.0355,
        "hit@10": 0.0437,
        "hit@20": 0.0519,
        "ndcg@5": 0.0294,
        "ndcg@10": 0.032,
        "ndcg@20": 0.0341,
        "mrr@5": 0.0274,
        "mrr@10": 0.0285,
        "mrr@20": 0.029
      },
      "test_result": {
        "hit@5": 0.0308,
        "hit@10": 0.0382,
        "hit@20": 0.0502,
        "ndcg@5": 0.0255,
        "ndcg@10": 0.028,
        "ndcg@20": 0.031,
        "mrr@5": 0.0238,
        "mrr@10": 0.0248,
        "mrr@20": 0.0256
      },
      "best_hr@10": 0.0437,
      "test_mrr@20": 0.0256,
      "test_hr@10": 0.0382,
      "epochs_run": 17,
      "early_stop_epoch": 17,
      "early_stopped": true,
      "elapsed": 50.5,
      "status": "ok"
    },
    {
      "trial": 3,
      "params": {
        "learning_rate": 0.004703322346187973
      },
      "mrr@20": 0.0285,
      "valid_result": {
        "hit@5": 0.0336,
        "hit@10": 0.0388,
        "hit@20": 0.0491,
        "ndcg@5": 0.0287,
        "ndcg@10": 0.0304,
        "ndcg@20": 0.033,
        "mrr@5": 0.027,
        "mrr@10": 0.0278,
        "mrr@20": 0.0285
      },
      "test_result": {
        "hit@5": 0.0327,
        "hit@10": 0.0406,
        "hit@20": 0.0491,
        "ndcg@5": 0.0266,
        "ndcg@10": 0.0292,
        "ndcg@20": 0.0313,
        "mrr@5": 0.0246,
        "mrr@10": 0.0257,
        "mrr@20": 0.0263
      },
      "best_hr@10": 0.0388,
      "test_mrr@20": 0.0263,
      "test_hr@10": 0.0406,
      "epochs_run": 20,
      "early_stop_epoch": 20,
      "early_stopped": true,
      "elapsed": 59.8,
      "status": "ok"
    },
    {
      "trial": 4,
      "params": {
        "learning_rate": 0.0047684433915050825
      },
      "mrr@20": 0.0299,
      "valid_result": {
        "hit@5": 0.0349,
        "hit@10": 0.0431,
        "hit@20": 0.0554,
        "ndcg@5": 0.0297,
        "ndcg@10": 0.0323,
        "ndcg@20": 0.0354,
        "mrr@5": 0.028,
        "mrr@10": 0.0291,
        "mrr@20": 0.0299
      },
      "test_result": {
        "hit@5": 0.0333,
        "hit@10": 0.0393,
        "hit@20": 0.0486,
        "ndcg@5": 0.0267,
        "ndcg@10": 0.0287,
        "ndcg@20": 0.031,
        "mrr@5": 0.0245,
        "mrr@10": 0.0253,
        "mrr@20": 0.026
      },
      "best_hr@10": 0.0431,
      "test_mrr@20": 0.026,
      "test_hr@10": 0.0393,
      "epochs_run": 18,
      "early_stop_epoch": 18,
      "early_stopped": true,
      "elapsed": 53.6,
      "status": "ok"
    },
    {
      "trial": 5,
      "params": {
        "learning_rate": 0.0033900456521586135
      },
      "mrr@20": 0.0264,
      "valid_result": {
        "hit@5": 0.0303,
        "hit@10": 0.0363,
        "hit@20": 0.045,
        "ndcg@5": 0.0263,
        "ndcg@10": 0.0283,
        "ndcg@20": 0.0305,
        "mrr@5": 0.025,
        "mrr@10": 0.0258,
        "mrr@20": 0.0264
      },
      "test_result": {
        "hit@5": 0.0278,
        "hit@10": 0.0327,
        "hit@20": 0.0406,
        "ndcg@5": 0.0228,
        "ndcg@10": 0.0244,
        "ndcg@20": 0.0264,
        "mrr@5": 0.0211,
        "mrr@10": 0.0218,
        "mrr@20": 0.0223
      },
      "best_hr@10": 0.0363,
      "test_mrr@20": 0.0223,
      "test_hr@10": 0.0327,
      "epochs_run": 23,
      "early_stop_epoch": 23,
      "early_stopped": true,
      "elapsed": 68.6,
      "status": "ok"
    },
    {
      "trial": 6,
      "params": {
        "learning_rate": 0.004114807032984133
      },
      "mrr@20": 0.0297,
      "valid_result": {
        "hit@5": 0.0349,
        "hit@10": 0.0407,
        "hit@20": 0.0478,
        "ndcg@5": 0.0301,
        "ndcg@10": 0.0319,
        "ndcg@20": 0.0337,
        "mrr@5": 0.0285,
        "mrr@10": 0.0293,
        "mrr@20": 0.0297
      },
      "test_result": {
        "hit@5": 0.0319,
        "hit@10": 0.0376,
        "hit@20": 0.048,
        "ndcg@5": 0.0259,
        "ndcg@10": 0.0278,
        "ndcg@20": 0.0303,
        "mrr@5": 0.0239,
        "mrr@10": 0.0247,
        "mrr@20": 0.0254
      },
      "best_hr@10": 0.0407,
      "test_mrr@20": 0.0254,
      "test_hr@10": 0.0376,
      "epochs_run": 21,
      "early_stop_epoch": 21,
      "early_stopped": true,
      "elapsed": 62.6,
      "status": "ok"
    },
    {
      "trial": 7,
      "params": {
        "learning_rate": 0.004650485451532225
      },
      "mrr@20": 0.0287,
      "valid_result": {
        "hit@5": 0.0341,
        "hit@10": 0.042,
        "hit@20": 0.0505,
        "ndcg@5": 0.0288,
        "ndcg@10": 0.0314,
        "ndcg@20": 0.0335,
        "mrr@5": 0.0271,
        "mrr@10": 0.0282,
        "mrr@20": 0.0287
      },
      "test_result": {
        "hit@5": 0.0333,
        "hit@10": 0.0417,
        "hit@20": 0.0502,
        "ndcg@5": 0.027,
        "ndcg@10": 0.0298,
        "ndcg@20": 0.0319,
        "mrr@5": 0.0249,
        "mrr@10": 0.0261,
        "mrr@20": 0.0267
      },
      "best_hr@10": 0.042,
      "test_mrr@20": 0.0267,
      "test_hr@10": 0.0417,
      "epochs_run": 24,
      "early_stop_epoch": 24,
      "early_stopped": true,
      "elapsed": 70.6,
      "status": "ok"
    },
    {
      "trial": 8,
      "params": {
        "learning_rate": 0.004836531608251604
      },
      "mrr@20": 0.0312,
      "valid_result": {
        "hit@5": 0.0369,
        "hit@10": 0.0426,
        "hit@20": 0.0557,
        "ndcg@5": 0.0314,
        "ndcg@10": 0.0332,
        "ndcg@20": 0.0365,
        "mrr@5": 0.0296,
        "mrr@10": 0.0303,
        "mrr@20": 0.0312
      },
      "test_result": {
        "hit@5": 0.0341,
        "hit@10": 0.0401,
        "hit@20": 0.0516,
        "ndcg@5": 0.0287,
        "ndcg@10": 0.0307,
        "ndcg@20": 0.0336,
        "mrr@5": 0.027,
        "mrr@10": 0.0278,
        "mrr@20": 0.0286
      },
      "best_hr@10": 0.0426,
      "test_mrr@20": 0.0286,
      "test_hr@10": 0.0401,
      "epochs_run": 18,
      "early_stop_epoch": 18,
      "early_stopped": true,
      "elapsed": 53.5,
      "status": "ok"
    },
    {
      "trial": 9,
      "params": {
        "learning_rate": 0.0057214959858844
      },
      "mrr@20": 0.0269,
      "valid_result": {
        "hit@5": 0.0306,
        "hit@10": 0.0396,
        "hit@20": 0.0497,
        "ndcg@5": 0.0264,
        "ndcg@10": 0.0293,
        "ndcg@20": 0.0318,
        "mrr@5": 0.025,
        "mrr@10": 0.0262,
        "mrr@20": 0.0269
      },
      "test_result": {
        "hit@5": 0.0303,
        "hit@10": 0.039,
        "hit@20": 0.0496,
        "ndcg@5": 0.0244,
        "ndcg@10": 0.0272,
        "ndcg@20": 0.0299,
        "mrr@5": 0.0225,
        "mrr@10": 0.0237,
        "mrr@20": 0.0244
      },
      "best_hr@10": 0.0396,
      "test_mrr@20": 0.0244,
      "test_hr@10": 0.039,
      "epochs_run": 12,