{
  "split": "best_valid",
  "feature_mode": "none",
  "stages": [
    {
      "stage": "macro@1",
      "n_eff": 13.580996401814877,
      "cv_usage": 0.42203882336616516,
      "top1_max_frac": 0.9937087009852411,
      "entropy_mean": 2.6787000022256953,
      "route_jitter_adjacent": 0.0,
      "route_consistency_knn_js": 0.0012275650352026675,
      "route_consistency_knn_score": 0.9987731881145435,
      "route_consistency_group_knn_js": 0.0007939359125800731,
      "route_consistency_group_knn_score": 0.9992063791711456,
      "route_consistency_intra_group_knn_mean_js": 0.0005432205388088778,
      "route_consistency_intra_group_knn_mean_score": 0.9994570321815148,
      "route_consistency_feature_group_knn_mean_score": 0.9975775704113378,
      "family_top_expert_mean_share": 0.13877679407596588,
      "route_consistency_feature_group_knn_tempo_js": 0.00127188319238672,
      "route_consistency_feature_group_knn_tempo_score": 0.9987289253082318,
      "route_consistency_feature_group_knn_focus_js": 0.00240217286813392,
      "route_consistency_feature_group_knn_focus_score": 0.9976007100402335,
      "route_consistency_feature_group_knn_memory_js": 0.0031788597859188843,
      "route_consistency_feature_group_knn_memory_score": 0.9968261874392935,
      "route_consistency_feature_group_knn_exposure_js": 0.0028495973912468294,
      "route_consistency_feature_group_knn_exposure_score": 0.9971544588575925
    }
  ]
}
