stage_name,stage_key,split,aggregation_level,node_kind,node_name,route_space,support_size,wrapper_name,source_type,temperature,top_k,entropy_norm,n_eff_norm,top1_monopoly_norm,jitter_adj_norm,knn_consistency_score,knn_consistency_js,n_eff,cv_usage,top1_max_frac,entropy_mean
macro,macro@1,best_valid,session,final,final.expert,expert,20,FlatJointWrapper,,,,0.9178753627509313,0.7794664321994427,0.4241677980193435,0.6935474098757952,0.9825928460420426,0.017560439915205964,15.589328643988853,0.5319105730732763,0.4529594081183763,2.7497088472930415
macro,macro@1,best_valid,session,final,final.group,group,4,FlatJointWrapper,,,,0.9656786550954468,0.9623786329798901,0.5580217289875358,0.0,0.9962277201766329,0.00377941281497734,3.8495145319195605,0.19771708548069,0.6685162967406518,1.3387148742126576
macro,macro@1,best_valid,session,final,final.intra.Exposure,intra,5,FlatJointWrapper,,,,0.8777720430234003,0.8118337876764061,0.6333858228354328,0.0,0.9869606822813995,0.013125075923268814,4.05916893838203,0.48143434552201114,0.7067086582683463,1.4127196045165966
macro,macro@1,best_valid,session,final,final.intra.Focus,intra,5,FlatJointWrapper,,,,0.8755057463005369,0.8316497727330747,0.4442361527694461,0.0,0.9845336862984624,0.015587164831692984,4.158248863665373,0.44992137029884205,0.5553889222155569,1.409072140649995
macro,macro@1,best_valid,session,final,final.intra.Memory,intra,5,FlatJointWrapper,,,,0.9485949151679434,0.9768581288607001,0.2919541091781643,0.0,0.9902013953521822,0.009846926893837692,4.8842906443035,0.1539156656128814,0.43356328734253147,1.5267046200134973
macro,macro@1,best_valid,session,final,final.intra.Tempo,intra,5,FlatJointWrapper,,,,0.8387512150988846,0.744064392207404,0.49385122975404916,0.0,0.9860182600788651,0.014080405201220995,3.72032196103702,0.5864893930183441,0.5950809838032394,1.3499180046803139
