stage_name,stage_key,split,aggregation_level,node_kind,node_name,route_space,support_size,wrapper_name,source_type,temperature,top_k,entropy_norm,n_eff_norm,top1_monopoly_norm,jitter_adj_norm,knn_consistency_score,knn_consistency_js,n_eff,cv_usage,top1_max_frac,entropy_mean
micro,micro@1,best_valid,token,primitive,primitive.a_joint,expert,8,FlatJointWrapper,both,1.0,,0.9300679575798199,0.9866545472680072,0.08333880407831414,0.0,0.9813370810620817,0.018839268791705378,7.893236378144057,0.1163007835329046,0.19792145356852486,1.9340219475767966
micro,micro@1,best_valid,token,wrapper,wrapper.group,group,4,FlatJointWrapper,,,,0.9424988952137359,0.9901991787419598,0.22518764655284151,0.0,0.9904532160128124,0.009592646656847226,3.9607967149678394,0.09948760271072388,0.41889073491463114,1.3065809037965286
micro,micro@1,best_valid,token,wrapper,wrapper.intra.Exposure,intra,2,FlatJointWrapper,,,,0.9175641662087356,0.9993462071436876,0.009650394146134555,0.0,0.9914713999665086,0.008565176656160729,1.9986924142873752,0.025578737258911133,0.5048251970730673,0.6360070147904221
micro,micro@1,best_valid,token,wrapper,wrapper.intra.Focus,intra,2,FlatJointWrapper,,,,0.7784216544348532,0.940166252114184,0.35423662907844045,0.0,0.985944894186866,0.014154814189922548,1.880332504228368,0.2522730827331543,0.6771183145392202,0.5395607750583266
micro,micro@1,best_valid,token,wrapper,wrapper.intra.Memory,intra,2,FlatJointWrapper,,,,0.9559474444190161,0.9964619138118166,0.10990137509279219,0.0,0.9952280867489494,0.004783335179877168,1.9929238276236332,0.05958673357963562,0.5549506875463961,0.662612275862526
micro,micro@1,best_valid,token,wrapper,wrapper.intra.Tempo,intra,2,FlatJointWrapper,,,,0.9336619701400886,0.9975256307929112,0.11364841457810448,0.0,0.9922384754968594,0.007791801902048122,1.9950512615858225,0.049805015325546265,0.5568242072890522,0.6471651621986462
