best_mrr20,epoch,epoch_time_sec,eval,lr,patience_used,train_loss,trial,valid_mrr20
0.2696,1,55.555734395980835,1,0.0006918502217122324,0,2189.1987857818604,1,0.2696
0.3451,3,53.491546630859375,1,0.0006905969424258146,0,1172.0973653793335,1,0.3451
0.3711,6,54.09059381484985,1,0.0006863795394030031,0,831.1433000564575,1,0.3711
0.3711,10,55.63582921028137,1,0.0006764589887885513,4,694.1457314491272,1,0.3651
0.3711,16,53.324230909347534,1,0.0006527232986450689,10,526.9443137645721,1,0.3451
