stage_name,stage_key,split,aggregation_level,node_kind,node_name,route_space,support_size,wrapper_name,source_type,temperature,top_k,entropy_norm,n_eff_norm,top1_monopoly_norm,jitter_adj_norm,knn_consistency_score,knn_consistency_js,n_eff,cv_usage,top1_max_frac,entropy_mean
macro,macro@1,best_valid,session,final,final.expert,expert,20,FlatJointWrapper,,,,0.6732110359726731,0.6288973624192276,0.322972092122444,0.8059153118398089,0.9135399615621362,0.09042815856846376,12.577947248384552,0.7681696747516145,0.35682348751632176,2.0167600273760535
macro,macro@1,best_valid,session,final,final.group,group,4,FlatJointWrapper,,,,0.8652968332292027,0.944582433166178,0.34190638230522685,0.0,0.9834392418392577,0.016699420550647003,3.778329732664712,0.24221654189923655,0.5064297867289201,1.199556120600542
macro,macro@1,best_valid,session,final,final.intra.Exposure,intra,5,FlatJointWrapper,,,,0.4405006264118901,0.6883267509883775,0.3602252342037074,0.0,0.9178125246169861,0.08576213076783099,3.441633754941887,0.6729029018744394,0.4881801873629659,0.7089584085982659
macro,macro@1,best_valid,session,final,final.intra.Focus,intra,5,FlatJointWrapper,,,,0.49369817406047983,0.5622381528986921,0.5677227722772277,0.0,0.9465962820351875,0.05488258922192055,2.8111907644934604,0.8823861882937383,0.6541782178217822,0.7945765586324257
macro,macro@1,best_valid,session,final,final.intra.Memory,intra,5,FlatJointWrapper,,,,0.3561625062159179,0.8475834401040053,0.2841716954616847,0.0,0.8840111071995874,0.12328565171801319,4.237917200520027,0.4240577119070203,0.4273373563693478,0.5732214404914442
macro,macro@1,best_valid,session,final,final.intra.Tempo,intra,5,FlatJointWrapper,,,,0.544551453776781,0.8957340328301223,0.23916279623675124,0.0,0.9196469669016278,0.08376541421153812,4.4786701641506115,0.34117865799101205,0.391330236989401,0.876421754979457
