stage_name,stage_key,split,aggregation_level,node_kind,node_name,route_space,support_size,wrapper_name,source_type,temperature,top_k,entropy_norm,n_eff_norm,top1_monopoly_norm,jitter_adj_norm,knn_consistency_score,knn_consistency_js,n_eff,cv_usage,top1_max_frac,entropy_mean
macro,macro@1,best_valid,session,final,final.expert,expert,16,FlatJointWrapper,,,,0.9032302679353358,0.9901477524342615,0.029189055648199617,0.7162972257075143,0.9339539231756593,0.0683281747585698,15.842364038948183,0.09975111334032497,0.08986473967018714,2.504286054463128
macro,macro@1,best_valid,session,final,final.group,group,4,FlatJointWrapper,,,,0.9511579976802047,0.9973052833613553,0.04366623432771292,0.0,0.9820683779704175,0.01809434171738265,3.989221133445421,0.05198100209236145,0.2827496757457847,1.3185849687181537
macro,macro@1,best_valid,session,final,final.intra.Exposure,intra,4,FlatJointWrapper,,,,0.8590989096746768,0.9923565221300286,0.08022975727255884,0.0,0.951945484576429,0.049247509930812665,3.9694260885201142,0.08776353077671115,0.31017231795441913,1.1909639741262508
macro,macro@1,best_valid,session,final,final.intra.Focus,intra,4,FlatJointWrapper,,,,0.8806631951033282,0.9947087889219196,0.04823667469581864,0.0,0.9560296262200767,0.04496637664095403,3.9788351556876784,0.07293355464935303,0.286177506021864,1.22085842141757
macro,macro@1,best_valid,session,final,final.intra.Memory,intra,4,FlatJointWrapper,,,,0.8766738757190811,0.9950526172447154,0.07318880859736894,0.0,0.953424458078667,0.04769508300713826,3.9802104689788615,0.07051205635070801,0.3048916064480267,1.2153280504504818
macro,macro@1,best_valid,session,final,final.intra.Tempo,intra,4,FlatJointWrapper,,,,0.8692876225716378,0.9922781091966205,0.0708418257056389,0.0,0.9520844199669174,0.049101571686456826,3.969112436786482,0.08821498602628708,0.3031313692792292,1.2050885293623772
