stage_name,stage_key,split,aggregation_level,node_kind,node_name,route_space,support_size,wrapper_name,source_type,temperature,top_k,entropy_norm,n_eff_norm,top1_monopoly_norm,jitter_adj_norm,knn_consistency_score,knn_consistency_js,n_eff,cv_usage,top1_max_frac,entropy_mean
macro,macro@1,best_valid,session,final,final.expert,expert,12,FlatJointWrapper,,,,0.6728412714847922,0.6856766297136802,0.16787935909519325,0.501026021279164,0.8887511578965287,0.11793799502837207,8.228119556564161,0.6770620284006562,0.23722274583726044,1.6719477497643733
macro,macro@1,best_valid,session,final,final.group,group,4,FlatJointWrapper,,,,0.8362379909925294,0.9375958289174817,0.25133940726777676,0.0,0.9597543101266511,0.0410779542265511,3.750383315669927,0.2579878270626068,0.43850455545083256,1.1592720114671693
macro,macro@1,best_valid,session,final,final.intra.Exposure,intra,3,FlatJointWrapper,,,,0.4352924113302405,0.6670936297215592,0.5734716981132075,0.0,0.9347839743969323,0.06743981981383508,2.0012808891646774,0.706427627610337,0.7156477987421384,0.4782175922513758
macro,macro@1,best_valid,session,final,final.intra.Focus,intra,3,FlatJointWrapper,,,,0.1569831200895672,0.9766099201730482,0.10108963760062885,0.0,0.781606301325344,0.2464041162014361,2.9298297605191443,0.15475889845245472,0.4007264250670859,0.17246358484386012
macro,macro@1,best_valid,session,final,final.intra.Memory,intra,3,FlatJointWrapper,,,,0.39074403932130686,0.6572977188101908,0.3379743215376973,0.0,0.9020214103098267,0.10311702271582375,1.9718931564305726,0.7220667832473879,0.5586495476917982,0.4292762033222028
macro,macro@1,best_valid,session,final,final.intra.Tempo,intra,3,FlatJointWrapper,,,,0.28835423531909504,0.5096395576056307,0.7475660902530258,0.0,0.9468792023042439,0.054583752217162,1.5289186728168922,0.9809031194179321,0.8317107268353505,0.3167895064110537
