stage_name,stage_key,split,aggregation_level,node_kind,node_name,route_space,support_size,wrapper_name,source_type,temperature,top_k,entropy_norm,n_eff_norm,top1_monopoly_norm,jitter_adj_norm,knn_consistency_score,knn_consistency_js,n_eff,cv_usage,top1_max_frac,entropy_mean
mid,mid@1,best_valid,session,final,final.expert,expert,12,FlatJointWrapper,,,,0.5148012154288777,0.36302877867802796,0.3830426290363773,0.6141269403876183,0.9436556527654741,0.05799395399592406,4.356345344136336,1.3246142759689257,0.43445574328334585,1.2792329635381632
mid,mid@1,best_valid,session,final,final.group,group,4,FlatJointWrapper,,,,0.5023727531128784,0.508083994709235,0.7293554386103747,0.0,0.9723172054946757,0.02807318465850734,2.03233597883694,0.9839606285095215,0.797016578957781,0.6964365148206584
mid,mid@1,best_valid,session,final,final.intra.Exposure,intra,3,FlatJointWrapper,,,,0.3532109315476641,0.5667066669882366,0.6701222648676453,0.0,0.9724649317998884,0.027921263985580702,1.7001200009647097,0.8744034208535129,0.7800815099117635,0.3880418698901743
mid,mid@1,best_valid,session,final,final.intra.Focus,intra,3,FlatJointWrapper,,,,0.5802104196347325,0.7821410276707556,0.3330036006805682,0.0,0.962330007184932,0.03839784433038346,2.3464230830122665,0.5277705631324481,0.5553357337870455,0.6374262970239979
mid,mid@1,best_valid,session,final,final.intra.Memory,intra,3,FlatJointWrapper,,,,0.5926489941949777,0.7705156036471368,0.2998852530368377,0.0,0.9822854852545165,0.01787329469622459,2.3115468109414103,0.5457400218921893,0.5332568353578918,0.6510914678893978
mid,mid@1,best_valid,session,final,final.intra.Tempo,intra,3,FlatJointWrapper,,,,0.6364753447846653,0.9355105462024292,0.20539706406045977,0.0,0.9853870893812563,0.014720730864684832,2.8065316386072876,0.262554972989709,0.47026470937363984,0.6992396352147054
