{
  "split": "best_valid",
  "feature_mode": "none",
  "stages": [
    {
      "stage": "macro@1",
      "n_eff": 11.070454714541242,
      "cv_usage": 0.2897688401020956,
      "top1_max_frac": 0.6011023079572856,
      "entropy_mean": 2.388836205272563,
      "route_jitter_adjacent": 0.0,
      "route_consistency_knn_js": 0.005898126677497583,
      "route_consistency_knn_score": 0.9941192331247813,
      "route_consistency_group_knn_js": 0.004641434133003443,
      "route_consistency_group_knn_score": 0.9953693206767212,
      "route_consistency_intra_group_knn_mean_js": 0.001479343201237731,
      "route_consistency_intra_group_knn_mean_score": 0.9985220113035346,
      "route_consistency_feature_group_knn_mean_score": 0.9837451580672646,
      "family_top_expert_mean_share": 0.1368657350540161,
      "route_consistency_feature_group_knn_tempo_js": 0.016282469025964533,
      "route_consistency_feature_group_knn_tempo_score": 0.9838493738272123,
      "route_consistency_feature_group_knn_focus_js": 0.017278466360307602,
      "route_consistency_feature_group_knn_focus_score": 0.98286995030606,
      "route_consistency_feature_group_knn_memory_js": 0.02046067502017312,
      "route_consistency_feature_group_knn_memory_score": 0.9797472242567901,
      "route_consistency_feature_group_knn_exposure_js": 0.01155238874509696,
      "route_consistency_feature_group_knn_exposure_score": 0.988514083878996
    }
  ]
}
