best_mrr20,epoch,epoch_time_sec,eval,lr,patience_used,train_loss,trial,valid_mrr20
0.3134,1,49.11007022857666,1,0.00056966,0,2151.6899995803833,1,0.3134
0.3641,3,49.810190200805664,1,0.00056966,0,1142.272204875946,1,0.3641
0.374,6,49.01417899131775,1,0.00056966,0,804.2272210121155,1,0.374
0.374,10,48.921990394592285,1,0.00056966,4,643.9375174045563,1,0.3611
0.374,16,47.71227812767029,1,0.00056966,10,437.93026888370514,1,0.3294
