best_mrr20,epoch,epoch_time_sec,eval,lr,patience_used,train_loss,trial,valid_mrr20
0.0016,1,3.076770067214966,1,0.0005672,0,80.41388177871704,1,0.0016
0.0113,3,2.225095748901367,1,0.0005672,0,72.59450244903564,1,0.0113
0.0599,10,2.2326908111572266,1,0.0005672,0,53.40196132659912,1,0.0599
0.0704,21,2.2334678173065186,1,0.0005672,0,37.24676585197449,1,0.0704
0.0704,31,2.0081756114959717,1,0.0005672,10,26.514113426208496,1,0.0659
