stage_name,stage_key,split,aggregation_level,node_kind,node_name,route_space,support_size,wrapper_name,source_type,temperature,top_k,entropy_norm,n_eff_norm,top1_monopoly_norm,jitter_adj_norm,knn_consistency_score,knn_consistency_js,n_eff,cv_usage,top1_max_frac,entropy_mean
macro,macro@1,best_valid,session,final,final.expert,expert,6,GroupConditionalProductWrapper,,,,0.8972491808527701,0.9955595305424914,0.26324762230768717,0.0,0.996066021763236,0.003941736683539465,5.973357183254948,0.0667851361100335,0.386039685256406,1.6076547160500663
macro,macro@1,best_valid,session,final,final.group,group,2,GroupConditionalProductWrapper,,,,0.940786611785592,0.999447412836464,0.17779164904791633,0.0,0.9990590410148829,0.0009414019649286925,1.998894825672928,0.023513317108154297,0.5888958245239582,0.6521035874677269
macro,macro@1,best_valid,session,final,final.intra.Focus,intra,3,GroupConditionalProductWrapper,,,,0.7344414142977982,0.9578621445330681,0.2419708837565189,0.0,0.9936153648165127,0.006405104137750801,2.873586433599204,0.2097416755634047,0.49464725583767927,0.8068663630543474
macro,macro@1,best_valid,session,final,final.intra.Tempo,intra,3,GroupConditionalProductWrapper,,,,0.9889687128581021,0.9966870991723273,0.28194027747014877,0.0,0.9997211344495056,0.00027890444072224246,2.990061297516982,0.05765333227356278,0.5212935183134325,1.0864931810541942
