{
  "split": "best_valid",
  "feature_mode": "runtime:unknown|ablation:none",
  "stages": [
    {
      "stage": "macro@1",
      "n_eff": 15.853014952662795,
      "cv_usage": 0.09628994017839432,
      "top1_max_frac": 0.12675320149838837,
      "entropy_mean": 2.601483551485321,
      "route_jitter_adjacent": 0.6860524306439297,
      "route_consistency_knn_js": 0.037968602637433436,
      "route_consistency_knn_score": 0.9627431680129757,
      "route_consistency_group_knn_js": 0.009687388940793774,
      "route_consistency_group_knn_score": 0.9903593826580486,
      "route_consistency_intra_group_knn_mean_js": 0.02841971744262392,
      "route_consistency_intra_group_knn_mean_score": 0.9719826177549895,
      "route_consistency_feature_group_knn_mean_score": 0.9568874165033269,
      "family_top_expert_mean_share": 0.07515080273151398,
      "route_consistency_feature_group_knn_tempo_js": 0.04594319830017174,
      "route_consistency_feature_group_knn_tempo_score": 0.9550962117382931,
      "route_consistency_feature_group_knn_focus_js": 0.043783849986407414,
      "route_consistency_feature_group_knn_focus_score": 0.9571608254404135,
      "route_consistency_feature_group_knn_memory_js": 0.0446229316818882,
      "route_consistency_feature_group_knn_memory_score": 0.9563580261663447,
      "route_consistency_feature_group_knn_exposure_js": 0.041932399679171846,
      "route_consistency_feature_group_knn_exposure_score": 0.9589346026682563
    }
  ]
}
