{
  "split": "best_valid",
  "feature_mode": "none",
  "stages": [
    {
      "stage": "macro@1",
      "n_eff": 3.54154314681594,
      "cv_usage": 0.35979321599006653,
      "top1_max_frac": 0.9419538638072251,
      "entropy_mean": 1.3105430109454754,
      "route_jitter_adjacent": 0.0,
      "route_consistency_knn_js": 0.0025137313674878786,
      "route_consistency_knn_score": 0.9974894254095555,
      "route_consistency_group_knn_js": 0.0025137313674878786,
      "route_consistency_group_knn_score": 0.9974894254095555,
      "route_consistency_intra_group_knn_mean_js": 0.0,
      "route_consistency_intra_group_knn_mean_score": 1.0,
      "route_consistency_feature_group_knn_mean_score": 0.9945391154763845,
      "family_top_expert_mean_share": 0.4049125015735626,
      "route_consistency_feature_group_knn_tempo_js": 0.004552179965062563,
      "route_consistency_feature_group_knn_tempo_score": 0.9954581655020586,
      "route_consistency_feature_group_knn_focus_js": 0.006551134753274931,
      "route_consistency_feature_group_knn_focus_score": 0.993470277147073,
      "route_consistency_feature_group_knn_memory_js": 0.007036315403382551,
      "route_consistency_feature_group_knn_memory_score": 0.9929883815048178,
      "route_consistency_feature_group_knn_exposure_js": 0.0037674501849161144,
      "route_consistency_feature_group_knn_exposure_score": 0.9962396377515887
    }
  ]
}
