best_mrr20,epoch,epoch_time_sec,eval,lr,patience_used,train_loss,trial,valid_mrr20
0.0115,1,17.134828805923462,1,0.0002738,0,716.3251686096191,1,0.0115
0.0136,3,16.482728481292725,1,0.0002738,0,644.7911429405212,1,0.0136
0.0176,10,16.426803588867188,1,0.0002738,1,550.9292750358582,1,0.0173
0.0178,11,16.668428659439087,1,0.0002738,0,544.3789582252502,1,0.0178
0.0178,21,17.191470623016357,1,0.0002738,10,501.0508246421814,1,0.0169
