{
  "split": "best_valid",
  "feature_mode": "none",
  "stages": [
    {
      "stage": "macro@1",
      "n_eff": 3.990830034147716,
      "cv_usage": 0.0479344017803669,
      "top1_max_frac": 0.7623318385650224,
      "entropy_mean": 1.3423273060888452,
      "route_jitter_adjacent": 0.0,
      "route_consistency_knn_js": 0.0012299675120120983,
      "route_consistency_knn_score": 0.9987707885880036,
      "route_consistency_group_knn_js": 0.0012299675120120983,
      "route_consistency_group_knn_score": 0.9987707885880036,
      "route_consistency_intra_group_knn_mean_js": 0.0,
      "route_consistency_intra_group_knn_mean_score": 1.0,
      "route_consistency_feature_group_knn_mean_score": 0.997922758769463,
      "family_top_expert_mean_share": 0.2730007767677307,
      "route_consistency_feature_group_knn_tempo_js": 0.0023848455298270143,
      "route_consistency_feature_group_knn_tempo_score": 0.9976179959549906,
      "route_consistency_feature_group_knn_focus_js": 0.0006053209114683112,
      "route_consistency_feature_group_knn_focus_score": 0.9993948622582739,
      "route_consistency_feature_group_knn_memory_js": 0.0023111958633009137,
      "route_consistency_feature_group_knn_memory_score": 0.9976914728934559,
      "route_consistency_feature_group_knn_exposure_js": 0.0030178451462035353,
      "route_consistency_feature_group_knn_exposure_score": 0.9969867039711319
    }
  ]
}
