{
  "split": "best_valid",
  "feature_mode": "none",
  "stage_metrics": {
    "macro@1": {
      "mode": "moe",
      "n_slots": 4,
      "expert_names": [
        "Tempo",
        "Focus",
        "Memory",
        "Exposure"
      ],
      "family_names": [
        "Tempo",
        "Focus",
        "Memory",
        "Exposure"
      ],
      "usage_sum": [
        1145.688720703125,
        544.5571899414062,
        667.7073364257812,
        985.0466918945312
      ],
      "top1_count": [
        1575.0,
        385.0,
        514.0,
        869.0
      ],
      "entropy_mean": 1.2450443031614569,
      "route_jitter_adjacent": 0.46649484536082475,
      "route_jitter_session": 0.319040657198552,
      "route_consistency_knn_js": 0.010884278889097855,
      "route_consistency_knn_score": 0.9891747405522721,
      "route_consistency_group_knn_js": 0.010884278889097855,
      "route_consistency_group_knn_score": 0.9891747405522721,
      "route_consistency_intra_group_knn": {
        "group_names": [
          "Tempo",
          "Focus",
          "Memory",
          "Exposure"
        ],
        "js_by_group": [
          0.0,
          0.0,
          0.0,
          0.0
        ],
        "score_by_group": [
          1.0,
          1.0,
          1.0,
          1.0
        ],
        "mean_js": 0.0,
        "mean_score": 1.0
      },
      "route_consistency_feature_group_knn": {
        "group_names": [
          "Tempo",
          "Focus",
          "Memory",
          "Exposure"
        ],
        "js_by_group": [
          0.015720841987281325,
          0.02222248393763005,
          0.02235624474581729,
          0.02073591253593968
        ],
        "score_by_group": [
          0.9844020854319078,
          0.9780226165209791,
          0.9778918041743455,
          0.9794775981720155
        ],
        "mean_js": 0.020258870801667085,
        "mean_score": 0.979948526074812
      },
      "condition_norm": 0.0,
      "stage_delta_norm": 4.264253139952153,
      "shared_delta_norm": 5.853217204944179,
      "moe_delta_norm": 4.264253139952153,
      "residual_delta_norm": 4.264253139952153,
      "alpha_value": 1.0,
      "alpha_effective": 1.0,
      "usage_share": [
        0.34271275997161865,
        0.16289477050304413,
        0.19973298907279968,
        0.2946595251560211
      ],
      "n_eff": 3.6940684839376585,
      "cv_usage": 0.2877792418003082,
      "dead_expert_frac": 0.0,
      "top1_max_frac": 0.4711337122345199,
      "wrapper_name": "FlatJointWrapper",
      "feature_family_expert_heatmap": {
        "family_names": [
          "Tempo",
          "Focus",
          "Memory",
          "Exposure"
        ],
        "values": [
          [
            512.0286865234375,
            212.9774627685547,
            268.9960021972656,
            419.67938232421875
          ],
          [
            618.447265625,
            279.8277893066406,
            346.8375244140625,
            523.4110717773438
          ],
          [
            491.42352294921875,
            260.4046630859375,
            311.828125,
            438.76373291015625
          ],
          [
            549.79931640625,
            267.5898742675781,
            326.4693603515625,
            475.70880126953125
          ]
        ]
      },
      "position_expert_usage": {
        "values": [
          [
            178.0,
            129.0,
            64.0,
            256.0
          ],
          [
            281.0,
            86.0,
            97.0,
            155.0
          ],
          [
            313.0,
            87.0,
            73.0,
            127.0
          ],
          [
            284.0,
            30.0,
            121.0,
            107.0
          ],
          [
            154.0,
            28.0,
            70.0,
            70.0
          ],
          [
            91.0,
            7.0,
            34.0,
            81.0
          ],
          [
            89.0,
            10.0,
            23.0,
            32.0
          ],
          [
            72.0,
            3.0,
            14.0,
            23.0
          ],
          [
            54.0,
            5.0,
            12.0,
            14.0
          ],
          [
            59.0,
            0.0,
            6.0,
            4.0
          ]
        ]
      },
      "route_transition_matrix": {
        "values": [
          [
            888.0,
            53.0,
            81.0,
            213.0
          ],
          [
            95.0,
            97.0,
            91.0,
            58.0
          ],
          [
            93.0,
            59.0,
            181.0,
            59.0
          ],
          [
            321.0,
            47.0,
            97.0,
            283.0
          ]
        ]
      },
      "group_routing": {
        "group_names": [
          "Tempo",
          "Focus",
          "Memory",
          "Exposure"
        ],
        "group_share": [
          0.34271275997161865,
          0.16289477050304413,
          0.19973298907279968,
          0.2946595251560211
        ],
        "group_n_eff": 3.6940684839376585,
        "group_cv_usage": 0.2877792490969973,
        "group_top1_max_frac": 0.4711337122345199,
        "group_entropy_mean": 1.2450443031614569,
        "group_prior_mean": [
          0.0,
          0.0,
          0.0,
          0.0
        ],
        "factored_group_entropy_mean": 0.0
      },
      "specialization_summary": {
        "mean_top_expert_share": 0.344613254070282,
        "family_top_expert": [
          {
            "family": "Tempo",
            "expert": "Tempo",
            "top_share": 0.3621951937675476
          },
          {
            "family": "Focus",
            "expert": "Tempo",
            "top_share": 0.34969690442085266
          },
          {
            "family": "Memory",
            "expert": "Tempo",
            "top_share": 0.32708799839019775
          },
          {
            "family": "Exposure",
            "expert": "Tempo",
            "top_share": 0.3394729495048523
          }
        ]
      },
      "expert_similarity_mean": 0.27616700530052185,
      "expert_similarity_max": 0.35835713148117065
    }
  },
  "scalar_metrics": {
    "macro_1.entropy_mean": 1.2450443031614569,
    "macro_1.n_eff": 3.6940684839376585,
    "macro_1.cv_usage": 0.2877792418003082,
    "macro_1.dead_expert_frac": 0.0,
    "macro_1.top1_max_frac": 0.4711337122345199,
    "macro_1.route_jitter_adjacent": 0.46649484536082475,
    "macro_1.route_jitter_session": 0.319040657198552,
    "macro_1.route_consistency_knn_js": 0.010884278889097855,
    "macro_1.route_consistency_knn_score": 0.9891747405522721,
    "macro_1.route_consistency_group_knn_js": 0.010884278889097855,
    "macro_1.route_consistency_group_knn_score": 0.9891747405522721,
    "macro_1.route_consistency_intra_group_knn_mean_js": 0.0,
    "macro_1.route_consistency_intra_group_knn_mean_score": 1.0,
    "macro_1.route_consistency_feature_group_knn_mean_js": 0.020258870801667085,
    "macro_1.route_consistency_feature_group_knn_mean_score": 0.979948526074812,
    "macro_1.route_consistency_feature_group_knn_tempo_js": 0.015720841987281325,
    "macro_1.route_consistency_feature_group_knn_tempo_score": 0.9844020854319078,
    "macro_1.route_consistency_feature_group_knn_focus_js": 0.02222248393763005,
    "macro_1.route_consistency_feature_group_knn_focus_score": 0.9780226165209791,
    "macro_1.route_consistency_feature_group_knn_memory_js": 0.02235624474581729,
    "macro_1.route_consistency_feature_group_knn_memory_score": 0.9778918041743455,
    "macro_1.route_consistency_feature_group_knn_exposure_js": 0.02073591253593968,
    "macro_1.route_consistency_feature_group_knn_exposure_score": 0.9794775981720155,
    "macro_1.condition_norm": 0.0,
    "macro_1.stage_delta_norm": 4.264253139952153,
    "macro_1.shared_delta_norm": 5.853217204944179,
    "macro_1.moe_delta_norm": 4.264253139952153,