stage_name,stage_key,split,aggregation_level,node_kind,node_name,route_space,support_size,wrapper_name,source_type,temperature,top_k,entropy_norm,n_eff_norm,top1_monopoly_norm,jitter_adj_norm,knn_consistency_score,knn_consistency_js,n_eff,cv_usage,top1_max_frac,entropy_mean
macro,macro@1,best_valid,session,final,final.expert,expert,16,FlatJointWrapper,,,,0.9115758684845174,0.8723595824375171,0.2270855590287395,0.8601543124827776,0.9780258776030574,0.022219149580544217,13.957753319000274,0.38251322507858276,0.2753927115894433,2.527424972426107
macro,macro@1,best_valid,session,final,final.group,group,4,FlatJointWrapper,,,,0.9404411393631286,0.9336431302068424,0.379786069454886,0.0,0.9929902492290229,0.007034434492705924,3.7345725208273697,0.26659537950726625,0.5348395520911645,1.3037282484642703
macro,macro@1,best_valid,session,final,final.intra.Exposure,intra,4,FlatJointWrapper,,,,0.8786559578750293,0.9233218509830442,0.24335588704678246,0.0,0.9878524670997869,0.012221917182113417,3.693287403932177,0.2881769835948944,0.43251691528508684,1.2180757997665492
macro,macro@1,best_valid,session,final,final.intra.Focus,intra,4,FlatJointWrapper,,,,0.8977218262074654,0.9695804060014388,0.18263232171355467,0.0,0.9859737444768193,0.01412555305369754,3.878321624005755,0.17712676525115967,0.386974241285166,1.2445067055256598
macro,macro@1,best_valid,session,final,final.intra.Memory,intra,4,FlatJointWrapper,,,,0.8682785196318308,0.9195871234685347,0.30582044078661025,0.0,0.984336479314116,0.015787489859163166,3.6783484938741386,0.2957104322737713,0.47936533058995767,1.2036896156471333
macro,macro@1,best_valid,session,final,final.intra.Tempo,intra,4,FlatJointWrapper,,,,0.9086241179647422,0.9586193955741689,0.17424392302720956,0.0,0.98571689200927,0.014386093388219737,3.8344775822966755,0.20776663720607758,0.38068294227040717,1.2596204911120563
