{
  "split": "best_valid",
  "feature_mode": "runtime:unknown|ablation:none",
  "stages": [
    {
      "stage": "macro@1",
      "n_eff": 16.79771551206804,
      "cv_usage": 0.4366214366659539,
      "top1_max_frac": 0.39322135572885425,
      "entropy_mean": 2.817305679489102,
      "route_jitter_adjacent": 0.7797031202665858,
      "route_consistency_knn_js": 0.010867381307117324,
      "route_consistency_knn_score": 0.989191455354763,
      "route_consistency_group_knn_js": 0.0014553607004170555,
      "route_consistency_group_knn_score": 0.9985456978233935,
      "route_consistency_intra_group_knn_mean_js": 0.00953210657342702,
      "route_consistency_intra_group_knn_mean_score": 0.9905139638739946,
      "route_consistency_feature_group_knn_mean_score": 0.9856841748394468,
      "family_top_expert_mean_share": 0.09882276505231857,
      "route_consistency_feature_group_knn_tempo_js": 0.014476889506446596,
      "route_consistency_feature_group_knn_tempo_score": 0.9856273968047751,
      "route_consistency_feature_group_knn_focus_js": 0.014687218983604691,
      "route_consistency_feature_group_knn_focus_score": 0.9854201121095373,
      "route_consistency_feature_group_knn_memory_js": 0.015977101245584675,
      "route_consistency_feature_group_knn_memory_score": 0.9841498556031175,
      "route_consistency_feature_group_knn_exposure_js": 0.012538950250434276,
      "route_consistency_feature_group_knn_exposure_score": 0.9875393348403572
    }
  ]
}
