best_mrr20,epoch,epoch_time_sec,eval,lr,patience_used,train_loss,trial,valid_mrr20
0.0139,1,7.216049909591675,1,0.00046792597271062874,0,420.56347465515137,1,0.0139
0.0716,3,6.383703947067261,1,0.0004670783298093607,0,362.73419666290283,1,0.0716
0.1923,10,6.507374286651611,1,0.0004575162663738937,0,215.23294591903687,1,0.1923
0.2015,20,6.0351011753082275,1,0.000427019119551136,0,133.9291422367096,1,0.2015
0.2015,30,5.87016749382019,1,0.0003795859445739909,10,92.29852104187012,1,0.197
