best_mrr20,epoch,epoch_time_sec,eval,lr,patience_used,train_loss,trial,valid_mrr20
0.0141,1,14.644965410232544,1,0.0005847428643948596,0,683.9403982162476,1,0.0141
0.0162,3,14.67436671257019,1,0.0005836836089421217,0,581.2639508247375,1,0.0162
0.0181,9,14.64235544204712,1,0.000574214168431861,0,493.098069190979,1,0.0181
0.0181,10,14.31688404083252,1,0.0005717343932779634,1,482.5540475845337,1,0.0171
0.0181,19,14.377509593963623,1,0.0005384681201637124,10,391.4699053764343,1,0.0168
