{
  "split": "best_valid",
  "feature_mode": "none",
  "stages": [
    {
      "stage": "macro@1",
      "n_eff": 11.816067324023937,
      "cv_usage": 0.12476517260774456,
      "top1_max_frac": 1.0,
      "entropy_mean": 2.4763138979219543,
      "route_jitter_adjacent": 0.0,
      "route_consistency_knn_js": 7.733597164660428e-05,
      "route_consistency_knn_score": 0.9999226670187026,
      "route_consistency_group_knn_js": 6.970753316330699e-05,
      "route_consistency_group_knn_score": 0.9999302948963503,
      "route_consistency_intra_group_knn_mean_js": 7.817354666242226e-06,
      "route_consistency_intra_group_knn_mean_score": 0.999992182688214,
      "route_consistency_feature_group_knn_mean_score": 0.9999367257317787,
      "family_top_expert_mean_share": 0.10260415822267532,
      "route_consistency_feature_group_knn_tempo_js": 5.188456992000605e-05,
      "route_consistency_feature_group_knn_tempo_score": 0.999948116776061,
      "route_consistency_feature_group_knn_focus_js": 4.649360507594801e-05,
      "route_consistency_feature_group_knn_focus_score": 0.999953507475735,
      "route_consistency_feature_group_knn_memory_js": 6.131728105576693e-05,
      "route_consistency_feature_group_knn_memory_score": 0.9999386845988103,
      "route_consistency_feature_group_knn_exposure_js": 9.341028609634501e-05,
      "route_consistency_feature_group_knn_exposure_score": 0.9999065940765086
    }
  ]
}
