best_mrr20,epoch,epoch_time_sec,eval,lr,patience_used,train_loss,trial,valid_mrr20
0.0156,1,3.3945374488830566,1,0.0007027447529322896,0,80.31962442398071,1,0.0156
0.0156,3,2.1607043743133545,1,0.0007014717383189401,2,73.30896806716919,1,0.0122
0.0609,10,2.339615821838379,1,0.0006871111550250616,0,55.09866809844971,1,0.0609
0.0852,27,2.3958587646484375,1,0.0005937341031998845,0,34.120553493499756,1,0.0852
0.0852,37,2.0858771800994873,1,0.0005088007904035912,10,26.469454050064087,1,0.0852
