stage_name,stage_key,split,aggregation_level,node_kind,node_name,route_space,support_size,wrapper_name,source_type,temperature,top_k,entropy_norm,n_eff_norm,top1_monopoly_norm,jitter_adj_norm,knn_consistency_score,knn_consistency_js,n_eff,cv_usage,top1_max_frac,entropy_mean
macro,macro@1,best_valid,session,final,final.expert,expert,12,GroupConditionalProductWrapper,,,,0.8017287784357545,0.9118447389227876,0.27376907864712746,0.0,0.9867366656098745,0.01335207797373651,10.942136867073451,0.31093067293945986,0.33428832209320014,1.9922211728614168
macro,macro@1,best_valid,session,final,final.group,group,4,GroupConditionalProductWrapper,,,,0.795042522901819,0.9401506575254065,0.19743758768149014,0.0,0.9899783032660978,0.010072251986488631,3.760602630101626,0.25230780243873596,0.3980781907611176,1.102162966349323
macro,macro@1,best_valid,session,final,final.intra.Exposure,intra,3,GroupConditionalProductWrapper,,,,0.9993711927559299,0.998608858213772,1.0,0.0,1.0000000014408612,-1.4408613126879749e-09,2.995826574641316,0.03732169905940305,1.0,1.0979214733025708
macro,macro@1,best_valid,session,final,final.intra.Focus,intra,3,GroupConditionalProductWrapper,,,,0.9986781340425117,0.9970739521958611,1.0,0.0,0.9999999999947591,5.240957970266696e-12,2.9912218565875834,0.05417208212101215,1.0,1.0971600704832412
macro,macro@1,best_valid,session,final,final.intra.Memory,intra,3,GroupConditionalProductWrapper,,,,0.2224319564660218,0.6646588894218664,0.4985675168601998,0.0,0.9999958357799369,4.164228733501716e-06,1.993976668265599,0.7103035983352781,0.6657116779067999,0.24436648076606157
macro,macro@1,best_valid,session,final,final.intra.Tempo,intra,3,GroupConditionalProductWrapper,,,,0.6913076764189671,0.9606949851874961,0.23809644541351857,0.0,0.9914235116092903,0.008613478113739775,2.882084955562488,0.2022698461332963,0.4920642969423457,0.7594791085644744
