{
  "split": "best_valid",
  "feature_mode": "none",
  "stages": [
    {
      "stage": "macro@1",
      "n_eff": 11.21114190194704,
      "cv_usage": 0.2652615900259736,
      "top1_max_frac": 0.757853362631921,
      "entropy_mean": 2.434114929900034,
      "route_jitter_adjacent": 0.0,
      "route_consistency_knn_js": 0.0008008295221143885,
      "route_consistency_knn_score": 0.9991994910562655,
      "route_consistency_group_knn_js": 0.0004039525399922739,
      "route_consistency_group_knn_score": 0.9995961290378501,
      "route_consistency_intra_group_knn_mean_js": 0.000495221474979082,
      "route_consistency_intra_group_knn_mean_score": 0.9995050963006122,
      "route_consistency_feature_group_knn_mean_score": 0.997522683911162,
      "family_top_expert_mean_share": 0.11646153032779694,
      "route_consistency_feature_group_knn_tempo_js": 0.002097604576108757,
      "route_consistency_feature_group_knn_tempo_score": 0.9979045938589522,
      "route_consistency_feature_group_knn_focus_js": 0.002808405016733264,
      "route_consistency_feature_group_knn_focus_score": 0.9971955348635129,
      "route_consistency_feature_group_knn_memory_js": 0.002989440936714191,
      "route_consistency_feature_group_knn_memory_score": 0.9970150229925173,
      "route_consistency_feature_group_knn_exposure_js": 0.0020264679702812942,
      "route_consistency_feature_group_knn_exposure_score": 0.9979755839296655
    }
  ]
}
