{
  "valid": {
    "count": 3499,
    "hit@5": 0.01771934838525293,
    "hit@10": 0.024864246927693626,
    "hit@20": 0.04058302372106316,
    "ndcg@5": 0.013616790717654516,
    "ndcg@10": 0.01592769544272465,
    "ndcg@20": 0.019853911227108785,
    "mrr@5": 0.012274935718058313,
    "mrr@10": 0.013229290045271876,
    "mrr@20": 0.014282116477456764
  },
  "test": {
    "count": 2706,
    "hit@5": 0.11382113821138211,
    "hit@10": 0.11936437546193644,
    "hit@20": 0.1271249076127125,
    "ndcg@5": 0.11177833638231753,
    "ndcg@10": 0.1135483751319905,
    "ndcg@20": 0.11544616301788371,
    "mrr@5": 0.11109263367306631,
    "mrr@10": 0.11180914843459087,
    "mrr@20": 0.11229637498414613
  },
  "slice_metrics": {
    "valid": {
      "target_popularity_abs": {
        "cold_0": {
          "count": 860,
          "hit@5": 0.0,
          "hit@10": 0.0,
          "hit@20": 0.0,
          "ndcg@5": 0.0,
          "ndcg@10": 0.0,
          "ndcg@20": 0.0,
          "mrr@5": 0.0,
          "mrr@10": 0.0,
          "mrr@20": 0.0
        },
        "rare_1_5": {
          "count": 116,
          "hit@5": 0.017241379310344827,
          "hit@10": 0.017241379310344827,
          "hit@20": 0.017241379310344827,
          "ndcg@5": 0.017241379310344827,
          "ndcg@10": 0.017241379310344827,
          "ndcg@20": 0.017241379310344827,
          "mrr@5": 0.017241379310344827,
          "mrr@10": 0.017241379310344827,
          "mrr@20": 0.017241379310344827
        },
        "6_20": {
          "count": 334,
          "hit@5": 0.005988023952095809,
          "hit@10": 0.005988023952095809,
          "hit@20": 0.011976047904191617,
          "ndcg@5": 0.004883023257740957,
          "ndcg@10": 0.004883023257740957,
          "ndcg@20": 0.006308259052073884,
          "mrr@5": 0.004491017964071856,
          "mrr@10": 0.004491017964071856,
          "mrr@20": 0.004835723291435641
        },
        "21_100": {
          "count": 1259,
          "hit@5": 0.016679904686258934,
          "hit@10": 0.024622716441620333,
          "hit@20": 0.04289118347895155,
          "ndcg@5": 0.01128885398505698,
          "ndcg@10": 0.013884764658827172,
          "ndcg@20": 0.018458033490976328,
          "mrr@5": 0.009518136099466168,
          "mrr@10": 0.010606805639337035,
          "mrr@20": 0.011838397530452707
        },
        "101+": {
          "count": 930,
          "hit@5": 0.03978494623655914,
          "hit@10": 0.05591397849462366,
          "hit@20": 0.08817204301075268,
          "ndcg@5": 0.03204468149010853,
          "ndcg@10": 0.037224900946822216,
          "ndcg@20": 0.04529377709152878,
          "mrr@5": 0.029534050245438852,
          "mrr@10": 0.031650879105893516,
          "mrr@20": 0.033820915574668556
        }
      },
      "target_popularity_abs_legacy": {
        "<=5": {
          "count": 976,
          "hit@5": 0.0020491803278688526,
          "hit@10": 0.0020491803278688526,
          "hit@20": 0.0020491803278688526,
          "ndcg@5": 0.0020491803278688526,
          "ndcg@10": 0.0020491803278688526,
          "ndcg@20": 0.0020491803278688526,
          "mrr@5": 0.0020491803278688526,
          "mrr@10": 0.0020491803278688526,
          "mrr@20": 0.0020491803278688526
        },
        "6-20": {
          "count": 334,
          "hit@5": 0.005988023952095809,
          "hit@10": 0.005988023952095809,
          "hit@20": 0.011976047904191617,
          "ndcg@5": 0.004883023257740957,
          "ndcg@10": 0.004883023257740957,
          "ndcg@20": 0.006308259052073884,
          "mrr@5": 0.004491017964071856,
          "mrr@10": 0.004491017964071856,
          "mrr@20": 0.004835723291435641
        },
        "21-100": {
          "count": 1259,
          "hit@5": 0.016679904686258934,
          "hit@10": 0.024622716441620333,
          "hit@20": 0.04289118347895155,
          "ndcg@5": 0.01128885398505698,
          "ndcg@10": 0.013884764658827172,
          "ndcg@20": 0.018458033490976328,
          "mrr@5": 0.009518136099466168,
          "mrr@10": 0.010606805639337035,
          "mrr@20": 0.011838397530452707
        },
        ">100": {
          "count": 930,
          "hit@5": 0.03978494623655914,
          "hit@10": 0.05591397849462366,
          "hit@20": 0.08817204301075268,
          "ndcg@5": 0.03204468149010853,
          "ndcg@10": 0.037224900946822216,
          "ndcg@20": 0.04529377709152878,
          "mrr@5": 0.029534050245438852,
          "mrr@10": 0.031650879105893516,
          "mrr@20": 0.033820915574668556
        }
      },
      "session_len": {
        "<=7": {
          "count": 2358,
          "hit@5": 0.013570822731128074,
          "hit@10": 0.021204410517387615,
          "hit@20": 0.033927056827820185,
          "ndcg@5": 0.009578399682469646,
          "ndcg@10": 0.012010152217086035,
          "ndcg@20": 0.015205998482392742,
          "mrr@5": 0.008290924529992897,
          "mrr@10": 0.009273732148989263,
          "mrr@20": 0.010138740099530487
        },
        "8-12": {
          "count": 1141,
          "hit@5": 0.026292725679228746,
          "hit@10": 0.03242769500438212,
          "hit@20": 0.05433829973707274,
          "ndcg@5": 0.021962562900797303,
          "ndcg@10": 0.024023722547068083,
          "ndcg@20": 0.029459325996644657,
          "mrr@5": 0.020508326061141793,
          "mrr@10": 0.021403878581147773,
          "mrr@20": 0.02284485223481887
        }
      },
      "session_len_legacy": {
        "1-2": {
          "count": 615,
          "hit@5": 0.0065040650406504065,
          "hit@10": 0.008130081300813009,
          "hit@20": 0.022764227642276424,
          "ndcg@5": 0.00369708237609243,
          "ndcg@10": 0.004276281062180434,
          "ndcg@20": 0.00791871329633201,
          "mrr@5": 0.002818428210126675,
          "mrr@10": 0.003089430928230286,
          "mrr@20": 0.004056144741977134
        },
        "3-5": {
          "count": 1305,
          "hit@5": 0.017624521072796936,
          "hit@10": 0.027586206896551724,
          "hit@20": 0.041379310344827586,
          "ndcg@5": 0.013042246016506035,
          "ndcg@10": 0.016193642310255787,
          "ndcg@20": 0.019666671992718487,
          "mrr@5": 0.011545338461682257,
          "mrr@10": 0.012807273659212836,
          "mrr@20": 0.013752045405322108
        },
        "6-10": {
          "count": 1579,
          "hit@5": 0.022165927802406588,
          "hit@10": 0.029132362254591513,
          "hit@20": 0.046865104496516784,
          "ndcg@5": 0.017955233697426177,
          "ndcg@10": 0.020245972315369714,
          "ndcg@20": 0.024657263936612935,
          "mrr@5": 0.016561114652161358,
          "mrr@10": 0.017527418443490764,
          "mrr@20": 0.018703088843799832
        }
      }
    },
    "test": {
      "target_popularity_abs": {
        "cold_0": {
          "count": 1813,
          "hit@5": 0.0,
          "hit@10": 0.0,
          "hit@20": 0.0,
          "ndcg@5": 0.0,
          "ndcg@10": 0.0,
          "ndcg@20": 0.0,
          "mrr@5": 0.0,
          "mrr@10": 0.0,
          "mrr@20": 0.0
        },
        "rare_1_5": {
          "count": 93,
          "hit@5": 0.3763440860215054,
          "hit@10": 0.3763440860215054,
          "hit@20": 0.3763440860215054,
          "ndcg@5": 0.3684070917867845,
          "ndcg@10": 0.3684070917867845,
          "ndcg@20": 0.3684070917867845,
          "mrr@5": 0.3655913978494624,
          "mrr@10": 0.3655913978494624,
          "mrr@20": 0.3655913978494624
        },
        "6_20": {
          "count": 112,
          "hit@5": 0.3392857142857143,
          "hit@10": 0.3482142857142857,
          "hit@20": 0.3482142857142857,
          "ndcg@5": 0.3392857142857143,
          "ndcg@10": 0.3419734822320087,
          "ndcg@20": 0.3419734822320087,
          "mrr@5": 0.3392857142857143,
          "mrr@10": 0.3402777777851692,
          "mrr@20": 0.3402777777851692
        },
        "21_100": {
          "count": 425,