{
  "split": "best_valid",
  "feature_mode": "none",
  "stages": [
    {
      "stage": "macro@1",
      "n_eff": 11.76812834929785,
      "cv_usage": 0.14036932816644432,
      "top1_max_frac": 0.25584970111016225,
      "entropy_mean": 2.4358777887489325,
      "route_jitter_adjacent": 0.0,
      "route_consistency_knn_js": 0.0036863686794142998,
      "route_consistency_knn_score": 0.9963204176360912,
      "route_consistency_group_knn_js": 0.0026925399599072686,
      "route_consistency_group_knn_score": 0.9973110816746161,
      "route_consistency_intra_group_knn_mean_js": 0.0010903490919725765,
      "route_consistency_intra_group_knn_mean_score": 0.9989109226152931,
      "route_consistency_feature_group_knn_mean_score": 0.9894399671430898,
      "family_top_expert_mean_share": 0.10193567723035812,
      "route_consistency_feature_group_knn_tempo_js": 0.012126318956073296,
      "route_consistency_feature_group_knn_tempo_score": 0.987946908557377,
      "route_consistency_feature_group_knn_focus_js": 0.005698635182437302,
      "route_consistency_feature_group_knn_focus_score": 0.9943175712395913,
      "route_consistency_feature_group_knn_memory_js": 0.011249712902154424,
      "route_consistency_feature_group_knn_memory_score": 0.9888133284973686,
      "route_consistency_feature_group_knn_exposure_js": 0.013407418820713805,
      "route_consistency_feature_group_knn_exposure_score": 0.9866820602780226
    }
  ]
}
