stage_name,stage_key,split,aggregation_level,node_kind,node_name,route_space,support_size,wrapper_name,source_type,temperature,top_k,entropy_norm,n_eff_norm,top1_monopoly_norm,jitter_adj_norm,knn_consistency_score,knn_consistency_js,n_eff,cv_usage,top1_max_frac,entropy_mean
macro,macro@1,best_valid,session,final,final.expert,expert,12,ScalarGroupConditionalProductWrapper,,,,0.9570684447715989,0.9787644053340427,0.7091457458658212,0.0,0.9968037870404802,0.003201331758251713,11.745172864008513,0.14729665525863603,0.7333836003770028,2.378225742715206
macro,macro@1,best_valid,session,final,final.group,group,4,ScalarGroupConditionalProductWrapper,,,,0.9372284055103854,0.9811737768148177,0.7136956749397844,0.0,0.997935097377239,0.002067037473527302,3.9246951072592706,0.13851912319660187,0.7852717562048382,1.2992744536404335
macro,macro@1,best_valid,session,final,final.intra.Exposure,intra,3,ScalarGroupConditionalProductWrapper,,,,0.9748379605525108,0.9999523185578081,0.6653911404335532,0.0,0.9985943540530848,0.0014066347939337158,2.9998569556734243,0.006905814194133455,0.7769274269557022,1.0709689629231465
macro,macro@1,best_valid,session,final,final.intra.Focus,intra,3,ScalarGroupConditionalProductWrapper,,,,0.9911802409226255,0.9987402949701628,0.8104995287464654,0.0,0.9993503080170486,0.0006499031242438826,2.9962208849104885,0.035514709412613234,0.8736663524976437,1.088922792962614
macro,macro@1,best_valid,session,final,final.intra.Memory,intra,3,ScalarGroupConditionalProductWrapper,,,,0.9964400424670935,0.9948061670903003,0.7891423185673893,0.0,0.9999390201246999,6.0981734648203305e-05,2.984418501270901,0.07225621648859333,0.8594282123782595,1.094701275575322
macro,macro@1,best_valid,session,final,final.intra.Tempo,intra,3,ScalarGroupConditionalProductWrapper,,,,0.8681163522403608,0.9771050979861831,0.6005089538171535,0.0,0.9965601987022682,0.0034457310161562296,2.931315293958549,0.1530732392348874,0.7336726358781024,0.9537232925649937
