{
  "split": "best_valid",
  "feature_mode": "runtime:unknown|ablation:none",
  "stages": [
    {
      "stage": "macro@1",
      "n_eff": 15.846825126580754,
      "cv_usage": 0.0983152836561203,
      "top1_max_frac": 0.1095914278247234,
      "entropy_mean": 2.513379050875512,
      "route_jitter_adjacent": 0.7571901247136676,
      "route_consistency_knn_js": 0.05555673476511258,
      "route_consistency_knn_score": 0.9459583534229768,
      "route_consistency_group_knn_js": 0.010834889858343825,
      "route_consistency_group_knn_score": 0.9892235961404094,
      "route_consistency_intra_group_knn_mean_js": 0.044552219141191354,
      "route_consistency_intra_group_knn_mean_score": 0.9564416118038279,
      "route_consistency_feature_group_knn_mean_score": 0.9375842365426583,
      "family_top_expert_mean_share": 0.077074334025383,
      "route_consistency_feature_group_knn_tempo_js": 0.06700590650405189,
      "route_consistency_feature_group_knn_tempo_score": 0.9351896776188435,
      "route_consistency_feature_group_knn_focus_js": 0.0646355056657346,
      "route_consistency_feature_group_knn_focus_score": 0.9374090814137661,
      "route_consistency_feature_group_knn_memory_js": 0.06503875740849817,
      "route_consistency_feature_group_knn_memory_score": 0.9370311457747276,
      "route_consistency_feature_group_knn_exposure_js": 0.06112351479434203,
      "route_consistency_feature_group_knn_exposure_score": 0.9407070413632959
    }
  ]
}
