{
  "split": "best_valid",
  "feature_mode": "none",
  "stages": [
    {
      "stage": "macro@1",
      "n_eff": 11.518840729463406,
      "cv_usage": 0.20437996633291647,
      "top1_max_frac": 0.3159682899207248,
      "entropy_mean": 2.403880523673665,
      "route_jitter_adjacent": 0.0,
      "route_consistency_knn_js": 0.006091360425593543,
      "route_consistency_knn_score": 0.9939271542979639,
      "route_consistency_group_knn_js": 0.003522018805553623,
      "route_consistency_group_knn_score": 0.9964841762275379,
      "route_consistency_intra_group_knn_mean_js": 0.0026370977637715774,
      "route_consistency_intra_group_knn_mean_score": 0.9973671617124839,
      "route_consistency_feature_group_knn_mean_score": 0.982899088053991,
      "family_top_expert_mean_share": 0.11513739824295044,
      "route_consistency_feature_group_knn_tempo_js": 0.01591689755856678,
      "route_consistency_feature_group_knn_tempo_score": 0.9842091068365564,
      "route_consistency_feature_group_knn_focus_js": 0.017811589529421475,
      "route_consistency_feature_group_knn_focus_score": 0.9823460992143105,
      "route_consistency_feature_group_knn_memory_js": 0.019953249699830415,
      "route_consistency_feature_group_knn_memory_score": 0.9802444989601314,
      "route_consistency_feature_group_knn_exposure_js": 0.015320108661793832,
      "route_consistency_feature_group_knn_exposure_score": 0.9847966472049653
    }
  ]
}
