{
  "split": "best_valid",
  "feature_mode": "none",
  "stages": [
    {
      "stage": "macro@1",
      "n_eff": 11.958343063424394,
      "cv_usage": 0.05902062180576856,
      "top1_max_frac": 0.7623318385650224,
      "entropy_mean": 2.4265098400714686,
      "route_jitter_adjacent": 0.0,
      "route_consistency_knn_js": 0.001574881909566633,
      "route_consistency_knn_score": 0.9984263575661866,
      "route_consistency_group_knn_js": 0.0007584537995869273,
      "route_consistency_group_knn_score": 0.9992418337537928,
      "route_consistency_intra_group_knn_mean_js": 0.000711711370155952,
      "route_consistency_intra_group_knn_mean_score": 0.9992888918712468,
      "route_consistency_feature_group_knn_mean_score": 0.9967429956497469,
      "family_top_expert_mean_share": 0.1001054048538208,
      "route_consistency_feature_group_knn_tempo_js": 0.002884892945844781,
      "route_consistency_feature_group_knn_tempo_score": 0.9971192643590556,
      "route_consistency_feature_group_knn_focus_js": 0.0016933445725144383,
      "route_consistency_feature_group_knn_focus_score": 0.9983080883264949,
      "route_consistency_feature_group_knn_memory_js": 0.004745719155246181,
      "route_consistency_feature_group_knn_memory_score": 0.9952655239772894,
      "route_consistency_feature_group_knn_exposure_js": 0.003727833810225248,
      "route_consistency_feature_group_knn_exposure_score": 0.9962791059361478
    }
  ]
}
