best_mrr20,epoch,epoch_time_sec,eval,lr,patience_used,train_loss,trial,valid_mrr20
0.0127,1,23.67262887954712,1,0.00034992070542535163,0,687.1717042922974,1,0.0127
0.0161,3,22.84908127784729,1,0.00034928682780526084,0,590.3062996864319,1,0.0161
0.0168,6,22.78328013420105,1,0.0003471537698188763,0,531.3080139160156,1,0.0168
0.0168,10,22.18913507461548,1,0.00034213620104419886,4,478.40816020965576,1,0.0155
0.0168,16,22.41428303718567,1,0.00033013127688849114,10,412.7788453102112,1,0.0142
