best_mrr20,epoch,eval,lr,patience_used,train_loss,trial,valid_mrr20
0.0069,1,1,0.0005,0,40.760568618774414,1,0.0069
0.0171,3,1,0.0005,0,39.36934947967529,1,0.0171
0.0285,10,1,0.0005,0,35.49652290344238,1,0.0285
0.0568,24,1,0.0005,0,28.836150646209717,1,0.0568
