stage_name,stage_key,split,aggregation_level,node_kind,node_name,route_space,support_size,wrapper_name,source_type,temperature,top_k,entropy_norm,n_eff_norm,top1_monopoly_norm,jitter_adj_norm,knn_consistency_score,knn_consistency_js,n_eff,cv_usage,top1_max_frac,entropy_mean
macro,macro@1,best_valid,session,final,final.expert,expert,12,GroupConditionalProductWrapper,,,,0.9851866950060649,0.9974852126370957,0.7084126311232174,0.0,0.9994168998603709,0.0005832702086303174,11.969822551645148,0.05020980124654755,0.732711578529616,2.4480969697032333
macro,macro@1,best_valid,session,final,final.group,group,4,GroupConditionalProductWrapper,,,,0.9946371649489494,0.9995360144090523,0.6679417784686165,0.0,0.9998152959291271,0.00018472113077048978,3.998144057636209,0.021547180953453836,0.7509563338514623,1.378859893129003
macro,macro@1,best_valid,session,final,final.intra.Exposure,intra,3,GroupConditionalProductWrapper,,,,0.9947381159227712,0.9964843745011739,0.9022389787346627,0.0,0.9997915903363817,0.0002084313839301483,2.9894531235035218,0.05939741628177714,0.9348259858231086,1.0928315181593191
macro,macro@1,best_valid,session,final,final.intra.Focus,intra,3,GroupConditionalProductWrapper,,,,0.9993072612618079,0.9988997775918174,0.9562787313556238,0.0,0.999993431846419,6.568175151390583e-06,2.996699332775452,0.033187172317887176,0.970852487570416,1.0978512373774956
macro,macro@1,best_valid,session,final,final.intra.Memory,intra,3,GroupConditionalProductWrapper,,,,0.9979337699326908,0.9990197799141969,0.736399113668684,0.0,0.999951902104718,4.809905202290846e-05,2.9970593397425906,0.03132329974105061,0.8242660757791227,1.0963423029249484
macro,macro@1,best_valid,session,final,final.intra.Tempo,intra,3,GroupConditionalProductWrapper,,,,0.9209930908659775,0.999997019776643,0.6461785230016206,0.0,0.9986153397972034,0.0013856197305841056,2.999991059329929,0.0017311655749592013,0.7641190153344137,1.0118143274037878
