stage_name,stage_key,split,aggregation_level,node_kind,node_name,route_space,support_size,wrapper_name,source_type,temperature,top_k,entropy_norm,n_eff_norm,top1_monopoly_norm,jitter_adj_norm,knn_consistency_score,knn_consistency_js,n_eff,cv_usage,top1_max_frac,entropy_mean
macro,macro@1,best_valid,session,final,final.expert,expert,8,FlatJointWrapper,,,,0.9600378451745827,0.998948250895511,0.0501709397393232,0.7516808424463346,0.9900583341379732,0.009991414217725004,7.991586007164088,0.0324447825551033,0.1688995722719078,1.9963425768408216
macro,macro@1,best_valid,session,final,final.group,group,4,FlatJointWrapper,,,,0.971373030063419,0.9997054014501113,0.06116629549766106,0.0,0.9952983676166671,0.004712719823228349,3.9988216058004453,0.01716497540473938,0.2958747216232458,1.3466089541208597
macro,macro@1,best_valid,session,final,final.intra.Exposure,intra,2,FlatJointWrapper,,,,0.934589305165316,0.9999363462914325,0.1251723284668953,0.0,0.9948837445281361,0.005129388320045228,1.999872692582865,0.007979631423950195,0.5625861642334476,0.6478079418568171
macro,macro@1,best_valid,session,final,final.intra.Focus,intra,2,FlatJointWrapper,,,,0.9372035731644701,0.9999721058043529,0.022941779490261327,0.0,0.9953855532233551,0.0046251262019296,1.9999442116087058,0.005286574363708496,0.5114708897451307,0.6496200143496589
macro,macro@1,best_valid,session,final,final.intra.Memory,intra,2,FlatJointWrapper,,,,0.9455169424135899,0.9974886226998066,0.20675881084520475,0.0,0.9952155789151179,0.004795903065165535,1.9949772453996133,0.050176143646240234,0.6033794054226024,0.65538240280564
macro,macro@1,best_valid,session,final,final.intra.Tempo,intra,2,FlatJointWrapper,,,,0.9507969499880835,0.9996497666044175,0.0635936229629892,0.0,0.9956142726776853,0.00439537283644871,1.999299533208835,0.018719106912612915,0.5317968114814946,0.6590422251692354
