best_mrr20,epoch,epoch_time_sec,eval,lr,patience_used,train_loss,trial,valid_mrr20
0.0119,1,23.71929121017456,1,0.00034992070542535163,0,684.4912004470825,1,0.0119
0.0168,3,22.466636419296265,1,0.00034928682780526084,0,596.3765544891357,1,0.0168
0.0173,5,22.677602767944336,1,0.0003480216249665321,0,555.1970462799072,1,0.0173
0.0173,10,22.465245485305786,1,0.00034213620104419886,5,500.8162307739258,1,0.0158
0.0173,15,22.231261014938354,1,0.00033249158316315044,10,458.0639591217041,1,0.0159
