best_mrr20,epoch,epoch_time_sec,eval,lr,patience_used,train_loss,trial,valid_mrr20
0.0043,1,3.617683172225952,1,0.001349694149497785,0,79.1700005531311,1,0.0043
0.0315,3,2.852959632873535,1,0.001347249192963149,0,69.01750659942627,1,0.0315
0.0638,10,2.5400021076202393,1,0.0013196682040276242,1,45.21402549743652,1,0.0603
0.0819,17,2.5982720851898193,1,0.0012637249235402488,0,31.62848734855652,1,0.0819
0.0819,27,2.488224744796753,1,0.001140327895871761,10,18.58850908279419,1,0.0764
