{
  "split": "best_valid",
  "feature_mode": "none",
  "stages": [
    {
      "stage": "macro@1",
      "n_eff": 11.963705734564535,
      "cv_usage": 0.05508038982509405,
      "top1_max_frac": 0.934010152284264,
      "entropy_mean": 2.4822047509517766,
      "route_jitter_adjacent": 0.0,
      "route_consistency_knn_js": 0.0003050374180342244,
      "route_consistency_knn_score": 0.9996950091011488,
      "route_consistency_group_knn_js": 0.00028899295535762755,
      "route_consistency_group_knn_score": 0.9997110487990841,
      "route_consistency_intra_group_knn_mean_js": 1.7381241530658e-05,
      "route_consistency_intra_group_knn_mean_score": 0.999982618928197,
      "route_consistency_feature_group_knn_mean_score": 0.9997046398789536,
      "family_top_expert_mean_share": 0.09172980487346649,
      "route_consistency_feature_group_knn_tempo_js": 0.00032533711827961747,
      "route_consistency_feature_group_knn_tempo_score": 0.999674715798102,
      "route_consistency_feature_group_knn_focus_js": 0.0003661931352277773,
      "route_consistency_feature_group_knn_focus_score": 0.9996338739052949,
      "route_consistency_feature_group_knn_memory_js": 0.00022148162917753236,
      "route_consistency_feature_group_knn_memory_score": 0.9997785428960678,
      "route_consistency_feature_group_knn_exposure_js": 0.00026860915585956744,
      "route_consistency_feature_group_knn_exposure_score": 0.9997314269163499
    }
  ]
}
