best_mrr20,epoch,epoch_time_sec,eval,lr,patience_used,train_loss,trial,valid_mrr20
0.0113,1,18.443942070007324,1,0.0005476,0,696.6156558990479,1,0.0113
0.0162,3,16.9137864112854,1,0.0005476,0,602.4827885627747,1,0.0162
0.017,4,17.090575695037842,1,0.0005476,0,577.3766775131226,1,0.017
0.017,10,16.57498073577881,1,0.0005476,6,511.78161907196045,1,0.0164
0.017,14,16.407896518707275,1,0.0005476,10,487.80219316482544,1,0.0167
