stage_name,stage_key,split,aggregation_level,node_kind,node_name,route_space,support_size,wrapper_name,source_type,temperature,top_k,entropy_norm,n_eff_norm,top1_monopoly_norm,jitter_adj_norm,knn_consistency_score,knn_consistency_js,n_eff,cv_usage,top1_max_frac,entropy_mean
macro,macro@1,best_valid,session,final,final.expert,expert,12,ScalarGroupConditionalProductWrapper,,,,0.9826655370739233,0.9899335433721403,0.7407256420709335,0.0,0.9992007425646916,0.000799577011826316,11.879202520465684,0.10083966990236402,0.7623318385650224,2.441832127592489
macro,macro@1,best_valid,session,final,final.group,group,4,ScalarGroupConditionalProductWrapper,,,,0.9756623475855787,0.9932817435780606,0.6831091180866965,0.0,0.9994044974980977,0.000595679883941699,3.9731269743122426,0.08224258571863174,0.7623318385650224,1.3525552108148824
macro,macro@1,best_valid,session,final,final.intra.Exposure,intra,3,ScalarGroupConditionalProductWrapper,,,,0.991970574098201,0.9987666934973487,0.6434977578475336,0.0,0.9998696883541028,0.00013032013719732112,2.996300080492046,0.03513835638349186,0.7623318385650224,1.0897910627014433
macro,macro@1,best_valid,session,final,final.intra.Focus,intra,3,ScalarGroupConditionalProductWrapper,,,,0.9871722781820188,0.9965824854293936,0.6708239910313901,0.0,0.9994632395366885,0.0005369045707787814,2.989747456288181,0.0585592315775385,0.7805493273542601,1.0845195958432596
macro,macro@1,best_valid,session,final,final.intra.Memory,intra,3,ScalarGroupConditionalProductWrapper,,,,0.988240310092334,0.9894313205090484,0.6434977578475336,0.0,0.9999069076414316,9.309669193088343e-05,2.968293961527145,0.10335176875138972,0.7623318385650224,1.0856929488246216
macro,macro@1,best_valid,session,final,final.intra.Tempo,intra,3,ScalarGroupConditionalProductWrapper,,,,0.9958880613325731,0.9979302893669121,0.9264293721973095,0.0,0.9998875113061312,0.00011249502119645358,2.9937908681007364,0.045541289767882534,0.9509529147982063,1.094094862317825
