stage_name,stage_key,split,aggregation_level,node_kind,node_name,route_space,support_size,wrapper_name,source_type,temperature,top_k,entropy_norm,n_eff_norm,top1_monopoly_norm,jitter_adj_norm,knn_consistency_score,knn_consistency_js,n_eff,cv_usage,top1_max_frac,entropy_mean
macro,macro@1,best_valid,session,final,final.expert,expert,12,ScalarGroupConditionalProductWrapper,,,,0.8126291601122139,0.7093167858372862,0.1293929132096686,0.0,0.971916634257128,0.028485245425093668,8.511801430047434,0.640162014374853,0.20194350377552953,2.019307603774478
macro,macro@1,best_valid,session,final,final.group,group,4,ScalarGroupConditionalProductWrapper,,,,0.9766660286407639,0.9899346239707072,0.26359996915073375,0.0,0.9971327636220939,0.0028713547742906693,3.959738495882829,0.10083509981632233,0.4476999768630503,1.3539466082020486
macro,macro@1,best_valid,session,final,final.intra.Exposure,intra,3,ScalarGroupConditionalProductWrapper,,,,0.6279863323390987,0.6630622974123158,0.9579433355068043,0.0,0.9999161272949826,8.387622252938879e-05,1.9891868922369473,0.7128491934284809,0.9719622236712029,0.6899135018233494
macro,macro@1,best_valid,session,final,final.intra.Focus,intra,3,ScalarGroupConditionalProductWrapper,,,,0.5889189330401833,0.702800855959118,0.5247249858023263,0.0,0.9674812225591216,0.03305926247416817,2.108402567877354,0.6502906933340223,0.6831499905348842,0.646993576867257
macro,macro@1,best_valid,session,final,final.intra.Memory,intra,3,ScalarGroupConditionalProductWrapper,,,,0.6076971761351906,0.7991786053062403,0.2218728309109648,0.0,0.9428551339885703,0.058842630643386185,2.397535815918721,0.5012832135726937,0.4812485539406432,0.6676235854910292
macro,macro@1,best_valid,session,final,final.intra.Tempo,intra,3,ScalarGroupConditionalProductWrapper,,,,0.601587168492704,0.6605301969084577,0.4449656100792967,0.0,0.9963824403177653,0.003624118874887189,1.981590590725373,0.716892846915339,0.6299770733861978,0.6609110560111373
