stage_name,stage_key,split,aggregation_level,node_kind,node_name,route_space,support_size,wrapper_name,source_type,temperature,top_k,entropy_norm,n_eff_norm,top1_monopoly_norm,jitter_adj_norm,knn_consistency_score,knn_consistency_js,n_eff,cv_usage,top1_max_frac,entropy_mean
macro,macro@1,best_valid,session,final,final.expert,expert,12,ScalarGroupConditionalProductWrapper,,,,0.9761481585055366,0.9295716556601081,0.6690592199437619,0.0,0.9981169255540646,0.0018848496595427935,11.154859867921298,0.2752533323987325,0.6966376182817818,2.425637050248719
macro,macro@1,best_valid,session,final,final.group,group,4,ScalarGroupConditionalProductWrapper,,,,0.988875097603147,0.9856315950753011,0.5131839772599768,0.0,0.9993392335203337,0.0006609848820505635,3.9425263803012043,0.1207392064177517,0.6348879829449826,1.370871971659124
macro,macro@1,best_valid,session,final,final.intra.Exposure,intra,3,ScalarGroupConditionalProductWrapper,,,,0.8937693574176674,0.8259554728740972,0.9554549874705465,0.0,0.9971948544381659,0.002809087355908887,2.4778664186222916,0.4590414178657109,0.9703033249803643,0.9819059992940494
macro,macro@1,best_valid,session,final,final.intra.Focus,intra,3,ScalarGroupConditionalProductWrapper,,,,0.9769642225772002,0.9917421695081129,0.46428170699779336,0.0,0.9988163719102175,0.0011843291307456426,2.975226508524339,0.09125040758399941,0.6428544713318622,1.0733049005123985
macro,macro@1,best_valid,session,final,final.intra.Memory,intra,3,ScalarGroupConditionalProductWrapper,,,,0.9821528347978714,0.9977912325509958,0.3055129595691364,0.0,0.9993091184323365,0.0006911203363140026,2.9933736976529874,0.04704961040468185,0.5370086397127576,1.0790051736591615
macro,macro@1,best_valid,session,final,final.intra.Tempo,intra,3,ScalarGroupConditionalProductWrapper,,,,0.9656003818564591,0.9356384195838975,0.9774469835808054,0.0,0.9994520841063099,0.0005480660544561978,2.8069152587516926,0.26227635853659037,0.984964655720537,1.0608204454501253
