stage_name,stage_key,split,aggregation_level,node_kind,node_name,route_space,support_size,wrapper_name,source_type,temperature,top_k,entropy_norm,n_eff_norm,top1_monopoly_norm,jitter_adj_norm,knn_consistency_score,knn_consistency_js,n_eff,cv_usage,top1_max_frac,entropy_mean
macro,macro@1,best_valid,session,final,final.expert,expert,16,FlatJointWrapper,,,,0.9204329318058407,0.9019267664462833,0.21716720083356414,0.8344814916873335,0.9771533814281496,0.023111647011450815,14.430828263140533,0.32975383578263734,0.26609425078146637,2.5519819663029715
macro,macro@1,best_valid,session,final,final.group,group,4,FlatJointWrapper,,,,0.9705805806447697,0.9908919672930128,0.31927353301942785,0.0,0.9952756227088257,0.004735572435543107,3.963567869172051,0.09587345272302628,0.4894551497645709,1.3455103859603135
macro,macro@1,best_valid,session,final,final.intra.Exposure,intra,4,FlatJointWrapper,,,,0.9129665769938864,0.9725791513992391,0.1994091190862449,0.0,0.9873563466704457,0.012724264515028847,3.8903166055969565,0.1679101139307022,0.39955683931468366,1.265640417577553
macro,macro@1,best_valid,session,final,final.intra.Focus,intra,4,FlatJointWrapper,,,,0.885145577857439,0.9050454135228022,0.4818712987509726,0.0,0.9845340748560303,0.015586770170243954,3.620181654091209,0.3239089846611023,0.6114034740632295,1.2270723233539746
macro,macro@1,best_valid,session,final,final.intra.Memory,intra,4,FlatJointWrapper,,,,0.8480128188847899,0.8711631823357362,0.45865811999630707,0.0,0.9795977306563912,0.020613270509103325,3.484652729342945,0.3845654359200857,0.5939935899972303,1.1755953889773672
macro,macro@1,best_valid,session,final,final.intra.Tempo,intra,4,FlatJointWrapper,,,,0.8563028564473827,0.91587608749673,0.3270816022369063,0.0,0.979219529287998,0.020999423297141818,3.66350434998692,0.30306896567344666,0.4953112016776797,1.1870878213038618
