{
  "split": "best_valid",
  "feature_mode": "none",
  "stages": [
    {
      "stage": "macro@1",
      "n_eff": 11.946133791130839,
      "cv_usage": 0.06715158814960541,
      "top1_max_frac": 0.727585408605351,
      "entropy_mean": 2.4678647624736803,
      "route_jitter_adjacent": 0.0,
      "route_consistency_knn_js": 0.0003147043083650788,
      "route_consistency_knn_score": 0.9996853452058415,
      "route_consistency_group_knn_js": 0.00020071173486775634,
      "route_consistency_group_knn_score": 0.999799308406385,
      "route_consistency_intra_group_knn_mean_js": 0.00013742421612024754,
      "route_consistency_intra_group_knn_mean_score": 0.9998625974659082,
      "route_consistency_feature_group_knn_mean_score": 0.9990830987263526,
      "family_top_expert_mean_share": 0.0935213565826416,
      "route_consistency_feature_group_knn_tempo_js": 0.0009445825741840444,
      "route_consistency_feature_group_knn_tempo_score": 0.9990558634035037,
      "route_consistency_feature_group_knn_focus_js": 0.0008004834274917336,
      "route_consistency_feature_group_knn_focus_score": 0.9991998368738961,
      "route_consistency_feature_group_knn_memory_js": 0.000758296142009268,
      "route_consistency_feature_group_knn_memory_score": 0.9992419912918523,
      "route_consistency_feature_group_knn_exposure_js": 0.00116597614991925,
      "route_consistency_feature_group_knn_exposure_score": 0.998834703336158
    }
  ]
}
