best_mrr20,epoch,epoch_time_sec,eval,lr,patience_used,train_loss,trial,valid_mrr20
0.0145,1,23.557265758514404,1,0.0007998187552579467,0,672.2108278274536,1,0.0145
0.0169,3,22.449671268463135,1,0.0007983698921263105,0,568.4272017478943,1,0.0169
0.0186,10,22.206867456436157,1,0.0007820256023867403,1,493.4933443069458,1,0.0174
0.0188,19,22.346144676208496,1,0.0007365235693147399,0,439.6833734512329,1,0.0188
0.0188,29,21.845529079437256,1,0.00065801948736956,10,392.6010522842407,1,0.0171
