{
  "model": "DuoRec",
  "dataset": "movielens1m",
  "dataset_raw": "movielens1m",
  "max_evals": 6,
  "tune_epochs": 42,
  "n_completed": 6,
  "n_recorded_trials": 6,
  "timestamp": "2026-04-07T20:35:43.330336",
  "trials": [
    {
      "trial": 1,
      "params": {
        "learning_rate": 0.0002541560908499843
      },
      "mrr@20": 0.0676,
      "valid_result": {
        "hit@5": 0.1108,
        "hit@10": 0.1773,
        "hit@20": 0.2669,
        "ndcg@5": 0.0669,
        "ndcg@10": 0.0882,
        "ndcg@20": 0.111,
        "mrr@5": 0.0526,
        "mrr@10": 0.0613,
        "mrr@20": 0.0676
      },
      "test_result": {
        "hit@5": 0.1043,
        "hit@10": 0.1772,
        "hit@20": 0.27,
        "ndcg@5": 0.063,
        "ndcg@10": 0.0866,
        "ndcg@20": 0.1101,
        "mrr@5": 0.0495,
        "mrr@10": 0.0593,
        "mrr@20": 0.0658
      },
      "best_hr@10": 0.1773,
      "test_mrr@20": 0.0658,
      "test_hr@10": 0.1772,
      "epochs_run": 29,
      "early_stop_epoch": 29,
      "early_stopped": true,
      "elapsed": 495.2,
      "status": "ok"
    },
    {
      "trial": 2,
      "params": {
        "learning_rate": 0.00020806492071469697
      },
      "mrr@20": 0.065,
      "valid_result": {
        "hit@5": 0.1011,
        "hit@10": 0.1754,
        "hit@20": 0.2655,
        "ndcg@5": 0.0619,
        "ndcg@10": 0.0857,
        "ndcg@20": 0.1084,
        "mrr@5": 0.0491,
        "mrr@10": 0.0588,
        "mrr@20": 0.065
      },
      "test_result": {
        "hit@5": 0.0988,
        "hit@10": 0.1772,
        "hit@20": 0.2713,
        "ndcg@5": 0.0574,
        "ndcg@10": 0.0827,
        "ndcg@20": 0.1064,
        "mrr@5": 0.0439,
        "mrr@10": 0.0543,
        "mrr@20": 0.0608
      },
      "best_hr@10": 0.1754,
      "test_mrr@20": 0.0608,
      "test_hr@10": 0.1772,
      "epochs_run": 22,
      "early_stop_epoch": 22,
      "early_stopped": true,
      "elapsed": 381.2,
      "status": "ok"
    },
    {
      "trial": 3,
      "params": {
        "learning_rate": 0.00023479726119911854
      },
      "mrr@20": 0.067,
      "valid_result": {
        "hit@5": 0.1094,
        "hit@10": 0.1833,
        "hit@20": 0.2705,
        "ndcg@5": 0.0657,
        "ndcg@10": 0.0893,
        "ndcg@20": 0.1112,
        "mrr@5": 0.0514,
        "mrr@10": 0.0611,
        "mrr@20": 0.067
      },
      "test_result": {
        "hit@5": 0.1048,
        "hit@10": 0.1758,
        "hit@20": 0.2704,
        "ndcg@5": 0.0617,
        "ndcg@10": 0.0846,
        "ndcg@20": 0.1086,
        "mrr@5": 0.0476,
        "mrr@10": 0.057,
        "mrr@20": 0.0636
      },
      "best_hr@10": 0.1833,
      "test_mrr@20": 0.0636,
      "test_hr@10": 0.1758,
      "epochs_run": 29,
      "early_stop_epoch": 29,
      "early_stopped": true,
      "elapsed": 517.9,
      "status": "ok"
    },
    {
      "trial": 4,
      "params": {
        "learning_rate": 0.00022873427348279373
      },
      "mrr@20": 0.0712,
      "valid_result": {
        "hit@5": 0.1062,
        "hit@10": 0.1801,
        "hit@20": 0.2645,
        "ndcg@5": 0.0682,
        "ndcg@10": 0.0919,
        "ndcg@20": 0.1133,
        "mrr@5": 0.0557,
        "mrr@10": 0.0654,
        "mrr@20": 0.0712
      },
      "test_result": {
        "hit@5": 0.1057,
        "hit@10": 0.1837,
        "hit@20": 0.2806,
        "ndcg@5": 0.0636,
        "ndcg@10": 0.0888,
        "ndcg@20": 0.1133,
        "mrr@5": 0.0499,
        "mrr@10": 0.0602,
        "mrr@20": 0.0669
      },
      "best_hr@10": 0.1801,
      "test_mrr@20": 0.0669,
      "test_hr@10": 0.1837,
      "epochs_run": 42,
      "early_stop_epoch": 42,
      "early_stopped": false,
      "elapsed": 746.0,
      "status": "ok"
    },
    {
      "trial": 5,
      "params": {
        "learning_rate": 0.0002407812502916663
      },
      "mrr@20": 0.0696,
      "valid_result": {
        "hit@5": 0.1066,
        "hit@10": 0.181,
        "hit@20": 0.2701,
        "ndcg@5": 0.067,
        "ndcg@10": 0.0907,
        "ndcg@20": 0.1131,
        "mrr@5": 0.0539,
        "mrr@10": 0.0635,
        "mrr@20": 0.0696
      },
      "test_result": {
        "hit@5": 0.1071,
        "hit@10": 0.1869,
        "hit@20": 0.275,
        "ndcg@5": 0.0652,
        "ndcg@10": 0.091,
        "ndcg@20": 0.1133,
        "mrr@5": 0.0516,
        "mrr@10": 0.0623,
        "mrr@20": 0.0684
      },
      "best_hr@10": 0.181,
      "test_mrr@20": 0.0684,
      "test_hr@10": 0.1869,
      "epochs_run": 40,
      "early_stop_epoch": 40,
      "early_stopped": true,
      "elapsed": 718.3,
      "status": "ok"
    },
    {
      "trial": 6,
      "params": {
        "learning_rate": 0.0002595617352622955
      },
      "mrr@20": 0.0691,
      "valid_result": {
        "hit@5": 0.1108,
        "hit@10": 0.1791,
        "hit@20": 0.2659,
        "ndcg@5": 0.0681,
        "ndcg@10": 0.09,
        "ndcg@20": 0.112,
        "mrr@5": 0.0542,
        "mrr@10": 0.0631,
        "mrr@20": 0.0691
      },
      "test_result": {
        "hit@5": 0.1029,
        "hit@10": 0.1809,
        "hit@20": 0.2686,
        "ndcg@5": 0.0622,
        "ndcg@10": 0.0874,
        "ndcg@20": 0.1095,
        "mrr@5": 0.0489,
        "mrr@10": 0.0592,
        "mrr@20": 0.0653
      },
      "best_hr@10": 0.1791,
      "test_mrr@20": 0.0653,
      "test_hr@10": 0.1809,
      "epochs_run": 29,
      "early_stop_epoch": 29,
      "early_stopped": true,
      "elapsed": 526.5,
      "status": "ok"
    }
  ],
  "run_group": "baseline",
  "run_axis": "stageg_cross6x9_anchor2_core5",
  "run_phase": "P22_SG_D04_M04_C01_DUOREC_XFER_LASTFM0_03_FAD_H2_R1_C1_S1",
  "parent_result": "",
  "interrupted": false,
  "interrupted_at": null,
  "tuned_search": {
    "learning_rate": [
      0.00020774297913963964,
      0.00027021017747022846
    ]
  },
  "fixed_search": {
    "n_layers": 2,
    "n_heads": 2,
    "weight_decay": 0.00015,
    "hidden_dropout_prob": 0.12,
    "MAX_ITEM_LIST_LENGTH": 22,
    "num_layers": 2,
    "num_heads": 2,
    "dropout_ratio": 0.12,
    "dropout_prob": 0.12,
    "attn_dropout_prob": 0.12,
    "hidden_size": 128,
    "embedding_size": 128,
    "inner_size": 256,
    "time_span": 384,
    "num_experts": 6,
    "state_size": 24,
    "conv_kernel": 6,
    "remaining_ratio": 0.6
  },
  "context_fixed": {
    "num_layers": 2,
    "search_space_type_overrides": {
      "learning_rate": "loguniform",
      "weight_decay": "choice",
      "n_layers": "choice",
      "num_layers": "choice",
      "n_heads": "choice",
      "num_heads": "choice",
      "dropout_ratio": "choice",
      "dropout_prob": "choice",
      "hidden_dropout_prob": "choice",
      "attn_dropout_prob": "choice",
      "hidden_size": "choice",
      "embedding_size": "choice",
      "inner_size": "choice",
      "time_span": "choice",
      "num_experts": "choice",
      "state_size": "choice",
      "conv_kernel": "choice",
      "remaining_ratio": "choice",
      "MAX_ITEM_LIST_LENGTH": "choice"
    }
  },
  "best_params": {
    "learning_rate": 0.00022873427348279373
  },
  "best_mrr@20": 0.0712,
  "best_hr@10": 0.1801,
  "test_mrr@20": 0.0669,
  "test_hr@10": 0.1837,
  "best_valid_result": {
    "hit@5": 0.1062,
    "hit@10": 0.1801,
    "hit@20": 0.2645,
    "ndcg@5": 0.0682,
    "ndcg@10": 0.0919,
    "ndcg@20": 0.1133,
    "mrr@5": 0.0557,
    "mrr@10": 0.0654,
    "mrr@20": 0.0712
  },
  "test_result": {
    "hit@5": 0.1057,
    "hit@10": 0.1837,
    "hit@20": 0.2806,
    "ndcg@5": 0.0636,
    "ndcg@10": 0.0888,
    "ndcg@20": 0.1133,
    "mrr@5": 0.0499,
    "mrr@10": 0.0602,
    "mrr@20": 0.0669
  },
  "best_valid_special_metrics": {
    "split": "best_valid",
    "overall": {
      "count": 2166,
      "hit@20": 0.26454293628808867,
      "ndcg@20": 0.113254531089729,
      "mrr@20": 0.07124432117531174
    },
    "slices": {
      "target_popularity_abs": {
        "rare_1_5": {
          "count": 1940,
          "hit@20": 0.24484536082474226,
          "ndcg@20": 0.1013072109176326,