stage_name,stage_key,split,aggregation_level,node_kind,node_name,route_space,support_size,wrapper_name,source_type,temperature,top_k,entropy_norm,n_eff_norm,top1_monopoly_norm,jitter_adj_norm,knn_consistency_score,knn_consistency_js,n_eff,cv_usage,top1_max_frac,entropy_mean
macro,macro@1,best_valid,session,final,final.expert,expert,16,ScalarGroupConditionalProductWrapper,,,,0.9371204984296393,0.7280411436673083,0.899047795900261,0.0,0.996648423710287,0.0033572054026460765,11.648658298676933,0.6111863851547241,0.9053573086564947,2.5982497253257404
macro,macro@1,best_valid,session,final,final.group,group,4,ScalarGroupConditionalProductWrapper,,,,0.9365162371862304,0.8650331566853565,0.9162307985928425,0.0,0.9985777522411962,0.0014232601131404842,3.460132626741426,0.39500007033348083,0.9371730989446319,1.2982871787084893
macro,macro@1,best_valid,session,final,final.intra.Exposure,intra,4,ScalarGroupConditionalProductWrapper,,,,0.9031039653586341,0.7908452625598865,0.9648004291624112,0.0,0.9982952901833295,0.0017061644878798808,3.163381050239546,0.5142662525177002,0.9736003218718083,1.2519679346816874
macro,macro@1,best_valid,session,final,final.intra.Focus,intra,4,ScalarGroupConditionalProductWrapper,,,,0.9891828064807762,0.9982595984188467,0.4335056172820401,0.0,0.9990249963253729,0.0009754792998925995,3.993038393675387,0.04175408557057381,0.5751292129615301,1.371298546741048
macro,macro@1,best_valid,session,final,final.intra.Memory,intra,4,ScalarGroupConditionalProductWrapper,,,,0.9829046464036741,0.9947982038956074,0.617137610514479,0.0,0.997958990521737,0.002043095176544731,3.9791928155824294,0.072311632335186,0.7128532078858593,1.3625951688279534
macro,macro@1,best_valid,session,final,final.intra.Tempo,intra,4,ScalarGroupConditionalProductWrapper,,,,0.9374762181022998,0.9124017496221715,0.6425572302518234,0.0,0.9970310111975949,0.0029734049929057253,3.649606998488686,0.30985233187675476,0.7319179226888676,1.2996179948392188
