best_mrr20,epoch,epoch_time_sec,eval,lr,patience_used,train_loss,trial,valid_mrr20
0.0143,1,17.609338521957397,1,0.0005476,0,678.798698425293,1,0.0143
0.0179,3,16.31025195121765,1,0.0005476,0,582.0709538459778,1,0.0179
0.0183,5,16.175535917282104,1,0.0005476,0,548.0329427719116,1,0.0183
0.0183,10,16.126771450042725,1,0.0005476,5,504.8583378791809,1,0.0173
0.0183,15,16.218889236450195,1,0.0005476,10,476.1195249557495,1,0.0164
