best_mrr20,epoch,epoch_time_sec,eval,lr,patience_used,train_loss,trial,valid_mrr20
0.0398,1,62.483490228652954,1,0.0008536586740513845,0,1360.012909412384,1,0.0398
0.0636,3,40.58824419975281,1,0.0008022671809551303,0,1118.5489430427551,1,0.0636
0.0787,10,38.93744230270386,1,0.0003671991357557209,2,1029.887221813202,1,0.0784
0.0837,16,38.165666818618774,1,9.261632594861557e-05,0,1007.3205718994141,1,0.0837
0.0837,18,44.311912298202515,1,8.6025e-05,2,1004.5423760414124,1,0.083
