best_mrr20,epoch,epoch_time_sec,eval,lr,patience_used,train_loss,trial,valid_mrr20
0.3136,1,50.0100314617157,1,0.00056966,0,2153.1832370758057,1,0.3136
0.3647,3,47.81538152694702,1,0.00056966,0,1141.149766921997,1,0.3647
0.3733,6,47.308369874954224,1,0.00056966,0,802.4887490272522,1,0.3733
0.3733,10,49.81419277191162,1,0.00056966,4,642.9862008094788,1,0.3616
0.3733,16,47.484310150146484,1,0.00056966,10,436.0214924812317,1,0.3309
