{
  "model": "GRU4Rec",
  "dataset": "KuaiRecLargeStrictPosV2_0.2",
  "dataset_raw": "KuaiRecLargeStrictPosV2_0.2",
  "max_evals": 5,
  "tune_epochs": 26,
  "n_completed": 5,
  "n_recorded_trials": 5,
  "timestamp": "2026-04-09T15:59:52.147540",
  "trials": [
    {
      "trial": 1,
      "params": {
        "learning_rate": 0.0027633804547950672
      },
      "mrr@20": 0.0062,
      "valid_result": {
        "hit@5": 0.0076,
        "hit@10": 0.0128,
        "hit@20": 0.0227,
        "ndcg@5": 0.0056,
        "ndcg@10": 0.0072,
        "ndcg@20": 0.0097,
        "mrr@5": 0.0049,
        "mrr@10": 0.0056,
        "mrr@20": 0.0062
      },
      "test_result": {
        "hit@5": 0.0074,
        "hit@10": 0.0112,
        "hit@20": 0.0215,
        "ndcg@5": 0.0052,
        "ndcg@10": 0.0064,
        "ndcg@20": 0.009,
        "mrr@5": 0.0046,
        "mrr@10": 0.005,
        "mrr@20": 0.0057
      },
      "best_hr@10": 0.0128,
      "test_mrr@20": 0.0057,
      "test_hr@10": 0.0112,
      "epochs_run": 18,
      "early_stop_epoch": 18,
      "early_stopped": true,
      "elapsed": 26.4,
      "status": "ok"
    },
    {
      "trial": 2,
      "params": {
        "learning_rate": 0.0026629538770631843
      },
      "mrr@20": 0.0058,
      "valid_result": {
        "hit@5": 0.0071,
        "hit@10": 0.0115,
        "hit@20": 0.0197,
        "ndcg@5": 0.0053,
        "ndcg@10": 0.0066,
        "ndcg@20": 0.0087,
        "mrr@5": 0.0047,
        "mrr@10": 0.0052,
        "mrr@20": 0.0058
      },
      "test_result": {
        "hit@5": 0.006,
        "hit@10": 0.0101,
        "hit@20": 0.0166,
        "ndcg@5": 0.0044,
        "ndcg@10": 0.0058,
        "ndcg@20": 0.0074,
        "mrr@5": 0.0039,
        "mrr@10": 0.0045,
        "mrr@20": 0.0049
      },
      "best_hr@10": 0.0115,
      "test_mrr@20": 0.0049,
      "test_hr@10": 0.0101,
      "epochs_run": 14,
      "early_stop_epoch": 14,
      "early_stopped": true,
      "elapsed": 19.9,
      "status": "ok"
    },
    {
      "trial": 3,
      "params": {
        "learning_rate": 0.002322588828851645
      },
      "mrr@20": 0.0055,
      "valid_result": {
        "hit@5": 0.0071,
        "hit@10": 0.0112,
        "hit@20": 0.0183,
        "ndcg@5": 0.0051,
        "ndcg@10": 0.0064,
        "ndcg@20": 0.0082,
        "mrr@5": 0.0044,
        "mrr@10": 0.005,
        "mrr@20": 0.0055
      },
      "test_result": {
        "hit@5": 0.0052,
        "hit@10": 0.009,
        "hit@20": 0.0142,
        "ndcg@5": 0.0042,
        "ndcg@10": 0.0053,
        "ndcg@20": 0.0066,
        "mrr@5": 0.0038,
        "mrr@10": 0.0043,
        "mrr@20": 0.0046
      },
      "best_hr@10": 0.0112,
      "test_mrr@20": 0.0046,
      "test_hr@10": 0.009,
      "epochs_run": 15,
      "early_stop_epoch": 15,
      "early_stopped": true,
      "elapsed": 21.4,
      "status": "ok"
    },
    {
      "trial": 4,
      "params": {
        "learning_rate": 0.0024166694695479714
      },
      "mrr@20": 0.0055,
      "valid_result": {
        "hit@5": 0.0076,
        "hit@10": 0.0115,
        "hit@20": 0.0197,
        "ndcg@5": 0.0051,
        "ndcg@10": 0.0064,
        "ndcg@20": 0.0085,
        "mrr@5": 0.0043,
        "mrr@10": 0.0049,
        "mrr@20": 0.0055
      },
      "test_result": {
        "hit@5": 0.0049,
        "hit@10": 0.0095,
        "hit@20": 0.0164,
        "ndcg@5": 0.0041,
        "ndcg@10": 0.0056,
        "ndcg@20": 0.0073,
        "mrr@5": 0.0038,
        "mrr@10": 0.0044,
        "mrr@20": 0.0048
      },
      "best_hr@10": 0.0115,
      "test_mrr@20": 0.0048,
      "test_hr@10": 0.0095,
      "epochs_run": 15,
      "early_stop_epoch": 15,
      "early_stopped": true,
      "elapsed": 20.8,
      "status": "ok"
    },
    {
      "trial": 5,
      "params": {
        "learning_rate": 0.0031211918836674896
      },
      "mrr@20": 0.0175,
      "valid_result": {
        "hit@5": 0.0235,
        "hit@10": 0.0314,
        "hit@20": 0.0429,
        "ndcg@5": 0.0176,
        "ndcg@10": 0.0201,
        "ndcg@20": 0.023,
        "mrr@5": 0.0157,
        "mrr@10": 0.0167,
        "mrr@20": 0.0175
      },
      "test_result": {
        "hit@5": 0.0224,
        "hit@10": 0.0306,
        "hit@20": 0.045,
        "ndcg@5": 0.0166,
        "ndcg@10": 0.0193,
        "ndcg@20": 0.0229,
        "mrr@5": 0.0147,
        "mrr@10": 0.0158,
        "mrr@20": 0.0168
      },
      "best_hr@10": 0.0314,
      "test_mrr@20": 0.0168,
      "test_hr@10": 0.0306,
      "epochs_run": 26,
      "early_stop_epoch": 26,
      "early_stopped": false,
      "elapsed": 37.2,
      "status": "ok"
    }
  ],
  "run_group": "baseline",
  "run_axis": "stageh_targetedrecovery_anchor2_core5",
  "run_phase": "P23_SH_C01_MGRU4REC_FAD_H3_R1_LRHI_S1",
  "parent_result": "",
  "interrupted": false,
  "interrupted_at": null,
  "tuned_search": {
    "learning_rate": [
      0.002288647307410051,
      0.003507350938600834
    ]
  },
  "fixed_search": {
    "num_layers": 2,
    "weight_decay": 0.0002,
    "dropout_ratio": 0.18000000000000002,
    "n_layers": 2,
    "n_heads": 4,
    "num_heads": 4,
    "dropout_prob": 0.18000000000000002,
    "hidden_dropout_prob": 0.18000000000000002,
    "attn_dropout_prob": 0.18000000000000002,
    "hidden_size": 160,
    "embedding_size": 160,
    "inner_size": 320,
    "time_span": 512,
    "num_experts": 8,
    "state_size": 32,
    "conv_kernel": 8,
    "remaining_ratio": 0.7,
    "MAX_ITEM_LIST_LENGTH": 10
  },
  "context_fixed": {
    "num_layers": 2,
    "search_space_type_overrides": {
      "learning_rate": "loguniform",
      "weight_decay": "choice",
      "dropout_ratio": "choice",
      "n_layers": "choice",
      "num_layers": "choice",
      "n_heads": "choice",
      "num_heads": "choice",
      "dropout_prob": "choice",
      "hidden_dropout_prob": "choice",
      "attn_dropout_prob": "choice",
      "hidden_size": "choice",
      "embedding_size": "choice",
      "inner_size": "choice",
      "time_span": "choice",
      "num_experts": "choice",
      "state_size": "choice",
      "conv_kernel": "choice",
      "remaining_ratio": "choice",
      "MAX_ITEM_LIST_LENGTH": "choice"
    }
  },
  "best_params": {
    "learning_rate": 0.0031211918836674896
  },
  "best_mrr@20": 0.0175,
  "best_hr@10": 0.0314,
  "test_mrr@20": 0.0168,
  "test_hr@10": 0.0306,
  "best_valid_result": {
    "hit@5": 0.0235,
    "hit@10": 0.0314,
    "hit@20": 0.0429,
    "ndcg@5": 0.0176,
    "ndcg@10": 0.0201,
    "ndcg@20": 0.023,
    "mrr@5": 0.0157,
    "mrr@10": 0.0167,
    "mrr@20": 0.0175
  },
  "test_result": {
    "hit@5": 0.0224,
    "hit@10": 0.0306,
    "hit@20": 0.045,
    "ndcg@5": 0.0166,
    "ndcg@10": 0.0193,
    "ndcg@20": 0.0229,
    "mrr@5": 0.0147,
    "mrr@10": 0.0158,
    "mrr@20": 0.0168
  },
  "best_valid_special_metrics": {
    "split": "best_valid",
    "overall": {
      "count": 3663,
      "hit@20": 0.042861042861042864,
      "ndcg@20": 0.022999558533731784,
      "mrr@20": 0.017476049872481886
    },
    "slices": {
      "target_popularity_abs": {
        "rare_1_5": {
          "count": 2785,
          "hit@20": 0.03734290843806104,
          "ndcg@20": 0.018228027401107433,
          "mrr@20": 0.012896488281886496
        },
        "6_20": {
          "count": 856,
          "hit@20": 0.06191588785046729,
          "ndcg@20": 0.03911486751983099,
          "mrr@20": 0.032824825721784176
        },
        "21_100": {
          "count": 22,
          "hit@20": 0.0,
          "ndcg@20": 0.0,
          "mrr@20": 0.0
        }
      },
      "target_popularity_abs_legacy": {
        "<=5": {
          "count": 2785,
          "hit@20": 0.03734290843806104,
          "ndcg@20": 0.018228027401107433,
          "mrr@20": 0.012896488281886496
        },
        "6-20": {
          "count": 856,
          "hit@20": 0.06191588785046729,
          "ndcg@20": 0.03911486751983099,
          "mrr@20": 0.032824825721784176
        },
        "21-100": {
          "count": 22,