best_mrr20,epoch,epoch_time_sec,eval,lr,patience_used,train_loss,trial,valid_mrr20
0.0035,1,2.8469786643981934,1,0.0005672,0,80.3110203742981,1,0.0035
0.0087,3,1.9771955013275146,1,0.0005672,0,72.64236307144165,1,0.0087
0.0512,10,1.9958419799804688,1,0.0005672,0,53.59267568588257,1,0.0512
0.0897,46,1.9819159507751465,1,0.0005672,0,14.637747526168823,1,0.0897
0.0897,56,1.804429054260254,1,0.0005672,10,10.048832416534424,1,0.0812
