stage_name,stage_key,split,aggregation_level,node_kind,node_name,route_space,support_size,wrapper_name,source_type,temperature,top_k,entropy_norm,n_eff_norm,top1_monopoly_norm,jitter_adj_norm,knn_consistency_score,knn_consistency_js,n_eff,cv_usage,top1_max_frac,entropy_mean
macro,macro@1,best_valid,session,final,final.expert,expert,12,ScalarGroupConditionalProductWrapper,,,,0.9546743142265925,0.9938747194303857,0.6364933289381961,0.0,0.9984332495181536,0.0015679791188620037,11.926496633164628,0.07850338284661225,0.6667855515266797,2.3722765518034588
macro,macro@1,best_valid,session,final,final.group,group,4,ScalarGroupConditionalProductWrapper,,,,0.9676631129072921,0.9991592091491956,0.5654229989366409,0.0,0.9990664464910498,0.0009339895414214738,3.9966368365967826,0.029009589925408363,0.6740672492024807,1.341465916887099
macro,macro@1,best_valid,session,final,final.intra.Exposure,intra,3,ScalarGroupConditionalProductWrapper,,,,0.9989052930755004,0.999685267354121,0.5437793496998158,0.0,0.9999563387783303,4.3662174848537256e-05,2.999055802062363,0.017746064283071034,0.6958528997998772,1.0974096301883645
macro,macro@1,best_valid,session,final,final.intra.Focus,intra,3,ScalarGroupConditionalProductWrapper,,,,0.951051116226446,0.9889365146534549,0.529899542293289,0.0,0.9989176859836616,0.001082900141105553,2.966809543960365,0.10576978010625303,0.6865996948621926,1.0448364434378963
macro,macro@1,best_valid,session,final,final.intra.Memory,intra,3,ScalarGroupConditionalProductWrapper,,,,0.9992500810216076,0.9992908503494108,0.8142126850145632,0.0,0.9999713665319623,2.8633877983298828e-05,2.9978725510482325,0.02664044233738058,0.8761417900097089,1.0977884184629425
macro,macro@1,best_valid,session,final,final.intra.Tempo,intra,3,ScalarGroupConditionalProductWrapper,,,,0.8523287526628206,0.9671651737395871,0.5871426023895857,0.0,0.9985700588919735,0.001430964449474421,2.901495521218761,0.18425407456594484,0.7247617349263905,0.9363788416605366
