best_mrr20,epoch,epoch_time_sec,eval,lr,patience_used,train_loss,trial,valid_mrr20
0.0131,1,24.134165287017822,1,0.00034992070542535163,0,683.5290336608887,1,0.0131
0.0157,3,22.81899404525757,1,0.00034928682780526084,0,590.4362616539001,1,0.0157
0.0173,5,22.974119186401367,1,0.0003480216249665321,0,547.9419641494751,1,0.0173
0.0173,10,23.016055822372437,1,0.00034213620104419886,5,477.74140644073486,1,0.0159
0.0173,15,22.766964197158813,1,0.00033249158316315044,10,403.8409233093262,1,0.0157
