best_mrr20,epoch,epoch_time_sec,eval,lr,patience_used,train_loss,trial,valid_mrr20
0.2599,1,46.715431928634644,1,0.00028483,0,2313.884602546692,1,0.2599
0.3314,3,46.116127729415894,1,0.00028483,0,1584.8265633583069,1,0.3314
0.3743,10,45.28753399848938,1,0.00028483,0,819.3503279685974,1,0.3743
0.3754,11,47.569170236587524,1,0.00028483,0,788.7176852226257,1,0.3754
0.3754,21,45.390793800354004,1,0.00028483,10,602.2967371940613,1,0.3637
