stage_name,stage_key,split,aggregation_level,node_kind,node_name,route_space,support_size,wrapper_name,source_type,temperature,top_k,entropy_norm,n_eff_norm,top1_monopoly_norm,jitter_adj_norm,knn_consistency_score,knn_consistency_js,n_eff,cv_usage,top1_max_frac,entropy_mean
macro,macro@1,best_valid,session,final,final.expert,expert,12,GroupConditionalProductWrapper,,,,0.9971423910270935,0.9884199291336131,1.0,0.0,0.9998938723503463,0.00010613328159119175,11.861039149603357,0.10823969220400774,1.0,2.477805758248731
macro,macro@1,best_valid,session,final,final.group,group,4,GroupConditionalProductWrapper,,,,0.9972990272635506,0.9946351928786057,1.0,0.0,0.9999108330945935,8.917088101131726e-05,3.9785407715144228,0.07344205677509308,1.0,1.382550017845812
macro,macro@1,best_valid,session,final,final.intra.Exposure,intra,3,GroupConditionalProductWrapper,,,,0.9983012214245816,0.9964609372830737,1.0,0.0,0.9999854866452659,1.4513460053872745e-05,2.989382811849221,0.059595637110005706,1.0,1.096745989649429
macro,macro@1,best_valid,session,final,final.intra.Focus,intra,3,GroupConditionalProductWrapper,,,,0.9964608035125394,0.9935395003408086,1.0,0.0,0.9999554245035982,4.4576489918791084e-05,2.980618501022426,0.08063853291754326,1.0,1.0947240839149746
macro,macro@1,best_valid,session,final,final.intra.Memory,intra,3,GroupConditionalProductWrapper,,,,0.9959599481322474,0.9914090023293114,1.0,0.0,0.999997063750793,2.9362535178331674e-06,2.974227006987934,0.09308776540792688,1.0,1.0941738380393402
macro,macro@1,best_valid,session,final,final.intra.Tempo,intra,3,GroupConditionalProductWrapper,,,,0.9968890123016361,0.9934423405690498,1.0,0.0,0.9999889423960917,1.1057665044095665e-05,2.9803270217071494,0.08124633431412782,1.0,1.0951945193527919
