best_mrr20,epoch,epoch_time_sec,eval,lr,patience_used,train_loss,trial,valid_mrr20
0.0107,1,24.12935972213745,1,0.00034992070542535163,0,703.4898357391357,1,0.0107
0.0132,3,23.228235006332397,1,0.00034928682780526084,0,619.2572927474976,1,0.0132
0.0172,10,23.14668345451355,1,0.00034213620104419886,0,522.4644594192505,1,0.0172
0.0175,13,23.981743574142456,1,0.0003367870820455509,0,504.09149646759033,1,0.0175
0.0175,23,22.760640382766724,1,0.00030987915082393135,10,461.69923067092896,1,0.0164
