stage_name,stage_key,split,aggregation_level,node_kind,node_name,route_space,support_size,wrapper_name,source_type,temperature,top_k,entropy_norm,n_eff_norm,top1_monopoly_norm,jitter_adj_norm,knn_consistency_score,knn_consistency_js,n_eff,cv_usage,top1_max_frac,entropy_mean
macro,macro@1,best_valid,session,final,final.expert,expert,12,FlatJointWrapper,,,,0.6704892539498013,0.6996286036200446,0.1937623168537401,0.5282543843010122,0.8874990968906822,0.11934777522104771,8.395543243440535,0.6552328698684081,0.2609487904492617,1.6661032057512566
macro,macro@1,best_valid,session,final,final.group,group,4,FlatJointWrapper,,,,0.8217620063598858,0.9319131686072896,0.3159158027018536,0.0,0.9564278569693008,0.044549916919909026,3.7276526744291583,0.2702985405921936,0.4869368520263902,1.1392040355992774
macro,macro@1,best_valid,session,final,final.intra.Exposure,intra,3,FlatJointWrapper,,,,0.4959423733316203,0.7258667239841761,0.5196847410101929,0.0,0.9375643101485427,0.06446992599849262,2.177600171952528,0.6145431961255313,0.6797898273401286,0.5448483858133455
macro,macro@1,best_valid,session,final,final.intra.Focus,intra,3,FlatJointWrapper,,,,0.18602892678222097,0.8875075047958089,0.20068430782815042,0.0,0.8065309535175025,0.21501300209446958,2.6625225143874265,0.35602110308345847,0.4671228718854336,0.204373665010688
macro,macro@1,best_valid,session,final,final.intra.Memory,intra,3,FlatJointWrapper,,,,0.3054405374628414,0.6617580369709598,0.5285453168225529,0.0,0.8539430414751211,0.15789078358281888,1.9852741109128795,0.7149309451898651,0.685696877881702,0.3355607279140697
macro,macro@1,best_valid,session,final,final.intra.Tempo,intra,3,FlatJointWrapper,,,,0.3269120464842628,0.5547831833252251,0.6194857114031326,0.0,0.9471117307790357,0.054338208828439,1.6643495499756755,0.8958270282796911,0.7463238076020884,0.3591495915812514
