stage_name,stage_key,split,aggregation_level,node_kind,node_name,route_space,support_size,wrapper_name,source_type,temperature,top_k,entropy_norm,n_eff_norm,top1_monopoly_norm,jitter_adj_norm,knn_consistency_score,knn_consistency_js,n_eff,cv_usage,top1_max_frac,entropy_mean
macro,macro@1,best_valid,session,final,final.expert,expert,12,FlatJointWrapper,,,,0.6760372993394995,0.6789789456912466,0.15035900951075315,0.5407390802021004,0.890851156535259,0.11557791761507186,8.14774734829496,0.6876044385197424,0.22116242538485706,1.6798895806334433
macro,macro@1,best_valid,session,final,final.group,group,4,FlatJointWrapper,,,,0.8338825467602796,0.9134293344622972,0.35943030683841243,0.0,0.9597696841534709,0.0410619356439589,3.653717337849189,0.30785632133483887,0.5195727301288093,1.156006672410069
macro,macro@1,best_valid,session,final,final.intra.Exposure,intra,3,FlatJointWrapper,,,,0.49776839892066965,0.6999953103379677,0.5698101769408555,0.0,0.9388360863580459,0.06311437693059312,2.099985931013903,0.6546611431039061,0.713206784627237,0.5468544799648976
macro,macro@1,best_valid,session,final,final.intra.Focus,intra,3,FlatJointWrapper,,,,0.10695175843052808,0.9733153628806189,0.07705284437104952,0.0,0.7749015934543093,0.25501923387893666,2.919946088641857,0.16557859135929967,0.38470189624736634,0.11749851610644126
macro,macro@1,best_valid,session,final,final.intra.Memory,intra,3,FlatJointWrapper,,,,0.33395019223196104,0.6052978265444483,0.5074416791777341,0.0,0.902497760735695,0.10258906995746452,1.815893479633345,0.807514315619638,0.6716277861184894,0.36688178498910995
macro,macro@1,best_valid,session,final,final.intra.Tempo,intra,3,FlatJointWrapper,,,,0.30821721023479637,0.5315328424741264,0.6960405631534581,0.0,0.9446409449185813,0.056950376155731675,1.594598527422379,0.9388029891609255,0.7973603754356388,0.3386112147429496
