{
  "split": "best_valid",
  "feature_mode": "none",
  "stages": [
    {
      "stage": "mid@1",
      "n_eff": 10.766910962508502,
      "cv_usage": 0.33841640238713017,
      "top1_max_frac": 0.2820633290600872,
      "entropy_mean": 1.9672202318977128,
      "route_jitter_adjacent": 0.0,
      "route_consistency_knn_js": 0.020695732663524133,
      "route_consistency_knn_score": 0.9795169542475997,
      "route_consistency_group_knn_js": 0.006855991795673997,
      "route_consistency_group_knn_score": 0.9931674568974587,
      "route_consistency_intra_group_knn_mean_js": 0.012131764110297406,
      "route_consistency_intra_group_knn_mean_score": 0.9880018739984047,
      "route_consistency_feature_group_knn_mean_score": 0.9393386306061856,
      "family_top_expert_mean_share": 0.13687384128570557,
      "route_consistency_feature_group_knn_tempo_js": 0.061503061331071016,
      "route_consistency_feature_group_knn_tempo_score": 0.9403500670121445,
      "route_consistency_feature_group_knn_focus_js": 0.05659803784124321,
      "route_consistency_feature_group_knn_focus_score": 0.9449738367587418,
      "route_consistency_feature_group_knn_memory_js": 0.07843782730629648,
      "route_consistency_feature_group_knn_memory_score": 0.924559540501796,
      "route_consistency_feature_group_knn_exposure_js": 0.05395886686920686,
      "route_consistency_feature_group_knn_exposure_score": 0.9474710781520601
    }
  ]
}
