stage_name,stage_key,split,aggregation_level,node_kind,node_name,route_space,support_size,wrapper_name,source_type,temperature,top_k,entropy_norm,n_eff_norm,top1_monopoly_norm,jitter_adj_norm,knn_consistency_score,knn_consistency_js,n_eff,cv_usage,top1_max_frac,entropy_mean
macro,macro@1,best_valid,session,final,final.expert,expert,20,FlatJointWrapper,,,,0.9567797081519689,0.8859299246742195,0.44390069354550143,0.7089366858527719,0.9908105070979827,0.009231976762298994,17.71859849348439,0.358827891069235,0.47170565886822635,2.8662558503924216
macro,macro@1,best_valid,session,final,final.group,group,4,FlatJointWrapper,,,,0.9869093583642526,0.9836312545994443,0.16336732653469302,0.0,0.9987750506243149,0.0012257002394142815,3.9345250183977774,0.1290002167224884,0.37252549490101977,1.3681468784368127
macro,macro@1,best_valid,session,final,final.intra.Exposure,intra,5,FlatJointWrapper,,,,0.9526283257833397,0.9570956056431232,0.17416516696660667,0.0,0.9930061722550354,0.007018399190889082,4.785478028215616,0.21172482204847304,0.33933213357328534,1.5331961439743302
macro,macro@1,best_valid,session,final,final.intra.Focus,intra,5,FlatJointWrapper,,,,0.9163551115381005,0.8746882493660977,0.5235952809438112,0.0,0.9910418176228293,0.008998548143010168,4.373441246830488,0.37850293698157467,0.618876224755049,1.4748166577621975
macro,macro@1,best_valid,session,final,final.intra.Memory,intra,5,FlatJointWrapper,,,,0.8979698229769157,0.8273514111012442,0.7380523895220955,0.0,0.9904154793176351,0.009630747814456475,4.136757055506221,0.45681099657996005,0.7904419116176765,1.4452266773207858
macro,macro@1,best_valid,session,final,final.intra.Tempo,intra,5,FlatJointWrapper,,,,0.9542428366000144,0.9414718128864996,0.6424465106978605,0.0,0.9938246303000644,0.006194516160413857,4.707359064432498,0.2493325211207193,0.7139572085582884,1.5357945988927215
