best_mrr20,epoch,epoch_time_sec,eval,lr,patience_used,train_loss,trial,valid_mrr20
0.0432,1,49.089515209198,1,0.0012804830493876025,0,1342.0834121704102,1,0.0432
0.067,3,39.656898498535156,1,0.00120339610844414,0,1105.6539182662964,1,0.067
0.0834,10,40.02132725715637,1,0.000550796569375309,0,1018.0663022994995,1,0.0834
0.0848,14,40.03543281555176,1,0.0002160108915558601,0,996.7472200393677,1,0.0848
0.0848,17,39.283708810806274,1,0.000129037,3,988.295307636261,1,0.0842
