{
  "valid": {
    "count": 3499,
    "hit@5": 0.014861388968276651,
    "hit@10": 0.021720491569019718,
    "hit@20": 0.0348671048871106,
    "ndcg@5": 0.011488051312621848,
    "ndcg@10": 0.013637623810093551,
    "ndcg@20": 0.01693658452778075,
    "mrr@5": 0.010383919230629016,
    "mrr@10": 0.0112312134822698,
    "mrr@20": 0.012123724651714842
  },
  "test": {
    "count": 2706,
    "hit@5": 0.11012564671101256,
    "hit@10": 0.11345158906134516,
    "hit@20": 0.1204730229120473,
    "ndcg@5": 0.10665370103216841,
    "ndcg@10": 0.10771605713845005,
    "ndcg@20": 0.10949650995504918,
    "mrr@5": 0.10550628235207077,
    "mrr@10": 0.10593727639073014,
    "mrr@20": 0.1064283604384658
  },
  "slice_metrics": {
    "valid": {
      "target_popularity_abs": {
        "cold_0": {
          "count": 860,
          "hit@5": 0.0,
          "hit@10": 0.0,
          "hit@20": 0.0,
          "ndcg@5": 0.0,
          "ndcg@10": 0.0,
          "ndcg@20": 0.0,
          "mrr@5": 0.0,
          "mrr@10": 0.0,
          "mrr@20": 0.0
        },
        "rare_1_5": {
          "count": 116,
          "hit@5": 0.017241379310344827,
          "hit@10": 0.017241379310344827,
          "hit@20": 0.017241379310344827,
          "ndcg@5": 0.017241379310344827,
          "ndcg@10": 0.017241379310344827,
          "ndcg@20": 0.017241379310344827,
          "mrr@5": 0.017241379310344827,
          "mrr@10": 0.017241379310344827,
          "mrr@20": 0.017241379310344827
        },
        "6_20": {
          "count": 334,
          "hit@5": 0.011976047904191617,
          "hit@10": 0.011976047904191617,
          "hit@20": 0.011976047904191617,
          "ndcg@5": 0.007538271253694317,
          "ndcg@10": 0.007538271253694317,
          "ndcg@20": 0.007538271253694317,
          "mrr@5": 0.0060878243899630926,
          "mrr@10": 0.0060878243899630926,
          "mrr@20": 0.0060878243899630926
        },
        "21_100": {
          "count": 1259,
          "hit@5": 0.010325655281969817,
          "hit@10": 0.021445591739475776,
          "hit@20": 0.03891977760127085,
          "ndcg@5": 0.007011592482838771,
          "ndcg@10": 0.010475442606461625,
          "ndcg@20": 0.014865712810831471,
          "mrr@5": 0.005943870809553538,
          "mrr@10": 0.007296039973629004,
          "mrr@20": 0.008485665238618472
        },
        "101+": {
          "count": 930,
          "hit@5": 0.035483870967741936,
          "hit@10": 0.046236559139784944,
          "hit@20": 0.07204301075268817,
          "ndcg@5": 0.02887238065401713,
          "ndcg@10": 0.03227062459274005,
          "ndcg@20": 0.03873913358616572,
          "mrr@5": 0.026684587841392847,
          "mrr@10": 0.028041901399371443,
          "mrr@20": 0.029789383521163334
        }
      },
      "target_popularity_abs_legacy": {
        "<=5": {
          "count": 976,
          "hit@5": 0.0020491803278688526,
          "hit@10": 0.0020491803278688526,
          "hit@20": 0.0020491803278688526,
          "ndcg@5": 0.0020491803278688526,
          "ndcg@10": 0.0020491803278688526,
          "ndcg@20": 0.0020491803278688526,
          "mrr@5": 0.0020491803278688526,
          "mrr@10": 0.0020491803278688526,
          "mrr@20": 0.0020491803278688526
        },
        "6-20": {
          "count": 334,
          "hit@5": 0.011976047904191617,
          "hit@10": 0.011976047904191617,
          "hit@20": 0.011976047904191617,
          "ndcg@5": 0.007538271253694317,
          "ndcg@10": 0.007538271253694317,
          "ndcg@20": 0.007538271253694317,
          "mrr@5": 0.0060878243899630926,
          "mrr@10": 0.0060878243899630926,
          "mrr@20": 0.0060878243899630926
        },
        "21-100": {
          "count": 1259,
          "hit@5": 0.010325655281969817,
          "hit@10": 0.021445591739475776,
          "hit@20": 0.03891977760127085,
          "ndcg@5": 0.007011592482838771,
          "ndcg@10": 0.010475442606461625,
          "ndcg@20": 0.014865712810831471,
          "mrr@5": 0.005943870809553538,
          "mrr@10": 0.007296039973629004,
          "mrr@20": 0.008485665238618472
        },
        ">100": {
          "count": 930,
          "hit@5": 0.035483870967741936,
          "hit@10": 0.046236559139784944,
          "hit@20": 0.07204301075268817,
          "ndcg@5": 0.02887238065401713,
          "ndcg@10": 0.03227062459274005,
          "ndcg@20": 0.03873913358616572,
          "mrr@5": 0.026684587841392847,
          "mrr@10": 0.028041901399371443,
          "mrr@20": 0.029789383521163334
        }
      },
      "session_len": {
        "<=7": {
          "count": 2358,
          "hit@5": 0.01102629346904156,
          "hit@10": 0.018659881255301103,
          "hit@20": 0.03095843935538592,
          "ndcg@5": 0.007760718060409346,
          "ndcg@10": 0.010134065879210261,
          "ndcg@20": 0.0132104405995847,
          "mrr@5": 0.006686457462033748,
          "mrr@10": 0.0076110370905850275,
          "mrr@20": 0.008438529355089678
        },
        "8-12": {
          "count": 507,
          "hit@5": 0.011834319526627219,
          "hit@10": 0.01775147928994083,
          "hit@20": 0.03155818540433925,
          "ndcg@5": 0.007392911222089207,
          "ndcg@10": 0.009259567340685301,
          "ndcg@20": 0.012709737441243504,
          "mrr@5": 0.005982906008378053,
          "mrr@10": 0.006722550978792255,
          "mrr@20": 0.0076475563942210445
        },
        "13+": {
          "count": 634,
          "hit@5": 0.031545741324921134,
          "hit@10": 0.03627760252365931,
          "hit@20": 0.052050473186119876,
          "ndcg@5": 0.02862572928520407,
          "ndcg@10": 0.030169270862164182,
          "ndcg@20": 0.03417516316431178,
          "mrr@5": 0.02765509991521715,
          "mrr@10": 0.02830103654355657,
          "mrr@20": 0.02940938366747429
        }
      },
      "session_len_legacy": {
        "1-2": {
          "count": 615,
          "hit@5": 0.004878048780487805,
          "hit@10": 0.011382113821138212,
          "hit@20": 0.02113821138211382,
          "ndcg@5": 0.00367782038401782,
          "ndcg@10": 0.005752945237043427,
          "ndcg@20": 0.008126715891729525,
          "mrr@5": 0.0032520325203252032,
          "mrr@10": 0.004092140931908677,
          "mrr@20": 0.004694053839619567
        },
        "3-5": {
          "count": 1305,
          "hit@5": 0.013793103448275862,
          "hit@10": 0.020689655172413793,
          "hit@20": 0.03371647509578544,
          "ndcg@5": 0.009493640830233636,
          "ndcg@10": 0.01164694576884595,
          "ndcg@20": 0.014920201418043554,
          "mrr@5": 0.008097062599613292,
          "mrr@10": 0.008941798979751909,
          "mrr@20": 0.009832316057549582
        },
        "6-10": {
          "count": 799,
          "hit@5": 0.011264080100125156,
          "hit@10": 0.02002503128911139,
          "hit@20": 0.03504380475594493,
          "ndcg@5": 0.007521984387697356,
          "ndcg@10": 0.010201607911249574,
          "ndcg@20": 0.013967829088544069,
          "mrr@5": 0.006299541109196087,
          "mrr@10": 0.0073146989501462565,
          "mrr@20": 0.008329692943597467
        },
        "11+": {
          "count": 780,
          "hit@5": 0.028205128205128206,
          "hit@10": 0.03333333333333333,
          "hit@20": 0.047435897435897434,
          "ndcg@5": 0.025045596407010005,
          "ndcg@10": 0.02670466082218366,
          "ndcg@20": 0.03029746243204826,
          "mrr@5": 0.024017094037471674,
          "mrr@10": 0.024702380989224483,
          "mrr@20": 0.025701887599932843
        }
      }
    },
    "test": {
      "target_popularity_abs": {
        "cold_0": {
          "count": 1813,
          "hit@5": 0.0,
          "hit@10": 0.0,
          "hit@20": 0.0,
          "ndcg@5": 0.0,
          "ndcg@10": 0.0,
          "ndcg@20": 0.0,
          "mrr@5": 0.0,
          "mrr@10": 0.0,
          "mrr@20": 0.0
        },
        "rare_1_5": {
          "count": 93,