stage_name,stage_key,split,aggregation_level,node_kind,node_name,route_space,support_size,wrapper_name,source_type,temperature,top_k,entropy_norm,n_eff_norm,top1_monopoly_norm,jitter_adj_norm,knn_consistency_score,knn_consistency_js,n_eff,cv_usage,top1_max_frac,entropy_mean
macro,macro@1,best_valid,session,final,final.expert,expert,12,ScalarGroupConditionalProductWrapper,,,,0.9480330840811759,0.9875384982456364,0.7098037871647673,0.0,0.995288817996582,0.004722314600241105,11.850461978947637,0.11233340241511457,0.7339868049010367,2.3557737148523406
macro,macro@1,best_valid,session,final,final.group,group,4,ScalarGroupConditionalProductWrapper,,,,0.9723891928244245,0.9974907577074595,0.6432883024400461,0.0,0.9985987886373802,0.0014021939772690022,3.989963030829838,0.05015678929171435,0.7324662268300346,1.3480176548264216
macro,macro@1,best_valid,session,final,final.intra.Exposure,intra,3,ScalarGroupConditionalProductWrapper,,,,0.9427397171849421,0.9996136132310746,0.6894439208294061,0.0,0.9952233941349131,0.004788050305145241,2.998840839693224,0.019664887579672788,0.7929626138862708,1.0357054383148758
macro,macro@1,best_valid,session,final,final.intra.Focus,intra,3,ScalarGroupConditionalProductWrapper,,,,0.9566855803919786,0.9797635901831954,0.7341941564561735,0.0,0.9992393863187812,0.0007609030945686343,2.939290770549586,0.1437165545309617,0.8227961043041156,1.0510265350102106
macro,macro@1,best_valid,session,final,final.intra.Memory,intra,3,ScalarGroupConditionalProductWrapper,,,,0.9967980901374743,0.9971351973881183,0.6588878416588124,0.0,0.9998431275075004,0.00015688479827610628,2.9914055921643548,0.05359961491526321,0.7725918944392083,1.0950946311459315
macro,macro@1,best_valid,session,final,final.intra.Tempo,intra,3,ScalarGroupConditionalProductWrapper,,,,0.8011051293604614,0.935826380197149,0.6795098963242224,0.0,0.992691908302848,0.007334926620600752,2.807479140591447,0.26186674052874026,0.786339930882815,0.8801039396304586
