stage_name,stage_key,split,aggregation_level,node_kind,node_name,route_space,support_size,wrapper_name,source_type,temperature,top_k,entropy_norm,n_eff_norm,top1_monopoly_norm,jitter_adj_norm,knn_consistency_score,knn_consistency_js,n_eff,cv_usage,top1_max_frac,entropy_mean
macro,macro@1,best_valid,session,final,final.expert,expert,12,FlatJointWrapper,,,,0.9823321073864556,0.9946138473459026,0.07857767115071544,0.6036281491955648,0.9854534840198814,0.014653353889046818,11.935366168150832,0.07359042183912126,0.15536286522148915,2.4410035859448636
macro,macro@1,best_valid,session,final,final.group,group,4,FlatJointWrapper,,,,0.9903062663149533,0.9975505416325869,0.15323489370614726,0.0,0.995767113789703,0.004241870234328963,3.9902021665303478,0.04955320805311203,0.36492617027961044,1.3728559927741124
macro,macro@1,best_valid,session,final,final.intra.Exposure,intra,3,FlatJointWrapper,,,,0.9767419972393374,0.9997264597229147,0.04267672007540057,0.0,0.9901971704755704,0.009851193587103095,2.999179379168744,0.016542149214680515,0.36178448005026703,1.073060761025369
macro,macro@1,best_valid,session,final,final.intra.Focus,intra,3,FlatJointWrapper,,,,0.9724847626839246,0.9976619142309017,0.08978322337417528,0.0,0.9902768718943775,0.009770706373289658,2.992985742692705,0.048410356464673385,0.3931888155827835,1.06838371082705
macro,macro@1,best_valid,session,final,final.intra.Memory,intra,3,FlatJointWrapper,,,,0.9705992665047312,0.9937264606042019,0.16557964184731383,0.0,0.9889830195654516,0.011078116803632302,2.9811793818126056,0.07945553907884541,0.44371976123154255,1.0663122815543513
macro,macro@1,best_valid,session,final,final.intra.Tempo,intra,3,FlatJointWrapper,,,,0.973682528627949,0.9996575694053548,0.04838831291234685,0.0,0.9896455300281622,0.010408450445481986,2.998972708216064,0.018508146896715556,0.3655922086082312,1.0696995912121035
