{
  "split": "best_valid",
  "feature_mode": "runtime:unknown|ablation:none",
  "stages": [
    {
      "stage": "macro@1",
      "n_eff": 11.940960018903727,
      "cv_usage": 0.07031528139503487,
      "top1_max_frac": 0.19066289663839145,
      "entropy_mean": 2.445372609370091,
      "route_jitter_adjacent": 0.5558276284251005,
      "route_consistency_knn_js": 0.013600840711699671,
      "route_consistency_knn_score": 0.9864912328238203,
      "route_consistency_group_knn_js": 0.003872364648984396,
      "route_consistency_group_knn_score": 0.9961351232865459,
      "route_consistency_intra_group_knn_mean_js": 0.00965070512402579,
      "route_consistency_intra_group_knn_mean_score": 0.9903965899352792,
      "route_consistency_feature_group_knn_mean_score": 0.9868605293840889,
      "family_top_expert_mean_share": 0.09167563915252686,
      "route_consistency_feature_group_knn_tempo_js": 0.013244132627991944,
      "route_consistency_feature_group_knn_tempo_score": 0.9868431849894348,
      "route_consistency_feature_group_knn_focus_js": 0.013324815313227536,
      "route_consistency_feature_group_knn_focus_score": 0.9867635670433014,
      "route_consistency_feature_group_knn_memory_js": 0.013183518813396931,
      "route_consistency_feature_group_knn_memory_score": 0.9869030031321687,
      "route_consistency_feature_group_knn_exposure_js": 0.01315377039587701,
      "route_consistency_feature_group_knn_exposure_score": 0.9869323623714508
    }
  ]
}
