{
  "valid": {
    "count": 3499,
    "hit@5": 0.016576164618462418,
    "hit@10": 0.025150042869391254,
    "hit@20": 0.036010288653901115,
    "ndcg@5": 0.012677122044815407,
    "ndcg@10": 0.01543564909217902,
    "ndcg@20": 0.018147879875568228,
    "mrr@5": 0.01141278462329569,
    "mrr@10": 0.012543720018867085,
    "mrr@20": 0.0132701970928565
  },
  "test": {
    "count": 2706,
    "hit@5": 0.11123429416112343,
    "hit@10": 0.11492978566149298,
    "hit@20": 0.12084257206208426,
    "ndcg@5": 0.10915645053892424,
    "ndcg@10": 0.1103335366875528,
    "ndcg@20": 0.11181281993808521,
    "mrr@5": 0.10846267554685969,
    "mrr@10": 0.10893766353483651,
    "mrr@20": 0.10933454440877734
  },
  "slice_metrics": {
    "valid": {
      "target_popularity_abs": {
        "cold_0": {
          "count": 860,
          "hit@5": 0.0,
          "hit@10": 0.0,
          "hit@20": 0.0,
          "ndcg@5": 0.0,
          "ndcg@10": 0.0,
          "ndcg@20": 0.0,
          "mrr@5": 0.0,
          "mrr@10": 0.0,
          "mrr@20": 0.0
        },
        "rare_1_5": {
          "count": 116,
          "hit@5": 0.008620689655172414,
          "hit@10": 0.008620689655172414,
          "hit@20": 0.008620689655172414,
          "ndcg@5": 0.008620689655172414,
          "ndcg@10": 0.008620689655172414,
          "ndcg@20": 0.008620689655172414,
          "mrr@5": 0.008620689655172414,
          "mrr@10": 0.008620689655172414,
          "mrr@20": 0.008620689655172414
        },
        "6_20": {
          "count": 334,
          "hit@5": 0.008982035928143712,
          "hit@10": 0.014970059880239521,
          "hit@20": 0.017964071856287425,
          "ndcg@5": 0.006041265265670366,
          "ndcg@10": 0.0079732174109556,
          "ndcg@20": 0.008678034483315703,
          "mrr@5": 0.005089820368204288,
          "mrr@10": 0.0058882235811499066,
          "mrr@20": 0.006054557581058519
        },
        "21_100": {
          "count": 1259,
          "hit@5": 0.016679904686258934,
          "hit@10": 0.024622716441620333,
          "hit@20": 0.03653693407466243,
          "ndcg@5": 0.010503981963711375,
          "ndcg@10": 0.013132253485695534,
          "ndcg@20": 0.016126879843764118,
          "mrr@5": 0.008512046623078483,
          "mrr@10": 0.009633811215875261,
          "mrr@20": 0.010447365910146235
        },
        "101+": {
          "count": 930,
          "hit@5": 0.035483870967741936,
          "hit@10": 0.054838709677419356,
          "hit@20": 0.07849462365591398,
          "ndcg@5": 0.030231133487916763,
          "ndcg@10": 0.036357821956757574,
          "ndcg@20": 0.042255082197727695,
          "mrr@5": 0.02851254483384471,
          "mrr@10": 0.030962194999059042,
          "mrr@20": 0.032534369585975526
        }
      },
      "target_popularity_abs_legacy": {
        "<=5": {
          "count": 976,
          "hit@5": 0.0010245901639344263,
          "hit@10": 0.0010245901639344263,
          "hit@20": 0.0010245901639344263,
          "ndcg@5": 0.0010245901639344263,
          "ndcg@10": 0.0010245901639344263,
          "ndcg@20": 0.0010245901639344263,
          "mrr@5": 0.0010245901639344263,
          "mrr@10": 0.0010245901639344263,
          "mrr@20": 0.0010245901639344263
        },
        "6-20": {
          "count": 334,
          "hit@5": 0.008982035928143712,
          "hit@10": 0.014970059880239521,
          "hit@20": 0.017964071856287425,
          "ndcg@5": 0.006041265265670366,
          "ndcg@10": 0.0079732174109556,
          "ndcg@20": 0.008678034483315703,
          "mrr@5": 0.005089820368204288,
          "mrr@10": 0.0058882235811499066,
          "mrr@20": 0.006054557581058519
        },
        "21-100": {
          "count": 1259,
          "hit@5": 0.016679904686258934,
          "hit@10": 0.024622716441620333,
          "hit@20": 0.03653693407466243,
          "ndcg@5": 0.010503981963711375,
          "ndcg@10": 0.013132253485695534,
          "ndcg@20": 0.016126879843764118,
          "mrr@5": 0.008512046623078483,
          "mrr@10": 0.009633811215875261,
          "mrr@20": 0.010447365910146235
        },
        ">100": {
          "count": 930,
          "hit@5": 0.035483870967741936,
          "hit@10": 0.054838709677419356,
          "hit@20": 0.07849462365591398,
          "ndcg@5": 0.030231133487916763,
          "ndcg@10": 0.036357821956757574,
          "ndcg@20": 0.042255082197727695,
          "mrr@5": 0.02851254483384471,
          "mrr@10": 0.030962194999059042,
          "mrr@20": 0.032534369585975526
        }
      },
      "session_len": {
        "<=7": {
          "count": 2358,
          "hit@5": 0.011874469889737066,
          "hit@10": 0.019083969465648856,
          "hit@20": 0.029686174724342665,
          "ndcg@5": 0.008730760133296782,
          "ndcg@10": 0.011064779819119673,
          "ndcg@20": 0.013703708341811248,
          "mrr@5": 0.007690132890241039,
          "mrr@10": 0.00865577503823951,
          "mrr@20": 0.0093575597450807
        },
        "8-12": {
          "count": 507,
          "hit@5": 0.015779092702169626,
          "hit@10": 0.02564102564102564,
          "hit@20": 0.03944773175542406,
          "ndcg@5": 0.009055690476174891,
          "ndcg@10": 0.012040942966115076,
          "ndcg@20": 0.015564835312568694,
          "mrr@5": 0.0069362262238177085,
          "mrr@10": 0.008050781206266415,
          "mrr@20": 0.009035814972318841
        },
        "13+": {
          "count": 634,
          "hit@5": 0.03470031545741325,
          "hit@10": 0.0473186119873817,
          "hit@20": 0.056782334384858045,
          "ndcg@5": 0.03025060342125336,
          "ndcg@10": 0.034406667628122806,
          "ndcg@20": 0.03674245411853309,
          "mrr@5": 0.028838065214901693,
          "mrr@10": 0.03059686551146703,
          "mrr@20": 0.03120841570668604
        }
      },
      "session_len_legacy": {
        "1-2": {
          "count": 615,
          "hit@5": 0.0065040650406504065,
          "hit@10": 0.014634146341463415,
          "hit@20": 0.022764227642276424,
          "ndcg@5": 0.0046940696433307675,
          "ndcg@10": 0.007172820335481225,
          "ndcg@20": 0.009168643098536546,
          "mrr@5": 0.004119241213410851,
          "mrr@10": 0.005058717291529586,
          "mrr@20": 0.0055769073345312255
        },
        "3-5": {
          "count": 1305,
          "hit@5": 0.013026819923371647,
          "hit@10": 0.01992337164750958,
          "hit@20": 0.029885057471264367,
          "ndcg@5": 0.009800542268716513,
          "ndcg@10": 0.012062080564170049,
          "ndcg@20": 0.014523194998616916,
          "mrr@5": 0.008735632188475452,
          "mrr@10": 0.009686492766000301,
          "mrr@20": 0.010330916621447523
        },
        "6-10": {
          "count": 799,
          "hit@5": 0.016270337922403004,
          "hit@10": 0.026282853566958697,
          "hit@20": 0.0425531914893617,
          "ndcg@5": 0.01010153991856772,
          "ndcg@10": 0.013282268679932749,
          "ndcg@20": 0.017421657921226512,
          "mrr@5": 0.008093450185802016,
          "mrr@10": 0.009374317168741859,
          "mrr@20": 0.010522799484795413
        },
        "11+": {
          "count": 780,
          "hit@5": 0.03076923076923077,
          "hit@10": 0.041025641025641026,
          "hit@20": 0.05,
          "ndcg@5": 0.0264225117289103,
          "ndcg@10": 0.029800645968852898,
          "ndcg@20": 0.032035951316356656,
          "mrr@5": 0.025042735059291887,
          "mrr@10": 0.026472324018294996,
          "mrr@20": 0.027068023894650815
        }
      }
    },
    "test": {
      "target_popularity_abs": {
        "cold_0": {
          "count": 1813,
          "hit@5": 0.0,
          "hit@10": 0.0,
          "hit@20": 0.0,
          "ndcg@5": 0.0,
          "ndcg@10": 0.0,
          "ndcg@20": 0.0,
          "mrr@5": 0.0,
          "mrr@10": 0.0,
          "mrr@20": 0.0
        },
        "rare_1_5": {
          "count": 93,