stage_name,stage_key,split,aggregation_level,node_kind,node_name,route_space,support_size,wrapper_name,source_type,temperature,top_k,entropy_norm,n_eff_norm,top1_monopoly_norm,jitter_adj_norm,knn_consistency_score,knn_consistency_js,n_eff,cv_usage,top1_max_frac,entropy_mean
macro,macro@1,best_valid,session,final,final.expert,expert,16,ScalarGroupConditionalProductWrapper,,,,0.9007460193338839,0.8112538320938464,0.4731030480486422,0.0,0.9877027887882847,0.012373447554491015,12.980061313501542,0.48234787793780826,0.5060341075456021,2.497398254807502
macro,macro@1,best_valid,session,final,final.group,group,4,ScalarGroupConditionalProductWrapper,,,,0.9098149194426205,0.9424773223000622,0.5726137247919386,0.0,0.9929494250592188,0.007075547695023634,3.769909289200249,0.24704968929290771,0.679460293593954,1.2612712924860523
macro,macro@1,best_valid,session,final,final.intra.Exposure,intra,4,ScalarGroupConditionalProductWrapper,,,,0.7085577768479824,0.5297742092676232,0.9817987575673643,0.0,0.9937693588238593,0.006250132625870924,2.119096837070493,0.9421233534812927,0.9863490681755233,0.9822696505720038
macro,macro@1,best_valid,session,final,final.intra.Focus,intra,4,ScalarGroupConditionalProductWrapper,,,,0.8865454009233189,0.8441166076458461,0.3575225207401839,0.0,0.9963247465040563,0.0036820238336354332,3.3764664305833842,0.42973329779306624,0.5181418905551379,1.2290128901767696
macro,macro@1,best_valid,session,final,final.intra.Memory,intra,4,ScalarGroupConditionalProductWrapper,,,,0.9827678297572776,0.9863895631838554,0.83750774871734,0.0,0.9990675588994956,0.0009328760941323637,3.9455582527354216,0.1174662783741951,0.878130811538005,1.3624055006825466
macro,macro@1,best_valid,session,final,final.intra.Tempo,intra,4,ScalarGroupConditionalProductWrapper,,,,0.863681159626253,0.9068593837413886,0.24393621651564912,0.0,0.9887336584013012,0.011330287570304685,3.6274375349655545,0.32047903537750244,0.43295216238673684,1.1973163213953626
