{
  "split": "best_valid",
  "feature_mode": "none",
  "stages": [
    {
      "stage": "macro@1",
      "n_eff": 3.5193631706542967,
      "cv_usage": 0.3695529621573068,
      "top1_max_frac": 0.4578170455769852,
      "entropy_mean": 1.2560379011331393,
      "route_jitter_adjacent": 0.0,
      "route_consistency_knn_js": 0.004175300494573157,
      "route_consistency_knn_score": 0.9958334039537604,
      "route_consistency_group_knn_js": 0.004175300494573157,
      "route_consistency_group_knn_score": 0.9958334039537604,
      "route_consistency_intra_group_knn_mean_js": 0.0,
      "route_consistency_intra_group_knn_mean_score": 1.0,
      "route_consistency_feature_group_knn_mean_score": 0.987223302378186,
      "family_top_expert_mean_share": 0.3244723975658417,
      "route_consistency_feature_group_knn_tempo_js": 0.00864814056195883,
      "route_consistency_feature_group_knn_tempo_score": 0.9913891470387396,
      "route_consistency_feature_group_knn_focus_js": 0.012276255086204875,
      "route_consistency_feature_group_knn_focus_score": 0.9877987907255171,
      "route_consistency_feature_group_knn_memory_js": 0.016073839090046935,
      "route_consistency_feature_group_knn_memory_score": 0.9840546556722509,
      "route_consistency_feature_group_knn_exposure_js": 0.014453331924704492,
      "route_consistency_feature_group_knn_exposure_score": 0.9856506160762364
    }
  ]
}
