best_mrr20,epoch,epoch_time_sec,eval,lr,patience_used,train_loss,trial,valid_mrr20
0.0065,1,2.507500648498535,1,0.0005672,0,80.68077278137207,1,0.0065
0.0092,3,1.6776998043060303,1,0.0005672,0,74.33066034317017,1,0.0092
0.0451,10,1.7347254753112793,1,0.0005672,0,58.304993629455566,1,0.0451
0.0675,21,1.7056958675384521,1,0.0005672,0,44.05126714706421,1,0.0675
0.0675,31,1.4895884990692139,1,0.0005672,10,35.048441648483276,1,0.0667
