best_mrr20,epoch,epoch_time_sec,eval,lr,patience_used,train_loss,trial,valid_mrr20
0.2725,1,54.71835422515869,1,0.0006918502217122324,0,2187.686783313751,1,0.2725
0.3452,3,53.84706449508667,1,0.0006905969424258146,0,1170.6848211288452,1,0.3452
0.3707,8,53.14374661445618,1,0.0006820261246532347,0,746.7422556877136,1,0.3707
0.3707,10,53.747007608413696,1,0.0006764589887885513,2,682.5771601200104,1,0.3653
0.3707,18,55.05999755859375,1,0.0006425728500722582,10,464.1250923871994,1,0.3366
