best_mrr20,epoch,epoch_time_sec,eval,lr,patience_used,train_loss,trial,valid_mrr20
0.2781,1,57.86838388442993,1,0.0005652952051846692,0,2213.283932685852,1,0.2781
0.3416,3,70.14769053459167,1,0.0005312636120928794,0,1231.0550904273987,1,0.3416
0.3747,8,70.46311044692993,1,0.0003369657171433391,0,756.1104497909546,1,0.3747
0.3747,10,70.11660051345825,1,0.00024316031348399183,2,697.5847136974335,1,0.3721
0.3747,11,70.49182319641113,1,0.00019904930971175177,3,673.4575939178467,1,0.3719
