{
  "split": "best_valid",
  "feature_mode": "none",
  "stages": [
    {
      "stage": "macro@1",
      "n_eff": 9.496030306306286,
      "cv_usage": 0.5135035808830386,
      "top1_max_frac": 0.31856131048945513,
      "entropy_mean": 2.0892120543663197,
      "route_jitter_adjacent": 0.0,
      "route_consistency_knn_js": 0.020052285969819502,
      "route_consistency_knn_score": 0.980147424008327,
      "route_consistency_group_knn_js": 0.0021601947044161056,
      "route_consistency_group_knn_score": 0.9978421368370011,
      "route_consistency_intra_group_knn_mean_js": 0.016696878963622,
      "route_consistency_intra_group_knn_mean_score": 0.983446088709233,
      "route_consistency_feature_group_knn_mean_score": 0.9439529001112206,
      "family_top_expert_mean_share": 0.1483115702867508,
      "route_consistency_feature_group_knn_tempo_js": 0.03814593476205255,
      "route_consistency_feature_group_knn_tempo_score": 0.962572457858174,
      "route_consistency_feature_group_knn_focus_js": 0.05503701741234102,
      "route_consistency_feature_group_knn_focus_score": 0.9464501121709584,
      "route_consistency_feature_group_knn_memory_js": 0.06696827406881876,
      "route_consistency_feature_group_knn_memory_score": 0.9352248717460334,
      "route_consistency_feature_group_knn_exposure_js": 0.07089021458698021,
      "route_consistency_feature_group_knn_exposure_score": 0.9315641586697161
    }
  ]
}
