stage_name,stage_key,split,aggregation_level,node_kind,node_name,route_space,support_size,wrapper_name,source_type,temperature,top_k,entropy_norm,n_eff_norm,top1_monopoly_norm,jitter_adj_norm,knn_consistency_score,knn_consistency_js,n_eff,cv_usage,top1_max_frac,entropy_mean
macro,macro@1,best_valid,session,final,final.expert,expert,12,ScalarGroupConditionalProductWrapper,,,,0.9707572039625608,0.9854908503019492,0.7080627195613058,0.0,0.9978332556799977,0.002169095106792945,11.82589020362339,0.12133796831041102,0.7323908262645303,2.4122410314561735
macro,macro@1,best_valid,session,final,final.group,group,4,ScalarGroupConditionalProductWrapper,,,,0.9576759379657178,0.9881275444972659,0.6859147554717772,0.0,0.9983788479075942,0.0016224675813898322,3.9525101779890637,0.10961386561393738,0.7644360666038329,1.3276207525820767
macro,macro@1,best_valid,session,final,final.intra.Exposure,intra,3,ScalarGroupConditionalProductWrapper,,,,0.9946799174295146,0.998006867283868,0.7725164938737039,0.0,0.9995628833349393,0.0004372122283994577,2.994020601851604,0.04469012948723577,0.848344329249136,1.0927675805794455
macro,macro@1,best_valid,session,final,final.intra.Focus,intra,3,ScalarGroupConditionalProductWrapper,,,,0.9531260319249825,0.9860274127019641,0.9106126295947219,0.0,0.9989065571439104,0.0010940411008668,2.9580822381058924,0.11904009821891492,0.9404084197298146,1.0471159713222589
macro,macro@1,best_valid,session,final,final.intra.Memory,intra,3,ScalarGroupConditionalProductWrapper,,,,0.9915288354195859,0.9944259341664367,0.7383977379830349,0.0,0.9997387926346969,0.00026124148588873355,2.98327780249931,0.07486864887569401,0.82559849198869,1.0893057631607368
macro,macro@1,best_valid,session,final,final.intra.Tempo,intra,3,ScalarGroupConditionalProductWrapper,,,,0.9807560129529377,0.9990224568746519,0.5985862393967954,0.0,0.9995945602241147,0.00040552198881348297,2.9970673706239555,0.03128191828632598,0.7323908262645303,1.0774706080152372
