stage_name,stage_key,split,aggregation_level,node_kind,node_name,route_space,support_size,wrapper_name,source_type,temperature,top_k,entropy_norm,n_eff_norm,top1_monopoly_norm,jitter_adj_norm,knn_consistency_score,knn_consistency_js,n_eff,cv_usage,top1_max_frac,entropy_mean
macro,macro@1,best_valid,session,final,final.expert,expert,4,FlatJointWrapper,,,,0.8523003085370647,0.9974321669248452,0.0953158843673237,0.4723520592644854,0.955583459288562,0.04543317292206193,3.9897286676993806,0.050737448036670685,0.3214869132754928,1.1815391117056757
macro,macro@1,best_valid,session,final,final.group,group,1,FlatJointWrapper,,,,0.0,1.0,1.0,0.0,1.0000000005049685,-5.049684122162521e-10,1.0,0.0,1.0,8.432108784611655e-09
macro,macro@1,best_valid,session,final,final.intra.Tempo,intra,4,FlatJointWrapper,,,,0.8523003085370647,0.9974321669248452,0.0953158843673237,0.0,0.9555834607858968,0.04543317135512939,3.9897286676993806,0.050737448036670685,0.3214869132754928,1.1815391117056757
