stage_name,stage_key,split,aggregation_level,node_kind,node_name,route_space,support_size,wrapper_name,source_type,temperature,top_k,entropy_norm,n_eff_norm,top1_monopoly_norm,jitter_adj_norm,knn_consistency_score,knn_consistency_js,n_eff,cv_usage,top1_max_frac,entropy_mean
macro,macro@1,best_valid,session,final,final.expert,expert,12,FlatJointWrapper,,,,0.9806906785149071,0.9924223844828001,0.07967440664895899,0.5826248900691486,0.9844214159192296,0.015701205399939536,11.9090686137936,0.0873815033726092,0.15636820609487906,2.436924788426799
macro,macro@1,best_valid,session,final,final.group,group,4,FlatJointWrapper,,,,0.9896349028958957,0.9973572187116715,0.1251356162949,0.0,0.9954226762602576,0.004587831764065663,3.989428874846686,0.05147707396609032,0.343851712221175,1.3719252854520108
macro,macro@1,best_valid,session,final,final.intra.Exposure,intra,3,FlatJointWrapper,,,,0.9712508847796341,0.9915084895011494,0.20199811498586243,0.0,0.989634204148865,0.010419894890753404,2.9745254685034483,0.09254239410035628,0.4679987433239083,1.0670281573986804
macro,macro@1,best_valid,session,final,final.intra.Focus,intra,3,FlatJointWrapper,,,,0.966926760295191,0.9974709795836189,0.021262959472196027,0.0,0.9879865317003348,0.012086213209436415,2.9924129387508565,0.05035272835633968,0.34750863964813067,1.0622776211023406
macro,macro@1,best_valid,session,final,final.intra.Memory,intra,3,FlatJointWrapper,,,,0.9734260474166905,0.9965991795285233,0.15010367577756834,0.0,0.9892802474328793,0.01077762305780726,2.9897975385855697,0.058416649820904436,0.4334024505183789,1.0694178178016023
macro,macro@1,best_valid,session,final,final.intra.Tempo,intra,3,FlatJointWrapper,,,,0.9708468251490535,0.9963825549005539,0.18520263901979267,0.0,0.9896176719804691,0.010436600362750846,2.9891476647016617,0.06025402440863775,0.45680175934652845,1.06658425252317
