best_mrr20,epoch,epoch_time_sec,eval,lr,patience_used,train_loss,trial,valid_mrr20
0.0365,1,16.022306203842163,1,0.0004889631845993693,0,410.88762760162354,1,0.0365
0.1512,3,14.933814287185669,1,0.0004880774330134804,0,309.44052028656006,1,0.1512
0.2062,10,14.965478420257568,1,0.00047808547432466765,0,150.55342769622803,1,0.2062
0.2077,11,14.899218559265137,1,0.0004758013405254957,0,137.98770570755005,1,0.2077
0.2077,21,14.63575553894043,1,0.00044198784750774884,10,58.521251916885376,1,0.1873
