{
  "model": "FAME",
  "dataset": "foursquare",
  "dataset_raw": "foursquare",
  "max_evals": 6,
  "tune_epochs": 40,
  "n_completed": 2,
  "n_recorded_trials": 2,
  "timestamp": "2026-04-12T02:06:53.643143",
  "trials": [
    {
      "trial": 1,
      "params": {
        "learning_rate": 0.00032953008309684757
      },
      "mrr@20": 0.067,
      "valid_result": {
        "hit@5": 0.0904,
        "hit@10": 0.1041,
        "hit@20": 0.1191,
        "ndcg@5": 0.0707,
        "ndcg@10": 0.0751,
        "ndcg@20": 0.0788,
        "mrr@5": 0.0642,
        "mrr@10": 0.066,
        "mrr@20": 0.067
      },
      "test_result": {
        "hit@5": 0.0838,
        "hit@10": 0.0967,
        "hit@20": 0.1101,
        "ndcg@5": 0.0657,
        "ndcg@10": 0.0698,
        "ndcg@20": 0.0732,
        "mrr@5": 0.0597,
        "mrr@10": 0.0614,
        "mrr@20": 0.0623
      },
      "best_hr@10": 0.1041,
      "test_mrr@20": 0.0623,
      "test_hr@10": 0.0967,
      "epochs_run": 40,
      "early_stop_epoch": 40,
      "early_stopped": false,
      "elapsed": 107.5,
      "status": "ok"
    },
    {
      "trial": 2,
      "params": {
        "learning_rate": 0.0003477384729255187
      },
      "mrr@20": 0.0684,
      "valid_result": {
        "hit@5": 0.0933,
        "hit@10": 0.1064,
        "hit@20": 0.1217,
        "ndcg@5": 0.0725,
        "ndcg@10": 0.0768,
        "ndcg@20": 0.0806,
        "mrr@5": 0.0656,
        "mrr@10": 0.0674,
        "mrr@20": 0.0684
      },
      "test_result": {
        "hit@5": 0.0864,
        "hit@10": 0.0985,
        "hit@20": 0.1132,
        "ndcg@5": 0.0674,
        "ndcg@10": 0.0713,
        "ndcg@20": 0.075,
        "mrr@5": 0.0612,
        "mrr@10": 0.0628,
        "mrr@20": 0.0638
      },
      "best_hr@10": 0.1064,
      "test_mrr@20": 0.0638,
      "test_hr@10": 0.0985,
      "epochs_run": 40,
      "early_stop_epoch": 40,
      "early_stopped": false,
      "elapsed": 104.3,
      "status": "ok"
    }
  ],
  "run_group": "baseline",
  "run_axis": "stageh_targetedrecovery_anchor2_core5",
  "run_phase": "P23_SH_C03_MFAME_FB_1_S1",
  "parent_result": "",
  "interrupted": false,
  "interrupted_at": null,
  "tuned_search": {
    "learning_rate": [
      0.0002577767429936128,
      0.0005782597878028645
    ]
  },
  "fixed_search": {
    "num_heads": 4,
    "num_experts": 3,
    "num_layers": 2,
    "weight_decay": 0.00015,
    "hidden_dropout_prob": 0.12,
    "MAX_ITEM_LIST_LENGTH": 10,
    "n_layers": 2,
    "n_heads": 4,
    "dropout_ratio": 0.12,
    "dropout_prob": 0.12,
    "attn_dropout_prob": 0.12,
    "hidden_size": 144,
    "embedding_size": 144,
    "inner_size": 288,
    "time_span": 384,
    "state_size": 24,
    "conv_kernel": 6,
    "remaining_ratio": 0.6
  },
  "context_fixed": {
    "num_layers": 2,
    "search_space_type_overrides": {
      "learning_rate": "loguniform",
      "weight_decay": "choice",
      "n_layers": "choice",
      "num_layers": "choice",
      "n_heads": "choice",
      "num_heads": "choice",
      "dropout_ratio": "choice",
      "dropout_prob": "choice",
      "hidden_dropout_prob": "choice",
      "attn_dropout_prob": "choice",
      "hidden_size": "choice",
      "embedding_size": "choice",
      "inner_size": "choice",
      "time_span": "choice",
      "num_experts": "choice",
      "state_size": "choice",
      "conv_kernel": "choice",
      "remaining_ratio": "choice",
      "MAX_ITEM_LIST_LENGTH": "choice"
    }
  },
  "best_mrr@20": 0.0684,
  "best_hr@10": 0.1064,
  "test_mrr@20": 0.0638,
  "test_hr@10": 0.0985,
  "best_valid_result": {
    "hit@5": 0.0933,
    "hit@10": 0.1064,
    "hit@20": 0.1217,
    "ndcg@5": 0.0725,
    "ndcg@10": 0.0768,
    "ndcg@20": 0.0806,
    "mrr@5": 0.0656,
    "mrr@10": 0.0674,
    "mrr@20": 0.0684
  },
  "test_result": {
    "hit@5": 0.0864,
    "hit@10": 0.0985,
    "hit@20": 0.1132,
    "ndcg@5": 0.0674,
    "ndcg@10": 0.0713,
    "ndcg@20": 0.075,
    "mrr@5": 0.0612,
    "mrr@10": 0.0628,
    "mrr@20": 0.0638
  },
  "best_valid_special_metrics": {
    "split": "best_valid",
    "overall": {
      "count": 3805,
      "hit@20": 0.12168199737187911,
      "ndcg@20": 0.08057753952824646,
      "mrr@20": 0.06841408410813273
    },
    "slices": {
      "target_popularity_abs": {
        "rare_1_5": {
          "count": 3436,
          "hit@20": 0.09458672875436554,
          "ndcg@20": 0.059269728019781524,
          "mrr@20": 0.04892786337893209
        },
        "6_20": {
          "count": 342,
          "hit@20": 0.3684210526315789,
          "ndcg@20": 0.27839949936197517,
          "mrr@20": 0.2510183069266771
        },
        "21_100": {
          "count": 27,
          "hit@20": 0.4444444444444444,
          "ndcg@20": 0.2864490239708512,
          "mrr@20": 0.23522927750039985
        }
      },
      "target_popularity_abs_legacy": {
        "<=5": {
          "count": 3436,
          "hit@20": 0.09458672875436554,
          "ndcg@20": 0.059269728019781524,
          "mrr@20": 0.04892786337893209
        },
        "6-20": {
          "count": 342,
          "hit@20": 0.3684210526315789,
          "ndcg@20": 0.27839949936197517,
          "mrr@20": 0.2510183069266771
        },
        "21-100": {
          "count": 27,
          "hit@20": 0.4444444444444444,
          "ndcg@20": 0.2864490239708512,
          "mrr@20": 0.23522927750039985
        }
      },
      "session_len": {
        "<=7": {
          "count": 3426,
          "hit@20": 0.11120840630472854,
          "ndcg@20": 0.07468740932612968,
          "mrr@20": 0.06384660914035757
        },
        "8-12": {
          "count": 379,
          "hit@20": 0.21635883905013192,
          "ndcg@20": 0.13382182995688002,
          "mrr@20": 0.10970212959519791
        }
      },
      "session_len_legacy": {
        "1-2": {
          "count": 1625,
          "hit@20": 0.088,
          "ndcg@20": 0.06068099991174845,
          "mrr@20": 0.052552367237898016
        },
        "3-5": {
          "count": 1528,
          "hit@20": 0.12761780104712042,
          "ndcg@20": 0.08585871376721335,
          "mrr@20": 0.07347435789446088
        },
        "6-10": {
          "count": 652,
          "hit@20": 0.19171779141104295,
          "ndcg@20": 0.11778956811669414,
          "mrr@20": 0.0960876908084732
        }
      }
    },
    "counts": {
      "target_popularity_abs": {
        "rare_1_5": 3436,
        "6_20": 342,
        "21_100": 27
      },
      "target_popularity_abs_legacy": {
        "<=5": 3436,
        "6-20": 342,
        "21-100": 27
      },
      "session_len": {
        "<=7": 3426,
        "8-12": 379
      },
      "session_len_legacy": {
        "1-2": 1625,
        "3-5": 1528,
        "6-10": 652
      }
    },
    "config_snapshot": {
      "target_popularity_abs_bins": [
        "cold_0",
        "rare_1_5",
        "6_20",
        "21_100",
        "101+"
      ],
      "target_popularity_abs_bins_legacy": [
        "<=5",
        "6-20",
        "21-100",
        ">100"
      ],
      "session_len_bins": [
        "<=7",
        "8-12",
        "13+"
      ],
      "session_len_bins_legacy": [
        "1-2",
        "3-5",
        "6-10",
        "11+"
      ],
      "item_count_source": "cached_loader",
      "item_count_definition": "train_interaction_count_per_item",
      "new_user_enabled": false,
      "feature_logging_available": true,
      "split": "best_valid",
      "item_seq_len_field": "item_length",
      "new_user_field": ""
    }
  },
  "early_valid_result": {},
  "early_valid_special_metrics": {},
  "test_special_metrics": {
    "split": "test",
    "overall": {
      "count": 3806,
      "hit@20": 0.11324224908039937,
      "ndcg@20": 0.07503297339676558,
      "mrr@20": 0.06378533891526982
    },
    "slices": {
      "target_popularity_abs": {
        "cold_0": {
          "count": 2080,
          "hit@20": 0.03798076923076923,
          "ndcg@20": 0.021458104525048,
          "mrr@20": 0.016687421357402435
        },