{
  "model": "GRU4Rec",
  "dataset": "amazon_beauty",
  "dataset_raw": "amazon_beauty",
  "max_evals": 12,
  "tune_epochs": 72,
  "n_completed": 12,
  "n_recorded_trials": 12,
  "timestamp": "2026-04-07T00:06:36.893930",
  "trials": [
    {
      "trial": 1,
      "params": {
        "learning_rate": 0.001515315530188797
      },
      "mrr@20": 0.0088,
      "valid_result": {
        "hit@5": 0.0088,
        "hit@10": 0.0088,
        "hit@20": 0.0088,
        "ndcg@5": 0.0088,
        "ndcg@10": 0.0088,
        "ndcg@20": 0.0088,
        "mrr@5": 0.0088,
        "mrr@10": 0.0088,
        "mrr@20": 0.0088
      },
      "test_result": {
        "hit@5": 0.0,
        "hit@10": 0.0088,
        "hit@20": 0.0088,
        "ndcg@5": 0.0,
        "ndcg@10": 0.0031,
        "ndcg@20": 0.0031,
        "mrr@5": 0.0,
        "mrr@10": 0.0015,
        "mrr@20": 0.0015
      },
      "best_hr@10": 0.0088,
      "test_mrr@20": 0.0015,
      "test_hr@10": 0.0088,
      "epochs_run": 10,
      "early_stop_epoch": 10,
      "early_stopped": true,
      "elapsed": 1.4,
      "status": "ok"
    },
    {
      "trial": 2,
      "params": {
        "learning_rate": 0.0013263068187327133
      },
      "mrr@20": 0.0088,
      "valid_result": {
        "hit@5": 0.0088,
        "hit@10": 0.0088,
        "hit@20": 0.0088,
        "ndcg@5": 0.0088,
        "ndcg@10": 0.0088,
        "ndcg@20": 0.0088,
        "mrr@5": 0.0088,
        "mrr@10": 0.0088,
        "mrr@20": 0.0088
      },
      "test_result": {
        "hit@5": 0.0,
        "hit@10": 0.0088,
        "hit@20": 0.0088,
        "ndcg@5": 0.0,
        "ndcg@10": 0.0031,
        "ndcg@20": 0.0031,
        "mrr@5": 0.0,
        "mrr@10": 0.0015,
        "mrr@20": 0.0015
      },
      "best_hr@10": 0.0088,
      "test_mrr@20": 0.0015,
      "test_hr@10": 0.0088,
      "epochs_run": 10,
      "early_stop_epoch": 10,
      "early_stopped": true,
      "elapsed": 0.8,
      "status": "ok"
    },
    {
      "trial": 3,
      "params": {
        "learning_rate": 0.002372600816134301
      },
      "mrr@20": 0.0105,
      "valid_result": {
        "hit@5": 0.0088,
        "hit@10": 0.0177,
        "hit@20": 0.0265,
        "ndcg@5": 0.0088,
        "ndcg@10": 0.0116,
        "ndcg@20": 0.0138,
        "mrr@5": 0.0088,
        "mrr@10": 0.01,
        "mrr@20": 0.0105
      },
      "test_result": {
        "hit@5": 0.0,
        "hit@10": 0.0,
        "hit@20": 0.0263,
        "ndcg@5": 0.0,
        "ndcg@10": 0.0,
        "ndcg@20": 0.0063,
        "mrr@5": 0.0,
        "mrr@10": 0.0,
        "mrr@20": 0.0015
      },
      "best_hr@10": 0.0177,
      "test_mrr@20": 0.0015,
      "test_hr@10": 0.0,
      "epochs_run": 21,
      "early_stop_epoch": 21,
      "early_stopped": true,
      "elapsed": 2.1,
      "status": "ok"
    },
    {
      "trial": 4,
      "params": {
        "learning_rate": 0.0034744564474407935
      },
      "mrr@20": 0.0098,
      "valid_result": {
        "hit@5": 0.0088,
        "hit@10": 0.0177,
        "hit@20": 0.0177,
        "ndcg@5": 0.0088,
        "ndcg@10": 0.0115,
        "ndcg@20": 0.0115,
        "mrr@5": 0.0088,
        "mrr@10": 0.0098,
        "mrr@20": 0.0098
      },
      "test_result": {
        "hit@5": 0.0,
        "hit@10": 0.0,
        "hit@20": 0.0351,
        "ndcg@5": 0.0,
        "ndcg@10": 0.0,
        "ndcg@20": 0.0091,
        "mrr@5": 0.0,
        "mrr@10": 0.0,
        "mrr@20": 0.0026
      },
      "best_hr@10": 0.0177,
      "test_mrr@20": 0.0026,
      "test_hr@10": 0.0,
      "epochs_run": 17,
      "early_stop_epoch": 17,
      "early_stopped": true,
      "elapsed": 1.6,
      "status": "ok"
    },
    {
      "trial": 5,
      "params": {
        "learning_rate": 0.0015444425903102764
      },
      "mrr@20": 0.0088,
      "valid_result": {
        "hit@5": 0.0088,
        "hit@10": 0.0088,
        "hit@20": 0.0088,
        "ndcg@5": 0.0088,
        "ndcg@10": 0.0088,
        "ndcg@20": 0.0088,
        "mrr@5": 0.0088,
        "mrr@10": 0.0088,
        "mrr@20": 0.0088
      },
      "test_result": {
        "hit@5": 0.0,
        "hit@10": 0.0088,
        "hit@20": 0.0088,
        "ndcg@5": 0.0,
        "ndcg@10": 0.0031,
        "ndcg@20": 0.0031,
        "mrr@5": 0.0,
        "mrr@10": 0.0015,
        "mrr@20": 0.0015
      },
      "best_hr@10": 0.0088,
      "test_mrr@20": 0.0015,
      "test_hr@10": 0.0088,
      "epochs_run": 10,
      "early_stop_epoch": 10,
      "early_stopped": true,
      "elapsed": 0.8,
      "status": "ok"
    },
    {
      "trial": 6,
      "params": {
        "learning_rate": 0.0023918361511815174
      },
      "mrr@20": 0.0104,
      "valid_result": {
        "hit@5": 0.0088,
        "hit@10": 0.0177,
        "hit@20": 0.0265,
        "ndcg@5": 0.0088,
        "ndcg@10": 0.0115,
        "ndcg@20": 0.0136,
        "mrr@5": 0.0088,
        "mrr@10": 0.0098,
        "mrr@20": 0.0104
      },
      "test_result": {
        "hit@5": 0.0,
        "hit@10": 0.0088,
        "hit@20": 0.0351,
        "ndcg@5": 0.0,
        "ndcg@10": 0.0025,
        "ndcg@20": 0.0093,
        "mrr@5": 0.0,
        "mrr@10": 0.0009,
        "mrr@20": 0.0028
      },
      "best_hr@10": 0.0177,
      "test_mrr@20": 0.0028,
      "test_hr@10": 0.0088,
      "epochs_run": 20,
      "early_stop_epoch": 20,
      "early_stopped": true,
      "elapsed": 1.9,
      "status": "ok"
    },
    {
      "trial": 7,
      "params": {
        "learning_rate": 0.003443906269343455
      },
      "mrr@20": 0.0098,
      "valid_result": {
        "hit@5": 0.0088,
        "hit@10": 0.0177,
        "hit@20": 0.0177,
        "ndcg@5": 0.0088,
        "ndcg@10": 0.0115,
        "ndcg@20": 0.0115,
        "mrr@5": 0.0088,
        "mrr@10": 0.0098,
        "mrr@20": 0.0098
      },
      "test_result": {
        "hit@5": 0.0,
        "hit@10": 0.0,
        "hit@20": 0.0351,
        "ndcg@5": 0.0,
        "ndcg@10": 0.0,
        "ndcg@20": 0.0092,
        "mrr@5": 0.0,
        "mrr@10": 0.0,
        "mrr@20": 0.0027
      },
      "best_hr@10": 0.0177,
      "test_mrr@20": 0.0027,
      "test_hr@10": 0.0,
      "epochs_run": 17,
      "early_stop_epoch": 17,
      "early_stopped": true,
      "elapsed": 1.6,
      "status": "ok"
    },
    {
      "trial": 8,
      "params": {
        "learning_rate": 0.002642870868502465
      },
      "mrr@20": 0.0105,
      "valid_result": {
        "hit@5": 0.0088,
        "hit@10": 0.0177,
        "hit@20": 0.0265,
        "ndcg@5": 0.0088,
        "ndcg@10": 0.0116,
        "ndcg@20": 0.0138,
        "mrr@5": 0.0088,
        "mrr@10": 0.01,
        "mrr@20": 0.0105
      },
      "test_result": {
        "hit@5": 0.0,
        "hit@10": 0.0,
        "hit@20": 0.0263,
        "ndcg@5": 0.0,
        "ndcg@10": 0.0,
        "ndcg@20": 0.0062,
        "mrr@5": 0.0,
        "mrr@10": 0.0,
        "mrr@20": 0.0014
      },
      "best_hr@10": 0.0177,
      "test_mrr@20": 0.0014,
      "test_hr@10": 0.0,
      "epochs_run": 20,
      "early_stop_epoch": 20,
      "early_stopped": true,
      "elapsed": 1.9,
      "status": "ok"
    },
    {
      "trial": 9,
      "params": {
        "learning_rate": 0.003489024948978291
      },
      "mrr@20": 0.0098,
      "valid_result": {
        "hit@5": 0.0088,
        "hit@10": 0.0177,
        "hit@20": 0.0177,
        "ndcg@5": 0.0088,
        "ndcg@10": 0.0115,
        "ndcg@20": 0.0115,
        "mrr@5": 0.0088,
        "mrr@10": 0.0098,
        "mrr@20": 0.0098
      },
      "test_result": {
        "hit@5": 0.0,
        "hit@10": 0.0,
        "hit@20": 0.0351,
        "ndcg@5": 0.0,
        "ndcg@10": 0.0,
        "ndcg@20": 0.0089,
        "mrr@5": 0.0,
        "mrr@10": 0.0,
        "mrr@20": 0.0025
      },
      "best_hr@10": 0.0177,
      "test_mrr@20": 0.0025,
      "test_hr@10": 0.0,
      "epochs_run": 17,
      "early_stop_epoch": 17,
      "early_stopped": true,
      "elapsed": 1.8,
      "status": "ok"
    },
    {
      "trial": 10,