stage_name,stage_key,split,aggregation_level,node_kind,node_name,route_space,support_size,wrapper_name,source_type,temperature,top_k,entropy_norm,n_eff_norm,top1_monopoly_norm,jitter_adj_norm,knn_consistency_score,knn_consistency_js,n_eff,cv_usage,top1_max_frac,entropy_mean
macro,macro@1,best_valid,session,final,final.expert,expert,12,GroupConditionalProductWrapper,,,,0.914911815173354,0.9300604850288633,0.16031905340446886,0.0,0.9807736904301008,0.01941353876223882,11.160725820346359,0.27422394531297845,0.2302924656207631,2.273470453493877
macro,macro@1,best_valid,session,final,final.group,group,4,GroupConditionalProductWrapper,,,,0.9388174900363777,0.96754049263711,0.3023866399810618,0.0,0.9916821171768688,0.008352669445466653,3.87016197054844,0.1831621378660202,0.47678997998579636,1.3014773925581595
macro,macro@1,best_valid,session,final,final.intra.Exposure,intra,3,GroupConditionalProductWrapper,,,,0.9895886620009047,0.9929467773885428,0.6068500225966815,0.0,0.9991319004991502,0.0008684765174291947,2.9788403321656283,0.08428172702247717,0.7379000150644544,1.0871742648008265
macro,macro@1,best_valid,session,final,final.intra.Focus,intra,3,GroupConditionalProductWrapper,,,,0.7508698938350997,0.8868221833675382,0.3702950480986506,0.0,0.9772092744116335,0.02305444884167179,2.6604665501026146,0.3572420445906507,0.5801966987324337,0.8249148925581595
macro,macro@1,best_valid,session,final,final.intra.Memory,intra,3,GroupConditionalProductWrapper,,,,0.981502791810359,0.9991214252479862,0.4429595196591129,0.0,0.9971897873361563,0.002814168724771703,2.9973642757439585,0.029654110686726014,0.6286396797727419,1.0782910284449179
macro,macro@1,best_valid,session,final,final.intra.Tempo,intra,3,GroupConditionalProductWrapper,,,,0.745045321785681,0.9028068337351706,0.36629220737297435,0.0,0.9738065107041056,0.026542649381882392,2.7084205012055116,0.3281107074585346,0.5775281382486496,0.8185159461284353
