stage_name,stage_key,split,aggregation_level,node_kind,node_name,route_space,support_size,wrapper_name,source_type,temperature,top_k,entropy_norm,n_eff_norm,top1_monopoly_norm,jitter_adj_norm,knn_consistency_score,knn_consistency_js,n_eff,cv_usage,top1_max_frac,entropy_mean
macro,macro@1,best_valid,session,final,final.expert,expert,12,GroupConditionalProductWrapper,,,,0.921136578152608,0.9920336765582568,0.1522449186303565,0.0,0.9927737051186976,0.0072525310199488685,11.904404118699082,0.08961074289849486,0.2228911754111601,2.2889384084143796
macro,macro@1,best_valid,session,final,final.group,group,4,GroupConditionalProductWrapper,,,,0.929688017282609,0.9971919455364392,0.23869398262809857,0.0,0.9969650324835199,0.0030395823700456555,3.988767782145757,0.053065262734889984,0.4290204869710739,1.2888212559596122
macro,macro@1,best_valid,session,final,final.intra.Exposure,intra,3,GroupConditionalProductWrapper,,,,0.8712286718808016,0.966287249592953,0.38979052144789206,0.0,0.996216131224009,0.0037910457175716395,2.898861748778859,0.1867858674590031,0.5931936809652614,0.957142525168245
macro,macro@1,best_valid,session,final,final.intra.Focus,intra,3,GroupConditionalProductWrapper,,,,0.9563253789809679,0.9977917666259515,0.14117485183469922,0.0,0.9983871529312085,0.0016141491068056455,2.9933752998778544,0.04704490956931767,0.4274499012231328,1.0506308133136786
macro,macro@1,best_valid,session,final,final.intra.Memory,intra,3,GroupConditionalProductWrapper,,,,0.9396350157436189,0.9987534048751123,0.4252092436354361,0.0,0.9966201963077622,0.0033855281306950265,2.996260214625337,0.03532796620345217,0.6168061624236241,1.0322945751587924
macro,macro@1,best_valid,session,final,final.intra.Tempo,intra,3,GroupConditionalProductWrapper,,,,0.8642913480630294,0.9773609886173019,0.3744773104054662,0.0,0.9938197597813129,0.006199416955320476,2.932082965851906,0.15219522931589993,0.5829848736036441,0.9495210959715706
