stage_name,stage_key,split,aggregation_level,node_kind,node_name,route_space,support_size,wrapper_name,source_type,temperature,top_k,entropy_norm,n_eff_norm,top1_monopoly_norm,jitter_adj_norm,knn_consistency_score,knn_consistency_js,n_eff,cv_usage,top1_max_frac,entropy_mean
macro,macro@1,best_valid,session,final,final.expert,expert,8,ScalarGroupConditionalProductWrapper,,,,0.9844718392511078,0.9976885227632637,0.7480449553437888,0.0,0.9984929282217638,0.001508208553186444,7.98150818210611,0.04813305288553238,0.7795393359258151,2.047151639152707
macro,macro@1,best_valid,session,final,final.group,group,4,ScalarGroupConditionalProductWrapper,,,,0.9887217344500011,0.9995270820869442,0.7100408814438129,0.0,0.9991079625674371,0.0008924355347190747,3.9981083283477767,0.021749066188931465,0.7825306610828597,1.3706593651847143
macro,macro@1,best_valid,session,final,final.intra.Exposure,intra,2,ScalarGroupConditionalProductWrapper,,,,0.939245874102902,0.9988388209126544,0.5620699970086749,0.0,0.9984980313218118,0.0015030977638524495,1.9976776418253088,0.03409513831138611,0.7810349985043374,0.6510356294869878
macro,macro@1,best_valid,session,final,final.intra.Focus,intra,2,ScalarGroupConditionalProductWrapper,,,,0.9758989286004157,0.9929249166201193,0.6416392461860605,0.0,0.9993867583996735,0.0006134297098649556,1.9858498332402386,0.08441218733787537,0.8208196230930302,0.6764415908708495
macro,macro@1,best_valid,session,final,final.intra.Memory,intra,2,ScalarGroupConditionalProductWrapper,,,,0.9962524883356988,0.9970102556965296,0.5590786718516303,0.0,0.9999877214814238,1.2278593957804417e-05,1.9940205113930591,0.05476069450378418,0.7795393359258151,0.6905496034157194
macro,macro@1,best_valid,session,final,final.intra.Tempo,intra,2,ScalarGroupConditionalProductWrapper,,,,0.9916916389008663,0.9991450472891996,0.7852228537241999,0.0,0.9996775929237255,0.00032245906060962586,1.9982900945783992,0.029252171516418457,0.8926114268620999,0.6873882634890068
