{
  "split": "best_valid",
  "feature_mode": "none",
  "stages": [
    {
      "stage": "macro@1",
      "n_eff": 3.443556581450497,
      "cv_usage": 0.4019821105024683,
      "top1_max_frac": 0.5150160250069243,
      "entropy_mean": 1.2342471384357814,
      "route_jitter_adjacent": 0.0,
      "route_consistency_knn_js": 0.006037662219374342,
      "route_consistency_knn_score": 0.993980527836281,
      "route_consistency_group_knn_js": 0.006037662219374342,
      "route_consistency_group_knn_score": 0.993980527836281,
      "route_consistency_intra_group_knn_mean_js": 0.0,
      "route_consistency_intra_group_knn_mean_score": 1.0,
      "route_consistency_feature_group_knn_mean_score": 0.9838520321632402,
      "family_top_expert_mean_share": 0.3414543867111206,
      "route_consistency_feature_group_knn_tempo_js": 0.0078041118088706144,
      "route_consistency_feature_group_knn_tempo_score": 0.9922262612088588,
      "route_consistency_feature_group_knn_focus_js": 0.018919228212804104,
      "route_consistency_feature_group_knn_focus_score": 0.9812586170541874,
      "route_consistency_feature_group_knn_memory_js": 0.019835778187601592,
      "route_consistency_feature_group_knn_memory_score": 0.9803596565275126,
      "route_consistency_feature_group_knn_exposure_js": 0.018608474840467813,
      "route_consistency_feature_group_knn_exposure_score": 0.9815635938624026
    }
  ]
}
