best_mrr20,epoch,epoch_time_sec,eval,lr,patience_used,train_loss,trial,valid_mrr20
0.0134,1,17.519594430923462,1,0.0005476,0,664.684070110321,1,0.0134
0.0174,3,16.477240085601807,1,0.0005476,0,568.4705362319946,1,0.0174
0.0192,6,16.729740619659424,1,0.0005476,0,519.5533838272095,1,0.0192
0.0192,10,17.34307289123535,1,0.0005476,4,470.9665193557739,1,0.0176
0.0192,16,17.033450841903687,1,0.0005476,10,412.9116253852844,1,0.0164
