{
  "split": "best_valid",
  "feature_mode": "runtime:unknown|ablation:perturb:global_permute@train#shift1",
  "stages": [
    {
      "stage": "macro@1",
      "n_eff": 7.974507760987444,
      "cv_usage": 0.05653834342956543,
      "top1_max_frac": 0.8054862842892768,
      "entropy_mean": 2.0715025587073983,
      "route_jitter_adjacent": 0.0,
      "route_consistency_knn_js": 0.0003679964863702631,
      "route_consistency_knn_score": 0.9996320712160317,
      "route_consistency_group_knn_js": 0.000359317189768741,
      "route_consistency_group_knn_score": 0.9996407473569215,
      "route_consistency_intra_group_knn_mean_js": 8.380990137496111e-06,
      "route_consistency_intra_group_knn_mean_score": 0.9999916190645857,
      "route_consistency_feature_group_knn_mean_score": 0.9993783930881021,
      "family_top_expert_mean_share": 0.13653574883937836,
      "route_consistency_feature_group_knn_tempo_js": 0.000366897626736898,
      "route_consistency_feature_group_knn_tempo_score": 0.9996331696719665,
      "route_consistency_feature_group_knn_focus_js": 0.0008155778644567852,
      "route_consistency_feature_group_knn_focus_score": 0.9991847546287722,
      "route_consistency_feature_group_knn_memory_js": 0.0009452676849121873,
      "route_consistency_feature_group_knn_memory_score": 0.9990551789398482,
      "route_consistency_feature_group_knn_exposure_js": 0.00035959553490415145,
      "route_consistency_feature_group_knn_exposure_score": 0.9996404691118211
    }
  ]
}
