{
  "split": "best_valid",
  "feature_mode": "runtime:unknown|ablation:none",
  "stages": [
    {
      "stage": "macro@1",
      "n_eff": 11.341173313333142,
      "cv_usage": 0.2410211730853256,
      "top1_max_frac": 0.34579826808147335,
      "entropy_mean": 2.303568651664837,
      "route_jitter_adjacent": 0.0,
      "route_consistency_knn_js": 0.018960254263235284,
      "route_consistency_knn_score": 0.981218360714463,
      "route_consistency_group_knn_js": 0.01112949427514316,
      "route_consistency_group_knn_score": 0.9889322094237987,
      "route_consistency_intra_group_knn_mean_js": 0.011533773982150582,
      "route_consistency_intra_group_knn_mean_score": 0.9885874664678074,
      "route_consistency_feature_group_knn_mean_score": 0.9573659657181497,
      "family_top_expert_mean_share": 0.11949600279331207,
      "route_consistency_feature_group_knn_tempo_js": 0.051215614600789716,
      "route_consistency_feature_group_knn_tempo_score": 0.9500737986637179,
      "route_consistency_feature_group_knn_focus_js": 0.03465593851550018,
      "route_consistency_feature_group_knn_focus_score": 0.9659377010504467,
      "route_consistency_feature_group_knn_memory_js": 0.044467638783668204,
      "route_consistency_feature_group_knn_memory_score": 0.9565065533082706,
      "route_consistency_feature_group_knn_exposure_js": 0.04400851415839252,
      "route_consistency_feature_group_knn_exposure_score": 0.9569458098501635
    }
  ]
}
