{
  "split": "best_valid",
  "feature_mode": "none",
  "stages": [
    {
      "stage": "macro@1",
      "n_eff": 3.3169821288199075,
      "cv_usage": 0.45377904176712036,
      "top1_max_frac": 0.9776441261425236,
      "entropy_mean": 1.281269011148261,
      "route_jitter_adjacent": 0.0,
      "route_consistency_knn_js": 0.0019404257866749595,
      "route_consistency_knn_score": 0.9980614556223336,
      "route_consistency_group_knn_js": 0.0019404257866749595,
      "route_consistency_group_knn_score": 0.9980614556223336,
      "route_consistency_intra_group_knn_mean_js": 0.0,
      "route_consistency_intra_group_knn_mean_score": 1.0,
      "route_consistency_feature_group_knn_mean_score": 0.9957466065584055,
      "family_top_expert_mean_share": 0.44586846232414246,
      "route_consistency_feature_group_knn_tempo_js": 0.0037888365835760554,
      "route_consistency_feature_group_knn_tempo_score": 0.9962183320013623,
      "route_consistency_feature_group_knn_focus_js": 0.005209603627159378,
      "route_consistency_feature_group_knn_focus_score": 0.9948039428237279,
      "route_consistency_feature_group_knn_memory_js": 0.005635707710224685,
      "route_consistency_feature_group_knn_memory_score": 0.9943801430996498,
      "route_consistency_feature_group_knn_exposure_js": 0.0024189149083052746,
      "route_consistency_feature_group_knn_exposure_score": 0.9975840083088819
    }
  ]
}
