stage_name,stage_key,split,aggregation_level,node_kind,node_name,route_space,support_size,wrapper_name,source_type,temperature,top_k,entropy_norm,n_eff_norm,top1_monopoly_norm,jitter_adj_norm,knn_consistency_score,knn_consistency_js,n_eff,cv_usage,top1_max_frac,entropy_mean
macro,macro@1,best_valid,session,final,final.expert,expert,12,ScalarGroupConditionalProductWrapper,,,,0.9693070105926538,0.979031020942836,0.2065467848065183,0.0,0.9949594525327153,0.005053293877299606,11.748372251314033,0.14634951140435007,0.27266788607264175,2.408637436307813
macro,macro@1,best_valid,session,final,final.group,group,4,ScalarGroupConditionalProductWrapper,,,,0.9749104562291933,0.9973693140218202,0.2290741224632001,0.0,0.9969263058905246,0.00307842760925694,3.9894772560872807,0.05135722830891609,0.4218055918474001,1.3515128680673505
macro,macro@1,best_valid,session,final,final.intra.Exposure,intra,3,ScalarGroupConditionalProductWrapper,,,,0.9578194784908616,0.9452746973076639,0.8205840083616409,0.0,0.9986577966566,0.0013431049051172003,2.8358240919229916,0.2406108382162202,0.8803893389077606,1.0522722493957408
macro,macro@1,best_valid,session,final,final.intra.Focus,intra,3,ScalarGroupConditionalProductWrapper,,,,0.8967233686406105,0.9465627441379114,0.4157956623987457,0.0,0.9953484489276584,0.004662403201931566,2.8396882324137342,0.23760063983200075,0.6105304415991638,0.9851513123244382
macro,macro@1,best_valid,session,final,final.intra.Memory,intra,3,ScalarGroupConditionalProductWrapper,,,,0.9973350092461032,0.9992359460393331,0.11859811863078133,0.0,0.9994177406228197,0.0005824289560004697,2.997707838117999,0.027653598943567212,0.4123987457538542,1.095684497076692
macro,macro@1,best_valid,session,final,final.intra.Tempo,intra,3,ScalarGroupConditionalProductWrapper,,,,0.9791785280286145,0.9836756042972064,0.4169715181604389,0.0,0.9987661236781314,0.0012346381740093858,2.951026812891619,0.12882272887758228,0.6113143454402926,1.075737563692187
