stage_name,stage_key,split,aggregation_level,node_kind,node_name,route_space,support_size,wrapper_name,source_type,temperature,top_k,entropy_norm,n_eff_norm,top1_monopoly_norm,jitter_adj_norm,knn_consistency_score,knn_consistency_js,n_eff,cv_usage,top1_max_frac,entropy_mean
macro,macro@1,best_valid,session,final,final.expert,expert,16,FlatJointWrapper,,,,0.9046965806084414,0.991296297762501,0.028991414983632884,0.7188066359960965,0.9348988162940169,0.0673169734167875,15.860740764200017,0.0937025230349614,0.08967945154715583,2.5083515364438576
macro,macro@1,best_valid,session,final,final.group,group,4,FlatJointWrapper,,,,0.9522868717884049,0.9978913519258217,0.03526650608362673,0.0,0.98240085338598,0.017755852914982426,3.9915654077032867,0.04596846178174019,0.27644987956272005,1.320149920528766
macro,macro@1,best_valid,session,final,final.intra.Exposure,intra,4,FlatJointWrapper,,,,0.8607578765676065,0.9928514667879275,0.07763572355012045,0.0,0.9526838593307829,0.04847216244002002,3.97140586715171,0.08485265076160431,0.30822679266259034,1.1932637905752037
macro,macro@1,best_valid,session,final,final.intra.Focus,intra,4,FlatJointWrapper,,,,0.8810064746413616,0.9949893557614343,0.04749552220369339,0.0,0.9562265281413116,0.044760439877219046,3.9799574230457373,0.07096361368894577,0.28562164165277004,1.2213343079054335
macro,macro@1,best_valid,session,final,final.intra.Memory,intra,4,FlatJointWrapper,,,,0.8796664444599089,0.9960664874874358,0.06849484281390894,0.0,0.954206048746005,0.04687564684455153,3.984265949949743,0.06284015625715256,0.3013711321104317,1.2194766316211552
macro,macro@1,best_valid,session,final,final.intra.Tempo,intra,4,FlatJointWrapper,,,,0.8718619580578105,0.992727390639264,0.07022419862886786,0.0,0.953039513301766,0.048098914170917044,3.970909562557056,0.08559194952249527,0.3026681489716509,1.2086573161304892
