stage_name,stage_key,split,aggregation_level,node_kind,node_name,route_space,support_size,wrapper_name,source_type,temperature,top_k,entropy_norm,n_eff_norm,top1_monopoly_norm,jitter_adj_norm,knn_consistency_score,knn_consistency_js,n_eff,cv_usage,top1_max_frac,entropy_mean
macro,macro@1,best_valid,session,final,final.expert,expert,12,FlatPlusGroupIntraResidualWrapper,,,,0.9499264416045766,0.9737186974101749,0.2651269556812919,0.244987715288049,0.9958409745044257,0.004167698297399514,11.6846243689221,0.1642889811529191,0.32636637604118424,2.360478531552665
macro,macro@1,best_valid,session,final,final.group,group,4,FlatPlusGroupIntraResidualWrapper,,,,0.9829479173670721,0.9916928689233807,0.2807373549575994,0.0,0.9986739905425516,0.0013268893859373996,3.966771475693523,0.09152369946241379,0.46055301621819955,1.3626551551205122
macro,macro@1,best_valid,session,final,final.intra.Exposure,intra,3,FlatPlusGroupIntraResidualWrapper,,,,0.824037617913906,0.9813490225490068,0.3593285410332306,0.0,0.9949707025705358,0.005041986909774491,2.9440470676470203,0.13786029777347153,0.5728856940221537,0.9052978533650136
macro,macro@1,best_valid,session,final,final.intra.Focus,intra,3,FlatPlusGroupIntraResidualWrapper,,,,0.9760293463719609,0.9957155168724929,0.2440952016591829,0.0,0.9986013612486798,0.0013996177594575328,2.987146550617479,0.06559595642697941,0.4960634677727886,1.0722778340249393
macro,macro@1,best_valid,session,final,final.intra.Memory,intra,3,FlatPlusGroupIntraResidualWrapper,,,,0.9601143568742708,0.9957593968352804,0.20436408056970648,0.0,0.9984488990970206,0.0015523051053724123,2.987278190505841,0.06525864071373222,0.46957605371313765,1.054793430988753
macro,macro@1,best_valid,session,final,final.intra.Tempo,intra,3,FlatPlusGroupIntraResidualWrapper,,,,0.9191637051843241,0.9823837791478391,0.20612595560746091,0.0,0.9969575974757502,0.003047040039323238,2.9471513374435174,0.13391077864435974,0.4707506370716406,1.00980454181321
