stage_name,stage_key,split,aggregation_level,node_kind,node_name,route_space,support_size,wrapper_name,source_type,temperature,top_k,entropy_norm,n_eff_norm,top1_monopoly_norm,jitter_adj_norm,knn_consistency_score,knn_consistency_js,n_eff,cv_usage,top1_max_frac,entropy_mean
macro,macro@1,best_valid,session,final,final.expert,expert,12,ScalarGroupConditionalProductWrapper,,,,0.9969923736460182,0.9912549772226105,0.9435163820950623,0.0,0.9996464438835875,0.00035361863211192914,11.895059726671326,0.09392627421241181,0.9482233502538071,2.4774329790609135
macro,macro@1,best_valid,session,final,final.group,group,4,ScalarGroupConditionalProductWrapper,,,,0.9959521862520132,0.9943578902648892,1.0,0.0,0.9996691956084568,0.00033085911938574464,3.9774315610595568,0.07532638311386108,1.0,1.3806828997461928
macro,macro@1,best_valid,session,final,final.intra.Exposure,intra,3,ScalarGroupConditionalProductWrapper,,,,0.9975417035697375,0.9950823918739641,0.9756345177664975,0.0,0.9999671370674509,3.2863472547151345e-05,2.9852471756218923,0.07029891922179105,0.983756345177665,1.0959115740006344
macro,macro@1,best_valid,session,final,final.intra.Focus,intra,3,ScalarGroupConditionalProductWrapper,,,,0.9990371629788667,0.9988002287739229,0.9223350253807107,0.0,0.9999726527829699,2.7347590972100738e-05,2.9964006863217687,0.03465885006908029,0.9482233502538071,1.0975545040847081
macro,macro@1,best_valid,session,final,final.intra.Memory,intra,3,ScalarGroupConditionalProductWrapper,,,,0.9995509909647295,0.9993242422623356,0.9086294416243655,0.0,0.9999831561366921,1.6844005167352416e-05,2.997972726787007,0.026006873384527767,0.9390862944162437,1.0981190018242386
macro,macro@1,best_valid,session,final,final.intra.Tempo,intra,3,ScalarGroupConditionalProductWrapper,,,,0.9971983243405462,0.9939302726931111,0.9908629441624366,0.0,0.9999861836571938,1.3816438252683234e-05,2.9817908180793333,0.07814705138960328,0.9939086294416244,1.0955343333597716
