stage_name,stage_key,split,aggregation_level,node_kind,node_name,route_space,support_size,wrapper_name,source_type,temperature,top_k,entropy_norm,n_eff_norm,top1_monopoly_norm,jitter_adj_norm,knn_consistency_score,knn_consistency_js,n_eff,cv_usage,top1_max_frac,entropy_mean
macro,macro@1,best_valid,session,final,final.expert,expert,12,ScalarGroupConditionalProductWrapper,,,,0.9685622498563078,0.8661311559787809,0.9700186539343483,0.0,0.9988331418171594,0.001167539491895571,10.393573871745371,0.39314084073481437,0.9725170994398192,2.406786775401566
macro,macro@1,best_valid,session,final,final.group,group,3,ScalarGroupConditionalProductWrapper,,,,0.9956311567595159,0.9974986454538768,0.4622729101544365,0.0,0.9995779008345963,0.0004221882743325157,2.9924959363616304,0.050075622645746984,0.641515273436291,1.0938126237968493
macro,macro@1,best_valid,session,final,final.intra.Focus,intra,4,ScalarGroupConditionalProductWrapper,,,,0.9978964995360742,0.9984809620335731,0.7535204729039645,0.0,0.9998934270256638,0.0001065786536391433,3.9939238481342922,0.03900279849767685,0.8151403546779734,1.383378290288137
macro,macro@1,best_valid,session,final,final.intra.Memory,intra,4,ScalarGroupConditionalProductWrapper,,,,0.8508911370439493,0.7030015942095907,0.9647178979294977,0.0,0.998085661898171,0.0019161727888610824,2.812006376838363,0.6499782800674438,0.9735384234471233,1.179585585210919
macro,macro@1,best_valid,session,final,final.intra.Tempo,intra,4,ScalarGroupConditionalProductWrapper,,,,0.9961455459720446,0.9960315980826475,0.6589809456016011,0.0,0.999892005567535,0.00010800026428364289,3.98412639233059,0.06312160570154224,0.7442357092012009,1.3809509532357402
