{
  "model": "FAME",
  "dataset": "lastfm0.03",
  "dataset_raw": "lastfm0.03",
  "max_evals": 5,
  "tune_epochs": 34,
  "n_completed": 5,
  "n_recorded_trials": 5,
  "timestamp": "2026-03-29T21:49:50.847175",
  "trials": [
    {
      "trial": 1,
      "params": {
        "learning_rate": 0.00449301651222458
      },
      "mrr@20": 0.191,
      "valid_result": {
        "hit@5": 0.2182,
        "hit@10": 0.237,
        "hit@20": 0.2591,
        "ndcg@5": 0.1948,
        "ndcg@10": 0.2009,
        "ndcg@20": 0.2065,
        "mrr@5": 0.187,
        "mrr@10": 0.1895,
        "mrr@20": 0.191
      },
      "test_result": {
        "hit@5": 0.2179,
        "hit@10": 0.2396,
        "hit@20": 0.2625,
        "ndcg@5": 0.1918,
        "ndcg@10": 0.1988,
        "ndcg@20": 0.2046,
        "mrr@5": 0.183,
        "mrr@10": 0.1859,
        "mrr@20": 0.1875
      },
      "best_hr@10": 0.237,
      "test_mrr@20": 0.1875,
      "test_hr@10": 0.2396,
      "epochs_run": 20,
      "early_stop_epoch": 20,
      "early_stopped": true,
      "elapsed": 537.6,
      "status": "ok"
    },
    {
      "trial": 2,
      "params": {
        "learning_rate": 0.003686160570988308
      },
      "mrr@20": 0.1973,
      "valid_result": {
        "hit@5": 0.2272,
        "hit@10": 0.2461,
        "hit@20": 0.2628,
        "ndcg@5": 0.202,
        "ndcg@10": 0.2081,
        "ndcg@20": 0.2124,
        "mrr@5": 0.1936,
        "mrr@10": 0.1961,
        "mrr@20": 0.1973
      },
      "test_result": {
        "hit@5": 0.2221,
        "hit@10": 0.2386,
        "hit@20": 0.2535,
        "ndcg@5": 0.1998,
        "ndcg@10": 0.2052,
        "ndcg@20": 0.2089,
        "mrr@5": 0.1923,
        "mrr@10": 0.1946,
        "mrr@20": 0.1956
      },
      "best_hr@10": 0.2461,
      "test_mrr@20": 0.1956,
      "test_hr@10": 0.2386,
      "epochs_run": 29,
      "early_stop_epoch": 29,
      "early_stopped": true,
      "elapsed": 782.4,
      "status": "ok"
    },
    {
      "trial": 3,
      "params": {
        "learning_rate": 0.0017856398519817882
      },
      "mrr@20": 0.2034,
      "valid_result": {
        "hit@5": 0.2283,
        "hit@10": 0.2429,
        "hit@20": 0.2583,
        "ndcg@5": 0.2074,
        "ndcg@10": 0.2121,
        "ndcg@20": 0.216,
        "mrr@5": 0.2004,
        "mrr@10": 0.2023,
        "mrr@20": 0.2034
      },
      "test_result": {
        "hit@5": 0.2365,
        "hit@10": 0.2527,
        "hit@20": 0.2665,
        "ndcg@5": 0.2124,
        "ndcg@10": 0.2176,
        "ndcg@20": 0.2211,
        "mrr@5": 0.2043,
        "mrr@10": 0.2064,
        "mrr@20": 0.2074
      },
      "best_hr@10": 0.2429,
      "test_mrr@20": 0.2074,
      "test_hr@10": 0.2527,
      "epochs_run": 22,
      "early_stop_epoch": 22,
      "early_stopped": true,
      "elapsed": 594.0,
      "status": "ok"
    },
    {
      "trial": 4,
      "params": {
        "learning_rate": 0.0009267150865865782
      },
      "mrr@20": 0.2154,
      "valid_result": {
        "hit@5": 0.2405,
        "hit@10": 0.2572,
        "hit@20": 0.2729,
        "ndcg@5": 0.2192,
        "ndcg@10": 0.2246,
        "ndcg@20": 0.2285,
        "mrr@5": 0.212,
        "mrr@10": 0.2143,
        "mrr@20": 0.2154
      },
      "test_result": {
        "hit@5": 0.2468,
        "hit@10": 0.2585,
        "hit@20": 0.2723,
        "ndcg@5": 0.2253,
        "ndcg@10": 0.2291,
        "ndcg@20": 0.2326,
        "mrr@5": 0.2181,
        "mrr@10": 0.2196,
        "mrr@20": 0.2206
      },
      "best_hr@10": 0.2572,
      "test_mrr@20": 0.2206,
      "test_hr@10": 0.2585,
      "epochs_run": 29,
      "early_stop_epoch": 29,
      "early_stopped": true,
      "elapsed": 784.0,
      "status": "ok"
    },
    {
      "trial": 5,
      "params": {
        "learning_rate": 0.0014883207010109283
      },
      "mrr@20": 0.2074,
      "valid_result": {
        "hit@5": 0.2307,
        "hit@10": 0.245,
        "hit@20": 0.2612,
        "ndcg@5": 0.211,
        "ndcg@10": 0.2156,
        "ndcg@20": 0.2197,
        "mrr@5": 0.2044,
        "mrr@10": 0.2062,
        "mrr@20": 0.2074
      },
      "test_result": {
        "hit@5": 0.238,
        "hit@10": 0.2511,
        "hit@20": 0.2625,
        "ndcg@5": 0.2163,
        "ndcg@10": 0.2206,
        "ndcg@20": 0.2235,
        "mrr@5": 0.2091,
        "mrr@10": 0.2109,
        "mrr@20": 0.2117
      },
      "best_hr@10": 0.245,
      "test_mrr@20": 0.2117,
      "test_hr@10": 0.2511,
      "epochs_run": 26,
      "early_stop_epoch": 26,
      "early_stopped": true,
      "elapsed": 699.6,
      "status": "ok"
    }
  ],
  "run_group": "baseline",
  "run_axis": "stageb_structure_anchor2_core5",
  "run_phase": "P17_SB_D00_M05_FAME_B6_S1",
  "parent_result": "",
  "interrupted": false,
  "interrupted_at": null,
  "tuned_search": {
    "learning_rate": [
      0.0004906666666666666,
      0.00536544
    ]
  },
  "fixed_search": {
    "num_heads": 4,
    "num_experts": 2,
    "num_layers": 1,
    "weight_decay": 0.00020999999999999998,
    "dropout_ratio": 0.17,
    "hidden_size": 176,
    "embedding_size": 176,
    "n_layers": 1,
    "dropout_prob": 0.17,
    "hidden_dropout_prob": 0.17,
    "attn_dropout_prob": 0.17,
    "inner_size": 704,
    "n_heads": 4
  },
  "context_fixed": {
    "num_layers": 1,
    "search_space_type_overrides": {
      "learning_rate": "loguniform",
      "weight_decay": "choice",
      "dropout_ratio": "choice",
      "hidden_size": "choice",
      "embedding_size": "choice",
      "n_layers": "choice",
      "num_layers": "choice",
      "dropout_prob": "choice",
      "hidden_dropout_prob": "choice",
      "attn_dropout_prob": "choice",
      "inner_size": "choice",
      "n_heads": "choice",
      "num_heads": "choice",
      "num_experts": "choice"
    }
  },
  "best_params": {
    "learning_rate": 0.0009267150865865782
  },
  "best_mrr@20": 0.2154,
  "best_hr@10": 0.2572,
  "test_mrr@20": 0.2206,
  "test_hr@10": 0.2585,
  "best_valid_result": {
    "hit@5": 0.2405,
    "hit@10": 0.2572,
    "hit@20": 0.2729,
    "ndcg@5": 0.2192,
    "ndcg@10": 0.2246,
    "ndcg@20": 0.2285,
    "mrr@5": 0.212,
    "mrr@10": 0.2143,
    "mrr@20": 0.2154
  },
  "test_result": {
    "hit@5": 0.2468,
    "hit@10": 0.2585,
    "hit@20": 0.2723,
    "ndcg@5": 0.2253,
    "ndcg@10": 0.2291,
    "ndcg@20": 0.2326,
    "mrr@5": 0.2181,
    "mrr@10": 0.2196,
    "mrr@20": 0.2206
  },
  "best_valid_special_metrics": {
    "split": "best_valid",
    "overall": {
      "count": 3763,
      "hit@20": 0.2729205421206484,
      "ndcg@20": 0.2285480523858652,
      "mrr@20": 0.21536076230046725
    },
    "slices": {
      "target_popularity_abs": {
        "rare_1_5": {
          "count": 3735,
          "hit@20": 0.27228915662650605,
          "ndcg@20": 0.22835066781704685,
          "mrr@20": 0.21526470137747575
        },
        "6_20": {
          "count": 28,
          "hit@20": 0.35714285714285715,
          "ndcg@20": 0.2548777439764568,
          "mrr@20": 0.22817460327808345
        }
      },
      "target_popularity_abs_legacy": {
        "<=5": {
          "count": 3735,
          "hit@20": 0.27228915662650605,
          "ndcg@20": 0.22835066781704685,
          "mrr@20": 0.21526470137747575
        },
        "6-20": {
          "count": 28,
          "hit@20": 0.35714285714285715,
          "ndcg@20": 0.2548777439764568,
          "mrr@20": 0.22817460327808345
        }
      },
      "session_len": {
        "<=7": {
          "count": 1152,
          "hit@20": 0.2838541666666667,
          "ndcg@20": 0.24096081480901274,
          "mrr@20": 0.22806859156440218
        },
        "8-12": {
          "count": 2611,
          "hit@20": 0.2680965147453083,
          "ndcg@20": 0.22307141419687018,
          "mrr@20": 0.20975393759267214
        }
      },
      "session_len_legacy": {
        "3-5": {
          "count": 665,
          "hit@20": 0.2646616541353383,
          "ndcg@20": 0.2168584348787939,
          "mrr@20": 0.20257215513322585
        },