best_mrr20,epoch,epoch_time_sec,eval,lr,patience_used,train_loss,trial,valid_mrr20
0.0507,1,13.00698971748352,1,0.00095164,0,403.96904850006104,1,0.0507
0.1693,3,10.256968021392822,1,0.00095164,0,275.6872363090515,1,0.1693
0.2025,9,9.088647603988647,1,0.00095164,0,125.063405752182,1,0.2025
0.2025,10,9.07587194442749,1,0.00095164,1,111.63924360275269,1,0.196
0.2025,19,8.610042095184326,1,0.00095164,10,42.86175870895386,1,0.179
