stage_name,stage_key,split,aggregation_level,node_kind,node_name,route_space,support_size,wrapper_name,source_type,temperature,top_k,entropy_norm,n_eff_norm,top1_monopoly_norm,jitter_adj_norm,knn_consistency_score,knn_consistency_js,n_eff,cv_usage,top1_max_frac,entropy_mean
macro,macro@1,best_valid,session,final,final.expert,expert,9,GroupConditionalProductWrapper,,,,0.9952469060469259,0.9813932384385614,1.0,0.0,0.9999484890056257,5.1512321111111514e-05,8.832539145947052,0.13769371332456384,1.0,2.186780962484137
macro,macro@1,best_valid,session,final,final.group,group,3,GroupConditionalProductWrapper,,,,0.9938425932925888,0.9874065935217144,1.0,0.0,0.9999669913058458,3.3009238953215886e-05,2.9622197805651433,0.11293385958868683,1.0,1.0918476859930204
macro,macro@1,best_valid,session,final,final.intra.Focus,intra,3,GroupConditionalProductWrapper,,,,0.9888838994171645,0.9762472165718407,1.0,0.0,0.9999722157121472,2.7784673843236096e-05,2.928741649715522,0.15598317888429228,1.0,1.086400003965736
macro,macro@1,best_valid,session,final,final.intra.Memory,intra,3,GroupConditionalProductWrapper,,,,0.999818565055282,0.9997036739366956,1.0,0.0,0.9999939909280303,6.009090024219677e-06,2.9991110218100867,0.0172152732956328,1.0,1.0984129620082488
macro,macro@1,best_valid,session,final,final.intra.Tempo,intra,3,GroupConditionalProductWrapper,,,,0.999675979199271,0.9995684103033401,0.8918781725888324,0.0,0.9999738855985753,2.611474241171263e-05,2.99870523091002,0.02078211245590113,0.9279187817258884,1.0982563154346447
