best_mrr20,epoch,epoch_time_sec,eval,lr,patience_used,train_loss,trial,valid_mrr20
0.012,1,22.98447608947754,1,0.0007998187552579467,0,686.6798529624939,1,0.012
0.0158,3,22.27661442756653,1,0.0007983698921263105,0,573.9539113044739,1,0.0158
0.0182,5,21.568880796432495,1,0.000795477999923502,0,536.4955472946167,1,0.0182
0.0182,10,21.70422053337097,1,0.0007820256023867403,5,490.84278535842896,1,0.0177
0.0182,15,21.558217525482178,1,0.0007599807615157725,10,464.96889066696167,1,0.0175
