stage_name,stage_key,split,aggregation_level,node_kind,node_name,route_space,support_size,wrapper_name,source_type,temperature,top_k,entropy_norm,n_eff_norm,top1_monopoly_norm,jitter_adj_norm,knn_consistency_score,knn_consistency_js,n_eff,cv_usage,top1_max_frac,entropy_mean
macro,macro@1,best_valid,session,final,final.expert,expert,8,ScalarGroupConditionalProductWrapper,,,,0.6493731365559235,0.5027610898792322,0.75458179946958,0.0,0.9927611877162279,0.007265139614756218,4.0220887190338575,0.9944931262127311,0.7852590745358825,1.35033347620532
macro,macro@1,best_valid,session,final,final.group,group,4,ScalarGroupConditionalProductWrapper,,,,0.7531587673800615,0.7215506606595706,0.9940888519442135,0.0,0.9940338345975274,0.005984034074360484,2.8862026426382825,0.6212118268013,0.9955666389581601,1.0440997522469866
macro,macro@1,best_valid,session,final,final.intra.Exposure,intra,2,ScalarGroupConditionalProductWrapper,,,,0.0014879030740851784,0.5004878030154054,1.0,0.0,0.9883197673950718,0.01174898238843708,1.0009756060308108,0.9990248680114746,1.0,0.0010313358207486168
macro,macro@1,best_valid,session,final,final.intra.Focus,intra,2,ScalarGroupConditionalProductWrapper,,,,0.9634298491844113,0.9597478567699594,0.9927957883070102,0.0,0.9998726653152451,0.00012734279250414178,1.9194957135399189,0.20479376344643613,0.9963978941535051,0.667798683629468
macro,macro@1,best_valid,session,final,final.intra.Memory,intra,2,ScalarGroupConditionalProductWrapper,,,,0.029043546671725828,0.5129751035537767,1.0,0.0,0.9901750109702919,0.009873572719154176,1.0259502071075535,0.9743778705596924,1.0,0.02013145248896794
macro,macro@1,best_valid,session,final,final.intra.Tempo,intra,2,ScalarGroupConditionalProductWrapper,,,,2.65754271024471e-07,0.5,1.0,0.0,0.9922913819643026,0.0077384830091558575,1.0,1.0,1.0,1.8420682368237561e-07
