best_mrr20,epoch,epoch_time_sec,eval,lr,patience_used,train_loss,trial,valid_mrr20
0.0091,1,2.856236457824707,1,0.0005672,0,80.80375909805298,1,0.0091
0.0095,3,1.9718341827392578,1,0.0005672,0,74.23299837112427,1,0.0095
0.0551,10,1.994701862335205,1,0.0005672,0,57.77775287628174,1,0.0551
0.0783,19,1.9410195350646973,1,0.0005672,0,45.679728507995605,1,0.0783
0.0783,29,1.8712658882141113,1,0.0005672,10,36.181965827941895,1,0.0716
