{
  "split": "best_valid",
  "feature_mode": "none",
  "stages": [
    {
      "stage": "macro@1",
      "n_eff": 11.89506921448674,
      "cv_usage": 0.09392165857786958,
      "top1_max_frac": 0.7323908262645303,
      "entropy_mean": 2.3664774534637134,
      "route_jitter_adjacent": 0.0,
      "route_consistency_knn_js": 0.0021523121686402385,
      "route_consistency_knn_score": 0.9978500023943436,
      "route_consistency_group_knn_js": 0.001221900221769504,
      "route_consistency_group_knn_score": 0.9987788459943416,
      "route_consistency_intra_group_knn_mean_js": 0.000851263603495173,
      "route_consistency_intra_group_knn_mean_score": 0.9991495556324614,
      "route_consistency_feature_group_knn_mean_score": 0.9949320901573305,
      "family_top_expert_mean_share": 0.09597401320934296,
      "route_consistency_feature_group_knn_tempo_js": 0.004132147450372853,
      "route_consistency_feature_group_knn_tempo_score": 0.9958763781238837,
      "route_consistency_feature_group_knn_focus_js": 0.0031186037367586738,
      "route_consistency_feature_group_knn_focus_score": 0.9968862540567184,
      "route_consistency_feature_group_knn_memory_js": 0.004950877557956704,
      "route_consistency_feature_group_knn_memory_score": 0.9950613578360331,
      "route_consistency_feature_group_knn_exposure_js": 0.008128576936149172,
      "route_consistency_feature_group_knn_exposure_score": 0.9919043706126872
    }
  ]
}
