best_mrr20,epoch,epoch_time_sec,eval,lr,patience_used,train_loss,trial,valid_mrr20
0.2728,1,65.28474712371826,1,0.0006918502217122324,0,2186.4512343406677,1,0.2728
0.3461,3,63.78192377090454,1,0.0006905969424258146,0,1168.918872833252,1,0.3461
0.3701,7,64.83638763427734,1,0.0006843557582399445,0,781.6799767017365,1,0.3701
0.3701,10,63.96579885482788,1,0.0006764589887885513,3,681.4882926940918,1,0.3643
0.3701,17,53.689093828201294,1,0.0006477825875291236,10,485.10182559490204,1,0.3403
