{
  "split": "best_valid",
  "feature_mode": "runtime:unknown|ablation:none",
  "stages": [
    {
      "stage": "macro@1",
      "n_eff": 3.9918978152034694,
      "cv_usage": 0.0450519323348999,
      "top1_max_frac": 0.27526600445402805,
      "entropy_mean": 1.3317029214646152,
      "route_jitter_adjacent": 0.6252328878088295,
      "route_consistency_knn_js": 0.006225921936119951,
      "route_consistency_knn_score": 0.9937934189567448,
      "route_consistency_group_knn_js": 0.006225921936119951,
      "route_consistency_group_knn_score": 0.9937934189567448,
      "route_consistency_intra_group_knn_mean_js": 0.0,
      "route_consistency_intra_group_knn_mean_score": 1.0,
      "route_consistency_feature_group_knn_mean_score": 0.9924497885127198,
      "family_top_expert_mean_share": 0.26304173469543457,
      "route_consistency_feature_group_knn_tempo_js": 0.007709891109143273,
      "route_consistency_feature_group_knn_tempo_score": 0.9923197538658804,
      "route_consistency_feature_group_knn_focus_js": 0.007418650261194516,
      "route_consistency_feature_group_knn_focus_score": 0.9926088000014103,
      "route_consistency_feature_group_knn_memory_js": 0.007630278515000912,
      "route_consistency_feature_group_knn_memory_score": 0.992398758160531,
      "route_consistency_feature_group_knn_exposure_js": 0.007556637580873702,
      "route_consistency_feature_group_knn_exposure_score": 0.9924718420230576
    }
  ]
}
