stage_name,stage_key,split,aggregation_level,node_kind,node_name,route_space,support_size,wrapper_name,source_type,temperature,top_k,entropy_norm,n_eff_norm,top1_monopoly_norm,jitter_adj_norm,knn_consistency_score,knn_consistency_js,n_eff,cv_usage,top1_max_frac,entropy_mean
macro,macro@1,best_valid,session,final,final.expert,expert,12,FlatPlusGroupIntraResidualWrapper,,,,0.9526157519710842,0.9561472475159342,0.3562011544765661,0.0,0.9938219014847803,0.006197261935621304,11.47376697019121,0.2141590054583846,0.40985105827018553,2.3671612167657434
macro,macro@1,best_valid,session,final,final.group,group,4,FlatPlusGroupIntraResidualWrapper,,,,0.9743762812613634,0.9768001169094226,0.3888163051998954,0.0,0.9982787617372407,0.0017227212953504845,3.9072004676376904,0.15411311388015747,0.5416122288999216,1.3507723443215967
macro,macro@1,best_valid,session,final,final.intra.Exposure,intra,3,FlatPlusGroupIntraResidualWrapper,,,,0.8703863786505989,0.9383069842317017,0.3658217925267834,0.0,0.9930193665503902,0.007005112055253419,2.814920952695105,0.25641624610375624,0.5772145283511889,0.9562171714748824
macro,macro@1,best_valid,session,final,final.intra.Focus,intra,3,FlatPlusGroupIntraResidualWrapper,,,,0.9574937168090244,0.9926823971992008,0.37552260256075254,0.0,0.997736390537761,0.0022661752989038375,2.9780471915976023,0.08585727890261176,0.5836817350405017,1.0519143636088972
macro,macro@1,best_valid,session,final,final.intra.Memory,intra,3,FlatPlusGroupIntraResidualWrapper,,,,0.9680113478935939,0.9834941361008925,0.5552325581395349,0.0,0.9976700929861122,0.0023326254705561913,2.9504824083026775,0.12954828874622915,0.7034883720930233,1.063469162366083
macro,macro@1,best_valid,session,final,final.intra.Tempo,intra,3,FlatPlusGroupIntraResidualWrapper,,,,0.9053537304878557,0.9950552139699992,0.0844983015416776,0.0,0.9923477994949852,0.0076816288149779794,2.9851656419099974,0.0704938264043979,0.3896655343611184,0.9946327339054742
