best_mrr20,epoch,epoch_time_sec,eval,lr,patience_used,train_loss,trial,valid_mrr20
0.0139,1,17.488620042800903,1,0.0005476,0,677.2691779136658,1,0.0139
0.0175,3,16.691688299179077,1,0.0005476,0,575.2962117195129,1,0.0175
0.0175,10,16.15744972229004,1,0.0005476,7,484.2104754447937,1,0.0162
0.0175,13,16.128488302230835,1,0.0005476,10,459.81587505340576,1,0.0167
