stage_name,stage_key,split,aggregation_level,node_kind,node_name,route_space,support_size,wrapper_name,source_type,temperature,top_k,entropy_norm,n_eff_norm,top1_monopoly_norm,jitter_adj_norm,knn_consistency_score,knn_consistency_js,n_eff,cv_usage,top1_max_frac,entropy_mean
macro,macro@1,best_valid,session,final,final.expert,expert,12,ScalarGroupConditionalProductWrapper,,,,0.7574005492921014,0.7696044954929496,0.33581632171986237,0.0,0.9863411270532121,0.013753013571341137,9.235253945915396,0.5471462230602239,0.39116496157654046,1.8820696614890269
macro,macro@1,best_valid,session,final,final.group,group,4,ScalarGroupConditionalProductWrapper,,,,0.9776447441367397,0.9962079624594102,0.22147313500856472,0.0,0.9983446209302078,0.0016567507236715949,3.984831849837641,0.06169692799448967,0.41610485125642355,1.3553033959752605
macro,macro@1,best_valid,session,final,final.intra.Exposure,intra,3,ScalarGroupConditionalProductWrapper,,,,0.4310255796888183,0.5950525829319254,0.4054735750318231,0.0,0.9976064752058736,0.0023963938536207302,1.7851577487957762,0.8249385707098672,0.6036490500212154,0.47352999857643147
macro,macro@1,best_valid,session,final,final.intra.Focus,intra,3,ScalarGroupConditionalProductWrapper,,,,0.5706338797612264,0.6761282702427778,0.6383480269671398,0.0,0.9737846510174749,0.026565097303254452,2.0283848107283333,0.6921052026905421,0.7588986846447598,0.6269053926360438
macro,macro@1,best_valid,session,final,final.intra.Memory,intra,3,ScalarGroupConditionalProductWrapper,,,,0.3912743407503118,0.9614957350186945,0.22790061760407332,0.0,0.9960633694842125,0.0039443994413253846,2.8844872050560832,0.2001154735649981,0.48526707840271555,0.4298587989888059
macro,macro@1,best_valid,session,final,final.intra.Tempo,intra,3,ScalarGroupConditionalProductWrapper,,,,0.5317739350597855,0.9245610444357815,0.21927301871670363,0.0,0.9842764558779672,0.015848470293756897,2.7736831333073444,0.2856471825943237,0.47951534581113575,0.5842133798500778
