stage_name,stage_key,split,aggregation_level,node_kind,node_name,route_space,support_size,wrapper_name,source_type,temperature,top_k,entropy_norm,n_eff_norm,top1_monopoly_norm,jitter_adj_norm,knn_consistency_score,knn_consistency_js,n_eff,cv_usage,top1_max_frac,entropy_mean
macro,macro@1,best_valid,session,final,final.expert,expert,16,FlatJointWrapper,,,,0.9077555592630857,0.8644792091227481,0.2061514923699864,0.8568016900890971,0.9770142545358462,0.02325403693745088,13.83166734596397,0.39593669151882477,0.25576702409686225,2.516832826163297
macro,macro@1,best_valid,session,final,final.group,group,4,FlatJointWrapper,,,,0.9346124222841873,0.9237738116331783,0.4139199936691331,0.0,0.9928264841970033,0.00719936918142558,3.695095246532713,0.28725627064704895,0.5604399952518498,1.2956479308451707
macro,macro@1,best_valid,session,final,final.intra.Exposure,intra,4,FlatJointWrapper,,,,0.8864555932747603,0.9326592760518062,0.26419499070153923,0.0,0.987491628994593,0.012587259210290552,3.730637104207225,0.26870617270469666,0.4481462430261544,1.2288883903399874
macro,macro@1,best_valid,session,final,final.intra.Focus,intra,4,FlatJointWrapper,,,,0.8963147282203334,0.960705327405214,0.2009390785950751,0.0,0.9859002341465599,0.014200111905926805,3.842821309620856,0.2022424340248108,0.4007043089463063,1.2425560535205555
macro,macro@1,best_valid,session,final,final.intra.Memory,intra,4,FlatJointWrapper,,,,0.8544953869320393,0.898474781443749,0.36802120840422586,0.0,0.9838678638935224,0.016263675607930392,3.593899125774996,0.3361508846282959,0.5260159063031694,1.1845821365068452
macro,macro@1,best_valid,session,final,final.intra.Tempo,intra,4,FlatJointWrapper,,,,0.9019822821012714,0.9570874157489254,0.17202811960062783,0.0,0.9841013832978736,0.016026355430513627,3.8283496629957017,0.21174675226211548,0.3790210897004709,1.250412951507043
