stage_name,stage_key,split,aggregation_level,node_kind,node_name,route_space,support_size,wrapper_name,source_type,temperature,top_k,entropy_norm,n_eff_norm,top1_monopoly_norm,jitter_adj_norm,knn_consistency_score,knn_consistency_js,n_eff,cv_usage,top1_max_frac,entropy_mean
macro,macro@1,best_valid,session,final,final.expert,expert,8,ScalarGroupConditionalProductWrapper,,,,0.9745547068340517,0.9833569405514254,0.7222815975933183,0.0,0.9984190169727352,0.0015822340997212242,7.866855524411403,0.1300950425919916,0.7569963978941535,2.0265295420303406
macro,macro@1,best_valid,session,final,final.group,group,4,ScalarGroupConditionalProductWrapper,,,,0.9687739579235902,0.9849720457530269,0.6793202179735846,0.0,0.9986691338217228,0.001331752567199999,3.9398881830121075,0.12352032214403152,0.7594901634801884,1.3430058750692713
macro,macro@1,best_valid,session,final,final.intra.Exposure,intra,2,ScalarGroupConditionalProductWrapper,,,,0.9845864025349805,0.9970702190602284,0.5344970906068163,0.0,0.9997929486754935,0.00020707276259122664,1.9941404381204568,0.05420759320259094,0.7672485453034081,0.6824632889347811
macro,macro@1,best_valid,session,final,final.intra.Focus,intra,2,ScalarGroupConditionalProductWrapper,,,,0.9941074810306902,0.997874020993329,0.9811582155721807,0.0,0.9998476202754543,0.00015239133551550444,1.995748041986658,0.046158614525712405,0.9905791077860904,0.6890627976499722
macro,macro@1,best_valid,session,final,final.intra.Memory,intra,2,ScalarGroupConditionalProductWrapper,,,,0.9990742873777866,0.9998548241644105,0.513992795788307,0.0,0.9999961103425452,3.889665019474151e-06,1.999709648328821,0.012051612138748169,0.7569963978941535,0.6925055254658493
macro,macro@1,best_valid,session,final,final.intra.Tempo,intra,2,ScalarGroupConditionalProductWrapper,,,,0.9770543107828417,0.9990065440427774,0.6724854530340814,0.0,0.9995288580207364,0.00047125300151879706,1.998013088085555,0.031532853841781616,0.8362427265170407,0.6772424407730673
