{
  "split": "best_valid",
  "feature_mode": "runtime:unknown|ablation:none",
  "stages": [
    {
      "stage": "macro@1",
      "n_eff": 10.611821810722754,
      "cv_usage": 0.3616823744272478,
      "top1_max_frac": 0.4328458690204585,
      "entropy_mean": 2.3720999340801137,
      "route_jitter_adjacent": 0.0,
      "route_consistency_knn_js": 0.0033053888461016764,
      "route_consistency_knn_score": 0.9967000679376905,
      "route_consistency_group_knn_js": 0.0006203597598363413,
      "route_consistency_group_knn_score": 0.9993798326234952,
      "route_consistency_intra_group_knn_mean_js": 0.0029757445916069273,
      "route_consistency_intra_group_knn_mean_score": 0.9970322914753333,
      "route_consistency_feature_group_knn_mean_score": 0.9905227483409663,
      "family_top_expert_mean_share": 0.129187673330307,
      "route_consistency_feature_group_knn_tempo_js": 0.006873290788858201,
      "route_consistency_feature_group_knn_tempo_score": 0.9931502762489954,
      "route_consistency_feature_group_knn_focus_js": 0.010625625004186463,
      "route_consistency_feature_group_knn_focus_score": 0.9894306275334264,
      "route_consistency_feature_group_knn_memory_js": 0.011951414916678203,
      "route_consistency_feature_group_knn_memory_score": 0.9881197195746235,
      "route_consistency_feature_group_knn_exposure_js": 0.008646906972374361,
      "route_consistency_feature_group_knn_exposure_score": 0.9913903700068198
    }
  ]
}
