best_mrr20,epoch,epoch_time_sec,eval,lr,patience_used,train_loss,trial,valid_mrr20
0.0131,1,23.446139812469482,1,0.0007998187552579467,0,679.5170240402222,1,0.0131
0.0171,3,22.173081398010254,1,0.0007983698921263105,0,572.7134304046631,1,0.0171
0.0182,10,21.309175729751587,1,0.0007820256023867403,2,486.0763831138611,1,0.018
0.019,12,22.308284997940063,1,0.0007742124558857861,0,470.57292222976685,1,0.019
0.019,22,22.82786798477173,1,0.0007157759995228321,10,398.6997790336609,1,0.0175
