stage_name,stage_key,split,aggregation_level,node_kind,node_name,route_space,support_size,wrapper_name,source_type,temperature,top_k,entropy_norm,n_eff_norm,top1_monopoly_norm,jitter_adj_norm,knn_consistency_score,knn_consistency_js,n_eff,cv_usage,top1_max_frac,entropy_mean
macro,macro@1,best_valid,session,final,final.expert,expert,16,FlatJointWrapper,,,,0.9367013869597445,0.990234946550902,0.07169614077881349,0.6899974548231103,0.9619394027786897,0.03880382117498188,15.843759144814433,0.09930410542439158,0.12971513198013765,2.5970877015909486
macro,macro@1,best_valid,session,final,final.group,group,4,FlatJointWrapper,,,,0.9637877823167843,0.9953285360582887,0.15823097250050813,0.0,0.9900535059241565,0.009996290925917984,3.981314144233155,0.06850839406251907,0.3686732293753811,1.3360935679420027
macro,macro@1,best_valid,session,final,final.intra.Exposure,intra,4,FlatJointWrapper,,,,0.92932623584027,0.9965865701040947,0.05787379853065019,0.0,0.9751167528429453,0.025198068647745465,3.9863462804163787,0.05852410546088847,0.29340534889798764,1.2883197203861398
macro,macro@1,best_valid,session,final,final.intra.Focus,intra,4,FlatJointWrapper,,,,0.9234933495027182,0.9966525215156432,0.109794697563667,0.0,0.9737293749710159,0.026621863052549363,3.986610086062573,0.05795462429523468,0.33234602317275025,1.2802336229473386
macro,macro@1,best_valid,session,final,final.intra.Memory,intra,4,FlatJointWrapper,,,,0.9081700254623964,0.9832822484820772,0.14162093097540432,0.0,0.9704086462881842,0.030038011367068834,3.933128993928309,0.1303916722536087,0.35621569823155325,1.2589909852366277
macro,macro@1,best_valid,session,final,final.intra.Tempo,intra,4,FlatJointWrapper,,,,0.9075052894889056,0.9988590398645423,0.09364927258471993,0.0,0.9700653235482338,0.030391865888046186,3.995436159458169,0.0337984768330143,0.32023695443853994,1.2580694655049438
