{
  "split": "best_valid",
  "feature_mode": "none",
  "stages": [
    {
      "stage": "macro@1",
      "n_eff": 11.967297393087614,
      "cv_usage": 0.0522744183852922,
      "top1_max_frac": 0.7321714014838333,
      "entropy_mean": 2.4515756082503777,
      "route_jitter_adjacent": 0.0,
      "route_consistency_knn_js": 0.0005368094354767992,
      "route_consistency_knn_score": 0.9994633346209301,
      "route_consistency_group_knn_js": 0.00020251341187150774,
      "route_consistency_group_knn_score": 0.9997975070925853,
      "route_consistency_intra_group_knn_mean_js": 0.00033550343365625843,
      "route_consistency_intra_group_knn_mean_score": 0.9996646526811598,
      "route_consistency_feature_group_knn_mean_score": 0.9985427717520727,
      "family_top_expert_mean_share": 0.0964016392827034,
      "route_consistency_feature_group_knn_tempo_js": 0.0012155367280282155,
      "route_consistency_feature_group_knn_tempo_score": 0.9987852017374994,
      "route_consistency_feature_group_knn_focus_js": 0.0009740350408517942,
      "route_consistency_feature_group_knn_focus_score": 0.9990264391772977,
      "route_consistency_feature_group_knn_memory_js": 0.0013841051116886209,
      "route_consistency_feature_group_knn_memory_score": 0.9986168523200118,
      "route_consistency_feature_group_knn_exposure_js": 0.0022599580089502137,
      "route_consistency_feature_group_knn_exposure_score": 0.9977425937734818
    }
  ]
}
