best_mrr20,epoch,epoch_time_sec,eval,lr,patience_used,train_loss,trial,valid_mrr20
0.0131,1,18.50364327430725,1,0.0005476,0,686.6410126686096,1,0.0131
0.0157,3,17.369750022888184,1,0.0005476,0,585.2343926429749,1,0.0157
0.018,10,18.209656238555908,1,0.0005476,0,490.6467547416687,1,0.018
0.018,20,17.255059957504272,1,0.0005476,10,412.282910823822,1,0.0168
