best_mrr20,epoch,epoch_time_sec,eval,lr,patience_used,train_loss,trial,valid_mrr20
0.3151,1,41.828784704208374,1,0.00056966,0,2153.490131855011,1,0.3151
0.363,3,43.14118766784668,1,0.00056966,0,1143.620255947113,1,0.363
0.375,5,42.81653332710266,1,0.00056966,0,871.8121285438538,1,0.375
0.375,10,42.23999762535095,1,0.00056966,5,657.2649993896484,1,0.3623
0.375,15,42.60356950759888,1,0.00056966,10,492.8971766233444,1,0.3334
