stage_name,stage_key,split,aggregation_level,node_kind,node_name,route_space,support_size,wrapper_name,source_type,temperature,top_k,entropy_norm,n_eff_norm,top1_monopoly_norm,jitter_adj_norm,knn_consistency_score,knn_consistency_js,n_eff,cv_usage,top1_max_frac,entropy_mean
macro,macro@1,best_valid,session,final,final.expert,expert,12,FlatJointWrapper,,,,0.9252575011863904,0.8893603952617214,0.2587705888065956,0.806512354183889,0.9832526917615683,0.016889130057318274,10.672324743140656,0.35270898656302613,0.32053970640604595,2.29917851746429
macro,macro@1,best_valid,session,final,final.group,group,4,FlatJointWrapper,,,,0.9612608490557785,0.9809621994413084,0.35198301217372957,0.0,0.9943968261540617,0.005618930510297167,3.9238487977652334,0.13930991291999817,0.5139872591302972,1.332590494611344
macro,macro@1,best_valid,session,final,final.intra.Exposure,intra,3,FlatJointWrapper,,,,0.9175527631481907,0.9628169605912104,0.42238752819214187,0.0,0.9890621306637521,0.010998127630146001,2.888450881773631,0.196517509014458,0.6149250187947612,1.0080347410959818
macro,macro@1,best_valid,session,final,final.intra.Focus,intra,3,FlatJointWrapper,,,,0.9342733874813722,0.9921289768805347,0.10313377913187992,0.0,0.9901866896661006,0.009861778211307444,2.976386930641604,0.0890699672976146,0.40208918608791994,1.0264042244626181
macro,macro@1,best_valid,session,final,final.intra.Memory,intra,3,FlatJointWrapper,,,,0.807191292866695,0.8062479882504697,0.7320856249752701,0.0,0.9890895543761142,0.010970401028014143,2.418743964751409,0.4902176702152294,0.8213904166501801,0.8867902736492502
macro,macro@1,best_valid,session,final,final.intra.Tempo,intra,3,FlatJointWrapper,,,,0.9109128962107311,0.948005020965943,0.35431092470225134,0.0,0.9904668852640994,0.009578845745565279,2.844015062897829,0.23419387685674795,0.5695406164681676,1.0007401016833677
