stage_name,stage_key,split,aggregation_level,node_kind,node_name,route_space,support_size,wrapper_name,source_type,temperature,top_k,entropy_norm,n_eff_norm,top1_monopoly_norm,jitter_adj_norm,knn_consistency_score,knn_consistency_js,n_eff,cv_usage,top1_max_frac,entropy_mean
macro,macro@1,best_valid,session,final,final.expert,expert,16,ScalarGroupConditionalProductWrapper,,,,0.9733647306140142,0.9826889190291624,0.7407961577537637,0.0,0.9979045661672012,0.0020976323260074596,15.723022704466599,0.13272538082154875,0.7569963978941535,2.6987400747263783
macro,macro@1,best_valid,session,final,final.group,group,4,ScalarGroupConditionalProductWrapper,,,,0.9612378647751568,0.9893656795192324,0.6759951971922047,0.0,0.9985429249565738,0.0014581376095517782,3.9574627180769295,0.10367541015148163,0.7569963978941535,1.3325586316327238
macro,macro@1,best_valid,session,final,final.intra.Exposure,intra,4,ScalarGroupConditionalProductWrapper,,,,0.9978594244246966,0.99510762350457,0.8182321972845664,0.0,0.999985303423352,1.469668464369751e-05,3.98043049401828,0.07011736184358597,0.8636741479634248,1.3833268932702965
macro,macro@1,best_valid,session,final,final.intra.Focus,intra,4,ScalarGroupConditionalProductWrapper,,,,0.9830403020447128,0.9868031119923885,0.7687263323173547,0.0,0.9988437191825874,0.0011569498258344295,3.947212447969554,0.1156436864308937,0.826544749238016,1.3627832274781795
macro,macro@1,best_valid,session,final,final.intra.Memory,intra,4,ScalarGroupConditionalProductWrapper,,,,0.9695696502160502,0.9961808709134369,0.6759951971922047,0.0,0.9995555116664344,0.00044458714778723707,3.9847234836537475,0.06191848963499069,0.7569963978941535,1.3441089388074952
macro,macro@1,best_valid,session,final,final.intra.Tempo,intra,4,ScalarGroupConditionalProductWrapper,,,,0.9904605498906626,0.9829556040461839,0.99778331947908,0.0,0.9998068039820738,0.00019321468268094832,3.9318224161847355,0.13168129324913025,0.99833748960931,1.3730698752251316
