stage_name,stage_key,split,aggregation_level,node_kind,node_name,route_space,support_size,wrapper_name,source_type,temperature,top_k,entropy_norm,n_eff_norm,top1_monopoly_norm,jitter_adj_norm,knn_consistency_score,knn_consistency_js,n_eff,cv_usage,top1_max_frac,entropy_mean
micro,micro@1,best_valid,token,final,final.expert,expert,16,FlatJointWrapper,,,,0.8334062635964208,0.9732308970292389,0.0645667346056451,0.6468702077234072,0.8990980296269893,0.10636320748865127,15.571694352467823,0.1658475548028946,0.12303131369279229,2.3106928074914306
micro,micro@1,best_valid,token,final,final.group,group,4,FlatJointWrapper,,,,0.883207705732299,0.995852104125245,0.042925081835587665,0.0,0.9615174188902045,0.03924259774693466,3.98340841650098,0.06453875091902918,0.28219381137669075,1.2243858621543218
micro,micro@1,best_valid,token,final,final.intra.Exposure,intra,4,FlatJointWrapper,,,,0.8204849215784011,0.9880525914948359,0.1244518559693657,0.0,0.937483350367216,0.06455628090357787,3.9522103659793437,0.10996349900960922,0.3433388919770243,1.137433620168033
micro,micro@1,best_valid,token,final,final.intra.Focus,intra,4,FlatJointWrapper,,,,0.832798900284499,0.9885250785294906,0.0812179605953925,0.0,0.9423194169772182,0.05941097804177239,3.9541003141179623,0.1077408641576767,0.3109134704465444,1.154504419411247
micro,micro@1,best_valid,token,final,final.intra.Memory,intra,4,FlatJointWrapper,,,,0.7782233599725765,0.9884256068043246,0.09628806126860605,0.0,0.9219252802048156,0.08129109970214979,3.9537024272172983,0.10821229219436646,0.32221604595145453,1.0788466556217575
micro,micro@1,best_valid,token,final,final.intra.Tempo,intra,4,FlatJointWrapper,,,,0.8561352194881415,0.99882859281348,0.05601877586313386,0.0,0.945166095079414,0.056394604943925196,3.99531437125392,0.03424535691738129,0.2920140818973504,1.1868554271325504
