best_mrr20,epoch,epoch_time_sec,eval,lr,patience_used,train_loss,trial,valid_mrr20
0.0067,1,3.2695508003234863,1,0.0009640155470717386,0,79.20334720611572,1,0.0067
0.0194,3,2.3718020915985107,1,0.000962269243205651,0,64.99026679992676,1,0.0194
0.0545,10,2.372671365737915,1,0.0009425695933647202,0,42.85653495788574,1,0.0545
0.0728,15,2.4084203243255615,1,0.0009159991119992491,0,35.47536015510559,1,0.0728
0.0728,25,2.180743932723999,1,0.0008347023715926777,10,25.901042938232422,1,0.0604
