best_mrr20,epoch,epoch_time_sec,eval,lr,patience_used,train_loss,trial,valid_mrr20
0.0137,1,18.29542350769043,1,0.0005476,0,666.2264366149902,1,0.0137
0.0169,3,17.022063970565796,1,0.0005476,0,566.5078001022339,1,0.0169
0.0184,5,16.98937726020813,1,0.0005476,0,530.56609582901,1,0.0184
0.0184,10,16.89353322982788,1,0.0005476,5,467.1762070655823,1,0.0176
0.0184,15,18.17429256439209,1,0.0005476,10,416.9571008682251,1,0.0181
