stage_name,stage_key,split,aggregation_level,node_kind,node_name,route_space,support_size,wrapper_name,source_type,temperature,top_k,entropy_norm,n_eff_norm,top1_monopoly_norm,jitter_adj_norm,knn_consistency_score,knn_consistency_js,n_eff,cv_usage,top1_max_frac,entropy_mean
macro,macro@1,best_valid,session,final,final.expert,expert,12,GroupConditionalProductWrapper,,,,0.9003101420752696,0.9863322692346133,0.1866952959919555,0.0,0.991729029824941,0.008305364429406882,11.835987230815359,0.11771628282319657,0.25447068799262584,2.2371866589144167
macro,macro@1,best_valid,session,final,final.group,group,4,GroupConditionalProductWrapper,,,,0.8739296904856168,0.9882695673912587,0.18713462067669426,0.0,0.99459233507486,0.005422339271652843,3.953078269565035,0.10894781351089478,0.3903509655075207,1.2115238019354617
macro,macro@1,best_valid,session,final,final.intra.Exposure,intra,3,GroupConditionalProductWrapper,,,,0.7217311776328004,0.9431965676564763,0.24764244340186187,0.0,0.9908435222222034,0.009198655987092698,2.829589702969429,0.2454066724954047,0.49842829560124124,0.7929027408623008
macro,macro@1,best_valid,session,final,final.intra.Focus,intra,3,GroupConditionalProductWrapper,,,,0.9802382527455052,0.9981833974317441,0.2755102725704583,0.0,0.9989771771881941,0.001023346252012879,2.9945501922952324,0.0426593149405922,0.5170068483803055,1.0769017902887685
macro,macro@1,best_valid,session,final,final.intra.Memory,intra,3,GroupConditionalProductWrapper,,,,0.9522904146239204,0.9988429538377309,0.6151058131808388,0.0,0.9995719740081694,0.0004281176211027825,2.996528861513193,0.03403583719474562,0.7434038754538925,1.0461979518866884
macro,macro@1,best_valid,session,final,final.intra.Tempo,intra,3,GroupConditionalProductWrapper,,,,0.999177907822765,0.998494391970154,0.939727093946533,0.0,0.999992988952398,7.011072179585983e-06,2.995483175910462,0.038830601384323794,0.959818062631022,1.0977091280997815
