best_mrr20,epoch,epoch_time_sec,eval,lr,patience_used,train_loss,trial,valid_mrr20
0.014,1,13.856015920639038,1,0.0005476,0,704.1381921768188,1,0.014
0.0149,3,12.912781000137329,1,0.0005476,0,606.6022953987122,1,0.0149
0.0165,10,14.005830526351929,1,0.0005476,0,529.1045165061951,1,0.0165
0.0181,17,13.563776016235352,1,0.0005476,0,505.40321588516235,1,0.0181
0.0181,27,13.175261735916138,1,0.0005476,10,488.05606269836426,1,0.0168
