{
  "split": "best_valid",
  "feature_mode": "none",
  "stages": [
    {
      "stage": "macro@1",
      "n_eff": 11.6558902712485,
      "cv_usage": 0.17182114626891293,
      "top1_max_frac": 0.5095374967337339,
      "entropy_mean": 2.4257756361053042,
      "route_jitter_adjacent": 0.0,
      "route_consistency_knn_js": 0.0031950976939458258,
      "route_consistency_knn_score": 0.9968100011987587,
      "route_consistency_group_knn_js": 0.001766253457589469,
      "route_consistency_group_knn_score": 0.998235305450105,
      "route_consistency_intra_group_knn_mean_js": 0.0015057654716025513,
      "route_consistency_intra_group_knn_mean_score": 0.9984960223297377,
      "route_consistency_feature_group_knn_mean_score": 0.9881236343670903,
      "family_top_expert_mean_share": 0.11579225212335587,
      "route_consistency_feature_group_knn_tempo_js": 0.01274241624147914,
      "route_consistency_feature_group_knn_tempo_score": 0.9873384246107907,
      "route_consistency_feature_group_knn_focus_js": 0.009895969345754456,
      "route_consistency_feature_group_knn_focus_score": 0.9901528346386408,
      "route_consistency_feature_group_knn_memory_js": 0.01479744328462498,
      "route_consistency_feature_group_knn_memory_score": 0.9853115008523786,
      "route_consistency_feature_group_knn_exposure_js": 0.01036172032199614,
      "route_consistency_feature_group_knn_exposure_score": 0.9896917773665511
    }
  ]
}
