stage_name,stage_key,split,aggregation_level,node_kind,node_name,route_space,support_size,wrapper_name,source_type,temperature,top_k,entropy_norm,n_eff_norm,top1_monopoly_norm,jitter_adj_norm,knn_consistency_score,knn_consistency_js,n_eff,cv_usage,top1_max_frac,entropy_mean
micro,micro@1,best_valid,token,primitive,primitive.a_joint,expert,16,FlatJointWrapper,both,1.0,,0.9489770634820175,0.9961627712693184,0.03629235996166913,0.0,0.9634674881064386,0.03721653522953938,15.938604340309094,0.06206569070407041,0.09652408746406481,2.6311231038744665
micro,micro@1,best_valid,token,wrapper,wrapper.group,group,4,FlatJointWrapper,,,,0.9784603315573569,0.9994190731762878,0.08842233644045645,0.0,0.9930301865087726,0.0069942160951139785,3.997676292705151,0.024112237617373466,0.31631675233034234,1.3564340402174624
micro,micro@1,best_valid,token,wrapper,wrapper.intra.Exposure,intra,4,FlatJointWrapper,,,,0.9214799948296857,0.9975288335454573,0.109794697563667,0.0,0.9691980058078589,0.03128634760703082,3.990115334181829,0.04977194219827652,0.33234602317275025,1.2774425207171791
micro,micro@1,best_valid,token,wrapper,wrapper.intra.Focus,intra,4,FlatJointWrapper,,,,0.930121470433372,0.9963641520668366,0.05822226094026776,0.0,0.974765562893022,0.025558285211469876,3.9854566082673464,0.06040874868631363,0.2936666957052008,1.2894221496183247
micro,micro@1,best_valid,token,wrapper,wrapper.intra.Memory,intra,4,FlatJointWrapper,,,,0.9231546913168145,0.9991872960423354,0.06402996776722714,0.0,0.9686358110712322,0.031866577704681674,3.9967491841693414,0.028521092608571053,0.29802247582542035,1.279764143013873
micro,micro@1,best_valid,token,wrapper,wrapper.intra.Tempo,intra,4,FlatJointWrapper,,,,0.9274161631690271,0.9958433557441205,0.13372244969073957,0.0,0.9715867507153808,0.028824718510107056,3.983373422976482,0.06460639089345932,0.3502918372680547,1.2856717974126666
