stage_name,stage_key,split,aggregation_level,node_kind,node_name,route_space,support_size,wrapper_name,source_type,temperature,top_k,entropy_norm,n_eff_norm,top1_monopoly_norm,jitter_adj_norm,knn_consistency_score,knn_consistency_js,n_eff,cv_usage,top1_max_frac,entropy_mean
macro,macro@1,best_valid,session,final,final.expert,expert,20,FlatJointWrapper,,,,0.8314449760347297,0.7407524852495482,0.23550616738895477,0.837650408744374,0.9610236229675465,0.039756288661994946,14.815049704990964,0.5915898741544802,0.273730859019507,2.490786548391564
macro,macro@1,best_valid,session,final,final.group,group,4,FlatJointWrapper,,,,0.9325346936253227,0.9775720120488555,0.3312494229678577,0.0,0.9911694444733269,0.00886977594489539,3.910288048195422,0.15146837541272493,0.49843706722589326,1.2927675873214497
macro,macro@1,best_valid,session,final,final.intra.Exposure,intra,5,FlatJointWrapper,,,,0.7281820484771028,0.6965873596162238,0.5300320500138487,0.0,0.9741289969499409,0.02621154370870751,3.482936798081119,0.6599775350080451,0.624025640011079,1.1719637959729752
macro,macro@1,best_valid,session,final,final.intra.Focus,intra,5,FlatJointWrapper,,,,0.7551141189728153,0.7470349801071158,0.4244351679658133,0.0,0.9721197477329764,0.028276284853708204,3.7351749005355788,0.5819152581406346,0.5395481343726507,1.2153092912891228
macro,macro@1,best_valid,session,final,final.intra.Memory,intra,5,FlatJointWrapper,,,,0.78280736194807,0.8819158780464871,0.27239544177580816,0.0,0.9705830104617952,0.029858346324745128,4.409579390232436,0.3659167358825645,0.41791635342064654,1.2598798464517469
macro,macro@1,best_valid,session,final,final.intra.Tempo,intra,5,FlatJointWrapper,,,,0.832740987264161,0.8946391464376836,0.3349127527400783,0.0,0.9779952911100436,0.022250423774817358,4.473195732188418,0.3431749665264045,0.46793020219206266,1.340244916140743
