stage_name,stage_key,split,aggregation_level,node_kind,node_name,route_space,support_size,wrapper_name,source_type,temperature,top_k,entropy_norm,n_eff_norm,top1_monopoly_norm,jitter_adj_norm,knn_consistency_score,knn_consistency_js,n_eff,cv_usage,top1_max_frac,entropy_mean
macro,macro@1,best_valid,session,final,final.expert,expert,12,ScalarGroupConditionalProductWrapper,,,,0.9313608840757335,0.8608072089123003,0.3888699042816085,0.0,0.9920653088017428,0.007966338378696926,10.329686506947604,0.4021196245515458,0.4397974122581411,2.314344854192221
macro,macro@1,best_valid,session,final,final.group,group,4,ScalarGroupConditionalProductWrapper,,,,0.9552977271098758,0.9171628440833399,0.8814545166778776,0.0,0.9985772236874497,0.0014237894198321451,3.6686513763333597,0.30053120851516724,0.9110908875084082,1.324323852283069
macro,macro@1,best_valid,session,final,final.intra.Exposure,intra,3,ScalarGroupConditionalProductWrapper,,,,0.7345825249335565,0.6446765511443601,0.9697305424761602,0.0,0.9936438465260211,0.006376439825266761,1.9340296534330803,0.7424051242350005,0.9798203616507736,0.8070213889328532
macro,macro@1,best_valid,session,final,final.intra.Focus,intra,3,ScalarGroupConditionalProductWrapper,,,,0.9734207003537055,0.9979603848673869,0.3342499901080205,0.0,0.997686807814498,0.0023158717475710135,2.993881154602161,0.04520764253414743,0.5561666600720137,1.0694119434524987
macro,macro@1,best_valid,session,final,final.intra.Memory,intra,3,ScalarGroupConditionalProductWrapper,,,,0.8896249760490421,0.8912228139903765,0.7326197918727495,0.0,0.9896481371783291,0.010405816020676667,2.6736684419711296,0.34936211707108866,0.8217465279151663,0.9773529309935505
macro,macro@1,best_valid,session,final,final.intra.Tempo,intra,3,ScalarGroupConditionalProductWrapper,,,,0.9159932480457261,0.9754209526467336,0.2745420013453092,0.0,0.993710474132612,0.0063093882623690475,2.9262628579402006,0.158740380927347,0.5163613342302061,1.0063214386400507
