{
  "model": "SIGMA",
  "dataset": "amazon_beauty",
  "dataset_raw": "amazon_beauty",
  "max_evals": 10,
  "tune_epochs": 52,
  "n_completed": 10,
  "n_recorded_trials": 10,
  "timestamp": "2026-03-28T08:07:30.993796",
  "trials": [
    {
      "trial": 1,
      "params": {
        "MAX_ITEM_LIST_LENGTH": 10,
        "learning_rate": 9.975631568064834e-05
      },
      "mrr@20": 0.0575,
      "valid_result": {
        "hit@5": 0.0619,
        "hit@10": 0.0619,
        "hit@20": 0.0619,
        "ndcg@5": 0.0587,
        "ndcg@10": 0.0587,
        "ndcg@20": 0.0587,
        "mrr@5": 0.0575,
        "mrr@10": 0.0575,
        "mrr@20": 0.0575
      },
      "test_result": {
        "hit@5": 0.1228,
        "hit@10": 0.1228,
        "hit@20": 0.1228,
        "ndcg@5": 0.1228,
        "ndcg@10": 0.1228,
        "ndcg@20": 0.1228,
        "mrr@5": 0.1228,
        "mrr@10": 0.1228,
        "mrr@20": 0.1228
      },
      "best_hr@10": 0.0619,
      "test_mrr@20": 0.1228,
      "test_hr@10": 0.1228,
      "epochs_run": 9,
      "early_stop_epoch": 9,
      "early_stopped": true,
      "elapsed": 9.3,
      "status": "ok"
    },
    {
      "trial": 2,
      "params": {
        "MAX_ITEM_LIST_LENGTH": 5,
        "learning_rate": 0.0002595180811621423
      },
      "mrr@20": 0.0552,
      "valid_result": {
        "hit@5": 0.0531,
        "hit@10": 0.0619,
        "hit@20": 0.0796,
        "ndcg@5": 0.0531,
        "ndcg@10": 0.0558,
        "ndcg@20": 0.0601,
        "mrr@5": 0.0531,
        "mrr@10": 0.0541,
        "mrr@20": 0.0552
      },
      "test_result": {
        "hit@5": 0.1228,
        "hit@10": 0.1228,
        "hit@20": 0.1228,
        "ndcg@5": 0.1228,
        "ndcg@10": 0.1228,
        "ndcg@20": 0.1228,
        "mrr@5": 0.1228,
        "mrr@10": 0.1228,
        "mrr@20": 0.1228
      },
      "best_hr@10": 0.0619,
      "test_mrr@20": 0.1228,
      "test_hr@10": 0.1228,
      "epochs_run": 8,
      "early_stop_epoch": 8,
      "early_stopped": true,
      "elapsed": 5.6,
      "status": "ok"
    },
    {
      "trial": 3,
      "params": {
        "MAX_ITEM_LIST_LENGTH": 30,
        "learning_rate": 0.000339084595589015
      },
      "mrr@20": 0.0535,
      "valid_result": {
        "hit@5": 0.0531,
        "hit@10": 0.0531,
        "hit@20": 0.0619,
        "ndcg@5": 0.0531,
        "ndcg@10": 0.0531,
        "ndcg@20": 0.0551,
        "mrr@5": 0.0531,
        "mrr@10": 0.0531,
        "mrr@20": 0.0535
      },
      "test_result": {
        "hit@5": 0.1228,
        "hit@10": 0.1228,
        "hit@20": 0.1228,
        "ndcg@5": 0.1228,
        "ndcg@10": 0.1228,
        "ndcg@20": 0.1228,
        "mrr@5": 0.1228,
        "mrr@10": 0.1228,
        "mrr@20": 0.1228
      },
      "best_hr@10": 0.0531,
      "test_mrr@20": 0.1228,
      "test_hr@10": 0.1228,
      "epochs_run": 8,
      "early_stop_epoch": 8,
      "early_stopped": true,
      "elapsed": 14.7,
      "status": "ok"
    },
    {
      "trial": 4,
      "params": {
        "MAX_ITEM_LIST_LENGTH": 5,
        "learning_rate": 0.00012984852097089504
      },
      "mrr@20": 0.0553,
      "valid_result": {
        "hit@5": 0.0531,
        "hit@10": 0.0619,
        "hit@20": 0.0796,
        "ndcg@5": 0.0531,
        "ndcg@10": 0.0559,
        "ndcg@20": 0.0602,
        "mrr@5": 0.0531,
        "mrr@10": 0.0542,
        "mrr@20": 0.0553
      },
      "test_result": {
        "hit@5": 0.1228,
        "hit@10": 0.1228,
        "hit@20": 0.1404,
        "ndcg@5": 0.1228,
        "ndcg@10": 0.1228,
        "ndcg@20": 0.1269,
        "mrr@5": 0.1228,
        "mrr@10": 0.1228,
        "mrr@20": 0.1238
      },
      "best_hr@10": 0.0619,
      "test_mrr@20": 0.1238,
      "test_hr@10": 0.1228,
      "epochs_run": 8,
      "early_stop_epoch": 8,
      "early_stopped": true,
      "elapsed": 5.5,
      "status": "ok"
    },
    {
      "trial": 5,
      "params": {
        "MAX_ITEM_LIST_LENGTH": 10,
        "learning_rate": 0.00029381187268339413
      },
      "mrr@20": 0.0575,
      "valid_result": {
        "hit@5": 0.0619,
        "hit@10": 0.0619,
        "hit@20": 0.0619,
        "ndcg@5": 0.0587,
        "ndcg@10": 0.0587,
        "ndcg@20": 0.0587,
        "mrr@5": 0.0575,
        "mrr@10": 0.0575,
        "mrr@20": 0.0575
      },
      "test_result": {
        "hit@5": 0.1228,
        "hit@10": 0.1228,
        "hit@20": 0.1228,
        "ndcg@5": 0.1228,
        "ndcg@10": 0.1228,
        "ndcg@20": 0.1228,
        "mrr@5": 0.1228,
        "mrr@10": 0.1228,
        "mrr@20": 0.1228
      },
      "best_hr@10": 0.0619,
      "test_mrr@20": 0.1228,
      "test_hr@10": 0.1228,
      "epochs_run": 8,
      "early_stop_epoch": 8,
      "early_stopped": true,
      "elapsed": 7.2,
      "status": "ok"
    },
    {
      "trial": 6,
      "params": {
        "MAX_ITEM_LIST_LENGTH": 10,
        "learning_rate": 0.00011471919063376596
      },
      "mrr@20": 0.0575,
      "valid_result": {
        "hit@5": 0.0619,
        "hit@10": 0.0619,
        "hit@20": 0.0619,
        "ndcg@5": 0.0587,
        "ndcg@10": 0.0587,
        "ndcg@20": 0.0587,
        "mrr@5": 0.0575,
        "mrr@10": 0.0575,
        "mrr@20": 0.0575
      },
      "test_result": {
        "hit@5": 0.1228,
        "hit@10": 0.1228,
        "hit@20": 0.1228,
        "ndcg@5": 0.1228,
        "ndcg@10": 0.1228,
        "ndcg@20": 0.1228,
        "mrr@5": 0.1228,
        "mrr@10": 0.1228,
        "mrr@20": 0.1228
      },
      "best_hr@10": 0.0619,
      "test_mrr@20": 0.1228,
      "test_hr@10": 0.1228,
      "epochs_run": 9,
      "early_stop_epoch": 9,
      "early_stopped": true,
      "elapsed": 8.3,
      "status": "ok"
    },
    {
      "trial": 7,
      "params": {
        "MAX_ITEM_LIST_LENGTH": 5,
        "learning_rate": 0.0001858256349420156
      },
      "mrr@20": 0.0554,
      "valid_result": {
        "hit@5": 0.0531,
        "hit@10": 0.0619,
        "hit@20": 0.0796,
        "ndcg@5": 0.0531,
        "ndcg@10": 0.0559,
        "ndcg@20": 0.0603,
        "mrr@5": 0.0531,
        "mrr@10": 0.0542,
        "mrr@20": 0.0554
      },
      "test_result": {
        "hit@5": 0.1228,
        "hit@10": 0.1228,
        "hit@20": 0.1316,
        "ndcg@5": 0.1228,
        "ndcg@10": 0.1228,
        "ndcg@20": 0.1248,
        "mrr@5": 0.1228,
        "mrr@10": 0.1228,
        "mrr@20": 0.1233
      },
      "best_hr@10": 0.0619,
      "test_mrr@20": 0.1233,
      "test_hr@10": 0.1228,
      "epochs_run": 8,
      "early_stop_epoch": 8,
      "early_stopped": true,
      "elapsed": 5.9,
      "status": "ok"
    },
    {
      "trial": 8,
      "params": {
        "MAX_ITEM_LIST_LENGTH": 5,
        "learning_rate": 0.00018916180680095433
      },
      "mrr@20": 0.0554,
      "valid_result": {
        "hit@5": 0.0531,
        "hit@10": 0.0619,
        "hit@20": 0.0796,
        "ndcg@5": 0.0531,
        "ndcg@10": 0.0559,
        "ndcg@20": 0.0603,
        "mrr@5": 0.0531,
        "mrr@10": 0.0542,
        "mrr@20": 0.0554
      },
      "test_result": {
        "hit@5": 0.1228,
        "hit@10": 0.1228,
        "hit@20": 0.1316,
        "ndcg@5": 0.1228,
        "ndcg@10": 0.1228,
        "ndcg@20": 0.1248,
        "mrr@5": 0.1228,
        "mrr@10": 0.1228,
        "mrr@20": 0.1233
      },
      "best_hr@10": 0.0619,
      "test_mrr@20": 0.1233,
      "test_hr@10": 0.1228,
      "epochs_run": 8,
      "early_stop_epoch": 8,
      "early_stopped": true,
      "elapsed": 5.7,
      "status": "ok"
    },
    {
      "trial": 9,
      "params": {
        "MAX_ITEM_LIST_LENGTH": 10,
        "learning_rate": 0.00023417912423308136
      },
      "mrr@20": 0.0575,
      "valid_result": {
        "hit@5": 0.0619,
        "hit@10": 0.0619,
        "hit@20": 0.0619,
        "ndcg@5": 0.0587,
        "ndcg@10": 0.0587,
        "ndcg@20": 0.0587,
        "mrr@5": 0.0575,
        "mrr@10": 0.0575,
        "mrr@20": 0.0575
      },
      "test_result": {
        "hit@5": 0.1228,
        "hit@10": 0.1228,
        "hit@20": 0.1228,