stage_name,stage_key,split,aggregation_level,node_kind,node_name,route_space,support_size,wrapper_name,source_type,temperature,top_k,entropy_norm,n_eff_norm,top1_monopoly_norm,jitter_adj_norm,knn_consistency_score,knn_consistency_js,n_eff,cv_usage,top1_max_frac,entropy_mean
macro,macro@1,best_valid,session,final,final.expert,expert,8,FlatJointWrapper,,,,0.951666264320272,0.9982786059338054,0.0680678507042111,0.756865127582017,0.9882426500605991,0.011827014161004196,7.986228847470443,0.041524920612573624,0.18455936936618472,1.9789343638428365
macro,macro@1,best_valid,session,final,final.group,group,4,FlatJointWrapper,,,,0.9635670804117499,0.9991648025994506,0.07233671509538457,0.0,0.9943175485947976,0.005698657956644044,3.9966592103978025,0.028913360089063644,0.3042525363215384,1.335787610135565
macro,macro@1,best_valid,session,final,final.intra.Exposure,intra,2,FlatJointWrapper,,,,0.9351009331306309,0.9996963469633982,0.15663332037187594,0.0,0.9949824209456345,0.005030209370936642,1.9993926939267963,0.017428278923034668,0.578316660185938,0.6481625753384708
macro,macro@1,best_valid,session,final,final.intra.Focus,intra,2,FlatJointWrapper,,,,0.9247633887419924,0.9999313401637155,0.03163773905051426,0.0,0.9943319103238146,0.005684214255716378,1.999862680327431,0.008292943239212036,0.5158188695252571,0.6409971355915727
macro,macro@1,best_valid,session,final,final.intra.Memory,intra,2,FlatJointWrapper,,,,0.9314776031042944,0.9968838348487136,0.20477924281522863,0.0,0.9942244100129913,0.005792333205960532,1.9937676696974271,0.05590927600860596,0.6023896214076143,0.6456510743464774
macro,macro@1,best_valid,session,final,final.intra.Tempo,intra,2,FlatJointWrapper,,,,0.9455074051065366,0.9995547132535662,0.04174767577503613,0.0,0.9953311042818511,0.004679829056112592,1.9991094265071323,0.021106362342834473,0.5208738378875181,0.6553757920481459
