{
  "split": "best_valid",
  "feature_mode": "none",
  "stages": [
    {
      "stage": "macro@1",
      "n_eff": 15.500002251938312,
      "cv_usage": 0.1796044409275055,
      "top1_max_frac": 0.17684977578475336,
      "entropy_mean": 2.528333997512612,
      "route_jitter_adjacent": 0.7861271676300579,
      "route_consistency_knn_js": 0.0337730815345971,
      "route_consistency_knn_score": 0.9667908624472686,
      "route_consistency_group_knn_js": 0.009575653684576543,
      "route_consistency_group_knn_score": 0.9904700468998505,
      "route_consistency_intra_group_knn_mean_js": 0.024508050374056924,
      "route_consistency_intra_group_knn_mean_score": 0.9757919747623692,
      "route_consistency_feature_group_knn_mean_score": 0.9543274306180257,
      "family_top_expert_mean_share": 0.0851004496216774,
      "route_consistency_feature_group_knn_tempo_js": 0.041406065653385726,
      "route_consistency_feature_group_knn_tempo_score": 0.9594394554270819,
      "route_consistency_feature_group_knn_focus_js": 0.04857795812676778,
      "route_consistency_feature_group_knn_focus_score": 0.9525830748190088,
      "route_consistency_feature_group_knn_memory_js": 0.04907290749192428,
      "route_consistency_feature_group_knn_memory_score": 0.95211171109108,
      "route_consistency_feature_group_knn_exposure_js": 0.04795625677519438,
      "route_consistency_feature_group_knn_exposure_score": 0.9531754811349323
    }
  ]
}
