{
  "split": "best_valid",
  "feature_mode": "none",
  "stages": [
    {
      "stage": "macro@1",
      "n_eff": 3.9814998031464763,
      "cv_usage": 0.06816474348306656,
      "top1_max_frac": 0.7698991031390134,
      "entropy_mean": 1.3765503750788257,
      "route_jitter_adjacent": 0.0,
      "route_consistency_knn_js": 0.0003922352094969681,
      "route_consistency_knn_score": 0.9996078417046763,
      "route_consistency_group_knn_js": 0.0003922352094969681,
      "route_consistency_group_knn_score": 0.9996078417046763,
      "route_consistency_intra_group_knn_mean_js": 0.0,
      "route_consistency_intra_group_knn_mean_score": 1.0,
      "route_consistency_feature_group_knn_mean_score": 0.9991704637573622,
      "family_top_expert_mean_share": 0.26770681142807007,
      "route_consistency_feature_group_knn_tempo_js": 0.0009388830483054811,
      "route_consistency_feature_group_knn_tempo_score": 0.9990615575644783,
      "route_consistency_feature_group_knn_focus_js": 0.0005370884705958754,
      "route_consistency_feature_group_knn_focus_score": 0.9994630557355985,
      "route_consistency_feature_group_knn_memory_js": 0.0010502679686417039,
      "route_consistency_feature_group_knn_memory_score": 0.9989502833697267,
      "route_consistency_feature_group_knn_exposure_js": 0.0007933562642269348,
      "route_consistency_feature_group_knn_exposure_score": 0.9992069583596456
    }
  ]
}
