best_mrr20,epoch,epoch_time_sec,eval,lr,patience_used,train_loss,trial,valid_mrr20
0.0184,1,2.9611175060272217,1,0.0005672,0,80.5850191116333,1,0.0184
0.0184,3,1.7760646343231201,1,0.0005672,2,74.27574348449707,1,0.0122
0.0584,10,1.9257349967956543,1,0.0005672,0,58.358060359954834,1,0.0584
0.0702,25,1.9596905708312988,1,0.0005672,0,40.17641234397888,1,0.0702
0.0702,35,1.797287940979004,1,0.0005672,10,32.03286099433899,1,0.0658
