best_mrr20,epoch,epoch_time_sec,eval,lr,patience_used,train_loss,trial,valid_mrr20
0.0131,1,22.989270210266113,1,0.0007998187552579467,0,660.0168962478638,1,0.0131
0.0161,3,22.344072103500366,1,0.0007983698921263105,1,555.0459542274475,1,0.016
0.0179,4,22.631943941116333,1,0.0007971037326190863,0,536.0381293296814,1,0.0179
0.0179,10,22.323164224624634,1,0.0007820256023867403,6,452.0219216346741,1,0.0166
0.0179,14,22.699040412902832,1,0.0007650535537831837,10,404.94119453430176,1,0.0149
