stage_name,stage_key,split,aggregation_level,node_kind,node_name,route_space,support_size,wrapper_name,source_type,temperature,top_k,entropy_norm,n_eff_norm,top1_monopoly_norm,jitter_adj_norm,knn_consistency_score,knn_consistency_js,n_eff,cv_usage,top1_max_frac,entropy_mean
macro,macro@1,best_valid,session,final,final.expert,expert,12,ScalarGroupConditionalProductWrapper,,,,0.9677390524802532,0.9808513413438572,0.211862433040913,0.0,0.9916260851828345,0.008409173012569904,11.770216096126287,0.13972350801877798,0.2775405636208369,2.40474120676772
macro,macro@1,best_valid,session,final,final.group,group,4,ScalarGroupConditionalProductWrapper,,,,0.9763730668254178,0.9988151538853273,0.021804725306006228,0.0,0.9960433826357672,0.003964465482891412,3.995260615541309,0.0344412736594677,0.26635354397950467,1.3535404768894108
macro,macro@1,best_valid,session,final,final.intra.Exposure,intra,3,ScalarGroupConditionalProductWrapper,,,,0.9258066870071028,0.9246218072968458,0.6850128095644749,0.0,0.9956765628103053,0.004332810269966536,2.7738654218905374,0.2855228877379231,0.7900085397096499,1.0171026032771135
macro,macro@1,best_valid,session,final,final.intra.Focus,intra,3,ScalarGroupConditionalProductWrapper,,,,0.9831692540094809,0.9762418483662284,0.8394961571306576,0.0,0.9987895969038696,0.0012111362256058274,2.9287255450986853,0.15600144302853602,0.8929974380871051,1.080121824295474
macro,macro@1,best_valid,session,final,final.intra.Memory,intra,3,ScalarGroupConditionalProductWrapper,,,,0.9968707719502488,0.9990760883384603,0.46174210076857386,0.0,0.9994803662248396,0.0005197688315791078,2.997228265015381,0.030410152885015224,0.6411614005123826,1.095174480278608
macro,macro@1,best_valid,session,final,final.intra.Tempo,intra,3,ScalarGroupConditionalProductWrapper,,,,0.906680644159842,0.9931059140006923,0.2552519214346713,0.0,0.9888477814955935,0.011214870736270411,2.9793177420020767,0.08331819934194686,0.5035012809564475,0.99609049757152
