stage_name,stage_key,split,aggregation_level,node_kind,node_name,route_space,support_size,wrapper_name,source_type,temperature,top_k,entropy_norm,n_eff_norm,top1_monopoly_norm,jitter_adj_norm,knn_consistency_score,knn_consistency_js,n_eff,cv_usage,top1_max_frac,entropy_mean
macro,macro@1,best_valid,session,final,final.expert,expert,12,FlatJointWrapper,,,,0.9371033913837746,0.9878453369834328,0.043241984317987744,0.6790703424403511,0.9640481886230233,0.036613997422802746,11.854144043801194,0.11092525264175251,0.12297181895815543,2.3286144487884286
macro,macro@1,best_valid,session,final,final.group,group,4,FlatJointWrapper,,,,0.9705131529258313,0.9945316579115969,0.10651864503273556,0.0,0.9902135918183438,0.00983460981257875,3.9781266316463877,0.07415080815553665,0.32988898377455167,1.345416911293766
macro,macro@1,best_valid,session,final,final.intra.Exposure,intra,3,FlatJointWrapper,,,,0.8679172290534798,0.9942391525353721,0.10345858240819812,0.0,0.9646099197856143,0.03603148756683021,2.982717457606116,0.07612018432855057,0.4023057216054654,0.9535045333849275
macro,macro@1,best_valid,session,final,final.intra.Focus,intra,3,FlatJointWrapper,,,,0.9158475295181976,0.9984155111198829,0.08565328778821522,0.0,0.9764472302117836,0.0238345698472776,2.9952465333596487,0.03983647723238238,0.3904355251921435,1.0061613504750213
macro,macro@1,best_valid,session,final,final.intra.Memory,intra,3,FlatJointWrapper,,,,0.90159323533381,0.9621844914110067,0.32698548249359516,0.0,0.978403189132994,0.021833435075449634,2.88655347423302,0.19824655508260264,0.5513236549957301,0.9905014077177626
macro,macro@1,best_valid,session,final,final.intra.Tempo,intra,3,FlatJointWrapper,,,,0.9202036219021762,0.9987302175220933,0.04197267292912046,0.0,0.9790385573311993,0.02118425282349543,2.99619065256628,0.035658362047130174,0.3613151152860803,1.0109470070986337
