{
  "split": "best_valid",
  "feature_mode": "runtime:unknown|ablation:none",
  "stages": [
    {
      "stage": "macro@1",
      "n_eff": 15.697792611129083,
      "cv_usage": 0.13874972693620485,
      "top1_max_frac": 0.10567122571652583,
      "entropy_mean": 2.577344872974562,
      "route_jitter_adjacent": 0.7467548994655129,
      "route_consistency_knn_js": 0.04402568767624512,
      "route_consistency_knn_score": 0.9569293758653291,
      "route_consistency_group_knn_js": 0.009093431569172907,
      "route_consistency_group_knn_score": 0.9909477886406692,
      "route_consistency_intra_group_knn_mean_js": 0.03473866759529104,
      "route_consistency_intra_group_knn_mean_score": 0.9658691467165853,
      "route_consistency_feature_group_knn_mean_score": 0.9490001857706851,
      "family_top_expert_mean_share": 0.08058688044548035,
      "route_consistency_feature_group_knn_tempo_js": 0.054272305863366475,
      "route_consistency_feature_group_knn_tempo_score": 0.9471741503071424,
      "route_consistency_feature_group_knn_focus_js": 0.05395673000163974,
      "route_consistency_feature_group_knn_focus_score": 0.947473102774441,
      "route_consistency_feature_group_knn_memory_js": 0.05262191675539604,
      "route_consistency_feature_group_knn_memory_score": 0.9487386468670888,
      "route_consistency_feature_group_knn_exposure_js": 0.04854460902979149,
      "route_consistency_feature_group_knn_exposure_score": 0.9526148431340683
    }
  ]
}
