{
  "model": "GRU4Rec",
  "dataset": "lastfm0.03",
  "dataset_raw": "lastfm0.03",
  "run_group": "baseline",
  "run_axis": "stagef_tailboost_anchor2_core5",
  "run_phase": "P21_SC_D00_M01_P01_GRU4REC_MANUAL_LFM_GRU_STABLE_F4_S1",
  "source_result_file": "/workspace/jy1559/FMoE/experiments/run/artifacts/results/baseline/lastfm0.03_GRU4Rec_p21_sc_d00_m01_p01_gru4rec_manual_lfm_gru_stable_f4_s1_20260405_141543_875728_pid174209.json",
  "best_trial": {
    "trial": 1,
    "mrr@20": 0.0003,
    "best_hr@10": 0.0005,
    "test_mrr@20": 0.0003,
    "test_hr@10": 0.0016,
    "params": {
      "learning_rate": 0.0024609365465290372
    }
  },
  "best_valid_special_metrics": {
    "split": "best_valid",
    "overall": {
      "count": 3763,
      "hit@20": 0.0018602179112410311,
      "ndcg@20": 0.0005953581907189719,
      "mrr@20": 0.00026407532855262473
    },
    "slices": {
      "target_popularity_abs": {
        "rare_1_5": {
          "count": 3735,
          "hit@20": 0.0018741633199464524,
          "ndcg@20": 0.0005998213846520726,
          "mrr@20": 0.0002660550097305293
        },
        "6_20": {
          "count": 28,
          "hit@20": 0.0,
          "ndcg@20": 0.0,
          "mrr@20": 0.0
        }
      },
      "target_popularity_abs_legacy": {
        "<=5": {
          "count": 3735,
          "hit@20": 0.0018741633199464524,
          "ndcg@20": 0.0005998213846520726,
          "mrr@20": 0.0002660550097305293
        },
        "6-20": {
          "count": 28,
          "hit@20": 0.0,
          "ndcg@20": 0.0,
          "mrr@20": 0.0
        }
      },
      "session_len": {
        "<=7": {
          "count": 1152,
          "hit@20": 0.001736111111111111,
          "ndcg@20": 0.0006620221667819553,
          "mrr@20": 0.00035612536723622016
        },
        "8-12": {
          "count": 878,
          "hit@20": 0.002277904328018223,
          "ndcg@20": 0.0005722801648674359,
          "mrr@20": 0.00015460889455533517
        },
        "13+": {
          "count": 1733,
          "hit@20": 0.0017311021350259665,
          "ndcg@20": 0.0005627359208246221,
          "mrr@20": 0.00025834531383024634
        }
      },
      "session_len_legacy": {
        "3-5": {
          "count": 665,
          "hit@20": 0.0030075187969924814,
          "ndcg@20": 0.001146841407718515,
          "mrr@20": 0.0006169269519640988
        },
        "6-10": {
          "count": 1122,
          "hit@20": 0.00089126559714795,
          "ndcg@20": 0.00021373658522352604,
          "mrr@20": 5.242738826283371e-05
        },
        "11+": {
          "count": 1976,
          "hit@20": 0.0020242914979757085,
          "ndcg@20": 0.0006264528779969041,
          "mrr@20": 0.00026550379992737943
        }
      }
    },
    "counts": {
      "target_popularity_abs": {
        "rare_1_5": 3735,
        "6_20": 28
      },
      "target_popularity_abs_legacy": {
        "<=5": 3735,
        "6-20": 28
      },
      "session_len": {
        "<=7": 1152,
        "8-12": 878,
        "13+": 1733
      },
      "session_len_legacy": {
        "3-5": 665,
        "6-10": 1122,
        "11+": 1976
      }
    },
    "config_snapshot": {
      "target_popularity_abs_bins": [
        "cold_0",
        "rare_1_5",
        "6_20",
        "21_100",
        "101+"
      ],
      "target_popularity_abs_bins_legacy": [
        "<=5",
        "6-20",
        "21-100",
        ">100"
      ],
      "session_len_bins": [
        "<=7",
        "8-12",
        "13+"
      ],
      "session_len_bins_legacy": [
        "1-2",
        "3-5",
        "6-10",
        "11+"
      ],
      "item_count_source": "cached_loader",
      "item_count_definition": "train_interaction_count_per_item",
      "new_user_enabled": false,
      "feature_logging_available": true,
      "split": "best_valid",
      "item_seq_len_field": "item_length",
      "new_user_field": ""
    }
  },
  "early_valid_special_metrics": {},
  "test_special_metrics": {
    "split": "test",
    "overall": {
      "count": 3764,
      "hit@20": 0.002391073326248672,
      "ndcg@20": 0.0006982962008047053,
      "mrr@20": 0.0002534174341530273
    },
    "slices": {
      "target_popularity_abs": {
        "cold_0": {
          "count": 2955,
          "hit@20": 0.0020304568527918783,
          "ndcg@20": 0.0006389055457817117,
          "mrr@20": 0.00025756721417916
        },
        "rare_1_5": {
          "count": 792,
          "hit@20": 0.003787878787878788,
          "ndcg@20": 0.0009348750152070113,
          "mrr@20": 0.0002433738690057788
        },
        "6_20": {
          "count": 17,
          "hit@20": 0.0,
          "ndcg@20": 0.0,
          "mrr@20": 0.0
        }
      },
      "target_popularity_abs_legacy": {
        "<=5": {
          "count": 3747,
          "hit@20": 0.0024019215372297837,
          "ndcg@20": 0.0007014643447635204,
          "mrr@20": 0.00025456717965091933
        },
        "6-20": {
          "count": 17,
          "hit@20": 0.0,
          "ndcg@20": 0.0,
          "mrr@20": 0.0
        }
      },
      "session_len": {
        "<=7": {
          "count": 1177,
          "hit@20": 0.002548853016142736,
          "ndcg@20": 0.0008295302737437777,
          "mrr@20": 0.0003599074867790598
        },
        "8-12": {
          "count": 873,
          "hit@20": 0.003436426116838488,
          "ndcg@20": 0.0009369325289611554,
          "mrr@20": 0.0002964759823724303
        },
        "13+": {
          "count": 1714,
          "hit@20": 0.001750291715285881,
          "ndcg@20": 0.0004866322461198342,
          "mrr@20": 0.00015835973022281777
        }
      },
      "session_len_legacy": {
        "3-5": {
          "count": 634,
          "hit@20": 0.0031545741324921135,
          "ndcg@20": 0.0010651847353493002,
          "mrr@20": 0.0004929022082018927
        },
        "6-10": {
          "count": 1123,
          "hit@20": 0.0026714158504007124,
          "ndcg@20": 0.0007828670161596282,
          "mrr@20": 0.0002770357212103167
        },
        "11+": {
          "count": 2007,
          "hit@20": 0.001993024414549078,
          "ndcg@20": 0.00053507728872456,
          "mrr@20": 0.00016455012816781717
        }
      }
    },
    "counts": {
      "target_popularity_abs": {
        "cold_0": 2955,
        "rare_1_5": 792,
        "6_20": 17
      },
      "target_popularity_abs_legacy": {
        "<=5": 3747,
        "6-20": 17
      },
      "session_len": {
        "<=7": 1177,
        "8-12": 873,
        "13+": 1714
      },
      "session_len_legacy": {
        "3-5": 634,
        "6-10": 1123,
        "11+": 2007
      }
    },
    "config_snapshot": {
      "target_popularity_abs_bins": [
        "cold_0",
        "rare_1_5",
        "6_20",
        "21_100",
        "101+"
      ],
      "target_popularity_abs_bins_legacy": [
        "<=5",
        "6-20",
        "21-100",
        ">100"
      ],
      "session_len_bins": [
        "<=7",
        "8-12",
        "13+"
      ],
      "session_len_bins_legacy": [
        "1-2",
        "3-5",
        "6-10",
        "11+"
      ],
      "item_count_source": "cached_loader",
      "item_count_definition": "train_interaction_count_per_item",
      "new_user_enabled": false,
      "feature_logging_available": true,
      "split": "test",
      "item_seq_len_field": "item_length",
      "new_user_field": ""
    }
  },
  "trials": [
    {
      "trial": 1,
      "status": "ok",
      "mrr@20": 0.0003,
      "best_hr@10": 0.0005,
      "test_mrr@20": 0.0003,
      "test_hr@10": 0.0016,
      "params": {
        "learning_rate": 0.0024609365465290372
      },
      "valid_special_metrics": {
        "split": "best_valid",
        "overall": {
          "count": 3763,
          "hit@20": 0.0018602179112410311,
          "ndcg@20": 0.0005953581907189719,
          "mrr@20": 0.00026407532855262473
        },