stage_name,stage_key,split,aggregation_level,node_kind,node_name,route_space,support_size,wrapper_name,source_type,temperature,top_k,entropy_norm,n_eff_norm,top1_monopoly_norm,jitter_adj_norm,knn_consistency_score,knn_consistency_js,n_eff,cv_usage,top1_max_frac,entropy_mean
macro,macro@1,best_valid,session,final,final.expert,expert,12,GroupConditionalProductWrapper,,,,0.9322008559570705,0.9717384540284489,0.1648585332795859,0.0,0.9828883498718869,0.017259746290982925,11.660861448341388,0.1705390573877377,0.23445365550628708,2.31643210590579
macro,macro@1,best_valid,session,final,final.group,group,4,GroupConditionalProductWrapper,,,,0.910683402285276,0.9756076229580075,0.19699533734621455,0.0,0.9884574143423587,0.011609718389660635,3.90243049183203,0.15812114823586632,0.3977465030096609,1.262475265353555
macro,macro@1,best_valid,session,final,final.intra.Exposure,intra,3,GroupConditionalProductWrapper,,,,0.9927360848862953,0.9948116529208081,0.26042670779512883,0.0,0.9990051954044995,0.0009952997420019777,2.9844349587624244,0.07221750327296546,0.5069511385300859,1.0906320622603518
macro,macro@1,best_valid,session,final,final.intra.Focus,intra,3,GroupConditionalProductWrapper,,,,0.9121160143479523,0.9898470739294795,0.166088297667245,0.0,0.992036458398635,0.007995419954639022,2.9695412217884383,0.1012768566227896,0.44405886511149667,1.0020618620536383
macro,macro@1,best_valid,session,final,final.intra.Memory,intra,3,GroupConditionalProductWrapper,,,,0.9639040372958078,0.9956611819954942,0.47818263607737294,0.0,0.9906597324767349,0.009384161355867369,2.9869835459864826,0.06601328019758224,0.6521217573849153,1.0589568204699784
macro,macro@1,best_valid,session,final,final.intra.Tempo,intra,3,GroupConditionalProductWrapper,,,,0.982972157889801,0.9997467444143439,0.08910095752201018,0.0,0.997740615651269,0.0022619406086569166,2.9992402332430315,0.01592029583691669,0.3927339716813401,1.0799052920763448
