{
  "model": "SIGMA",
  "dataset": "KuaiRecLargeStrictPosV2_0.2",
  "dataset_raw": "KuaiRecLargeStrictPosV2_0.2",
  "max_evals": 5,
  "tune_epochs": 100,
  "n_completed": 5,
  "n_recorded_trials": 5,
  "timestamp": "2026-03-19T15:06:50.468983",
  "trials": [
    {
      "trial": 1,
      "params": {
        "learning_rate": 0.004409154811051939
      },
      "mrr@20": 0.0775,
      "valid_result": {
        "hit@5": 0.0858,
        "hit@10": 0.1047,
        "hit@20": 0.134,
        "ndcg@5": 0.0762,
        "ndcg@10": 0.0822,
        "ndcg@20": 0.0895,
        "mrr@5": 0.073,
        "mrr@10": 0.0755,
        "mrr@20": 0.0775
      },
      "test_result": {
        "hit@5": 0.1643,
        "hit@10": 0.18,
        "hit@20": 0.2087,
        "ndcg@5": 0.1562,
        "ndcg@10": 0.1612,
        "ndcg@20": 0.1684,
        "mrr@5": 0.1536,
        "mrr@10": 0.1556,
        "mrr@20": 0.1576
      },
      "best_hr@10": 0.1047,
      "test_mrr@20": 0.1576,
      "test_hr@10": 0.18,
      "epochs_run": 42,
      "early_stop_epoch": 42,
      "early_stopped": true,
      "elapsed": 301.9,
      "status": "ok"
    },
    {
      "trial": 2,
      "params": {
        "learning_rate": 0.0044947816077728145
      },
      "mrr@20": 0.0767,
      "valid_result": {
        "hit@5": 0.0837,
        "hit@10": 0.1015,
        "hit@20": 0.1315,
        "ndcg@5": 0.0752,
        "ndcg@10": 0.0809,
        "ndcg@20": 0.0884,
        "mrr@5": 0.0724,
        "mrr@10": 0.0747,
        "mrr@20": 0.0767
      },
      "test_result": {
        "hit@5": 0.1642,
        "hit@10": 0.1807,
        "hit@20": 0.2067,
        "ndcg@5": 0.1568,
        "ndcg@10": 0.162,
        "ndcg@20": 0.1685,
        "mrr@5": 0.1543,
        "mrr@10": 0.1565,
        "mrr@20": 0.1582
      },
      "best_hr@10": 0.1015,
      "test_mrr@20": 0.1582,
      "test_hr@10": 0.1807,
      "epochs_run": 44,
      "early_stop_epoch": 44,
      "early_stopped": true,
      "elapsed": 316.4,
      "status": "ok"
    },
    {
      "trial": 3,
      "params": {
        "learning_rate": 0.00514023994433386
      },
      "mrr@20": 0.0771,
      "valid_result": {
        "hit@5": 0.0842,
        "hit@10": 0.103,
        "hit@20": 0.1338,
        "ndcg@5": 0.0754,
        "ndcg@10": 0.0814,
        "ndcg@20": 0.0891,
        "mrr@5": 0.0726,
        "mrr@10": 0.075,
        "mrr@20": 0.0771
      },
      "test_result": {
        "hit@5": 0.1648,
        "hit@10": 0.1816,
        "hit@20": 0.2073,
        "ndcg@5": 0.1568,
        "ndcg@10": 0.1622,
        "ndcg@20": 0.1686,
        "mrr@5": 0.1542,
        "mrr@10": 0.1564,
        "mrr@20": 0.1581
      },
      "best_hr@10": 0.103,
      "test_mrr@20": 0.1581,
      "test_hr@10": 0.1816,
      "epochs_run": 39,
      "early_stop_epoch": 39,
      "early_stopped": true,
      "elapsed": 281.2,
      "status": "ok"
    },
    {
      "trial": 4,
      "params": {
        "learning_rate": 0.005900929388093884
      },
      "mrr@20": 0.0774,
      "valid_result": {
        "hit@5": 0.0853,
        "hit@10": 0.104,
        "hit@20": 0.1346,
        "ndcg@5": 0.0759,
        "ndcg@10": 0.0819,
        "ndcg@20": 0.0896,
        "mrr@5": 0.0729,
        "mrr@10": 0.0753,
        "mrr@20": 0.0774
      },
      "test_result": {
        "hit@5": 0.1639,
        "hit@10": 0.1803,
        "hit@20": 0.2082,
        "ndcg@5": 0.1563,
        "ndcg@10": 0.1615,
        "ndcg@20": 0.1685,
        "mrr@5": 0.1538,
        "mrr@10": 0.1559,
        "mrr@20": 0.1578
      },
      "best_hr@10": 0.104,
      "test_mrr@20": 0.1578,
      "test_hr@10": 0.1803,
      "epochs_run": 42,
      "early_stop_epoch": 42,
      "early_stopped": true,
      "elapsed": 301.7,
      "status": "ok"
    },
    {
      "trial": 5,
      "params": {
        "learning_rate": 0.002427647163378834
      },
      "mrr@20": 0.077,
      "valid_result": {
        "hit@5": 0.0847,
        "hit@10": 0.1028,
        "hit@20": 0.133,
        "ndcg@5": 0.0756,
        "ndcg@10": 0.0814,
        "ndcg@20": 0.0889,
        "mrr@5": 0.0726,
        "mrr@10": 0.075,
        "mrr@20": 0.077
      },
      "test_result": {
        "hit@5": 0.1629,
        "hit@10": 0.1783,
        "hit@20": 0.2038,
        "ndcg@5": 0.1553,
        "ndcg@10": 0.1602,
        "ndcg@20": 0.1666,
        "mrr@5": 0.1528,
        "mrr@10": 0.1548,
        "mrr@20": 0.1565
      },
      "best_hr@10": 0.1028,
      "test_mrr@20": 0.1565,
      "test_hr@10": 0.1783,
      "epochs_run": 52,
      "early_stop_epoch": 52,
      "early_stopped": true,
      "elapsed": 372.5,
      "status": "ok"
    }
  ],
  "run_group": "baseline",
  "run_axis": "hparam",
  "run_phase": "P2_MORE_SEARCH_M04_SIGMA_C13",
  "parent_result": "",
  "interrupted": false,
  "interrupted_at": null,
  "tuned_search": {
    "learning_rate": [
      0.0002,
      0.006
    ]
  },
  "fixed_search": {
    "num_layers": 1,
    "state_size": 16,
    "remaining_ratio": 0.55,
    "conv_kernel": 4,
    "weight_decay": 5e-05,
    "dropout_ratio": 0.18,
    "hidden_size": 128
  },
  "context_fixed": {
    "num_layers": 1,
    "search_space_type_overrides": {
      "learning_rate": "loguniform",
      "weight_decay": "choice",
      "dropout_ratio": "choice"
    },
    "combo_id": "C13"
  },
  "best_params": {
    "learning_rate": 0.004409154811051939
  },
  "best_mrr@20": 0.0775,
  "best_hr@10": 0.1047,
  "test_mrr@20": 0.1576,
  "test_hr@10": 0.18,
  "best_valid_result": {
    "hit@5": 0.0858,
    "hit@10": 0.1047,
    "hit@20": 0.134,
    "ndcg@5": 0.0762,
    "ndcg@10": 0.0822,
    "ndcg@20": 0.0895,
    "mrr@5": 0.073,
    "mrr@10": 0.0755,
    "mrr@20": 0.0775
  },
  "test_result": {
    "hit@5": 0.1643,
    "hit@10": 0.18,
    "hit@20": 0.2087,
    "ndcg@5": 0.1562,
    "ndcg@10": 0.1612,
    "ndcg@20": 0.1684,
    "mrr@5": 0.1536,
    "mrr@10": 0.1556,
    "mrr@20": 0.1576
  },
  "best_valid_special_metrics": {},
  "early_valid_result": {},
  "early_valid_special_metrics": {},
  "test_special_metrics": {},
  "normal_result_mirror_file": "/workspace/jy1559/FMoE/experiments/run/artifacts/results/baseline/normal/hparam/P2/KuaiRecLargeStrictPosV2_0.2/SIGMA/KuaiRecLargeStrictPosV2_0.2_SIGMA_p2_more_search_m04_sigma_c13_20260319_144031_687542_pid103422.json",
  "special_result_file": "/workspace/jy1559/FMoE/experiments/run/artifacts/results/baseline/special/hparam/P2/KuaiRecLargeStrictPosV2_0.2/SIGMA/KuaiRecLargeStrictPosV2_0.2_SIGMA_p2_more_search_m04_sigma_c13_20260319_144031_687542_pid103422_special_metrics.json",
  "special_log_file": "/workspace/jy1559/FMoE/experiments/run/artifacts/logs/baseline/special/hparam/P2/KuaiRecLargeStrictPosV2_0.2/SIGMA/KuaiRecLargeStrictPosV2_0.2_SIGMA_p2_more_search_m04_sigma_c13_20260319_144031_687542_pid103422_special_metrics.json",
  "diag_trial_summary_file": "",
  "diag_best_valid_file": "",
  "diag_best_valid_overview_file": "",
  "diag_best_valid_overview_md_file": "",
  "diag_early_valid_file": "",
  "diag_test_file": "",
  "diag_collapse_file": "",
  "diag_epoch_trace_file": "",
  "feature_ablation_file": "",
  "logging_bundle_dir": "/workspace/jy1559/FMoE/experiments/run/artifacts/logging/baseline/KuaiRecLargeStrictPosV2_0.2/P2/KuaiRecLargeStrictPosV2_0.2_SIGMA_p2_more_search_m04_sigma_c13_20260319_144031_687542_pid103422",
  "logging_bundle_summary_file": "/workspace/jy1559/FMoE/experiments/run/artifacts/logging/baseline/KuaiRecLargeStrictPosV2_0.2/P2/KuaiRecLargeStrictPosV2_0.2_SIGMA_p2_more_search_m04_sigma_c13_20260319_144031_687542_pid103422/run_summary.json"
}
