best_mrr20,epoch,eval,lr,patience_used,train_loss,trial,valid_mrr20
0.0216,1,1,8e-05,0,223.71417331695557,1,0.0216
0.0216,3,1,8e-05,2,220.4708480834961,1,0.0064
0.0216,6,1,8e-05,5,214.43859481811523,1,0.0099
