best_mrr20,epoch,epoch_time_sec,eval,lr,patience_used,train_loss,trial,valid_mrr20
0.0036,1,2.8267440795898438,1,0.0005672,0,80.53758716583252,1,0.0036
0.012,3,1.9421870708465576,1,0.0005672,0,74.28903102874756,1,0.012
0.0545,10,1.9691572189331055,1,0.0005672,0,57.990967750549316,1,0.0545
0.0942,50,2.1517693996429443,1,0.0005672,0,22.23295521736145,1,0.0942
0.0942,60,1.709531545639038,1,0.0005672,10,17.633751392364502,1,0.0888
