best_mrr20,epoch,epoch_time_sec,eval,lr,patience_used,train_loss,trial,valid_mrr20
0.0133,1,18.1871178150177,1,0.0005476,0,662.563850402832,1,0.0133
0.0168,3,17.697120666503906,1,0.0005476,0,565.9464263916016,1,0.0168
0.018,6,17.440753936767578,1,0.0005476,0,515.6146459579468,1,0.018
0.018,10,17.033148288726807,1,0.0005476,4,465.28147983551025,1,0.0175
0.018,16,16.871254205703735,1,0.0005476,10,407.37436532974243,1,0.0164
