stage_name,stage_key,split,aggregation_level,node_kind,node_name,route_space,support_size,wrapper_name,source_type,temperature,top_k,entropy_norm,n_eff_norm,top1_monopoly_norm,jitter_adj_norm,knn_consistency_score,knn_consistency_js,n_eff,cv_usage,top1_max_frac,entropy_mean
macro,macro@1,best_valid,session,final,final.expert,expert,16,ScalarGroupConditionalProductWrapper,,,,0.9388773100265722,0.8130199369286473,0.4662235059813503,0.0,0.9958051604605334,0.004203662561600329,13.008318990858356,0.47956445813179016,0.4995845368575159,2.6031206413464965
macro,macro@1,best_valid,session,final,final.group,group,4,ScalarGroupConditionalProductWrapper,,,,0.9683527265994567,0.9332966034827197,0.9470317466598082,0.0,0.9992415577365724,0.0007587300262712826,3.733186413930879,0.2673400044441223,0.9602738099948561,1.3424219244598978
macro,macro@1,best_valid,session,final,final.intra.Exposure,intra,4,ScalarGroupConditionalProductWrapper,,,,0.5930114708364965,0.4401378285001433,0.9751513472876191,0.0,0.9923794691007428,0.007649715507531309,1.7605513140005733,1.1278367042541504,0.9813635104657144,0.8220884581000475
macro,macro@1,best_valid,session,final,final.intra.Focus,intra,4,ScalarGroupConditionalProductWrapper,,,,0.9830447784835592,0.9989814414657525,0.3264485155435972,0.0,0.9983014416294971,0.0017000025563595738,3.99592576586301,0.03193392422401453,0.4948363866576979,1.36278943314011
macro,macro@1,best_valid,session,final,final.intra.Memory,intra,4,ScalarGroupConditionalProductWrapper,,,,0.9970902264473437,0.9981703915666664,0.7744628655086455,0.0,0.9998169579692621,0.00018305878497491942,3.9926815662666657,0.04281465336680412,0.8308471491314842,1.3822605584517074
macro,macro@1,best_valid,session,final,final.intra.Tempo,intra,4,ScalarGroupConditionalProductWrapper,,,,0.9562681625823213,0.9924883730037646,0.24061251137577652,0.0,0.995586944501731,0.004422821771011724,3.9699534920150583,0.08699610829353333,0.4304593835318324,1.3256691615063507
