stage_name,stage_key,split,aggregation_level,node_kind,node_name,route_space,support_size,wrapper_name,source_type,temperature,top_k,entropy_norm,n_eff_norm,top1_monopoly_norm,jitter_adj_norm,knn_consistency_score,knn_consistency_js,n_eff,cv_usage,top1_max_frac,entropy_mean
mid,mid@1,best_valid,session,final,final.expert,expert,16,FlatJointWrapper,,,,0.8270254083431172,0.9834911381420001,0.0428262615033043,0.7314930991217063,0.9034428350613035,0.10154244149794601,15.735858210272001,0.1295599782991435,0.10264962015934778,2.2930013201778765
mid,mid@1,best_valid,session,final,final.group,group,4,FlatJointWrapper,,,,0.9040768500964328,0.9967855165251448,0.03576060774504356,0.0,0.9710506353353092,0.029376664434273378,3.987142066100579,0.05678722262382507,0.2768204558087827,1.2533166393077173
mid,mid@1,best_valid,session,final,final.intra.Exposure,intra,4,FlatJointWrapper,,,,0.7523374396829351,0.9750111639287824,0.1432277191032055,0.0,0.930631126410518,0.07189229245147663,3.9000446557151296,0.16009120643138885,0.3574207893274041,1.0429611502918288
mid,mid@1,best_valid,session,final,final.intra.Focus,intra,4,FlatJointWrapper,,,,0.7644391854883325,0.9794044583023789,0.13865727873509978,0.0,0.9352249056495371,0.06696823781710638,3.9176178332095155,0.14501260221004486,0.35399295905132483,1.0597377322615573
mid,mid@1,best_valid,session,final,final.intra.Memory,intra,4,FlatJointWrapper,,,,0.8272623430128568,0.9952295796669924,0.06602433450682477,0.0,0.9411594692023528,0.06064268595209045,3.9809183186679697,0.0692340698381704,0.2995182508801186,1.1468291212855521
mid,mid@1,best_valid,session,final,final.intra.Tempo,intra,4,FlatJointWrapper,,,,0.7901840740133939,0.994853889943074,0.051571860910382274,0.0,0.9348100289824995,0.06741194789563053,3.979415559772296,0.07192283123731613,0.2886788956827867,1.0954277260515102
