{
  "split": "best_valid",
  "feature_mode": "perturb:zero@both:kw=cat+theme#shift1",
  "stages": [
    {
      "stage": "macro@1",
      "n_eff": 1.8901871404260162,
      "cv_usage": 2.3126990701943915,
      "top1_max_frac": 1.0,
      "entropy_mean": 1.0606193469680087,
      "route_jitter_adjacent": 0.0,
      "route_consistency_knn_js": 0.0040965235174837055,
      "route_consistency_knn_score": 0.9959118557890672,
      "route_consistency_group_knn_js": 0.0023661351997347722,
      "route_consistency_group_knn_score": 0.9976366618916233,
      "route_consistency_intra_group_knn_mean_js": 0.008134699014032014,
      "route_consistency_intra_group_knn_mean_score": 0.9919287482444964,
      "route_consistency_feature_group_knn_mean_score": 0.9803632730771878,
      "family_top_expert_mean_share": 0.5416127443313599,
      "route_consistency_feature_group_knn_tempo_js": 0.00623440675849647,
      "route_consistency_feature_group_knn_tempo_score": 0.9937849868318787,
      "route_consistency_feature_group_knn_focus_js": 0.033360089099417886,
      "route_consistency_feature_group_knn_focus_score": 0.9671902222204661,
      "route_consistency_feature_group_knn_memory_js": 0.02420957010133465,
      "route_consistency_feature_group_knn_memory_score": 0.9760811309003384,
      "route_consistency_feature_group_knn_exposure_js": 0.015726259580726556,
      "route_consistency_feature_group_knn_exposure_score": 0.9843967523560685
    }
  ]
}
