stage_name,stage_key,split,aggregation_level,node_kind,node_name,route_space,support_size,wrapper_name,source_type,temperature,top_k,entropy_norm,n_eff_norm,top1_monopoly_norm,jitter_adj_norm,knn_consistency_score,knn_consistency_js,n_eff,cv_usage,top1_max_frac,entropy_mean
macro,macro@1,best_valid,session,final,final.expert,expert,12,GroupConditionalProductWrapper,,,,0.9724651632061664,0.9722252379920473,0.3792194218115305,0.0,0.9961609805741979,0.0038464073752605024,11.666702855904568,0.16902166473800942,0.4309511366605696,2.416485150738176
macro,macro@1,best_valid,session,final,final.group,group,4,GroupConditionalProductWrapper,,,,0.9748810968538076,0.991474973335653,0.37374793136486373,0.0,0.9980146193424762,0.0019873541382076547,3.965899893342612,0.09272675961256027,0.5303109485236478,1.3514721673308074
macro,macro@1,best_valid,session,final,final.intra.Exposure,intra,3,GroupConditionalProductWrapper,,,,0.9350170317828009,0.9398520366914588,0.6488110791742878,0.0,0.9969545619735186,0.0030500848095927698,2.8195561100743762,0.2529768719382026,0.7658740527828586,1.0272212012305657
macro,macro@1,best_valid,session,final,final.intra.Focus,intra,3,GroupConditionalProductWrapper,,,,0.9506851234545203,0.9878183784725841,0.5133916906192839,0.0,0.9959673575034788,0.0040407955254894365,2.9634551354177523,0.11104900431486951,0.675594460412856,1.044434359281095
macro,macro@1,best_valid,session,final,final.intra.Memory,intra,3,GroupConditionalProductWrapper,,,,0.996270041466265,0.9955797351069223,0.6834008361640972,0.0,0.9995958074164997,0.00040427429134053095,2.986739205320767,0.06663303251168035,0.7889338907760648,1.094514510386726
macro,macro@1,best_valid,session,final,final.intra.Tempo,intra,3,GroupConditionalProductWrapper,,,,0.993366175123072,0.9989851591848988,0.27263522341259466,0.0,0.9995199042667862,0.00048021101606973053,2.9969554775546965,0.0318732699193576,0.5150901489417298,1.0913242871374444
