stage_name,stage_key,split,aggregation_level,node_kind,node_name,route_space,support_size,wrapper_name,source_type,temperature,top_k,entropy_norm,n_eff_norm,top1_monopoly_norm,jitter_adj_norm,knn_consistency_score,knn_consistency_js,n_eff,cv_usage,top1_max_frac,entropy_mean
macro,macro@1,best_valid,session,final,final.expert,expert,12,FlatPlusGroupIntraResidualWrapper,,,,0.7955847956299267,0.8153946986612987,0.278728936059343,0.762441785133665,0.987315057915678,0.012766082869898348,9.784736383935584,0.47581501160949535,0.3388348580543977,1.976953949131032
macro,macro@1,best_valid,session,final,final.group,group,4,FlatPlusGroupIntraResidualWrapper,,,,0.8473963095627832,0.9207608173322307,0.27082461717904605,0.0,0.9939586344298347,0.006059688453237741,3.683043269328923,0.2933570146560669,0.45311846288428453,1.1747407255806916
macro,macro@1,best_valid,session,final,final.intra.Exposure,intra,3,FlatPlusGroupIntraResidualWrapper,,,,0.6772417765164412,0.964928850857405,0.29078992408835547,0.0,0.9905297849206705,0.009515342704354883,2.894786552572215,0.1906456666992406,0.5271932827255703,0.744026138080384
macro,macro@1,best_valid,session,final,final.intra.Focus,intra,3,FlatPlusGroupIntraResidualWrapper,,,,0.9057192559325595,0.9968036388063132,0.06687742048070665,0.0,0.9945333026136897,0.005481694457739832,2.9904109164189396,0.056627610873353156,0.3779182803204711,0.9950343046508467
macro,macro@1,best_valid,session,final,final.intra.Memory,intra,3,FlatPlusGroupIntraResidualWrapper,,,,0.7473523356967372,0.9340936825942427,0.23285276094208293,0.0,0.9947491974703937,0.005264636440547695,2.8022810477827282,0.26562451524661435,0.48856850729472195,0.8210504599612499
macro,macro@1,best_valid,session,final,final.intra.Tempo,intra,3,FlatPlusGroupIntraResidualWrapper,,,,0.8944877958833719,0.992705392684127,0.09683600802743832,0.0,0.9942289317893265,0.005787785172330435,2.9781161780523813,0.08572236028148891,0.3978906720182922,0.9826952846211242
