stage_name,stage_key,split,aggregation_level,node_kind,node_name,route_space,support_size,wrapper_name,source_type,temperature,top_k,entropy_norm,n_eff_norm,top1_monopoly_norm,jitter_adj_norm,knn_consistency_score,knn_consistency_js,n_eff,cv_usage,top1_max_frac,entropy_mean
macro,macro@1,best_valid,session,final,final.expert,expert,12,GroupConditionalProductWrapper,,,,0.9634500005109026,0.9532233955974453,0.837213287754016,0.0,0.9985992681628837,0.001401713779021325,11.438680747169343,0.22152200171482572,0.850778847107848,2.394083313007794
macro,macro@1,best_valid,session,final,final.group,group,4,GroupConditionalProductWrapper,,,,0.9763194873176625,0.9793940526088428,0.9471287936413445,0.0,0.9993564025212445,0.0006438046765189352,3.9175762104353713,0.14505058766014428,0.9603465952310084,1.353466199919938
macro,macro@1,best_valid,session,final,final.intra.Exposure,intra,3,GroupConditionalProductWrapper,,,,0.9885122497067694,0.9772428883006596,0.9898634123755663,0.0,0.9999584147116902,4.158615300186129e-05,2.931728664901979,0.15260113693472335,0.9932422749170442,1.085991705026816
macro,macro@1,best_valid,session,final,final.intra.Focus,intra,3,GroupConditionalProductWrapper,,,,0.9904359234724477,0.9852835406560035,0.7170188841485597,0.0,0.9999040578267288,9.594677601597418e-05,2.9558506219680107,0.12221327457269733,0.8113459227657065,1.0881050766651785
macro,macro@1,best_valid,session,final,final.intra.Memory,intra,3,GroupConditionalProductWrapper,,,,0.9883475134534782,0.9755736698516175,1.0,0.0,0.999978887783479,2.1112439386946705e-05,2.9267210095548526,0.1582338680764358,1.0,1.0858107237545611
macro,macro@1,best_valid,session,final,final.intra.Tempo,intra,3,GroupConditionalProductWrapper,,,,0.8095991928975115,0.914830472268812,0.7819724178986008,0.0,0.9965993583452962,0.0034064369788127705,2.744491416806436,0.30512075706956515,0.8546482785990673,0.8894356222129896
