stage_name,stage_key,split,aggregation_level,node_kind,node_name,route_space,support_size,wrapper_name,source_type,temperature,top_k,entropy_norm,n_eff_norm,top1_monopoly_norm,jitter_adj_norm,knn_consistency_score,knn_consistency_js,n_eff,cv_usage,top1_max_frac,entropy_mean
macro,macro@1,best_valid,session,final,final.expert,expert,20,FlatJointWrapper,,,,0.7936906149830059,0.685470916583386,0.2036019300814058,0.8793515201616607,0.9576014676831834,0.04332359207122794,13.70941833166772,0.6773854691179771,0.2434218335773355,2.3776845905215054
macro,macro@1,best_valid,session,final,final.group,group,4,FlatJointWrapper,,,,0.9118153555473406,0.9802876891427802,0.13947691211965338,0.0,0.9886902905059074,0.011374150592621887,3.9211507565711208,0.14180532097816467,0.35460768408974,1.2640444857778064
macro,macro@1,best_valid,session,final,final.intra.Exposure,intra,5,FlatJointWrapper,,,,0.6350123185753651,0.5600254556782545,0.6706465397855418,0.0,0.973283553431662,0.02707981743039864,2.800127278391272,0.8863592760807384,0.7365172318284335,1.0220129003778735
macro,macro@1,best_valid,session,final,final.intra.Focus,intra,5,FlatJointWrapper,,,,0.7417866860692813,0.746244987558481,0.28876666798559725,0.0,0.9726113593335283,0.027770701733000724,3.731224937792405,0.5831316088516479,0.43101333438847783,1.1938596154987535
macro,macro@1,best_valid,session,final,final.intra.Memory,intra,5,FlatJointWrapper,,,,0.7206216543264354,0.8333605164215532,0.2771930518735409,0.0,0.9706114170178529,0.029829079234692055,4.166802582107766,0.44716990817830105,0.42175444149883273,1.1597958109939461
macro,macro@1,best_valid,session,final,final.intra.Tempo,intra,5,FlatJointWrapper,,,,0.8020325370796985,0.8811178346008397,0.30484113480789776,0.0,0.9751561512080446,0.025157665722572522,4.4055891730041985,0.3673173432451882,0.4438729078463182,1.290821572181775
