{
  "split": "best_valid",
  "feature_mode": "runtime:unknown|ablation:none",
  "stages": [
    {
      "stage": "macro@1",
      "n_eff": 10.010766343027974,
      "cv_usage": 0.44576854680589123,
      "top1_max_frac": 0.24516282198393544,
      "entropy_mean": 2.0926864576326514,
      "route_jitter_adjacent": 0.9149903554698264,
      "route_consistency_knn_js": 0.027491435148812048,
      "route_consistency_knn_score": 0.9728830151160182,
      "route_consistency_group_knn_js": 0.011163604705801826,
      "route_consistency_group_knn_score": 0.9888984770955584,
      "route_consistency_intra_group_knn_mean_js": 0.016320834741758668,
      "route_consistency_intra_group_knn_mean_score": 0.9838136249961758,
      "route_consistency_feature_group_knn_mean_score": 0.9644084894045052,
      "family_top_expert_mean_share": 0.14880293607711792,
      "route_consistency_feature_group_knn_tempo_js": 0.03506628681367109,
      "route_consistency_feature_group_knn_tempo_score": 0.9655414114726193,
      "route_consistency_feature_group_knn_focus_js": 0.03725287477504734,
      "route_consistency_feature_group_knn_focus_score": 0.9634324767719609,
      "route_consistency_feature_group_knn_memory_js": 0.03951910367247785,
      "route_consistency_feature_group_knn_memory_score": 0.9612515903796411,
      "route_consistency_feature_group_knn_exposure_js": 0.03313445390786877,
      "route_consistency_feature_group_knn_exposure_score": 0.9674084789937997
    }
  ]
}
