best_mrr20,epoch,eval,lr,patience_used,train_loss,trial,valid_mrr20
0.0033,1,1,0.0003,0,40.835883140563965,1,0.0033
0.0134,3,1,0.0003,0,39.99450349807739,1,0.0134
0.0166,4,1,0.0003,0,39.561325550079346,1,0.0166
0.0166,9,1,0.0003,5,37.63013458251953,1,0.0148
