stage_name,stage_key,split,aggregation_level,node_kind,node_name,route_space,support_size,wrapper_name,source_type,temperature,top_k,entropy_norm,n_eff_norm,top1_monopoly_norm,jitter_adj_norm,knn_consistency_score,knn_consistency_js,n_eff,cv_usage,top1_max_frac,entropy_mean
macro,macro@1,best_valid,session,final,final.expert,expert,16,FlatJointWrapper,,,,0.8917670155444537,0.9894711761326843,0.034228892594651346,0.7252195734002509,0.9288982203648901,0.07375610444269863,15.831538818122949,0.10315506160259247,0.09458958680748564,2.47250317016398
macro,macro@1,best_valid,session,final,final.group,group,4,FlatJointWrapper,,,,0.9438268585194285,0.9973138203077277,0.07961213019578779,0.0,0.9805845628174116,0.019606392477731355,3.989255281230911,0.05189767852425575,0.30970909764684085,1.3084218518389845
macro,macro@1,best_valid,session,final,final.intra.Exposure,intra,4,FlatJointWrapper,,,,0.8458101410788763,0.9912220345401899,0.07417701192020261,0.0,0.947781059996728,0.053631752770567954,3.9648881381607595,0.09410484880208969,0.30563275894015196,1.1725418291556653
macro,macro@1,best_valid,session,final,final.intra.Focus,intra,4,FlatJointWrapper,,,,0.8682457104376636,0.995899513566604,0.04700142054227655,0.0,0.95138940650218,0.04983182968733818,3.983598054266416,0.06416662037372589,0.2852510654067074,1.2036441324462663
macro,macro@1,best_valid,session,final,final.intra.Memory,intra,4,FlatJointWrapper,,,,0.8630937437207041,0.9957152213976369,0.03847816688283615,0.0,0.9497551839265973,0.051551028728090045,3.9828608855905476,0.06559985167978426,0.2788586251621271,1.1965019900378682
macro,macro@1,best_valid,session,final,final.intra.Tempo,intra,4,FlatJointWrapper,,,,0.862356541123437,0.987697301431657,0.08146501142610092,0.0,0.9512002506238156,0.050030670123875916,3.950789205726628,0.11160551011562347,0.3110987585695757,1.1954800102342737
