{
  "split": "early_valid",
  "feature_mode": "none",
  "stage_metrics": {
    "macro@1": {
      "mode": "moe",
      "n_slots": 4,
      "expert_names": [
        "Tempo",
        "Focus",
        "Memory",
        "Exposure"
      ],
      "family_names": [
        "Tempo",
        "Focus",
        "Memory",
        "Exposure"
      ],
      "usage_sum": [
        13881.197265625,
        3284.556640625,
        9.354927062988281,
        10371.8896484375
      ],
      "top1_count": [
        15099.0,
        1746.0,
        1.0,
        10701.0
      ],
      "entropy_mean": 0.6009243860492975,
      "route_jitter_adjacent": 0.46617867536819824,
      "route_jitter_session": 0.36436126514684525,
      "route_consistency_knn_js": 0.03259462437656142,
      "route_consistency_knn_score": 0.9679308556440831,
      "route_consistency_group_knn_js": 0.03259462437656142,
      "route_consistency_group_knn_score": 0.9679308556440831,
      "route_consistency_intra_group_knn": {
        "group_names": [
          "Tempo",
          "Focus",
          "Memory",
          "Exposure"
        ],
        "js_by_group": [
          0.0,
          0.0,
          0.0,
          0.0
        ],
        "score_by_group": [
          1.0,
          1.0,
          1.0,
          1.0
        ],
        "mean_js": 0.0,
        "mean_score": 1.0
      },
      "route_consistency_feature_group_knn": {
        "group_names": [
          "Tempo",
          "Focus",
          "Memory",
          "Exposure"
        ],
        "js_by_group": [
          0.03670051529265988,
          0.0355724774241374,
          0.037205095774928115,
          0.035351138801441515
        ],
        "score_by_group": [
          0.9639647848353151,
          0.9650527871550696,
          0.9634785097120786,
          0.9652664142508988
        ],
        "mean_js": 0.03620730682329172,
        "mean_score": 0.9644406239883405
      },
      "condition_norm": 0.0,
      "stage_delta_norm": 7.96261247817827,
      "shared_delta_norm": 7.737326388888889,
      "moe_delta_norm": 7.96261247817827,
      "residual_delta_norm": 7.96261247817827,
      "alpha_value": 1.0,
      "alpha_effective": 1.0,
      "usage_share": [
        0.5039095878601074,
        0.11923464387655258,
        0.00033959877328015864,
        0.3765161335468292
      ],
      "n_eff": 2.439581936333068,
      "cv_usage": 0.7997657060623169,
      "dead_expert_frac": 0.0,
      "top1_max_frac": 0.5481177623697681,
      "wrapper_name": "FlatJointWrapper",
      "feature_family_expert_heatmap": {
        "family_names": [
          "Tempo",
          "Focus",
          "Memory",
          "Exposure"
        ],
        "values": [
          [
            5528.076171875,
            1304.14990234375,
            4.192834854125977,
            4161.67578125
          ],
          [
            7312.654296875,
            1722.9173583984375,
            5.082721710205078,
            5485.13671875
          ],
          [
            6371.1279296875,
            1520.0126953125,
            3.958451986312866,
            4718.81884765625
          ],
          [
            6672.5791015625,
            1575.54931640625,
            4.3298258781433105,
            4969.40966796875
          ]
        ]
      },
      "position_expert_usage": {
        "values": [
          [
            1106.0,
            0.0,
            0.0,
            3763.0
          ],
          [
            1294.0,
            594.0,
            0.0,
            2981.0
          ],
          [
            4598.0,
            153.0,
            0.0,
            118.0
          ],
          [
            2947.0,
            66.0,
            0.0,
            252.0
          ],
          [
            1897.0,
            319.0,
            0.0,
            171.0
          ],
          [
            1222.0,
            14.0,
            0.0,
            676.0
          ],
          [
            311.0,
            231.0,
            0.0,
            1059.0
          ],
          [
            455.0,
            2.0,
            0.0,
            930.0
          ],
          [
            827.0,
            200.0,
            1.0,
            216.0
          ],
          [
            442.0,
            167.0,
            0.0,
            535.0
          ]
        ]
      },
      "route_transition_matrix": {
        "values": [
          [
            8107.0,
            833.0,
            1.0,
            2678.0
          ],
          [
            949.0,
            98.0,
            0.0,
            358.0
          ],
          [
            0.0,
            0.0,
            0.0,
            1.0
          ],
          [
            4937.0,
            815.0,
            0.0,
            3901.0
          ]
        ]
      },
      "group_routing": {
        "group_names": [
          "Tempo",
          "Focus",
          "Memory",
          "Exposure"
        ],
        "group_share": [
          0.5039095878601074,
          0.11923464387655258,
          0.00033959877328015864,
          0.3765161335468292
        ],
        "group_n_eff": 2.439581936333068,
        "group_cv_usage": 0.7997657270982321,
        "group_top1_max_frac": 0.5481177623697681,
        "group_entropy_mean": 0.6009243860492975,
        "group_prior_mean": [
          0.0,
          0.0,
          0.0,
          0.0
        ],
        "factored_group_entropy_mean": 0.0
      },
      "specialization_summary": {
        "mean_top_expert_share": 0.5039535760879517,
        "family_top_expert": [
          {
            "family": "Tempo",
            "expert": "Tempo",
            "top_share": 0.5026394128799438
          },
          {
            "family": "Focus",
            "expert": "Tempo",
            "top_share": 0.5034255385398865
          },
          {
            "family": "Memory",
            "expert": "Tempo",
            "top_share": 0.50508713722229
          },
          {
            "family": "Exposure",
            "expert": "Tempo",
            "top_share": 0.5046623349189758
          }
        ]
      },
      "expert_similarity_mean": 0.18702518939971924,
      "expert_similarity_max": 0.44496071338653564
    }
  },
  "scalar_metrics": {
    "macro_1.entropy_mean": 0.6009243860492975,
    "macro_1.n_eff": 2.439581936333068,
    "macro_1.cv_usage": 0.7997657060623169,
    "macro_1.dead_expert_frac": 0.0,
    "macro_1.top1_max_frac": 0.5481177623697681,
    "macro_1.route_jitter_adjacent": 0.46617867536819824,
    "macro_1.route_jitter_session": 0.36436126514684525,
    "macro_1.route_consistency_knn_js": 0.03259462437656142,
    "macro_1.route_consistency_knn_score": 0.9679308556440831,
    "macro_1.route_consistency_group_knn_js": 0.03259462437656142,
    "macro_1.route_consistency_group_knn_score": 0.9679308556440831,
    "macro_1.route_consistency_intra_group_knn_mean_js": 0.0,
    "macro_1.route_consistency_intra_group_knn_mean_score": 1.0,
    "macro_1.route_consistency_feature_group_knn_mean_js": 0.03620730682329172,
    "macro_1.route_consistency_feature_group_knn_mean_score": 0.9644406239883405,
    "macro_1.route_consistency_feature_group_knn_tempo_js": 0.03670051529265988,
    "macro_1.route_consistency_feature_group_knn_tempo_score": 0.9639647848353151,
    "macro_1.route_consistency_feature_group_knn_focus_js": 0.0355724774241374,
    "macro_1.route_consistency_feature_group_knn_focus_score": 0.9650527871550696,
    "macro_1.route_consistency_feature_group_knn_memory_js": 0.037205095774928115,
    "macro_1.route_consistency_feature_group_knn_memory_score": 0.9634785097120786,
    "macro_1.route_consistency_feature_group_knn_exposure_js": 0.035351138801441515,
    "macro_1.route_consistency_feature_group_knn_exposure_score": 0.9652664142508988,
    "macro_1.condition_norm": 0.0,
    "macro_1.stage_delta_norm": 7.96261247817827,
    "macro_1.shared_delta_norm": 7.737326388888889,
    "macro_1.moe_delta_norm": 7.96261247817827,