best_mrr20,epoch,epoch_time_sec,eval,lr,patience_used,train_loss,trial,valid_mrr20
0.2713,1,46.59725284576416,1,0.00056966,0,2222.4775228500366,1,0.2713
0.3453,3,47.286619663238525,1,0.00056966,0,1242.9655694961548,1,0.3453
0.3724,7,46.442200660705566,1,0.00056966,0,804.1437842845917,1,0.3724
0.3724,10,45.192686319351196,1,0.00056966,3,710.9324152469635,1,0.3664
0.3724,17,43.922730922698975,1,0.00056966,10,535.5179967880249,1,0.3415
