stage_name,stage_key,split,aggregation_level,node_kind,node_name,route_space,support_size,wrapper_name,source_type,temperature,top_k,entropy_norm,n_eff_norm,top1_monopoly_norm,jitter_adj_norm,knn_consistency_score,knn_consistency_js,n_eff,cv_usage,top1_max_frac,entropy_mean
macro,macro@1,best_valid,session,final,final.expert,expert,12,FlatJointWrapper,,,,0.9263238958986829,0.8915522276043962,0.25747563875209983,0.81252870395885,0.9833977374044063,0.016741624795630784,10.698626731252755,0.3487679095544923,0.3193526688560915,2.3018284087761645
macro,macro@1,best_valid,session,final,final.group,group,4,FlatJointWrapper,,,,0.9618395815843398,0.981192139241519,0.35145543992930534,0.0,0.9944662277372313,0.005549140302206183,3.924768556966076,0.1384502798318863,0.513591579946979,1.3333927882522851
macro,macro@1,best_valid,session,final,final.intra.Exposure,intra,3,FlatJointWrapper,,,,0.9185119601647755,0.9640634559003248,0.4164523404423694,0.0,0.9891173433346191,0.010942305929833189,2.8921903677009744,0.19307027181773567,0.6109682269615796,1.0090885267256557
macro,macro@1,best_valid,session,final,final.intra.Focus,intra,3,FlatJointWrapper,,,,0.9349483584344468,0.9920642973801136,0.10699165116923197,0.0,0.990316585708071,0.00973060342985482,2.976192892140341,0.0894381228256785,0.40466110077948797,1.0271457558461599
macro,macro@1,best_valid,session,final,final.intra.Memory,intra,3,FlatJointWrapper,,,,0.8104707080301206,0.8108951547137054,0.7254382146955249,0.0,0.9890888685583723,0.010971094411112438,2.4326854641411164,0.4829131667937885,0.8169588097970166,0.8903930794474341
macro,macro@1,best_valid,session,final,final.intra.Tempo,intra,3,FlatJointWrapper,,,,0.9121190895806139,0.9488880190247987,0.35543861037470814,0.0,0.9905842502221984,0.009460358184962724,2.846664057074396,0.23208874517414732,0.5702924069164721,1.002065240542031
