stage_name,stage_key,split,aggregation_level,node_kind,node_name,route_space,support_size,wrapper_name,source_type,temperature,top_k,entropy_norm,n_eff_norm,top1_monopoly_norm,jitter_adj_norm,knn_consistency_score,knn_consistency_js,n_eff,cv_usage,top1_max_frac,entropy_mean
macro,macro@1,best_valid,session,final,final.expert,expert,8,FlatJointWrapper,,,,0.9589316503648616,0.9989940520813547,0.05105972538543502,0.7487646820575131,0.9897464781287726,0.01030645134648405,7.991952416650838,0.03173215503884286,0.16967725971225564,1.994042309400297
macro,macro@1,best_valid,session,final,final.group,group,4,FlatJointWrapper,,,,0.9704169586091067,0.9997412635942384,0.05904532975125787,0.0,0.9951384351447298,0.004873420702612841,3.9989650543769537,0.016090565388832412,0.2942839973134434,1.345283557654919
macro,macro@1,best_valid,session,final,final.intra.Exposure,intra,2,FlatJointWrapper,,,,0.9332047770395735,0.9999275260048138,0.12446533988476083,0.0,0.9947276961908255,0.005286251448631022,1.9998550520096277,0.008513957262039185,0.5622326699423804,0.6468482600900527
macro,macro@1,best_valid,session,final,final.intra.Focus,intra,2,FlatJointWrapper,,,,0.9355241106660424,0.9999774699518894,0.02131570575135222,0.0,0.995232669794273,0.0047787301704001845,1.9999549399037788,0.004751712083816528,0.5106578528756761,0.6484558996540175
macro,macro@1,best_valid,session,final,final.intra.Memory,intra,2,FlatJointWrapper,,,,0.9440770082612325,0.9974507871359102,0.20039591360599518,0.0,0.9950941889142553,0.004917884078347773,1.9949015742718204,0.050554901361465454,0.6001979568029976,0.6543843165077415
macro,macro@1,best_valid,session,final,final.intra.Tempo,intra,2,FlatJointWrapper,,,,0.950578687595599,0.9997222003401527,0.05150411820849099,0.0,0.9955514029538222,0.004458521498213479,1.9994444006803054,0.016671448945999146,0.5257520591042455,0.6588909372072626
