stage_name,stage_key,split,aggregation_level,node_kind,node_name,route_space,support_size,wrapper_name,source_type,temperature,top_k,entropy_norm,n_eff_norm,top1_monopoly_norm,jitter_adj_norm,knn_consistency_score,knn_consistency_js,n_eff,cv_usage,top1_max_frac,entropy_mean
macro,macro@1,best_valid,session,final,final.expert,expert,12,GroupConditionalProductWrapper,,,,0.9340989171726558,0.9595520859150954,0.1962624501845885,0.0,0.9854028022273276,0.0147047851302983,11.514625030981145,0.20531235714440899,0.26324057933587275,2.321148610842103
macro,macro@1,best_valid,session,final,final.group,group,4,GroupConditionalProductWrapper,,,,0.958991846516571,0.9893514438672204,0.2545821048629493,0.0,0.9954529853674231,0.004557383747896614,3.9574057754688816,0.10374608635902405,0.440936578647212,1.329444989185874
macro,macro@1,best_valid,session,final,final.intra.Exposure,intra,3,GroupConditionalProductWrapper,,,,0.9676118619900613,0.963657700463293,0.6109819872167344,0.0,0.9984721650822043,0.001529003247725593,2.890973101389879,0.19419816302662601,0.7406546581444896,1.0630302822433124
macro,macro@1,best_valid,session,final,final.intra.Focus,intra,3,GroupConditionalProductWrapper,,,,0.8055420103164666,0.9664501470624747,0.27977919814061586,0.0,0.978738309109782,0.021490976463883538,2.899350441187424,0.18631854843143975,0.5198527987604106,0.8849783515720834
macro,macro@1,best_valid,session,final,final.intra.Memory,intra,3,GroupConditionalProductWrapper,,,,0.9772966028038758,0.9985858558803878,0.12208664213312674,0.0,0.9955986854717787,0.0044110288272789745,2.9957575676411636,0.037631346653957766,0.41472442808875115,1.0736700575139346
macro,macro@1,best_valid,session,final,final.intra.Tempo,intra,3,GroupConditionalProductWrapper,,,,0.837281524300498,0.959246033291132,0.1926851313835625,0.0,0.9822031192631776,0.017957149589755514,2.877738099873396,0.2061198664867918,0.46179008758904166,0.9198477716712936
