{
  "split": "best_valid",
  "feature_mode": "none",
  "stage_metrics": {
    "macro@1": {
      "mode": "moe",
      "n_slots": 4,
      "expert_names": [
        "Tempo",
        "Focus",
        "Memory",
        "Exposure"
      ],
      "family_names": [
        "Tempo",
        "Focus",
        "Memory",
        "Exposure"
      ],
      "usage_sum": [
        6555.1884765625,
        7314.515625,
        6791.18115234375,
        6886.115234375
      ],
      "top1_count": [
        5979.0,
        7120.0,
        6365.0,
        8083.0
      ],
      "entropy_mean": 1.1793837577594657,
      "route_jitter_adjacent": 0.5279125143310698,
      "route_jitter_session": 0.3780643331475105,
      "route_consistency_knn_js": 0.026163119607746393,
      "route_consistency_knn_score": 0.9741761694129711,
      "route_consistency_group_knn_js": 0.026163119607746393,
      "route_consistency_group_knn_score": 0.9741761694129711,
      "route_consistency_intra_group_knn": {
        "group_names": [
          "Tempo",
          "Focus",
          "Memory",
          "Exposure"
        ],
        "js_by_group": [
          0.0,
          0.0,
          0.0,
          0.0
        ],
        "score_by_group": [
          1.0,
          1.0,
          1.0,
          1.0
        ],
        "mean_js": 0.0,
        "mean_score": 1.0
      },
      "route_consistency_feature_group_knn": {
        "group_names": [
          "Tempo",
          "Focus",
          "Memory",
          "Exposure"
        ],
        "js_by_group": [
          0.03848385061662431,
          0.039808723416801445,
          0.041146319709193364,
          0.03756887483312795
        ],
        "score_by_group": [
          0.9622472443139906,
          0.9609732332506107,
          0.9596886983028389,
          0.9631280801505523
        ],
        "mean_js": 0.03925194214393677,
        "mean_score": 0.9615093140044981
      },
      "condition_norm": 0.0,
      "stage_delta_norm": 6.970367535684946,
      "shared_delta_norm": 7.417209642637092,
      "moe_delta_norm": 6.970367535684946,
      "residual_delta_norm": 6.970367535684946,
      "alpha_value": 1.0,
      "alpha_effective": 1.0,
      "usage_share": [
        0.23796379566192627,
        0.2655285596847534,
        0.2465306967496872,
        0.2499769628047943
      ],
      "n_eff": 3.9936414866809713,
      "cv_usage": 0.03990202769637108,
      "dead_expert_frac": 0.0,
      "top1_max_frac": 0.2934257813918031,
      "wrapper_name": "FlatJointWrapper",
      "feature_family_expert_heatmap": {
        "family_names": [
          "Tempo",
          "Focus",
          "Memory",
          "Exposure"
        ],
        "values": [
          [
            2619.53564453125,
            2966.44091796875,
            2686.83349609375,
            2725.28466796875
          ],
          [
            3451.42041015625,
            3904.18798828125,
            3572.9775390625,
            3597.205322265625
          ],
          [
            3012.07470703125,
            3272.2880859375,
            3129.55810546875,
            3199.9970703125
          ],
          [
            3151.5625,
            3468.3447265625,
            3280.875,
            3321.08642578125
          ]
        ]
      },
      "position_expert_usage": {
        "values": [
          [
            1049.0,
            492.0,
            1004.0,
            2324.0
          ],
          [
            632.0,
            1246.0,
            588.0,
            2403.0
          ],
          [
            992.0,
            2341.0,
            989.0,
            547.0
          ],
          [
            1295.0,
            616.0,
            881.0,
            473.0
          ],
          [
            646.0,
            580.0,
            612.0,
            549.0
          ],
          [
            496.0,
            498.0,
            560.0,
            358.0
          ],
          [
            352.0,
            384.0,
            203.0,
            662.0
          ],
          [
            149.0,
            256.0,
            613.0,
            369.0
          ],
          [
            205.0,
            337.0,
            552.0,
            150.0
          ],
          [
            163.0,
            370.0,
            363.0,
            248.0
          ]
        ]
      },
      "route_transition_matrix": {
        "values": [
          [
            2220.0,
            775.0,
            859.0,
            946.0
          ],
          [
            891.0,
            2927.0,
            1010.0,
            645.0
          ],
          [
            810.0,
            1093.0,
            2375.0,
            984.0
          ],
          [
            1009.0,
            1833.0,
            1117.0,
            3184.0
          ]
        ]
      },
      "group_routing": {
        "group_names": [
          "Tempo",
          "Focus",
          "Memory",
          "Exposure"
        ],
        "group_share": [
          0.23796379566192627,
          0.2655285596847534,
          0.2465306967496872,
          0.2499769628047943
        ],
        "group_n_eff": 3.9936414866809713,
        "group_cv_usage": 0.039902058548514814,
        "group_top1_max_frac": 0.2934257813918031,
        "group_entropy_mean": 1.1793837577594657,
        "group_prior_mean": [
          0.0,
          0.0,
          0.0,
          0.0
        ],
        "factored_group_entropy_mean": 0.0
      },
      "specialization_summary": {
        "mean_top_expert_share": 0.2650592625141144,
        "family_top_expert": [
          {
            "family": "Tempo",
            "expert": "Focus",
            "top_share": 0.26972314715385437
          },
          {
            "family": "Focus",
            "expert": "Focus",
            "top_share": 0.2687762677669525
          },
          {
            "family": "Memory",
            "expert": "Focus",
            "top_share": 0.2594188451766968
          },
          {
            "family": "Exposure",
            "expert": "Focus",
            "top_share": 0.26231878995895386
          }
        ]
      },
      "expert_similarity_mean": 0.28649672865867615,
      "expert_similarity_max": 0.3426339030265808
    }
  },
  "scalar_metrics": {
    "macro_1.entropy_mean": 1.1793837577594657,
    "macro_1.n_eff": 3.9936414866809713,
    "macro_1.cv_usage": 0.03990202769637108,
    "macro_1.dead_expert_frac": 0.0,
    "macro_1.top1_max_frac": 0.2934257813918031,
    "macro_1.route_jitter_adjacent": 0.5279125143310698,
    "macro_1.route_jitter_session": 0.3780643331475105,
    "macro_1.route_consistency_knn_js": 0.026163119607746393,
    "macro_1.route_consistency_knn_score": 0.9741761694129711,
    "macro_1.route_consistency_group_knn_js": 0.026163119607746393,
    "macro_1.route_consistency_group_knn_score": 0.9741761694129711,
    "macro_1.route_consistency_intra_group_knn_mean_js": 0.0,
    "macro_1.route_consistency_intra_group_knn_mean_score": 1.0,
    "macro_1.route_consistency_feature_group_knn_mean_js": 0.03925194214393677,
    "macro_1.route_consistency_feature_group_knn_mean_score": 0.9615093140044981,
    "macro_1.route_consistency_feature_group_knn_tempo_js": 0.03848385061662431,
    "macro_1.route_consistency_feature_group_knn_tempo_score": 0.9622472443139906,
    "macro_1.route_consistency_feature_group_knn_focus_js": 0.039808723416801445,
    "macro_1.route_consistency_feature_group_knn_focus_score": 0.9609732332506107,
    "macro_1.route_consistency_feature_group_knn_memory_js": 0.041146319709193364,
    "macro_1.route_consistency_feature_group_knn_memory_score": 0.9596886983028389,
    "macro_1.route_consistency_feature_group_knn_exposure_js": 0.03756887483312795,
    "macro_1.route_consistency_feature_group_knn_exposure_score": 0.9631280801505523,
    "macro_1.condition_norm": 0.0,
    "macro_1.stage_delta_norm": 6.970367535684946,
    "macro_1.shared_delta_norm": 7.417209642637092,