best_mrr20,epoch,epoch_time_sec,eval,lr,patience_used,train_loss,trial,valid_mrr20
0.0142,1,23.642016887664795,1,0.0008505306439578769,0,667.859703540802,1,0.0142
0.0179,3,22.49626636505127,1,0.0008489899167815557,0,556.6059274673462,1,0.0179
0.0189,4,22.379171133041382,1,0.0008476434774114444,0,535.3710045814514,1,0.0189
0.0189,10,21.94285011291504,1,0.0008316093300100596,6,440.091344833374,1,0.0173
0.0189,14,21.94951343536377,1,0.000813561181810019,10,374.5888481140137,1,0.0161
