stage_name,stage_key,split,aggregation_level,node_kind,node_name,route_space,support_size,wrapper_name,source_type,temperature,top_k,entropy_norm,n_eff_norm,top1_monopoly_norm,jitter_adj_norm,knn_consistency_score,knn_consistency_js,n_eff,cv_usage,top1_max_frac,entropy_mean
macro,macro@1,best_valid,session,final,final.expert,expert,12,ScalarGroupConditionalProductWrapper,,,,0.987345381412646,0.9549748557452693,0.8734203016714228,0.0,0.9992697493370968,0.0007305174257956813,11.459698268943232,0.21713525448617285,0.8839686098654709,2.4534611039097536
macro,macro@1,best_valid,session,final,final.group,group,4,ScalarGroupConditionalProductWrapper,,,,0.9923875878870576,0.9900689870385664,0.8221225710014948,0.0,0.9993479998939152,0.0006522127505884977,3.9602759481542655,0.1001526340842247,0.8665919282511211,1.3757413171331978
macro,macro@1,best_valid,session,final,final.intra.Exposure,intra,3,ScalarGroupConditionalProductWrapper,,,,0.9988689964421837,0.9978634268670302,1.0,0.0,0.9999858546796422,1.4145420403761917e-05,2.9935902806010906,0.04627226434581684,1.0,1.0973697542609655
macro,macro@1,best_valid,session,final,final.intra.Focus,intra,3,ScalarGroupConditionalProductWrapper,,,,0.9736084971404492,0.9477008284211915,0.9932735426008968,0.0,0.9999193756041014,8.062764621997754e-05,2.8431024852635747,0.23491570398462702,0.9955156950672646,1.0696182593101877
macro,macro@1,best_valid,session,final,final.intra.Memory,intra,3,ScalarGroupConditionalProductWrapper,,,,0.991416627526569,0.9822980196560122,1.0,0.0,0.999986254805592,1.3745288874068708e-05,2.9468940589680366,0.13424225496523812,1.0,1.0891824901905829
macro,macro@1,best_valid,session,final,final.intra.Tempo,intra,3,ScalarGroupConditionalProductWrapper,,,,0.9539212833198641,0.9128070230991557,0.9983183856502241,0.0,0.9997519207628386,0.00024811001390551455,2.738421069297467,0.30906597348851045,0.9988789237668162,1.0479896442772563
