best_mrr20,epoch,eval,lr,patience_used,train_loss,trial,valid_mrr20
0.0046,1,1,0.0003,0,221.7888011932373,1,0.0046
0.013,3,1,0.0003,0,207.97320461273193,1,0.013
0.0883,10,1,0.0003,0,173.07363986968994,1,0.0883
0.1721,24,1,0.0003,0,119.32401037216187,1,0.1721
