stage_name,stage_key,split,aggregation_level,node_kind,node_name,route_space,support_size,wrapper_name,source_type,temperature,top_k,entropy_norm,n_eff_norm,top1_monopoly_norm,jitter_adj_norm,knn_consistency_score,knn_consistency_js,n_eff,cv_usage,top1_max_frac,entropy_mean
macro,macro@1,best_valid,session,final,final.expert,expert,12,GroupConditionalProductWrapper,,,,0.9228130074695836,0.9334733664454223,0.14733623275168892,0.0,0.9837160439525928,0.016417996794056644,11.201680397345068,0.2669606129240807,0.21839154668904814,2.293104178772032
macro,macro@1,best_valid,session,final,final.group,group,4,GroupConditionalProductWrapper,,,,0.9143818321086624,0.9425542041747136,0.28433798896708057,0.0,0.9900688960035797,0.009980746352099182,3.7702168166988543,0.2468744961544571,0.46325349172531044,1.2676023777627132
macro,macro@1,best_valid,session,final,final.intra.Exposure,intra,3,GroupConditionalProductWrapper,,,,0.9927602336493014,0.9951976710171081,0.6178255536186972,0.0,0.9987814755863975,0.0012192674181165449,2.985593013051324,0.06946596482497558,0.7452170357457981,1.0906585923881464
macro,macro@1,best_valid,session,final,final.intra.Focus,intra,3,GroupConditionalProductWrapper,,,,0.6300518224733567,0.8179036745934831,0.32526308993479247,0.0,0.9758180379012754,0.024479146527065548,2.4537110237804494,0.47184490003050567,0.5501753932898616,0.6921826746669679
macro,macro@1,best_valid,session,final,final.intra.Memory,intra,3,GroupConditionalProductWrapper,,,,0.994858775254621,0.9987968394681422,0.35367034669765646,0.0,0.9992181142212826,0.0007821916108305011,2.996390518404427,0.034708085366842584,0.5691135644651043,1.0929640759840318
macro,macro@1,best_valid,session,final,final.intra.Tempo,intra,3,GroupConditionalProductWrapper,,,,0.9389380934724701,0.9967064613395807,0.13377235457421396,0.0,0.9926750375845848,0.007351921683703526,2.990119384018742,0.057483520508303625,0.422514903049476,1.031528927787462
