stage_name,stage_key,split,aggregation_level,node_kind,node_name,route_space,support_size,wrapper_name,source_type,temperature,top_k,entropy_norm,n_eff_norm,top1_monopoly_norm,jitter_adj_norm,knn_consistency_score,knn_consistency_js,n_eff,cv_usage,top1_max_frac,entropy_mean
macro,macro@1,best_valid,session,final,final.expert,expert,12,GroupConditionalProductWrapper,,,,0.8878561976470705,0.9783890594453072,0.24221129198677882,0.0,0.9909717840630661,0.009069217244102937,11.740668713343686,0.14862096239265912,0.30536035098788056,2.2062397695886946
macro,macro@1,best_valid,session,final,final.group,group,4,GroupConditionalProductWrapper,,,,0.8850923906947267,0.9914732155573424,0.20800715339909512,0.0,0.9960464190629467,0.003961416998654439,3.9658928622293694,0.09273656457662582,0.40600536504932133,1.2269985902902227
macro,macro@1,best_valid,session,final,final.intra.Exposure,intra,3,GroupConditionalProductWrapper,,,,0.7604707652298964,0.950016938079393,0.26775802240433855,0.0,0.9920165567009859,0.00801548161377642,2.850050814238179,0.2293744167871947,0.5118386816028924,0.8354625278544053
macro,macro@1,best_valid,session,final,final.intra.Focus,intra,3,GroupConditionalProductWrapper,,,,0.998259982492142,0.999842549323123,0.3308901999476471,0.0,0.9998326718843965,0.00016734211651448126,2.999527647969369,0.012552743403531807,0.5539267999650981,1.0967006840514792
macro,macro@1,best_valid,session,final,final.intra.Memory,intra,3,GroupConditionalProductWrapper,,,,0.8906682489181691,0.9840453214576071,0.494855324889757,0.0,0.9954936927531538,0.004516491255713165,2.9521359643728213,0.12733157717193433,0.663236883259838,0.9784990833880074
macro,macro@1,best_valid,session,final,final.intra.Tempo,intra,3,GroupConditionalProductWrapper,,,,0.8796524707645383,0.9378443642243898,0.24851163508715407,0.0,0.9941237467496874,0.005893586362302885,2.813533092673169,0.25743941940547765,0.4990077567247694,0.966397014139187
