stage_name,stage_key,split,aggregation_level,node_kind,node_name,route_space,support_size,wrapper_name,source_type,temperature,top_k,entropy_norm,n_eff_norm,top1_monopoly_norm,jitter_adj_norm,knn_consistency_score,knn_consistency_js,n_eff,cv_usage,top1_max_frac,entropy_mean
macro,macro@1,best_valid,session,final,final.expert,expert,12,FlatPlusGroupIntraResidualWrapper,,,,0.8045952988244698,0.9389152995641014,0.16428241499219895,0.43271278221222603,0.9835177608719647,0.01661958247321007,11.266983594769217,0.25506653666892865,0.23392554707618235,1.9993442084370883
macro,macro@1,best_valid,session,final,final.group,group,4,FlatPlusGroupIntraResidualWrapper,,,,0.8779353633107884,0.9965595763526948,0.07748595906782081,0.0,0.9919128646410599,0.008120013618700603,3.986238305410779,0.05875655636191368,0.3081144693008656,1.2170768435854884
macro,macro@1,best_valid,session,final,final.intra.Exposure,intra,3,FlatPlusGroupIntraResidualWrapper,,,,0.614339466539113,0.912570487098692,0.3345716797884408,0.0,0.9853902371582846,0.014717536412439204,2.737711461296076,0.3095249664925049,0.5563811198589605,0.6749208873536805
macro,macro@1,best_valid,session,final,final.intra.Focus,intra,3,FlatPlusGroupIntraResidualWrapper,,,,0.8710485587739328,0.9634247013067281,0.22658719771258282,0.0,0.9944072077810354,0.0056084904399868,2.8902741039201842,0.19484305546155406,0.4843914651417219,0.9569446506956889
macro,macro@1,best_valid,session,final,final.intra.Memory,intra,3,FlatPlusGroupIntraResidualWrapper,,,,0.9225573872513803,0.999282815195455,0.09572183181308687,0.0,0.9968510697924345,0.003153898520947735,2.997848445586365,0.02678744415082204,0.39714788787539124,1.0135328826359105
macro,macro@1,best_valid,session,final,final.intra.Tempo,intra,3,FlatPlusGroupIntraResidualWrapper,,,,0.6435476827488373,0.9159846212437067,0.2729228332292988,0.0,0.9882253595084237,0.011844510575914098,2.7479538637311203,0.30285534105135975,0.5152818888195325,0.7070093926117588
