best_mrr20,epoch,epoch_time_sec,eval,lr,patience_used,train_loss,trial,valid_mrr20
0.271,1,46.722832679748535,1,0.00056966,0,2222.4825115203857,1,0.271
0.3479,3,45.12576246261597,1,0.00056966,0,1242.5170607566833,1,0.3479
0.3707,7,46.50985550880432,1,0.00056966,0,803.7606282234192,1,0.3707
0.3707,10,44.43141055107117,1,0.00056966,3,709.4976141452789,1,0.3678
0.3707,17,44.468249797821045,1,0.00056966,10,533.6992260217667,1,0.3417
