{
  "split": "best_valid",
  "feature_mode": "none",
  "stages": [
    {
      "stage": "macro@1",
      "n_eff": 13.504804388823805,
      "cv_usage": 0.6935087488068826,
      "top1_max_frac": 0.22822775293791794,
      "entropy_mean": 2.288146100828948,
      "route_jitter_adjacent": 0.8839900799118214,
      "route_consistency_knn_js": 0.05060088317644327,
      "route_consistency_knn_score": 0.9506580184339326,
      "route_consistency_group_knn_js": 0.01034838024225532,
      "route_consistency_group_knn_score": 0.989704980021842,
      "route_consistency_intra_group_knn_mean_js": 0.04138986108370528,
      "route_consistency_intra_group_knn_mean_score": 0.9594691991848998,
      "route_consistency_feature_group_knn_mean_score": 0.9313185465834324,
      "family_top_expert_mean_share": 0.13989269733428955,
      "route_consistency_feature_group_knn_tempo_js": 0.08811822909224064,
      "route_consistency_feature_group_knn_tempo_score": 0.9156526135462159,
      "route_consistency_feature_group_knn_focus_js": 0.06897106535879671,
      "route_consistency_feature_group_knn_focus_score": 0.933353685941516,
      "route_consistency_feature_group_knn_memory_js": 0.06855100166732905,
      "route_consistency_feature_group_knn_memory_score": 0.9337458362945738,
      "route_consistency_feature_group_knn_exposure_js": 0.05919596412312,
      "route_consistency_feature_group_knn_exposure_score": 0.9425220505514236
    }
  ]
}
