best_mrr20,epoch,epoch_time_sec,eval,lr,patience_used,train_loss,trial,valid_mrr20
0.0137,1,3.47573184967041,1,0.0009640155470717386,0,79.65800476074219,1,0.0137
0.0147,3,2.3954317569732666,1,0.000962269243205651,0,70.66256952285767,1,0.0147
0.056,10,2.3352882862091064,1,0.0009425695933647202,0,48.51559257507324,1,0.056
0.0876,27,2.4492814540863037,1,0.0008144762432207492,0,22.2126681804657,1,0.0876
0.0876,37,2.3934998512268066,1,0.0006979658976674146,10,13.566369533538818,1,0.0827
