best_mrr20,epoch,eval,lr,patience_used,train_loss,trial,valid_mrr20
0.0009,1,1,0.0003,0,40.8360071182251,1,0.0009
0.0046,3,1,0.0003,0,40.03196382522583,1,0.0046
0.0069,10,1,0.0003,3,37.278136253356934,1,0.0067
0.0446,24,1,0.0003,0,32.70841026306152,1,0.0446
