best_mrr20,epoch,epoch_time_sec,eval,lr,patience_used,train_loss,trial,valid_mrr20
0.0116,1,17.408981323242188,1,0.0005476,0,697.8285841941833,1,0.0116
0.0158,3,16.583662748336792,1,0.0005476,0,603.3798041343689,1,0.0158
0.0198,8,16.183082818984985,1,0.0005476,0,528.8339262008667,1,0.0198
0.0198,10,15.905217409133911,1,0.0005476,2,513.7132444381714,1,0.0179
0.0198,18,16.04140067100525,1,0.0005476,10,470.83202028274536,1,0.0172
