{
  "valid": {
    "count": 3499,
    "hit@5": 0.015147184909974278,
    "hit@10": 0.021434695627322094,
    "hit@20": 0.03629608459559874,
    "ndcg@5": 0.01211753838503146,
    "ndcg@10": 0.014107541463551572,
    "ndcg@20": 0.017798599881013826,
    "mrr@5": 0.011126988685856754,
    "mrr@10": 0.0119229077198363,
    "mrr@20": 0.012900180924097174
  },
  "test": {
    "count": 2706,
    "hit@5": 0.11566888396156688,
    "hit@10": 0.11751662971175167,
    "hit@20": 0.12342941611234294,
    "ndcg@5": 0.11223655790420964,
    "ndcg@10": 0.1128140881778748,
    "ndcg@20": 0.11435901992579169,
    "mrr@5": 0.11111111113497353,
    "mrr@10": 0.11133797325507765,
    "mrr@20": 0.11178924136843976
  },
  "slice_metrics": {
    "valid": {
      "target_popularity_abs": {
        "cold_0": {
          "count": 860,
          "hit@5": 0.0,
          "hit@10": 0.0,
          "hit@20": 0.0,
          "ndcg@5": 0.0,
          "ndcg@10": 0.0,
          "ndcg@20": 0.0,
          "mrr@5": 0.0,
          "mrr@10": 0.0,
          "mrr@20": 0.0
        },
        "rare_1_5": {
          "count": 116,
          "hit@5": 0.017241379310344827,
          "hit@10": 0.017241379310344827,
          "hit@20": 0.017241379310344827,
          "ndcg@5": 0.017241379310344827,
          "ndcg@10": 0.017241379310344827,
          "ndcg@20": 0.017241379310344827,
          "mrr@5": 0.017241379310344827,
          "mrr@10": 0.017241379310344827,
          "mrr@20": 0.017241379310344827
        },
        "6_20": {
          "count": 334,
          "hit@5": 0.011976047904191617,
          "hit@10": 0.011976047904191617,
          "hit@20": 0.014970059880239521,
          "ndcg@5": 0.009166486070541565,
          "ndcg@10": 0.009166486070541565,
          "ndcg@20": 0.009884487413717601,
          "mrr@5": 0.008233532934131737,
          "mrr@10": 0.008233532934131737,
          "mrr@20": 0.008409651286320059
        },
        "21_100": {
          "count": 1259,
          "hit@5": 0.011914217633042097,
          "hit@10": 0.021445591739475776,
          "hit@20": 0.03891977760127085,
          "ndcg@5": 0.00805480166311014,
          "ndcg@10": 0.01098592090549878,
          "ndcg@20": 0.015291810556476887,
          "mrr@5": 0.006777866065170767,
          "mrr@10": 0.007899315461125801,
          "mrr@20": 0.009020417094277994
        },
        "101+": {
          "count": 930,
          "hit@5": 0.034408602150537634,
          "hit@10": 0.04516129032258064,
          "hit@20": 0.07634408602150537,
          "ndcg@5": 0.029243725986890897,
          "ndcg@10": 0.032762803025143124,
          "ndcg@20": 0.04056289537299064,
          "mrr@5": 0.027580645199744933,
          "mrr@10": 0.029057006393709492,
          "mrr@20": 0.03115290795923561
        }
      },
      "target_popularity_abs_legacy": {
        "<=5": {
          "count": 976,
          "hit@5": 0.0020491803278688526,
          "hit@10": 0.0020491803278688526,
          "hit@20": 0.0020491803278688526,
          "ndcg@5": 0.0020491803278688526,
          "ndcg@10": 0.0020491803278688526,
          "ndcg@20": 0.0020491803278688526,
          "mrr@5": 0.0020491803278688526,
          "mrr@10": 0.0020491803278688526,
          "mrr@20": 0.0020491803278688526
        },
        "6-20": {
          "count": 334,
          "hit@5": 0.011976047904191617,
          "hit@10": 0.011976047904191617,
          "hit@20": 0.014970059880239521,
          "ndcg@5": 0.009166486070541565,
          "ndcg@10": 0.009166486070541565,
          "ndcg@20": 0.009884487413717601,
          "mrr@5": 0.008233532934131737,
          "mrr@10": 0.008233532934131737,
          "mrr@20": 0.008409651286320059
        },
        "21-100": {
          "count": 1259,
          "hit@5": 0.011914217633042097,
          "hit@10": 0.021445591739475776,
          "hit@20": 0.03891977760127085,
          "ndcg@5": 0.00805480166311014,
          "ndcg@10": 0.01098592090549878,
          "ndcg@20": 0.015291810556476887,
          "mrr@5": 0.006777866065170767,
          "mrr@10": 0.007899315461125801,
          "mrr@20": 0.009020417094277994
        },
        ">100": {
          "count": 930,
          "hit@5": 0.034408602150537634,
          "hit@10": 0.04516129032258064,
          "hit@20": 0.07634408602150537,
          "ndcg@5": 0.029243725986890897,
          "ndcg@10": 0.032762803025143124,
          "ndcg@20": 0.04056289537299064,
          "mrr@5": 0.027580645199744933,
          "mrr@10": 0.029057006393709492,
          "mrr@20": 0.03115290795923561
        }
      },
      "session_len": {
        "<=7": {
          "count": 2358,
          "hit@5": 0.01102629346904156,
          "hit@10": 0.01653944020356234,
          "hit@20": 0.030534351145038167,
          "ndcg@5": 0.00832624182395757,
          "ndcg@10": 0.010011739946705896,
          "ndcg@20": 0.013476580261324703,
          "mrr@5": 0.007435679972879557,
          "mrr@10": 0.00807450492443727,
          "mrr@20": 0.008985027282216774
        },
        "8-12": {
          "count": 507,
          "hit@5": 0.007889546351084813,
          "hit@10": 0.015779092702169626,
          "hit@20": 0.03353057199211045,
          "ndcg@5": 0.0056939898040402805,
          "ndcg@10": 0.008333711229132477,
          "ndcg@20": 0.012783318052630452,
          "mrr@5": 0.004996712714492452,
          "mrr@10": 0.006135531195992314,
          "mrr@20": 0.00733681165666505
        },
        "13+": {
          "count": 634,
          "hit@5": 0.03627760252365931,
          "hit@10": 0.04416403785488959,
          "hit@20": 0.05993690851735016,
          "ndcg@5": 0.03135510371874559,
          "ndcg@10": 0.03395806497391842,
          "ndcg@20": 0.03788388402962158,
          "mrr@5": 0.0297581493525475,
          "mrr@10": 0.03086412804970982,
          "mrr@20": 0.031910528725583094
        }
      },
      "session_len_legacy": {
        "1-2": {
          "count": 615,
          "hit@5": 0.004878048780487805,
          "hit@10": 0.011382113821138212,
          "hit@20": 0.01788617886178862,
          "ndcg@5": 0.0034649264521715117,
          "ndcg@10": 0.0054559153754536694,
          "ndcg@20": 0.007044775020785448,
          "mrr@5": 0.0029810298264511233,
          "mrr@10": 0.0037372564518354775,
          "mrr@20": 0.004143029384739031
        },
        "3-5": {
          "count": 1305,
          "hit@5": 0.013793103448275862,
          "hit@10": 0.01839080459770115,
          "hit@20": 0.03371647509578544,
          "ndcg@5": 0.010735682395226197,
          "ndcg@10": 0.01216006671788592,
          "ndcg@20": 0.015959699548980744,
          "mrr@5": 0.009731800791404257,
          "mrr@10": 0.010282795148334283,
          "mrr@20": 0.011285445296787211
        },
        "6-10": {
          "count": 799,
          "hit@5": 0.010012515644555695,
          "hit@10": 0.016270337922403004,
          "hit@20": 0.03879849812265332,
          "ndcg@5": 0.006732335116000886,
          "ndcg@10": 0.008659648097053786,
          "ndcg@20": 0.014279641332256331,
          "mrr@5": 0.0056737588814113555,
          "mrr@10": 0.006412281252639613,
          "mrr@20": 0.007911720696617575
        },
        "11+": {
          "count": 780,
          "hit@5": 0.03076923076923077,
          "hit@10": 0.03974358974358974,
          "hit@20": 0.052564102564102565,
          "ndcg@5": 0.026768122766262444,
          "ndcg@10": 0.02976788939573826,
          "ndcg@20": 0.03295887565383544,
          "mrr@5": 0.02547008549937835,
          "mrr@10": 0.026765873082555257,
          "mrr@20": 0.027616409016534303
        }
      }
    },
    "test": {
      "target_popularity_abs": {
        "cold_0": {
          "count": 1813,
          "hit@5": 0.0,
          "hit@10": 0.0,
          "hit@20": 0.0,
          "ndcg@5": 0.0,
          "ndcg@10": 0.0,
          "ndcg@20": 0.0,
          "mrr@5": 0.0,
          "mrr@10": 0.0,
          "mrr@20": 0.0
        },
        "rare_1_5": {
          "count": 93,