{
  "split": "best_valid",
  "feature_mode": "none",
  "stages": [
    {
      "stage": "macro@1",
      "n_eff": 3.989171335639495,
      "cv_usage": 0.05210241240873411,
      "top1_max_frac": 0.755058586057503,
      "entropy_mean": 1.3660440944507866,
      "route_jitter_adjacent": 0.0,
      "route_consistency_knn_js": 0.0006189537990570422,
      "route_consistency_knn_score": 0.9993812377133312,
      "route_consistency_group_knn_js": 0.0006189537990570422,
      "route_consistency_group_knn_score": 0.9993812377133312,
      "route_consistency_intra_group_knn_mean_js": 0.0,
      "route_consistency_intra_group_knn_mean_score": 1.0,
      "route_consistency_feature_group_knn_mean_score": 0.9984060114471063,
      "family_top_expert_mean_share": 0.2672496438026428,
      "route_consistency_feature_group_knn_tempo_js": 0.0021614010374664465,
      "route_consistency_feature_group_knn_tempo_score": 0.9978409331077784,
      "route_consistency_feature_group_knn_focus_js": 0.000801347201625182,
      "route_consistency_feature_group_knn_focus_score": 0.9991989737912956,
      "route_consistency_feature_group_knn_memory_js": 0.0014903315621185868,
      "route_consistency_feature_group_knn_memory_score": 0.9985107784304764,
      "route_consistency_feature_group_knn_exposure_js": 0.0019284978983930697,
      "route_consistency_feature_group_knn_exposure_score": 0.9980733604588743
    }
  ]
}
