stage_name,stage_key,split,aggregation_level,node_kind,node_name,route_space,support_size,wrapper_name,source_type,temperature,top_k,entropy_norm,n_eff_norm,top1_monopoly_norm,jitter_adj_norm,knn_consistency_score,knn_consistency_js,n_eff,cv_usage,top1_max_frac,entropy_mean
macro,macro@1,best_valid,session,final,final.expert,expert,12,ScalarGroupConditionalProductWrapper,,,,0.9357142523355724,0.9836967136204738,0.22836036095404239,0.0,0.9950227112871473,0.0049897166698217,11.804360563445686,0.1287377475578264,0.29266366420787215,2.3251625679300707
macro,macro@1,best_valid,session,final,final.group,group,4,ScalarGroupConditionalProductWrapper,,,,0.9782246514928998,0.9964748160076329,0.10079267596936685,0.0,0.9992117217194743,0.0007885891352202292,3.9858992640305315,0.059477612376213074,0.32559450697702513,1.3561073182730772
macro,macro@1,best_valid,session,final,final.intra.Exposure,intra,3,ScalarGroupConditionalProductWrapper,,,,0.7239366016314536,0.9962667348848516,0.138282020820329,0.0,0.9896818649036913,0.01037173607915107,2.988800204654555,0.06121556837214326,0.42552134721355267,0.7953256467689449
macro,macro@1,best_valid,session,final,final.intra.Focus,intra,3,ScalarGroupConditionalProductWrapper,,,,0.9928310358409675,0.9966332798519368,0.41328218861795174,0.0,0.9997019991588467,0.00029804525222715955,2.9898998395558105,0.05812229337130388,0.6088547924119678,1.0907363765459754
macro,macro@1,best_valid,session,final,final.intra.Memory,intra,3,ScalarGroupConditionalProductWrapper,,,,0.9055543647160247,0.9965380889512097,0.46756471954305345,0.0,0.9967777419533074,0.003227460699351514,2.989614266853629,0.05894052434144842,0.6450431463620356,0.9948531531340681
macro,macro@1,best_valid,session,final,final.intra.Tempo,intra,3,ScalarGroupConditionalProductWrapper,,,,0.9006180572234944,0.9152117199706397,0.633113854042916,0.0,0.9973858643447259,0.002617558474329716,2.745635159911919,0.30437358306725076,0.7554092360286107,0.9894300650621298
