{
  "model": "FAME",
  "dataset": "amazon_beauty",
  "dataset_raw": "amazon_beauty",
  "max_evals": 6,
  "tune_epochs": 40,
  "n_completed": 6,
  "n_recorded_trials": 6,
  "timestamp": "2026-04-10T11:35:58.158982",
  "trials": [
    {
      "trial": 1,
      "params": {
        "learning_rate": 0.0049739992655769925
      },
      "mrr@20": 0.0034,
      "valid_result": {
        "hit@5": 0.0088,
        "hit@10": 0.0177,
        "hit@20": 0.0265,
        "ndcg@5": 0.0034,
        "ndcg@10": 0.0062,
        "ndcg@20": 0.0083,
        "mrr@5": 0.0018,
        "mrr@10": 0.0029,
        "mrr@20": 0.0034
      },
      "test_result": {
        "hit@5": 0.0,
        "hit@10": 0.0,
        "hit@20": 0.0,
        "ndcg@5": 0.0,
        "ndcg@10": 0.0,
        "ndcg@20": 0.0,
        "mrr@5": 0.0,
        "mrr@10": 0.0,
        "mrr@20": 0.0
      },
      "best_hr@10": 0.0177,
      "test_mrr@20": 0.0,
      "test_hr@10": 0.0,
      "epochs_run": 11,
      "early_stop_epoch": 11,
      "early_stopped": true,
      "elapsed": 14.6,
      "status": "ok"
    },
    {
      "trial": 2,
      "params": {
        "learning_rate": 0.0038811461144229696
      },
      "mrr@20": 0.0035,
      "valid_result": {
        "hit@5": 0.0088,
        "hit@10": 0.0088,
        "hit@20": 0.0177,
        "ndcg@5": 0.0044,
        "ndcg@10": 0.0044,
        "ndcg@20": 0.0066,
        "mrr@5": 0.0029,
        "mrr@10": 0.0029,
        "mrr@20": 0.0035
      },
      "test_result": {
        "hit@5": 0.0,
        "hit@10": 0.0,
        "hit@20": 0.0,
        "ndcg@5": 0.0,
        "ndcg@10": 0.0,
        "ndcg@20": 0.0,
        "mrr@5": 0.0,
        "mrr@10": 0.0,
        "mrr@20": 0.0
      },
      "best_hr@10": 0.0088,
      "test_mrr@20": 0.0,
      "test_hr@10": 0.0,
      "epochs_run": 11,
      "early_stop_epoch": 11,
      "early_stopped": true,
      "elapsed": 13.9,
      "status": "ok"
    },
    {
      "trial": 3,
      "params": {
        "learning_rate": 0.0031939963690358593
      },
      "mrr@20": 0.0013,
      "valid_result": {
        "hit@5": 0.0,
        "hit@10": 0.0088,
        "hit@20": 0.0088,
        "ndcg@5": 0.0,
        "ndcg@10": 0.0029,
        "ndcg@20": 0.0029,
        "mrr@5": 0.0,
        "mrr@10": 0.0013,
        "mrr@20": 0.0013
      },
      "test_result": {
        "hit@5": 0.0,
        "hit@10": 0.0,
        "hit@20": 0.0,
        "ndcg@5": 0.0,
        "ndcg@10": 0.0,
        "ndcg@20": 0.0,
        "mrr@5": 0.0,
        "mrr@10": 0.0,
        "mrr@20": 0.0
      },
      "best_hr@10": 0.0088,
      "test_mrr@20": 0.0,
      "test_hr@10": 0.0,
      "epochs_run": 11,
      "early_stop_epoch": 11,
      "early_stopped": true,
      "elapsed": 13.7,
      "status": "ok"
    },
    {
      "trial": 4,
      "params": {
        "learning_rate": 0.006911444876762519
      },
      "mrr@20": 0.0044,
      "valid_result": {
        "hit@5": 0.0088,
        "hit@10": 0.0088,
        "hit@20": 0.0088,
        "ndcg@5": 0.0056,
        "ndcg@10": 0.0056,
        "ndcg@20": 0.0056,
        "mrr@5": 0.0044,
        "mrr@10": 0.0044,
        "mrr@20": 0.0044
      },
      "test_result": {
        "hit@5": 0.0088,
        "hit@10": 0.0088,
        "hit@20": 0.0263,
        "ndcg@5": 0.0055,
        "ndcg@10": 0.0055,
        "ndcg@20": 0.0098,
        "mrr@5": 0.0044,
        "mrr@10": 0.0044,
        "mrr@20": 0.0055
      },
      "best_hr@10": 0.0088,
      "test_mrr@20": 0.0055,
      "test_hr@10": 0.0088,
      "epochs_run": 11,
      "early_stop_epoch": 11,
      "early_stopped": true,
      "elapsed": 14.1,
      "status": "ok"
    },
    {
      "trial": 5,
      "params": {
        "learning_rate": 0.006919410484526504
      },
      "mrr@20": 0.0044,
      "valid_result": {
        "hit@5": 0.0088,
        "hit@10": 0.0088,
        "hit@20": 0.0088,
        "ndcg@5": 0.0056,
        "ndcg@10": 0.0056,
        "ndcg@20": 0.0056,
        "mrr@5": 0.0044,
        "mrr@10": 0.0044,
        "mrr@20": 0.0044
      },
      "test_result": {
        "hit@5": 0.0088,
        "hit@10": 0.0088,
        "hit@20": 0.0175,
        "ndcg@5": 0.0055,
        "ndcg@10": 0.0055,
        "ndcg@20": 0.0078,
        "mrr@5": 0.0044,
        "mrr@10": 0.0044,
        "mrr@20": 0.005
      },
      "best_hr@10": 0.0088,
      "test_mrr@20": 0.005,
      "test_hr@10": 0.0088,
      "epochs_run": 11,
      "early_stop_epoch": 11,
      "early_stopped": true,
      "elapsed": 13.8,
      "status": "ok"
    },
    {
      "trial": 6,
      "params": {
        "learning_rate": 0.005086373093458844
      },
      "mrr@20": 0.0022,
      "valid_result": {
        "hit@5": 0.0,
        "hit@10": 0.0177,
        "hit@20": 0.0177,
        "ndcg@5": 0.0,
        "ndcg@10": 0.0056,
        "ndcg@20": 0.0056,
        "mrr@5": 0.0,
        "mrr@10": 0.0022,
        "mrr@20": 0.0022
      },
      "test_result": {
        "hit@5": 0.0,
        "hit@10": 0.0,
        "hit@20": 0.0,
        "ndcg@5": 0.0,
        "ndcg@10": 0.0,
        "ndcg@20": 0.0,
        "mrr@5": 0.0,
        "mrr@10": 0.0,
        "mrr@20": 0.0
      },
      "best_hr@10": 0.0177,
      "test_mrr@20": 0.0,
      "test_hr@10": 0.0,
      "epochs_run": 11,
      "early_stop_epoch": 11,
      "early_stopped": true,
      "elapsed": 14.0,
      "status": "ok"
    }
  ],
  "run_group": "baseline",
  "run_axis": "stageh_targetedrecovery_anchor2_core5",
  "run_phase": "P23_SH_C04_MFAME_AB_FAME_STAGEH_REC1_WDLO_S1",
  "parent_result": "",
  "interrupted": false,
  "interrupted_at": null,
  "tuned_search": {
    "learning_rate": [
      0.0029040000000000003,
      0.007711200000000001
    ]
  },
  "fixed_search": {
    "num_heads": 8,
    "num_experts": 4,
    "num_layers": 3,
    "weight_decay": 8.4e-05,
    "hidden_dropout_prob": 0.14,
    "MAX_ITEM_LIST_LENGTH": 10,
    "n_layers": 3,
    "n_heads": 8,
    "dropout_ratio": 0.14,
    "dropout_prob": 0.14,
    "attn_dropout_prob": 0.14,
    "hidden_size": 88,
    "embedding_size": 88,
    "inner_size": 176,
    "time_span": 384,
    "state_size": 24,
    "conv_kernel": 6,
    "remaining_ratio": 0.6
  },
  "context_fixed": {
    "num_layers": 3,
    "search_space_type_overrides": {
      "learning_rate": "loguniform",
      "weight_decay": "choice",
      "n_layers": "choice",
      "num_layers": "choice",
      "n_heads": "choice",
      "num_heads": "choice",
      "dropout_ratio": "choice",
      "dropout_prob": "choice",
      "hidden_dropout_prob": "choice",
      "attn_dropout_prob": "choice",
      "hidden_size": "choice",
      "embedding_size": "choice",
      "inner_size": "choice",
      "time_span": "choice",
      "num_experts": "choice",
      "state_size": "choice",
      "conv_kernel": "choice",
      "remaining_ratio": "choice",
      "MAX_ITEM_LIST_LENGTH": "choice"
    }
  },
  "best_params": {
    "learning_rate": 0.006911444876762519
  },
  "best_mrr@20": 0.0044,
  "best_hr@10": 0.0088,
  "test_mrr@20": 0.0055,
  "test_hr@10": 0.0088,
  "best_valid_result": {
    "hit@5": 0.0088,
    "hit@10": 0.0088,
    "hit@20": 0.0088,
    "ndcg@5": 0.0056,
    "ndcg@10": 0.0056,
    "ndcg@20": 0.0056,
    "mrr@5": 0.0044,
    "mrr@10": 0.0044,
    "mrr@20": 0.0044
  },
  "test_result": {
    "hit@5": 0.0088,
    "hit@10": 0.0088,
    "hit@20": 0.0263,
    "ndcg@5": 0.0055,
    "ndcg@10": 0.0055,
    "ndcg@20": 0.0098,
    "mrr@5": 0.0044,
    "mrr@10": 0.0044,
    "mrr@20": 0.0055
  },
  "best_valid_special_metrics": {
    "split": "best_valid",
    "overall": {
      "count": 113,
      "hit@20": 0.008849557522123894,
      "ndcg@20": 0.005583449275092741,
      "mrr@20": 0.004424778761061947
    },
    "slices": {
      "target_popularity_abs": {
        "rare_1_5": {
          "count": 113,
          "hit@20": 0.008849557522123894,
          "ndcg@20": 0.005583449275092741,
          "mrr@20": 0.004424778761061947
        }
      },
      "target_popularity_abs_legacy": {
        "<=5": {
          "count": 113,