{
  "split": "best_valid",
  "feature_mode": "none",
  "stages": [
    {
      "stage": "mid@1",
      "n_eff": 15.882228595311314,
      "cv_usage": 0.086112841963768,
      "top1_max_frac": 0.09809216830734385,
      "entropy_mean": 2.588663946119,
      "route_jitter_adjacent": 0.7281751081700178,
      "route_consistency_knn_js": 0.04344100973218293,
      "route_consistency_knn_score": 0.9574890349596439,
      "route_consistency_group_knn_js": 0.010522742325414844,
      "route_consistency_group_knn_score": 0.9895324280435105,
      "route_consistency_intra_group_knn_mean_js": 0.03311757296035712,
      "route_consistency_intra_group_knn_mean_score": 0.9674311731284488,
      "route_consistency_feature_group_knn_mean_score": 0.9492628664403752,
      "family_top_expert_mean_share": 0.073276087641716,
      "route_consistency_feature_group_knn_tempo_js": 0.0524182513220407,
      "route_consistency_feature_group_knn_tempo_score": 0.9489318918127337,
      "route_consistency_feature_group_knn_focus_js": 0.05698164060477294,
      "route_consistency_feature_group_knn_focus_score": 0.9446114117015689,
      "route_consistency_feature_group_knn_memory_js": 0.04973407820159314,
      "route_consistency_feature_group_knn_memory_score": 0.9514824107757666,
      "route_consistency_feature_group_knn_exposure_js": 0.04916319469166408,
      "route_consistency_feature_group_knn_exposure_score": 0.9520257514714311
    }
  ]
}
