{
  "split": "best_valid",
  "feature_mode": "runtime:unknown|ablation:none",
  "stages": [
    {
      "stage": "macro@1",
      "n_eff": 11.916200225028403,
      "cv_usage": 0.08385964982865153,
      "top1_max_frac": 0.16957587181903863,
      "entropy_mean": 2.444114976044612,
      "route_jitter_adjacent": 0.5665361866496526,
      "route_consistency_knn_js": 0.013533701491939129,
      "route_consistency_knn_score": 0.9865574672989333,
      "route_consistency_group_knn_js": 0.004208892473386251,
      "route_consistency_group_knn_score": 0.9957999525010067,
      "route_consistency_intra_group_knn_mean_js": 0.009256322795678456,
      "route_consistency_intra_group_knn_mean_score": 0.9907864954776832,
      "route_consistency_feature_group_knn_mean_score": 0.9869355726776772,
      "family_top_expert_mean_share": 0.09669347107410431,
      "route_consistency_feature_group_knn_tempo_js": 0.01318229437758076,
      "route_consistency_feature_group_knn_tempo_score": 0.9869042115322926,
      "route_consistency_feature_group_knn_focus_js": 0.013212737019102692,
      "route_consistency_feature_group_knn_focus_score": 0.9868741680184687,
      "route_consistency_feature_group_knn_memory_js": 0.013114997066330963,
      "route_consistency_feature_group_knn_memory_score": 0.9869706297670491,
      "route_consistency_feature_group_knn_exposure_js": 0.013092046671217685,
      "route_consistency_feature_group_knn_exposure_score": 0.9869932813928983
    }
  ]
}
