best_mrr20,epoch,epoch_time_sec,eval,lr,patience_used,train_loss,trial,valid_mrr20
0.0136,1,18.550267457962036,1,0.0005476,0,661.9842309951782,1,0.0136
0.0166,3,17.48861527442932,1,0.0005476,0,569.3387184143066,1,0.0166
0.0187,6,17.51666569709778,1,0.0005476,0,519.7871956825256,1,0.0187
0.0187,10,17.071390867233276,1,0.0005476,4,472.01175260543823,1,0.0166
0.0187,16,16.940585374832153,1,0.0005476,10,414.72940731048584,1,0.0155
