{
  "model": "BSARec",
  "dataset": "amazon_beauty",
  "dataset_raw": "amazon_beauty",
  "max_evals": 5,
  "tune_epochs": 30,
  "n_completed": 5,
  "n_recorded_trials": 5,
  "timestamp": "2026-04-12T15:14:06.130249",
  "trials": [
    {
      "trial": 1,
      "params": {
        "learning_rate": 0.0006248044062066377
      },
      "mrr@20": 0.0049,
      "valid_result": {
        "hit@5": 0.0088,
        "hit@10": 0.0088,
        "hit@20": 0.0177,
        "ndcg@5": 0.0056,
        "ndcg@10": 0.0056,
        "ndcg@20": 0.0077,
        "mrr@5": 0.0044,
        "mrr@10": 0.0044,
        "mrr@20": 0.0049
      },
      "test_result": {
        "hit@5": 0.0,
        "hit@10": 0.0,
        "hit@20": 0.0088,
        "ndcg@5": 0.0,
        "ndcg@10": 0.0,
        "ndcg@20": 0.0021,
        "mrr@5": 0.0,
        "mrr@10": 0.0,
        "mrr@20": 0.0005
      },
      "best_hr@10": 0.0088,
      "test_mrr@20": 0.0005,
      "test_hr@10": 0.0,
      "epochs_run": 7,
      "early_stop_epoch": 7,
      "early_stopped": true,
      "elapsed": 1.7,
      "status": "ok"
    },
    {
      "trial": 2,
      "params": {
        "learning_rate": 0.001451942311892763
      },
      "mrr@20": 0.0049,
      "valid_result": {
        "hit@5": 0.0088,
        "hit@10": 0.0088,
        "hit@20": 0.0177,
        "ndcg@5": 0.0056,
        "ndcg@10": 0.0056,
        "ndcg@20": 0.0077,
        "mrr@5": 0.0044,
        "mrr@10": 0.0044,
        "mrr@20": 0.0049
      },
      "test_result": {
        "hit@5": 0.0,
        "hit@10": 0.0,
        "hit@20": 0.0,
        "ndcg@5": 0.0,
        "ndcg@10": 0.0,
        "ndcg@20": 0.0,
        "mrr@5": 0.0,
        "mrr@10": 0.0,
        "mrr@20": 0.0
      },
      "best_hr@10": 0.0088,
      "test_mrr@20": 0.0,
      "test_hr@10": 0.0,
      "epochs_run": 5,
      "early_stop_epoch": 5,
      "early_stopped": true,
      "elapsed": 0.8,
      "status": "ok"
    },
    {
      "trial": 3,
      "params": {
        "learning_rate": 0.00038507790944327253
      },
      "mrr@20": 0.0035,
      "valid_result": {
        "hit@5": 0.0088,
        "hit@10": 0.0088,
        "hit@20": 0.0177,
        "ndcg@5": 0.0044,
        "ndcg@10": 0.0044,
        "ndcg@20": 0.0065,
        "mrr@5": 0.0029,
        "mrr@10": 0.0029,
        "mrr@20": 0.0035
      },
      "test_result": {
        "hit@5": 0.0088,
        "hit@10": 0.0088,
        "hit@20": 0.0175,
        "ndcg@5": 0.0034,
        "ndcg@10": 0.0034,
        "ndcg@20": 0.0058,
        "mrr@5": 0.0018,
        "mrr@10": 0.0018,
        "mrr@20": 0.0026
      },
      "best_hr@10": 0.0088,
      "test_mrr@20": 0.0026,
      "test_hr@10": 0.0088,
      "epochs_run": 8,
      "early_stop_epoch": 8,
      "early_stopped": true,
      "elapsed": 1.1,
      "status": "ok"
    },
    {
      "trial": 4,
      "params": {
        "learning_rate": 0.00042880350489997194
      },
      "mrr@20": 0.0035,
      "valid_result": {
        "hit@5": 0.0088,
        "hit@10": 0.0088,
        "hit@20": 0.0177,
        "ndcg@5": 0.0044,
        "ndcg@10": 0.0044,
        "ndcg@20": 0.0065,
        "mrr@5": 0.0029,
        "mrr@10": 0.0029,
        "mrr@20": 0.0035
      },
      "test_result": {
        "hit@5": 0.0088,
        "hit@10": 0.0088,
        "hit@20": 0.0175,
        "ndcg@5": 0.0034,
        "ndcg@10": 0.0034,
        "ndcg@20": 0.0056,
        "mrr@5": 0.0018,
        "mrr@10": 0.0018,
        "mrr@20": 0.0023
      },
      "best_hr@10": 0.0088,
      "test_mrr@20": 0.0023,
      "test_hr@10": 0.0088,
      "epochs_run": 8,
      "early_stop_epoch": 8,
      "early_stopped": true,
      "elapsed": 1.1,
      "status": "ok"
    },
    {
      "trial": 5,
      "params": {
        "learning_rate": 0.00029734980070123673
      },
      "mrr@20": 0.0005,
      "valid_result": {
        "hit@5": 0.0,
        "hit@10": 0.0,
        "hit@20": 0.0088,
        "ndcg@5": 0.0,
        "ndcg@10": 0.0,
        "ndcg@20": 0.0021,
        "mrr@5": 0.0,
        "mrr@10": 0.0,
        "mrr@20": 0.0005
      },
      "test_result": {
        "hit@5": 0.0088,
        "hit@10": 0.0088,
        "hit@20": 0.0088,
        "ndcg@5": 0.0044,
        "ndcg@10": 0.0044,
        "ndcg@20": 0.0044,
        "mrr@5": 0.0029,
        "mrr@10": 0.0029,
        "mrr@20": 0.0029
      },
      "best_hr@10": 0.0,
      "test_mrr@20": 0.0029,
      "test_hr@10": 0.0088,
      "epochs_run": 4,
      "early_stop_epoch": 4,
      "early_stopped": true,
      "elapsed": 0.6,
      "status": "ok"
    }
  ],
  "run_group": "baseline",
  "run_axis": "stagei_progressiverecovery_anchor2_core5",
  "run_phase": "P24_I1_D01_MBSAREC_C22_I1_BSAREC_FB10_S1",
  "parent_result": "",
  "interrupted": false,
  "interrupted_at": null,
  "tuned_search": {
    "learning_rate": [
      0.00026879292184061633,
      0.0015111925127686903
    ]
  },
  "fixed_search": {
    "num_layers": 2,
    "num_heads": 4,
    "weight_decay": 0.0001,
    "hidden_dropout_prob": 0.1,
    "MAX_ITEM_LIST_LENGTH": 9,
    "n_layers": 2,
    "n_heads": 4,
    "dropout_ratio": 0.1,
    "dropout_prob": 0.1,
    "attn_dropout_prob": 0.1,
    "hidden_size": 128,
    "embedding_size": 128,
    "inner_size": 256,
    "time_span": 256,
    "num_experts": 4,
    "state_size": 16,
    "conv_kernel": 4,
    "remaining_ratio": 0.5
  },
  "context_fixed": {
    "num_layers": 2,
    "search_space_type_overrides": {
      "learning_rate": "loguniform",
      "weight_decay": "choice",
      "n_layers": "choice",
      "num_layers": "choice",
      "n_heads": "choice",
      "num_heads": "choice",
      "dropout_ratio": "choice",
      "dropout_prob": "choice",
      "hidden_dropout_prob": "choice",
      "attn_dropout_prob": "choice",
      "hidden_size": "choice",
      "embedding_size": "choice",
      "inner_size": "choice",
      "time_span": "choice",
      "num_experts": "choice",
      "state_size": "choice",
      "conv_kernel": "choice",
      "remaining_ratio": "choice",
      "MAX_ITEM_LIST_LENGTH": "choice"
    }
  },
  "best_params": {
    "learning_rate": 0.0006248044062066377
  },
  "best_mrr@20": 0.0049,
  "best_hr@10": 0.0088,
  "test_mrr@20": 0.0005,
  "test_hr@10": 0.0,
  "best_valid_result": {
    "hit@5": 0.0088,
    "hit@10": 0.0088,
    "hit@20": 0.0177,
    "ndcg@5": 0.0056,
    "ndcg@10": 0.0056,
    "ndcg@20": 0.0077,
    "mrr@5": 0.0044,
    "mrr@10": 0.0044,
    "mrr@20": 0.0049
  },
  "test_result": {
    "hit@5": 0.0,
    "hit@10": 0.0,
    "hit@20": 0.0088,
    "ndcg@5": 0.0,
    "ndcg@10": 0.0,
    "ndcg@20": 0.0021,
    "mrr@5": 0.0,
    "mrr@10": 0.0,
    "mrr@20": 0.0005
  },
  "best_valid_special_metrics": {
    "split": "best_valid",
    "overall": {
      "count": 113,
      "hit@20": 0.017699115044247787,
      "ndcg@20": 0.007666713896050917,
      "mrr@20": 0.004916420849287405
    },
    "slices": {
      "target_popularity_abs": {
        "rare_1_5": {
          "count": 113,
          "hit@20": 0.017699115044247787,
          "ndcg@20": 0.007666713896050917,
          "mrr@20": 0.004916420849287405
        }
      },
      "target_popularity_abs_legacy": {
        "<=5": {
          "count": 113,
          "hit@20": 0.017699115044247787,
          "ndcg@20": 0.007666713896050917,
          "mrr@20": 0.004916420849287405
        }
      },
      "session_len": {
        "<=7": {
          "count": 73,
          "hit@20": 0.0136986301369863,
          "ndcg@20": 0.0032247794817571772,
          "mrr@20": 0.0007610350132805027
        },
        "8-12": {
          "count": 40,
          "hit@20": 0.025,
          "ndcg@20": 0.015773244202136993,
          "mrr@20": 0.0125
        }
      },
      "session_len_legacy": {
        "3-5": {
          "count": 38,
          "hit@20": 0.02631578947368421,
          "ndcg@20": 0.006194971109691419,
          "mrr@20": 0.001461988314986229
        },
        "6-10": {
          "count": 75,
          "hit@20": 0.013333333333333334,
          "ndcg@20": 0.008412396907806397,