stage_name,stage_key,split,aggregation_level,node_kind,node_name,route_space,support_size,wrapper_name,source_type,temperature,top_k,entropy_norm,n_eff_norm,top1_monopoly_norm,jitter_adj_norm,knn_consistency_score,knn_consistency_js,n_eff,cv_usage,top1_max_frac,entropy_mean
macro,macro@1,best_valid,session,final,final.expert,expert,8,ScalarGroupConditionalProductWrapper,,,,0.964078400700928,0.9948396139002275,0.7222815975933183,0.0,0.9979207715416739,0.002081393054797889,7.95871691120182,0.07202112561212473,0.7569963978941535,2.004744675853768
macro,macro@1,best_valid,session,final,final.group,group,4,ScalarGroupConditionalProductWrapper,,,,0.9933335524302723,0.9986595027445669,0.706659277731597,0.0,0.9993738837941594,0.0006263122984477017,3.9946380109782678,0.036637019366025925,0.7799944582986977,1.3770527024452757
macro,macro@1,best_valid,session,final,final.intra.Exposure,intra,2,ScalarGroupConditionalProductWrapper,,,,0.8724757691246436,0.9999902249338097,0.5167636464394569,0.0,0.9977342244505037,0.0022683463028173125,1.9999804498676195,0.003146559000015259,0.7583818232197285,0.6047541194756165
macro,macro@1,best_valid,session,final,final.intra.Focus,intra,2,ScalarGroupConditionalProductWrapper,,,,0.9420599530948114,0.9998841419951893,0.546134663341646,0.0,0.9983098016957271,0.0016916283009725324,1.9997682839903785,0.010766535997390747,0.773067331670823,0.6529862004061028
macro,macro@1,best_valid,session,final,final.intra.Memory,intra,2,ScalarGroupConditionalProductWrapper,,,,0.8571247538225568,0.9948809093605602,0.513992795788307,0.0,0.998608060243658,0.0013929094043835118,1.9897618187211203,0.07173195481300354,0.7569963978941535,0.5941136065002425
macro,macro@1,best_valid,session,final,final.intra.Tempo,intra,2,ScalarGroupConditionalProductWrapper,,,,0.9657330919296654,0.993936219939252,0.5550013854253255,0.0,0.9995772799260108,0.000422809445306635,1.987872439878504,0.07810646295547485,0.7775006927126628,0.669395169844486
