stage_name,stage_key,split,aggregation_level,node_kind,node_name,route_space,support_size,wrapper_name,source_type,temperature,top_k,entropy_norm,n_eff_norm,top1_monopoly_norm,jitter_adj_norm,knn_consistency_score,knn_consistency_js,n_eff,cv_usage,top1_max_frac,entropy_mean
macro,macro@1,best_valid,session,final,final.expert,expert,12,GroupConditionalProductWrapper,,,,0.9559859563185957,0.9831594001005826,0.1817455712105653,0.3874537031377966,0.9961849459082509,0.0038223499726421765,11.79791280120699,0.13087837485646828,0.2499334402763515,2.3755358599600194
macro,macro@1,best_valid,session,final,final.group,group,4,GroupConditionalProductWrapper,,,,0.9845247900780006,0.9953493217627417,0.18536566085042816,0.0,0.99867292128601,0.001327960062778912,3.981397287050967,0.0683547630906105,0.3890242456378211,1.3648411648678762
macro,macro@1,best_valid,session,final,final.intra.Exposure,intra,3,GroupConditionalProductWrapper,,,,0.8425988855150127,0.9805861406392694,0.3124291055044332,0.0,0.9952104533111276,0.004801053323358947,2.9417584219178083,0.14070662577191745,0.5416194036696221,0.9256894900448467
macro,macro@1,best_valid,session,final,final.intra.Focus,intra,3,GroupConditionalProductWrapper,,,,0.979763512334314,0.9977567859240376,0.2775104202323661,0.0,0.9991174629216734,0.000882926743453417,2.9932703577721127,0.04741480432704674,0.5183402801549107,1.0763802346391065
macro,macro@1,best_valid,session,final,final.intra.Memory,intra,3,GroupConditionalProductWrapper,,,,0.959833195394282,0.9983337912268553,0.24144064326896614,0.0,0.998813157454523,0.0011875474008475983,2.995001373680566,0.04085366864938531,0.49429376217931076,1.0544845435317372
macro,macro@1,best_valid,session,final,final.intra.Tempo,intra,3,GroupConditionalProductWrapper,,,,0.8866975967494695,0.9615407011264846,0.32674559866835806,0.0,0.9966661514340655,0.003339418221435418,2.8846221033794537,0.19999379068631556,0.551163732445572,0.9741368761214474
