{
  "split": "best_valid",
  "feature_mode": "none",
  "stage_metrics": {
    "macro@1": {
      "mode": "moe",
      "n_slots": 8,
      "expert_names": [
        "Tempo_a",
        "Tempo_b",
        "Tempo_c",
        "Tempo_d",
        "Memory_a",
        "Memory_b",
        "Memory_c",
        "Memory_d"
      ],
      "family_names": [
        "Tempo",
        "Focus",
        "Memory",
        "Exposure"
      ],
      "usage_sum": [
        3610.205322265625,
        2843.16015625,
        3110.009033203125,
        3598.933349609375,
        3968.57568359375,
        3737.40625,
        3415.690673828125,
        3263.02001953125
      ],
      "top1_count": [
        3239.0,
        1558.0,
        2646.0,
        4012.0,
        4435.0,
        4725.0,
        3773.0,
        3159.0
      ],
      "entropy_mean": 1.7091010435006535,
      "route_jitter_adjacent": 0.6030514154687362,
      "route_jitter_session": 0.43216054272739257,
      "route_consistency_knn_js": 0.06169358443665441,
      "route_consistency_knn_score": 0.9401709256628668,
      "route_consistency_group_knn_js": 0.014497535628786713,
      "route_consistency_group_knn_score": 0.9856070476310254,
      "route_consistency_intra_group_knn": {
        "group_names": [
          "Tempo",
          "Focus"
        ],
        "js_by_group": [
          0.04538793087887015,
          0.05043358527602883
        ],
        "score_by_group": [
          0.9556266928146796,
          0.9508170748289583
        ],
        "mean_js": 0.04791075807744949,
        "mean_score": 0.9532218838218189
      },
      "route_consistency_feature_group_knn": {
        "group_names": [
          "Tempo",
          "Focus"
        ],
        "js_by_group": [
          0.07012904980609147,
          0.0
        ],
        "score_by_group": [
          0.9322735024279291,
          1.0
        ],
        "mean_js": 0.035064524903045735,
        "mean_score": 0.9661367512139645
      },
      "condition_norm": 0.0,
      "stage_delta_norm": 4.05077066004313,
      "shared_delta_norm": 5.650458978357979,
      "moe_delta_norm": 4.05077066004313,
      "residual_delta_norm": 4.05077066004313,
      "alpha_value": 1.0,
      "alpha_effective": 1.0,
      "usage_share": [
        0.13105620443820953,
        0.10321124643087387,
        0.11289828270673752,
        0.13064701855182648,
        0.14406561851501465,
        0.13567380607128143,
        0.12399501353502274,
        0.11845282465219498
      ],
      "n_eff": 7.9232348219255,
      "cv_usage": 0.09843052923679352,
      "dead_expert_frac": 0.0,
      "top1_max_frac": 0.17152502994881474,
      "wrapper_name": "FlatJointWrapper",
      "feature_family_expert_heatmap": {
        "family_names": [
          "Tempo",
          "Focus",
          "Memory",
          "Exposure"
        ],
        "values": [
          [
            303.0541076660156,
            213.46746826171875,
            293.35577392578125,
            128.88038635253906,
            591.8819580078125,
            203.47657775878906,
            264.18994140625,
            87.572509765625
          ],
          [
            0.0,
            0.0,
            0.0,
            0.0,
            0.0,
            0.0,
            0.0,
            0.0
          ],
          [
            1568.36572265625,
            1264.019775390625,
            1359.6807861328125,
            1690.56884765625,
            1618.5858154296875,
            1719.8603515625,
            1517.5615234375,
            1558.1070556640625
          ],
          [
            0.0,
            0.0,
            0.0,
            0.0,
            0.0,
            0.0,
            0.0,
            0.0
          ]
        ]
      },
      "position_expert_usage": {
        "values": [
          [
            240.0,
            320.0,
            302.0,
            753.0,
            500.0,
            1277.0,
            175.0,
            1302.0
          ],
          [
            435.0,
            306.0,
            295.0,
            774.0,
            719.0,
            1015.0,
            836.0,
            489.0
          ],
          [
            371.0,
            234.0,
            613.0,
            813.0,
            706.0,
            442.0,
            1097.0,
            593.0
          ],
          [
            505.0,
            226.0,
            321.0,
            610.0,
            498.0,
            819.0,
            122.0,
            164.0
          ],
          [
            567.0,
            72.0,
            451.0,
            208.0,
            483.0,
            169.0,
            212.0,
            225.0
          ],
          [
            389.0,
            152.0,
            288.0,
            332.0,
            225.0,
            334.0,
            136.0,
            56.0
          ],
          [
            177.0,
            24.0,
            206.0,
            128.0,
            352.0,
            180.0,
            413.0,
            121.0
          ],
          [
            119.0,
            16.0,
            72.0,
            109.0,
            380.0,
            91.0,
            547.0,
            53.0
          ],
          [
            272.0,
            46.0,
            57.0,
            184.0,
            177.0,
            331.0,
            83.0,
            94.0
          ],
          [
            164.0,
            162.0,
            41.0,
            101.0,
            395.0,
            67.0,
            152.0,
            62.0
          ]
        ]
      },
      "route_transition_matrix": {
        "values": [
          [
            1016.0,
            200.0,
            216.0,
            156.0,
            221.0,
            318.0,
            381.0,
            149.0
          ],
          [
            224.0,
            236.0,
            123.0,
            127.0,
            102.0,
            105.0,
            197.0,
            81.0
          ],
          [
            205.0,
            81.0,
            759.0,
            361.0,
            182.0,
            144.0,
            226.0,
            149.0
          ],
          [
            266.0,
            114.0,
            371.0,
            1319.0,
            397.0,
            216.0,
            320.0,
            219.0
          ],
          [
            254.0,
            79.0,
            184.0,
            283.0,
            2415.0,
            231.0,
            233.0,
            51.0
          ],
          [
            466.0,
            236.0,
            265.0,
            272.0,
            288.0,
            1469.0,
            770.0,
            286.0
          ],
          [
            371.0,
            154.0,
            208.0,
            331.0,
            220.0,
            539.0,
            1025.0,
            159.0
          ],
          [
            197.0,
            138.0,
            218.0,
            410.0,
            110.0,
            426.0,
            446.0,
            763.0
          ]
        ]
      },
      "group_routing": {
        "group_names": [
          "Tempo",
          "Focus"
        ],
        "group_share": [
          0.4778127372264862,
          0.5221872329711914
        ],
        "group_n_eff": 1.996069541372729,
        "group_cv_usage": 0.04437451503339747,
        "group_top1_max_frac": 0.5715322902675427,
        "group_entropy_mean": 0.6123245931101844,
        "group_prior_mean": [
          0.0,
          0.0
        ],
        "factored_group_entropy_mean": 0.0
      },
      "specialization_summary": {
        "mean_top_expert_share": 0.10590490698814392,
        "family_top_expert": [
          {
            "family": "Tempo",
            "expert": "Memory_a",
            "top_share": 0.28375664353370667
          },
          {
            "family": "Focus",
            "expert": "Tempo_a",
            "top_share": 0.0
          },
          {
            "family": "Memory",