stage_name,stage_key,split,aggregation_level,node_kind,node_name,route_space,support_size,wrapper_name,source_type,temperature,top_k,entropy_norm,n_eff_norm,top1_monopoly_norm,jitter_adj_norm,knn_consistency_score,knn_consistency_js,n_eff,cv_usage,top1_max_frac,entropy_mean
macro,macro@1,best_valid,session,final,final.expert,expert,12,GroupConditionalProductWrapper,,,,0.9626019180275661,0.9826496078969876,0.21281801553554888,0.0,0.9937336761983445,0.006286039615585989,11.791795294763851,0.1328783293700716,0.2784165142409198,2.391975907205383
macro,macro@1,best_valid,session,final,final.group,group,4,GroupConditionalProductWrapper,,,,0.9614871473244708,0.9871601984391808,0.13831547774584094,0.0,0.9973023495564424,0.0027012956596705355,3.948640793756723,0.1140475645661354,0.3537366083093807,1.3329042106251634
macro,macro@1,best_valid,session,final,final.intra.Exposure,intra,3,GroupConditionalProductWrapper,,,,0.9940518424919014,0.9927471573237238,0.45371701071335246,0.0,0.9997555368025206,0.00024449308347764687,2.978241471971171,0.08547450533585234,0.6358113404755683,1.092077569734779
macro,macro@1,best_valid,session,final,final.intra.Focus,intra,3,GroupConditionalProductWrapper,,,,0.9797248321110965,0.9988620430433923,0.35220146328717017,0.0,0.9974647516966544,0.002538467487430447,2.996586129130177,0.03375259593121421,0.5681343088581134,1.0763377400705514
macro,macro@1,best_valid,session,final,final.intra.Memory,intra,3,GroupConditionalProductWrapper,,,,0.982295387927775,0.9993447785041604,0.3372093023255814,0.0,0.9974166665263757,0.0025866760374212076,2.998034335512481,0.02560495322629949,0.5581395348837209,1.0791617842794616
macro,macro@1,best_valid,session,final,final.intra.Tempo,intra,3,GroupConditionalProductWrapper,,,,0.9028663280986978,0.9970308450700752,0.28723543245361904,0.0,0.9908518211253594,0.00919028042807059,2.9910925352102256,0.05457104952421637,0.524823621635746,0.9919000430738829
