stage_name,stage_key,split,aggregation_level,node_kind,node_name,route_space,support_size,wrapper_name,source_type,temperature,top_k,entropy_norm,n_eff_norm,top1_monopoly_norm,jitter_adj_norm,knn_consistency_score,knn_consistency_js,n_eff,cv_usage,top1_max_frac,entropy_mean
macro,macro@1,best_valid,session,final,final.expert,expert,16,FlatJointWrapper,,,,0.93639463862461,0.9167799443895451,0.19298328914915786,0.8652062092403784,0.9822032094458915,0.017957057772993733,14.668479110232722,0.30128743633181615,0.2434218335773355,2.596237214616389
macro,macro@1,best_valid,session,final,final.group,group,4,FlatJointWrapper,,,,0.9559623929036469,0.9534334699314585,0.37651512153945577,0.0,0.9943867032698495,0.005629110486209648,3.813733879725834,0.22099976241588593,0.5323863411545918,1.325245274725003
macro,macro@1,best_valid,session,final,final.intra.Exposure,intra,4,FlatJointWrapper,,,,0.9151907238954197,0.952829715046417,0.21011883564805656,0.0,0.9903692036411734,0.009677472404835394,3.811318860185668,0.2224981039762497,0.4075891267360424,1.268723739885451
macro,macro@1,best_valid,session,final,final.intra.Focus,intra,4,FlatJointWrapper,,,,0.926958870647987,0.9850553231464765,0.12940028225115077,0.0,0.9884000484827081,0.011667755815975324,3.940221292585906,0.12317218631505966,0.3470502116883631,1.2850378553693664
macro,macro@1,best_valid,session,final,final.intra.Memory,intra,4,FlatJointWrapper,,,,0.9054684187905585,0.9529899198060531,0.2276342341629407,0.0,0.9869798537236417,0.01310565138449155,3.8119596792242123,0.22210164201865445,0.42072567562220553,1.2552457631414948
macro,macro@1,best_valid,session,final,final.intra.Tempo,intra,4,FlatJointWrapper,,,,0.9326601233020807,0.9749882726291765,0.17619594033157915,0.0,0.9879146151924264,0.012159006838868025,3.899953090516706,0.1601667648653248,0.38214695524868436,1.2929414697750563
