stage_name,stage_key,split,aggregation_level,node_kind,node_name,route_space,support_size,wrapper_name,source_type,temperature,top_k,entropy_norm,n_eff_norm,top1_monopoly_norm,jitter_adj_norm,knn_consistency_score,knn_consistency_js,n_eff,cv_usage,top1_max_frac,entropy_mean
macro,macro@1,best_valid,session,final,final.expert,expert,6,GroupConditionalProductWrapper,,,,0.9901661034772338,0.9944538734671097,0.3858113404755683,0.0,0.999335365727063,0.0006648552402090306,5.966723240802658,0.0746797543114497,0.4881761170629736,1.7741394920139797
macro,macro@1,best_valid,session,final,final.group,group,2,GroupConditionalProductWrapper,,,,0.9805267482798269,0.9983908838332385,0.10216880062712308,0.0,0.9994485564631677,0.000551595637738783,1.996781767666477,0.04014575481414795,0.5510844003135615,0.6796493510337732
macro,macro@1,best_valid,session,final,final.intra.Focus,intra,3,GroupConditionalProductWrapper,,,,0.9949192628133423,0.994126127602685,0.3497517637836425,0.0,0.9999321303924189,6.787191082707529e-05,2.9823783828080552,0.07686700629094224,0.5665011758557617,1.0930305283593547
macro,macro@1,best_valid,session,final,final.intra.Tempo,intra,3,GroupConditionalProductWrapper,,,,0.9978871201321832,0.9997436167650741,0.4009014894172982,0.0,0.9998263751366783,0.0001736399378632434,2.999230850295222,0.016009279480960432,0.6006009929448655,1.0962910528808467
