stage_name,stage_key,split,aggregation_level,node_kind,node_name,route_space,support_size,wrapper_name,source_type,temperature,top_k,entropy_norm,n_eff_norm,top1_monopoly_norm,jitter_adj_norm,knn_consistency_score,knn_consistency_js,n_eff,cv_usage,top1_max_frac,entropy_mean
micro,micro@1,best_valid,token,primitive,primitive.a_joint,expert,12,FlatJointWrapper,both,1.0,,0.9419491095915594,0.9928150984538333,0.06019718965918795,0.0,0.9628476031740592,0.03786013186290692,11.913781181446,0.08507162280807631,0.13851409052092228,2.340655606185952
micro,micro@1,best_valid,token,wrapper,wrapper.group,group,4,FlatJointWrapper,,,,0.9752233121348742,0.9964291271661676,0.09968687731283803,0.0,0.990968537228673,0.009072493664041734,3.9857165086646704,0.0598641000688076,0.3247651579846285,1.3519465784452391
micro,micro@1,best_valid,token,wrapper,wrapper.intra.Exposure,intra,3,FlatJointWrapper,,,,0.8994782703088693,0.9944058648149393,0.086934244235696,0.0,0.9712817348520038,0.029138703597773836,2.983217594444818,0.07500425688909719,0.39128949615713066,0.9881778811512596
micro,micro@1,best_valid,token,wrapper,wrapper.intra.Focus,intra,3,FlatJointWrapper,,,,0.8949291009713551,0.9958481436904244,0.09205807002561918,0.0,0.9696790262143763,0.030790163054383285,2.987544431071273,0.06456792720949867,0.39470538001707944,0.9831801078138344
micro,micro@1,best_valid,token,wrapper,wrapper.intra.Memory,intra,3,FlatJointWrapper,,,,0.9168320435928514,0.9977789489848145,0.05503842869342442,0.0,0.9758500265007505,0.024446365748344617,2.9933368469544432,0.04718170919472846,0.3700256191289496,1.0072429497358026
micro,micro@1,best_valid,token,wrapper,wrapper.intra.Tempo,intra,3,FlatJointWrapper,,,,0.9220297875287574,0.9985913834761769,0.08296327924850556,0.0,0.9728040705879372,0.027572583375270774,2.995774150428531,0.03755725063212959,0.38864218616567037,1.0129532550971392
