{
  "split": "best_valid",
  "feature_mode": "runtime:unknown|ablation:none",
  "stages": [
    {
      "stage": "macro@1",
      "n_eff": 8.327655805247442,
      "cv_usage": 0.6640645961742223,
      "top1_max_frac": 0.25784480050267045,
      "entropy_mean": 1.6767507682414389,
      "route_jitter_adjacent": 0.506785535686572,
      "route_consistency_knn_js": 0.11895315199979947,
      "route_consistency_knn_score": 0.8878493937562449,
      "route_consistency_group_knn_js": 0.04219631427654608,
      "route_consistency_group_knn_score": 0.9586815592210832,
      "route_consistency_intra_group_knn_mean_js": 0.12016213815065559,
      "route_consistency_intra_group_knn_mean_score": 0.888348177012187,
      "route_consistency_feature_group_knn_mean_score": 0.8338446248995397,
      "family_top_expert_mean_share": 0.17484721541404724,
      "route_consistency_feature_group_knn_tempo_js": 0.18303023805611215,
      "route_consistency_feature_group_knn_tempo_score": 0.8327429748275822,
      "route_consistency_feature_group_knn_focus_js": 0.18272662321844305,
      "route_consistency_feature_group_knn_focus_score": 0.8329958463365331,
      "route_consistency_feature_group_knn_memory_js": 0.18215763666083673,
      "route_consistency_feature_group_knn_memory_score": 0.8334699446406308,
      "route_consistency_feature_group_knn_exposure_js": 0.1789236556520455,
      "route_consistency_feature_group_knn_exposure_score": 0.8361697337934125
    }
  ]
}
