stage_name,stage_key,split,aggregation_level,node_kind,node_name,route_space,support_size,wrapper_name,source_type,temperature,top_k,entropy_norm,n_eff_norm,top1_monopoly_norm,jitter_adj_norm,knn_consistency_score,knn_consistency_js,n_eff,cv_usage,top1_max_frac,entropy_mean
macro,macro@1,best_valid,session,final,final.expert,expert,12,ScalarGroupConditionalProductWrapper,,,,0.991179332172446,0.9598566864368167,0.9662991470771791,0.0,0.9997439650959055,0.00025606768662637133,11.5182802372418,0.20450492677121918,0.9691075514874142,2.4629881136477403
macro,macro@1,best_valid,session,final,final.group,group,4,ScalarGroupConditionalProductWrapper,,,,0.9868950554116775,0.9679087877855718,0.9282990083905416,0.0,0.999750375068481,0.0002496560930081134,3.871635151142287,0.1820860613635815,0.9462242562929062,1.3681270503343106
macro,macro@1,best_valid,session,final,final.intra.Exposure,intra,3,ScalarGroupConditionalProductWrapper,,,,0.9973175123967796,0.9943865919271215,1.0,0.0,0.9999918962304924,8.103802343303303e-06,2.9831597757813646,0.07513375728923806,1.0,1.095665274823012
macro,macro@1,best_valid,session,final,final.intra.Focus,intra,3,ScalarGroupConditionalProductWrapper,,,,0.9993131001472279,0.9986193790140016,0.9656750572082378,0.0,0.9999922155398079,7.784490491140564e-06,2.9958581370420045,0.037181920195164676,0.977116704805492,1.09785765204877
macro,macro@1,best_valid,session,final,final.intra.Memory,intra,3,ScalarGroupConditionalProductWrapper,,,,0.99916219470926,0.9982607269698348,0.9536613272311212,0.0,0.9999978479228674,2.1520794483499145e-06,2.9947821809095045,0.041741694942364245,0.9691075514874142,1.0976918654801917
macro,macro@1,best_valid,session,final,final.intra.Tempo,intra,3,ScalarGroupConditionalProductWrapper,,,,0.9925445399365035,0.9844242408399836,1.0,0.0,0.9999917928545298,8.207179149085621e-06,2.9532727225199507,0.12578634542863532,1.0,1.0904216286246782
