best_mrr20,epoch,epoch_time_sec,eval,lr,patience_used,train_loss,trial,valid_mrr20
0.013,1,18.228827714920044,1,0.0005476,0,676.8951482772827,1,0.013
0.0177,3,17.21966528892517,1,0.0005476,0,575.5154070854187,1,0.0177
0.0177,10,17.276991844177246,1,0.0005476,7,485.33460998535156,1,0.0163
0.0177,13,17.05988883972168,1,0.0005476,10,460.39769649505615,1,0.0163
