{
  "split": "best_valid",
  "feature_mode": "none",
  "stages": [
    {
      "stage": "macro@1",
      "n_eff": 10.624440489698266,
      "cv_usage": 0.35982116729554037,
      "top1_max_frac": 0.9721457088917087,
      "entropy_mean": 2.416852281343815,
      "route_jitter_adjacent": 0.0,
      "route_consistency_knn_js": 0.0010462842806421146,
      "route_consistency_knn_score": 0.9989542628839093,
      "route_consistency_group_knn_js": 0.00040633269030638413,
      "route_consistency_group_knn_score": 0.9995937498516411,
      "route_consistency_intra_group_knn_mean_js": 0.0006250615158553161,
      "route_consistency_intra_group_knn_mean_score": 0.9993754310014923,
      "route_consistency_feature_group_knn_mean_score": 0.9972693613855889,
      "family_top_expert_mean_share": 0.1302051544189453,
      "route_consistency_feature_group_knn_tempo_js": 0.0,
      "route_consistency_feature_group_knn_tempo_score": 1.0,
      "route_consistency_feature_group_knn_focus_js": 0.0035380679272967483,
      "route_consistency_feature_group_knn_focus_score": 0.9964681836600122,
      "route_consistency_feature_group_knn_memory_js": 0.004670991619004925,
      "route_consistency_feature_group_knn_memory_score": 0.9953399004967545,
      "route_consistency_feature_group_knn_exposure_js": 0.0,
      "route_consistency_feature_group_knn_exposure_score": 0.0
    }
  ]
}
