best_mrr20,epoch,epoch_time_sec,eval,lr,patience_used,train_loss,trial,valid_mrr20
0.2798,1,72.89088201522827,1,0.0005652952051846692,0,2211.546552658081,1,0.2798
0.344,3,71.9108498096466,1,0.0005312636120928794,0,1228.7354063987732,1,0.344
0.3751,8,72.18514704704285,1,0.0003369657171433391,0,753.8542337417603,1,0.3751
0.3751,10,52.06802225112915,1,0.00024316031348399183,2,694.609735250473,1,0.3719
0.3751,11,51.67537307739258,1,0.00019904930971175177,3,670.2404301166534,1,0.3712
