stage_name,stage_key,split,aggregation_level,node_kind,node_name,route_space,support_size,wrapper_name,source_type,temperature,top_k,entropy_norm,n_eff_norm,top1_monopoly_norm,jitter_adj_norm,knn_consistency_score,knn_consistency_js,n_eff,cv_usage,top1_max_frac,entropy_mean
macro,macro@1,best_valid,session,final,final.expert,expert,12,ScalarGroupConditionalProductWrapper,,,,0.7223531378996297,0.9046626110781647,0.3375383369017997,0.0,0.9772124792160777,0.02305116929933326,10.855951332937977,0.32462955788881903,0.39274347549331634,1.7949801158620182
macro,macro@1,best_valid,session,final,final.group,group,4,ScalarGroupConditionalProductWrapper,,,,0.9044762259248614,0.9945340160991863,0.24376111899982048,0.0,0.9974234847097515,0.0025798402181485803,3.9781360643967454,0.07413480292143787,0.43282083924986536,1.2538702917666356
macro,macro@1,best_valid,session,final,final.intra.Exposure,intra,3,ScalarGroupConditionalProductWrapper,,,,0.4327110818365795,0.6914313524494311,0.39773784458698525,0.0,0.9952273339106102,0.004784091628206747,2.0742940573482933,0.6680382440078781,0.5984918963913235,0.4753817119485384
macro,macro@1,best_valid,session,final,final.intra.Focus,intra,3,ScalarGroupConditionalProductWrapper,,,,0.4776956279388554,0.8072177433769615,0.4176418743573423,0.0,0.9486365756659159,0.052729508759401605,2.4216532301308846,0.48869520459487426,0.6117612495715615,0.5248022870966558
macro,macro@1,best_valid,session,final,final.intra.Memory,intra,3,ScalarGroupConditionalProductWrapper,,,,0.37585699454725785,0.925880819916871,0.08911521323997453,0.0,0.9975523446555193,0.002450655749795407,2.777642459750613,0.2829358493406818,0.39274347549331634,0.4129211129914802
macro,macro@1,best_valid,session,final,final.intra.Tempo,intra,3,ScalarGroupConditionalProductWrapper,,,,0.3692840644098841,0.7212842072756764,0.41709102482495225,0.0,0.9827071746107717,0.01744409272377797,2.1638526218270293,0.6216237359755118,0.6113940165499682,0.4057000111700044
