best_mrr20,epoch,epoch_time_sec,eval,lr,patience_used,train_loss,trial,valid_mrr20
0.0074,1,2.974125862121582,1,0.0005672,0,79.78533935546875,1,0.0074
0.0117,3,2.0353012084960938,1,0.0005672,0,68.29201889038086,1,0.0117
0.0491,10,2.0263638496398926,1,0.0005672,0,46.28690195083618,1,0.0491
0.0667,34,1.9577500820159912,1,0.0005672,0,19.10743749141693,1,0.0667
0.0667,44,1.8365192413330078,1,0.0005672,10,12.639931440353394,1,0.0627
