stage_name,stage_key,split,aggregation_level,node_kind,node_name,route_space,support_size,wrapper_name,source_type,temperature,top_k,entropy_norm,n_eff_norm,top1_monopoly_norm,jitter_adj_norm,knn_consistency_score,knn_consistency_js,n_eff,cv_usage,top1_max_frac,entropy_mean
macro,macro@1,best_valid,session,final,final.expert,expert,12,ScalarGroupConditionalProductWrapper,,,,0.908775463226078,0.98428251249001,0.7336082059533386,0.0,0.9929387404906,0.0070863081887958534,11.81139014988012,0.12636646251778416,0.7558075221238938,2.2582221917346517
macro,macro@1,best_valid,session,final,final.group,group,4,ScalarGroupConditionalProductWrapper,,,,0.9231184187401313,0.9922731794561819,0.6803097345132744,0.0,0.9965781547909199,0.0034277131112568685,3.9690927178247275,0.08824381232261658,0.7602323008849557,1.279713858545354
macro,macro@1,best_valid,session,final,final.intra.Exposure,intra,3,ScalarGroupConditionalProductWrapper,,,,0.7388427725148043,0.9718644321892742,0.6357853982300884,0.0,0.993304935546995,0.00671757693496047,2.9155932965678226,0.17014718666234055,0.7571902654867256,0.8117017492783808
macro,macro@1,best_valid,session,final,final.intra.Focus,intra,3,ScalarGroupConditionalProductWrapper,,,,0.9957041344274038,0.996344921536101,0.7892699115044248,0.0,0.9999003902472496,9.961471413121079e-05,2.989034764608303,0.06056797137653913,0.8595132743362832,1.0938927979595894
macro,macro@1,best_valid,session,final,final.intra.Memory,intra,3,ScalarGroupConditionalProductWrapper,,,,0.9932400397224734,0.9856588107551224,1.0,0.0,0.9999897432693452,1.0256783255454645e-05,2.956976432265367,0.12062223268681072,1.0,1.0911857132363108
macro,macro@1,best_valid,session,final,final.intra.Tempo,intra,3,ScalarGroupConditionalProductWrapper,,,,0.8806990975925574,0.9136763172451148,0.7162610619469025,0.0,0.9961306064327996,0.0038768990378250535,2.7410289517353443,0.30737517603113723,0.8108407079646017,0.9675468512340984
