{
  "split": "best_valid",
  "feature_mode": "runtime:unknown|ablation:none",
  "stages": [
    {
      "stage": "mid@1",
      "n_eff": 11.65338249450336,
      "cv_usage": 0.17246451459930795,
      "top1_max_frac": 0.22572415959786366,
      "entropy_mean": 2.341691628377317,
      "route_jitter_adjacent": 0.5424289976030764,
      "route_consistency_knn_js": 0.021570361570749926,
      "route_consistency_knn_score": 0.9786606149484396,
      "route_consistency_group_knn_js": 0.007423140323983907,
      "route_consistency_group_knn_score": 0.9926043431355788,
      "route_consistency_intra_group_knn_mean_js": 0.014437270217510928,
      "route_consistency_intra_group_knn_mean_score": 0.9856717348675046,
      "route_consistency_feature_group_knn_mean_score": 0.9582441297786982,
      "family_top_expert_mean_share": 0.1162092536687851,
      "route_consistency_feature_group_knn_tempo_js": 0.054360199540168644,
      "route_consistency_feature_group_knn_tempo_score": 0.9470909033469942,
      "route_consistency_feature_group_knn_focus_js": 0.047685322008634866,
      "route_consistency_feature_group_knn_focus_score": 0.9534337644987954,
      "route_consistency_feature_group_knn_memory_js": 0.04070291314149804,
      "route_consistency_feature_group_knn_memory_score": 0.9601143249304569,
      "route_consistency_feature_group_knn_exposure_js": 0.028052285479297456,
      "route_consistency_feature_group_knn_exposure_score": 0.972337526338546
    }
  ]
}
