stage_name,stage_key,split,aggregation_level,node_kind,node_name,route_space,support_size,wrapper_name,source_type,temperature,top_k,entropy_norm,n_eff_norm,top1_monopoly_norm,jitter_adj_norm,knn_consistency_score,knn_consistency_js,n_eff,cv_usage,top1_max_frac,entropy_mean
macro,macro@1,best_valid,session,final,final.expert,expert,12,ScalarGroupConditionalProductWrapper,,,,0.8820321125559986,0.8155919811671021,0.29805074045963537,0.0,0.987718771054357,0.012357266435080783,9.787103774005224,0.4755030281691841,0.35654651208799903,2.191767461816959
macro,macro@1,best_valid,session,final,final.group,group,4,ScalarGroupConditionalProductWrapper,,,,0.9618692387345775,0.9505005062623336,0.7298830108547989,0.0,0.9982544227023514,0.0017471025929719456,3.8020020250493345,0.22820457816123962,0.7974122581410992,1.3334339017924266
macro,macro@1,best_valid,session,final,final.intra.Exposure,intra,3,ScalarGroupConditionalProductWrapper,,,,0.3517802432010616,0.44480458915135124,0.9445653464171249,0.0,0.9848249693194406,0.01529134972226998,1.3344137674540537,1.1172188783520793,0.9630435642780834,0.38647009809134253
macro,macro@1,best_valid,session,final,final.intra.Focus,intra,3,ScalarGroupConditionalProductWrapper,,,,0.9237427960008507,0.9968101239003525,0.3116369247813872,0.0,0.9913779696235341,0.008659415123768622,2.9904303717010574,0.05656925047727673,0.5410912831875915,1.0148351872551735
macro,macro@1,best_valid,session,final,final.intra.Memory,intra,3,ScalarGroupConditionalProductWrapper,,,,0.8639967258784016,0.8441511161486818,0.747398409369683,0.0,0.9961458582280828,0.003861588115316011,2.532453348446045,0.42967672855625366,0.8315989395797887,0.9491974204190242
macro,macro@1,best_valid,session,final,final.intra.Tempo,intra,3,ScalarGroupConditionalProductWrapper,,,,0.8285586844787616,0.9622827528537882,0.22717920310212478,0.0,0.9871489146834025,0.01293437485696248,2.8868482585613644,0.19797893768611735,0.4847861354014165,0.9102647526510506
