best_mrr20,epoch,epoch_time_sec,eval,lr,patience_used,train_loss,trial,valid_mrr20
0.0139,1,17.667189598083496,1,0.0005476,0,666.229606628418,1,0.0139
0.0166,3,16.735501766204834,1,0.0005476,0,568.568745136261,1,0.0166
0.0186,5,16.572067260742188,1,0.0005476,0,531.7729406356812,1,0.0186
0.0186,10,16.132689237594604,1,0.0005476,5,466.8458676338196,1,0.0172
0.0186,15,16.413065671920776,1,0.0005476,10,418.03438806533813,1,0.0164
