stage_name,stage_key,split,aggregation_level,node_kind,node_name,route_space,support_size,wrapper_name,source_type,temperature,top_k,entropy_norm,n_eff_norm,top1_monopoly_norm,jitter_adj_norm,knn_consistency_score,knn_consistency_js,n_eff,cv_usage,top1_max_frac,entropy_mean
macro,macro@1,best_valid,session,final,final.expert,expert,8,ScalarGroupConditionalProductWrapper,,,,0.9946300048297619,0.9984678889909873,0.7273482959268495,0.0,0.9995891649564053,0.00041091945943269625,7.987743111927898,0.03917247335046847,0.7614297589359933,2.0682749506442226
macro,macro@1,best_valid,session,final,final.group,group,4,ScalarGroupConditionalProductWrapper,,,,0.9940045182723749,0.9993322780825313,0.6819063452479911,0.0,0.9996620032831086,0.00033805385065611087,3.9973291123301253,0.025850839912891388,0.7614297589359933,1.3779828586086866
macro,macro@1,best_valid,session,final,final.intra.Exposure,intra,2,ScalarGroupConditionalProductWrapper,,,,0.9990226596060815,0.9988823521426664,1.0,0.0,0.9999977353261063,2.264676458147344e-06,1.9977647042853328,0.033449381589889526,1.0,0.6924697398214533
macro,macro@1,best_valid,session,final,final.intra.Focus,intra,2,ScalarGroupConditionalProductWrapper,,,,0.996105836897293,0.999644405972073,0.5500138542532558,0.0,0.9998814527233829,0.0001185543039008571,1.999288811944146,0.0188596248626709,0.7750069271266279,0.6904479523846634
macro,macro@1,best_valid,session,final,final.intra.Memory,intra,2,ScalarGroupConditionalProductWrapper,,,,0.9948425668085401,0.9999943971947827,0.513992795788307,0.0,0.9999621335955876,3.786712136280023e-05,1.9999887943895653,0.0023503899574279785,0.7569963978941535,0.6895723202843586
macro,macro@1,best_valid,session,final,final.intra.Tempo,intra,2,ScalarGroupConditionalProductWrapper,,,,0.9939846088859329,0.9977282750542716,0.8647824882238848,0.0,0.9998681277393175,0.00013188095659350283,1.9954565501085433,0.04771625995635986,0.9323912441119424,0.6889776291692643
