stage_name,stage_key,split,aggregation_level,node_kind,node_name,route_space,support_size,wrapper_name,source_type,temperature,top_k,entropy_norm,n_eff_norm,top1_monopoly_norm,jitter_adj_norm,knn_consistency_score,knn_consistency_js,n_eff,cv_usage,top1_max_frac,entropy_mean
macro,macro@1,best_valid,session,final,final.expert,expert,12,ScalarGroupConditionalProductWrapper,,,,0.6910341119739224,0.44579242416126097,0.7561391307754847,0.0,0.9616471670213274,0.039107665841189,5.349509089935132,1.114987390486507,0.7764608698775276,1.7171552600743454
macro,macro@1,best_valid,session,final,final.group,group,4,ScalarGroupConditionalProductWrapper,,,,0.6933255693585948,0.6001878706587286,0.8889008607788912,0.0,0.9863131974757958,0.013781330319056003,2.4007514826349143,0.8161770701408386,0.9166756455841684,0.9611533272220576
macro,macro@1,best_valid,session,final,final.intra.Exposure,intra,3,ScalarGroupConditionalProductWrapper,,,,0.7029264670318397,0.765139390211322,0.7155478935459542,0.0,0.976107488088581,0.024182567394743924,2.2954181706339662,0.5540318472971961,0.8103652623639694,0.772243654711238
macro,macro@1,best_valid,session,final,final.intra.Focus,intra,3,ScalarGroupConditionalProductWrapper,,,,0.6248530255385732,0.9536749693357968,0.2761555866824696,0.0,0.9584758354059452,0.042410927658320906,2.86102490800739,0.22039822312582869,0.5174370577883131,0.6864712124681248
macro,macro@1,best_valid,session,final,final.intra.Memory,intra,3,ScalarGroupConditionalProductWrapper,,,,0.9321764168804542,0.9692447134901102,0.6910354487662967,0.0,0.9863017272821579,0.013792959749102423,2.9077341404703305,0.1781322232445412,0.7940236325108645,1.0241004667914737
macro,macro@1,best_valid,session,final,final.intra.Tempo,intra,3,ScalarGroupConditionalProductWrapper,,,,0.5141595650364486,0.7811648616575634,0.37016485292533124,0.0,0.955179944409479,0.04585553278545544,2.34349458497269,0.5292822140027412,0.5801099019502208,0.5648620164852926
