{
  "split": "best_valid",
  "feature_mode": "runtime:unknown|ablation:none",
  "stages": [
    {
      "stage": "macro@1",
      "n_eff": 11.9720433516259,
      "cv_usage": 0.04832652499237806,
      "top1_max_frac": 0.14015708451146716,
      "entropy_mean": 2.4512027641965126,
      "route_jitter_adjacent": 0.6020589401803729,
      "route_consistency_knn_js": 0.012162475518777336,
      "route_consistency_knn_score": 0.9879111884387917,
      "route_consistency_group_knn_js": 0.0032696677433993746,
      "route_consistency_group_knn_score": 0.9967356717990815,
      "route_consistency_intra_group_knn_mean_js": 0.008831376053829207,
      "route_consistency_intra_group_knn_mean_score": 0.9912077914959132,
      "route_consistency_feature_group_knn_mean_score": 0.9887678223310304,
      "family_top_expert_mean_share": 0.09013258665800095,
      "route_consistency_feature_group_knn_tempo_js": 0.011300269367961729,
      "route_consistency_feature_group_knn_tempo_score": 0.9887633388537971,
      "route_consistency_feature_group_knn_focus_js": 0.011387492746136823,
      "route_consistency_feature_group_knn_focus_score": 0.9886770993362722,
      "route_consistency_feature_group_knn_memory_js": 0.011243808172295233,
      "route_consistency_feature_group_knn_memory_score": 0.9888191671901925,
      "route_consistency_feature_group_knn_exposure_js": 0.011251376062256041,
      "route_consistency_feature_group_knn_exposure_score": 0.9888116839438602
    }
  ]
}
