{
  "split": "best_valid",
  "feature_mode": "none",
  "stages": [
    {
      "stage": "macro@1",
      "n_eff": 8.505698508885633,
      "cv_usage": 0.6409515100433972,
      "top1_max_frac": 0.49836565115545445,
      "entropy_mean": 2.032827708407444,
      "route_jitter_adjacent": 0.0,
      "route_consistency_knn_js": 0.009212753527665287,
      "route_consistency_knn_score": 0.9908295538639078,
      "route_consistency_group_knn_js": 0.0035038928141618328,
      "route_consistency_group_knn_score": 0.9965022386548374,
      "route_consistency_intra_group_knn_mean_js": 0.010378129937076524,
      "route_consistency_intra_group_knn_mean_score": 0.9897234190150053,
      "route_consistency_feature_group_knn_mean_score": 0.9717017639839296,
      "family_top_expert_mean_share": 0.22476743161678314,
      "route_consistency_feature_group_knn_tempo_js": 0.014542172399102105,
      "route_consistency_feature_group_knn_tempo_score": 0.9855630542974865,
      "route_consistency_feature_group_knn_focus_js": 0.03406413241118282,
      "route_consistency_feature_group_knn_focus_score": 0.9665095180640291,
      "route_consistency_feature_group_knn_memory_js": 0.032770693122972816,
      "route_consistency_feature_group_knn_memory_score": 0.9677604482738632,
      "route_consistency_feature_group_knn_exposure_js": 0.03358363466457465,
      "route_consistency_feature_group_knn_exposure_score": 0.9669740353003397
    }
  ]
}
