{
  "split": "best_valid",
  "feature_mode": "none",
  "stages": [
    {
      "stage": "macro@1",
      "n_eff": 15.842369648801462,
      "cv_usage": 0.09974920004606247,
      "top1_max_frac": 0.07946418847787418,
      "entropy_mean": 1.8375980497536029,
      "route_jitter_adjacent": 0.6484698827057059,
      "route_consistency_knn_js": 0.1369864510226529,
      "route_consistency_knn_score": 0.8719820405169869,
      "route_consistency_group_knn_js": 0.04723954137087995,
      "route_consistency_group_knn_score": 0.9538588815578276,
      "route_consistency_intra_group_knn_mean_js": 0.09878049589177867,
      "route_consistency_intra_group_knn_mean_score": 0.90598124766568,
      "route_consistency_feature_group_knn_mean_score": 0.8252556231386187,
      "family_top_expert_mean_share": 0.07719948887825012,
      "route_consistency_feature_group_knn_tempo_js": 0.18901702887127106,
      "route_consistency_feature_group_knn_tempo_score": 0.8277724105448924,
      "route_consistency_feature_group_knn_focus_js": 0.193517622650955,
      "route_consistency_feature_group_knn_focus_score": 0.8240553140279849,
      "route_consistency_feature_group_knn_memory_js": 0.1989065167545954,
      "route_consistency_feature_group_knn_memory_score": 0.8196265110979083,
      "route_consistency_feature_group_knn_exposure_js": 0.1868498859573963,
      "route_consistency_feature_group_knn_exposure_score": 0.829568256883689
    }
  ]
}
