best_mrr20,epoch,epoch_time_sec,eval,lr,patience_used,train_loss,trial,valid_mrr20
0.0281,1,17.506680011749268,1,0.000351051,0,819.4814224243164,1,0.0281
0.1368,3,14.862549304962158,1,0.000351051,0,634.1692976951599,1,0.1368
0.1994,10,17.373681783676147,1,0.000351051,0,329.62763118743896,1,0.1994
0.2015,13,17.349028825759888,1,0.000351051,0,263.15199732780457,1,0.2015
0.2015,23,17.0341739654541,1,0.000351051,10,128.30538034439087,1,0.1864
