best_mrr20,epoch,epoch_time_sec,eval,lr,patience_used,train_loss,trial,valid_mrr20
0.0121,1,17.585827112197876,1,0.0005476,0,695.5515942573547,1,0.0121
0.0158,3,16.894009590148926,1,0.0005476,0,601.3060331344604,1,0.0158
0.0187,10,16.61949133872986,1,0.0005476,0,511.37566900253296,1,0.0187
0.0189,13,16.582078456878662,1,0.0005476,0,492.64765453338623,1,0.0189
0.0189,23,16.534996271133423,1,0.0005476,10,444.8858947753906,1,0.017
