stage_name,stage_key,split,aggregation_level,node_kind,node_name,route_space,support_size,wrapper_name,source_type,temperature,top_k,entropy_norm,n_eff_norm,top1_monopoly_norm,jitter_adj_norm,knn_consistency_score,knn_consistency_js,n_eff,cv_usage,top1_max_frac,entropy_mean
macro,macro@1,best_valid,session,final,final.expert,expert,16,FlatJointWrapper,,,,0.902314503505111,0.8599709365653376,0.2063625212677561,0.8585009644530174,0.975249065531272,0.025062388779606672,13.759534985045402,0.4035220444202423,0.25596486368852134,2.501747016331658
macro,macro@1,best_valid,session,final,final.group,group,4,FlatJointWrapper,,,,0.9319009671518187,0.9225677726926095,0.3899682137722735,0.0,0.9924236131036648,0.007605233509971878,3.690271090770438,0.28970909118652344,0.5424761603292051,1.2918890558847387
macro,macro@1,best_valid,session,final,final.intra.Exposure,intra,4,FlatJointWrapper,,,,0.882207457362538,0.9317924697119973,0.2801276724831507,0.0,0.9865129090426608,0.013578867905478574,3.727169878847989,0.2705555260181427,0.460095754362363,1.2229992234796028
macro,macro@1,best_valid,session,final,final.intra.Focus,intra,4,FlatJointWrapper,,,,0.8901161608345254,0.9584945276762946,0.20194146585948114,0.0,0.9847646249389556,0.015352625818244387,3.8339781107051785,0.2080933004617691,0.40145609939461085,1.233963014506588
macro,macro@1,best_valid,session,final,final.intra.Memory,intra,4,FlatJointWrapper,,,,0.842129916185489,0.8851106645783452,0.38722483810126745,0.0,0.9829122051425738,0.017235476005142095,3.540442658313381,0.360280892865711,0.5404186285759506,1.1674399541383096
macro,macro@1,best_valid,session,final,final.intra.Tempo,intra,4,FlatJointWrapper,,,,0.891627170340536,0.9510258328553796,0.20505414210158404,0.0,0.9824856521739068,0.017669538730687842,3.8041033314215182,0.22692756354808807,0.40379060657618804,1.236057718464369
