best_mrr20,epoch,epoch_time_sec,eval,lr,patience_used,train_loss,trial,valid_mrr20
0.2746,1,46.33895969390869,1,0.00056966,0,2223.4575748443604,1,0.2746
0.3459,3,45.20989775657654,1,0.00056966,0,1243.5113172531128,1,0.3459
0.3734,7,44.89185333251953,1,0.00056966,0,804.9855568408966,1,0.3734
0.3734,10,45.16799831390381,1,0.00056966,3,711.70649933815,1,0.3672
0.3734,17,45.35478591918945,1,0.00056966,10,539.7000458240509,1,0.3433
