stage_name,stage_key,split,aggregation_level,node_kind,node_name,route_space,support_size,wrapper_name,source_type,temperature,top_k,entropy_norm,n_eff_norm,top1_monopoly_norm,jitter_adj_norm,knn_consistency_score,knn_consistency_js,n_eff,cv_usage,top1_max_frac,entropy_mean
macro,macro@1,best_valid,session,final,final.expert,expert,12,ScalarGroupConditionalProductWrapper,,,,0.9472633674083751,0.9739215925134217,0.7336082059533386,0.0,0.9960911593861516,0.003916500097636781,11.68705911016106,0.16363550979985267,0.7558075221238938,2.353861040773645
macro,macro@1,best_valid,session,final,final.group,group,4,ScalarGroupConditionalProductWrapper,,,,0.934981605448086,0.9906476320537491,0.674410029498525,0.0,0.9978731114579554,0.002129153581707481,3.9625905282149962,0.09716267138719559,0.7558075221238938,1.296159727383504
macro,macro@1,best_valid,session,final,final.intra.Exposure,intra,3,ScalarGroupConditionalProductWrapper,,,,0.9972363041515244,0.9971249745179812,0.6436670353982301,0.0,0.9999576120677924,4.2388830601313465e-05,2.9913749235539435,0.05369581680906365,0.7624446902654868,1.0955760584468335
macro,macro@1,best_valid,session,final,final.intra.Focus,intra,3,ScalarGroupConditionalProductWrapper,,,,0.9969615940048469,0.9984551728143742,0.6909568584070797,0.0,0.9998624885639368,0.00013752089162762655,2.9953655184431227,0.03933529252304755,0.7939712389380531,1.0952742585038717
macro,macro@1,best_valid,session,final,final.intra.Memory,intra,3,ScalarGroupConditionalProductWrapper,,,,0.9994813682160164,0.9998742798093999,0.7415652654867256,0.0,0.9999539245440553,4.6076517451132694e-05,2.9996228394282,0.011217722406549597,0.8277101769911505,1.0980425134169316
macro,macro@1,best_valid,session,final,final.intra.Tempo,intra,3,ScalarGroupConditionalProductWrapper,,,,0.8459265699255859,0.816748100666449,0.7892699115044248,0.0,0.9954420650725109,0.0045683539845346455,2.450244301999347,0.473674700448671,0.8595132743362832,0.9293453250311118
