stage_name,stage_key,split,aggregation_level,node_kind,node_name,route_space,support_size,wrapper_name,source_type,temperature,top_k,entropy_norm,n_eff_norm,top1_monopoly_norm,jitter_adj_norm,knn_consistency_score,knn_consistency_js,n_eff,cv_usage,top1_max_frac,entropy_mean
macro,macro@1,best_valid,session,final,final.expert,expert,16,FlatJointWrapper,,,,0.6897910947782583,0.9271755712028734,0.06779336179109678,0.6692542631712904,0.8131591024823497,0.20682849057041391,14.834809139245975,0.2802575194528676,0.12605627667915323,1.912507010083631
macro,macro@1,best_valid,session,final,final.group,group,4,FlatJointWrapper,,,,0.8546312561395759,0.9946594878040914,0.1084008479251967,0.0,0.9527191120290762,0.048435159560495634,3.9786379512163657,0.07327532023191452,0.3313006359438975,1.184770491223103
macro,macro@1,best_valid,session,final,final.intra.Exposure,intra,4,FlatJointWrapper,,,,0.4691283076458136,0.8658385097014261,0.1919155354449472,0.0,0.8375756775807941,0.1772436580747506,3.4633540388057042,0.3936366140842438,0.3939366515837104,0.6503499275311087
macro,macro@1,best_valid,session,final,final.intra.Focus,intra,4,FlatJointWrapper,,,,0.42681065907312765,0.8632198276731429,0.17404234019374024,0.0,0.8132805444245578,0.20667915586541616,3.4528793106925715,0.3980621038712325,0.3805317551453052,0.5916852099389409
macro,macro@1,best_valid,session,final,final.intra.Memory,intra,4,FlatJointWrapper,,,,0.4262721649359284,0.8745328187711098,0.15771557095529012,0.0,0.8241914667369027,0.1933524135198754,3.498131275084439,0.3787711262702942,0.3682866782164676,0.5909386985530455
macro,macro@1,best_valid,session,final,final.intra.Tempo,intra,4,FlatJointWrapper,,,,0.34480427131489294,0.8863093722430306,0.22415249125346848,0.0,0.8021474155577442,0.22046287808422224,3.5452374889721225,0.3581538796424866,0.41811436844010136,0.4780002170138889
