stage_name,stage_key,split,aggregation_level,node_kind,node_name,route_space,support_size,wrapper_name,source_type,temperature,top_k,entropy_norm,n_eff_norm,top1_monopoly_norm,jitter_adj_norm,knn_consistency_score,knn_consistency_js,n_eff,cv_usage,top1_max_frac,entropy_mean
macro,macro@1,best_valid,session,final,final.expert,expert,12,ScalarGroupConditionalProductWrapper,,,,0.9472332714736539,0.9074766033128826,0.3642534601482991,0.0,0.9934531330788411,0.006568391652201271,10.88971923975459,0.31930637898128095,0.41723233846927416,2.353786255185325
macro,macro@1,best_valid,session,final,final.group,group,4,ScalarGroupConditionalProductWrapper,,,,0.9612568325341129,0.9515922189719533,0.4685438590190234,0.0,0.9977320965845063,0.002270479003304446,3.8063688758878134,0.22554442578024556,0.6014078942642676,1.3325849265300076
macro,macro@1,best_valid,session,final,final.intra.Exposure,intra,3,ScalarGroupConditionalProductWrapper,,,,0.7726018060143959,0.6866790281216347,0.9736019825449844,0.0,0.9947057266537657,0.005308337673591729,2.0600370843649043,0.6754882581386489,0.9824013216966563,0.8487898383345904
macro,macro@1,best_valid,session,final,final.intra.Focus,intra,3,ScalarGroupConditionalProductWrapper,,,,0.9926819468688332,0.9992938858856455,0.1843012606400172,0.0,0.9992929540021664,0.0007072960727383116,2.9978816576569365,0.02658271617195856,0.45620084042667813,1.0905725855690838
macro,macro@1,best_valid,session,final,final.intra.Memory,intra,3,ScalarGroupConditionalProductWrapper,,,,0.9916792903315274,0.9956387583997964,0.7594548001292962,0.0,0.9995746195650246,0.00042547093489811265,2.9869162751993894,0.06618414808260953,0.8396365334195309,1.0894710547758861
macro,macro@1,best_valid,session,final,final.intra.Tempo,intra,3,ScalarGroupConditionalProductWrapper,,,,0.9061076023155945,0.9927868105499623,0.18387027259993538,0.0,0.990079479888903,0.00997005635992259,2.978360431649887,0.08523901145741514,0.4559135150666236,0.9954609467595087
