{
  "split": "best_valid",
  "feature_mode": "runtime:unknown|ablation:none",
  "stages": [
    {
      "stage": "micro@1",
      "n_eff": 5.227494014881512,
      "cv_usage": 1.6810489702849967,
      "top1_max_frac": 0.4841134807897757,
      "entropy_mean": 1.4992579083285522,
      "route_jitter_adjacent": 0.5698539542573712,
      "route_consistency_knn_js": 0.09081586438201093,
      "route_consistency_knn_score": 0.9131858454590027,
      "route_consistency_group_knn_js": 0.02520192885746374,
      "route_consistency_group_knn_score": 0.9751129886950447,
      "route_consistency_intra_group_knn_mean_js": 0.06394858304416497,
      "route_consistency_intra_group_knn_mean_score": 0.9380838432349968,
      "route_consistency_feature_group_knn_mean_score": 0.8999533450497319,
      "family_top_expert_mean_share": 0.41866567730903625,
      "route_consistency_feature_group_knn_tempo_js": 0.10537717110022507,
      "route_consistency_feature_group_knn_tempo_score": 0.8999850102266721,
      "route_consistency_feature_group_knn_focus_js": 0.1123193750111639,
      "route_consistency_feature_group_knn_focus_score": 0.8937587676972183,
      "route_consistency_feature_group_knn_memory_js": 0.10770470552970492,
      "route_consistency_feature_group_knn_memory_score": 0.897892700035933,
      "route_consistency_feature_group_knn_exposure_js": 0.09631609310249357,
      "route_consistency_feature_group_knn_exposure_score": 0.9081769022391044
    }
  ]
}
