stage_name,stage_key,split,aggregation_level,node_kind,node_name,route_space,support_size,wrapper_name,source_type,temperature,top_k,entropy_norm,n_eff_norm,top1_monopoly_norm,jitter_adj_norm,knn_consistency_score,knn_consistency_js,n_eff,cv_usage,top1_max_frac,entropy_mean
macro,macro@1,best_valid,session,final,final.expert,expert,12,FlatPlusGroupIntraResidualWrapper,,,,0.8306690718599691,0.8309047622655926,0.275514543782671,0.059162194868535245,0.9873178415829656,0.012763263442258432,9.970857147187111,0.45111794478404194,0.3358883318007817,2.0641351004380635
macro,macro@1,best_valid,session,final,final.group,group,4,FlatPlusGroupIntraResidualWrapper,,,,0.8340938987872543,0.9074040120402963,0.3780450607464682,0.0,0.9909435437589224,0.009097715236675286,3.629616048161185,0.31944483518600464,0.5335337955598511,1.1562996685332754
macro,macro@1,best_valid,session,final,final.intra.Exposure,intra,3,FlatPlusGroupIntraResidualWrapper,,,,0.6658166480423138,0.7917138446916877,0.4721892220231024,0.0,0.9923805375041677,0.007648638900363315,2.375141534075063,0.5129157747949429,0.6481261480154016,0.7314743515390957
macro,macro@1,best_valid,session,final,final.intra.Focus,intra,3,FlatPlusGroupIntraResidualWrapper,,,,0.9643861753563625,0.9456532834522727,0.9278268865486714,0.0,0.9995472114571446,0.0004528910825413608,2.836959850356818,0.23972890556666537,0.9518845910324476,1.0594865032681384
macro,macro@1,best_valid,session,final,final.intra.Memory,intra,3,FlatPlusGroupIntraResidualWrapper,,,,0.9518055673866674,0.9507730648330815,0.8832162105927284,0.0,0.9994652161855353,0.0005349268623308996,2.8523191944992448,0.22754244573287827,0.9221441403951522,1.0456652927537156
macro,macro@1,best_valid,session,final,final.intra.Tempo,intra,3,FlatPlusGroupIntraResidualWrapper,,,,0.540645892341204,0.7999226072802461,0.3047271946251066,0.0,0.9861176371347193,0.013979624057204643,2.3997678218407383,0.5001206546878034,0.5364847964167377,0.5939602211439826
