{
  "model": "FAME",
  "dataset": "amazon_beauty",
  "dataset_raw": "amazon_beauty",
  "max_evals": 10,
  "tune_epochs": 100,
  "n_completed": 10,
  "n_recorded_trials": 10,
  "timestamp": "2026-04-13T03:08:04.056106",
  "trials": [
    {
      "trial": 1,
      "params": {
        "learning_rate": 0.005302697438086106
      },
      "mrr@20": 0.0007,
      "valid_result": {
        "hit@5": 0.0,
        "hit@10": 0.0,
        "hit@20": 0.0088,
        "ndcg@5": 0.0,
        "ndcg@10": 0.0,
        "ndcg@20": 0.0023,
        "mrr@5": 0.0,
        "mrr@10": 0.0,
        "mrr@20": 0.0007
      },
      "test_result": {
        "hit@5": 0.0,
        "hit@10": 0.0,
        "hit@20": 0.0,
        "ndcg@5": 0.0,
        "ndcg@10": 0.0,
        "ndcg@20": 0.0,
        "mrr@5": 0.0,
        "mrr@10": 0.0,
        "mrr@20": 0.0
      },
      "best_hr@10": 0.0,
      "test_mrr@20": 0.0,
      "test_hr@10": 0.0,
      "epochs_run": 9,
      "early_stop_epoch": 9,
      "early_stopped": true,
      "elapsed": 2.4,
      "status": "ok"
    },
    {
      "trial": 2,
      "params": {
        "learning_rate": 0.005380182662226884
      },
      "mrr@20": 0.0015,
      "valid_result": {
        "hit@5": 0.0,
        "hit@10": 0.0088,
        "hit@20": 0.0088,
        "ndcg@5": 0.0,
        "ndcg@10": 0.0032,
        "ndcg@20": 0.0032,
        "mrr@5": 0.0,
        "mrr@10": 0.0015,
        "mrr@20": 0.0015
      },
      "test_result": {
        "hit@5": 0.0,
        "hit@10": 0.0088,
        "hit@20": 0.0175,
        "ndcg@5": 0.0,
        "ndcg@10": 0.0028,
        "ndcg@20": 0.005,
        "mrr@5": 0.0,
        "mrr@10": 0.0011,
        "mrr@20": 0.0017
      },
      "best_hr@10": 0.0088,
      "test_mrr@20": 0.0017,
      "test_hr@10": 0.0088,
      "epochs_run": 14,
      "early_stop_epoch": 14,
      "early_stopped": true,
      "elapsed": 2.9,
      "status": "ok"
    },
    {
      "trial": 3,
      "params": {
        "learning_rate": 0.0038878823881648233
      },
      "mrr@20": 0.0029,
      "valid_result": {
        "hit@5": 0.0088,
        "hit@10": 0.0088,
        "hit@20": 0.0088,
        "ndcg@5": 0.0044,
        "ndcg@10": 0.0044,
        "ndcg@20": 0.0044,
        "mrr@5": 0.0029,
        "mrr@10": 0.0029,
        "mrr@20": 0.0029
      },
      "test_result": {
        "hit@5": 0.0,
        "hit@10": 0.0,
        "hit@20": 0.0088,
        "ndcg@5": 0.0,
        "ndcg@10": 0.0,
        "ndcg@20": 0.0022,
        "mrr@5": 0.0,
        "mrr@10": 0.0,
        "mrr@20": 0.0006
      },
      "best_hr@10": 0.0088,
      "test_mrr@20": 0.0006,
      "test_hr@10": 0.0,
      "epochs_run": 9,
      "early_stop_epoch": 9,
      "early_stopped": true,
      "elapsed": 1.8,
      "status": "ok"
    },
    {
      "trial": 4,
      "params": {
        "learning_rate": 0.00639694088254778
      },
      "mrr@20": 0.0044,
      "valid_result": {
        "hit@5": 0.0088,
        "hit@10": 0.0088,
        "hit@20": 0.0088,
        "ndcg@5": 0.0056,
        "ndcg@10": 0.0056,
        "ndcg@20": 0.0056,
        "mrr@5": 0.0044,
        "mrr@10": 0.0044,
        "mrr@20": 0.0044
      },
      "test_result": {
        "hit@5": 0.0,
        "hit@10": 0.0,
        "hit@20": 0.0088,
        "ndcg@5": 0.0,
        "ndcg@10": 0.0,
        "ndcg@20": 0.0022,
        "mrr@5": 0.0,
        "mrr@10": 0.0,
        "mrr@20": 0.0006
      },
      "best_hr@10": 0.0088,
      "test_mrr@20": 0.0006,
      "test_hr@10": 0.0,
      "epochs_run": 9,
      "early_stop_epoch": 9,
      "early_stopped": true,
      "elapsed": 2.0,
      "status": "ok"
    },
    {
      "trial": 5,
      "params": {
        "learning_rate": 0.004659349604578623
      },
      "mrr@20": 0.0015,
      "valid_result": {
        "hit@5": 0.0,
        "hit@10": 0.0088,
        "hit@20": 0.0088,
        "ndcg@5": 0.0,
        "ndcg@10": 0.0032,
        "ndcg@20": 0.0032,
        "mrr@5": 0.0,
        "mrr@10": 0.0015,
        "mrr@20": 0.0015
      },
      "test_result": {
        "hit@5": 0.0,
        "hit@10": 0.0,
        "hit@20": 0.0,
        "ndcg@5": 0.0,
        "ndcg@10": 0.0,
        "ndcg@20": 0.0,
        "mrr@5": 0.0,
        "mrr@10": 0.0,
        "mrr@20": 0.0
      },
      "best_hr@10": 0.0088,
      "test_mrr@20": 0.0,
      "test_hr@10": 0.0,
      "epochs_run": 6,
      "early_stop_epoch": 6,
      "early_stopped": true,
      "elapsed": 1.3,
      "status": "ok"
    },
    {
      "trial": 6,
      "params": {
        "learning_rate": 0.0050513760562032155
      },
      "mrr@20": 0.0013,
      "valid_result": {
        "hit@5": 0.0,
        "hit@10": 0.0088,
        "hit@20": 0.0088,
        "ndcg@5": 0.0,
        "ndcg@10": 0.0029,
        "ndcg@20": 0.0029,
        "mrr@5": 0.0,
        "mrr@10": 0.0013,
        "mrr@20": 0.0013
      },
      "test_result": {
        "hit@5": 0.0,
        "hit@10": 0.0,
        "hit@20": 0.0,
        "ndcg@5": 0.0,
        "ndcg@10": 0.0,
        "ndcg@20": 0.0,
        "mrr@5": 0.0,
        "mrr@10": 0.0,
        "mrr@20": 0.0
      },
      "best_hr@10": 0.0088,
      "test_mrr@20": 0.0,
      "test_hr@10": 0.0,
      "epochs_run": 9,
      "early_stop_epoch": 9,
      "early_stopped": true,
      "elapsed": 1.6,
      "status": "ok"
    },
    {
      "trial": 7,
      "params": {
        "learning_rate": 0.003400787820320928
      },
      "mrr@20": 0.0029,
      "valid_result": {
        "hit@5": 0.0088,
        "hit@10": 0.0088,
        "hit@20": 0.0088,
        "ndcg@5": 0.0044,
        "ndcg@10": 0.0044,
        "ndcg@20": 0.0044,
        "mrr@5": 0.0029,
        "mrr@10": 0.0029,
        "mrr@20": 0.0029
      },
      "test_result": {
        "hit@5": 0.0,
        "hit@10": 0.0088,
        "hit@20": 0.0088,
        "ndcg@5": 0.0,
        "ndcg@10": 0.0026,
        "ndcg@20": 0.0026,
        "mrr@5": 0.0,
        "mrr@10": 0.001,
        "mrr@20": 0.001
      },
      "best_hr@10": 0.0088,
      "test_mrr@20": 0.001,
      "test_hr@10": 0.0088,
      "epochs_run": 10,
      "early_stop_epoch": 10,
      "early_stopped": true,
      "elapsed": 2.3,
      "status": "ok"
    },
    {
      "trial": 8,
      "params": {
        "learning_rate": 0.004371049665187669
      },
      "mrr@20": 0.0018,
      "valid_result": {
        "hit@5": 0.0088,
        "hit@10": 0.0088,
        "hit@20": 0.0088,
        "ndcg@5": 0.0034,
        "ndcg@10": 0.0034,
        "ndcg@20": 0.0034,
        "mrr@5": 0.0018,
        "mrr@10": 0.0018,
        "mrr@20": 0.0018
      },
      "test_result": {
        "hit@5": 0.0,
        "hit@10": 0.0,
        "hit@20": 0.0,
        "ndcg@5": 0.0,
        "ndcg@10": 0.0,
        "ndcg@20": 0.0,
        "mrr@5": 0.0,
        "mrr@10": 0.0,
        "mrr@20": 0.0
      },
      "best_hr@10": 0.0088,
      "test_mrr@20": 0.0,
      "test_hr@10": 0.0,
      "epochs_run": 9,
      "early_stop_epoch": 9,
      "early_stopped": true,
      "elapsed": 1.7,
      "status": "ok"
    },
    {
      "trial": 9,
      "params": {
        "learning_rate": 0.0035004682272382257
      },
      "mrr@20": 0.0022,
      "valid_result": {
        "hit@5": 0.0088,
        "hit@10": 0.0088,
        "hit@20": 0.0088,
        "ndcg@5": 0.0038,
        "ndcg@10": 0.0038,
        "ndcg@20": 0.0038,
        "mrr@5": 0.0022,
        "mrr@10": 0.0022,
        "mrr@20": 0.0022
      },
      "test_result": {
        "hit@5": 0.0,
        "hit@10": 0.0,
        "hit@20": 0.0088,
        "ndcg@5": 0.0,
        "ndcg@10": 0.0,
        "ndcg@20": 0.0024,
        "mrr@5": 0.0,
        "mrr@10": 0.0,
        "mrr@20": 0.0007
      },
      "best_hr@10": 0.0088,
      "test_mrr@20": 0.0007,
      "test_hr@10": 0.0,
      "epochs_run": 10,
      "early_stop_epoch": 10,
      "early_stopped": true,
      "elapsed": 2.1,
      "status": "ok"
    },
    {
      "trial": 10,
      "params": {
        "learning_rate": 0.003516122226683229
      },
      "mrr@20": 0.0022,
      "valid_result": {
        "hit@5": 0.0088,
        "hit@10": 0.0088,