stage_name,stage_key,split,aggregation_level,node_kind,node_name,route_space,support_size,wrapper_name,source_type,temperature,top_k,entropy_norm,n_eff_norm,top1_monopoly_norm,jitter_adj_norm,knn_consistency_score,knn_consistency_js,n_eff,cv_usage,top1_max_frac,entropy_mean
macro,macro@1,best_valid,session,final,final.expert,expert,16,FlatJointWrapper,,,,0.7828313515667523,0.9846118019730951,0.03149284253578732,0.6904047976011994,0.9197067115800394,0.08370045152477328,15.753788831569521,0.12501487135887146,0.09202453987730061,2.1704693767697028
macro,macro@1,best_valid,session,final,final.group,group,4,FlatJointWrapper,,,,0.8733329479202545,0.9941076018596097,0.04657494464006969,0.0,0.9752101780626524,0.025102263971823493,3.9764304074384387,0.07698901742696762,0.28493120848005227,1.2106965410820598
macro,macro@1,best_valid,session,final,final.intra.Exposure,intra,4,FlatJointWrapper,,,,0.7668274978307934,0.9991623033905332,0.04459045752108515,0.0,0.9585181643597674,0.04236676585725701,3.996649213562133,0.02895435318350792,0.28344284314081386,1.063048636194504
macro,macro@1,best_valid,session,final,final.intra.Focus,intra,4,FlatJointWrapper,,,,0.7636610553776112,0.9991517116438952,0.015307171984850099,0.0,0.9482815210370906,0.05310385769264094,3.9966068465755806,0.029137810692191124,0.2614803789886376,1.0586590148768469
macro,macro@1,best_valid,session,final,final.intra.Memory,intra,4,FlatJointWrapper,,,,0.7036950953960098,0.9794230976248727,0.10819084957829646,0.0,0.9434412972069989,0.058221134225747796,3.9176923904994907,0.1449456810951233,0.33114313718372235,0.9755285426952118
macro,macro@1,best_valid,session,final,final.intra.Tempo,intra,4,FlatJointWrapper,,,,0.7344355149759177,0.993426428533194,0.06124078847061387,0.0,0.9470408718088139,0.054413027478380845,3.973705714132776,0.08134540915489197,0.2959305913529604,1.0181438130172977
