stage_name,stage_key,split,aggregation_level,node_kind,node_name,route_space,support_size,wrapper_name,source_type,temperature,top_k,entropy_norm,n_eff_norm,top1_monopoly_norm,jitter_adj_norm,knn_consistency_score,knn_consistency_js,n_eff,cv_usage,top1_max_frac,entropy_mean
macro,macro@1,best_valid,session,final,final.expert,expert,12,ScalarGroupConditionalProductWrapper,,,,0.8170880216493769,0.6985296072377678,0.14940159434617087,0.0,0.9800967478877751,0.02010398985578405,8.382355286853214,0.6569463265852235,0.22028479481732327,2.0303874584586583
macro,macro@1,best_valid,session,final,final.group,group,4,ScalarGroupConditionalProductWrapper,,,,0.9807805101663942,0.9947336772275741,0.18417713087801216,0.0,0.9975036355936598,0.002499485519337104,3.9789347089102964,0.0727612866617016,0.3881328481585091,1.3596504907399618
macro,macro@1,best_valid,session,final,final.intra.Exposure,intra,3,ScalarGroupConditionalProductWrapper,,,,0.6285857728259688,0.6637594086101269,0.9690490713669729,0.0,0.9999313685632095,6.863379203534583e-05,1.991278225830381,0.7117372390110124,0.9793660475779821,0.6905720545085502
macro,macro@1,best_valid,session,final,final.intra.Focus,intra,3,ScalarGroupConditionalProductWrapper,,,,0.5939846641625002,0.6610113631264107,0.4849399490987107,0.0,0.9963200627749483,0.0036867248511837734,1.9830340893792322,0.7161237682067225,0.6566266327324738,0.6525588513293229
macro,macro@1,best_valid,session,final,final.intra.Memory,intra,3,ScalarGroupConditionalProductWrapper,,,,0.6114637362500325,0.7936612369905238,0.34450918116231616,0.0,0.9460483246445573,0.05546162810117611,2.3809837109715715,0.5098856833611225,0.5630061207748774,0.6717615747192016
macro,macro@1,best_valid,session,final,final.intra.Tempo,intra,3,ScalarGroupConditionalProductWrapper,,,,0.608707181284772,0.6596672146194559,0.47402351555434025,0.0,0.9977370314829196,0.0022655328998104603,1.9790016438583677,0.7182727987088919,0.6493490103695602,0.6687331895599773
