{
  "split": "best_valid",
  "feature_mode": "none",
  "stages": [
    {
      "stage": "macro@1",
      "n_eff": 11.266983594769217,
      "cv_usage": 0.25506653666892865,
      "top1_max_frac": 0.23392554707618235,
      "entropy_mean": 1.9993442084370883,
      "route_jitter_adjacent": 0.43271278221222603,
      "route_consistency_knn_js": 0.01661958247321007,
      "route_consistency_knn_score": 0.9835177608719647,
      "route_consistency_group_knn_js": 0.008120013618700603,
      "route_consistency_group_knn_score": 0.9919128646410599,
      "route_consistency_intra_group_knn_mean_js": 0.009318482919204814,
      "route_consistency_intra_group_knn_mean_score": 0.9907360087292714,
      "route_consistency_feature_group_knn_mean_score": 0.9617603802874051,
      "family_top_expert_mean_share": 0.1425432562828064,
      "route_consistency_feature_group_knn_tempo_js": 0.027430170064334358,
      "route_consistency_feature_group_knn_tempo_score": 0.9729426207019781,
      "route_consistency_feature_group_knn_focus_js": 0.04389213488377459,
      "route_consistency_feature_group_knn_focus_score": 0.9570571849901158,
      "route_consistency_feature_group_knn_memory_js": 0.0419547088689036,
      "route_consistency_feature_group_knn_memory_score": 0.9589132098528941,
      "route_consistency_feature_group_knn_exposure_js": 0.04277337054513211,
      "route_consistency_feature_group_knn_exposure_score": 0.958128505604632
    }
  ]
}
