{
  "model": "BSARec",
  "dataset": "KuaiRecLargeStrictPosV2_0.2",
  "dataset_raw": "KuaiRecLargeStrictPosV2_0.2",
  "max_evals": 5,
  "tune_epochs": 100,
  "n_completed": 5,
  "n_recorded_trials": 5,
  "timestamp": "2026-03-19T03:55:38.410737",
  "trials": [
    {
      "trial": 1,
      "params": {
        "learning_rate": 0.004115175660600288
      },
      "mrr@20": 0.0759,
      "valid_result": {
        "hit@5": 0.0839,
        "hit@10": 0.1023,
        "hit@20": 0.1322,
        "ndcg@5": 0.0745,
        "ndcg@10": 0.0804,
        "ndcg@20": 0.0879,
        "mrr@5": 0.0714,
        "mrr@10": 0.0738,
        "mrr@20": 0.0759
      },
      "test_result": {
        "hit@5": 0.1626,
        "hit@10": 0.1783,
        "hit@20": 0.2053,
        "ndcg@5": 0.1544,
        "ndcg@10": 0.1594,
        "ndcg@20": 0.1662,
        "mrr@5": 0.1517,
        "mrr@10": 0.1537,
        "mrr@20": 0.1556
      },
      "best_hr@10": 0.1023,
      "test_mrr@20": 0.1556,
      "test_hr@10": 0.1783,
      "epochs_run": 25,
      "early_stop_epoch": 25,
      "early_stopped": true,
      "elapsed": 85.1,
      "status": "ok"
    },
    {
      "trial": 2,
      "params": {
        "learning_rate": 0.0006255251900757294
      },
      "mrr@20": 0.0726,
      "valid_result": {
        "hit@5": 0.0786,
        "hit@10": 0.0925,
        "hit@20": 0.1152,
        "ndcg@5": 0.0716,
        "ndcg@10": 0.076,
        "ndcg@20": 0.0817,
        "mrr@5": 0.0693,
        "mrr@10": 0.0711,
        "mrr@20": 0.0726
      },
      "test_result": {
        "hit@5": 0.1599,
        "hit@10": 0.1723,
        "hit@20": 0.1927,
        "ndcg@5": 0.1527,
        "ndcg@10": 0.1566,
        "ndcg@20": 0.1617,
        "mrr@5": 0.1503,
        "mrr@10": 0.1519,
        "mrr@20": 0.1533
      },
      "best_hr@10": 0.0925,
      "test_mrr@20": 0.1533,
      "test_hr@10": 0.1723,
      "epochs_run": 61,
      "early_stop_epoch": 61,
      "early_stopped": true,
      "elapsed": 204.2,
      "status": "ok"
    },
    {
      "trial": 3,
      "params": {
        "learning_rate": 0.00042096680894204296
      },
      "mrr@20": 0.0729,
      "valid_result": {
        "hit@5": 0.0791,
        "hit@10": 0.0916,
        "hit@20": 0.1151,
        "ndcg@5": 0.072,
        "ndcg@10": 0.076,
        "ndcg@20": 0.0819,
        "mrr@5": 0.0697,
        "mrr@10": 0.0713,
        "mrr@20": 0.0729
      },
      "test_result": {
        "hit@5": 0.1598,
        "hit@10": 0.1719,
        "hit@20": 0.1906,
        "ndcg@5": 0.1528,
        "ndcg@10": 0.1567,
        "ndcg@20": 0.1613,
        "mrr@5": 0.1505,
        "mrr@10": 0.1521,
        "mrr@20": 0.1533
      },
      "best_hr@10": 0.0916,
      "test_mrr@20": 0.1533,
      "test_hr@10": 0.1719,
      "epochs_run": 82,
      "early_stop_epoch": 82,
      "early_stopped": true,
      "elapsed": 275.3,
      "status": "ok"
    },
    {
      "trial": 4,
      "params": {
        "learning_rate": 0.00036157021387895504
      },
      "mrr@20": 0.0729,
      "valid_result": {
        "hit@5": 0.0797,
        "hit@10": 0.0933,
        "hit@20": 0.1148,
        "ndcg@5": 0.0721,
        "ndcg@10": 0.0765,
        "ndcg@20": 0.0819,
        "mrr@5": 0.0696,
        "mrr@10": 0.0714,
        "mrr@20": 0.0729
      },
      "test_result": {
        "hit@5": 0.1599,
        "hit@10": 0.1722,
        "hit@20": 0.1915,
        "ndcg@5": 0.1528,
        "ndcg@10": 0.1567,
        "ndcg@20": 0.1615,
        "mrr@5": 0.1504,
        "mrr@10": 0.152,
        "mrr@20": 0.1533
      },
      "best_hr@10": 0.0933,
      "test_mrr@20": 0.1533,
      "test_hr@10": 0.1722,
      "epochs_run": 94,
      "early_stop_epoch": 94,
      "early_stopped": true,
      "elapsed": 313.6,
      "status": "ok"
    },
    {
      "trial": 5,
      "params": {
        "learning_rate": 0.0004997044318279107
      },
      "mrr@20": 0.0732,
      "valid_result": {
        "hit@5": 0.079,
        "hit@10": 0.0935,
        "hit@20": 0.118,
        "ndcg@5": 0.0719,
        "ndcg@10": 0.0766,
        "ndcg@20": 0.0827,
        "mrr@5": 0.0696,
        "mrr@10": 0.0715,
        "mrr@20": 0.0732
      },
      "test_result": {
        "hit@5": 0.16,
        "hit@10": 0.172,
        "hit@20": 0.1932,
        "ndcg@5": 0.1526,
        "ndcg@10": 0.1565,
        "ndcg@20": 0.1618,
        "mrr@5": 0.1502,
        "mrr@10": 0.1518,
        "mrr@20": 0.1532
      },
      "best_hr@10": 0.0935,
      "test_mrr@20": 0.1532,
      "test_hr@10": 0.172,
      "epochs_run": 74,
      "early_stop_epoch": 74,
      "early_stopped": true,
      "elapsed": 245.5,
      "status": "ok"
    }
  ],
  "run_group": "baseline",
  "run_axis": "hparam",
  "run_phase": "P2_MORE_SEARCH_M00_BSAREC_C02",
  "parent_result": "",
  "interrupted": false,
  "interrupted_at": null,
  "tuned_search": {
    "learning_rate": [
      0.0002,
      0.006
    ]
  },
  "fixed_search": {
    "num_layers": 3,
    "num_heads": 4,
    "weight_decay": 0.0001,
    "dropout_ratio": 0.1,
    "hidden_size": 128
  },
  "context_fixed": {
    "num_layers": 3,
    "search_space_type_overrides": {
      "learning_rate": "loguniform",
      "weight_decay": "choice",
      "dropout_ratio": "choice"
    },
    "combo_id": "C02"
  },
  "best_params": {
    "learning_rate": 0.004115175660600288
  },
  "best_mrr@20": 0.0759,
  "best_hr@10": 0.1023,
  "test_mrr@20": 0.1556,
  "test_hr@10": 0.1783,
  "best_valid_result": {
    "hit@5": 0.0839,
    "hit@10": 0.1023,
    "hit@20": 0.1322,
    "ndcg@5": 0.0745,
    "ndcg@10": 0.0804,
    "ndcg@20": 0.0879,
    "mrr@5": 0.0714,
    "mrr@10": 0.0738,
    "mrr@20": 0.0759
  },
  "test_result": {
    "hit@5": 0.1626,
    "hit@10": 0.1783,
    "hit@20": 0.2053,
    "ndcg@5": 0.1544,
    "ndcg@10": 0.1594,
    "ndcg@20": 0.1662,
    "mrr@5": 0.1517,
    "mrr@10": 0.1537,
    "mrr@20": 0.1556
  },
  "best_valid_special_metrics": {},
  "early_valid_result": {},
  "early_valid_special_metrics": {},
  "test_special_metrics": {},
  "normal_result_mirror_file": "/workspace/jy1559/FMoE/experiments/run/artifacts/results/baseline/normal/hparam/P2/KuaiRecLargeStrictPosV2_0.2/BSARec/KuaiRecLargeStrictPosV2_0.2_BSARec_p2_more_search_m00_bsarec_c02_20260319_033648_287000_pid27403.json",
  "special_result_file": "/workspace/jy1559/FMoE/experiments/run/artifacts/results/baseline/special/hparam/P2/KuaiRecLargeStrictPosV2_0.2/BSARec/KuaiRecLargeStrictPosV2_0.2_BSARec_p2_more_search_m00_bsarec_c02_20260319_033648_287000_pid27403_special_metrics.json",
  "special_log_file": "/workspace/jy1559/FMoE/experiments/run/artifacts/logs/baseline/special/hparam/P2/KuaiRecLargeStrictPosV2_0.2/BSARec/KuaiRecLargeStrictPosV2_0.2_BSARec_p2_more_search_m00_bsarec_c02_20260319_033648_287000_pid27403_special_metrics.json"
}
