stage_name,stage_key,split,aggregation_level,node_kind,node_name,route_space,support_size,wrapper_name,source_type,temperature,top_k,entropy_norm,n_eff_norm,top1_monopoly_norm,jitter_adj_norm,knn_consistency_score,knn_consistency_js,n_eff,cv_usage,top1_max_frac,entropy_mean
macro,macro@1,best_valid,session,final,final.expert,expert,12,FlatJointWrapper,,,,0.8665266859314311,0.9956853793404442,0.045411522200954936,0.7895275805570726,0.9601555328003841,0.04065999430926451,11.94822455208533,0.06582731929936053,0.12496056201754202,2.153237924089771
macro,macro@1,best_valid,session,final,final.group,group,4,FlatJointWrapper,,,,0.9131448750975061,0.9991723003012188,0.038232056594381225,0.0,0.9864529606958712,0.013639637681304431,3.9966892012048754,0.028782011793971763,0.2786740424457859,1.2658875912331995
macro,macro@1,best_valid,session,final,final.intra.Exposure,intra,3,FlatJointWrapper,,,,0.8210424971380551,0.9998689167688827,0.002723849988431559,0.0,0.974390034076488,0.02594360983282303,2.999606750306648,0.011452721323364338,0.335149233325621,0.9020073768746187
macro,macro@1,best_valid,session,final,final.intra.Focus,intra,3,FlatJointWrapper,,,,0.843145418420744,0.9978441977671166,0.04329764634120694,0.0,0.9809398383196013,0.019244148188678714,2.99353259330135,0.046480202593499345,0.36219843089413795,0.9262899178112446
macro,macro@1,best_valid,session,final,final.intra.Memory,intra,3,FlatJointWrapper,,,,0.8335823411547711,0.9882254427931626,0.17685043013692864,0.0,0.9776089418856658,0.02264554383324795,2.964676328379488,0.10915570842559762,0.45123362009128576,0.9157838036093642
macro,macro@1,best_valid,session,final,final.intra.Tempo,intra,3,FlatJointWrapper,,,,0.8473943578924757,0.9984102528396631,0.0644048545527207,0.0,0.9811382482373695,0.019041903517782174,2.9952307585189892,0.03990390964138777,0.3762699030351471,0.9309578549286961
