stage_name,stage_key,split,aggregation_level,node_kind,node_name,route_space,support_size,wrapper_name,source_type,temperature,top_k,entropy_norm,n_eff_norm,top1_monopoly_norm,jitter_adj_norm,knn_consistency_score,knn_consistency_js,n_eff,cv_usage,top1_max_frac,entropy_mean
macro,macro@1,best_valid,session,final,final.expert,expert,16,FlatJointWrapper,,,,0.8853976790817325,0.9910183948886626,0.038280526218269405,0.7551930851805382,0.9260985499574054,0.07677462455878038,15.856294318218602,0.09519986063241959,0.09838799332962757,2.4548436197192887
macro,macro@1,best_valid,session,final,final.group,group,4,FlatJointWrapper,,,,0.9402961044724423,0.9982830015246871,0.029584336977333054,0.0,0.9790416232023048,0.02118112131628138,3.9931320060987483,0.04147283732891083,0.2721882527329998,1.3035271874131462
macro,macro@1,best_valid,session,final,final.intra.Exposure,intra,4,FlatJointWrapper,,,,0.8387691253375542,0.9907734122052122,0.0754122660737447,0.0,0.9474301530931413,0.054002061794884655,3.963093648820849,0.09650162607431412,0.3065591995553085,1.162780908736914
macro,macro@1,best_valid,session,final,final.intra.Focus,intra,4,FlatJointWrapper,,,,0.8426848615128407,0.9910597249784122,0.03613118399110619,0.0,0.9471016120322634,0.05434889267966485,3.964238899913649,0.094978466629982,0.27709838799332964,1.168209271716347
macro,macro@1,best_valid,session,final,final.intra.Memory,intra,4,FlatJointWrapper,,,,0.8603157573222819,0.9984469728348793,0.07652399481193257,0.0,0.9505481745966691,0.05071643491174529,3.993787891339517,0.03943886607885361,0.30739299610894943,1.1926508831584677
macro,macro@1,best_valid,session,final,final.intra.Tempo,intra,4,FlatJointWrapper,,,,0.8595541466361887,0.9927510050165322,0.07738867271941204,0.0,0.9501488318367707,0.0511366415669068,3.971004020066129,0.08545104414224625,0.30804150453955903,1.1915950665589679
