stage_name,stage_key,split,aggregation_level,node_kind,node_name,route_space,support_size,wrapper_name,source_type,temperature,top_k,entropy_norm,n_eff_norm,top1_monopoly_norm,jitter_adj_norm,knn_consistency_score,knn_consistency_js,n_eff,cv_usage,top1_max_frac,entropy_mean
macro,macro@1,best_valid,session,final,final.expert,expert,12,GroupConditionalProductWrapper,,,,0.9289504373353196,0.9859380609444915,0.17966854172882807,0.3014558300431493,0.9929646018398052,0.007060263266411771,11.831256731333898,0.11942527459784524,0.24802949658475906,2.3083551190580067
macro,macro@1,best_valid,session,final,final.group,group,4,GroupConditionalProductWrapper,,,,0.9918860384622713,0.9966769150926796,0.23415971798067123,0.0,0.9989653676777657,0.0010351679237210407,3.9867076603707186,0.05774120298132861,0.4256197884855034,1.3750460219937937
macro,macro@1,best_valid,session,final,final.intra.Exposure,intra,3,GroupConditionalProductWrapper,,,,0.7897654860860607,0.9663297429205464,0.33498781789259613,0.0,0.9934413467626556,0.0065802557107158795,2.8989892287616392,0.18666417891765708,0.5566585452617308,0.8676460681800894
macro,macro@1,best_valid,session,final,final.intra.Focus,intra,3,GroupConditionalProductWrapper,,,,0.9591219628104952,0.9968496581480105,0.3171173710810865,0.0,0.9981915361693557,0.001810101075587623,2.9905489744440317,0.056216115319248576,0.5447449140540577,1.0537031746750878
macro,macro@1,best_valid,session,final,final.intra.Memory,intra,3,GroupConditionalProductWrapper,,,,0.8433172338452869,0.9982612615475094,0.3882098678425925,0.0,0.9914740136122258,0.008562540531435079,2.9947837846425283,0.041733788013941404,0.5921399118950617,0.9264786763480302
macro,macro@1,best_valid,session,final,final.intra.Tempo,intra,3,GroupConditionalProductWrapper,,,,0.7950100458072246,0.990416192296359,0.07296176227775207,0.0,0.9926425522848722,0.007384647228353028,2.971248576889077,0.09836963270993135,0.38197450818516804,0.8734078059384138
