{
  "model": "FAME",
  "dataset": "KuaiRecLargeStrictPosV2_0.2",
  "dataset_raw": "KuaiRecLargeStrictPosV2_0.2",
  "max_evals": 5,
  "tune_epochs": 100,
  "n_completed": 5,
  "n_recorded_trials": 5,
  "timestamp": "2026-03-19T09:21:47.867471",
  "trials": [
    {
      "trial": 1,
      "params": {
        "learning_rate": 0.0015569244058061533
      },
      "mrr@20": 0.0751,
      "valid_result": {
        "hit@5": 0.0814,
        "hit@10": 0.0975,
        "hit@20": 0.1229,
        "ndcg@5": 0.0737,
        "ndcg@10": 0.0789,
        "ndcg@20": 0.0853,
        "mrr@5": 0.0712,
        "mrr@10": 0.0733,
        "mrr@20": 0.0751
      },
      "test_result": {
        "hit@5": 0.1615,
        "hit@10": 0.1757,
        "hit@20": 0.1987,
        "ndcg@5": 0.1543,
        "ndcg@10": 0.1589,
        "ndcg@20": 0.1646,
        "mrr@5": 0.152,
        "mrr@10": 0.1539,
        "mrr@20": 0.1554
      },
      "best_hr@10": 0.0975,
      "test_mrr@20": 0.1554,
      "test_hr@10": 0.1757,
      "epochs_run": 34,
      "early_stop_epoch": 34,
      "early_stopped": true,
      "elapsed": 195.9,
      "status": "ok"
    },
    {
      "trial": 2,
      "params": {
        "learning_rate": 0.0004975599723899266
      },
      "mrr@20": 0.0717,
      "valid_result": {
        "hit@5": 0.0766,
        "hit@10": 0.0879,
        "hit@20": 0.108,
        "ndcg@5": 0.0707,
        "ndcg@10": 0.0744,
        "ndcg@20": 0.0794,
        "mrr@5": 0.0689,
        "mrr@10": 0.0703,
        "mrr@20": 0.0717
      },
      "test_result": {
        "hit@5": 0.158,
        "hit@10": 0.1679,
        "hit@20": 0.1855,
        "ndcg@5": 0.1528,
        "ndcg@10": 0.156,
        "ndcg@20": 0.1604,
        "mrr@5": 0.1511,
        "mrr@10": 0.1524,
        "mrr@20": 0.1536
      },
      "best_hr@10": 0.0879,
      "test_mrr@20": 0.1536,
      "test_hr@10": 0.1679,
      "epochs_run": 59,
      "early_stop_epoch": 59,
      "early_stopped": true,
      "elapsed": 337.0,
      "status": "ok"
    },
    {
      "trial": 3,
      "params": {
        "learning_rate": 0.003271242589006353
      },
      "mrr@20": 0.0771,
      "valid_result": {
        "hit@5": 0.0847,
        "hit@10": 0.1036,
        "hit@20": 0.1322,
        "ndcg@5": 0.0757,
        "ndcg@10": 0.0817,
        "ndcg@20": 0.0889,
        "mrr@5": 0.0728,
        "mrr@10": 0.0752,
        "mrr@20": 0.0771
      },
      "test_result": {
        "hit@5": 0.1617,
        "hit@10": 0.1778,
        "hit@20": 0.2043,
        "ndcg@5": 0.1544,
        "ndcg@10": 0.1595,
        "ndcg@20": 0.1662,
        "mrr@5": 0.152,
        "mrr@10": 0.1541,
        "mrr@20": 0.1559
      },
      "best_hr@10": 0.1036,
      "test_mrr@20": 0.1559,
      "test_hr@10": 0.1778,
      "epochs_run": 23,
      "early_stop_epoch": 23,
      "early_stopped": true,
      "elapsed": 132.3,
      "status": "ok"
    },
    {
      "trial": 4,
      "params": {
        "learning_rate": 0.00021410720450070026
      },
      "mrr@20": 0.0691,
      "valid_result": {
        "hit@5": 0.073,
        "hit@10": 0.083,
        "hit@20": 0.1003,
        "ndcg@5": 0.0682,
        "ndcg@10": 0.0714,
        "ndcg@20": 0.0757,
        "mrr@5": 0.0666,
        "mrr@10": 0.0679,
        "mrr@20": 0.0691
      },
      "test_result": {
        "hit@5": 0.1552,
        "hit@10": 0.1636,
        "hit@20": 0.1783,
        "ndcg@5": 0.1503,
        "ndcg@10": 0.153,
        "ndcg@20": 0.1567,
        "mrr@5": 0.1488,
        "mrr@10": 0.1498,
        "mrr@20": 0.1508
      },
      "best_hr@10": 0.083,
      "test_mrr@20": 0.1508,
      "test_hr@10": 0.1636,
      "epochs_run": 76,
      "early_stop_epoch": 76,
      "early_stopped": true,
      "elapsed": 431.9,
      "status": "ok"
    },
    {
      "trial": 5,
      "params": {
        "learning_rate": 0.0017439528176067106
      },
      "mrr@20": 0.0757,
      "valid_result": {
        "hit@5": 0.0821,
        "hit@10": 0.0994,
        "hit@20": 0.126,
        "ndcg@5": 0.0742,
        "ndcg@10": 0.0797,
        "ndcg@20": 0.0864,
        "mrr@5": 0.0716,
        "mrr@10": 0.0739,
        "mrr@20": 0.0757
      },
      "test_result": {
        "hit@5": 0.1618,
        "hit@10": 0.1768,
        "hit@20": 0.1989,
        "ndcg@5": 0.1547,
        "ndcg@10": 0.1595,
        "ndcg@20": 0.1651,
        "mrr@5": 0.1524,
        "mrr@10": 0.1544,
        "mrr@20": 0.1559
      },
      "best_hr@10": 0.0994,
      "test_mrr@20": 0.1559,
      "test_hr@10": 0.1768,
      "epochs_run": 33,
      "early_stop_epoch": 33,
      "early_stopped": true,
      "elapsed": 190.1,
      "status": "ok"
    }
  ],
  "run_group": "baseline",
  "run_axis": "hparam",
  "run_phase": "P2_MORE_SEARCH_M03_FAME_C15",
  "parent_result": "",
  "interrupted": false,
  "interrupted_at": null,
  "tuned_search": {
    "learning_rate": [
      0.0002,
      0.006
    ]
  },
  "fixed_search": {
    "num_heads": 8,
    "num_experts": 6,
    "num_layers": 1,
    "weight_decay": 5e-05,
    "dropout_ratio": 0.12,
    "hidden_size": 192
  },
  "context_fixed": {
    "num_layers": 1,
    "search_space_type_overrides": {
      "learning_rate": "loguniform",
      "weight_decay": "choice",
      "dropout_ratio": "choice"
    },
    "combo_id": "C15"
  },
  "best_params": {
    "learning_rate": 0.003271242589006353
  },
  "best_mrr@20": 0.0771,
  "best_hr@10": 0.1036,
  "test_mrr@20": 0.1559,
  "test_hr@10": 0.1778,
  "best_valid_result": {
    "hit@5": 0.0847,
    "hit@10": 0.1036,
    "hit@20": 0.1322,
    "ndcg@5": 0.0757,
    "ndcg@10": 0.0817,
    "ndcg@20": 0.0889,
    "mrr@5": 0.0728,
    "mrr@10": 0.0752,
    "mrr@20": 0.0771
  },
  "test_result": {
    "hit@5": 0.1617,
    "hit@10": 0.1778,
    "hit@20": 0.2043,
    "ndcg@5": 0.1544,
    "ndcg@10": 0.1595,
    "ndcg@20": 0.1662,
    "mrr@5": 0.152,
    "mrr@10": 0.1541,
    "mrr@20": 0.1559
  },
  "best_valid_special_metrics": {},
  "early_valid_result": {},
  "early_valid_special_metrics": {},
  "test_special_metrics": {},
  "normal_result_mirror_file": "/workspace/jy1559/FMoE/experiments/run/artifacts/results/baseline/normal/hparam/P2/KuaiRecLargeStrictPosV2_0.2/FAME/KuaiRecLargeStrictPosV2_0.2_FAME_p2_more_search_m03_fame_c15_20260319_090015_476528_pid88485.json",
  "special_result_file": "/workspace/jy1559/FMoE/experiments/run/artifacts/results/baseline/special/hparam/P2/KuaiRecLargeStrictPosV2_0.2/FAME/KuaiRecLargeStrictPosV2_0.2_FAME_p2_more_search_m03_fame_c15_20260319_090015_476528_pid88485_special_metrics.json",
  "special_log_file": "/workspace/jy1559/FMoE/experiments/run/artifacts/logs/baseline/special/hparam/P2/KuaiRecLargeStrictPosV2_0.2/FAME/KuaiRecLargeStrictPosV2_0.2_FAME_p2_more_search_m03_fame_c15_20260319_090015_476528_pid88485_special_metrics.json",
  "diag_trial_summary_file": "",
  "diag_best_valid_file": "",
  "diag_best_valid_overview_file": "",
  "diag_best_valid_overview_md_file": "",
  "diag_early_valid_file": "",
  "diag_test_file": "",
  "diag_collapse_file": "",
  "diag_epoch_trace_file": "",
  "feature_ablation_file": "",
  "logging_bundle_dir": "/workspace/jy1559/FMoE/experiments/run/artifacts/logging/baseline/KuaiRecLargeStrictPosV2_0.2/P2/KuaiRecLargeStrictPosV2_0.2_FAME_p2_more_search_m03_fame_c15_20260319_090015_476528_pid88485",
  "logging_bundle_summary_file": "/workspace/jy1559/FMoE/experiments/run/artifacts/logging/baseline/KuaiRecLargeStrictPosV2_0.2/P2/KuaiRecLargeStrictPosV2_0.2_FAME_p2_more_search_m03_fame_c15_20260319_090015_476528_pid88485/run_summary.json"
}
