best_mrr20,epoch,epoch_time_sec,eval,lr,patience_used,train_loss,trial,valid_mrr20
0.2749,1,51.51265287399292,1,0.00056966,0,2202.3588342666626,1,0.2749
0.3352,3,49.50430178642273,1,0.00056966,0,1219.893578529358,1,0.3352
0.3664,8,48.11415886878967,1,0.00056966,0,746.8300907611847,1,0.3664
0.3664,10,47.927722454071045,1,0.00056966,2,673.5283744335175,1,0.3616
0.3664,18,47.12553882598877,1,0.00056966,10,426.8068608045578,1,0.3251
