stage_name,stage_key,split,aggregation_level,node_kind,node_name,route_space,support_size,wrapper_name,source_type,temperature,top_k,entropy_norm,n_eff_norm,top1_monopoly_norm,jitter_adj_norm,knn_consistency_score,knn_consistency_js,n_eff,cv_usage,top1_max_frac,entropy_mean
macro,macro@1,best_valid,session,final,final.expert,expert,12,ScalarGroupConditionalProductWrapper,,,,0.9810073681381177,0.9919469278273154,0.7432622687047465,0.0,0.9989733161629218,0.0010272112379423929,11.903363133927785,0.09010342174819436,0.7646570796460177,2.4377117325774336
macro,macro@1,best_valid,session,final,final.group,group,4,ScalarGroupConditionalProductWrapper,,,,0.9686948318070957,0.9963374070381124,0.6773598820058998,0.0,0.9990261866372351,0.0009742878270491459,3.9853496281524494,0.060630254447460175,0.7580199115044248,1.3428961829801576
macro,macro@1,best_valid,session,final,final.intra.Exposure,intra,3,ScalarGroupConditionalProductWrapper,,,,0.9932293463073678,0.9967501622067171,0.6627488938053097,0.0,0.9998764089464344,0.00012359869156918077,2.9902504866201514,0.0571007124484647,0.7751659292035398,1.091173965319068
macro,macro@1,best_valid,session,final,final.intra.Focus,intra,3,ScalarGroupConditionalProductWrapper,,,,0.9980450090329854,0.9963577023599482,0.8245298672566372,0.0,0.999986478273917,1.352181750241269e-05,2.989073107079845,0.0604615044456272,0.8830199115044248,1.0964645115675125
macro,macro@1,best_valid,session,final,final.intra.Memory,intra,3,ScalarGroupConditionalProductWrapper,,,,0.9996614969497776,0.9995634078590397,0.6337112831858407,0.0,0.9999941455191961,5.854497941439612e-06,2.9986902235771193,0.020899248152248615,0.7558075221238938,1.0982404050573837
macro,macro@1,best_valid,session,final,final.intra.Tempo,intra,3,ScalarGroupConditionalProductWrapper,,,,0.9962010094913609,0.9933762545454653,0.9593473451327434,0.0,0.9999412250595006,5.877666781393535e-05,2.980128763636396,0.08165694529840513,0.9728982300884956,1.0944386710107854
