stage_name,stage_key,split,aggregation_level,node_kind,node_name,route_space,support_size,wrapper_name,source_type,temperature,top_k,entropy_norm,n_eff_norm,top1_monopoly_norm,jitter_adj_norm,knn_consistency_score,knn_consistency_js,n_eff,cv_usage,top1_max_frac,entropy_mean
macro,macro@1,best_valid,session,final,final.expert,expert,12,FlatJointWrapper,,,,0.9326616116765984,0.9939212636340283,0.06904743420541885,0.7025590307825442,0.9627434814140989,0.03796827710817217,11.92705516360834,0.0782026946452028,0.1466268146883006,2.317577040857173
macro,macro@1,best_valid,session,final,final.group,group,4,FlatJointWrapper,,,,0.9620116757448083,0.9991136308144901,0.05061201252490751,0.0,0.9877445347481426,0.012331182737437376,3.9964545232579605,0.02978341653943062,0.28795900939368063,1.3336313614165243
macro,macro@1,best_valid,session,final,final.intra.Exposure,intra,3,FlatJointWrapper,,,,0.8900527597566091,0.9949674049624732,0.08245089666951329,0.0,0.974536378737387,0.025793430061835473,2.9849022148874194,0.07111987632155788,0.3883005977796755,0.9778228994315756
macro,macro@1,best_valid,session,final,final.intra.Focus,intra,3,FlatJointWrapper,,,,0.9000889278880785,0.9926127124084428,0.1265157984628523,0.0,0.9723938697845165,0.027994340771767552,2.9778381372253286,0.08626848947201701,0.41767719897523486,0.9888487570719471
macro,macro@1,best_valid,session,final,final.intra.Memory,intra,3,FlatJointWrapper,,,,0.8990593992140746,0.9910037896827243,0.10678906917164817,0.0,0.9739579076155293,0.02638719227392349,2.973011369048173,0.0952781830893864,0.4045260461144321,0.9877177042191503
macro,macro@1,best_valid,session,final,final.intra.Tempo,intra,3,FlatJointWrapper,,,,0.9325536011681936,0.9994069280996228,0.08783091374893252,0.0,0.9810029020357296,0.01917986117881558,2.9982207842988684,0.02436223274134896,0.3918872758326217,1.0245148460850768
