best_mrr20,epoch,epoch_time_sec,eval,lr,patience_used,train_loss,trial,valid_mrr20
0.0069,1,2.989389181137085,1,0.0005672,0,80.14102745056152,1,0.0069
0.0102,3,1.8769547939300537,1,0.0005672,0,72.55090856552124,1,0.0102
0.0624,10,1.85406494140625,1,0.0005672,0,53.53787279129028,1,0.0624
0.0783,17,1.8443834781646729,1,0.0005672,0,42.30244827270508,1,0.0783
0.0783,27,1.6543395519256592,1,0.0005672,10,30.322086572647095,1,0.0702
