stage_name,stage_key,split,aggregation_level,node_kind,node_name,route_space,support_size,wrapper_name,source_type,temperature,top_k,entropy_norm,n_eff_norm,top1_monopoly_norm,jitter_adj_norm,knn_consistency_score,knn_consistency_js,n_eff,cv_usage,top1_max_frac,entropy_mean
macro,macro@1,best_valid,session,final,final.expert,expert,12,ScalarGroupConditionalProductWrapper,,,,0.9613384090208645,0.9225378928784368,0.5648388814079479,0.0,0.9941192331247813,0.005898126677497583,11.070454714541242,0.2897688401020956,0.6011023079572856,2.388836205272563
macro,macro@1,best_valid,session,final,final.group,group,4,ScalarGroupConditionalProductWrapper,,,,0.9425592037902917,0.92918182652963,0.6217705821563899,0.0,0.9953693206767212,0.004641434133003443,3.71672730611852,0.27607184648513794,0.7163279366172924,1.306664509236135
macro,macro@1,best_valid,session,final,final.intra.Exposure,intra,3,ScalarGroupConditionalProductWrapper,,,,0.995805183815074,0.9975413482016631,0.5631243541164314,0.0,0.9996888044660165,0.0003112439653617313,2.992624044604989,0.049646396572995286,0.7087495694109542,1.0940038120586462
macro,macro@1,best_valid,session,final,final.intra.Focus,intra,3,ScalarGroupConditionalProductWrapper,,,,0.9804802142476836,0.9976132394184459,0.24819152600757835,0.0,0.9985506817279401,0.001450369549666739,2.992839718255338,0.048913202370000027,0.4987943506717189,1.0771676121684464
macro,macro@1,best_valid,session,final,final.intra.Memory,intra,3,ScalarGroupConditionalProductWrapper,,,,0.980963784348472,0.989823422305968,0.25335859455735443,0.0,0.9979851627754885,0.0020168697396156965,2.969470266917904,0.10139624844800685,0.5022390630382363,1.0776988682236048
macro,macro@1,best_valid,session,final,final.intra.Tempo,intra,3,ScalarGroupConditionalProductWrapper,,,,0.971237265905199,0.9873829712146875,0.4362728212194282,0.0,0.997863396046862,0.0021388897478366482,2.9621489136440626,0.11304068973539204,0.6241818808129521,1.0670131955358682
