best_mrr20,epoch,epoch_time_sec,eval,lr,patience_used,train_loss,trial,valid_mrr20
0.0338,1,19.587969541549683,1,0.000388664,0,816.0282897949219,1,0.0338
0.1408,3,18.522385358810425,1,0.000388664,0,614.6282362937927,1,0.1408
0.1993,10,18.072148323059082,1,0.000388664,2,302.3181850910187,1,0.199
0.2051,11,18.46488928794861,1,0.000388664,0,276.95676016807556,1,0.2051
0.2051,21,18.146617650985718,1,0.000388664,10,108.01949846744537,1,0.1917
