stage_name,stage_key,split,aggregation_level,node_kind,node_name,route_space,support_size,wrapper_name,source_type,temperature,top_k,entropy_norm,n_eff_norm,top1_monopoly_norm,jitter_adj_norm,knn_consistency_score,knn_consistency_js,n_eff,cv_usage,top1_max_frac,entropy_mean
macro,macro@1,best_valid,session,final,final.expert,expert,12,ScalarGroupConditionalProductWrapper,,,,0.757569559742743,0.8760667412543536,0.27376907864712746,0.0,0.9658167123847966,0.034781201504384164,10.512800895052242,0.3761189280606594,0.33428832209320014,1.8824896366817099
macro,macro@1,best_valid,session,final,final.group,group,4,ScalarGroupConditionalProductWrapper,,,,0.9575275887140927,0.9535843385238225,0.626421919104846,0.0,0.9976021505306175,0.0024007289143260276,3.81433735409529,0.22062379121780396,0.7198164393286345,1.3274150968510725
macro,macro@1,best_valid,session,final,final.intra.Exposure,intra,3,ScalarGroupConditionalProductWrapper,,,,0.591422797976416,0.78748537242575,0.40295877490999443,0.0,0.9855772185350754,0.01452780078102457,2.36245611727725,0.5194851303254029,0.601972516606663,0.6497443536553674
macro,macro@1,best_valid,session,final,final.intra.Focus,intra,3,ScalarGroupConditionalProductWrapper,,,,0.5353389958367887,0.9052716651458493,0.45810303737133,0.0,0.9249658544010082,0.0779984563121285,2.715814995437548,0.323482354775597,0.6387353582475533,0.5881299994295421
macro,macro@1,best_valid,session,final,final.intra.Memory,intra,3,ScalarGroupConditionalProductWrapper,,,,0.19741842358358241,0.988840864977366,0.033035850109020846,0.0,0.9689278686808075,0.03156510878798044,2.966522594932098,0.10623089820374272,0.3553572334060139,0.21688630615840981
macro,macro@1,best_valid,session,final,final.intra.Tempo,intra,3,ScalarGroupConditionalProductWrapper,,,,0.597484582645643,0.9786496477034957,0.33617717154302523,0.0,0.9845031297546781,0.015618201878372432,2.9359489431104873,0.14770315519859925,0.5574514476953502,0.6564039047842402
