{
  "model": "FAME",
  "dataset": "amazon_beauty",
  "dataset_raw": "amazon_beauty",
  "max_evals": 12,
  "tune_epochs": 64,
  "n_completed": 12,
  "n_recorded_trials": 12,
  "timestamp": "2026-04-07T00:26:53.307136",
  "trials": [
    {
      "trial": 1,
      "params": {
        "learning_rate": 0.0032776143467698367
      },
      "mrr@20": 0.0038,
      "valid_result": {
        "hit@5": 0.0088,
        "hit@10": 0.0177,
        "hit@20": 0.0177,
        "ndcg@5": 0.0044,
        "ndcg@10": 0.007,
        "ndcg@20": 0.007,
        "mrr@5": 0.0029,
        "mrr@10": 0.0038,
        "mrr@20": 0.0038
      },
      "test_result": {
        "hit@5": 0.0,
        "hit@10": 0.0,
        "hit@20": 0.0,
        "ndcg@5": 0.0,
        "ndcg@10": 0.0,
        "ndcg@20": 0.0,
        "mrr@5": 0.0,
        "mrr@10": 0.0,
        "mrr@20": 0.0
      },
      "best_hr@10": 0.0177,
      "test_mrr@20": 0.0,
      "test_hr@10": 0.0,
      "epochs_run": 9,
      "early_stop_epoch": 9,
      "early_stopped": true,
      "elapsed": 5.1,
      "status": "ok"
    },
    {
      "trial": 2,
      "params": {
        "learning_rate": 0.002343473220116011
      },
      "mrr@20": 0.0047,
      "valid_result": {
        "hit@5": 0.0088,
        "hit@10": 0.0088,
        "hit@20": 0.0354,
        "ndcg@5": 0.0044,
        "ndcg@10": 0.0044,
        "ndcg@20": 0.011,
        "mrr@5": 0.0029,
        "mrr@10": 0.0029,
        "mrr@20": 0.0047
      },
      "test_result": {
        "hit@5": 0.0,
        "hit@10": 0.0,
        "hit@20": 0.0,
        "ndcg@5": 0.0,
        "ndcg@10": 0.0,
        "ndcg@20": 0.0,
        "mrr@5": 0.0,
        "mrr@10": 0.0,
        "mrr@20": 0.0
      },
      "best_hr@10": 0.0088,
      "test_mrr@20": 0.0,
      "test_hr@10": 0.0,
      "epochs_run": 9,
      "early_stop_epoch": 9,
      "early_stopped": true,
      "elapsed": 4.6,
      "status": "ok"
    },
    {
      "trial": 3,
      "params": {
        "learning_rate": 0.004128286748240709
      },
      "mrr@20": 0.0107,
      "valid_result": {
        "hit@5": 0.0088,
        "hit@10": 0.0177,
        "hit@20": 0.0265,
        "ndcg@5": 0.0088,
        "ndcg@10": 0.0118,
        "ndcg@20": 0.014,
        "mrr@5": 0.0088,
        "mrr@10": 0.0101,
        "mrr@20": 0.0107
      },
      "test_result": {
        "hit@5": 0.0,
        "hit@10": 0.0,
        "hit@20": 0.0,
        "ndcg@5": 0.0,
        "ndcg@10": 0.0,
        "ndcg@20": 0.0,
        "mrr@5": 0.0,
        "mrr@10": 0.0,
        "mrr@20": 0.0
      },
      "best_hr@10": 0.0177,
      "test_mrr@20": 0.0,
      "test_hr@10": 0.0,
      "epochs_run": 9,
      "early_stop_epoch": 9,
      "early_stopped": true,
      "elapsed": 4.5,
      "status": "ok"
    },
    {
      "trial": 4,
      "params": {
        "learning_rate": 0.0023990804550392537
      },
      "mrr@20": 0.0046,
      "valid_result": {
        "hit@5": 0.0088,
        "hit@10": 0.0088,
        "hit@20": 0.0354,
        "ndcg@5": 0.0044,
        "ndcg@10": 0.0044,
        "ndcg@20": 0.0109,
        "mrr@5": 0.0029,
        "mrr@10": 0.0029,
        "mrr@20": 0.0046
      },
      "test_result": {
        "hit@5": 0.0,
        "hit@10": 0.0,
        "hit@20": 0.0,
        "ndcg@5": 0.0,
        "ndcg@10": 0.0,
        "ndcg@20": 0.0,
        "mrr@5": 0.0,
        "mrr@10": 0.0,
        "mrr@20": 0.0
      },
      "best_hr@10": 0.0088,
      "test_mrr@20": 0.0,
      "test_hr@10": 0.0,
      "epochs_run": 9,
      "early_stop_epoch": 9,
      "early_stopped": true,
      "elapsed": 4.5,
      "status": "ok"
    },
    {
      "trial": 5,
      "params": {
        "learning_rate": 0.0037130348872711316
      },
      "mrr@20": 0.01,
      "valid_result": {
        "hit@5": 0.0088,
        "hit@10": 0.0177,
        "hit@20": 0.0177,
        "ndcg@5": 0.0088,
        "ndcg@10": 0.0116,
        "ndcg@20": 0.0116,
        "mrr@5": 0.0088,
        "mrr@10": 0.01,
        "mrr@20": 0.01
      },
      "test_result": {
        "hit@5": 0.0,
        "hit@10": 0.0,
        "hit@20": 0.0,
        "ndcg@5": 0.0,
        "ndcg@10": 0.0,
        "ndcg@20": 0.0,
        "mrr@5": 0.0,
        "mrr@10": 0.0,
        "mrr@20": 0.0
      },
      "best_hr@10": 0.0177,
      "test_mrr@20": 0.0,
      "test_hr@10": 0.0,
      "epochs_run": 9,
      "early_stop_epoch": 9,
      "early_stopped": true,
      "elapsed": 4.5,
      "status": "ok"
    },
    {
      "trial": 6,
      "params": {
        "learning_rate": 0.0027461487967834226
      },
      "mrr@20": 0.0039,
      "valid_result": {
        "hit@5": 0.0088,
        "hit@10": 0.0088,
        "hit@20": 0.0354,
        "ndcg@5": 0.0038,
        "ndcg@10": 0.0038,
        "ndcg@20": 0.0104,
        "mrr@5": 0.0022,
        "mrr@10": 0.0022,
        "mrr@20": 0.0039
      },
      "test_result": {
        "hit@5": 0.0,
        "hit@10": 0.0,
        "hit@20": 0.0,
        "ndcg@5": 0.0,
        "ndcg@10": 0.0,
        "ndcg@20": 0.0,
        "mrr@5": 0.0,
        "mrr@10": 0.0,
        "mrr@20": 0.0
      },
      "best_hr@10": 0.0088,
      "test_mrr@20": 0.0,
      "test_hr@10": 0.0,
      "epochs_run": 9,
      "early_stop_epoch": 9,
      "early_stopped": true,
      "elapsed": 4.5,
      "status": "ok"
    },
    {
      "trial": 7,
      "params": {
        "learning_rate": 0.0018131900057244382
      },
      "mrr@20": 0.0036,
      "valid_result": {
        "hit@5": 0.0088,
        "hit@10": 0.0265,
        "hit@20": 0.0265,
        "ndcg@5": 0.0034,
        "ndcg@10": 0.0086,
        "ndcg@20": 0.0086,
        "mrr@5": 0.0018,
        "mrr@10": 0.0036,
        "mrr@20": 0.0036
      },
      "test_result": {
        "hit@5": 0.0,
        "hit@10": 0.0,
        "hit@20": 0.0,
        "ndcg@5": 0.0,
        "ndcg@10": 0.0,
        "ndcg@20": 0.0,
        "mrr@5": 0.0,
        "mrr@10": 0.0,
        "mrr@20": 0.0
      },
      "best_hr@10": 0.0265,
      "test_mrr@20": 0.0,
      "test_hr@10": 0.0,
      "epochs_run": 9,
      "early_stop_epoch": 9,
      "early_stopped": true,
      "elapsed": 4.4,
      "status": "ok"
    },
    {
      "trial": 8,
      "params": {
        "learning_rate": 0.0024038875698657322
      },
      "mrr@20": 0.0046,
      "valid_result": {
        "hit@5": 0.0088,
        "hit@10": 0.0088,
        "hit@20": 0.0354,
        "ndcg@5": 0.0044,
        "ndcg@10": 0.0044,
        "ndcg@20": 0.0109,
        "mrr@5": 0.0029,
        "mrr@10": 0.0029,
        "mrr@20": 0.0046
      },
      "test_result": {
        "hit@5": 0.0,
        "hit@10": 0.0,
        "hit@20": 0.0,
        "ndcg@5": 0.0,
        "ndcg@10": 0.0,
        "ndcg@20": 0.0,
        "mrr@5": 0.0,
        "mrr@10": 0.0,
        "mrr@20": 0.0
      },
      "best_hr@10": 0.0088,
      "test_mrr@20": 0.0,
      "test_hr@10": 0.0,
      "epochs_run": 9,
      "early_stop_epoch": 9,
      "early_stopped": true,
      "elapsed": 4.5,
      "status": "ok"
    },
    {
      "trial": 9,
      "params": {
        "learning_rate": 0.005006895042570368
      },
      "mrr@20": 0.0118,
      "valid_result": {
        "hit@5": 0.0088,
        "hit@10": 0.0265,
        "hit@20": 0.0265,
        "ndcg@5": 0.0088,
        "ndcg@10": 0.0152,
        "ndcg@20": 0.0152,
        "mrr@5": 0.0088,
        "mrr@10": 0.0118,
        "mrr@20": 0.0118
      },
      "test_result": {
        "hit@5": 0.0,
        "hit@10": 0.0,
        "hit@20": 0.0,
        "ndcg@5": 0.0,
        "ndcg@10": 0.0,
        "ndcg@20": 0.0,
        "mrr@5": 0.0,
        "mrr@10": 0.0,
        "mrr@20": 0.0
      },
      "best_hr@10": 0.0265,
      "test_mrr@20": 0.0,
      "test_hr@10": 0.0,
      "epochs_run": 9,
      "early_stop_epoch": 9,
      "early_stopped": true,
      "elapsed": 4.6,
      "status": "ok"
    },
    {
      "trial": 10,
      "params": {
        "learning_rate": 0.0025359660778567056
      },
      "mrr@20": 0.0047,
      "valid_result": {
        "hit@5": 0.0088,
        "hit@10": 0.0088,
        "hit@20": 0.0354,
        "ndcg@5": 0.0044,