{
  "model": "TiSASRec",
  "dataset": "amazon_beauty",
  "dataset_raw": "amazon_beauty",
  "max_evals": 4,
  "tune_epochs": 24,
  "n_completed": 4,
  "n_recorded_trials": 4,
  "timestamp": "2026-04-09T06:48:00.989725",
  "trials": [
    {
      "trial": 1,
      "params": {
        "learning_rate": 0.00033025590513153683
      },
      "mrr@20": 0.0123,
      "valid_result": {
        "hit@5": 0.0177,
        "hit@10": 0.0265,
        "hit@20": 0.0265,
        "ndcg@5": 0.0127,
        "ndcg@10": 0.0156,
        "ndcg@20": 0.0156,
        "mrr@5": 0.0111,
        "mrr@10": 0.0123,
        "mrr@20": 0.0123
      },
      "test_result": {
        "hit@5": 0.0175,
        "hit@10": 0.0439,
        "hit@20": 0.0526,
        "ndcg@5": 0.0125,
        "ndcg@10": 0.021,
        "ndcg@20": 0.0233,
        "mrr@5": 0.011,
        "mrr@10": 0.0144,
        "mrr@20": 0.0151
      },
      "best_hr@10": 0.0265,
      "test_mrr@20": 0.0151,
      "test_hr@10": 0.0439,
      "epochs_run": 4,
      "early_stop_epoch": 4,
      "early_stopped": true,
      "elapsed": 2.3,
      "status": "ok"
    },
    {
      "trial": 2,
      "params": {
        "learning_rate": 0.000217753666406026
      },
      "mrr@20": 0.0135,
      "valid_result": {
        "hit@5": 0.0177,
        "hit@10": 0.0265,
        "hit@20": 0.0354,
        "ndcg@5": 0.0133,
        "ndcg@10": 0.0162,
        "ndcg@20": 0.0183,
        "mrr@5": 0.0118,
        "mrr@10": 0.0131,
        "mrr@20": 0.0135
      },
      "test_result": {
        "hit@5": 0.0263,
        "hit@10": 0.0526,
        "hit@20": 0.0526,
        "ndcg@5": 0.0187,
        "ndcg@10": 0.0269,
        "ndcg@20": 0.0269,
        "mrr@5": 0.0161,
        "mrr@10": 0.0193,
        "mrr@20": 0.0193
      },
      "best_hr@10": 0.0265,
      "test_mrr@20": 0.0193,
      "test_hr@10": 0.0526,
      "epochs_run": 4,
      "early_stop_epoch": 4,
      "early_stopped": true,
      "elapsed": 1.7,
      "status": "ok"
    },
    {
      "trial": 3,
      "params": {
        "learning_rate": 0.00027447512499641
      },
      "mrr@20": 0.0131,
      "valid_result": {
        "hit@5": 0.0177,
        "hit@10": 0.0265,
        "hit@20": 0.0265,
        "ndcg@5": 0.0133,
        "ndcg@10": 0.0162,
        "ndcg@20": 0.0162,
        "mrr@5": 0.0118,
        "mrr@10": 0.0131,
        "mrr@20": 0.0131
      },
      "test_result": {
        "hit@5": 0.0263,
        "hit@10": 0.0439,
        "hit@20": 0.0526,
        "ndcg@5": 0.0163,
        "ndcg@10": 0.0216,
        "ndcg@20": 0.0241,
        "mrr@5": 0.0132,
        "mrr@10": 0.0151,
        "mrr@20": 0.0159
      },
      "best_hr@10": 0.0265,
      "test_mrr@20": 0.0159,
      "test_hr@10": 0.0439,
      "epochs_run": 4,
      "early_stop_epoch": 4,
      "early_stopped": true,
      "elapsed": 1.5,
      "status": "ok"
    },
    {
      "trial": 4,
      "params": {
        "learning_rate": 0.00019794349671125837
      },
      "mrr@20": 0.0151,
      "valid_result": {
        "hit@5": 0.0177,
        "hit@10": 0.0265,
        "hit@20": 0.0354,
        "ndcg@5": 0.0144,
        "ndcg@10": 0.0174,
        "ndcg@20": 0.0195,
        "mrr@5": 0.0133,
        "mrr@10": 0.0145,
        "mrr@20": 0.0151
      },
      "test_result": {
        "hit@5": 0.0263,
        "hit@10": 0.0526,
        "hit@20": 0.0526,
        "ndcg@5": 0.0175,
        "ndcg@10": 0.0255,
        "ndcg@20": 0.0255,
        "mrr@5": 0.0146,
        "mrr@10": 0.0176,
        "mrr@20": 0.0176
      },
      "best_hr@10": 0.0265,
      "test_mrr@20": 0.0176,
      "test_hr@10": 0.0526,
      "epochs_run": 4,
      "early_stop_epoch": 4,
      "early_stopped": true,
      "elapsed": 1.5,
      "status": "ok"
    }
  ],
  "run_group": "baseline",
  "run_axis": "stageh_targetedrecovery_anchor2_core5",
  "run_phase": "P23_SH_C06_MTISASREC_FAD_H3_R2_REGLO_S1",
  "parent_result": "",
  "interrupted": false,
  "interrupted_at": null,
  "tuned_search": {
    "learning_rate": [
      0.0001849100822570631,
      0.00046385598139030853
    ]
  },
  "fixed_search": {
    "n_layers": 2,
    "n_heads": 4,
    "time_span": 384,
    "weight_decay": 0.00014,
    "hidden_dropout_prob": 0.13,
    "MAX_ITEM_LIST_LENGTH": 10,
    "num_layers": 2,
    "num_heads": 4,
    "dropout_ratio": 0.13,
    "dropout_prob": 0.13,
    "attn_dropout_prob": 0.13,
    "hidden_size": 160,
    "embedding_size": 160,
    "inner_size": 320,
    "num_experts": 8,
    "state_size": 32,
    "conv_kernel": 8,
    "remaining_ratio": 0.7
  },
  "context_fixed": {
    "num_layers": 2,
    "search_space_type_overrides": {
      "learning_rate": "loguniform",
      "weight_decay": "choice",
      "n_layers": "choice",
      "num_layers": "choice",
      "n_heads": "choice",
      "num_heads": "choice",
      "dropout_ratio": "choice",
      "dropout_prob": "choice",
      "hidden_dropout_prob": "choice",
      "attn_dropout_prob": "choice",
      "hidden_size": "choice",
      "embedding_size": "choice",
      "inner_size": "choice",
      "time_span": "choice",
      "num_experts": "choice",
      "state_size": "choice",
      "conv_kernel": "choice",
      "remaining_ratio": "choice",
      "MAX_ITEM_LIST_LENGTH": "choice"
    }
  },
  "best_params": {
    "learning_rate": 0.00019794349671125837
  },
  "best_mrr@20": 0.0151,
  "best_hr@10": 0.0265,
  "test_mrr@20": 0.0176,
  "test_hr@10": 0.0526,
  "best_valid_result": {
    "hit@5": 0.0177,
    "hit@10": 0.0265,
    "hit@20": 0.0354,
    "ndcg@5": 0.0144,
    "ndcg@10": 0.0174,
    "ndcg@20": 0.0195,
    "mrr@5": 0.0133,
    "mrr@10": 0.0145,
    "mrr@20": 0.0151
  },
  "test_result": {
    "hit@5": 0.0263,
    "hit@10": 0.0526,
    "hit@20": 0.0526,
    "ndcg@5": 0.0175,
    "ndcg@10": 0.0255,
    "ndcg@20": 0.0255,
    "mrr@5": 0.0146,
    "mrr@10": 0.0176,
    "mrr@20": 0.0176
  },
  "best_valid_special_metrics": {
    "split": "best_valid",
    "overall": {
      "count": 113,
      "hit@20": 0.035398230088495575,
      "ndcg@20": 0.019547908443265257,
      "mrr@20": 0.01509165618799429
    },
    "slices": {
      "target_popularity_abs": {
        "rare_1_5": {
          "count": 113,
          "hit@20": 0.035398230088495575,
          "ndcg@20": 0.019547908443265257,
          "mrr@20": 0.01509165618799429
        }
      },
      "target_popularity_abs_legacy": {
        "<=5": {
          "count": 113,
          "hit@20": 0.035398230088495575,
          "ndcg@20": 0.019547908443265257,
          "mrr@20": 0.01509165618799429
        }
      },
      "session_len": {
        "<=7": {
          "count": 73,
          "hit@20": 0.0410958904109589,
          "ndcg@20": 0.01656046101491745,
          "mrr@20": 0.009662426701963765
        },
        "8-12": {
          "count": 40,
          "hit@20": 0.025,
          "ndcg@20": 0.025,
          "mrr@20": 0.025
        }
      },
      "session_len_legacy": {
        "3-5": {
          "count": 38,
          "hit@20": 0.05263157894736842,
          "ndcg@20": 0.02537534503560317,
          "mrr@20": 0.016917293401140916
        },
        "6-10": {
          "count": 75,
          "hit@20": 0.02666666666666667,
          "ndcg@20": 0.016595340569814047,
          "mrr@20": 0.014166666666666666
        }
      }
    },
    "counts": {
      "target_popularity_abs": {
        "rare_1_5": 113
      },
      "target_popularity_abs_legacy": {
        "<=5": 113
      },
      "session_len": {
        "<=7": 73,
        "8-12": 40
      },
      "session_len_legacy": {
        "3-5": 38,
        "6-10": 75
      }
    },
    "config_snapshot": {
      "target_popularity_abs_bins": [
        "cold_0",
        "rare_1_5",
        "6_20",
        "21_100",
        "101+"
      ],
      "target_popularity_abs_bins_legacy": [
        "<=5",
        "6-20",
        "21-100",
        ">100"
      ],
      "session_len_bins": [
        "<=7",
        "8-12",
        "13+"
      ],