{
  "model": "SIGMA",
  "dataset": "foursquare",
  "dataset_raw": "foursquare",
  "max_evals": 8,
  "tune_epochs": 50,
  "n_completed": 8,
  "n_recorded_trials": 8,
  "timestamp": "2026-04-12T19:24:26.287324",
  "trials": [
    {
      "trial": 1,
      "params": {
        "learning_rate": 0.00287385074630565
      },
      "mrr@20": 0.1042,
      "valid_result": {
        "hit@5": 0.1419,
        "hit@10": 0.1753,
        "hit@20": 0.205,
        "ndcg@5": 0.1087,
        "ndcg@10": 0.1195,
        "ndcg@20": 0.127,
        "mrr@5": 0.0976,
        "mrr@10": 0.1021,
        "mrr@20": 0.1042
      },
      "test_result": {
        "hit@5": 0.1416,
        "hit@10": 0.1705,
        "hit@20": 0.2013,
        "ndcg@5": 0.1057,
        "ndcg@10": 0.1151,
        "ndcg@20": 0.1229,
        "mrr@5": 0.0937,
        "mrr@10": 0.0976,
        "mrr@20": 0.0998
      },
      "best_hr@10": 0.1753,
      "test_mrr@20": 0.0998,
      "test_hr@10": 0.1705,
      "epochs_run": 21,
      "early_stop_epoch": 21,
      "early_stopped": true,
      "elapsed": 90.7,
      "status": "ok"
    },
    {
      "trial": 2,
      "params": {
        "learning_rate": 0.0030659052008952872
      },
      "mrr@20": 0.1064,
      "valid_result": {
        "hit@5": 0.1466,
        "hit@10": 0.1784,
        "hit@20": 0.2084,
        "ndcg@5": 0.1116,
        "ndcg@10": 0.122,
        "ndcg@20": 0.1295,
        "mrr@5": 0.0999,
        "mrr@10": 0.1043,
        "mrr@20": 0.1064
      },
      "test_result": {
        "hit@5": 0.1437,
        "hit@10": 0.1726,
        "hit@20": 0.2028,
        "ndcg@5": 0.1064,
        "ndcg@10": 0.1158,
        "ndcg@20": 0.1235,
        "mrr@5": 0.0941,
        "mrr@10": 0.0979,
        "mrr@20": 0.1001
      },
      "best_hr@10": 0.1784,
      "test_mrr@20": 0.1001,
      "test_hr@10": 0.1726,
      "epochs_run": 20,
      "early_stop_epoch": 20,
      "early_stopped": true,
      "elapsed": 83.0,
      "status": "ok"
    },
    {
      "trial": 3,
      "params": {
        "learning_rate": 0.0025870241040843625
      },
      "mrr@20": 0.0999,
      "valid_result": {
        "hit@5": 0.1377,
        "hit@10": 0.1727,
        "hit@20": 0.1971,
        "ndcg@5": 0.1045,
        "ndcg@10": 0.1158,
        "ndcg@20": 0.122,
        "mrr@5": 0.0934,
        "mrr@10": 0.0981,
        "mrr@20": 0.0999
      },
      "test_result": {
        "hit@5": 0.1377,
        "hit@10": 0.1682,
        "hit@20": 0.1929,
        "ndcg@5": 0.1032,
        "ndcg@10": 0.113,
        "ndcg@20": 0.1192,
        "mrr@5": 0.0917,
        "mrr@10": 0.0958,
        "mrr@20": 0.0975
      },
      "best_hr@10": 0.1727,
      "test_mrr@20": 0.0975,
      "test_hr@10": 0.1682,
      "epochs_run": 23,
      "early_stop_epoch": 23,
      "early_stopped": true,
      "elapsed": 94.2,
      "status": "ok"
    },
    {
      "trial": 4,
      "params": {
        "learning_rate": 0.0025290541655650393
      },
      "mrr@20": 0.1027,
      "valid_result": {
        "hit@5": 0.1464,
        "hit@10": 0.1761,
        "hit@20": 0.2102,
        "ndcg@5": 0.1089,
        "ndcg@10": 0.1185,
        "ndcg@20": 0.127,
        "mrr@5": 0.0965,
        "mrr@10": 0.1004,
        "mrr@20": 0.1027
      },
      "test_result": {
        "hit@5": 0.1387,
        "hit@10": 0.1729,
        "hit@20": 0.202,
        "ndcg@5": 0.1045,
        "ndcg@10": 0.1155,
        "ndcg@20": 0.1229,
        "mrr@5": 0.0931,
        "mrr@10": 0.0977,
        "mrr@20": 0.0997
      },
      "best_hr@10": 0.1761,
      "test_mrr@20": 0.0997,
      "test_hr@10": 0.1729,
      "epochs_run": 22,
      "early_stop_epoch": 22,
      "early_stopped": true,
      "elapsed": 93.4,
      "status": "ok"
    },
    {
      "trial": 5,
      "params": {
        "learning_rate": 0.0028171806202334005
      },
      "mrr@20": 0.1022,
      "valid_result": {
        "hit@5": 0.143,
        "hit@10": 0.1721,
        "hit@20": 0.2068,
        "ndcg@5": 0.1076,
        "ndcg@10": 0.117,
        "ndcg@20": 0.1257,
        "mrr@5": 0.0959,
        "mrr@10": 0.0998,
        "mrr@20": 0.1022
      },
      "test_result": {
        "hit@5": 0.1398,
        "hit@10": 0.1705,
        "hit@20": 0.1944,
        "ndcg@5": 0.1062,
        "ndcg@10": 0.1162,
        "ndcg@20": 0.1223,
        "mrr@5": 0.095,
        "mrr@10": 0.0992,
        "mrr@20": 0.1009
      },
      "best_hr@10": 0.1721,
      "test_mrr@20": 0.1009,
      "test_hr@10": 0.1705,
      "epochs_run": 20,
      "early_stop_epoch": 20,
      "early_stopped": true,
      "elapsed": 83.4,
      "status": "ok"
    },
    {
      "trial": 6,
      "params": {
        "learning_rate": 0.002957249710611772
      },
      "mrr@20": 0.1044,
      "valid_result": {
        "hit@5": 0.1459,
        "hit@10": 0.1748,
        "hit@20": 0.2079,
        "ndcg@5": 0.1101,
        "ndcg@10": 0.1194,
        "ndcg@20": 0.1278,
        "mrr@5": 0.0982,
        "mrr@10": 0.102,
        "mrr@20": 0.1044
      },
      "test_result": {
        "hit@5": 0.1416,
        "hit@10": 0.1729,
        "hit@20": 0.2018,
        "ndcg@5": 0.1075,
        "ndcg@10": 0.1176,
        "ndcg@20": 0.125,
        "mrr@5": 0.0961,
        "mrr@10": 0.1004,
        "mrr@20": 0.1024
      },
      "best_hr@10": 0.1748,
      "test_mrr@20": 0.1024,
      "test_hr@10": 0.1729,
      "epochs_run": 20,
      "early_stop_epoch": 20,
      "early_stopped": true,
      "elapsed": 83.8,
      "status": "ok"
    },
    {
      "trial": 7,
      "params": {
        "learning_rate": 0.00301202415590896
      },
      "mrr@20": 0.107,
      "valid_result": {
        "hit@5": 0.1482,
        "hit@10": 0.1806,
        "hit@20": 0.2113,
        "ndcg@5": 0.1124,
        "ndcg@10": 0.1228,
        "ndcg@20": 0.1307,
        "mrr@5": 0.1005,
        "mrr@10": 0.1048,
        "mrr@20": 0.107
      },
      "test_result": {
        "hit@5": 0.1456,
        "hit@10": 0.1774,
        "hit@20": 0.2044,
        "ndcg@5": 0.1088,
        "ndcg@10": 0.119,
        "ndcg@20": 0.1259,
        "mrr@5": 0.0966,
        "mrr@10": 0.1008,
        "mrr@20": 0.1027
      },
      "best_hr@10": 0.1806,
      "test_mrr@20": 0.1027,
      "test_hr@10": 0.1774,
      "epochs_run": 20,
      "early_stop_epoch": 20,
      "early_stopped": true,
      "elapsed": 84.1,
      "status": "ok"
    },
    {
      "trial": 8,
      "params": {
        "learning_rate": 0.0028171316821197934
      },
      "mrr@20": 0.1016,
      "valid_result": {
        "hit@5": 0.1411,
        "hit@10": 0.1745,
        "hit@20": 0.2032,
        "ndcg@5": 0.1066,
        "ndcg@10": 0.1175,
        "ndcg@20": 0.1247,
        "mrr@5": 0.0951,
        "mrr@10": 0.0996,
        "mrr@20": 0.1016
      },
      "test_result": {
        "hit@5": 0.1377,
        "hit@10": 0.1703,
        "hit@20": 0.1992,
        "ndcg@5": 0.1041,
        "ndcg@10": 0.1146,
        "ndcg@20": 0.1219,
        "mrr@5": 0.093,
        "mrr@10": 0.0973,
        "mrr@20": 0.0993
      },
      "best_hr@10": 0.1745,
      "test_mrr@20": 0.0993,
      "test_hr@10": 0.1703,
      "epochs_run": 21,
      "early_stop_epoch": 21,
      "early_stopped": true,
      "elapsed": 88.2,
      "status": "ok"
    }
  ],
  "run_group": "baseline",
  "run_axis": "stagei_progressiverecovery_anchor2_core5",
  "run_phase": "P24_I2_D11_MSIGMA_C01_I2_SIGMA_ANCHOR_S1",
  "parent_result": "",
  "interrupted": false,
  "interrupted_at": null,
  "tuned_search": {
    "learning_rate": [
      0.002511967132620053,
      0.003483449722551687
    ]
  },
  "fixed_search": {
    "num_layers": 2,
    "state_size": 16,
    "remaining_ratio": 0.6,
    "conv_kernel": 6,
    "weight_decay": 8e-05,
    "hidden_dropout_prob": 0.1,
    "MAX_ITEM_LIST_LENGTH": 10,
    "n_layers": 2,
    "n_heads": 2,
    "num_heads": 2,
    "dropout_ratio": 0.1,
    "dropout_prob": 0.1,
    "attn_dropout_prob": 0.1,
    "hidden_size": 152,
    "embedding_size": 152,
    "inner_size": 304,
    "time_span": 384,
    "num_experts": 6
  },