{
  "model": "FAME",
  "dataset": "KuaiRecLargeStrictPosV2_0.2",
  "dataset_raw": "KuaiRecLargeStrictPosV2_0.2",
  "max_evals": 7,
  "tune_epochs": 48,
  "n_completed": 6,
  "n_recorded_trials": 6,
  "timestamp": "2026-04-07T02:24:52.304114",
  "trials": [
    {
      "trial": 1,
      "params": {
        "learning_rate": 0.0011880318174163126
      },
      "mrr@20": 0.148,
      "valid_result": {
        "hit@5": 0.1548,
        "hit@10": 0.1586,
        "hit@20": 0.1635,
        "ndcg@5": 0.149,
        "ndcg@10": 0.1503,
        "ndcg@20": 0.1515,
        "mrr@5": 0.1471,
        "mrr@10": 0.1476,
        "mrr@20": 0.148
      },
      "test_result": {
        "hit@5": 0.1525,
        "hit@10": 0.1552,
        "hit@20": 0.1598,
        "ndcg@5": 0.1475,
        "ndcg@10": 0.1484,
        "ndcg@20": 0.1496,
        "mrr@5": 0.1459,
        "mrr@10": 0.1462,
        "mrr@20": 0.1466
      },
      "best_hr@10": 0.1586,
      "test_mrr@20": 0.1466,
      "test_hr@10": 0.1552,
      "epochs_run": 10,
      "early_stop_epoch": 10,
      "early_stopped": true,
      "elapsed": 83.6,
      "status": "ok"
    },
    {
      "trial": 2,
      "params": {
        "learning_rate": 0.001168003011835037
      },
      "mrr@20": 0.1485,
      "valid_result": {
        "hit@5": 0.1556,
        "hit@10": 0.16,
        "hit@20": 0.1635,
        "ndcg@5": 0.1496,
        "ndcg@10": 0.1511,
        "ndcg@20": 0.152,
        "mrr@5": 0.1476,
        "mrr@10": 0.1483,
        "mrr@20": 0.1485
      },
      "test_result": {
        "hit@5": 0.1533,
        "hit@10": 0.1558,
        "hit@20": 0.1618,
        "ndcg@5": 0.1489,
        "ndcg@10": 0.1497,
        "ndcg@20": 0.1512,
        "mrr@5": 0.1475,
        "mrr@10": 0.1478,
        "mrr@20": 0.1482
      },
      "best_hr@10": 0.16,
      "test_mrr@20": 0.1482,
      "test_hr@10": 0.1558,
      "epochs_run": 10,
      "early_stop_epoch": 10,
      "early_stopped": true,
      "elapsed": 83.9,
      "status": "ok"
    },
    {
      "trial": 3,
      "params": {
        "learning_rate": 0.0017161417841381635
      },
      "mrr@20": 0.1535,
      "valid_result": {
        "hit@5": 0.1589,
        "hit@10": 0.1624,
        "hit@20": 0.1682,
        "ndcg@5": 0.1542,
        "ndcg@10": 0.1554,
        "ndcg@20": 0.1568,
        "mrr@5": 0.1527,
        "mrr@10": 0.1531,
        "mrr@20": 0.1535
      },
      "test_result": {
        "hit@5": 0.1571,
        "hit@10": 0.1601,
        "hit@20": 0.1645,
        "ndcg@5": 0.1522,
        "ndcg@10": 0.1532,
        "ndcg@20": 0.1543,
        "mrr@5": 0.1506,
        "mrr@10": 0.151,
        "mrr@20": 0.1513
      },
      "best_hr@10": 0.1624,
      "test_mrr@20": 0.1513,
      "test_hr@10": 0.1601,
      "epochs_run": 9,
      "early_stop_epoch": 9,
      "early_stopped": true,
      "elapsed": 73.5,
      "status": "ok"
    },
    {
      "trial": 4,
      "params": {
        "learning_rate": 0.0014579276555720779
      },
      "mrr@20": 0.152,
      "valid_result": {
        "hit@5": 0.1578,
        "hit@10": 0.1605,
        "hit@20": 0.166,
        "ndcg@5": 0.1529,
        "ndcg@10": 0.1538,
        "ndcg@20": 0.1552,
        "mrr@5": 0.1513,
        "mrr@10": 0.1517,
        "mrr@20": 0.152
      },
      "test_result": {
        "hit@5": 0.1533,
        "hit@10": 0.156,
        "hit@20": 0.1609,
        "ndcg@5": 0.1489,
        "ndcg@10": 0.1497,
        "ndcg@20": 0.151,
        "mrr@5": 0.1474,
        "mrr@10": 0.1477,
        "mrr@20": 0.1481
      },
      "best_hr@10": 0.1605,
      "test_mrr@20": 0.1481,
      "test_hr@10": 0.156,
      "epochs_run": 9,
      "early_stop_epoch": 9,
      "early_stopped": true,
      "elapsed": 70.3,
      "status": "ok"
    },
    {
      "trial": 5,
      "params": {
        "learning_rate": 0.0011306989809041134
      },
      "mrr@20": 0.151,
      "valid_result": {
        "hit@5": 0.1578,
        "hit@10": 0.1605,
        "hit@20": 0.1643,
        "ndcg@5": 0.1523,
        "ndcg@10": 0.1531,
        "ndcg@20": 0.1541,
        "mrr@5": 0.1504,
        "mrr@10": 0.1508,
        "mrr@20": 0.151
      },
      "test_result": {
        "hit@5": 0.1541,
        "hit@10": 0.1574,
        "hit@20": 0.1612,
        "ndcg@5": 0.15,
        "ndcg@10": 0.1511,
        "ndcg@20": 0.1521,
        "mrr@5": 0.1486,
        "mrr@10": 0.1491,
        "mrr@20": 0.1494
      },
      "best_hr@10": 0.1605,
      "test_mrr@20": 0.1494,
      "test_hr@10": 0.1574,
      "epochs_run": 10,
      "early_stop_epoch": 10,
      "early_stopped": true,
      "elapsed": 86.5,
      "status": "ok"
    },
    {
      "trial": 6,
      "params": {
        "learning_rate": 0.0024773486449289534
      },
      "mrr@20": 0.1326,
      "valid_result": {
        "hit@5": 0.1425,
        "hit@10": 0.1499,
        "hit@20": 0.1578,
        "ndcg@5": 0.1339,
        "ndcg@10": 0.1363,
        "ndcg@20": 0.1383,
        "mrr@5": 0.1311,
        "mrr@10": 0.132,
        "mrr@20": 0.1326
      },
      "test_result": {
        "hit@5": 0.1413,
        "hit@10": 0.1495,
        "hit@20": 0.1568,
        "ndcg@5": 0.1329,
        "ndcg@10": 0.1356,
        "ndcg@20": 0.1374,
        "mrr@5": 0.13,
        "mrr@10": 0.1312,
        "mrr@20": 0.1316
      },
      "best_hr@10": 0.1499,
      "test_mrr@20": 0.1316,
      "test_hr@10": 0.1495,
      "epochs_run": 9,
      "early_stop_epoch": 9,
      "early_stopped": true,
      "elapsed": 67.3,
      "status": "ok"
    }
  ],
  "run_group": "baseline",
  "run_axis": "stageg_cross6x9_anchor2_core5",
  "run_phase": "P22_SG_D00_M09_C02_FAME_FAD_H1_R2_S3",
  "parent_result": "",
  "interrupted": false,
  "interrupted_at": null,
  "tuned_search": {
    "learning_rate": [
      0.0007440270826850758,
      0.0029331111916387027
    ]
  },
  "fixed_search": {
    "num_heads": 4,
    "num_experts": 2,
    "num_layers": 2,
    "weight_decay": 0.0001,
    "dropout_ratio": 0.1,
    "n_layers": 2,
    "n_heads": 4,
    "dropout_prob": 0.1,
    "hidden_dropout_prob": 0.1,
    "attn_dropout_prob": 0.1,
    "hidden_size": 128,
    "embedding_size": 128,
    "inner_size": 256,
    "time_span": 256,
    "state_size": 16,
    "conv_kernel": 4,
    "remaining_ratio": 0.5,
    "MAX_ITEM_LIST_LENGTH": 24
  },
  "context_fixed": {
    "num_layers": 2,
    "search_space_type_overrides": {
      "learning_rate": "loguniform",
      "weight_decay": "choice",
      "dropout_ratio": "choice",
      "n_layers": "choice",
      "num_layers": "choice",
      "n_heads": "choice",
      "num_heads": "choice",
      "dropout_prob": "choice",
      "hidden_dropout_prob": "choice",
      "attn_dropout_prob": "choice",
      "hidden_size": "choice",
      "embedding_size": "choice",
      "inner_size": "choice",
      "time_span": "choice",
      "num_experts": "choice",
      "state_size": "choice",
      "conv_kernel": "choice",
      "remaining_ratio": "choice",
      "MAX_ITEM_LIST_LENGTH": "choice"
    }
  },
  "best_mrr@20": 0.1535,
  "best_hr@10": 0.1624,
  "test_mrr@20": 0.1513,
  "test_hr@10": 0.1601,
  "best_valid_result": {
    "hit@5": 0.1589,
    "hit@10": 0.1624,
    "hit@20": 0.1682,
    "ndcg@5": 0.1542,
    "ndcg@10": 0.1554,
    "ndcg@20": 0.1568,
    "mrr@5": 0.1527,
    "mrr@10": 0.1531,
    "mrr@20": 0.1535
  },
  "test_result": {
    "hit@5": 0.1571,
    "hit@10": 0.1601,
    "hit@20": 0.1645,
    "ndcg@5": 0.1522,
    "ndcg@10": 0.1532,
    "ndcg@20": 0.1543,
    "mrr@5": 0.1506,
    "mrr@10": 0.151,
    "mrr@20": 0.1513
  },
  "best_valid_special_metrics": {
    "split": "best_valid",
    "overall": {
      "count": 3663,
      "hit@20": 0.16816816816816818,
      "ndcg@20": 0.15679689868776128,
      "mrr@20": 0.15352800247034934
    },
    "slices": {
      "target_popularity_abs": {
        "rare_1_5": {
          "count": 2785,
          "hit@20": 0.1464991023339318,
          "ndcg@20": 0.13579230953268773,
          "mrr@20": 0.1327874873763141
        },
        "6_20": {
          "count": 856,