{
  "model": "PAtt",
  "dataset": "KuaiRecLargeStrictPosV2_0.2",
  "dataset_raw": "KuaiRecLargeStrictPosV2_0.2",
  "max_evals": 5,
  "tune_epochs": 100,
  "n_completed": 5,
  "n_recorded_trials": 5,
  "timestamp": "2026-03-19T06:58:48.096615",
  "trials": [
    {
      "trial": 1,
      "params": {
        "learning_rate": 0.0047864470443884505
      },
      "mrr@20": 0.0777,
      "valid_result": {
        "hit@5": 0.0854,
        "hit@10": 0.105,
        "hit@20": 0.1363,
        "ndcg@5": 0.0761,
        "ndcg@10": 0.0823,
        "ndcg@20": 0.0902,
        "mrr@5": 0.0731,
        "mrr@10": 0.0756,
        "mrr@20": 0.0777
      },
      "test_result": {
        "hit@5": 0.1659,
        "hit@10": 0.182,
        "hit@20": 0.2089,
        "ndcg@5": 0.1569,
        "ndcg@10": 0.1621,
        "ndcg@20": 0.1689,
        "mrr@5": 0.154,
        "mrr@10": 0.1561,
        "mrr@20": 0.1579
      },
      "best_hr@10": 0.105,
      "test_mrr@20": 0.1579,
      "test_hr@10": 0.182,
      "epochs_run": 21,
      "early_stop_epoch": 21,
      "early_stopped": true,
      "elapsed": 50.8,
      "status": "ok"
    },
    {
      "trial": 2,
      "params": {
        "learning_rate": 0.005858675787335005
      },
      "mrr@20": 0.0781,
      "valid_result": {
        "hit@5": 0.0862,
        "hit@10": 0.1062,
        "hit@20": 0.1387,
        "ndcg@5": 0.0765,
        "ndcg@10": 0.0829,
        "ndcg@20": 0.091,
        "mrr@5": 0.0733,
        "mrr@10": 0.0759,
        "mrr@20": 0.0781
      },
      "test_result": {
        "hit@5": 0.1666,
        "hit@10": 0.1827,
        "hit@20": 0.2113,
        "ndcg@5": 0.1576,
        "ndcg@10": 0.1628,
        "ndcg@20": 0.1699,
        "mrr@5": 0.1547,
        "mrr@10": 0.1568,
        "mrr@20": 0.1587
      },
      "best_hr@10": 0.1062,
      "test_mrr@20": 0.1587,
      "test_hr@10": 0.1827,
      "epochs_run": 21,
      "early_stop_epoch": 21,
      "early_stopped": true,
      "elapsed": 50.1,
      "status": "ok"
    },
    {
      "trial": 3,
      "params": {
        "learning_rate": 0.00021137142102246892
      },
      "mrr@20": 0.0729,
      "valid_result": {
        "hit@5": 0.0779,
        "hit@10": 0.0903,
        "hit@20": 0.1119,
        "ndcg@5": 0.0718,
        "ndcg@10": 0.0757,
        "ndcg@20": 0.0812,
        "mrr@5": 0.0698,
        "mrr@10": 0.0714,
        "mrr@20": 0.0729
      },
      "test_result": {
        "hit@5": 0.1589,
        "hit@10": 0.1683,
        "hit@20": 0.186,
        "ndcg@5": 0.154,
        "ndcg@10": 0.157,
        "ndcg@20": 0.1614,
        "mrr@5": 0.1524,
        "mrr@10": 0.1536,
        "mrr@20": 0.1548
      },
      "best_hr@10": 0.0903,
      "test_mrr@20": 0.1548,
      "test_hr@10": 0.1683,
      "epochs_run": 100,
      "early_stop_epoch": 100,
      "early_stopped": false,
      "elapsed": 241.1,
      "status": "ok"
    },
    {
      "trial": 4,
      "params": {
        "learning_rate": 0.00558696424040833
      },
      "mrr@20": 0.078,
      "valid_result": {
        "hit@5": 0.0859,
        "hit@10": 0.1059,
        "hit@20": 0.1371,
        "ndcg@5": 0.0764,
        "ndcg@10": 0.0828,
        "ndcg@20": 0.0906,
        "mrr@5": 0.0733,
        "mrr@10": 0.0759,
        "mrr@20": 0.078
      },
      "test_result": {
        "hit@5": 0.166,
        "hit@10": 0.1826,
        "hit@20": 0.2111,
        "ndcg@5": 0.1576,
        "ndcg@10": 0.1629,
        "ndcg@20": 0.17,
        "mrr@5": 0.1548,
        "mrr@10": 0.157,
        "mrr@20": 0.1589
      },
      "best_hr@10": 0.1059,
      "test_mrr@20": 0.1589,
      "test_hr@10": 0.1826,
      "epochs_run": 22,
      "early_stop_epoch": 22,
      "early_stopped": true,
      "elapsed": 52.6,
      "status": "ok"
    },
    {
      "trial": 5,
      "params": {
        "learning_rate": 0.0002789655310884616
      },
      "mrr@20": 0.0739,
      "valid_result": {
        "hit@5": 0.0801,
        "hit@10": 0.0944,
        "hit@20": 0.1185,
        "ndcg@5": 0.0728,
        "ndcg@10": 0.0774,
        "ndcg@20": 0.0834,
        "mrr@5": 0.0704,
        "mrr@10": 0.0723,
        "mrr@20": 0.0739
      },
      "test_result": {
        "hit@5": 0.1605,
        "hit@10": 0.1732,
        "hit@20": 0.1937,
        "ndcg@5": 0.1544,
        "ndcg@10": 0.1584,
        "ndcg@20": 0.1636,
        "mrr@5": 0.1524,
        "mrr@10": 0.154,
        "mrr@20": 0.1554
      },
      "best_hr@10": 0.0944,
      "test_mrr@20": 0.1554,
      "test_hr@10": 0.1732,
      "epochs_run": 100,
      "early_stop_epoch": 100,
      "early_stopped": false,
      "elapsed": 239.6,
      "status": "ok"
    }
  ],
  "run_group": "baseline",
  "run_axis": "hparam",
  "run_phase": "P2_MORE_SEARCH_M02_PATT_C03",
  "parent_result": "",
  "interrupted": false,
  "interrupted_at": null,
  "tuned_search": {
    "learning_rate": [
      0.0002,
      0.006
    ]
  },
  "fixed_search": {
    "num_layers": 2,
    "diversity_gamma": 0.12,
    "weight_decay": 0.0001,
    "dropout_ratio": 0.1,
    "hidden_size": 192,
    "num_heads": 4
  },
  "context_fixed": {
    "num_layers": 2,
    "search_space_type_overrides": {
      "learning_rate": "loguniform",
      "weight_decay": "choice",
      "dropout_ratio": "choice"
    },
    "combo_id": "C03"
  },
  "best_params": {
    "learning_rate": 0.005858675787335005
  },
  "best_mrr@20": 0.0781,
  "best_hr@10": 0.1062,
  "test_mrr@20": 0.1587,
  "test_hr@10": 0.1827,
  "best_valid_result": {
    "hit@5": 0.0862,
    "hit@10": 0.1062,
    "hit@20": 0.1387,
    "ndcg@5": 0.0765,
    "ndcg@10": 0.0829,
    "ndcg@20": 0.091,
    "mrr@5": 0.0733,
    "mrr@10": 0.0759,
    "mrr@20": 0.0781
  },
  "test_result": {
    "hit@5": 0.1666,
    "hit@10": 0.1827,
    "hit@20": 0.2113,
    "ndcg@5": 0.1576,
    "ndcg@10": 0.1628,
    "ndcg@20": 0.1699,
    "mrr@5": 0.1547,
    "mrr@10": 0.1568,
    "mrr@20": 0.1587
  },
  "best_valid_special_metrics": {},
  "early_valid_result": {},
  "early_valid_special_metrics": {},
  "test_special_metrics": {},
  "normal_result_mirror_file": "/workspace/jy1559/FMoE/experiments/run/artifacts/results/baseline/normal/hparam/P2/KuaiRecLargeStrictPosV2_0.2/PAtt/KuaiRecLargeStrictPosV2_0.2_PAtt_p2_more_search_m02_patt_c03_20260319_064808_658302_pid54483.json",
  "special_result_file": "/workspace/jy1559/FMoE/experiments/run/artifacts/results/baseline/special/hparam/P2/KuaiRecLargeStrictPosV2_0.2/PAtt/KuaiRecLargeStrictPosV2_0.2_PAtt_p2_more_search_m02_patt_c03_20260319_064808_658302_pid54483_special_metrics.json",
  "special_log_file": "/workspace/jy1559/FMoE/experiments/run/artifacts/logs/baseline/special/hparam/P2/KuaiRecLargeStrictPosV2_0.2/PAtt/KuaiRecLargeStrictPosV2_0.2_PAtt_p2_more_search_m02_patt_c03_20260319_064808_658302_pid54483_special_metrics.json",
  "diag_trial_summary_file": "",
  "diag_best_valid_file": "",
  "diag_best_valid_overview_file": "",
  "diag_best_valid_overview_md_file": "",
  "diag_early_valid_file": "",
  "diag_test_file": "",
  "diag_collapse_file": "",
  "diag_epoch_trace_file": "",
  "feature_ablation_file": "",
  "logging_bundle_dir": "/workspace/jy1559/FMoE/experiments/run/artifacts/logging/baseline/KuaiRecLargeStrictPosV2_0.2/P2/KuaiRecLargeStrictPosV2_0.2_PAtt_p2_more_search_m02_patt_c03_20260319_064808_658302_pid54483",
  "logging_bundle_summary_file": "/workspace/jy1559/FMoE/experiments/run/artifacts/logging/baseline/KuaiRecLargeStrictPosV2_0.2/P2/KuaiRecLargeStrictPosV2_0.2_PAtt_p2_more_search_m02_patt_c03_20260319_064808_658302_pid54483/run_summary.json"
}
