{
  "model": "FENRec",
  "dataset": "KuaiRecLargeStrictPosV2_0.2",
  "dataset_raw": "KuaiRecLargeStrictPosV2_0.2",
  "max_evals": 5,
  "tune_epochs": 100,
  "n_completed": 5,
  "n_recorded_trials": 5,
  "timestamp": "2026-03-19T06:48:03.682772",
  "trials": [
    {
      "trial": 1,
      "params": {
        "learning_rate": 0.0003209748321968639
      },
      "mrr@20": 0.0723,
      "valid_result": {
        "hit@5": 0.0795,
        "hit@10": 0.0945,
        "hit@20": 0.1196,
        "ndcg@5": 0.0713,
        "ndcg@10": 0.0761,
        "ndcg@20": 0.0824,
        "mrr@5": 0.0686,
        "mrr@10": 0.0706,
        "mrr@20": 0.0723
      },
      "test_result": {
        "hit@5": 0.1573,
        "hit@10": 0.1721,
        "hit@20": 0.1949,
        "ndcg@5": 0.1495,
        "ndcg@10": 0.1543,
        "ndcg@20": 0.16,
        "mrr@5": 0.147,
        "mrr@10": 0.1489,
        "mrr@20": 0.1505
      },
      "best_hr@10": 0.0945,
      "test_mrr@20": 0.1505,
      "test_hr@10": 0.1721,
      "epochs_run": 90,
      "early_stop_epoch": 90,
      "early_stopped": true,
      "elapsed": 302.7,
      "status": "ok"
    },
    {
      "trial": 2,
      "params": {
        "learning_rate": 0.004381171375951804
      },
      "mrr@20": 0.0742,
      "valid_result": {
        "hit@5": 0.0824,
        "hit@10": 0.1008,
        "hit@20": 0.1321,
        "ndcg@5": 0.0728,
        "ndcg@10": 0.0787,
        "ndcg@20": 0.0865,
        "mrr@5": 0.0697,
        "mrr@10": 0.0721,
        "mrr@20": 0.0742
      },
      "test_result": {
        "hit@5": 0.1616,
        "hit@10": 0.1789,
        "hit@20": 0.2064,
        "ndcg@5": 0.1514,
        "ndcg@10": 0.157,
        "ndcg@20": 0.1639,
        "mrr@5": 0.148,
        "mrr@10": 0.1503,
        "mrr@20": 0.1522
      },
      "best_hr@10": 0.1008,
      "test_mrr@20": 0.1522,
      "test_hr@10": 0.1789,
      "epochs_run": 24,
      "early_stop_epoch": 24,
      "early_stopped": true,
      "elapsed": 80.8,
      "status": "ok"
    },
    {
      "trial": 3,
      "params": {
        "learning_rate": 0.0022351439484665585
      },
      "mrr@20": 0.0732,
      "valid_result": {
        "hit@5": 0.0809,
        "hit@10": 0.0997,
        "hit@20": 0.1299,
        "ndcg@5": 0.0717,
        "ndcg@10": 0.0778,
        "ndcg@20": 0.0854,
        "mrr@5": 0.0687,
        "mrr@10": 0.0712,
        "mrr@20": 0.0732
      },
      "test_result": {
        "hit@5": 0.1604,
        "hit@10": 0.177,
        "hit@20": 0.2035,
        "ndcg@5": 0.1508,
        "ndcg@10": 0.1561,
        "ndcg@20": 0.1628,
        "mrr@5": 0.1477,
        "mrr@10": 0.1499,
        "mrr@20": 0.1517
      },
      "best_hr@10": 0.0997,
      "test_mrr@20": 0.1517,
      "test_hr@10": 0.177,
      "epochs_run": 29,
      "early_stop_epoch": 29,
      "early_stopped": true,
      "elapsed": 97.7,
      "status": "ok"
    },
    {
      "trial": 4,
      "params": {
        "learning_rate": 0.0005368238842425247
      },
      "mrr@20": 0.0726,
      "valid_result": {
        "hit@5": 0.0804,
        "hit@10": 0.0976,
        "hit@20": 0.1237,
        "ndcg@5": 0.0715,
        "ndcg@10": 0.077,
        "ndcg@20": 0.0835,
        "mrr@5": 0.0686,
        "mrr@10": 0.0708,
        "mrr@20": 0.0726
      },
      "test_result": {
        "hit@5": 0.1576,
        "hit@10": 0.1724,
        "hit@20": 0.1972,
        "ndcg@5": 0.1492,
        "ndcg@10": 0.1539,
        "ndcg@20": 0.1601,
        "mrr@5": 0.1464,
        "mrr@10": 0.1484,
        "mrr@20": 0.15
      },
      "best_hr@10": 0.0976,
      "test_mrr@20": 0.15,
      "test_hr@10": 0.1724,
      "epochs_run": 66,
      "early_stop_epoch": 66,
      "early_stopped": true,
      "elapsed": 220.1,
      "status": "ok"
    },
    {
      "trial": 5,
      "params": {
        "learning_rate": 0.0013958702429447305
      },
      "mrr@20": 0.073,
      "valid_result": {
        "hit@5": 0.0805,
        "hit@10": 0.0984,
        "hit@20": 0.1277,
        "ndcg@5": 0.0716,
        "ndcg@10": 0.0773,
        "ndcg@20": 0.0847,
        "mrr@5": 0.0687,
        "mrr@10": 0.071,
        "mrr@20": 0.073
      },
      "test_result": {
        "hit@5": 0.1604,
        "hit@10": 0.175,
        "hit@20": 0.2006,
        "ndcg@5": 0.1509,
        "ndcg@10": 0.1556,
        "ndcg@20": 0.162,
        "mrr@5": 0.1478,
        "mrr@10": 0.1497,
        "mrr@20": 0.1515
      },
      "best_hr@10": 0.0984,
      "test_mrr@20": 0.1515,
      "test_hr@10": 0.175,
      "epochs_run": 35,
      "early_stop_epoch": 35,
      "early_stopped": true,
      "elapsed": 117.8,
      "status": "ok"
    }
  ],
  "run_group": "baseline",
  "run_axis": "hparam",
  "run_phase": "P2_MORE_SEARCH_M01_FENREC_C15",
  "parent_result": "",
  "interrupted": false,
  "interrupted_at": null,
  "tuned_search": {
    "learning_rate": [
      0.0002,
      0.006
    ]
  },
  "fixed_search": {
    "num_layers": 1,
    "cl_weight": 0.12,
    "cl_temperature": 0.15,
    "weight_decay": 5e-05,
    "dropout_ratio": 0.1,
    "hidden_size": 192,
    "num_heads": 8
  },
  "context_fixed": {
    "num_layers": 1,
    "search_space_type_overrides": {
      "learning_rate": "loguniform",
      "weight_decay": "choice",
      "dropout_ratio": "choice"
    },
    "combo_id": "C15"
  },
  "best_params": {
    "learning_rate": 0.004381171375951804
  },
  "best_mrr@20": 0.0742,
  "best_hr@10": 0.1008,
  "test_mrr@20": 0.1522,
  "test_hr@10": 0.1789,
  "best_valid_result": {
    "hit@5": 0.0824,
    "hit@10": 0.1008,
    "hit@20": 0.1321,
    "ndcg@5": 0.0728,
    "ndcg@10": 0.0787,
    "ndcg@20": 0.0865,
    "mrr@5": 0.0697,
    "mrr@10": 0.0721,
    "mrr@20": 0.0742
  },
  "test_result": {
    "hit@5": 0.1616,
    "hit@10": 0.1789,
    "hit@20": 0.2064,
    "ndcg@5": 0.1514,
    "ndcg@10": 0.157,
    "ndcg@20": 0.1639,
    "mrr@5": 0.148,
    "mrr@10": 0.1503,
    "mrr@20": 0.1522
  },
  "best_valid_special_metrics": {},
  "early_valid_result": {},
  "early_valid_special_metrics": {},
  "test_special_metrics": {},
  "normal_result_mirror_file": "/workspace/jy1559/FMoE/experiments/run/artifacts/results/baseline/normal/hparam/P2/KuaiRecLargeStrictPosV2_0.2/FENRec/KuaiRecLargeStrictPosV2_0.2_FENRec_p2_more_search_m01_fenrec_c15_20260319_063419_722130_pid52779.json",
  "special_result_file": "/workspace/jy1559/FMoE/experiments/run/artifacts/results/baseline/special/hparam/P2/KuaiRecLargeStrictPosV2_0.2/FENRec/KuaiRecLargeStrictPosV2_0.2_FENRec_p2_more_search_m01_fenrec_c15_20260319_063419_722130_pid52779_special_metrics.json",
  "special_log_file": "/workspace/jy1559/FMoE/experiments/run/artifacts/logs/baseline/special/hparam/P2/KuaiRecLargeStrictPosV2_0.2/FENRec/KuaiRecLargeStrictPosV2_0.2_FENRec_p2_more_search_m01_fenrec_c15_20260319_063419_722130_pid52779_special_metrics.json",
  "diag_trial_summary_file": "",
  "diag_best_valid_file": "",
  "diag_best_valid_overview_file": "",
  "diag_best_valid_overview_md_file": "",
  "diag_early_valid_file": "",
  "diag_test_file": "",
  "diag_collapse_file": "",
  "diag_epoch_trace_file": "",
  "feature_ablation_file": "",
  "logging_bundle_dir": "/workspace/jy1559/FMoE/experiments/run/artifacts/logging/baseline/KuaiRecLargeStrictPosV2_0.2/P2/KuaiRecLargeStrictPosV2_0.2_FENRec_p2_more_search_m01_fenrec_c15_20260319_063419_722130_pid52779",
  "logging_bundle_summary_file": "/workspace/jy1559/FMoE/experiments/run/artifacts/logging/baseline/KuaiRecLargeStrictPosV2_0.2/P2/KuaiRecLargeStrictPosV2_0.2_FENRec_p2_more_search_m01_fenrec_c15_20260319_063419_722130_pid52779/run_summary.json"
}
