{
  "model": "DuoRec",
  "dataset": "lastfm0.03",
  "dataset_raw": "lastfm0.03",
  "max_evals": 4,
  "tune_epochs": 30,
  "n_completed": 4,
  "n_recorded_trials": 4,
  "timestamp": "2026-03-30T03:04:26.621348",
  "trials": [
    {
      "trial": 1,
      "params": {
        "learning_rate": 0.0010827727094502716
      },
      "mrr@20": 0.1761,
      "valid_result": {
        "hit@5": 0.2224,
        "hit@10": 0.2487,
        "hit@20": 0.2703,
        "ndcg@5": 0.1839,
        "ndcg@10": 0.1925,
        "ndcg@20": 0.198,
        "mrr@5": 0.1709,
        "mrr@10": 0.1746,
        "mrr@20": 0.1761
      },
      "test_result": {
        "hit@5": 0.2197,
        "hit@10": 0.2423,
        "hit@20": 0.263,
        "ndcg@5": 0.182,
        "ndcg@10": 0.1893,
        "ndcg@20": 0.1945,
        "mrr@5": 0.1694,
        "mrr@10": 0.1724,
        "mrr@20": 0.1738
      },
      "best_hr@10": 0.2487,
      "test_mrr@20": 0.1738,
      "test_hr@10": 0.2423,
      "epochs_run": 30,
      "early_stop_epoch": 30,
      "early_stopped": false,
      "elapsed": 802.1,
      "status": "ok"
    },
    {
      "trial": 2,
      "params": {
        "learning_rate": 0.0010514979195084275
      },
      "mrr@20": 0.1736,
      "valid_result": {
        "hit@5": 0.2243,
        "hit@10": 0.2477,
        "hit@20": 0.2727,
        "ndcg@5": 0.1825,
        "ndcg@10": 0.1902,
        "ndcg@20": 0.1965,
        "mrr@5": 0.1686,
        "mrr@10": 0.1718,
        "mrr@20": 0.1736
      },
      "test_result": {
        "hit@5": 0.2205,
        "hit@10": 0.2447,
        "hit@20": 0.2657,
        "ndcg@5": 0.1822,
        "ndcg@10": 0.1901,
        "ndcg@20": 0.1954,
        "mrr@5": 0.1694,
        "mrr@10": 0.1727,
        "mrr@20": 0.1742
      },
      "best_hr@10": 0.2477,
      "test_mrr@20": 0.1742,
      "test_hr@10": 0.2447,
      "epochs_run": 30,
      "early_stop_epoch": 30,
      "early_stopped": false,
      "elapsed": 790.0,
      "status": "ok"
    },
    {
      "trial": 3,
      "params": {
        "learning_rate": 0.0008002314650123871
      },
      "mrr@20": 0.1739,
      "valid_result": {
        "hit@5": 0.2248,
        "hit@10": 0.2498,
        "hit@20": 0.2708,
        "ndcg@5": 0.183,
        "ndcg@10": 0.1912,
        "ndcg@20": 0.1965,
        "mrr@5": 0.169,
        "mrr@10": 0.1724,
        "mrr@20": 0.1739
      },
      "test_result": {
        "hit@5": 0.2208,
        "hit@10": 0.246,
        "hit@20": 0.2662,
        "ndcg@5": 0.1813,
        "ndcg@10": 0.1894,
        "ndcg@20": 0.1946,
        "mrr@5": 0.1681,
        "mrr@10": 0.1715,
        "mrr@20": 0.173
      },
      "best_hr@10": 0.2498,
      "test_mrr@20": 0.173,
      "test_hr@10": 0.246,
      "epochs_run": 30,
      "early_stop_epoch": 30,
      "early_stopped": false,
      "elapsed": 786.8,
      "status": "ok"
    },
    {
      "trial": 4,
      "params": {
        "learning_rate": 0.0014681691213698786
      },
      "mrr@20": 0.1713,
      "valid_result": {
        "hit@5": 0.2192,
        "hit@10": 0.244,
        "hit@20": 0.2687,
        "ndcg@5": 0.1795,
        "ndcg@10": 0.1875,
        "ndcg@20": 0.1938,
        "mrr@5": 0.1663,
        "mrr@10": 0.1696,
        "mrr@20": 0.1713
      },
      "test_result": {
        "hit@5": 0.2155,
        "hit@10": 0.2412,
        "hit@20": 0.2646,
        "ndcg@5": 0.177,
        "ndcg@10": 0.1854,
        "ndcg@20": 0.1913,
        "mrr@5": 0.1641,
        "mrr@10": 0.1676,
        "mrr@20": 0.1692
      },
      "best_hr@10": 0.244,
      "test_mrr@20": 0.1692,
      "test_hr@10": 0.2412,
      "epochs_run": 30,
      "early_stop_epoch": 30,
      "early_stopped": false,
      "elapsed": 762.0,
      "status": "ok"
    }
  ],
  "run_group": "baseline",
  "run_axis": "stagec_focus_anchor2_core5",
  "run_phase": "P18_SC_D00_M03_P02_DUOREC_B6_C2_S1",
  "parent_result": "",
  "interrupted": false,
  "interrupted_at": null,
  "tuned_search": {
    "learning_rate": [
      0.0003066666666666667,
      0.002716254
    ]
  },
  "fixed_search": {
    "n_layers": 1,
    "n_heads": 2,
    "weight_decay": 0.00020999999999999998,
    "dropout_ratio": 0.17,
    "hidden_size": 128,
    "embedding_size": 128,
    "num_layers": 1,
    "dropout_prob": 0.17,
    "hidden_dropout_prob": 0.17,
    "attn_dropout_prob": 0.17,
    "inner_size": 256,
    "num_heads": 2
  },
  "context_fixed": {
    "num_layers": 1,
    "search_space_type_overrides": {
      "learning_rate": "loguniform",
      "weight_decay": "choice",
      "dropout_ratio": "choice",
      "hidden_size": "choice",
      "embedding_size": "choice",
      "n_layers": "choice",
      "num_layers": "choice",
      "dropout_prob": "choice",
      "hidden_dropout_prob": "choice",
      "attn_dropout_prob": "choice",
      "inner_size": "choice",
      "n_heads": "choice",
      "num_heads": "choice"
    }
  },
  "best_params": {
    "learning_rate": 0.0010827727094502716
  },
  "best_mrr@20": 0.1761,
  "best_hr@10": 0.2487,
  "test_mrr@20": 0.1738,
  "test_hr@10": 0.2423,
  "best_valid_result": {
    "hit@5": 0.2224,
    "hit@10": 0.2487,
    "hit@20": 0.2703,
    "ndcg@5": 0.1839,
    "ndcg@10": 0.1925,
    "ndcg@20": 0.198,
    "mrr@5": 0.1709,
    "mrr@10": 0.1746,
    "mrr@20": 0.1761
  },
  "test_result": {
    "hit@5": 0.2197,
    "hit@10": 0.2423,
    "hit@20": 0.263,
    "ndcg@5": 0.182,
    "ndcg@10": 0.1893,
    "ndcg@20": 0.1945,
    "mrr@5": 0.1694,
    "mrr@10": 0.1724,
    "mrr@20": 0.1738
  },
  "best_valid_special_metrics": {
    "split": "best_valid",
    "overall": {
      "count": 3763,
      "hit@20": 0.27026308796173265,
      "ndcg@20": 0.19798128518325167,
      "mrr@20": 0.1760742239289752
    },
    "slices": {
      "target_popularity_abs": {
        "rare_1_5": {
          "count": 3735,
          "hit@20": 0.26907630522088355,
          "ndcg@20": 0.19653892893309255,
          "mrr@20": 0.1745606348866041
        },
        "6_20": {
          "count": 28,
          "hit@20": 0.42857142857142855,
          "ndcg@20": 0.3903813064098358,
          "mrr@20": 0.37797619083098005
        }
      },
      "target_popularity_abs_legacy": {
        "<=5": {
          "count": 3735,
          "hit@20": 0.26907630522088355,
          "ndcg@20": 0.19653892893309255,
          "mrr@20": 0.1745606348866041
        },
        "6-20": {
          "count": 28,
          "hit@20": 0.42857142857142855,
          "ndcg@20": 0.3903813064098358,
          "mrr@20": 0.37797619083098005
        }
      },
      "session_len": {
        "<=7": {
          "count": 1152,
          "hit@20": 0.2708333333333333,
          "ndcg@20": 0.2005304726254609,
          "mrr@20": 0.17899413719553398
        },
        "8-12": {
          "count": 2611,
          "hit@20": 0.27001148985063195,
          "ndcg@20": 0.19685655751820955,
          "mrr@20": 0.17478592822500136
        }
      },
      "session_len_legacy": {
        "3-5": {
          "count": 665,
          "hit@20": 0.2511278195488722,
          "ndcg@20": 0.17936264928570367,
          "mrr@20": 0.15753681309017023
        },
        "6-10": {
          "count": 3098,
          "hit@20": 0.27437056165267915,
          "ndcg@20": 0.20197786132007203,
          "mrr@20": 0.1800533647320111
        }
      }
    },
    "counts": {
      "target_popularity_abs": {
        "rare_1_5": 3735,
        "6_20": 28
      },
      "target_popularity_abs_legacy": {
        "<=5": 3735,
        "6-20": 28
      },
      "session_len": {
        "<=7": 1152,
        "8-12": 2611
      },
      "session_len_legacy": {
        "3-5": 665,
        "6-10": 3098
      }
    },
    "config_snapshot": {
      "target_popularity_abs_bins": [
        "cold_0",
        "rare_1_5",
        "6_20",
        "21_100",
        "101+"
      ],
      "target_popularity_abs_bins_legacy": [
        "<=5",
        "6-20",
        "21-100",
        ">100"
      ],
      "session_len_bins": [
        "<=7",
        "8-12",
        "13+"
      ],