best_mrr20,epoch,epoch_time_sec,eval,lr,patience_used,train_loss,trial,valid_mrr20
0.0059,1,3.505178689956665,1,0.0009640155470717386,0,79.7509069442749,1,0.0059
0.0128,3,2.2558090686798096,1,0.000962269243205651,0,70.54353380203247,1,0.0128
0.0676,10,2.527836799621582,1,0.0009425695933647202,0,48.723923206329346,1,0.0676
0.0836,29,2.3665788173675537,1,0.0007931059529803754,0,20.500545501708984,1,0.0836
0.0836,39,2.278590440750122,1,0.000672245222743635,10,12.743841767311096,1,0.0815
