avg_epoch_time_sec,early_stopped,epochs_run,mrr@20,status,test_hr@10,test_inference_time_sec,test_mrr@20,trial
47.83281872190278,True,58,0.0859,ok,0.1478,0.25362706184387207,0.0562,1
47.87007377476528,True,58,0.0794,ok,0.1529,0.2263507843017578,0.0573,2
47.87254399266736,True,58,0.0813,ok,0.1487,0.22219038009643555,0.0582,3
47.91064369538251,True,85,0.0835,ok,0.1589,0.2682499885559082,0.0612,4
47.80849664107613,True,69,0.0704,ok,0.1487,0.21938872337341309,0.0532,5
47.82726084192594,True,72,0.0895,ok,0.1524,0.2354741096496582,0.0613,6
47.68071729561378,True,58,0.0787,ok,0.1529,0.21607327461242676,0.0573,7
47.60417945488639,True,46,0.0709,ok,0.1459,0.21208739280700684,0.0533,8
