{
  "split": "best_valid",
  "feature_mode": "none",
  "stages": [
    {
      "stage": "macro@1",
      "n_eff": 4.057663205955258,
      "cv_usage": 1.3990594386493824,
      "top1_max_frac": 0.5966838715162417,
      "entropy_mean": 1.251987344353722,
      "route_jitter_adjacent": 0.0,
      "route_consistency_knn_js": 0.02900755180977334,
      "route_consistency_knn_score": 0.9714091285419543,
      "route_consistency_group_knn_js": 0.0021046937049538595,
      "route_consistency_group_knn_score": 0.9978975196097865,
      "route_consistency_intra_group_knn_mean_js": 0.043322830196171586,
      "route_consistency_intra_group_knn_mean_score": 0.9579959908569797,
      "route_consistency_feature_group_knn_mean_score": 0.9594156390583899,
      "family_top_expert_mean_share": 0.38125601410865784,
      "route_consistency_feature_group_knn_tempo_js": 0.04528689169442375,
      "route_consistency_feature_group_knn_tempo_score": 0.9557232534344778,
      "route_consistency_feature_group_knn_focus_js": 0.04358663720412129,
      "route_consistency_feature_group_knn_focus_score": 0.9573496084044888,
      "route_consistency_feature_group_knn_memory_js": 0.044323195473603715,
      "route_consistency_feature_group_knn_memory_score": 0.9566447242596234,
      "route_consistency_feature_group_knn_exposure_js": 0.03258004235564942,
      "route_consistency_feature_group_knn_exposure_score": 0.96794497013497
    }
  ]
}
