{
  "model": "SASRec",
  "dataset": "movielens1m",
  "dataset_raw": "movielens1m",
  "max_evals": 3,
  "tune_epochs": 20,
  "n_completed": 3,
  "n_recorded_trials": 3,
  "timestamp": "2026-04-09T01:57:39.891584",
  "trials": [
    {
      "trial": 1,
      "params": {
        "learning_rate": 0.0007709309661011123
      },
      "mrr@20": 0.0722,
      "valid_result": {
        "hit@5": 0.1177,
        "hit@10": 0.1833,
        "hit@20": 0.2719,
        "ndcg@5": 0.0723,
        "ndcg@10": 0.0935,
        "ndcg@20": 0.1157,
        "mrr@5": 0.0575,
        "mrr@10": 0.0663,
        "mrr@20": 0.0722
      },
      "test_result": {
        "hit@5": 0.1038,
        "hit@10": 0.1818,
        "hit@20": 0.2737,
        "ndcg@5": 0.0604,
        "ndcg@10": 0.0855,
        "ndcg@20": 0.1086,
        "mrr@5": 0.0463,
        "mrr@10": 0.0565,
        "mrr@20": 0.0628
      },
      "best_hr@10": 0.1833,
      "test_mrr@20": 0.0628,
      "test_hr@10": 0.1818,
      "epochs_run": 20,
      "early_stop_epoch": 20,
      "early_stopped": false,
      "elapsed": 123.7,
      "status": "ok"
    },
    {
      "trial": 2,
      "params": {
        "learning_rate": 0.000837845886044714
      },
      "mrr@20": 0.073,
      "valid_result": {
        "hit@5": 0.1182,
        "hit@10": 0.187,
        "hit@20": 0.2715,
        "ndcg@5": 0.073,
        "ndcg@10": 0.0952,
        "ndcg@20": 0.1163,
        "mrr@5": 0.0582,
        "mrr@10": 0.0673,
        "mrr@20": 0.073
      },
      "test_result": {
        "hit@5": 0.1024,
        "hit@10": 0.1823,
        "hit@20": 0.2727,
        "ndcg@5": 0.0609,
        "ndcg@10": 0.0866,
        "ndcg@20": 0.1093,
        "mrr@5": 0.0472,
        "mrr@10": 0.0578,
        "mrr@20": 0.064
      },
      "best_hr@10": 0.187,
      "test_mrr@20": 0.064,
      "test_hr@10": 0.1823,
      "epochs_run": 20,
      "early_stop_epoch": 20,
      "early_stopped": false,
      "elapsed": 120.4,
      "status": "ok"
    },
    {
      "trial": 3,
      "params": {
        "learning_rate": 0.0007592544524757635
      },
      "mrr@20": 0.0726,
      "valid_result": {
        "hit@5": 0.1173,
        "hit@10": 0.1842,
        "hit@20": 0.2669,
        "ndcg@5": 0.0725,
        "ndcg@10": 0.0942,
        "ndcg@20": 0.115,
        "mrr@5": 0.0579,
        "mrr@10": 0.0669,
        "mrr@20": 0.0726
      },
      "test_result": {
        "hit@5": 0.1006,
        "hit@10": 0.1809,
        "hit@20": 0.275,
        "ndcg@5": 0.0593,
        "ndcg@10": 0.0851,
        "ndcg@20": 0.1086,
        "mrr@5": 0.0457,
        "mrr@10": 0.0563,
        "mrr@20": 0.0626
      },
      "best_hr@10": 0.1842,
      "test_mrr@20": 0.0626,
      "test_hr@10": 0.1809,
      "epochs_run": 20,
      "early_stop_epoch": 20,
      "early_stopped": false,
      "elapsed": 118.3,
      "status": "ok"
    }
  ],
  "run_group": "baseline",
  "run_axis": "stageh_targetedrecovery_anchor2_core5",
  "run_phase": "P23_SH_C08_MSASREC_XFER_LASTFM0_03_FAD_H2_R1_C1_S1",
  "parent_result": "",
  "interrupted": false,
  "interrupted_at": null,
  "tuned_search": {
    "learning_rate": [
      0.0006281189643421585,
      0.0008764084888393278
    ]
  },
  "fixed_search": {
    "attn_dropout_prob": 0.12,
    "num_layers": 2,
    "weight_decay": 0.00015,
    "hidden_dropout_prob": 0.12,
    "MAX_ITEM_LIST_LENGTH": 10,
    "n_layers": 2,
    "n_heads": 4,
    "num_heads": 4,
    "dropout_ratio": 0.12,
    "dropout_prob": 0.12,
    "hidden_size": 144,
    "embedding_size": 144,
    "inner_size": 288,
    "time_span": 384,
    "num_experts": 6,
    "state_size": 24,
    "conv_kernel": 6,
    "remaining_ratio": 0.6
  },
  "context_fixed": {
    "num_layers": 2,
    "search_space_type_overrides": {
      "learning_rate": "loguniform",
      "weight_decay": "choice",
      "n_layers": "choice",
      "num_layers": "choice",
      "n_heads": "choice",
      "num_heads": "choice",
      "dropout_ratio": "choice",
      "dropout_prob": "choice",
      "hidden_dropout_prob": "choice",
      "attn_dropout_prob": "choice",
      "hidden_size": "choice",
      "embedding_size": "choice",
      "inner_size": "choice",
      "time_span": "choice",
      "num_experts": "choice",
      "state_size": "choice",
      "conv_kernel": "choice",
      "remaining_ratio": "choice",
      "MAX_ITEM_LIST_LENGTH": "choice"
    }
  },
  "best_params": {
    "learning_rate": 0.000837845886044714
  },
  "best_mrr@20": 0.073,
  "best_hr@10": 0.187,
  "test_mrr@20": 0.064,
  "test_hr@10": 0.1823,
  "best_valid_result": {
    "hit@5": 0.1182,
    "hit@10": 0.187,
    "hit@20": 0.2715,
    "ndcg@5": 0.073,
    "ndcg@10": 0.0952,
    "ndcg@20": 0.1163,
    "mrr@5": 0.0582,
    "mrr@10": 0.0673,
    "mrr@20": 0.073
  },
  "test_result": {
    "hit@5": 0.1024,
    "hit@10": 0.1823,
    "hit@20": 0.2727,
    "ndcg@5": 0.0609,
    "ndcg@10": 0.0866,
    "ndcg@20": 0.1093,
    "mrr@5": 0.0472,
    "mrr@10": 0.0578,
    "mrr@20": 0.064
  },
  "best_valid_special_metrics": {
    "split": "best_valid",
    "overall": {
      "count": 2166,
      "hit@20": 0.27146814404432135,
      "ndcg@20": 0.11628569158986005,
      "mrr@20": 0.07300662079401184
    },
    "slices": {
      "target_popularity_abs": {
        "rare_1_5": {
          "count": 1940,
          "hit@20": 0.25,
          "ndcg@20": 0.1030790500342846,
          "mrr@20": 0.062441734819836225
        },
        "6_20": {
          "count": 226,
          "hit@20": 0.4557522123893805,
          "ndcg@20": 0.22965243768639268,
          "mrr@20": 0.16369634995286445
        }
      },
      "target_popularity_abs_legacy": {
        "<=5": {
          "count": 1940,
          "hit@20": 0.25,
          "ndcg@20": 0.1030790500342846,
          "mrr@20": 0.062441734819836225
        },
        "6-20": {
          "count": 226,
          "hit@20": 0.4557522123893805,
          "ndcg@20": 0.22965243768639268,
          "mrr@20": 0.16369634995286445
        }
      },
      "session_len": {
        "<=7": {
          "count": 141,
          "hit@20": 0.16312056737588654,
          "ndcg@20": 0.06056356578008503,
          "mrr@20": 0.031699162135098845
        },
        "8-12": {
          "count": 2025,
          "hit@20": 0.27901234567901234,
          "ndcg@20": 0.12016560257217031,
          "mrr@20": 0.07588284384137318
        }
      },
      "session_len_legacy": {
        "1-2": {
          "count": 38,
          "hit@20": 0.10526315789473684,
          "ndcg@20": 0.02878661296869579,
          "mrr@20": 0.009292462252472577
        },
        "3-5": {
          "count": 59,
          "hit@20": 0.1864406779661017,
          "ndcg@20": 0.07670010803109509,
          "mrr@20": 0.045335620641708374
        },
        "6-10": {
          "count": 2069,
          "hit@20": 0.27694538424359594,
          "ndcg@20": 0.11902156129385781,
          "mrr@20": 0.07496588953908888
        }
      }
    },
    "counts": {
      "target_popularity_abs": {
        "rare_1_5": 1940,
        "6_20": 226
      },
      "target_popularity_abs_legacy": {
        "<=5": 1940,
        "6-20": 226
      },
      "session_len": {
        "<=7": 141,
        "8-12": 2025
      },
      "session_len_legacy": {
        "1-2": 38,
        "3-5": 59,
        "6-10": 2069
      }
    },
    "config_snapshot": {
      "target_popularity_abs_bins": [
        "cold_0",
        "rare_1_5",
        "6_20",
        "21_100",
        "101+"
      ],
      "target_popularity_abs_bins_legacy": [
        "<=5",
        "6-20",
        "21-100",
        ">100"
      ],
      "session_len_bins": [
        "<=7",
        "8-12",
        "13+"
      ],
      "session_len_bins_legacy": [
        "1-2",
        "3-5",
        "6-10",
        "11+"
      ],
      "item_count_source": "cached_loader",
      "item_count_definition": "train_interaction_count_per_item",
      "new_user_enabled": false,
      "feature_logging_available": true,
      "split": "best_valid",
      "item_seq_len_field": "item_length",