stage_name,stage_key,split,aggregation_level,node_kind,node_name,route_space,support_size,wrapper_name,source_type,temperature,top_k,entropy_norm,n_eff_norm,top1_monopoly_norm,jitter_adj_norm,knn_consistency_score,knn_consistency_js,n_eff,cv_usage,top1_max_frac,entropy_mean
macro,macro@1,best_valid,session,final,final.expert,expert,12,GroupConditionalProductWrapper,,,,0.913292518930771,0.9585357633447549,0.13352144931092302,0.0,0.9764881724597614,0.023792640915140016,11.502429160137059,0.2079855811574431,0.20572799520167942,2.269446653492706
macro,macro@1,best_valid,session,final,final.group,group,4,GroupConditionalProductWrapper,,,,0.9168430315529094,0.9773438795246501,0.3052431648922877,0.0,0.988105230978656,0.011966077818250896,3.9093755180986003,0.15225419402122498,0.47893237366921576,1.271014324673864
macro,macro@1,best_valid,session,final,final.intra.Exposure,intra,3,GroupConditionalProductWrapper,,,,0.9150860779486536,0.9834562593866635,0.4491677912730545,0.0,0.9896775919342866,0.010376053606611663,2.9503687781599903,0.12969978884757194,0.6327785275153697,1.0053248104234946
macro,macro@1,best_valid,session,final,final.intra.Focus,intra,3,GroupConditionalProductWrapper,,,,0.7861780819802557,0.9714131896839181,0.1310327099800784,0.0,0.9733500999292863,0.027011446581538166,2.9142395690517544,0.17154652573861565,0.42068847332005227,0.8637049019450336
macro,macro@1,best_valid,session,final,final.intra.Memory,intra,3,GroupConditionalProductWrapper,,,,0.9616134438164516,0.9824265782172065,0.5854058222479275,0.0,0.9920461450147139,0.00798565562722406,2.9472797346516195,0.13374525282546124,0.7236038814986183,1.0564403463252148
macro,macro@1,best_valid,session,final,final.intra.Tempo,intra,3,GroupConditionalProductWrapper,,,,0.9736713917281793,0.9998096590011806,0.08678748152432368,0.0,0.9963137882565783,0.003693022564501006,2.9994289770035416,0.013793707879820231,0.3911916543495491,1.0696873560771587
