best_mrr20,epoch,epoch_time_sec,eval,lr,patience_used,train_loss,trial,valid_mrr20
0.0134,1,18.858685731887817,1,0.0005476,0,686.9914660453796,1,0.0134
0.0177,3,17.396034240722656,1,0.0005476,0,586.3208689689636,1,0.0177
0.0187,5,17.07696771621704,1,0.0005476,0,546.6440668106079,1,0.0187
0.0187,10,17.147397756576538,1,0.0005476,5,492.93167209625244,1,0.0175
0.0187,15,17.25963068008423,1,0.0005476,10,451.84333896636963,1,0.0172
