stage_name,stage_key,split,aggregation_level,node_kind,node_name,route_space,support_size,wrapper_name,source_type,temperature,top_k,entropy_norm,n_eff_norm,top1_monopoly_norm,jitter_adj_norm,knn_consistency_score,knn_consistency_js,n_eff,cv_usage,top1_max_frac,entropy_mean
macro,macro@1,best_valid,session,final,final.expert,expert,12,FlatPlusGroupIntraResidualWrapper,,,,0.6590348078335039,0.5650552342210854,0.33477212167585285,0.8289356916720654,0.9873226979729273,0.012758344683766108,6.780662810653025,0.8773474918214972,0.39020777820286506,1.6376399764272307
macro,macro@1,best_valid,session,final,final.group,group,4,FlatPlusGroupIntraResidualWrapper,,,,0.7406239100590372,0.8514754081720692,0.3200363039478679,0.0,0.994446949603596,0.005568525898174284,3.405901632688277,0.4176504909992218,0.4900272279609009,1.0267227502254082
macro,macro@1,best_valid,session,final,final.intra.Exposure,intra,3,FlatPlusGroupIntraResidualWrapper,,,,0.5255983298413234,0.8440807217956928,0.2728792058474115,0.0,0.9924676353539862,0.007560876167610812,2.5322421653870784,0.42979148239518755,0.5152528038982743,0.5774287840671123
macro,macro@1,best_valid,session,final,final.intra.Focus,intra,3,FlatPlusGroupIntraResidualWrapper,,,,0.6080099603198441,0.8610500821430792,0.29804213733899826,0.0,0.9938448611576788,0.006174159800664929,2.5831502464292377,0.4017120629038792,0.5320280915593322,0.6679672140399906
macro,macro@1,best_valid,session,final,final.intra.Memory,intra,3,FlatPlusGroupIntraResidualWrapper,,,,0.8926650232402646,0.9587725674681004,0.3149762734161582,0.0,0.995412067253607,0.0045984896116697815,2.876317702404301,0.20736488081917523,0.5433175156107721,0.9806927641959585
macro,macro@1,best_valid,session,final,final.intra.Tempo,intra,3,FlatPlusGroupIntraResidualWrapper,,,,0.6325255584948597,0.7562355953893706,0.49737228922940624,0.0,0.9931592507820598,0.006864254399572179,2.268706786168112,0.5677491555288686,0.6649148594862708,0.6949003514591122
