best_mrr20,epoch,epoch_time_sec,eval,lr,patience_used,train_loss,trial,valid_mrr20
0.0137,1,7.154128789901733,1,0.000482927171500958,0,420.4957275390625,1,0.0137
0.0713,3,6.686142683029175,1,0.00048205235408832123,0,363.73757553100586,1,0.0713
0.1923,10,6.989199161529541,1,0.00047218374127793876,0,214.8731608390808,1,0.1923
0.2025,17,7.732394218444824,1,0.0004521669617577002,0,151.02626132965088,1,0.2025
0.2025,27,6.535834789276123,1,0.00040801490140703327,10,101.3825294971466,1,0.1948
