stage_name,stage_key,split,aggregation_level,node_kind,node_name,route_space,support_size,wrapper_name,source_type,temperature,top_k,entropy_norm,n_eff_norm,top1_monopoly_norm,jitter_adj_norm,knn_consistency_score,knn_consistency_js,n_eff,cv_usage,top1_max_frac,entropy_mean
macro,macro@1,best_valid,token,primitive,primitive.a_joint,expert,8,FlatJointWrapper,both,1.0,,0.9567960904356585,0.9978613199387576,0.07707690520798087,0.0,0.9895036882929645,0.010551786515473591,7.982890559510061,0.04629641674735646,0.19244229205698327,1.9896015373687652
macro,macro@1,best_valid,token,wrapper,wrapper.group,group,4,FlatJointWrapper,,,,0.9688841664463017,0.9988950792026613,0.0802078546431475,0.0,0.9950900752014431,0.004922018080295606,3.995580316810645,0.03325744718313217,0.3101558909823606,1.3431586565228535
macro,macro@1,best_valid,token,wrapper,wrapper.intra.Exposure,intra,2,FlatJointWrapper,,,,0.9336665271301425,0.9998588761199324,0.12807098165364628,0.0,0.9948502802266023,0.005163025279679739,1.9997177522398648,0.011880278587341309,0.5640354908268231,0.647168320863454
macro,macro@1,best_valid,token,wrapper,wrapper.intra.Focus,intra,2,FlatJointWrapper,,,,0.928138698981775,0.9999917746266783,0.0022977128919368095,0.0,0.9946493462094665,0.005365019806493286,1.9999835492533566,0.002863764762878418,0.5011488564459684,0.6433367223677932
macro,macro@1,best_valid,token,wrapper,wrapper.intra.Memory,intra,2,FlatJointWrapper,,,,0.9405651875325053,0.9968686712399515,0.21135423662907837,0.0,0.9950033368027758,0.005009188258538613,1.993737342479903,0.056046366691589355,0.6056771183145392,0.6519501078709923
macro,macro@1,best_valid,token,wrapper,wrapper.intra.Tempo,intra,2,FlatJointWrapper,,,,0.9490684562687998,0.999461583269263,0.06394711725405644,0.0,0.9955823227530161,0.0044274640169432505,1.998923166538526,0.02320992946624756,0.5319735586270282,0.6578441246210983
