best_mrr20,epoch,epoch_time_sec,eval,lr,patience_used,train_loss,trial,valid_mrr20
0.243,1,55.133819580078125,1,0.0007027447529322896,0,2192.4233770370483,1,0.243
0.318,3,54.02716135978699,1,0.0007014717383189401,0,1247.7456483840942,1,0.318
0.3657,9,53.722707748413086,1,0.0006900913521064861,0,747.3924684524536,1,0.3657
0.3657,10,52.997568130493164,1,0.0006871111550250616,1,720.1519572734833,1,0.3642
0.3657,19,54.88217115402222,1,0.0006471317037070099,10,503.0181646347046,1,0.3343
