stage_name,stage_key,split,aggregation_level,node_kind,node_name,route_space,support_size,wrapper_name,source_type,temperature,top_k,entropy_norm,n_eff_norm,top1_monopoly_norm,jitter_adj_norm,knn_consistency_score,knn_consistency_js,n_eff,cv_usage,top1_max_frac,entropy_mean
macro,macro@1,best_valid,session,final,final.expert,expert,12,ScalarGroupConditionalProductWrapper,,,,0.9856168746058399,0.9914918776219169,0.7407256420709335,0.0,0.9991248769442017,0.0008755061995279656,11.897902531463004,0.0926339468320028,0.7623318385650224,2.449165925851317
macro,macro@1,best_valid,session,final,final.group,group,4,ScalarGroupConditionalProductWrapper,,,,0.9818695423356284,0.9938754553895649,0.6831091180866965,0.0,0.9994545088559704,0.0005456399784514018,3.9755018215582596,0.07850045433643188,0.7623318385650224,1.3611602098952493
macro,macro@1,best_valid,session,final,final.intra.Exposure,intra,3,ScalarGroupConditionalProductWrapper,,,,0.9865630241496708,0.9959102138279614,0.6434977578475336,0.0,0.9997882431043487,0.0002117793193084011,2.9877306414838842,0.0640821903472486,0.7623318385650224,1.0838502618764014
macro,macro@1,best_valid,session,final,final.intra.Focus,intra,3,ScalarGroupConditionalProductWrapper,,,,0.9944530569464253,0.9998870619545933,0.7015134529147982,0.0,0.9996418368658898,0.000358227289844738,2.99966118586378,0.010628164196292632,0.8010089686098655,1.0925183488649104
macro,macro@1,best_valid,session,final,final.intra.Memory,intra,3,ScalarGroupConditionalProductWrapper,,,,0.9967460743717907,0.998885682556943,0.6434977578475336,0.0,0.9999591832579809,4.0817575044989395e-05,2.996657047670829,0.033400871726844555,0.7623318385650224,1.095037485986547
macro,macro@1,best_valid,session,final,final.intra.Tempo,intra,3,ScalarGroupConditionalProductWrapper,,,,0.9814617205799028,0.9960075021665126,0.6434977578475336,0.0,0.999398734888241,0.0006014459441153056,2.988022506499538,0.06331287135741498,0.7623318385650224,1.0782459070864279
