stage_name,stage_key,split,aggregation_level,node_kind,node_name,route_space,support_size,wrapper_name,source_type,temperature,top_k,entropy_norm,n_eff_norm,top1_monopoly_norm,jitter_adj_norm,knn_consistency_score,knn_consistency_js,n_eff,cv_usage,top1_max_frac,entropy_mean
macro,macro@1,best_valid,session,final,final.expert,expert,12,ScalarGroupConditionalProductWrapper,,,,0.6152100056748366,0.41507899202591986,0.772409361218876,0.0,0.9240286522086301,0.07901219893741962,4.980947904311038,1.187088811782336,0.7913752477839697,1.5287394341175151
macro,macro@1,best_valid,session,final,final.group,group,4,ScalarGroupConditionalProductWrapper,,,,0.688523950427903,0.5848486785838959,0.9306329555796586,0.0,0.9783282391063236,0.02191004244795388,2.3393947143355835,0.842522382736206,0.947974716684744,0.954496869974193
macro,macro@1,best_valid,session,final,final.intra.Exposure,intra,3,ScalarGroupConditionalProductWrapper,,,,0.662409419879256,0.7114757004300519,0.7651231563973945,0.0,0.9619667886172101,0.038775352179305694,2.134427101290156,0.6368119228836321,0.8434154375982631,0.7277311288088643
macro,macro@1,best_valid,session,final,final.intra.Focus,intra,3,ScalarGroupConditionalProductWrapper,,,,0.05352137060064235,0.7672901956878087,0.2661081137165387,0.0,0.8419854879607807,0.17199250008931125,2.301870587063426,0.5507158323909094,0.5107387424776925,0.058799235448225774
macro,macro@1,best_valid,session,final,final.intra.Memory,intra,3,ScalarGroupConditionalProductWrapper,,,,0.15599700405321532,0.5589265842709483,0.7093720228644013,0.0,0.8646179290793966,0.1454675701148989,1.676779752812845,0.8883375856775765,0.8062480152429342,0.17138022564827127
macro,macro@1,best_valid,session,final,final.intra.Tempo,intra,3,ScalarGroupConditionalProductWrapper,,,,0.34525919190283444,0.9783152056956023,0.05096987205943045,0.0,0.8894143855310661,0.11719202661418887,2.934945617086807,0.1488807231521391,0.3673132480396203,0.37930599100007506
