best_mrr20,epoch,epoch_time_sec,eval,lr,patience_used,train_loss,trial,valid_mrr20
0.311,1,49.45993137359619,1,0.00056966,0,2150.1130151748657,1,0.311
0.3598,3,48.14410209655762,1,0.00056966,0,1138.8471012115479,1,0.3598
0.3721,6,47.93505835533142,1,0.00056966,0,800.7077977657318,1,0.3721
0.3721,10,47.99575901031494,1,0.00056966,4,638.4197647571564,1,0.3591
0.3721,16,47.96485137939453,1,0.00056966,10,434.4796476364136,1,0.3307
