stage_name,stage_key,split,aggregation_level,node_kind,node_name,route_space,support_size,wrapper_name,source_type,temperature,top_k,entropy_norm,n_eff_norm,top1_monopoly_norm,jitter_adj_norm,knn_consistency_score,knn_consistency_js,n_eff,cv_usage,top1_max_frac,entropy_mean
macro,macro@1,best_valid,session,final,final.expert,expert,12,GroupConditionalProductWrapper,,,,0.9993144511935105,0.9971044405165799,0.9468389478541762,0.0,0.9999700193646174,2.9981084810817135e-05,11.965253286198958,0.05389011972487687,0.9512690355329949,2.483203125
macro,macro@1,best_valid,session,final,final.group,group,4,GroupConditionalProductWrapper,,,,0.99931866300845,0.9984807243388342,0.9228426395939087,0.0,0.9999813403000722,1.8659874022138856e-05,3.9939228973553367,0.03900492563843727,0.9421319796954315,1.3853498274904823
macro,macro@1,best_valid,session,final,final.intra.Exposure,intra,3,GroupConditionalProductWrapper,,,,0.99973012572687,0.9995787726686736,0.9055837563451775,0.0,0.9999778458038924,2.215444151542883e-05,2.9987363180060207,0.020526338688244262,0.9370558375634518,1.0983158014752539
macro,macro@1,best_valid,session,final,final.intra.Focus,intra,3,GroupConditionalProductWrapper,,,,0.9988785587751075,0.9976161757898732,1.0,0.0,0.9999938289669729,6.171052068043335e-06,2.9928485273696195,0.048883323677380304,1.0,1.0973802595574238
macro,macro@1,best_valid,session,final,final.intra.Memory,intra,3,GroupConditionalProductWrapper,,,,0.9998727115828812,0.9998687380018563,0.917766497461929,0.0,0.9999903464379021,9.653608693815438e-06,2.999606214005569,0.011454935542719497,0.9451776649746193,1.098472448048858
macro,macro@1,best_valid,session,final,final.intra.Tempo,intra,3,GroupConditionalProductWrapper,,,,0.9987549242037562,0.9974284607556013,0.8918781725888324,0.0,0.9999915998126655,8.400222616253701e-06,2.992285382266804,0.05077596311425943,0.9279187817258884,1.097244433098033
