stage_name,stage_key,split,aggregation_level,node_kind,node_name,route_space,support_size,wrapper_name,source_type,temperature,top_k,entropy_norm,n_eff_norm,top1_monopoly_norm,jitter_adj_norm,knn_consistency_score,knn_consistency_js,n_eff,cv_usage,top1_max_frac,entropy_mean
macro,macro@1,best_valid,session,final,final.expert,expert,12,ScalarGroupConditionalProductWrapper,,,,0.9897126893935626,0.9948962485475841,0.33893331263100696,0.0,0.9973750796911246,0.0026283714528308987,11.938754982571009,0.07162298607459706,0.3940222032450897,2.4593436432536295
macro,macro@1,best_valid,session,final,final.group,group,4,ScalarGroupConditionalProductWrapper,,,,0.9875098509379591,0.9975522023994695,0.20125249074864784,0.0,0.9981224785331297,0.0018792862195528795,3.990208809597878,0.049537234008312225,0.4009393680614859,1.3689793379056363
macro,macro@1,best_valid,session,final,final.intra.Exposure,intra,3,ScalarGroupConditionalProductWrapper,,,,0.985404650167421,0.99661409813288,0.333134073441503,0.0,0.9984882634407408,0.0015128803858932161,2.98984229439864,0.058287473521009874,0.5554227156276687,1.0825776579846285
macro,macro@1,best_valid,session,final,final.intra.Focus,intra,3,ScalarGroupConditionalProductWrapper,,,,0.9900515535633891,0.9993015640890296,0.3620836891545687,0.0,0.999041358274832,0.0009591015160198996,2.9979046922670887,0.02643801938182058,0.5747224594363791,1.0876828031596926
macro,macro@1,best_valid,session,final,final.intra.Memory,intra,3,ScalarGroupConditionalProductWrapper,,,,0.9995210159757228,0.9998799110638622,0.5314261315115286,0.0,0.9998867970970677,0.00011320931086451992,2.9996397331915867,0.010961912294442194,0.6876174210076857,1.0980860709329632
macro,macro@1,best_valid,session,final,final.intra.Tempo,intra,3,ScalarGroupConditionalProductWrapper,,,,0.9951714518472994,0.994712386443603,0.45713065755764304,0.0,0.9996234149370131,0.0003766559889487093,2.984137159330809,0.07290921142967906,0.6380871050384287,1.0933075863311272
