stage_name,stage_key,split,aggregation_level,node_kind,node_name,route_space,support_size,wrapper_name,source_type,temperature,top_k,entropy_norm,n_eff_norm,top1_monopoly_norm,jitter_adj_norm,knn_consistency_score,knn_consistency_js,n_eff,cv_usage,top1_max_frac,entropy_mean
macro,macro@1,best_valid,session,final,final.expert,expert,8,ScalarGroupConditionalProductWrapper,,,,0.9758041834916749,0.9714628570356526,0.733365000197918,0.0,0.9992290253234571,0.0007712720303634327,7.771702856285221,0.1713923215866089,0.7666943751731782,2.0291277556975618
macro,macro@1,best_valid,session,final,final.group,group,4,ScalarGroupConditionalProductWrapper,,,,0.9727445141883325,0.9842430448874051,0.6974231088944306,0.0,0.9994398252886523,0.0005603316678194719,3.9369721795496204,0.12652744352817535,0.773067331670823,1.3485102348295928
macro,macro@1,best_valid,session,final,final.intra.Exposure,intra,2,ScalarGroupConditionalProductWrapper,,,,0.985068424395947,0.9811414147108615,1.0,0.0,0.9999657748761823,3.422570951057203e-05,1.962282829421723,0.13864001631736755,1.0,0.6827974010286783
macro,macro@1,best_valid,session,final,final.intra.Focus,intra,2,ScalarGroupConditionalProductWrapper,,,,0.9896597826565605,0.9876710196552068,0.9911332779163202,0.0,0.9999576443433619,4.2356553664237876e-05,1.9753420393104135,0.11172673106193542,0.9955666389581601,0.6859798880619632
macro,macro@1,best_valid,session,final,final.intra.Memory,intra,2,ScalarGroupConditionalProductWrapper,,,,0.9710301598636235,0.9960494564217796,0.513992795788307,0.0,0.9993765180604655,0.0006236763852254816,1.992098912843559,0.06297829747200012,0.7569963978941535,0.6730668175481436
macro,macro@1,best_valid,session,final,final.intra.Tempo,intra,2,ScalarGroupConditionalProductWrapper,,,,0.9819449930053068,0.978259672966818,1.0,0.0,0.9999133994607724,8.660428927085426e-05,1.956519345933636,0.14907553791999817,1.0,0.6806324033665836
