best_mrr20,epoch,epoch_time_sec,eval,lr,patience_used,train_loss,trial,valid_mrr20
0.2776,1,57.29135704040527,1,0.0006918502217122324,0,2185.0905623435974,1,0.2776
0.3472,3,56.64426898956299,1,0.0006905969424258146,0,1169.1071381568909,1,0.3472
0.3699,6,59.53197884559631,1,0.0006863795394030031,0,825.7348961830139,1,0.3699
0.3699,10,58.90997624397278,1,0.0006764589887885513,4,681.5614681243896,1,0.3625
0.3699,16,58.41852259635925,1,0.0006527232986450689,10,504.6903725862503,1,0.3413
