{
  "split": "best_valid",
  "feature_mode": "none",
  "stages": [
    {
      "stage": "macro@1",
      "n_eff": 11.827040657263971,
      "cv_usage": 0.12092942384095717,
      "top1_max_frac": 0.7335972353125981,
      "entropy_mean": 2.3946348644164313,
      "route_jitter_adjacent": 0.0,
      "route_consistency_knn_js": 0.0027165449686276637,
      "route_consistency_knn_score": 0.9972871415007468,
      "route_consistency_group_knn_js": 0.00245462918034123,
      "route_consistency_group_knn_score": 0.9975483809584367,
      "route_consistency_intra_group_knn_mean_js": 0.0003351583521815916,
      "route_consistency_intra_group_knn_mean_score": 0.999664932175949,
      "route_consistency_feature_group_knn_mean_score": 0.9940292077782424,
      "family_top_expert_mean_share": 0.09907323122024536,
      "route_consistency_feature_group_knn_tempo_js": 0.007013121563209437,
      "route_consistency_feature_group_knn_tempo_score": 0.9930114129857255,
      "route_consistency_feature_group_knn_focus_js": 0.0062008844295018154,
      "route_consistency_feature_group_knn_focus_score": 0.9938183013775446,
      "route_consistency_feature_group_knn_memory_js": 0.004862795236642666,
      "route_consistency_feature_group_knn_memory_score": 0.995149009010484,
      "route_consistency_feature_group_knn_exposure_js": 0.005879140589482878,
      "route_consistency_feature_group_knn_exposure_score": 0.9941381077392155
    }
  ]
}
