best_mrr20,epoch,epoch_time_sec,eval,lr,patience_used,train_loss,trial,valid_mrr20
0.2728,1,54.83373165130615,1,0.0006918502217122324,0,2184.300637245178,1,0.2728
0.3476,3,53.31483793258667,1,0.0006905969424258146,0,1168.4821877479553,1,0.3476
0.3712,6,54.66381525993347,1,0.0006863795394030031,0,825.1594851016998,1,0.3712
0.3712,10,53.50049614906311,1,0.0006764589887885513,4,681.6952285766602,1,0.364
0.3712,16,53.050445318222046,1,0.0006527232986450689,10,505.52869951725006,1,0.3402
