{
  "split": "best_valid",
  "feature_mode": "runtime:unknown|ablation:none",
  "stages": [
    {
      "stage": "macro@1",
      "n_eff": 11.928186162483273,
      "cv_usage": 0.07759148768807984,
      "top1_max_frac": 0.14679760888129803,
      "entropy_mean": 2.3193267639837747,
      "route_jitter_adjacent": 0.7013227840276919,
      "route_consistency_knn_js": 0.03768665742492255,
      "route_consistency_knn_score": 0.9630146471093919,
      "route_consistency_group_knn_js": 0.01226270465487375,
      "route_consistency_group_knn_score": 0.9878121759158872,
      "route_consistency_intra_group_knn_mean_js": 0.025715147122201652,
      "route_consistency_intra_group_knn_mean_score": 0.9746189448941214,
      "route_consistency_feature_group_knn_mean_score": 0.9579476452975416,
      "family_top_expert_mean_share": 0.09569686651229858,
      "route_consistency_feature_group_knn_tempo_js": 0.04396188183404964,
      "route_consistency_feature_group_knn_tempo_score": 0.9569904354980378,
      "route_consistency_feature_group_knn_focus_js": 0.0434513339611813,
      "route_consistency_feature_group_knn_focus_score": 0.9574791496746127,
      "route_consistency_feature_group_knn_memory_js": 0.043035136899445076,
      "route_consistency_feature_group_knn_memory_score": 0.9578777326221531,
      "route_consistency_feature_group_knn_exposure_js": 0.04140209671016294,
      "route_consistency_feature_group_knn_exposure_score": 0.959443263395363
    }
  ]
}
