{
  "model": "FENRec",
  "dataset": "KuaiRecLargeStrictPosV2_0.2",
  "dataset_raw": "KuaiRecLargeStrictPosV2_0.2",
  "max_evals": 5,
  "tune_epochs": 100,
  "n_completed": 5,
  "n_recorded_trials": 5,
  "timestamp": "2026-03-19T04:55:00.371630",
  "trials": [
    {
      "trial": 1,
      "params": {
        "learning_rate": 0.0007683576546063122
      },
      "mrr@20": 0.0763,
      "valid_result": {
        "hit@5": 0.0834,
        "hit@10": 0.1018,
        "hit@20": 0.1308,
        "ndcg@5": 0.0747,
        "ndcg@10": 0.0806,
        "ndcg@20": 0.0879,
        "mrr@5": 0.0719,
        "mrr@10": 0.0743,
        "mrr@20": 0.0763
      },
      "test_result": {
        "hit@5": 0.1648,
        "hit@10": 0.1796,
        "hit@20": 0.2049,
        "ndcg@5": 0.1572,
        "ndcg@10": 0.1619,
        "ndcg@20": 0.1682,
        "mrr@5": 0.1547,
        "mrr@10": 0.1566,
        "mrr@20": 0.1583
      },
      "best_hr@10": 0.1018,
      "test_mrr@20": 0.1583,
      "test_hr@10": 0.1796,
      "epochs_run": 57,
      "early_stop_epoch": 57,
      "early_stopped": true,
      "elapsed": 289.4,
      "status": "ok"
    },
    {
      "trial": 2,
      "params": {
        "learning_rate": 0.0009491422761559101
      },
      "mrr@20": 0.0764,
      "valid_result": {
        "hit@5": 0.0841,
        "hit@10": 0.1034,
        "hit@20": 0.1326,
        "ndcg@5": 0.0749,
        "ndcg@10": 0.0811,
        "ndcg@20": 0.0884,
        "mrr@5": 0.072,
        "mrr@10": 0.0745,
        "mrr@20": 0.0764
      },
      "test_result": {
        "hit@5": 0.1647,
        "hit@10": 0.1798,
        "hit@20": 0.2054,
        "ndcg@5": 0.1573,
        "ndcg@10": 0.1621,
        "ndcg@20": 0.1686,
        "mrr@5": 0.1549,
        "mrr@10": 0.1569,
        "mrr@20": 0.1586
      },
      "best_hr@10": 0.1034,
      "test_mrr@20": 0.1586,
      "test_hr@10": 0.1798,
      "epochs_run": 45,
      "early_stop_epoch": 45,
      "early_stopped": true,
      "elapsed": 228.1,
      "status": "ok"
    },
    {
      "trial": 3,
      "params": {
        "learning_rate": 0.00043725284474539625
      },
      "mrr@20": 0.076,
      "valid_result": {
        "hit@5": 0.0843,
        "hit@10": 0.1003,
        "hit@20": 0.13,
        "ndcg@5": 0.0749,
        "ndcg@10": 0.0801,
        "ndcg@20": 0.0875,
        "mrr@5": 0.0719,
        "mrr@10": 0.074,
        "mrr@20": 0.076
      },
      "test_result": {
        "hit@5": 0.1631,
        "hit@10": 0.178,
        "hit@20": 0.2036,
        "ndcg@5": 0.1557,
        "ndcg@10": 0.1604,
        "ndcg@20": 0.1669,
        "mrr@5": 0.1532,
        "mrr@10": 0.1552,
        "mrr@20": 0.1569
      },
      "best_hr@10": 0.1003,
      "test_mrr@20": 0.1569,
      "test_hr@10": 0.178,
      "epochs_run": 84,
      "early_stop_epoch": 84,
      "early_stopped": true,
      "elapsed": 424.8,
      "status": "ok"
    },
    {
      "trial": 4,
      "params": {
        "learning_rate": 0.0006819954726395906
      },
      "mrr@20": 0.0763,
      "valid_result": {
        "hit@5": 0.0842,
        "hit@10": 0.1007,
        "hit@20": 0.1316,
        "ndcg@5": 0.075,
        "ndcg@10": 0.0803,
        "ndcg@20": 0.088,
        "mrr@5": 0.072,
        "mrr@10": 0.0742,
        "mrr@20": 0.0763
      },
      "test_result": {
        "hit@5": 0.1637,
        "hit@10": 0.1783,
        "hit@20": 0.2035,
        "ndcg@5": 0.1565,
        "ndcg@10": 0.1611,
        "ndcg@20": 0.1675,
        "mrr@5": 0.1541,
        "mrr@10": 0.156,
        "mrr@20": 0.1577
      },
      "best_hr@10": 0.1007,
      "test_mrr@20": 0.1577,
      "test_hr@10": 0.1783,
      "epochs_run": 60,
      "early_stop_epoch": 60,
      "early_stopped": true,
      "elapsed": 304.4,
      "status": "ok"
    },
    {
      "trial": 5,
      "params": {
        "learning_rate": 0.000436671225897959
      },
      "mrr@20": 0.0759,
      "valid_result": {
        "hit@5": 0.0842,
        "hit@10": 0.1003,
        "hit@20": 0.13,
        "ndcg@5": 0.0749,
        "ndcg@10": 0.08,
        "ndcg@20": 0.0875,
        "mrr@5": 0.0718,
        "mrr@10": 0.0739,
        "mrr@20": 0.0759
      },
      "test_result": {
        "hit@5": 0.1631,
        "hit@10": 0.178,
        "hit@20": 0.2036,
        "ndcg@5": 0.1556,
        "ndcg@10": 0.1604,
        "ndcg@20": 0.1668,
        "mrr@5": 0.1532,
        "mrr@10": 0.1552,
        "mrr@20": 0.1569
      },
      "best_hr@10": 0.1003,
      "test_mrr@20": 0.1569,
      "test_hr@10": 0.178,
      "epochs_run": 84,
      "early_stop_epoch": 84,
      "early_stopped": true,
      "elapsed": 424.8,
      "status": "ok"
    }
  ],
  "run_group": "baseline",
  "run_axis": "hparam",
  "run_phase": "P2_MORE_SEARCH_M01_FENREC_C03",
  "parent_result": "",
  "interrupted": false,
  "interrupted_at": null,
  "tuned_search": {
    "learning_rate": [
      0.0002,
      0.006
    ]
  },
  "fixed_search": {
    "num_layers": 2,
    "cl_weight": 0.15,
    "cl_temperature": 0.1,
    "weight_decay": 0.0001,
    "dropout_ratio": 0.1,
    "hidden_size": 192,
    "num_heads": 4
  },
  "context_fixed": {
    "num_layers": 2,
    "search_space_type_overrides": {
      "learning_rate": "loguniform",
      "weight_decay": "choice",
      "dropout_ratio": "choice"
    },
    "combo_id": "C03"
  },
  "best_params": {
    "learning_rate": 0.0009491422761559101
  },
  "best_mrr@20": 0.0764,
  "best_hr@10": 0.1034,
  "test_mrr@20": 0.1586,
  "test_hr@10": 0.1798,
  "best_valid_result": {
    "hit@5": 0.0841,
    "hit@10": 0.1034,
    "hit@20": 0.1326,
    "ndcg@5": 0.0749,
    "ndcg@10": 0.0811,
    "ndcg@20": 0.0884,
    "mrr@5": 0.072,
    "mrr@10": 0.0745,
    "mrr@20": 0.0764
  },
  "test_result": {
    "hit@5": 0.1647,
    "hit@10": 0.1798,
    "hit@20": 0.2054,
    "ndcg@5": 0.1573,
    "ndcg@10": 0.1621,
    "ndcg@20": 0.1686,
    "mrr@5": 0.1549,
    "mrr@10": 0.1569,
    "mrr@20": 0.1586
  },
  "best_valid_special_metrics": {},
  "early_valid_result": {},
  "early_valid_special_metrics": {},
  "test_special_metrics": {},
  "normal_result_mirror_file": "/workspace/jy1559/FMoE/experiments/run/artifacts/results/baseline/normal/hparam/P2/KuaiRecLargeStrictPosV2_0.2/FENRec/KuaiRecLargeStrictPosV2_0.2_FENRec_p2_more_search_m01_fenrec_c03_20260319_042703_675140_pid32996.json",
  "special_result_file": "/workspace/jy1559/FMoE/experiments/run/artifacts/results/baseline/special/hparam/P2/KuaiRecLargeStrictPosV2_0.2/FENRec/KuaiRecLargeStrictPosV2_0.2_FENRec_p2_more_search_m01_fenrec_c03_20260319_042703_675140_pid32996_special_metrics.json",
  "special_log_file": "/workspace/jy1559/FMoE/experiments/run/artifacts/logs/baseline/special/hparam/P2/KuaiRecLargeStrictPosV2_0.2/FENRec/KuaiRecLargeStrictPosV2_0.2_FENRec_p2_more_search_m01_fenrec_c03_20260319_042703_675140_pid32996_special_metrics.json",
  "diag_trial_summary_file": "",
  "diag_best_valid_file": "",
  "diag_best_valid_overview_file": "",
  "diag_best_valid_overview_md_file": "",
  "diag_early_valid_file": "",
  "diag_test_file": "",
  "diag_collapse_file": "",
  "diag_epoch_trace_file": "",
  "feature_ablation_file": "",
  "logging_bundle_dir": "/workspace/jy1559/FMoE/experiments/run/artifacts/logging/baseline/KuaiRecLargeStrictPosV2_0.2/P2/KuaiRecLargeStrictPosV2_0.2_FENRec_p2_more_search_m01_fenrec_c03_20260319_042703_675140_pid32996",
  "logging_bundle_summary_file": "/workspace/jy1559/FMoE/experiments/run/artifacts/logging/baseline/KuaiRecLargeStrictPosV2_0.2/P2/KuaiRecLargeStrictPosV2_0.2_FENRec_p2_more_search_m01_fenrec_c03_20260319_042703_675140_pid32996/run_summary.json"
}
