{
  "split": "best_valid",
  "feature_mode": "none",
  "stages": [
    {
      "stage": "macro@1",
      "n_eff": 11.989427115072758,
      "cv_usage": 0.029696660162608024,
      "top1_max_frac": 0.9566420664206642,
      "entropy_mean": 2.484279731102975,
      "route_jitter_adjacent": 0.0,
      "route_consistency_knn_js": 3.1002755977411183e-05,
      "route_consistency_knn_score": 0.999968997724603,
      "route_consistency_group_knn_js": 1.0706805747694674e-05,
      "route_consistency_group_knn_score": 0.9999892932515699,
      "route_consistency_intra_group_knn_mean_js": 2.087028258000047e-05,
      "route_consistency_intra_group_knn_mean_score": 0.9999791301952707,
      "route_consistency_feature_group_knn_mean_score": 0.999969170156938,
      "family_top_expert_mean_share": 0.0873200073838234,
      "route_consistency_feature_group_knn_tempo_js": 3.098701827425872e-05,
      "route_consistency_feature_group_knn_tempo_score": 0.9999690134618184,
      "route_consistency_feature_group_knn_focus_js": 2.6990908849160228e-05,
      "route_consistency_feature_group_knn_focus_score": 0.9999730094554021,
      "route_consistency_feature_group_knn_memory_js": 3.0997110349414625e-05,
      "route_consistency_feature_group_knn_memory_score": 0.999969003370056,
      "route_consistency_feature_group_knn_exposure_js": 3.434624935014058e-05,
      "route_consistency_feature_group_knn_exposure_score": 0.9999656543404756
    }
  ]
}
