stage_name,stage_key,split,aggregation_level,node_kind,node_name,route_space,support_size,wrapper_name,source_type,temperature,top_k,entropy_norm,n_eff_norm,top1_monopoly_norm,jitter_adj_norm,knn_consistency_score,knn_consistency_js,n_eff,cv_usage,top1_max_frac,entropy_mean
macro,macro@1,best_valid,session,final,final.expert,expert,12,ScalarGroupConditionalProductWrapper,,,,0.9077675537490724,0.9382166273310836,0.7080627195613058,0.0,0.9894374624739061,0.01061871707483607,11.258599527973002,0.2566162718350806,0.7323908262645303,2.255717630772856
macro,macro@1,best_valid,session,final,final.group,group,4,ScalarGroupConditionalProductWrapper,,,,0.869345573097661,0.9436191312673907,0.6686899151743638,0.0,0.9930128008136447,0.007011723969051624,3.774476525069563,0.24443745613098145,0.7515174363807728,1.2051688658498272
macro,macro@1,best_valid,session,final,final.intra.Exposure,intra,3,ScalarGroupConditionalProductWrapper,,,,0.9587575707871304,0.9945715717437181,0.6626013195098963,0.0,0.996336550714284,0.0036701761500936157,2.9837147152311543,0.07387857850257819,0.7750675463399309,1.0533028491203267
macro,macro@1,best_valid,session,final,final.intra.Focus,intra,3,ScalarGroupConditionalProductWrapper,,,,0.8875111893742373,0.9912751831511977,0.6977945334590009,0.0,0.9936988120032818,0.0063211242740820565,2.973825549453593,0.09381691831895952,0.7985296889726673,0.9750306989769871
macro,macro@1,best_valid,session,final,final.intra.Memory,intra,3,ScalarGroupConditionalProductWrapper,,,,0.9692910478393023,0.9973050165841361,0.6553817153628653,0.0,0.9976723871325271,0.002330325969154522,2.991915049752408,0.051983924896004056,0.7702544769085768,1.0648750564522462
macro,macro@1,best_valid,session,final,final.intra.Tempo,intra,3,ScalarGroupConditionalProductWrapper,,,,0.8913193241865364,0.9578903639879425,0.5985862393967954,0.0,0.9982630708680374,0.0017384393423729423,2.8736710919638275,0.20966829479729251,0.7323908262645303,0.9792143626786837
