stage_name,stage_key,split,aggregation_level,node_kind,node_name,route_space,support_size,wrapper_name,source_type,temperature,top_k,entropy_norm,n_eff_norm,top1_monopoly_norm,jitter_adj_norm,knn_consistency_score,knn_consistency_js,n_eff,cv_usage,top1_max_frac,entropy_mean
macro,macro@1,best_valid,session,final,final.expert,expert,12,ScalarGroupConditionalProductWrapper,,,,0.8157664531997412,0.7946189967715022,0.4895611968782701,0.0,0.9858671322224571,0.014233687797962023,9.535427961258026,0.5083942857863222,0.5320977638050809,2.0271034842300084
macro,macro@1,best_valid,session,final,final.group,group,4,ScalarGroupConditionalProductWrapper,,,,0.9409666362688569,0.9876325298431664,0.28387674729138146,0.0,0.999335491832868,0.0006647290505420689,3.9505301193726656,0.11190328747034073,0.4629075604685361,1.3044567418614674
macro,macro@1,best_valid,session,final,final.intra.Exposure,intra,3,ScalarGroupConditionalProductWrapper,,,,0.3392250830983149,0.5511996330858765,0.472972972972973,0.0,0.9915457927113475,0.008490146802513003,1.6535988992576296,0.9023439913289549,0.6486486486486487,0.37267684491626946
macro,macro@1,best_valid,session,final,final.intra.Focus,intra,3,ScalarGroupConditionalProductWrapper,,,,0.6423356140519982,0.9840125965128736,0.22178134983013031,0.0,0.9605075203041191,0.04029346723195478,2.952037789538621,0.12746488295600167,0.4811875665534202,0.7056777990467015
macro,macro@1,best_valid,session,final,final.intra.Memory,intra,3,ScalarGroupConditionalProductWrapper,,,,0.632851942133385,0.8499875191196599,0.5361797069114143,0.0,0.9990196851272681,0.000980795695621001,2.5499625573589797,0.4201044166056986,0.6907864712742762,0.6952589205352163
macro,macro@1,best_valid,session,final,final.intra.Tempo,intra,3,ScalarGroupConditionalProductWrapper,,,,0.7382498736649634,0.8429086792777788,0.3232467927589878,0.0,0.9944182867332387,0.005597349239078145,2.5287260378333363,0.43170393596315004,0.5488311951726585,0.8110503833160083
