stage_name,stage_key,split,aggregation_level,node_kind,node_name,route_space,support_size,wrapper_name,source_type,temperature,top_k,entropy_norm,n_eff_norm,top1_monopoly_norm,jitter_adj_norm,knn_consistency_score,knn_consistency_js,n_eff,cv_usage,top1_max_frac,entropy_mean
macro,macro@1,best_valid,session,final,final.expert,expert,12,GroupConditionalProductWrapper,,,,0.7578455459504022,0.8176410722768686,0.1738499303487323,0.0,0.9812028632552905,0.01897604848619164,9.811692867322423,0.4722612632668771,0.24269576948633792,1.883175436644372
macro,macro@1,best_valid,session,final,final.group,group,4,GroupConditionalProductWrapper,,,,0.783431899189086,0.9030273012474718,0.5118386816028924,0.0,0.993246417051818,0.006776491591374737,3.612109204989887,0.3276982009410858,0.6338790112021693,1.0860672241672764
macro,macro@1,best_valid,session,final,final.intra.Exposure,intra,3,GroupConditionalProductWrapper,,,,0.46359828727090885,0.7790520038494714,0.3708159662793898,0.0,0.9760151030936144,0.02427721820761085,2.337156011548414,0.5325516452624903,0.5805439775195932,0.509314775401309
macro,macro@1,best_valid,session,final,final.intra.Focus,intra,3,GroupConditionalProductWrapper,,,,0.9303805996305845,0.9334205486408105,0.28760512521058595,0.0,0.9978889209330927,0.002113310535411393,2.8002616459224314,0.2670738691963592,0.525070083473724,1.0221275598925648
macro,macro@1,best_valid,session,final,final.intra.Memory,intra,3,GroupConditionalProductWrapper,,,,0.8868052159516546,0.9757741039621955,0.39256589412641196,0.0,0.9953339696786719,0.004676950222442098,2.9273223118865865,0.1575672914812776,0.595043929417608,0.9742551078994646
macro,macro@1,best_valid,session,final,final.intra.Tempo,intra,3,GroupConditionalProductWrapper,,,,0.5322160814670729,0.8829114600189979,0.25855935673103386,0.0,0.9753663471535354,0.02494213788684527,2.6487343800569936,0.3641651387761492,0.5057062378206892,0.5846991273265141
