stage_name,stage_key,split,aggregation_level,node_kind,node_name,route_space,support_size,wrapper_name,source_type,temperature,top_k,entropy_norm,n_eff_norm,top1_monopoly_norm,jitter_adj_norm,knn_consistency_score,knn_consistency_js,n_eff,cv_usage,top1_max_frac,entropy_mean
macro,macro@1,best_valid,session,final,final.expert,expert,12,ScalarGroupConditionalProductWrapper,,,,0.9646653321981651,0.9108589636364179,0.42019182884522865,0.0,0.9968097408995168,0.00319535882623346,10.930307563637015,0.3128334265102915,0.46850917644145956,2.3971032987991707
macro,macro@1,best_valid,session,final,final.group,group,4,ScalarGroupConditionalProductWrapper,,,,0.9819839088935125,0.9696260194177002,0.8438921729441985,0.0,0.9992710657994008,0.0007292000023094384,3.878504077670801,0.17698995769023895,0.8829191297081489,1.3613187556095447
macro,macro@1,best_valid,session,final,final.intra.Exposure,intra,3,ScalarGroupConditionalProductWrapper,,,,0.7702907114371106,0.7136378707688512,0.8630961592027482,0.0,0.9915190615509687,0.008517106243928143,2.1409136123065537,0.6334595759784922,0.9087307728018322,0.8462508414317106
macro,macro@1,best_valid,session,final,final.intra.Focus,intra,3,ScalarGroupConditionalProductWrapper,,,,0.997649138123482,0.9987543859022487,0.294079415678871,0.0,0.999879474533067,0.00012053273071072449,2.9962631577067462,0.03531321964224519,0.5293862771192474,1.0960296029216057
macro,macro@1,best_valid,session,final,final.intra.Memory,intra,3,ScalarGroupConditionalProductWrapper,,,,0.9932750111065617,0.9912302041212536,0.8432267648788339,0.0,0.9997895987030624,0.00021042343439575496,2.973690612363761,0.09406069758353539,0.8954845099192226,1.0912241332286219
macro,macro@1,best_valid,session,final,final.intra.Tempo,intra,3,ScalarGroupConditionalProductWrapper,,,,0.9617163487932091,0.9738104263878854,0.5216953978521246,0.0,0.9979920890112657,0.002009929544509775,2.9214312791636563,0.1639936293961516,0.6811302652347497,1.0565533989972455
