{
  "split": "best_valid",
  "feature_mode": "runtime:unknown|ablation:none",
  "stages": [
    {
      "stage": "macro@1",
      "n_eff": 15.74260602834022,
      "cv_usage": 0.12786781787872314,
      "top1_max_frac": 0.10839355197331851,
      "entropy_mean": 2.537099875364786,
      "route_jitter_adjacent": 0.7372089781123659,
      "route_consistency_knn_js": 0.05849655265144405,
      "route_consistency_knn_score": 0.9431814918694161,
      "route_consistency_group_knn_js": 0.014612961658223891,
      "route_consistency_group_knn_score": 0.9854932894883837,
      "route_consistency_intra_group_knn_mean_js": 0.04408599802947973,
      "route_consistency_intra_group_knn_mean_score": 0.9568731114467827,
      "route_consistency_feature_group_knn_mean_score": 0.9355966620547052,
      "family_top_expert_mean_share": 0.08112051337957382,
      "route_consistency_feature_group_knn_tempo_js": 0.06847032042900787,
      "route_consistency_feature_group_knn_tempo_score": 0.9338211751040966,
      "route_consistency_feature_group_knn_focus_js": 0.06755545889267899,
      "route_consistency_feature_group_knn_focus_score": 0.9346758830891251,
      "route_consistency_feature_group_knn_memory_js": 0.0664281457934186,
      "route_consistency_feature_group_knn_memory_score": 0.9357301495882616,
      "route_consistency_feature_group_knn_exposure_js": 0.06383536527644729,
      "route_consistency_feature_group_knn_exposure_score": 0.9381594404373375
    }
  ]
}
