stage_name,stage_key,split,aggregation_level,node_kind,node_name,route_space,support_size,wrapper_name,source_type,temperature,top_k,entropy_norm,n_eff_norm,top1_monopoly_norm,jitter_adj_norm,knn_consistency_score,knn_consistency_js,n_eff,cv_usage,top1_max_frac,entropy_mean
macro,macro@1,best_valid,session,final,final.expert,expert,9,GroupConditionalProductWrapper,,,,0.7482521057311939,0.6944599176789773,0.4234112921088134,0.0,0.9927265615885357,0.007300018830412796,6.250139259110796,0.6633008967094056,0.487476704096723,1.6440779167561588
macro,macro@1,best_valid,session,final,final.group,group,3,GroupConditionalProductWrapper,,,,0.7853195406337486,0.8910473019624138,0.27002329031002287,0.0,0.997292618901026,0.002711052683597941,2.6731419058872414,0.34967819304233216,0.5133488602066819,0.8627616978714312
macro,macro@1,best_valid,session,final,final.intra.Focus,intra,3,GroupConditionalProductWrapper,,,,0.8614274530105809,0.961857484161905,0.3711381377148648,0.0,0.994042950954388,0.005974863043415365,2.885572452485715,0.19913593086195197,0.5807587584765765,0.9463747856734949
macro,macro@1,best_valid,session,final,final.intra.Memory,intra,3,GroupConditionalProductWrapper,,,,0.4925585764943524,0.8939057506619025,0.17152272986596323,0.0,0.9863924641416345,0.013700966920274752,2.6817172519857073,0.34450859294806147,0.44768181991064215,0.5411309050255667
macro,macro@1,best_valid,session,final,final.intra.Tempo,intra,3,GroupConditionalProductWrapper,,,,0.6777632266922353,0.6283449706926555,0.9091409432911155,0.0,0.9994289986245972,0.000571164458771621,1.8850349120779666,0.7690792931734463,0.9394272955274103,0.7445990096514395
