best_mrr20,epoch,epoch_time_sec,eval,lr,patience_used,train_loss,trial,valid_mrr20
0.0795,1,30.040513515472412,1,0.0004983,0,1581.9526081085205,1,0.0795
0.1902,3,28.86664056777954,1,0.0004983,0,1030.4987330436707,1,0.1902
0.3044,10,29.74467396736145,1,0.0004983,0,421.69930362701416,1,0.3044
0.3134,15,30.122548818588257,1,0.0004983,0,235.30936527252197,1,0.3134
0.3134,25,30.565518856048584,1,0.0004983,10,86.95100435614586,1,0.3052
