stage_name,stage_key,split,aggregation_level,node_kind,node_name,route_space,support_size,wrapper_name,source_type,temperature,top_k,entropy_norm,n_eff_norm,top1_monopoly_norm,jitter_adj_norm,knn_consistency_score,knn_consistency_js,n_eff,cv_usage,top1_max_frac,entropy_mean
macro,macro@1,best_valid,session,final,final.expert,expert,16,ScalarGroupConditionalProductWrapper,,,,0.917205403236767,0.6934870512171023,0.9435286669568315,0.0,0.9916997629179949,0.008334875856341208,11.095792819473637,0.6648219028009118,0.9470581252720295,2.5430333569916512
macro,macro@1,best_valid,session,final,final.group,group,4,ScalarGroupConditionalProductWrapper,,,,0.9754429874939676,0.9662979073586984,0.5251322227937588,0.0,0.9986923445184429,0.001308511209065453,3.8651916294347934,0.18675503134727478,0.6438491670953191,1.3522511131568273
macro,macro@1,best_valid,session,final,final.intra.Exposure,intra,4,ScalarGroupConditionalProductWrapper,,,,0.6601198878062023,0.50662227138032,0.9671322491723711,0.0,0.9898225382394752,0.01022960622503472,2.02648908552128,0.9868419766426086,0.9753491868792783,0.9151204781288331
macro,macro@1,best_valid,session,final,final.intra.Focus,intra,4,ScalarGroupConditionalProductWrapper,,,,0.987232178558969,0.9941477762059182,0.36443371714214107,0.0,0.9987396792188288,0.0012611156533397447,3.976591104823673,0.07672349363565445,0.5233252878566058,1.3685944022524037
macro,macro@1,best_valid,session,final,final.intra.Memory,intra,4,ScalarGroupConditionalProductWrapper,,,,0.948914750225972,0.9489616026469448,0.7729856632242579,0.0,0.9928997902956702,0.0071255361464882825,3.7958464105877794,0.231912299990654,0.8297392474181934,1.3154751674217544
macro,macro@1,best_valid,session,final,final.intra.Tempo,intra,4,ScalarGroupConditionalProductWrapper,,,,0.9161630547496471,0.9266220039543169,0.40146928870072146,0.0,0.9922733857862893,0.007756619154981083,3.7064880158172677,0.2814052738434403,0.5511019665255411,1.2700716766658093
