{
  "split": "best_valid",
  "feature_mode": "runtime:unknown|ablation:none",
  "stages": [
    {
      "stage": "macro@1",
      "n_eff": 11.587430420929902,
      "cv_usage": 0.18869308016855002,
      "top1_max_frac": 0.2594493405969333,
      "entropy_mean": 2.3509490750478514,
      "route_jitter_adjacent": 0.0,
      "route_consistency_knn_js": 0.014748081759500252,
      "route_consistency_knn_score": 0.9853601385311888,
      "route_consistency_group_knn_js": 0.004874359007907198,
      "route_consistency_group_knn_score": 0.9951375014015055,
      "route_consistency_intra_group_knn_mean_js": 0.010727239999879762,
      "route_consistency_intra_group_knn_mean_score": 0.9893724627821978,
      "route_consistency_feature_group_knn_mean_score": 0.9674829397299586,
      "family_top_expert_mean_share": 0.11683371663093567,
      "route_consistency_feature_group_knn_tempo_js": 0.0405049918922791,
      "route_consistency_feature_group_knn_tempo_score": 0.9603043707634741,
      "route_consistency_feature_group_knn_focus_js": 0.020463185099702175,
      "route_consistency_feature_group_knn_focus_score": 0.9797447650164253,
      "route_consistency_feature_group_knn_memory_js": 0.03565814078400684,
      "route_consistency_feature_group_knn_memory_score": 0.9649701210316499,
      "route_consistency_feature_group_knn_exposure_js": 0.03571785314442814,
      "route_consistency_feature_group_knn_exposure_score": 0.9649125021082853
    }
  ]
}
