best_mrr20,epoch,epoch_time_sec,eval,lr,patience_used,train_loss,trial,valid_mrr20
0.0025,1,2.8278439044952393,1,0.0005672,0,80.56582736968994,1,0.0025
0.0061,3,1.9650442600250244,1,0.0005672,0,74.04876613616943,1,0.0061
0.0538,10,1.9535725116729736,1,0.0005672,0,57.51358985900879,1,0.0538
0.0865,23,1.9136617183685303,1,0.0005672,0,41.027729511260986,1,0.0865
0.0865,33,1.7449605464935303,1,0.0005672,10,32.1045458316803,1,0.0804
