{
  "split": "best_valid",
  "feature_mode": "runtime:unknown|ablation:none",
  "stages": [
    {
      "stage": "macro@1",
      "n_eff": 7.984258217018691,
      "cv_usage": 0.04440157487988472,
      "top1_max_frac": 0.7867185163027222,
      "entropy_mean": 2.0578169986725996,
      "route_jitter_adjacent": 0.0,
      "route_consistency_knn_js": 0.0006928487637776887,
      "route_consistency_knn_score": 0.9993073912005042,
      "route_consistency_group_knn_js": 0.0005740212956874184,
      "route_consistency_group_knn_score": 0.9994261434230177,
      "route_consistency_intra_group_knn_mean_js": 0.00013771143175982404,
      "route_consistency_intra_group_knn_mean_score": 0.9998623030478738,
      "route_consistency_feature_group_knn_mean_score": 0.9983605466139522,
      "family_top_expert_mean_share": 0.13427835702896118,
      "route_consistency_feature_group_knn_tempo_js": 0.0014807455467455316,
      "route_consistency_feature_group_knn_tempo_score": 0.9985203502160263,
      "route_consistency_feature_group_knn_focus_js": 0.0012467417040129788,
      "route_consistency_feature_group_knn_focus_score": 0.9987540351555441,
      "route_consistency_feature_group_knn_memory_js": 0.0020652456146678286,
      "route_consistency_feature_group_knn_memory_score": 0.9979368855376864,
      "route_consistency_feature_group_knn_exposure_js": 0.0017706511313455146,
      "route_consistency_feature_group_knn_exposure_score": 0.9982309155465525
    }
  ]
}
