best_mrr20,epoch,epoch_time_sec,eval,lr,patience_used,train_loss,trial,valid_mrr20
0.3134,1,43.62150430679321,1,0.00056966,0,2152.609022140503,1,0.3134
0.3622,3,40.44915294647217,1,0.00056966,0,1139.479498386383,1,0.3622
0.3736,6,42.81820583343506,1,0.00056966,0,808.0647957324982,1,0.3736
0.3736,10,42.10481286048889,1,0.00056966,4,660.5488004684448,1,0.3606
0.3736,16,44.744325160980225,1,0.00056966,10,472.3209422826767,1,0.3277
