stage_name,stage_key,split,aggregation_level,node_kind,node_name,route_space,support_size,wrapper_name,source_type,temperature,top_k,entropy_norm,n_eff_norm,top1_monopoly_norm,jitter_adj_norm,knn_consistency_score,knn_consistency_js,n_eff,cv_usage,top1_max_frac,entropy_mean
macro,macro@1,best_valid,session,final,final.expert,expert,12,ScalarGroupConditionalProductWrapper,,,,0.8627132126036503,0.6609691754845642,0.5308891087363236,0.0,0.9849419006366099,0.01517262367494926,7.931630105814771,0.716191443233407,0.5699816830082965,2.1437617988587796
macro,macro@1,best_valid,session,final,final.group,group,4,ScalarGroupConditionalProductWrapper,,,,0.8549155994492578,0.7609320724135673,0.9169150833842138,0.0,0.9948634888546738,0.0051497483669127285,3.0437282896542692,0.5605156421661377,0.9376863125381604,1.1851646747499371
macro,macro@1,best_valid,session,final,final.intra.Exposure,intra,3,ScalarGroupConditionalProductWrapper,,,,0.8575285323234367,0.8681415879976844,0.4118629458032539,0.0,0.9858872870887957,0.014213244211132032,2.604424763993053,0.38972531587704073,0.6079086305355026,0.942091383494056
macro,macro@1,best_valid,session,final,final.intra.Focus,intra,3,ScalarGroupConditionalProductWrapper,,,,0.9833354614027258,0.9967335518728317,0.3183924146104946,0.0,0.9979105031908698,0.0020916828532735426,2.9902006556184952,0.05724643559019459,0.5455949430736631,1.0803044217801603
macro,macro@1,best_valid,session,final,final.intra.Memory,intra,3,ScalarGroupConditionalProductWrapper,,,,0.8264014518503368,0.811982926847388,0.7953345544661133,0.0,0.9874642937255457,0.01261494111319752,2.435948780542164,0.48119932469131577,0.8635563696440757,0.9078947903759472
macro,macro@1,best_valid,session,final,final.intra.Tempo,intra,3,ScalarGroupConditionalProductWrapper,,,,0.8941385375575749,0.9444452982265631,0.4230147613403728,0.0,0.9901502225904476,0.009898607374498183,2.8333358946796894,0.24253362439472603,0.6153431742269152,0.982311585132484
