{
  "model": "TiSASRec",
  "dataset": "retail_rocket",
  "dataset_raw": "retail_rocket",
  "max_evals": 3,
  "tune_epochs": 16,
  "n_completed": 3,
  "n_recorded_trials": 3,
  "timestamp": "2026-04-09T10:38:11.458597",
  "trials": [
    {
      "trial": 1,
      "params": {
        "learning_rate": 0.0009649569194587809
      },
      "mrr@20": 0.2562,
      "valid_result": {
        "hit@5": 0.3483,
        "hit@10": 0.4183,
        "hit@20": 0.4851,
        "ndcg@5": 0.2686,
        "ndcg@10": 0.2913,
        "ndcg@20": 0.3082,
        "mrr@5": 0.2421,
        "mrr@10": 0.2515,
        "mrr@20": 0.2562
      },
      "test_result": {
        "hit@5": 0.352,
        "hit@10": 0.424,
        "hit@20": 0.4892,
        "ndcg@5": 0.271,
        "ndcg@10": 0.2943,
        "ndcg@20": 0.3108,
        "mrr@5": 0.2442,
        "mrr@10": 0.2538,
        "mrr@20": 0.2583
      },
      "best_hr@10": 0.4183,
      "test_mrr@20": 0.2583,
      "test_hr@10": 0.424,
      "epochs_run": 13,
      "early_stop_epoch": 13,
      "early_stopped": true,
      "elapsed": 142.7,
      "status": "ok"
    },
    {
      "trial": 2,
      "params": {
        "learning_rate": 0.0010540407350789816
      },
      "mrr@20": 0.2531,
      "valid_result": {
        "hit@5": 0.3425,
        "hit@10": 0.413,
        "hit@20": 0.4794,
        "ndcg@5": 0.2649,
        "ndcg@10": 0.2877,
        "ndcg@20": 0.3045,
        "mrr@5": 0.2391,
        "mrr@10": 0.2485,
        "mrr@20": 0.2531
      },
      "test_result": {
        "hit@5": 0.3458,
        "hit@10": 0.4178,
        "hit@20": 0.4834,
        "ndcg@5": 0.2671,
        "ndcg@10": 0.2905,
        "ndcg@20": 0.307,
        "mrr@5": 0.241,
        "mrr@10": 0.2507,
        "mrr@20": 0.2552
      },
      "best_hr@10": 0.413,
      "test_mrr@20": 0.2552,
      "test_hr@10": 0.4178,
      "epochs_run": 10,
      "early_stop_epoch": 10,
      "early_stopped": true,
      "elapsed": 110.6,
      "status": "ok"
    },
    {
      "trial": 3,
      "params": {
        "learning_rate": 0.0011459908191569774
      },
      "mrr@20": 0.2533,
      "valid_result": {
        "hit@5": 0.3444,
        "hit@10": 0.4122,
        "hit@20": 0.4786,
        "ndcg@5": 0.2658,
        "ndcg@10": 0.2877,
        "ndcg@20": 0.3045,
        "mrr@5": 0.2396,
        "mrr@10": 0.2487,
        "mrr@20": 0.2533
      },
      "test_result": {
        "hit@5": 0.3464,
        "hit@10": 0.4164,
        "hit@20": 0.4833,
        "ndcg@5": 0.268,
        "ndcg@10": 0.2907,
        "ndcg@20": 0.3077,
        "mrr@5": 0.242,
        "mrr@10": 0.2514,
        "mrr@20": 0.256
      },
      "best_hr@10": 0.4122,
      "test_mrr@20": 0.256,
      "test_hr@10": 0.4164,
      "epochs_run": 10,
      "early_stop_epoch": 10,
      "early_stopped": true,
      "elapsed": 110.5,
      "status": "ok"
    }
  ],
  "run_group": "baseline",
  "run_axis": "stageh_targetedrecovery_anchor2_core5",
  "run_phase": "P23_SH_C21_MTISASREC_XFER_FOURSQUARE_FAD_H3_R1_C2_REGHI_S1",
  "parent_result": "",
  "interrupted": false,
  "interrupted_at": null,
  "tuned_search": {
    "learning_rate": [
      0.000718677026566662,
      0.0013329006166320915
    ]
  },
  "fixed_search": {
    "n_layers": 2,
    "n_heads": 4,
    "time_span": 384,
    "weight_decay": 0.0002,
    "hidden_dropout_prob": 0.18,
    "MAX_ITEM_LIST_LENGTH": 10,
    "num_layers": 2,
    "num_heads": 4,
    "dropout_ratio": 0.18,
    "dropout_prob": 0.18,
    "attn_dropout_prob": 0.18,
    "hidden_size": 144,
    "embedding_size": 144,
    "inner_size": 288,
    "num_experts": 8,
    "state_size": 32,
    "conv_kernel": 8,
    "remaining_ratio": 0.7
  },
  "context_fixed": {
    "num_layers": 2,
    "search_space_type_overrides": {
      "learning_rate": "loguniform",
      "weight_decay": "choice",
      "n_layers": "choice",
      "num_layers": "choice",
      "n_heads": "choice",
      "num_heads": "choice",
      "dropout_ratio": "choice",
      "dropout_prob": "choice",
      "hidden_dropout_prob": "choice",
      "attn_dropout_prob": "choice",
      "hidden_size": "choice",
      "embedding_size": "choice",
      "inner_size": "choice",
      "time_span": "choice",
      "num_experts": "choice",
      "state_size": "choice",
      "conv_kernel": "choice",
      "remaining_ratio": "choice",
      "MAX_ITEM_LIST_LENGTH": "choice"
    }
  },
  "best_params": {
    "learning_rate": 0.0009649569194587809
  },
  "best_mrr@20": 0.2562,
  "best_hr@10": 0.4183,
  "test_mrr@20": 0.2583,
  "test_hr@10": 0.424,
  "best_valid_result": {
    "hit@5": 0.3483,
    "hit@10": 0.4183,
    "hit@20": 0.4851,
    "ndcg@5": 0.2686,
    "ndcg@10": 0.2913,
    "ndcg@20": 0.3082,
    "mrr@5": 0.2421,
    "mrr@10": 0.2515,
    "mrr@20": 0.2562
  },
  "test_result": {
    "hit@5": 0.352,
    "hit@10": 0.424,
    "hit@20": 0.4892,
    "ndcg@5": 0.271,
    "ndcg@10": 0.2943,
    "ndcg@20": 0.3108,
    "mrr@5": 0.2442,
    "mrr@10": 0.2538,
    "mrr@20": 0.2583
  },
  "best_valid_special_metrics": {
    "split": "best_valid",
    "overall": {
      "count": 22961,
      "hit@20": 0.4851269544009407,
      "ndcg@20": 0.3082239832960299,
      "mrr@20": 0.25619543083948254
    },
    "slices": {
      "target_popularity_abs": {
        "rare_1_5": {
          "count": 20110,
          "hit@20": 0.4580308304326206,
          "ndcg@20": 0.2876851415942404,
          "mrr@20": 0.23772848891043385
        },
        "6_20": {
          "count": 2526,
          "hit@20": 0.6678543151227236,
          "ndcg@20": 0.4448955702349862,
          "mrr@20": 0.3783514301129635
        },
        "21_100": {
          "count": 325,
          "hit@20": 0.7415384615384616,
          "ndcg@20": 0.5168506848812103,
          "mrr@20": 0.4494389632344246
        }
      },
      "target_popularity_abs_legacy": {
        "<=5": {
          "count": 20110,
          "hit@20": 0.4580308304326206,
          "ndcg@20": 0.2876851415942404,
          "mrr@20": 0.23772848891043385
        },
        "6-20": {
          "count": 2526,
          "hit@20": 0.6678543151227236,
          "ndcg@20": 0.4448955702349862,
          "mrr@20": 0.3783514301129635
        },
        "21-100": {
          "count": 325,
          "hit@20": 0.7415384615384616,
          "ndcg@20": 0.5168506848812103,
          "mrr@20": 0.4494389632344246
        }
      },
      "session_len": {
        "<=7": {
          "count": 20698,
          "hit@20": 0.4987438399845396,
          "ndcg@20": 0.31970587241248194,
          "mrr@20": 0.2669591851435628
        },
        "8-12": {
          "count": 2263,
          "hit@20": 0.3605832965090588,
          "ndcg@20": 0.2032075710413575,
          "mrr@20": 0.15774727061595004
        }
      },
      "session_len_legacy": {
        "1-2": {
          "count": 10403,
          "hit@20": 0.5250408535999231,
          "ndcg@20": 0.3514519561876027,
          "mrr@20": 0.29977846795433954
        },
        "3-5": {
          "count": 8710,
          "hit@20": 0.48105625717566014,
          "ndcg@20": 0.2950498326329769,
          "mrr@20": 0.24062545027297277
        },
        "6-10": {
          "count": 3848,
          "hit@20": 0.3864345114345114,
          "ndcg@20": 0.22117779054243328,
          "mrr@20": 0.17361232159531476
        }
      }
    },
    "counts": {
      "target_popularity_abs": {
        "rare_1_5": 20110,
        "6_20": 2526,
        "21_100": 325
      },
      "target_popularity_abs_legacy": {
        "<=5": 20110,
        "6-20": 2526,
        "21-100": 325
      },
      "session_len": {
        "<=7": 20698,
        "8-12": 2263
      },
      "session_len_legacy": {
        "1-2": 10403,
        "3-5": 8710,
        "6-10": 3848
      }
    },
    "config_snapshot": {
      "target_popularity_abs_bins": [
        "cold_0",
        "rare_1_5",
        "6_20",
        "21_100",
        "101+"
      ],
      "target_popularity_abs_bins_legacy": [
        "<=5",
        "6-20",
        "21-100",
        ">100"
      ],