best_mrr20,epoch,epoch_time_sec,eval,lr,patience_used,train_loss,trial,valid_mrr20
0.2169,1,48.641095876693726,1,0.00056966,0,2243.132860183716,1,0.2169
0.3058,3,47.92630171775818,1,0.00056966,0,1365.849693775177,1,0.3058
0.3669,10,47.84049582481384,1,0.00056966,0,759.745359659195,1,0.3669
0.3669,20,47.8644483089447,1,0.00056966,10,562.9623725414276,1,0.3457
