stage_name,stage_key,split,aggregation_level,node_kind,node_name,route_space,support_size,wrapper_name,source_type,temperature,top_k,entropy_norm,n_eff_norm,top1_monopoly_norm,jitter_adj_norm,knn_consistency_score,knn_consistency_js,n_eff,cv_usage,top1_max_frac,entropy_mean
macro,macro@1,best_valid,session,final,final.expert,expert,8,FlatJointWrapper,,,,0.9521547670136545,0.9981688475138675,0.07186538937396161,0.7572701498582423,0.9884132574116172,0.011654391955189919,7.98535078011094,0.04283081740140915,0.18788221570221642,1.9799501766366785
macro,macro@1,best_valid,session,final,final.group,group,4,FlatJointWrapper,,,,0.9639536526172181,0.9991395730643491,0.07441054826964548,0.0,0.9944014464952384,0.005614284145464397,3.9965582922573963,0.029346397146582603,0.3058079112022341,1.3363235130041713
macro,macro@1,best_valid,session,final,final.intra.Exposure,intra,2,FlatJointWrapper,,,,0.9360018226725936,0.9996553655484717,0.16243062674537811,0.0,0.9950650694881706,0.004947147491277009,1.9993107310969433,0.01856708526611328,0.5812153133726891,0.6487870243844781
macro,macro@1,best_valid,session,final,final.intra.Focus,intra,2,FlatJointWrapper,,,,0.9251203529629011,0.9999184674940388,0.03460709109547877,0.0,0.9943754794740804,0.005640397703823165,1.9998369349880776,0.00902700424194336,0.5173035455477394,0.6412445643348563
macro,macro@1,best_valid,session,final,final.intra.Memory,intra,2,FlatJointWrapper,,,,0.932260459133379,0.9966398515366127,0.2135459012336951,0.0,0.9943344302611145,0.005681679956977253,1.9932797030732254,0.05806446075439453,0.6067729506168476,0.6461937087958217
macro,macro@1,best_valid,session,final,final.intra.Tempo,intra,2,FlatJointWrapper,,,,0.9457329138602548,0.9995551896663875,0.04379794266322601,0.0,0.9953757796301547,0.004634945152136444,1.999110379332775,0.0210970938205719,0.521898971331613,0.6555321028049772
