stage_name,stage_key,split,aggregation_level,node_kind,node_name,route_space,support_size,wrapper_name,source_type,temperature,top_k,entropy_norm,n_eff_norm,top1_monopoly_norm,jitter_adj_norm,knn_consistency_score,knn_consistency_js,n_eff,cv_usage,top1_max_frac,entropy_mean
macro,macro@1,best_valid,session,final,final.expert,expert,12,ScalarGroupConditionalProductWrapper,,,,0.9476464207897035,0.8443893336131655,0.643836464361982,0.0,0.9948821773010075,0.005130963607983871,10.132672003357985,0.4292879297268286,0.6735167589984835,2.3548128926681318
macro,macro@1,best_valid,session,final,final.group,group,4,ScalarGroupConditionalProductWrapper,,,,0.9602233531101649,0.9242928151909758,0.8904397883073876,0.0,0.9986190004457729,0.001381954012950717,3.6971712607639033,0.28619620203971863,0.9178298412305407,1.3311522198322552
macro,macro@1,best_valid,session,final,final.intra.Exposure,intra,3,ScalarGroupConditionalProductWrapper,,,,0.8700513775626527,0.8727453112586806,0.5388722107022376,0.0,0.9932337511984087,0.006789243647611567,2.6182359337760417,0.3818502610370439,0.6925814738014917,0.9558491351629476
macro,macro@1,best_valid,session,final,final.intra.Focus,intra,3,ScalarGroupConditionalProductWrapper,,,,0.9935563928465365,0.9923899805215585,0.5106465290458359,0.0,0.9994678650615711,0.0005322765724729913,2.9771699415646755,0.0875692211070889,0.6737643526972239,1.091533262665965
macro,macro@1,best_valid,session,final,final.intra.Memory,intra,3,ScalarGroupConditionalProductWrapper,,,,0.9951885609995709,0.9972610892153786,0.5254093033332301,0.0,0.9995425546731682,0.000457549986864028,2.991783267646136,0.05240615487378374,0.6836062022221534,1.0933263826560613
macro,macro@1,best_valid,session,final,final.intra.Tempo,intra,3,ScalarGroupConditionalProductWrapper,,,,0.921549297988256,0.9782966370400018,0.17110272043576494,0.0,0.994056604412524,0.005961127857871632,2.9348899111200053,0.1489458561257763,0.4474018136238433,1.0124253833833678
