stage_name,stage_key,split,aggregation_level,node_kind,node_name,route_space,support_size,wrapper_name,source_type,temperature,top_k,entropy_norm,n_eff_norm,top1_monopoly_norm,jitter_adj_norm,knn_consistency_score,knn_consistency_js,n_eff,cv_usage,top1_max_frac,entropy_mean
macro,macro@1,best_valid,session,final,final.expert,expert,8,FlatJointWrapper,,,,0.9543359798486825,0.998009835656778,0.07933926867081098,0.7443904414742811,0.9885681548528198,0.011497690996285047,7.984078685254224,0.04465559497475624,0.1944218600869596,1.984485881217081
macro,macro@1,best_valid,session,final,final.group,group,4,FlatJointWrapper,,,,0.9672644179486927,0.9991919376724756,0.06149622350265712,0.0,0.9947129041143068,0.005301122037395235,3.9967677506899024,0.028436657041311264,0.29612216762699284,1.3409132083141857
macro,macro@1,best_valid,session,final,final.intra.Exposure,intra,2,FlatJointWrapper,,,,0.9355031186298913,0.999988436832622,0.07801619003853077,0.0,0.9948242964763299,0.005189143872718144,1.999976873665244,0.0034046173095703125,0.5390080950192654,0.6484413490833452
macro,macro@1,best_valid,session,final,final.intra.Focus,intra,2,FlatJointWrapper,,,,0.9247759391408301,0.9999406372979434,0.013892325638940939,0.0,0.9941517977225888,0.005865369978531363,1.9998812745958867,0.007700890302658081,0.5069461628194705,0.641005834865142
macro,macro@1,best_valid,session,final,final.intra.Memory,intra,2,FlatJointWrapper,,,,0.9330430661466135,0.9959442078964768,0.21771713386828795,0.0,0.9943116066705664,0.005704633856389416,1.9918884157929535,0.06381350755691528,0.608858566934144,0.6467361706405317
macro,macro@1,best_valid,session,final,final.intra.Tempo,intra,2,FlatJointWrapper,,,,0.945629771495204,0.999767000140515,0.0339001025133443,0.0,0.9950651855053821,0.004947030898695954,1.99953400028103,0.015264958143234253,0.5169500512566721,0.655460609965446
