stage_name,stage_key,split,aggregation_level,node_kind,node_name,route_space,support_size,wrapper_name,source_type,temperature,top_k,entropy_norm,n_eff_norm,top1_monopoly_norm,jitter_adj_norm,knn_consistency_score,knn_consistency_js,n_eff,cv_usage,top1_max_frac,entropy_mean
macro,macro@1,best_valid,session,final,final.expert,expert,16,ScalarGroupConditionalProductWrapper,,,,0.8625398053142788,0.5804045198251413,0.867895909996175,0.0,0.9873776135976086,0.012702725484869282,9.28647231720226,0.8502566725168629,0.8761524156214141,2.3914681366972657
macro,macro@1,best_valid,session,final,final.group,group,4,ScalarGroupConditionalProductWrapper,,,,0.7955588527694204,0.6551169413785464,0.9240823540273547,0.0,0.9933680593909865,0.006654029643409557,2.6204677655141855,0.7255653575399731,0.943061765520516,1.1028787515332568
macro,macro@1,best_valid,session,final,final.intra.Exposure,intra,4,ScalarGroupConditionalProductWrapper,,,,0.9421113051923142,0.891001589305017,0.8742267769292656,0.0,0.9949301532279742,0.005082742048352403,3.564006357220068,0.3497605323791504,0.9056700826969493,1.3060435899354055
macro,macro@1,best_valid,session,final,final.intra.Focus,intra,4,ScalarGroupConditionalProductWrapper,,,,0.9388202813335395,0.9792346787378827,0.12866168110895684,0.0,0.9942710584609579,0.005745414871255068,3.916938714951531,0.14562197029590607,0.34649626083171764,1.301481262117675
macro,macro@1,best_valid,session,final,final.intra.Memory,intra,4,ScalarGroupConditionalProductWrapper,,,,0.9668401004442789,0.9629784136505268,0.8980730423772405,0.0,0.998780076338515,0.0012206683740782103,3.8519136546021073,0.19607363641262054,0.9235547817829304,1.3403249793504926
macro,macro@1,best_valid,session,final,final.intra.Tempo,intra,4,ScalarGroupConditionalProductWrapper,,,,0.8554117204039098,0.9095225136044428,0.4078529128582546,0.0,0.98513971705791,0.014971803140217796,3.6380900544177712,0.31540143489837646,0.5558896846436909,1.1858524444318046
