stage_name,stage_key,split,aggregation_level,node_kind,node_name,route_space,support_size,wrapper_name,source_type,temperature,top_k,entropy_norm,n_eff_norm,top1_monopoly_norm,jitter_adj_norm,knn_consistency_score,knn_consistency_js,n_eff,cv_usage,top1_max_frac,entropy_mean
macro,macro@1,best_valid,session,final,final.expert,expert,16,FlatJointWrapper,,,,0.6754314348973968,0.963492505965973,0.04213451917732073,0.7019378223895162,0.7898047432651029,0.23596952449416167,15.415880095455568,0.1946557396239924,0.10200111172873819,1.8726935790427552
macro,macro@1,best_valid,session,final,final.group,group,4,FlatJointWrapper,,,,0.8538068574960466,0.9959024694169216,0.04786609844975601,0.0,0.9441758253791883,0.0574428744817827,3.9836098776676865,0.06414356827735901,0.285899573837317,1.1836276320322634
macro,macro@1,best_valid,session,final,final.intra.Exposure,intra,4,FlatJointWrapper,,,,0.3553219191981306,0.9398263441522794,0.13023723752961414,0.0,0.7831667548711446,0.24440963648195854,3.7593053766091176,0.25303441286087036,0.3476779281472106,0.49258077296666586
macro,macro@1,best_valid,session,final,final.intra.Focus,intra,4,FlatJointWrapper,,,,0.4450813437111085,0.9606348066999993,0.12376268835508479,0.0,0.8131513720443143,0.20683799728903446,3.8425392267999974,0.20243097841739655,0.3428220162663136,0.6170137570263736
macro,macro@1,best_valid,session,final,final.intra.Memory,intra,4,FlatJointWrapper,,,,0.4037235083015828,0.9056582588416469,0.1584905660377358,0.0,0.8039247507343737,0.21824960779728925,3.6226330353665874,0.32275264398769404,0.36886792452830186,0.5596796230100236
macro,macro@1,best_valid,session,final,final.intra.Tempo,intra,4,FlatJointWrapper,,,,0.4342560635110329,0.974755794194093,0.08727574538721831,0.0,0.8003943004927997,0.22265079712150046,3.899023176776372,0.16092859208583832,0.31545680904041373,0.602006732127466
