{
  "valid": {
    "count": 3499,
    "hit@5": 0.01629036867676479,
    "hit@10": 0.023721063160903114,
    "hit@20": 0.03915404401257502,
    "ndcg@5": 0.013160325571890386,
    "ndcg@10": 0.015499715269821376,
    "ndcg@20": 0.019324413284331467,
    "mrr@5": 0.012136801008361855,
    "mrr@10": 0.013065864658076343,
    "mrr@20": 0.01407672787124036
  },
  "test": {
    "count": 2706,
    "hit@5": 0.11345158906134516,
    "hit@10": 0.11603843311160385,
    "hit@20": 0.12379896526237989,
    "ndcg@5": 0.11144555501601296,
    "ndcg@10": 0.11226906096018956,
    "ndcg@20": 0.11423711871338701,
    "mrr@5": 0.11078467604436437,
    "mrr@10": 0.11111771022654514,
    "mrr@20": 0.11166048965004534
  },
  "slice_metrics": {
    "valid": {
      "target_popularity_abs": {
        "cold_0": {
          "count": 860,
          "hit@5": 0.0,
          "hit@10": 0.0,
          "hit@20": 0.0,
          "ndcg@5": 0.0,
          "ndcg@10": 0.0,
          "ndcg@20": 0.0,
          "mrr@5": 0.0,
          "mrr@10": 0.0,
          "mrr@20": 0.0
        },
        "rare_1_5": {
          "count": 116,
          "hit@5": 0.017241379310344827,
          "hit@10": 0.017241379310344827,
          "hit@20": 0.017241379310344827,
          "ndcg@5": 0.017241379310344827,
          "ndcg@10": 0.017241379310344827,
          "ndcg@20": 0.017241379310344827,
          "mrr@5": 0.017241379310344827,
          "mrr@10": 0.017241379310344827,
          "mrr@20": 0.017241379310344827
        },
        "6_20": {
          "count": 334,
          "hit@5": 0.011976047904191617,
          "hit@10": 0.011976047904191617,
          "hit@20": 0.017964071856287425,
          "ndcg@5": 0.009166486070541565,
          "ndcg@10": 0.009166486070541565,
          "ndcg@20": 0.010706461653737965,
          "mrr@5": 0.008233532934131737,
          "mrr@10": 0.008233532934131737,
          "mrr@20": 0.008672049849065479
        },
        "21_100": {
          "count": 1259,
          "hit@5": 0.011914217633042097,
          "hit@10": 0.022239872915011914,
          "hit@20": 0.04050833995234313,
          "ndcg@5": 0.009042948555435047,
          "ndcg@10": 0.012312340442863506,
          "ndcg@20": 0.016863652952518418,
          "mrr@5": 0.008075191967065036,
          "mrr@10": 0.009384495165491976,
          "mrr@20": 0.01060048155516173
        },
        "101+": {
          "count": 930,
          "hit@5": 0.03870967741935484,
          "hit@10": 0.05268817204301075,
          "hit@20": 0.08387096774193549,
          "ndcg@5": 0.031829355480850384,
          "ndcg@10": 0.03620501157417092,
          "ndcg@20": 0.043880456798179174,
          "mrr@5": 0.029623655958842206,
          "mrr@10": 0.03134664626371476,
          "mrr@20": 0.03334623644508982
        }
      },
      "target_popularity_abs_legacy": {
        "<=5": {
          "count": 976,
          "hit@5": 0.0020491803278688526,
          "hit@10": 0.0020491803278688526,
          "hit@20": 0.0020491803278688526,
          "ndcg@5": 0.0020491803278688526,
          "ndcg@10": 0.0020491803278688526,
          "ndcg@20": 0.0020491803278688526,
          "mrr@5": 0.0020491803278688526,
          "mrr@10": 0.0020491803278688526,
          "mrr@20": 0.0020491803278688526
        },
        "6-20": {
          "count": 334,
          "hit@5": 0.011976047904191617,
          "hit@10": 0.011976047904191617,
          "hit@20": 0.017964071856287425,
          "ndcg@5": 0.009166486070541565,
          "ndcg@10": 0.009166486070541565,
          "ndcg@20": 0.010706461653737965,
          "mrr@5": 0.008233532934131737,
          "mrr@10": 0.008233532934131737,
          "mrr@20": 0.008672049849065479
        },
        "21-100": {
          "count": 1259,
          "hit@5": 0.011914217633042097,
          "hit@10": 0.022239872915011914,
          "hit@20": 0.04050833995234313,
          "ndcg@5": 0.009042948555435047,
          "ndcg@10": 0.012312340442863506,
          "ndcg@20": 0.016863652952518418,
          "mrr@5": 0.008075191967065036,
          "mrr@10": 0.009384495165491976,
          "mrr@20": 0.01060048155516173
        },
        ">100": {
          "count": 930,
          "hit@5": 0.03870967741935484,
          "hit@10": 0.05268817204301075,
          "hit@20": 0.08387096774193549,
          "ndcg@5": 0.031829355480850384,
          "ndcg@10": 0.03620501157417092,
          "ndcg@20": 0.043880456798179174,
          "mrr@5": 0.029623655958842206,
          "mrr@10": 0.03134664626371476,
          "mrr@20": 0.03334623644508982
        }
      },
      "session_len": {
        "<=7": {
          "count": 2358,
          "hit@5": 0.011450381679389313,
          "hit@10": 0.016963528413910092,
          "hit@20": 0.030534351145038167,
          "ndcg@5": 0.008943789004268435,
          "ndcg@10": 0.010706723406215762,
          "ndcg@20": 0.014141130222416814,
          "mrr@5": 0.008121289243326033,
          "mrr@10": 0.008836853964865663,
          "mrr@20": 0.009781768036796139
        },
        "8-12": {
          "count": 507,
          "hit@5": 0.01775147928994083,
          "hit@10": 0.029585798816568046,
          "hit@20": 0.05128205128205128,
          "ndcg@5": 0.011114514438358284,
          "ndcg@10": 0.01491117594980394,
          "ndcg@20": 0.020063500844045033,
          "mrr@5": 0.009007232135099302,
          "mrr@10": 0.010560095266124905,
          "mrr@20": 0.011804473095920665
        },
        "13+": {
          "count": 634,
          "hit@5": 0.033123028391167195,
          "hit@10": 0.04416403785488959,
          "hit@20": 0.061514195583596214,
          "ndcg@5": 0.030478652813457165,
          "ndcg@10": 0.03379666203580068,
          "ndcg@20": 0.03801126512537243,
          "mrr@5": 0.029574132492113565,
          "mrr@10": 0.030798407712193318,
          "mrr@20": 0.03186781377140844
        }
      },
      "session_len_legacy": {
        "1-2": {
          "count": 615,
          "hit@5": 0.0065040650406504065,
          "hit@10": 0.013008130081300813,
          "hit@20": 0.02113821138211382,
          "ndcg@5": 0.004906963575177076,
          "ndcg@10": 0.0068883536792382965,
          "ndcg@20": 0.00900761448755497,
          "mrr@5": 0.004390243907284931,
          "mrr@10": 0.005135501363897711,
          "mrr@20": 0.00575262430479856
        },
        "3-5": {
          "count": 1305,
          "hit@5": 0.012260536398467433,
          "hit@10": 0.017624521072796936,
          "hit@20": 0.03371647509578544,
          "ndcg@5": 0.010492364839575757,
          "ndcg@10": 0.012240416336790355,
          "ndcg@20": 0.016274850327393103,
          "mrr@5": 0.00989782887857079,
          "mrr@10": 0.01062671048316919,
          "mrr@20": 0.011715650227334765
        },
        "6-10": {
          "count": 799,
          "hit@5": 0.016270337922403004,
          "hit@10": 0.023779724655819776,
          "hit@20": 0.04130162703379224,
          "ndcg@5": 0.010258654778233458,
          "ndcg@10": 0.012696428539159152,
          "ndcg@20": 0.016941710933576687,
          "mrr@5": 0.008322903674296354,
          "mrr@10": 0.009338061533896288,
          "mrr@20": 0.010410678648717413
        },
        "11+": {
          "count": 780,
          "hit@5": 0.03076923076923077,
          "hit@10": 0.04230769230769231,
          "hit@20": 0.06025641025641026,
          "ndcg@5": 0.02710384012032778,
          "ndcg@10": 0.030614072428299832,
          "ndcg@20": 0.035001708280581696,
          "mrr@5": 0.025897435901256708,
          "mrr@10": 0.027218152248324492,
          "mrr@20": 0.02834557831669465
        }
      }
    },
    "test": {
      "target_popularity_abs": {
        "cold_0": {
          "count": 1813,
          "hit@5": 0.0,
          "hit@10": 0.0,
          "hit@20": 0.0,
          "ndcg@5": 0.0,
          "ndcg@10": 0.0,
          "ndcg@20": 0.0,
          "mrr@5": 0.0,
          "mrr@10": 0.0,
          "mrr@20": 0.0
        },
        "rare_1_5": {
          "count": 93,