stage_name,stage_key,split,aggregation_level,node_kind,node_name,route_space,support_size,wrapper_name,source_type,temperature,top_k,entropy_norm,n_eff_norm,top1_monopoly_norm,jitter_adj_norm,knn_consistency_score,knn_consistency_js,n_eff,cv_usage,top1_max_frac,entropy_mean
macro,macro@1,best_valid,session,final,final.expert,expert,16,FlatJointWrapper,,,,0.7878966033546696,0.9863654386044952,0.03331276243027069,0.6819384425434342,0.9216260315823446,0.08161574336483043,15.781847017671923,0.11757167428731918,0.09373071477837877,2.184513236752187
macro,macro@1,best_valid,session,final,final.group,group,4,FlatJointWrapper,,,,0.8753633780306656,0.9938821673875778,0.06724265195242074,0.0,0.9766115667662123,0.02366628351092069,3.9755286695503114,0.07845718881232672,0.30043198896431556,1.2135113148947707
macro,macro@1,best_valid,session,final,final.intra.Exposure,intra,4,FlatJointWrapper,,,,0.7788014082912947,0.99910232612705,0.032296317808351814,0.0,0.9584608793316747,0.04242653179815061,3.9964093045082,0.029973171651363373,0.27422223835626386,1.0796480007464515
macro,macro@1,best_valid,session,final,final.intra.Focus,intra,4,FlatJointWrapper,,,,0.7455553096587665,0.9975340528899694,0.027504507447876952,0.0,0.9459455165464319,0.055570305091542954,3.9901362115598777,0.049718525260686874,0.2706283805859077,1.0335591216829418
macro,macro@1,best_valid,session,final,final.intra.Memory,intra,4,FlatJointWrapper,,,,0.707354661849143,0.9903359519610903,0.08761994651565204,0.0,0.9426704605940258,0.05903851596646594,3.961343807844361,0.09878499649673679,0.31571495988673903,0.9806017790333339
macro,macro@1,best_valid,session,final,final.intra.Tempo,intra,4,FlatJointWrapper,,,,0.7454506932621684,0.9946156162778841,0.03423240280248304,0.0,0.9499358930646594,0.051360777649063674,3.9784624651115363,0.07357694953680038,0.2756743021018623,1.0334140925622572
