best_mrr20,epoch,epoch_time_sec,eval,lr,patience_used,train_loss,trial,valid_mrr20
0.0147,1,18.52998375892639,1,0.0005476,0,657.6019568443298,1,0.0147
0.0161,3,17.567609548568726,1,0.0005476,0,565.1322374343872,1,0.0161
0.0181,10,17.540910005569458,1,0.0005476,3,485.4604563713074,1,0.0174
0.0183,13,17.512518644332886,1,0.0005476,0,461.07533025741577,1,0.0183
0.0183,23,19.40957260131836,1,0.0005476,10,391.5610752105713,1,0.0163
