best_mrr20,epoch,epoch_time_sec,eval,lr,patience_used,train_loss,trial,valid_mrr20
0.3069,1,51.11149501800537,1,0.00056966,0,2152.6443548202515,1,0.3069
0.3589,3,49.28437423706055,1,0.00056966,0,1141.5740761756897,1,0.3589
0.3709,6,47.80768966674805,1,0.00056966,0,803.8757486343384,1,0.3709
0.3709,10,49.89513564109802,1,0.00056966,4,640.5995187759399,1,0.3595
0.3709,16,48.96406579017639,1,0.00056966,10,435.64270663261414,1,0.3325
