{
  "model": "BSARec",
  "dataset": "amazon_beauty",
  "dataset_raw": "amazon_beauty",
  "max_evals": 5,
  "tune_epochs": 30,
  "n_completed": 5,
  "n_recorded_trials": 5,
  "timestamp": "2026-04-12T15:09:23.489909",
  "trials": [
    {
      "trial": 1,
      "params": {
        "learning_rate": 0.0003396840278057756
      },
      "mrr@20": 0.0008,
      "valid_result": {
        "hit@5": 0.0,
        "hit@10": 0.0,
        "hit@20": 0.0088,
        "ndcg@5": 0.0,
        "ndcg@10": 0.0,
        "ndcg@20": 0.0025,
        "mrr@5": 0.0,
        "mrr@10": 0.0,
        "mrr@20": 0.0008
      },
      "test_result": {
        "hit@5": 0.0,
        "hit@10": 0.0,
        "hit@20": 0.0175,
        "ndcg@5": 0.0,
        "ndcg@10": 0.0,
        "ndcg@20": 0.0041,
        "mrr@5": 0.0,
        "mrr@10": 0.0,
        "mrr@20": 0.001
      },
      "best_hr@10": 0.0,
      "test_mrr@20": 0.001,
      "test_hr@10": 0.0,
      "epochs_run": 4,
      "early_stop_epoch": 4,
      "early_stopped": true,
      "elapsed": 1.4,
      "status": "ok"
    },
    {
      "trial": 2,
      "params": {
        "learning_rate": 0.0010072049877527399
      },
      "mrr@20": 0.0088,
      "valid_result": {
        "hit@5": 0.0088,
        "hit@10": 0.0088,
        "hit@20": 0.0088,
        "ndcg@5": 0.0088,
        "ndcg@10": 0.0088,
        "ndcg@20": 0.0088,
        "mrr@5": 0.0088,
        "mrr@10": 0.0088,
        "mrr@20": 0.0088
      },
      "test_result": {
        "hit@5": 0.0,
        "hit@10": 0.0,
        "hit@20": 0.0,
        "ndcg@5": 0.0,
        "ndcg@10": 0.0,
        "ndcg@20": 0.0,
        "mrr@5": 0.0,
        "mrr@10": 0.0,
        "mrr@20": 0.0
      },
      "best_hr@10": 0.0088,
      "test_mrr@20": 0.0,
      "test_hr@10": 0.0,
      "epochs_run": 7,
      "early_stop_epoch": 7,
      "early_stopped": true,
      "elapsed": 1.1,
      "status": "ok"
    },
    {
      "trial": 3,
      "params": {
        "learning_rate": 0.0010010191216820114
      },
      "mrr@20": 0.0088,
      "valid_result": {
        "hit@5": 0.0088,
        "hit@10": 0.0088,
        "hit@20": 0.0088,
        "ndcg@5": 0.0088,
        "ndcg@10": 0.0088,
        "ndcg@20": 0.0088,
        "mrr@5": 0.0088,
        "mrr@10": 0.0088,
        "mrr@20": 0.0088
      },
      "test_result": {
        "hit@5": 0.0,
        "hit@10": 0.0,
        "hit@20": 0.0,
        "ndcg@5": 0.0,
        "ndcg@10": 0.0,
        "ndcg@20": 0.0,
        "mrr@5": 0.0,
        "mrr@10": 0.0,
        "mrr@20": 0.0
      },
      "best_hr@10": 0.0088,
      "test_mrr@20": 0.0,
      "test_hr@10": 0.0,
      "epochs_run": 7,
      "early_stop_epoch": 7,
      "early_stopped": true,
      "elapsed": 0.9,
      "status": "ok"
    },
    {
      "trial": 4,
      "params": {
        "learning_rate": 0.0007583553041773015
      },
      "mrr@20": 0.0093,
      "valid_result": {
        "hit@5": 0.0088,
        "hit@10": 0.0088,
        "hit@20": 0.0177,
        "ndcg@5": 0.0088,
        "ndcg@10": 0.0088,
        "ndcg@20": 0.0109,
        "mrr@5": 0.0088,
        "mrr@10": 0.0088,
        "mrr@20": 0.0093
      },
      "test_result": {
        "hit@5": 0.0,
        "hit@10": 0.0,
        "hit@20": 0.0088,
        "ndcg@5": 0.0,
        "ndcg@10": 0.0,
        "ndcg@20": 0.0023,
        "mrr@5": 0.0,
        "mrr@10": 0.0,
        "mrr@20": 0.0007
      },
      "best_hr@10": 0.0088,
      "test_mrr@20": 0.0007,
      "test_hr@10": 0.0,
      "epochs_run": 8,
      "early_stop_epoch": 8,
      "early_stopped": true,
      "elapsed": 1.3,
      "status": "ok"
    },
    {
      "trial": 5,
      "params": {
        "learning_rate": 0.0009155118714931257
      },
      "mrr@20": 0.0088,
      "valid_result": {
        "hit@5": 0.0088,
        "hit@10": 0.0088,
        "hit@20": 0.0088,
        "ndcg@5": 0.0088,
        "ndcg@10": 0.0088,
        "ndcg@20": 0.0088,
        "mrr@5": 0.0088,
        "mrr@10": 0.0088,
        "mrr@20": 0.0088
      },
      "test_result": {
        "hit@5": 0.0,
        "hit@10": 0.0088,
        "hit@20": 0.0088,
        "ndcg@5": 0.0,
        "ndcg@10": 0.0025,
        "ndcg@20": 0.0025,
        "mrr@5": 0.0,
        "mrr@10": 0.0009,
        "mrr@20": 0.0009
      },
      "best_hr@10": 0.0088,
      "test_mrr@20": 0.0009,
      "test_hr@10": 0.0088,
      "epochs_run": 7,
      "early_stop_epoch": 7,
      "early_stopped": true,
      "elapsed": 1.1,
      "status": "ok"
    }
  ],
  "run_group": "baseline",
  "run_axis": "stagei_progressiverecovery_anchor2_core5",
  "run_phase": "P24_I1_D01_MBSAREC_C12_I1_BSAREC_H12_S1",
  "parent_result": "",
  "interrupted": false,
  "interrupted_at": null,
  "tuned_search": {
    "learning_rate": [
      0.0002398761984123024,
      0.0017415012004733154
    ]
  },
  "fixed_search": {
    "num_layers": 2,
    "num_heads": 4,
    "weight_decay": 0.0001,
    "hidden_dropout_prob": 0.12,
    "MAX_ITEM_LIST_LENGTH": 12,
    "n_layers": 2,
    "n_heads": 4,
    "dropout_ratio": 0.12,
    "dropout_prob": 0.12,
    "attn_dropout_prob": 0.12,
    "hidden_size": 192,
    "embedding_size": 192,
    "inner_size": 384,
    "time_span": 512,
    "num_experts": 8,
    "state_size": 32,
    "conv_kernel": 8,
    "remaining_ratio": 0.75
  },
  "context_fixed": {
    "num_layers": 2,
    "search_space_type_overrides": {
      "learning_rate": "loguniform",
      "weight_decay": "choice",
      "n_layers": "choice",
      "num_layers": "choice",
      "n_heads": "choice",
      "num_heads": "choice",
      "dropout_ratio": "choice",
      "dropout_prob": "choice",
      "hidden_dropout_prob": "choice",
      "attn_dropout_prob": "choice",
      "hidden_size": "choice",
      "embedding_size": "choice",
      "inner_size": "choice",
      "time_span": "choice",
      "num_experts": "choice",
      "state_size": "choice",
      "conv_kernel": "choice",
      "remaining_ratio": "choice",
      "MAX_ITEM_LIST_LENGTH": "choice"
    }
  },
  "best_params": {
    "learning_rate": 0.0007583553041773015
  },
  "best_mrr@20": 0.0093,
  "best_hr@10": 0.0088,
  "test_mrr@20": 0.0007,
  "test_hr@10": 0.0,
  "best_valid_result": {
    "hit@5": 0.0088,
    "hit@10": 0.0088,
    "hit@20": 0.0177,
    "ndcg@5": 0.0088,
    "ndcg@10": 0.0088,
    "ndcg@20": 0.0109,
    "mrr@5": 0.0088,
    "mrr@10": 0.0088,
    "mrr@20": 0.0093
  },
  "test_result": {
    "hit@5": 0.0,
    "hit@10": 0.0,
    "hit@20": 0.0088,
    "ndcg@5": 0.0,
    "ndcg@10": 0.0,
    "ndcg@20": 0.0023,
    "mrr@5": 0.0,
    "mrr@10": 0.0,
    "mrr@20": 0.0007
  },
  "best_valid_special_metrics": {
    "split": "best_valid",
    "overall": {
      "count": 113,
      "hit@20": 0.017699115044247787,
      "ndcg@20": 0.010897152323638443,
      "mrr@20": 0.009315323710969063
    },
    "slices": {
      "target_popularity_abs": {
        "rare_1_5": {
          "count": 113,
          "hit@20": 0.017699115044247787,
          "ndcg@20": 0.010897152323638443,
          "mrr@20": 0.009315323710969063
        }
      },
      "target_popularity_abs_legacy": {
        "<=5": {
          "count": 113,
          "hit@20": 0.017699115044247787,
          "ndcg@20": 0.010897152323638443,
          "mrr@20": 0.009315323710969063
        }
      },
      "session_len": {
        "<=7": {
          "count": 73,
          "hit@20": 0.0136986301369863,
          "ndcg@20": 0.003169564555769097,
          "mrr@20": 0.0007209805388973183
        },
        "8-12": {
          "count": 40,
          "hit@20": 0.025,
          "ndcg@20": 0.025,
          "mrr@20": 0.025
        }
      },
      "session_len_legacy": {
        "3-5": {
          "count": 38,
          "hit@20": 0.02631578947368421,
          "ndcg@20": 0.006088900330819581,
          "mrr@20": 0.001385041561565901
        },
        "6-10": {
          "count": 47,
          "hit@20": 0.0,
          "ndcg@20": 0.0,
          "mrr@20": 0.0
        },
        "11+": {
          "count": 28,
          "hit@20": 0.03571428571428571,