{
  "split": "best_valid",
  "feature_mode": "runtime:unknown|ablation:none",
  "stages": [
    {
      "stage": "macro@1",
      "n_eff": 3.7012506810008405,
      "cv_usage": 1.497380018546579,
      "top1_max_frac": 0.7324913603518693,
      "entropy_mean": 1.2574070624214577,
      "route_jitter_adjacent": 0.0,
      "route_consistency_knn_js": 0.00828190098169382,
      "route_consistency_knn_score": 0.99175229948017,
      "route_consistency_group_knn_js": 0.0013848225095256159,
      "route_consistency_group_knn_score": 0.998616135914699,
      "route_consistency_intra_group_knn_mean_js": 0.011247902556292828,
      "route_consistency_intra_group_knn_mean_score": 0.9889085375153277,
      "route_consistency_feature_group_knn_mean_score": 0.9879109217877291,
      "family_top_expert_mean_share": 0.3577769994735718,
      "route_consistency_feature_group_knn_tempo_js": 0.015690701020214626,
      "route_consistency_feature_group_knn_tempo_score": 0.9844317567099035,
      "route_consistency_feature_group_knn_focus_js": 0.013212492414719092,
      "route_consistency_feature_group_knn_focus_score": 0.9868744094122458,
      "route_consistency_feature_group_knn_memory_js": 0.007971177550047923,
      "route_consistency_feature_group_knn_memory_score": 0.992060508039338,
      "route_consistency_feature_group_knn_exposure_js": 0.011792243013035553,
      "route_consistency_feature_group_knn_exposure_score": 0.988277012989429
    }
  ]
}
