stage_name,stage_key,split,aggregation_level,node_kind,node_name,route_space,support_size,wrapper_name,source_type,temperature,top_k,entropy_norm,n_eff_norm,top1_monopoly_norm,jitter_adj_norm,knn_consistency_score,knn_consistency_js,n_eff,cv_usage,top1_max_frac,entropy_mean
macro,macro@1,best_valid,session,final,final.expert,expert,16,FlatJointWrapper,,,,0.6781821416671312,0.9508939886726219,0.05448706071274165,0.7063989962358845,0.7950830646749727,0.22930868591797415,15.21430381876195,0.2272486537694931,0.11358161941819529,1.8803201576107096
macro,macro@1,best_valid,session,final,final.group,group,4,FlatJointWrapper,,,,0.84644331561842,0.9883602738601072,0.042925081835587665,0.0,0.9437555741124031,0.05788807209207682,3.9534410954404287,0.10852135521428051,0.28219381137669075,1.1734195954494395
macro,macro@1,best_valid,session,final,final.intra.Exposure,intra,4,FlatJointWrapper,,,,0.3263318246622048,0.9248095474703916,0.12860472860472863,0.0,0.7802375985016722,0.24815679222007905,3.6992381898815663,0.2851380705833435,0.3464535464535465,0.4523919683831793
macro,macro@1,best_valid,session,final,final.intra.Focus,intra,4,FlatJointWrapper,,,,0.4264513895718947,0.9405666200416541,0.15824527697726545,0.0,0.8162314232219714,0.20305735733719105,3.7622664801666166,0.25137408085906987,0.3686839577329491,0.5911871566552593
macro,macro@1,best_valid,session,final,final.intra.Memory,intra,4,FlatJointWrapper,,,,0.46674870232027205,0.9124554410730081,0.20819283127263644,0.0,0.826099274520247,0.19104032561252934,3.6498217642920325,0.3097481429576874,0.4061446234544773,0.6470510940866195
macro,macro@1,best_valid,session,final,final.intra.Tempo,intra,4,FlatJointWrapper,,,,0.4371725390518398,0.9681431510798607,0.09685655018350088,0.0,0.8023846613722977,0.22016715845394055,3.872572604319443,0.1813973594544744,0.32264241263762566,0.6060498257240307
