{
  "split": "best_valid",
  "feature_mode": "none",
  "stages": [
    {
      "stage": "macro@1",
      "n_eff": 11.72199246153607,
      "cv_usage": 0.15400214666140954,
      "top1_max_frac": 0.4402342404409232,
      "entropy_mean": 2.4088545591306407,
      "route_jitter_adjacent": 0.0,
      "route_consistency_knn_js": 0.007157057894095964,
      "route_consistency_knn_score": 0.9928684928523585,
      "route_consistency_group_knn_js": 0.003617744424730926,
      "route_consistency_group_knn_score": 0.996388791728211,
      "route_consistency_intra_group_knn_mean_js": 0.003703356118401056,
      "route_consistency_intra_group_knn_mean_score": 0.9963039366076641,
      "route_consistency_feature_group_knn_mean_score": 0.9823074563531238,
      "family_top_expert_mean_share": 0.12279167771339417,
      "route_consistency_feature_group_knn_tempo_js": 0.017888465002734697,
      "route_consistency_feature_group_knn_tempo_score": 0.9822705837956549,
      "route_consistency_feature_group_knn_focus_js": 0.018512132713657096,
      "route_consistency_feature_group_knn_focus_score": 0.9816581643421227,
      "route_consistency_feature_group_knn_memory_js": 0.019681796221665934,
      "route_consistency_feature_group_knn_memory_score": 0.9805106258577275,
      "route_consistency_feature_group_knn_exposure_js": 0.015326400120526313,
      "route_consistency_feature_group_knn_exposure_score": 0.9847904514169898
    }
  ]
}
