best_mrr20,epoch,epoch_time_sec,eval,lr,patience_used,train_loss,trial,valid_mrr20
0.0117,1,25.094749689102173,1,0.00034992070542535163,0,672.2979769706726,1,0.0117
0.0156,3,23.251164197921753,1,0.00034928682780526084,0,579.8717279434204,1,0.0156
0.0173,10,23.185669422149658,1,0.00034213620104419886,0,442.11104917526245,1,0.0173
0.0173,20,22.760849714279175,1,0.00031933006556114174,10,264.6873617172241,1,0.0151
