stage_name,stage_key,split,aggregation_level,node_kind,node_name,route_space,support_size,wrapper_name,source_type,temperature,top_k,entropy_norm,n_eff_norm,top1_monopoly_norm,jitter_adj_norm,knn_consistency_score,knn_consistency_js,n_eff,cv_usage,top1_max_frac,entropy_mean
macro,macro@1,best_valid,session,final,final.expert,expert,12,GroupConditionalProductWrapper,,,,0.7285648727525607,0.8413913686804433,0.337213807600326,0.0,0.9642853919935428,0.03636797839984929,10.09669642416532,0.4341745694227645,0.3924459903002988,1.8104156971047862
macro,macro@1,best_valid,session,final,final.group,group,4,GroupConditionalProductWrapper,,,,0.8631971406737696,0.9667177264373294,0.4110289194794167,0.0,0.99475440891626,0.005259397499688642,3.866870905749318,0.1855478137731552,0.5582716896095625,1.1966453286508598
macro,macro@1,best_valid,session,final,final.intra.Exposure,intra,3,GroupConditionalProductWrapper,,,,0.6753040692259561,0.7126911748647929,0.9613114191936509,0.0,0.9907187151037259,0.009324624393526363,2.138073524594379,0.6349268664441446,0.9742076127957674,0.7418973490392152
macro,macro@1,best_valid,session,final,final.intra.Focus,intra,3,GroupConditionalProductWrapper,,,,0.6052912109247234,0.9178111942748838,0.46941899769754575,0.0,0.9425102623798614,0.05920847125255381,2.7534335828246514,0.29924689831593937,0.6462793317983638,0.6649803625447019
macro,macro@1,best_valid,session,final,final.intra.Memory,intra,3,GroupConditionalProductWrapper,,,,0.24723752583984587,0.9214887115653335,0.08866898545044823,0.0,0.9884823587468679,0.01158448301845712,2.7644661346960007,0.2918911191257501,0.3924459903002988,0.271618184107554
macro,macro@1,best_valid,session,final,final.intra.Tempo,intra,3,GroupConditionalProductWrapper,,,,0.5606168404241938,0.9656618864514926,0.17864841032675258,0.0,0.9825218735210318,0.01763267236080837,2.896985659354478,0.18857133571590973,0.4524322735511684,0.615900550124308
