stage_name,stage_key,split,aggregation_level,node_kind,node_name,route_space,support_size,wrapper_name,source_type,temperature,top_k,entropy_norm,n_eff_norm,top1_monopoly_norm,jitter_adj_norm,knn_consistency_score,knn_consistency_js,n_eff,cv_usage,top1_max_frac,entropy_mean
macro,macro@1,best_valid,session,final,final.expert,expert,12,ScalarGroupConditionalProductWrapper,,,,0.9834888761836585,0.9964344829599395,0.7121343500985349,0.0,0.9986704285498966,0.0013304561144603987,11.957213795519275,0.05981904835048174,0.7361231542569903,2.4438780484213005
macro,macro@1,best_valid,session,final,final.group,group,4,ScalarGroupConditionalProductWrapper,,,,0.9788027612904365,0.9985680847773806,0.677051000104723,0.0,0.9990747550692896,0.000925673234012058,3.9942723391095223,0.03786669299006462,0.7577882500785422,1.3569087486255105
macro,macro@1,best_valid,session,final,final.intra.Exposure,intra,3,ScalarGroupConditionalProductWrapper,,,,0.9966646035093133,0.99896793894257,0.6380584354382658,0.0,0.9997416595872868,0.000258373788346,2.99690381682771,0.032143007937282086,0.7587056236255105,1.094947981095861
macro,macro@1,best_valid,session,final,final.intra.Focus,intra,3,ScalarGroupConditionalProductWrapper,,,,0.9682851687487181,0.9930054888933911,0.6327803958529689,0.0,0.9993283005974968,0.0006719250936168843,2.9790164666801733,0.08392742398597526,0.7551869305686459,1.063769985322416
macro,macro@1,best_valid,session,final,final.intra.Memory,intra,3,ScalarGroupConditionalProductWrapper,,,,0.990320259066607,0.9949828943369585,0.6899905749293119,0.0,0.9995921059483774,0.0004079772630296344,2.9849486830108756,0.07101006221741253,0.7933270499528746,1.0879780063275606
macro,macro@1,best_valid,session,final,final.intra.Tempo,intra,3,ScalarGroupConditionalProductWrapper,,,,0.99350991337529,0.997699825144608,0.6085768143261074,0.0,0.9998583449109939,0.0001416651230357902,2.993099475433824,0.04801614998232871,0.7390512095507383,1.091482199747683
