stage_name,stage_key,split,aggregation_level,node_kind,node_name,route_space,support_size,wrapper_name,source_type,temperature,top_k,entropy_norm,n_eff_norm,top1_monopoly_norm,jitter_adj_norm,knn_consistency_score,knn_consistency_js,n_eff,cv_usage,top1_max_frac,entropy_mean
macro,macro@1,best_valid,session,final,final.expert,expert,12,ScalarGroupConditionalProductWrapper,,,,0.8131456835822682,0.7266437363429864,0.7209904892468512,0.0,0.9921017980112272,0.007929557999299137,8.719724836115837,0.6133436777200507,0.7442412818096136,2.0205911163799875
macro,macro@1,best_valid,session,final,final.group,group,4,ScalarGroupConditionalProductWrapper,,,,0.9823955295832018,0.9712934576872455,0.8437365169127657,0.0,0.9996275585835225,0.0003725107900074803,3.885173830748982,0.17191575467586517,0.8828023876845743,1.3618893830505812
macro,macro@1,best_valid,session,final,final.intra.Exposure,intra,3,ScalarGroupConditionalProductWrapper,,,,0.629195397817699,0.6757006074682502,0.8034118755890668,0.0,0.9981982360875564,0.0018033890414008219,2.0271018224047506,0.6927806654237908,0.8689412503927113,0.691241796015944
macro,macro@1,best_valid,session,final,final.intra.Focus,intra,3,ScalarGroupConditionalProductWrapper,,,,0.6117064405300162,0.6657707825588951,0.7278605089538172,0.0,0.9995112153032897,0.0004889041908897233,1.9973123476766854,0.7085324463685618,0.8185736726358781,0.672028212623704
macro,macro@1,best_valid,session,final,final.intra.Memory,intra,3,ScalarGroupConditionalProductWrapper,,,,0.6301328929030996,0.6885503597492851,0.9891988689915173,0.0,0.9893770164052738,0.01067981028927972,2.0656510792478553,0.672552222831481,0.992799245994345,0.6922717396373311
macro,macro@1,best_valid,session,final,final.intra.Tempo,intra,3,ScalarGroupConditionalProductWrapper,,,,0.569330639995727,0.8478702909079451,0.7657115928369462,0.0,0.9845487451329409,0.015571869550765755,2.543610872723835,0.42358672846595263,0.8438077285579642,0.6254736374145853
