stage_name,stage_key,split,aggregation_level,node_kind,node_name,route_space,support_size,wrapper_name,source_type,temperature,top_k,entropy_norm,n_eff_norm,top1_monopoly_norm,jitter_adj_norm,knn_consistency_score,knn_consistency_js,n_eff,cv_usage,top1_max_frac,entropy_mean
macro,macro@1,best_valid,token,primitive,primitive.a_joint,expert,16,FlatJointWrapper,both,1.0,,0.9149871285228847,0.986056099093101,0.06853674826494759,0.0,0.9510315068713564,0.05020808673174926,15.776897585489616,0.1189172860334686,0.12675320149838837,2.536882993537111
macro,macro@1,best_valid,token,wrapper,wrapper.group,group,4,FlatJointWrapper,,,,0.9474754548653862,0.9932802146125463,0.1821587246275808,0.0,0.9860766417851039,0.014021197395145613,3.9731208584501854,0.08225152641534805,0.3866190434706856,1.3134798803793883
macro,macro@1,best_valid,token,wrapper,wrapper.intra.Exposure,intra,4,FlatJointWrapper,,,,0.9164680561920391,0.9947972601180198,0.06344919708453116,0.0,0.971331120656154,0.029087858876942336,3.9791890404720793,0.07231831236590817,0.29758689781339837,1.2704944984455309
macro,macro@1,best_valid,token,wrapper,wrapper.intra.Focus,intra,4,FlatJointWrapper,,,,0.8999846353235351,0.9932077705652692,0.13616168655806252,0.0,0.9669444503442665,0.03361423053125162,3.972831082261077,0.08269552886486053,0.3521212649185469,1.2476436250435579
macro,macro@1,best_valid,token,wrapper,wrapper.intra.Memory,intra,4,FlatJointWrapper,,,,0.8808259160432559,0.9782673165429829,0.13174782936957344,0.0,0.9631195622194446,0.037577718899612825,3.9130692661719317,0.1490487903356552,0.3488108720271801,1.2210840005390278
macro,macro@1,best_valid,token,wrapper,wrapper.intra.Tempo,intra,4,FlatJointWrapper,,,,0.8701417826436287,0.9911925197565398,0.13953015651769896,0.0,0.9597714365590798,0.04106010978506995,3.964770079026159,0.09426335990428925,0.3546476173882742,1.206272646653672
