stage_name,stage_key,split,aggregation_level,node_kind,node_name,route_space,support_size,wrapper_name,source_type,temperature,top_k,entropy_norm,n_eff_norm,top1_monopoly_norm,jitter_adj_norm,knn_consistency_score,knn_consistency_js,n_eff,cv_usage,top1_max_frac,entropy_mean
macro,macro@1,best_valid,session,final,final.expert,expert,12,ScalarGroupConditionalProductWrapper,,,,0.9930661796498298,0.9843078923791073,0.7779565567176187,0.0,0.99937106674816,0.0006291311133231083,11.811694708549288,0.1262625829137911,0.7964601769911505,2.467676753491427
macro,macro@1,best_valid,session,final,final.group,group,4,ScalarGroupConditionalProductWrapper,,,,0.9907310145212582,0.9852629996429444,0.7466814159292036,0.0,0.9996036619020017,0.0003964166607012589,3.9410519985717776,0.12230056524276733,0.8100110619469026,1.3734448188174087
macro,macro@1,best_valid,session,final,final.intra.Exposure,intra,3,ScalarGroupConditionalProductWrapper,,,,0.9982628720016594,0.9988665924477322,0.97179203539823,0.0,0.9998915254778269,0.00010848040595959628,2.9965997773431967,0.03368640426167275,0.9811946902654868,1.0967038585021434
macro,macro@1,best_valid,session,final,final.intra.Focus,intra,3,ScalarGroupConditionalProductWrapper,,,,0.9901661130744823,0.9990002385374877,0.7054756637168141,0.0,0.9993885900014472,0.0006115969858671489,2.997000715612463,0.031634248781673646,0.8036504424778761,1.0878086596463634
macro,macro@1,best_valid,session,final,final.intra.Memory,intra,3,ScalarGroupConditionalProductWrapper,,,,0.9992140942947859,0.9992138967381092,0.7423949115044248,0.0,0.9999828818256267,1.7118320890971158e-05,2.9976416902143277,0.028049353319367965,0.8282632743362832,1.0977488830026272
macro,macro@1,best_valid,session,final,final.intra.Tempo,intra,3,ScalarGroupConditionalProductWrapper,,,,0.9965014084168554,0.9994491692338395,0.7772400442477876,0.0,0.9998184478535326,0.00018156862905341093,2.9983475077015185,0.0234765869087998,0.8514933628318584,1.0947686929618363
