{
  "split": "best_valid",
  "feature_mode": "none",
  "stages": [
    {
      "stage": "macro@1",
      "n_eff": 11.258593861538257,
      "cv_usage": 0.6489503979682922,
      "top1_max_frac": 0.8697424128516599,
      "entropy_mean": 2.5317467628496817,
      "route_jitter_adjacent": 0.0,
      "route_consistency_knn_js": 0.006948697291022881,
      "route_consistency_knn_score": 0.9930753890840647,
      "route_consistency_group_knn_js": 0.006243729189349161,
      "route_consistency_group_knn_score": 0.9937757223832401,
      "route_consistency_intra_group_knn_mean_js": 0.0007519223632796146,
      "route_consistency_intra_group_knn_mean_score": 0.9992485483017947,
      "route_consistency_feature_group_knn_mean_score": 0.9844111364988982,
      "family_top_expert_mean_share": 0.15135875344276428,
      "route_consistency_feature_group_knn_tempo_js": 0.015511335322229342,
      "route_consistency_feature_group_knn_tempo_score": 0.9846083458356071,
      "route_consistency_feature_group_knn_focus_js": 0.016316612572900294,
      "route_consistency_feature_group_knn_focus_score": 0.9838157822934096,
      "route_consistency_feature_group_knn_memory_js": 0.02039211128193435,
      "route_consistency_feature_group_knn_memory_score": 0.9798144016919559,
      "route_consistency_feature_group_knn_exposure_js": 0.010650499577725332,
      "route_consistency_feature_group_knn_exposure_score": 0.98940601617462
    }
  ]
}
