{
  "split": "best_valid",
  "feature_mode": "runtime:unknown|ablation:none",
  "stages": [
    {
      "stage": "macro@1",
      "n_eff": 11.223211821180488,
      "cv_usage": 0.26308287641159067,
      "top1_max_frac": 0.5516953863257366,
      "entropy_mean": 2.3897655996676392,
      "route_jitter_adjacent": 0.0,
      "route_consistency_knn_js": 0.006348525644896011,
      "route_consistency_knn_score": 0.9936715836667053,
      "route_consistency_group_knn_js": 0.0037883350579852528,
      "route_consistency_group_knn_score": 0.9962188316304752,
      "route_consistency_intra_group_knn_mean_js": 0.0027343799349551236,
      "route_consistency_intra_group_knn_mean_score": 0.9972712829547936,
      "route_consistency_feature_group_knn_mean_score": 0.9818297354702507,
      "family_top_expert_mean_share": 0.13739262521266937,
      "route_consistency_feature_group_knn_tempo_js": 0.019637918248422828,
      "route_consistency_feature_group_knn_tempo_score": 0.9805536496206244,
      "route_consistency_feature_group_knn_focus_js": 0.015034468850191374,
      "route_consistency_feature_group_knn_focus_score": 0.9850779845123946,
      "route_consistency_feature_group_knn_memory_js": 0.02254522534833696,
      "route_consistency_feature_group_knn_memory_score": 0.9777070190529453,
      "route_consistency_feature_group_knn_exposure_js": 0.016149413944508813,
      "route_consistency_feature_group_knn_exposure_score": 0.9839802886950381
    }
  ]
}
