stage_name,stage_key,split,aggregation_level,node_kind,node_name,route_space,support_size,wrapper_name,source_type,temperature,top_k,entropy_norm,n_eff_norm,top1_monopoly_norm,jitter_adj_norm,knn_consistency_score,knn_consistency_js,n_eff,cv_usage,top1_max_frac,entropy_mean
macro,macro@1,best_valid,session,final,final.expert,expert,12,ScalarGroupConditionalProductWrapper,,,,0.9985339590449883,0.9965672125945656,0.3912011614820457,0.0,0.9998080763025915,0.00019194211711812681,11.958806551134787,0.05869135271932624,0.4419343980252085,2.4812636748700303
macro,macro@1,best_valid,session,final,final.group,group,4,ScalarGroupConditionalProductWrapper,,,,0.9976562514843665,0.9968793331042151,0.767662789392976,0.0,0.9998257792008526,0.0001742359773538289,3.9875173324168602,0.05594973266124725,0.8257470920447321,1.3830452357687848
macro,macro@1,best_valid,session,final,final.intra.Exposure,intra,3,ScalarGroupConditionalProductWrapper,,,,0.9998834690207681,0.9999417696530252,0.34181097355724277,0.0,0.9999884242815589,1.157578544025252e-05,2.9998253089590756,0.007631884660366635,0.5612073157048285,1.098484266302315
macro,macro@1,best_valid,session,final,final.intra.Focus,intra,3,ScalarGroupConditionalProductWrapper,,,,0.9992014550581187,0.9990622560455158,0.2625949059355948,0.0,0.9999690315184486,3.096896108473052e-05,2.9971867681365474,0.030635288003525496,0.5083966039570632,1.0977349973819053
macro,macro@1,best_valid,session,final,final.intra.Memory,intra,3,ScalarGroupConditionalProductWrapper,,,,0.9998933099163977,0.9999228179425458,0.956296517933949,0.0,0.9999932462812359,6.753741570560208e-06,2.9997684538276372,0.008780046802981292,0.9708643452892994,1.0984950776311853
macro,macro@1,best_valid,session,final,final.intra.Tempo,intra,3,ScalarGroupConditionalProductWrapper,,,,0.9995276674497302,0.9996957214950434,0.5676216479036541,0.0,0.9999773462243772,2.265403222342701e-05,2.9990871644851302,0.017444342320581008,0.7117477652691028,1.0980933783240454
