stage_name,stage_key,split,aggregation_level,node_kind,node_name,route_space,support_size,wrapper_name,source_type,temperature,top_k,entropy_norm,n_eff_norm,top1_monopoly_norm,jitter_adj_norm,knn_consistency_score,knn_consistency_js,n_eff,cv_usage,top1_max_frac,entropy_mean
macro,macro@1,best_valid,session,final,final.expert,expert,12,ScalarGroupConditionalProductWrapper,,,,0.9568193084309784,0.9490429282391478,0.45525821856512694,0.0,0.9926347982731216,0.0073924587432010105,11.388515138869774,0.2317181276855063,0.500653367018033,2.377606662165694
macro,macro@1,best_valid,session,final,final.group,group,4,ScalarGroupConditionalProductWrapper,,,,0.9501432357220697,0.9656454068171374,0.4648778929639632,0.0,0.9953951903293456,0.00461544446673916,3.8625816272685496,0.18861795961856842,0.5986584197229724,1.3171782099377123
macro,macro@1,best_valid,session,final,final.intra.Exposure,intra,3,ScalarGroupConditionalProductWrapper,,,,0.9864806640761639,0.989281671760131,0.6558062549002527,0.0,0.9991813551407843,0.0008189801319104405,2.967845015280393,0.10408909681173871,0.7705375032668351,1.0837597800875511
macro,macro@1,best_valid,session,final,final.intra.Focus,intra,3,ScalarGroupConditionalProductWrapper,,,,0.8962330991910038,0.9949062487722834,0.3348723756424775,0.0,0.9910612160267486,0.008978974585439645,2.98471874631685,0.07155323187848235,0.5565815837616517,0.9846126962823417
macro,macro@1,best_valid,session,final,final.intra.Memory,intra,3,ScalarGroupConditionalProductWrapper,,,,0.9835425290224213,0.9992476405980567,0.23046432616081539,0.0,0.9974386192020982,0.0025646667459398895,2.99774292179417,0.027441050970821054,0.4869762174405436,1.080531908811743
macro,macro@1,best_valid,session,final,final.intra.Tempo,intra,3,ScalarGroupConditionalProductWrapper,,,,0.9782464209470549,0.96818664588471,0.8399250805819323,0.0,0.999253852157597,0.0007464263492511537,2.9045599376541302,0.1812698265531711,0.8932833870546215,1.0747135393980312
