stage_name,stage_key,split,aggregation_level,node_kind,node_name,route_space,support_size,wrapper_name,source_type,temperature,top_k,entropy_norm,n_eff_norm,top1_monopoly_norm,jitter_adj_norm,knn_consistency_score,knn_consistency_js,n_eff,cv_usage,top1_max_frac,entropy_mean
macro,macro@1,best_valid,session,final,final.expert,expert,9,GroupConditionalProductWrapper,,,,0.8794097239740828,0.9980134125695932,0.189502245132191,0.0,0.9935873423121757,0.006433307102892031,8.982120713126339,0.04461641762691425,0.2795575512286142,1.9322606590643157
macro,macro@1,best_valid,session,final,final.group,group,3,GroupConditionalProductWrapper,,,,0.8263201954578298,0.9986482677750049,0.08078784339783475,0.0,0.9964406023248191,0.0035657474030347373,2.9959448033250147,0.03679122573014421,0.3871918955985565,0.9078055211046061
macro,macro@1,best_valid,session,final,final.intra.Focus,intra,3,GroupConditionalProductWrapper,,,,0.9247242692805184,0.996257417203387,0.4805220519635678,0.0,0.9973809131827829,0.002622522625526568,2.988772251610161,0.06129100549843891,0.6536813679757119,1.0159134458612158
macro,macro@1,best_valid,session,final,final.intra.Memory,intra,3,GroupConditionalProductWrapper,,,,0.8101959636361663,0.9586063322112407,0.2405177563444281,0.0,0.9952868681021284,0.0047242737264046215,2.875818996633722,0.2078010675014656,0.49367850422961873,0.8900912418799933
macro,macro@1,best_valid,session,final,final.intra.Tempo,intra,3,GroupConditionalProductWrapper,,,,0.9869758623391981,0.9992815652942313,0.056514239306257534,0.0,0.9994432531162604,0.0005569019248343351,2.997844695882694,0.02681473283276758,0.37100949287083834,1.0843038109846477
