best_mrr20,epoch,epoch_time_sec,eval,lr,patience_used,train_loss,trial,valid_mrr20
0.0118,1,24.357807874679565,1,0.00034992070542535163,0,686.0002269744873,1,0.0118
0.0166,3,23.28653073310852,1,0.00034928682780526084,0,592.9258842468262,1,0.0166
0.0178,5,23.296061992645264,1,0.0003480216249665321,0,549.8794612884521,1,0.0178
0.0178,10,23.004183292388916,1,0.00034213620104419886,5,483.4743232727051,1,0.0166
0.0178,15,23.27006769180298,1,0.00033249158316315044,10,415.9576315879822,1,0.016
