stage_name,stage_key,split,aggregation_level,node_kind,node_name,route_space,support_size,wrapper_name,source_type,temperature,top_k,entropy_norm,n_eff_norm,top1_monopoly_norm,jitter_adj_norm,knn_consistency_score,knn_consistency_js,n_eff,cv_usage,top1_max_frac,entropy_mean
macro,macro@1,best_valid,session,final,final.expert,expert,12,FlatPlusGroupIntraResidualWrapper,,,,0.9989519756863116,0.9958970897824364,0.9113982464236271,0.0,0.9999414537287615,5.85479851383551e-05,11.950765077389237,0.06418480160281653,0.9187817258883249,2.4823024072017765
macro,macro@1,best_valid,session,final,final.group,group,4,FlatPlusGroupIntraResidualWrapper,,,,0.9991151975801836,0.9980409452671088,0.9648054145516074,0.0,0.9999778532707911,2.2146974451246515e-05,3.9921637810684354,0.04430337995290756,0.9736040609137055,1.385067764514594
macro,macro@1,best_valid,session,final,final.intra.Exposure,intra,3,FlatPlusGroupIntraResidualWrapper,,,,0.9976749265886846,0.995551821122226,0.9329949238578681,0.0,0.99994359255295,5.6409038009896745e-05,2.9866554633666778,0.06684317240586363,0.9553299492385787,1.0960579344463832
macro,macro@1,best_valid,session,final,final.intra.Focus,intra,3,FlatPlusGroupIntraResidualWrapper,,,,0.9998645896037414,0.9999829831634943,0.9253807106598984,0.0,0.9999652474201413,3.475318374359502e-05,2.999948949490483,0.004125497879445616,0.950253807106599,1.0984635251427666
macro,macro@1,best_valid,session,final,final.intra.Memory,intra,3,FlatPlusGroupIntraResidualWrapper,,,,0.9995442226487796,0.9992054164967423,0.9329949238578681,0.0,0.999976432372879,2.3567904841847123e-05,2.997616249490227,0.028199764059491036,0.9553299492385787,1.0981115660691625
macro,macro@1,best_valid,session,final,final.intra.Tempo,intra,3,FlatPlusGroupIntraResidualWrapper,,,,0.9978167228078348,0.9961943277744719,0.8918781725888324,0.0,0.9999664473058801,3.3553257024129934e-05,2.9885829833234157,0.06180695073881892,0.9279187817258884,1.0962137135152283
