{
  "split": "best_valid",
  "feature_mode": "none",
  "stages": [
    {
      "stage": "micro@1",
      "n_eff": 6.223054326023277,
      "cv_usage": 1.4879030149069714,
      "top1_max_frac": 0.3595536738812171,
      "entropy_mean": 1.501960698546868,
      "route_jitter_adjacent": 0.6571599154955452,
      "route_consistency_knn_js": 0.10488850173012602,
      "route_consistency_knn_score": 0.9004249128094232,
      "route_consistency_group_knn_js": 0.03145453275084734,
      "route_consistency_group_knn_score": 0.9690350148085819,
      "route_consistency_intra_group_knn_mean_js": 0.0743800804048785,
      "route_consistency_intra_group_knn_mean_score": 0.9283925229928962,
      "route_consistency_feature_group_knn_mean_score": 0.8854763175423014,
      "family_top_expert_mean_share": 0.33696234226226807,
      "route_consistency_feature_group_knn_tempo_js": 0.12006357459553176,
      "route_consistency_feature_group_knn_tempo_score": 0.8868640529014326,
      "route_consistency_feature_group_knn_focus_js": 0.12948012699498965,
      "route_consistency_feature_group_knn_focus_score": 0.8785520477120076,
      "route_consistency_feature_group_knn_memory_js": 0.1249211025973939,
      "route_consistency_feature_group_knn_memory_score": 0.8825665320447729,
      "route_consistency_feature_group_knn_exposure_js": 0.11213604277561447,
      "route_consistency_feature_group_knn_exposure_score": 0.8939226375109928
    }
  ]
}
