{
  "model": "FAME",
  "dataset": "foursquare",
  "dataset_raw": "foursquare",
  "max_evals": 10,
  "tune_epochs": 52,
  "n_completed": 10,
  "n_recorded_trials": 10,
  "timestamp": "2026-03-28T12:28:38.616150",
  "trials": [
    {
      "trial": 1,
      "params": {
        "MAX_ITEM_LIST_LENGTH": 30,
        "learning_rate": 0.0001997072874187967
      },
      "mrr@20": 0.0755,
      "valid_result": {
        "hit@5": 0.103,
        "hit@10": 0.1212,
        "hit@20": 0.1356,
        "ndcg@5": 0.0797,
        "ndcg@10": 0.0857,
        "ndcg@20": 0.0893,
        "mrr@5": 0.072,
        "mrr@10": 0.0745,
        "mrr@20": 0.0755
      },
      "test_result": {
        "hit@5": 0.0809,
        "hit@10": 0.0943,
        "hit@20": 0.1069,
        "ndcg@5": 0.0604,
        "ndcg@10": 0.0647,
        "ndcg@20": 0.0679,
        "mrr@5": 0.0536,
        "mrr@10": 0.0553,
        "mrr@20": 0.0562
      },
      "best_hr@10": 0.1212,
      "test_mrr@20": 0.0562,
      "test_hr@10": 0.0943,
      "epochs_run": 52,
      "early_stop_epoch": 52,
      "early_stopped": false,
      "elapsed": 622.7,
      "status": "ok"
    },
    {
      "trial": 2,
      "params": {
        "MAX_ITEM_LIST_LENGTH": 5,
        "learning_rate": 0.0006909277988179469
      },
      "mrr@20": 0.1023,
      "valid_result": {
        "hit@5": 0.1411,
        "hit@10": 0.1661,
        "hit@20": 0.1892,
        "ndcg@5": 0.1082,
        "ndcg@10": 0.1164,
        "ndcg@20": 0.1223,
        "mrr@5": 0.0972,
        "mrr@10": 0.1007,
        "mrr@20": 0.1023
      },
      "test_result": {
        "hit@5": 0.1098,
        "hit@10": 0.1311,
        "hit@20": 0.1513,
        "ndcg@5": 0.0843,
        "ndcg@10": 0.0913,
        "ndcg@20": 0.0964,
        "mrr@5": 0.0759,
        "mrr@10": 0.0788,
        "mrr@20": 0.0802
      },
      "best_hr@10": 0.1661,
      "test_mrr@20": 0.0802,
      "test_hr@10": 0.1311,
      "epochs_run": 44,
      "early_stop_epoch": 44,
      "early_stopped": true,
      "elapsed": 482.0,
      "status": "ok"
    },
    {
      "trial": 3,
      "params": {
        "MAX_ITEM_LIST_LENGTH": 5,
        "learning_rate": 0.00024265963172796957
      },
      "mrr@20": 0.0814,
      "valid_result": {
        "hit@5": 0.1091,
        "hit@10": 0.1285,
        "hit@20": 0.1472,
        "ndcg@5": 0.0853,
        "ndcg@10": 0.0916,
        "ndcg@20": 0.0964,
        "mrr@5": 0.0775,
        "mrr@10": 0.0801,
        "mrr@20": 0.0814
      },
      "test_result": {
        "hit@5": 0.0867,
        "hit@10": 0.1067,
        "hit@20": 0.1227,
        "ndcg@5": 0.0679,
        "ndcg@10": 0.0744,
        "ndcg@20": 0.0785,
        "mrr@5": 0.0616,
        "mrr@10": 0.0644,
        "mrr@20": 0.0655
      },
      "best_hr@10": 0.1285,
      "test_mrr@20": 0.0655,
      "test_hr@10": 0.1067,
      "epochs_run": 52,
      "early_stop_epoch": 52,
      "early_stopped": false,
      "elapsed": 579.4,
      "status": "ok"
    },
    {
      "trial": 4,
      "params": {
        "MAX_ITEM_LIST_LENGTH": 10,
        "learning_rate": 0.00021965549213464575
      },
      "mrr@20": 0.0796,
      "valid_result": {
        "hit@5": 0.1062,
        "hit@10": 0.1204,
        "hit@20": 0.1419,
        "ndcg@5": 0.0837,
        "ndcg@10": 0.0883,
        "ndcg@20": 0.0937,
        "mrr@5": 0.0762,
        "mrr@10": 0.0781,
        "mrr@20": 0.0796
      },
      "test_result": {
        "hit@5": 0.0815,
        "hit@10": 0.0993,
        "hit@20": 0.1143,
        "ndcg@5": 0.0625,
        "ndcg@10": 0.0682,
        "ndcg@20": 0.072,
        "mrr@5": 0.0562,
        "mrr@10": 0.0585,
        "mrr@20": 0.0595
      },
      "best_hr@10": 0.1204,
      "test_mrr@20": 0.0595,
      "test_hr@10": 0.0993,
      "epochs_run": 52,
      "early_stop_epoch": 52,
      "early_stopped": false,
      "elapsed": 582.9,
      "status": "ok"
    },
    {
      "trial": 5,
      "params": {
        "MAX_ITEM_LIST_LENGTH": 5,
        "learning_rate": 0.0005962487103715819
      },
      "mrr@20": 0.103,
      "valid_result": {
        "hit@5": 0.1401,
        "hit@10": 0.1629,
        "hit@20": 0.19,
        "ndcg@5": 0.1085,
        "ndcg@10": 0.116,
        "ndcg@20": 0.1228,
        "mrr@5": 0.098,
        "mrr@10": 0.1011,
        "mrr@20": 0.103
      },
      "test_result": {
        "hit@5": 0.109,
        "hit@10": 0.1311,
        "hit@20": 0.1498,
        "ndcg@5": 0.0847,
        "ndcg@10": 0.0921,
        "ndcg@20": 0.0968,
        "mrr@5": 0.0767,
        "mrr@10": 0.0798,
        "mrr@20": 0.0811
      },
      "best_hr@10": 0.1629,
      "test_mrr@20": 0.0811,
      "test_hr@10": 0.1311,
      "epochs_run": 48,
      "early_stop_epoch": 48,
      "early_stopped": true,
      "elapsed": 516.4,
      "status": "ok"
    },
    {
      "trial": 6,
      "params": {
        "MAX_ITEM_LIST_LENGTH": 10,
        "learning_rate": 0.0002914835825104038
      },
      "mrr@20": 0.0912,
      "valid_result": {
        "hit@5": 0.1219,
        "hit@10": 0.1409,
        "hit@20": 0.1635,
        "ndcg@5": 0.0957,
        "ndcg@10": 0.1019,
        "ndcg@20": 0.1076,
        "mrr@5": 0.0869,
        "mrr@10": 0.0895,
        "mrr@20": 0.0912
      },
      "test_result": {
        "hit@5": 0.0959,
        "hit@10": 0.1153,
        "hit@20": 0.1337,
        "ndcg@5": 0.0732,
        "ndcg@10": 0.0795,
        "ndcg@20": 0.0842,
        "mrr@5": 0.0657,
        "mrr@10": 0.0683,
        "mrr@20": 0.0697
      },
      "best_hr@10": 0.1409,
      "test_mrr@20": 0.0697,
      "test_hr@10": 0.1153,
      "epochs_run": 52,
      "early_stop_epoch": 52,
      "early_stopped": false,
      "elapsed": 574.6,
      "status": "ok"
    },
    {
      "trial": 7,
      "params": {
        "MAX_ITEM_LIST_LENGTH": 5,
        "learning_rate": 0.00030377184572547743
      },
      "mrr@20": 0.0915,
      "valid_result": {
        "hit@5": 0.1222,
        "hit@10": 0.1438,
        "hit@20": 0.1635,
        "ndcg@5": 0.0959,
        "ndcg@10": 0.1029,
        "ndcg@20": 0.1079,
        "mrr@5": 0.0872,
        "mrr@10": 0.0902,
        "mrr@20": 0.0915
      },
      "test_result": {
        "hit@5": 0.0956,
        "hit@10": 0.114,
        "hit@20": 0.1327,
        "ndcg@5": 0.0751,
        "ndcg@10": 0.0811,
        "ndcg@20": 0.0858,
        "mrr@5": 0.0683,
        "mrr@10": 0.0708,
        "mrr@20": 0.0721
      },
      "best_hr@10": 0.1438,
      "test_mrr@20": 0.0721,
      "test_hr@10": 0.114,
      "epochs_run": 52,
      "early_stop_epoch": 52,
      "early_stopped": false,
      "elapsed": 563.6,
      "status": "ok"
    },
    {
      "trial": 8,
      "params": {
        "MAX_ITEM_LIST_LENGTH": 5,
        "learning_rate": 0.00019893778125951893
      },
      "mrr@20": 0.074,
      "valid_result": {
        "hit@5": 0.0996,
        "hit@10": 0.1125,
        "hit@20": 0.1288,
        "ndcg@5": 0.0783,
        "ndcg@10": 0.0824,
        "ndcg@20": 0.0865,
        "mrr@5": 0.0712,
        "mrr@10": 0.0729,
        "mrr@20": 0.074
      },
      "test_result": {
        "hit@5": 0.0775,
        "hit@10": 0.0927,
        "hit@20": 0.1072,
        "ndcg@5": 0.0598,
        "ndcg@10": 0.0648,
        "ndcg@20": 0.0685,
        "mrr@5": 0.0539,
        "mrr@10": 0.056,
        "mrr@20": 0.057
      },
      "best_hr@10": 0.1125,
      "test_mrr@20": 0.057,
      "test_hr@10": 0.0927,
      "epochs_run": 52,
      "early_stop_epoch": 52,
      "early_stopped": false,
      "elapsed": 561.9,
      "status": "ok"
    },
    {
      "trial": 9,
      "params": {
        "MAX_ITEM_LIST_LENGTH": 5,
        "learning_rate": 0.0005399147287204113
      },
      "mrr@20": 0.1004,
      "valid_result": {
        "hit@5": 0.1377,
        "hit@10": 0.1645,
        "hit@20": 0.1832,
        "ndcg@5": 0.106,
        "ndcg@10": 0.1147,
        "ndcg@20": 0.1194,
        "mrr@5": 0.0954,
        "mrr@10": 0.099,
        "mrr@20": 0.1004
      },
      "test_result": {
        "hit@5": 0.108,
        "hit@10": 0.1298,