stage_name,stage_key,split,aggregation_level,node_kind,node_name,route_space,support_size,wrapper_name,source_type,temperature,top_k,entropy_norm,n_eff_norm,top1_monopoly_norm,jitter_adj_norm,knn_consistency_score,knn_consistency_js,n_eff,cv_usage,top1_max_frac,entropy_mean
macro,macro@1,best_valid,session,final,final.expert,expert,12,ScalarGroupConditionalProductWrapper,,,,0.9545009984562258,0.9933252622624386,0.7407256420709335,0.0,0.9963496905086631,0.003656988128710782,11.919903147149263,0.08197301394069029,0.7623318385650224,2.3718458782931613
macro,macro@1,best_valid,session,final,final.group,group,4,ScalarGroupConditionalProductWrapper,,,,0.9883198758230848,0.9980443888164787,0.6980568011958147,0.0,0.9992533285096611,0.0007469503883349648,3.992177555265915,0.04426591470837593,0.773542600896861,1.370102270836253
macro,macro@1,best_valid,session,final,final.intra.Exposure,intra,3,ScalarGroupConditionalProductWrapper,,,,0.8518157385913173,0.9982886148693225,0.6434977578475336,0.0,0.997596625662006,0.0024062670779190186,2.9948658446079675,0.04140400204348558,0.7623318385650224,0.9358152380973235
macro,macro@1,best_valid,session,final,final.intra.Focus,intra,3,ScalarGroupConditionalProductWrapper,,,,0.9390675554101734,0.9996059302316574,0.6708239910313901,0.0,0.9967702897209327,0.003234937050315942,2.9988177906949725,0.0198551508268669,0.7805493273542601,1.0316711562631375
macro,macro@1,best_valid,session,final,final.intra.Memory,intra,3,ScalarGroupConditionalProductWrapper,,,,0.9924499054244075,0.999104111060691,0.6434977578475336,0.0,0.9998177985115545,0.00018221808915313162,2.997312333182073,0.029943968208313937,0.7623318385650224,1.0903176619867574
macro,macro@1,best_valid,session,final,final.intra.Tempo,intra,3,ScalarGroupConditionalProductWrapper,,,,0.915093515118677,0.9881249547046513,0.6922645739910314,0.0,0.9941774207781816,0.005839596524763335,2.964374864113954,0.10962591228639557,0.7948430493273543,1.0053329809898752
