best_mrr20,epoch,epoch_time_sec,eval,lr,patience_used,train_loss,trial,valid_mrr20
0.0309,1,8.950193405151367,1,0.00095164,0,408.5749568939209,1,0.0309
0.1538,3,8.470261096954346,1,0.00095164,0,300.2239284515381,1,0.1538
0.1984,8,8.116122961044312,1,0.00095164,0,166.24030995368958,1,0.1984
0.1984,10,7.932699918746948,1,0.00095164,2,138.4672634601593,1,0.1933
0.1984,18,7.872015476226807,1,0.00095164,10,74.3303713798523,1,0.1837
