stage_name,stage_key,split,aggregation_level,node_kind,node_name,route_space,support_size,wrapper_name,source_type,temperature,top_k,entropy_norm,n_eff_norm,top1_monopoly_norm,jitter_adj_norm,knn_consistency_score,knn_consistency_js,n_eff,cv_usage,top1_max_frac,entropy_mean
macro,macro@1,best_valid,session,final,final.expert,expert,12,GroupConditionalProductWrapper,,,,0.9325475247423772,0.9842499449934152,0.21557601262814402,0.0,0.996040271195847,0.003967589287370338,11.810999339920983,0.12649871777001864,0.28094467824246533,2.317293545475673
macro,macro@1,best_valid,session,final,final.group,group,4,GroupConditionalProductWrapper,,,,0.9156380323186165,0.9863287900593541,0.14691688648155235,0.0,0.9977946191735442,0.0022078162601153676,3.9453151602374166,0.1177319884300232,0.36018766486116427,1.2693438410302103
macro,macro@1,best_valid,session,final,final.intra.Exposure,intra,3,GroupConditionalProductWrapper,,,,0.8518296176076674,0.9650738867092509,0.24743101839733136,0.0,0.9964349400419497,0.0035714299283596757,2.8952216601277527,0.1902370545197411,0.4982873455982209,0.9358304857552403
macro,macro@1,best_valid,session,final,final.intra.Focus,intra,3,GroupConditionalProductWrapper,,,,0.9997935551289041,0.9995491154369338,1.0,0.0,1.0000000084943141,-8.494314097702083e-09,2.9986473463108014,0.021237382498014493,1.0,1.0983854857957913
macro,macro@1,best_valid,session,final,final.intra.Memory,intra,3,GroupConditionalProductWrapper,,,,0.9703545484920229,0.9882998398429391,0.6603037808160334,0.0,0.9991849409892779,0.0008153913519149981,2.9648995195288173,0.10880554888231907,0.7735358538773556,1.0660434313383316
macro,macro@1,best_valid,session,final,final.intra.Tempo,intra,3,GroupConditionalProductWrapper,,,,0.9503992548442952,0.9902993000467902,0.3156407520018257,0.0,0.9980107395877108,0.001991241618642751,2.9708979001403706,0.09897291737875588,0.5437605013345505,1.0441203005129573
