best_mrr20,epoch,epoch_time_sec,eval,lr,patience_used,train_loss,trial,valid_mrr20
0.2707,1,55.12044620513916,1,0.0006918502217122324,0,2187.521342277527,1,0.2707
0.346,3,55.30575513839722,1,0.0006905969424258146,0,1169.3687992095947,1,0.346
0.3697,6,54.699692487716675,1,0.0006863795394030031,0,823.8441359996796,1,0.3697
0.3697,10,54.54768967628479,1,0.0006764589887885513,4,678.5239834785461,1,0.3629
0.3697,16,53.61656856536865,1,0.0006527232986450689,10,504.9582248926163,1,0.3432
