best_mrr20,epoch,epoch_time_sec,eval,lr,patience_used,train_loss,trial,valid_mrr20
0.0138,1,17.833165645599365,1,0.0005476,0,671.9493584632874,1,0.0138
0.0174,3,17.16088891029358,1,0.0005476,0,575.9621558189392,1,0.0174
0.0184,9,16.703140258789062,1,0.0005476,0,504.045033454895,1,0.0184
0.0184,10,16.5372633934021,1,0.0005476,1,496.42521572113037,1,0.0177
0.0184,19,16.418877363204956,1,0.0005476,10,440.6287932395935,1,0.015
