{
  "split": "best_valid",
  "feature_mode": "none",
  "stages": [
    {
      "stage": "macro@1",
      "n_eff": 7.759113991534549,
      "cv_usage": 0.7393026131599363,
      "top1_max_frac": 0.9024171245914593,
      "entropy_mean": 2.1564288768721043,
      "route_jitter_adjacent": 0.0,
      "route_consistency_knn_js": 0.014841757831862396,
      "route_consistency_knn_score": 0.9852678381867833,
      "route_consistency_group_knn_js": 0.0015875055095610465,
      "route_consistency_group_knn_score": 0.9984137539107767,
      "route_consistency_intra_group_knn_mean_js": 0.013103376630034642,
      "route_consistency_intra_group_knn_mean_score": 0.9869853925612864,
      "route_consistency_feature_group_knn_mean_score": 0.967299332691276,
      "family_top_expert_mean_share": 0.2748669981956482,
      "route_consistency_feature_group_knn_tempo_js": 0.028633712938629787,
      "route_consistency_feature_group_knn_tempo_score": 0.9717723469223314,
      "route_consistency_feature_group_knn_focus_js": 0.032090066330335454,
      "route_consistency_feature_group_knn_focus_score": 0.9684193561735616,
      "route_consistency_feature_group_knn_memory_js": 0.039016187242113816,
      "route_consistency_feature_group_knn_memory_score": 0.9617351411807862,
      "route_consistency_feature_group_knn_exposure_js": 0.033277105487868185,
      "route_consistency_feature_group_knn_exposure_score": 0.9672704864884248
    }
  ]
}
