stage_name,stage_key,split,aggregation_level,node_kind,node_name,route_space,support_size,wrapper_name,source_type,temperature,top_k,entropy_norm,n_eff_norm,top1_monopoly_norm,jitter_adj_norm,knn_consistency_score,knn_consistency_js,n_eff,cv_usage,top1_max_frac,entropy_mean
macro,macro@1,best_valid,session,final,final.expert,expert,6,GroupConditionalProductWrapper,,,,0.9993175943110907,0.9982616179329438,0.9463959390862945,0.0,0.9999688130235304,3.118746279351479e-05,5.989569707597663,0.04173082640824239,0.9553299492385787,1.7905367623730966
macro,macro@1,best_valid,session,final,final.group,group,2,GroupConditionalProductWrapper,,,,0.9993955436184274,0.9993820435214346,1.0,0.0,0.9999853097202553,1.4690387647895686e-05,1.9987640870428691,0.024865388870239258,1.0,0.6927282033232868
macro,macro@1,best_valid,session,final,final.intra.Focus,intra,3,GroupConditionalProductWrapper,,,,0.9995552775648312,0.9993394211423118,0.9329949238578681,0.0,0.9999762342448718,2.3766037538252047e-05,2.9980182634269354,0.025711593383205136,0.9553299492385787,1.0981237111357869
macro,macro@1,best_valid,session,final,final.intra.Tempo,intra,3,GroupConditionalProductWrapper,,,,0.9989695926246337,0.9983771893297662,0.9086294416243655,0.0,0.9999922394319086,7.76059820473326e-06,2.9951315679892985,0.04031526549711032,0.9390862944162437,1.097480270463198
