stage_name,stage_key,split,aggregation_level,node_kind,node_name,route_space,support_size,wrapper_name,source_type,temperature,top_k,entropy_norm,n_eff_norm,top1_monopoly_norm,jitter_adj_norm,knn_consistency_score,knn_consistency_js,n_eff,cv_usage,top1_max_frac,entropy_mean
macro,macro@1,best_valid,session,final,final.expert,expert,12,ScalarGroupConditionalProductWrapper,,,,0.9730327332629624,0.9884683224490981,0.747846799760089,0.0,0.9984367454605867,0.0015644776966944724,11.861619869389177,0.10800987312079989,0.7688595664467484,2.4178955093465286
macro,macro@1,best_valid,session,final,final.group,group,4,ScalarGroupConditionalProductWrapper,,,,0.966572285611529,0.9894778287749447,0.731976123154257,0.0,0.9989669521187172,0.0010335818430156156,3.957911315099779,0.10312224049104693,0.7989820923656927,1.339953709158027
macro,macro@1,best_valid,session,final,final.intra.Exposure,intra,3,ScalarGroupConditionalProductWrapper,,,,0.9973650543367807,0.9986377463660637,0.8478793590951931,0.0,0.999834695836703,0.00016531782753605414,2.9959132390981913,0.03693377395916659,0.8985862393967955,1.0957175049825243
macro,macro@1,best_valid,session,final,final.intra.Focus,intra,3,ScalarGroupConditionalProductWrapper,,,,0.9400620869630983,0.999753625311622,0.6232610744580585,0.0,0.9987692790796643,0.001231478879282084,2.999260875934866,0.015698851549659623,0.7488407163053723,1.032763760848649
macro,macro@1,best_valid,session,final,final.intra.Memory,intra,3,ScalarGroupConditionalProductWrapper,,,,0.9953588004997217,0.9986543310605117,0.6939114043355324,0.0,0.9998278017433841,0.0001722130844379196,2.9959629931815352,0.03670613775180128,0.7959409362236883,1.0935134098629438
macro,macro@1,best_valid,session,final,final.intra.Tempo,intra,3,ScalarGroupConditionalProductWrapper,,,,0.9436993273900819,0.9914861646703934,0.6813572101790764,0.0,0.9988799551087933,0.0011206726102452528,2.9744584940111802,0.0926667562971566,0.7875714734527176,1.0367596778785737
