best_mrr20,epoch,epoch_time_sec,eval,lr,patience_used,train_loss,trial,valid_mrr20
0.0529,1,30.63961362838745,1,0.0004983,0,1603.4270544052124,1,0.0529
0.1677,3,30.329665660858154,1,0.0004983,0,1123.579020500183,1,0.1677
0.2894,10,31.88542604446411,1,0.0004983,0,524.0685904026031,1,0.2894
0.3113,16,30.69945001602173,1,0.0004983,0,346.2433135509491,1,0.3113
0.3113,26,31.20208430290222,1,0.0004983,10,181.00826293230057,1,0.302
