{
  "split": "best_valid",
  "feature_mode": "none",
  "stages": [
    {
      "stage": "macro@1",
      "n_eff": 3.990560923832573,
      "cv_usage": 0.048633821308612823,
      "top1_max_frac": 0.4426858702963637,
      "entropy_mean": 1.3482450546284572,
      "route_jitter_adjacent": 0.0,
      "route_consistency_knn_js": 0.0031381100373596557,
      "route_consistency_knn_score": 0.996866808683436,
      "route_consistency_group_knn_js": 0.0031381100373596557,
      "route_consistency_group_knn_score": 0.996866808683436,
      "route_consistency_intra_group_knn_mean_js": 0.0,
      "route_consistency_intra_group_knn_mean_score": 1.0,
      "route_consistency_feature_group_knn_mean_score": 0.9907006909699845,
      "family_top_expert_mean_share": 0.26654052734375,
      "route_consistency_feature_group_knn_tempo_js": 0.0033480182788344103,
      "route_consistency_feature_group_knn_tempo_score": 0.9966575800848126,
      "route_consistency_feature_group_knn_focus_js": 0.01033269026920638,
      "route_consistency_feature_group_knn_focus_score": 0.9897205085881261,
      "route_consistency_feature_group_knn_memory_js": 0.010599433438850833,
      "route_consistency_feature_group_knn_memory_score": 0.9894565426097293,
      "route_consistency_feature_group_knn_exposure_js": 0.013117527205387365,
      "route_consistency_feature_group_knn_exposure_score": 0.9869681325972702
    }
  ]
}
