best_mrr20,epoch,epoch_time_sec,eval,lr,patience_used,train_loss,trial,valid_mrr20
0.0136,1,18.06357192993164,1,0.0002738,0,684.6766791343689,1,0.0136
0.0166,3,17.113250017166138,1,0.0002738,0,602.0726404190063,1,0.0166
0.0185,8,16.79523992538452,1,0.0002738,0,531.3629059791565,1,0.0185
0.0185,10,16.597974061965942,1,0.0002738,2,514.0890259742737,1,0.0184
0.0185,18,16.692322969436646,1,0.0002738,10,456.0251450538635,1,0.018
