stage_name,stage_key,split,aggregation_level,node_kind,node_name,route_space,support_size,wrapper_name,source_type,temperature,top_k,entropy_norm,n_eff_norm,top1_monopoly_norm,jitter_adj_norm,knn_consistency_score,knn_consistency_js,n_eff,cv_usage,top1_max_frac,entropy_mean
macro,macro@1,best_valid,session,final,final.expert,expert,12,FlatJointWrapper,,,,0.6808364680874587,0.6325001833160008,0.4266392808710698,0.7030862496555524,0.9335667172395021,0.06874284856010758,7.59000219979201,0.7622514139934953,0.4744193407984806,1.6918150669687018
macro,macro@1,best_valid,session,final,final.group,group,4,FlatJointWrapper,,,,0.8803041595741516,0.9702873915272336,0.22230575449425607,0.0,0.9843789044609778,0.015744390539456588,3.8811495661089346,0.17499292939859207,0.41672931587069206,1.2203606924880308
macro,macro@1,best_valid,session,final,final.intra.Exposure,intra,3,FlatJointWrapper,,,,0.25707969024030747,0.5805276100006419,0.7035086962150964,0.0,0.9208921192639544,0.08241238393726333,1.7415828300019256,0.8500416323530188,0.8023391308100642,0.2824309068649929
macro,macro@1,best_valid,session,final,final.intra.Focus,intra,3,FlatJointWrapper,,,,0.3550262142537723,0.769385112738782,0.3797730053584236,0.0,0.9229654065850207,0.08016352450449012,2.3081553382163458,0.5474844858800028,0.5865153369056157,0.39003616177851147
macro,macro@1,best_valid,session,final,final.intra.Memory,intra,3,FlatJointWrapper,,,,0.15843104565749594,0.4281670742202257,0.9057467057101025,0.0,0.966114676686889,0.0344727388890548,1.2845012226606771,1.155654306541255,0.9371644704734017,0.17405429366586342
macro,macro@1,best_valid,session,final,final.intra.Tempo,intra,3,FlatJointWrapper,,,,0.5031081801436631,0.8884296671638038,0.38213822193380925,0.0,0.9309660278775365,0.07153249229830175,2.6652890014914115,0.3543746961839588,0.5880921479558728,0.5527208292352774
