stage_name,stage_key,split,aggregation_level,node_kind,node_name,route_space,support_size,wrapper_name,source_type,temperature,top_k,entropy_norm,n_eff_norm,top1_monopoly_norm,jitter_adj_norm,knn_consistency_score,knn_consistency_js,n_eff,cv_usage,top1_max_frac,entropy_mean
macro,macro@1,best_valid,session,final,final.expert,expert,12,ScalarGroupConditionalProductWrapper,,,,0.9447655857188424,0.9791997868982397,0.7092554194156456,0.0,0.9965910060366602,0.0034148178226953087,11.750397442778876,0.14574652848403072,0.7334841344643418,2.3476542864436065
macro,macro@1,best_valid,session,final,final.group,group,4,ScalarGroupConditionalProductWrapper,,,,0.9233138844284491,0.9842653334444091,0.6443271546758823,0.0,0.997494507641684,0.002508636356902352,3.9370613337776366,0.12643718719482422,0.7332453660069117,1.2799848315268614
macro,macro@1,best_valid,session,final,final.intra.Exposure,intra,3,ScalarGroupConditionalProductWrapper,,,,0.9960779119194478,0.9964460232637484,0.8965127238454287,0.0,0.9998588712026225,0.0001411387569832307,2.9893380697912453,0.05972256147198196,0.9310084825636192,1.0943034345055764
macro,macro@1,best_valid,session,final,final.intra.Focus,intra,3,ScalarGroupConditionalProductWrapper,,,,0.9486851069899814,0.9807947462769214,0.7141187558906692,0.0,0.9986912872177711,0.0013095698946930905,2.942384238830764,0.13993355720839246,0.8094125039271128,1.0422371166156141
macro,macro@1,best_valid,session,final,final.intra.Memory,intra,3,ScalarGroupConditionalProductWrapper,,,,0.9861925427613847,0.9919955791517817,0.7234307257304429,0.0,0.9991563284125715,0.0008440276785989087,2.975986737455345,0.08982798433768656,0.8156204838202953,1.0834432464705075
macro,macro@1,best_valid,session,final,final.intra.Tempo,intra,3,ScalarGroupConditionalProductWrapper,,,,0.8823539680265435,0.9805710102942559,0.6513477851083883,0.0,0.9972270633358463,0.0027767883750400867,2.9417130308827675,0.1407620343338837,0.7675651900722589,0.9693649122290292
