cv_usage,entropy_mean,family_top_expert_mean_share,n_eff,route_consistency_feature_group_knn_exposure_js,route_consistency_feature_group_knn_exposure_score,route_consistency_feature_group_knn_focus_js,route_consistency_feature_group_knn_focus_score,route_consistency_feature_group_knn_mean_score,route_consistency_feature_group_knn_memory_js,route_consistency_feature_group_knn_memory_score,route_consistency_feature_group_knn_tempo_js,route_consistency_feature_group_knn_tempo_score,route_consistency_group_knn_js,route_consistency_group_knn_score,route_consistency_intra_group_knn_mean_js,route_consistency_intra_group_knn_mean_score,route_consistency_knn_js,route_consistency_knn_score,route_jitter_adjacent,stage,top1_max_frac
0.36270477769317894,1.4854819591453736,0.1355035901069641,10.604876793060049,0.1181045124335461,0.8886031776808531,0.12337429457827812,0.8839327493995204,0.883010907587679,0.12685593909624776,0.8808605610256077,0.12937189278527264,0.8786471422447348,0.03884832220596915,0.9618965964359891,0.07976081623855284,0.923353476089989,0.08868276808279513,0.9151358378278119,0.0,macro@1,0.1277028875002072
0.33097031428967627,1.5226066331497135,0.13491494953632355,10.81527960090282,0.11733024764494868,0.8892914582536886,0.1622817267911306,0.8502016462152162,0.85300228797264,0.2031313635080578,0.8161710192949568,0.15508191380991268,0.8563450281266985,0.018016582520419253,0.9821447457879632,0.05100278877892516,0.9504132148720716,0.055693135675720574,0.9458293326416488,0.49781609703289664,micro@1,0.12878549288070415
0.32111264553330404,1.3704446481092218,0.12957245111465454,10.878301821493949,0.13384480422659323,0.8747258078179382,0.1258491784141474,0.8817478233603362,0.8686718400871288,0.16055230107055363,0.8516732789828436,0.14324648864554862,0.8665404501873978,0.03546183125653765,0.9651595724550829,0.08117403480881222,0.9221616666574953,0.08253213760256967,0.9207818456602868,0.0,mid@1,0.17056888063783587
