{
  "split": "early_valid",
  "feature_mode": "none",
  "stage_metrics": {
    "macro@1": {
      "mode": "moe",
      "n_slots": 6,
      "expert_names": [
        "Memory_a",
        "Memory_b",
        "Memory_c",
        "Exposure_a",
        "Exposure_b",
        "Exposure_c"
      ],
      "family_names": [
        "Tempo",
        "Focus",
        "Memory",
        "Exposure"
      ],
      "usage_sum": [
        6586.54296875,
        4764.2021484375,
        7142.169921875,
        6826.8583984375,
        10725.181640625,
        3397.044921875
      ],
      "top1_count": [
        0.0,
        0.0,
        17713.0,
        0.0,
        21729.0,
        0.0
      ],
      "entropy_mean": 1.649892563764515,
      "route_jitter_adjacent": 0.0,
      "route_jitter_session": 0.0,
      "route_consistency_knn_js": 8.59387322145816e-05,
      "route_consistency_knn_score": 0.9999140649604125,
      "route_consistency_group_knn_js": 4.519377719002087e-05,
      "route_consistency_group_knn_score": 0.9999548072440333,
      "route_consistency_intra_group_knn": {
        "group_names": [
          "Tempo",
          "Focus"
        ],
        "js_by_group": [
          6.012597902990114e-05,
          2.3772599500632353e-05
        ],
        "score_by_group": [
          0.9999398758285005,
          0.9999762276830654
        ],
        "mean_js": 4.194928926526674e-05,
        "mean_score": 0.9999580517557829
      },
      "route_consistency_feature_group_knn": {
        "group_names": [
          "Tempo",
          "Focus"
        ],
        "js_by_group": [
          0.0,
          0.0
        ],
        "score_by_group": [
          1.0,
          1.0
        ],
        "mean_js": 0.0,
        "mean_score": 1.0
      },
      "condition_norm": 0.0,
      "stage_delta_norm": 11.79904706255771,
      "shared_delta_norm": 7.484396641274238,
      "moe_delta_norm": 11.79904706255771,
      "residual_delta_norm": 11.79904706255771,
      "alpha_value": 1.0,
      "alpha_effective": 1.0,
      "usage_share": [
        0.1669931262731552,
        0.12079007178544998,
        0.18108031153678894,
        0.1730860024690628,
        0.27192285656929016,
        0.08612760156393051
      ],
      "n_eff": 5.359464686551461,
      "cv_usage": 0.3457091805761564,
      "dead_expert_frac": 0.0,
      "top1_max_frac": 0.5509101972516607,
      "wrapper_name": "GroupConditionalProductWrapper",
      "feature_family_expert_heatmap": {
        "family_names": [
          "Tempo",
          "Focus",
          "Memory",
          "Exposure"
        ],
        "values": [
          [
            0.0,
            0.0,
            0.0,
            0.0,
            0.0,
            0.0
          ],
          [
            0.0,
            0.0,
            0.0,
            0.0,
            0.0,
            0.0
          ],
          [
            2306.72314453125,
            1272.5638427734375,
            1503.80078125,
            2421.8603515625,
            3592.613037109375,
            1256.6058349609375
          ],
          [
            4291.57080078125,
            3391.348388671875,
            5308.185546875,
            4369.859375,
            7061.6845703125,
            2122.2978515625
          ]
        ]
      },
      "position_expert_usage": {
        "values": [
          [
            0.0,
            0.0,
            990.0,
            0.0,
            1176.0,
            0.0
          ],
          [
            0.0,
            0.0,
            978.0,
            0.0,
            1173.0,
            0.0
          ],
          [
            0.0,
            0.0,
            963.0,
            0.0,
            1165.0,
            0.0
          ],
          [
            0.0,
            0.0,
            955.0,
            0.0,
            1155.0,
            0.0
          ],
          [
            0.0,
            0.0,
            939.0,
            0.0,
            1149.0,
            0.0
          ],
          [
            0.0,
            0.0,
            929.0,
            0.0,
            1140.0,
            0.0
          ],
          [
            0.0,
            0.0,
            915.0,
            0.0,
            1128.0,
            0.0
          ],
          [
            0.0,
            0.0,
            903.0,
            0.0,
            1122.0,
            0.0
          ],
          [
            0.0,
            0.0,
            894.0,
            0.0,
            1110.0,
            0.0
          ],
          [
            0.0,
            0.0,
            887.0,
            0.0,
            1106.0,
            0.0
          ],
          [
            0.0,
            0.0,
            875.0,
            0.0,
            1099.0,
            0.0
          ],
          [
            0.0,
            0.0,
            868.0,
            0.0,
            1085.0,
            0.0
          ],
          [
            0.0,
            0.0,
            861.0,
            0.0,
            1068.0,
            0.0
          ],
          [
            0.0,
            0.0,
            850.0,
            0.0,
            1059.0,
            0.0
          ],
          [
            0.0,
            0.0,
            843.0,
            0.0,
            1043.0,
            0.0
          ],
          [
            0.0,
            0.0,
            838.0,
            0.0,
            1028.0,
            0.0
          ],
          [
            0.0,
            0.0,
            819.0,
            0.0,
            1012.0,
            0.0
          ],
          [
            0.0,
            0.0,
            809.0,
            0.0,
            992.0,
            0.0
          ],
          [
            0.0,
            0.0,
            801.0,
            0.0,
            969.0,
            0.0
          ],
          [
            0.0,
            0.0,
            796.0,
            0.0,
            950.0,
            0.0
          ]
        ]
      },
      "route_transition_matrix": {
        "values": [
          [
            0.0,
            0.0,
            0.0,
            0.0,
            0.0,
            0.0
          ],
          [
            0.0,
            0.0,
            0.0,
            0.0,
            0.0,
            0.0
          ],
          [
            0.0,
            0.0,
            16723.0,
            0.0,
            0.0,
            0.0
          ],
          [
            0.0,
            0.0,
            0.0,
            0.0,
            0.0,
            0.0
          ],
          [
            0.0,
            0.0,
            0.0,
            0.0,
            20553.0,
            0.0
          ],
          [
            0.0,
            0.0,
            0.0,
            0.0,
            0.0,
            0.0
          ]
        ]
      },
      "group_routing": {
        "group_names": [
          "Tempo",
          "Focus"
        ],
        "group_share": [
          0.4688635468482971,
          0.5311364531517029
        ],
        "group_n_eff": 1.9922742033202638,
        "group_cv_usage": 0.062272906261092234,
        "group_top1_max_frac": 0.5497692814765985,
        "group_entropy_mean": 0.6598180853373308,
        "group_prior_mean": [
          0.0,
          0.0
        ],
        "factored_group_entropy_mean": 0.0
      },
      "specialization_summary": {
        "mean_top_expert_share": 0.13920730352401733,
        "family_top_expert": [
          {
            "family": "Tempo",
            "expert": "Memory_a",
            "top_share": 0.0
          },
          {
            "family": "Focus",
            "expert": "Memory_a",
            "top_share": 0.0
          },
          {
            "family": "Memory",
            "expert": "Exposure_b",
            "top_share": 0.2908017337322235
          },
          {
            "family": "Exposure",
            "expert": "Exposure_b",
            "top_share": 0.26602745056152344
          }
        ]
      },