best_mrr20,epoch,epoch_time_sec,eval,lr,patience_used,train_loss,trial,valid_mrr20
0.0146,1,18.363361597061157,1,0.0005476,0,658.5754747390747,1,0.0146
0.0157,3,16.850322246551514,1,0.0005476,1,566.4000315666199,1,0.0157
0.0169,10,17.336300373077393,1,0.0005476,1,487.50995349884033,1,0.0167
0.0173,14,17.805832147598267,1,0.0005476,0,456.6771283149719,1,0.0173
0.0173,24,17.37634015083313,1,0.0005476,10,391.88740396499634,1,0.0144
