stage_name,stage_key,split,aggregation_level,node_kind,node_name,route_space,support_size,wrapper_name,source_type,temperature,top_k,entropy_norm,n_eff_norm,top1_monopoly_norm,jitter_adj_norm,knn_consistency_score,knn_consistency_js,n_eff,cv_usage,top1_max_frac,entropy_mean
micro,micro@1,best_valid,token,final,final.expert,expert,8,ScalarGroupConditionalProductWrapper,,,,0.9367422275458359,0.9788841016612051,0.15037802319597832,0.6190476190476191,0.9979911352471582,0.0020108852280003794,7.831072813289641,0.14687173943947193,0.256580770296481,1.9479007018045165
micro,micro@1,best_valid,token,final,final.group,group,4,ScalarGroupConditionalProductWrapper,,,,0.9208061950927899,0.9827011216600775,0.14399187217142329,0.0,0.9985462084078657,0.0014548493724500543,3.93080448664031,0.13267803192138672,0.35799390412856746,1.2765084359413965
micro,micro@1,best_valid,token,final,final.intra.Exposure,intra,2,ScalarGroupConditionalProductWrapper,,,,0.953395713607693,0.9956645205091669,0.32779163203103345,0.0,0.9992460883692132,0.0007541959650778884,1.9913290410183337,0.06598633527755737,0.6638958160155167,0.6608435508451095
micro,micro@1,best_valid,token,final,final.intra.Focus,intra,2,ScalarGroupConditionalProductWrapper,,,,0.9123733987942126,0.9537057617138538,0.5344970906068163,0.0,0.9994999702191137,0.0005001548374668833,1.9074115234277076,0.22032102942466736,0.7672485453034081,0.632409048992103
micro,micro@1,best_valid,token,final,final.intra.Memory,intra,2,ScalarGroupConditionalProductWrapper,,,,0.9905394066761781,0.9999996423722592,0.3887503463563313,0.0,0.9999279476269254,7.205496897157489e-05,1.9999992847445185,0.0005486011505126953,0.6943751731781657,0.6865895969711139
micro,micro@1,best_valid,token,final,final.intra.Tempo,intra,2,ScalarGroupConditionalProductWrapper,,,,0.9896875972405603,0.9921699009203045,0.6907730673316708,0.0,0.9999471987372095,5.280265682622006e-05,1.984339801840609,0.08883646130561829,0.8453865336658354,0.6859991676624411
