stage_name,stage_key,split,aggregation_level,node_kind,node_name,route_space,support_size,wrapper_name,source_type,temperature,top_k,entropy_norm,n_eff_norm,top1_monopoly_norm,jitter_adj_norm,knn_consistency_score,knn_consistency_js,n_eff,cv_usage,top1_max_frac,entropy_mean
macro,macro@1,best_valid,session,final,final.expert,expert,16,FlatJointWrapper,,,,0.8969618896058814,0.8534779759020846,0.20720663685883486,0.8635987875447781,0.9738052313758614,0.026543963122415557,13.655647614433354,0.4143385538064572,0.2567562220551577,2.4869064194001504
macro,macro@1,best_valid,session,final,final.group,group,4,FlatJointWrapper,,,,0.9265130935767893,0.9153736822951648,0.37113388464632874,0.0,0.9920837511686259,0.007947748679711363,3.661494729180659,0.3040558993816376,0.5283504134847465,1.2844198771292485
macro,macro@1,best_valid,session,final,final.intra.Exposure,intra,4,FlatJointWrapper,,,,0.8792277499614766,0.9346259382906364,0.29025705957609566,0.0,0.9856194311561077,0.014484971344351734,3.738503753162546,0.26447445154190063,0.46769279468207176,1.218868471911724
macro,macro@1,best_valid,session,final,final.intra.Focus,intra,4,FlatJointWrapper,,,,0.8870867832814677,0.9613931442784006,0.18210474946913044,0.0,0.9835886992248895,0.01654745790405797,3.8455725771136025,0.20039283933596846,0.3865785621018478,1.2297634054870812
macro,macro@1,best_valid,session,final,final.intra.Memory,intra,4,FlatJointWrapper,,,,0.8360881916421514,0.8798164308178574,0.40621743890053946,0.0,0.9820867039087702,0.018075681339164706,3.5192657232714297,0.36959546027156476,0.5546630791754046,1.159064345472441
macro,macro@1,best_valid,session,final,final.intra.Tempo,intra,4,FlatJointWrapper,,,,0.8823866266874713,0.9461176123472709,0.2209868238831955,0.0,0.9814564320277068,0.01871765542282449,3.7844704493890835,0.2386440932750702,0.4157401179123966,1.2232476049044434
