best_mrr20,epoch,epoch_time_sec,eval,lr,patience_used,train_loss,trial,valid_mrr20
0.0105,1,3.5971860885620117,1,0.001349694149497785,0,79.08885765075684,1,0.0105
0.0188,3,2.7054433822631836,1,0.001347249192963149,0,69.70748901367188,1,0.0188
0.0657,10,2.6369640827178955,1,0.0013196682040276242,0,45.37903308868408,1,0.0657
0.0814,15,2.6129581928253174,1,0.001282467535057866,0,35.27376198768616,1,0.0814
0.0814,25,2.5327372550964355,1,0.0011686459942815903,10,20.756561517715454,1,0.0691
