best_mrr20,epoch,epoch_time_sec,eval,lr,patience_used,train_loss,trial,valid_mrr20
0.0108,1,3.2324533462524414,1,0.0005672,0,79.86836671829224,1,0.0108
0.0119,3,2.0660364627838135,1,0.0005672,1,69.89745235443115,1,0.0118
0.0467,10,2.333557605743408,1,0.0005672,0,49.34894275665283,1,0.0467
0.0786,33,2.221144199371338,1,0.0005672,0,26.180796146392822,1,0.0786
0.0786,43,1.8373363018035889,1,0.0005672,10,20.071616888046265,1,0.0785
