{
  "split": "best_valid",
  "feature_mode": "none",
  "stages": [
    {
      "stage": "macro@1",
      "n_eff": 11.143845889178047,
      "cv_usage": 0.27717786444293646,
      "top1_max_frac": 0.28995205462595675,
      "entropy_mean": 1.9482937612354492,
      "route_jitter_adjacent": 0.0,
      "route_consistency_knn_js": 0.04299640811437117,
      "route_consistency_knn_score": 0.9579148307813656,
      "route_consistency_group_knn_js": 0.01954221174715818,
      "route_consistency_group_knn_score": 0.9806474994706806,
      "route_consistency_intra_group_knn_mean_js": 0.028196890214206134,
      "route_consistency_intra_group_knn_mean_score": 0.9722072325855313,
      "route_consistency_feature_group_knn_mean_score": 0.9438414670804085,
      "family_top_expert_mean_share": 0.1395023763179779,
      "route_consistency_feature_group_knn_tempo_js": 0.05387072464841484,
      "route_consistency_feature_group_knn_tempo_score": 0.9475545940376084,
      "route_consistency_feature_group_knn_focus_js": 0.058207259463092006,
      "route_consistency_feature_group_knn_focus_score": 0.9434543873218882,
      "route_consistency_feature_group_knn_memory_js": 0.0632202734292594,
      "route_consistency_feature_group_knn_memory_score": 0.9387366721675794,
      "route_consistency_feature_group_knn_exposure_js": 0.05591425481498207,
      "route_consistency_feature_group_knn_exposure_score": 0.945620214794558
    },
    {
      "stage": "micro@1",
      "n_eff": 11.621547451429084,
      "cv_usage": 0.18045708867651752,
      "top1_max_frac": 0.17580716249745507,
      "entropy_mean": 1.8388549238534388,
      "route_jitter_adjacent": 0.5103326039922258,
      "route_consistency_knn_js": 0.03795594033872545,
      "route_consistency_knn_score": 0.9627553586317286,
      "route_consistency_group_knn_js": 0.018003594792974968,
      "route_consistency_group_knn_score": 0.9821575016990673,
      "route_consistency_intra_group_knn_mean_js": 0.024905759494432037,
      "route_consistency_intra_group_knn_mean_score": 0.975408400105825,
      "route_consistency_feature_group_knn_mean_score": 0.9335144681676311,
      "family_top_expert_mean_share": 0.1181451827287674,
      "route_consistency_feature_group_knn_tempo_js": 0.0644005911805812,
      "route_consistency_feature_group_knn_tempo_score": 0.9376293182529036,
      "route_consistency_feature_group_knn_focus_js": 0.07380293451855123,
      "route_consistency_feature_group_knn_focus_score": 0.928854721009318,
      "route_consistency_feature_group_knn_memory_js": 0.07958571701246968,
      "route_consistency_feature_group_knn_memory_score": 0.9234988570128065,
      "route_consistency_feature_group_knn_exposure_js": 0.057549691842795736,
      "route_consistency_feature_group_knn_exposure_score": 0.9440749763954961
    },
    {
      "stage": "mid@1",
      "n_eff": 9.470198146541767,
      "cv_usage": 0.5168491910010095,
      "top1_max_frac": 0.24291502504659182,
      "entropy_mean": 1.7746332153716047,
      "route_jitter_adjacent": 0.0,
      "route_consistency_knn_js": 0.03988784388470804,
      "route_consistency_knn_score": 0.9608972036065404,
      "route_consistency_group_knn_js": 0.01939481678193119,
      "route_consistency_group_knn_score": 0.9807920526277071,
      "route_consistency_intra_group_knn_mean_js": 0.019844872395352632,
      "route_consistency_intra_group_knn_mean_score": 0.9803598969593814,
      "route_consistency_feature_group_knn_mean_score": 0.9381410056932323,
      "family_top_expert_mean_share": 0.17696057260036469,
      "route_consistency_feature_group_knn_tempo_js": 0.060133377187055005,
      "route_consistency_feature_group_knn_tempo_score": 0.9416389320562665,
      "route_consistency_feature_group_knn_focus_js": 0.05806334512494397,
      "route_consistency_feature_group_knn_focus_score": 0.9435901737061819,
      "route_consistency_feature_group_knn_memory_js": 0.06990049579564633,
      "route_consistency_feature_group_knn_memory_score": 0.9324866016271514,
      "route_consistency_feature_group_knn_exposure_js": 0.06737099239063077,
      "route_consistency_feature_group_knn_exposure_score": 0.9348483153833295
    }
  ]
}
