{
  "split": "best_valid",
  "feature_mode": "runtime:unknown|ablation:none",
  "stages": [
    {
      "stage": "macro@1",
      "n_eff": 7.717697021385432,
      "cv_usage": 0.19125542044639587,
      "top1_max_frac": 0.3624235686492496,
      "entropy_mean": 2.0060039504006855,
      "route_jitter_adjacent": 0.0,
      "route_consistency_knn_js": 0.005496521280536794,
      "route_consistency_knn_score": 0.9945185569539621,
      "route_consistency_group_knn_js": 0.0033412709219025763,
      "route_consistency_group_knn_score": 0.9966643049119316,
      "route_consistency_intra_group_knn_mean_js": 0.0022631871440205844,
      "route_consistency_intra_group_knn_mean_score": 0.9977400123913016,
      "route_consistency_feature_group_knn_mean_score": 0.9848251368873677,
      "family_top_expert_mean_share": 0.16804929077625275,
      "route_consistency_feature_group_knn_tempo_js": 0.01705421041105703,
      "route_consistency_feature_group_knn_tempo_score": 0.9830903894562273,
      "route_consistency_feature_group_knn_focus_js": 0.011442616907018088,
      "route_consistency_feature_group_knn_focus_score": 0.9886226008428945,
      "route_consistency_feature_group_knn_memory_js": 0.017253893641798707,
      "route_consistency_feature_group_knn_memory_score": 0.9828941023894197,
      "route_consistency_feature_group_knn_exposure_js": 0.015424899586127364,
      "route_consistency_feature_group_knn_exposure_score": 0.9846934548609292
    }
  ]
}
