{
  "split": "best_valid",
  "feature_mode": "runtime:unknown|ablation:none",
  "stages": [
    {
      "stage": "macro@1",
      "n_eff": 15.797822118831954,
      "cv_usage": 0.1131265401093316,
      "top1_max_frac": 0.1088567722808968,
      "entropy_mean": 2.450362325134334,
      "route_jitter_adjacent": 0.7348389795064827,
      "route_consistency_knn_js": 0.0773799657097379,
      "route_consistency_knn_score": 0.9255381140398495,
      "route_consistency_group_knn_js": 0.02060720532745724,
      "route_consistency_group_knn_score": 0.9796036721125857,
      "route_consistency_intra_group_knn_mean_js": 0.05719303130050023,
      "route_consistency_intra_group_knn_mean_score": 0.9444132917764281,
      "route_consistency_feature_group_knn_mean_score": 0.9159194041055764,
      "family_top_expert_mean_share": 0.07977103441953659,
      "route_consistency_feature_group_knn_tempo_js": 0.09101681839659279,
      "route_consistency_feature_group_knn_tempo_score": 0.9130023555344343,
      "route_consistency_feature_group_knn_focus_js": 0.08881096469865454,
      "route_consistency_feature_group_knn_focus_score": 0.9150185280298709,
      "route_consistency_feature_group_knn_memory_js": 0.08781024771676936,
      "route_consistency_feature_group_knn_memory_score": 0.9159346609280306,
      "route_consistency_feature_group_knn_exposure_js": 0.08368375030745133,
      "route_consistency_feature_group_knn_exposure_score": 0.9197220719299698
    }
  ]
}
