stage_name,stage_key,split,aggregation_level,node_kind,node_name,route_space,support_size,wrapper_name,source_type,temperature,top_k,entropy_norm,n_eff_norm,top1_monopoly_norm,jitter_adj_norm,knn_consistency_score,knn_consistency_js,n_eff,cv_usage,top1_max_frac,entropy_mean
macro,macro@1,best_valid,session,final,final.expert,expert,16,ScalarGroupConditionalProductWrapper,,,,0.9702769850804924,0.8770200291712438,0.8722853110697846,0.0,0.9979944365258809,0.0020075773095771157,14.0323204667399,0.3744658977429989,0.880267479127923,2.6901790262829897
macro,macro@1,best_valid,session,final,final.group,group,4,ScalarGroupConditionalProductWrapper,,,,0.9850938534295998,0.9694876234019292,0.6257930070299002,0.0,0.999449779887004,0.0005503715396302194,3.8779504936077167,0.17740552127361298,0.7193447552724251,1.3656300541833182
macro,macro@1,best_valid,session,final,final.intra.Exposure,intra,4,ScalarGroupConditionalProductWrapper,,,,0.9227762090270325,0.8295927556524025,0.9346865561402815,0.0,0.998174292367091,0.00182737626835904,3.31837102260961,0.4532226324081421,0.9510149171052111,1.2792394551497646
macro,macro@1,best_valid,session,final,final.intra.Focus,intra,4,ScalarGroupConditionalProductWrapper,,,,0.9729352859031772,0.9556232437936267,0.8165631306136985,0.0,0.9990268587326573,0.0009736150767197436,3.822492975174507,0.2154937961991904,0.8624223479602738,1.348774700582143
macro,macro@1,best_valid,session,final,final.intra.Memory,intra,4,ScalarGroupConditionalProductWrapper,,,,0.9826736738799248,0.9922684845108275,0.7192260515174297,0.0,0.9979481695779668,0.0020539383099194286,3.96907393804331,0.08827082812786102,0.7894195386380722,1.362274972920706
macro,macro@1,best_valid,session,final,final.intra.Tempo,intra,4,ScalarGroupConditionalProductWrapper,,,,0.960618593364255,0.9269852046733995,0.33452037088328784,0.0,0.9989593761348277,0.0010411656901099812,3.707940818693598,0.28065258264541626,0.5008902781624659,1.3317001391677878
