stage_name,stage_key,split,aggregation_level,node_kind,node_name,route_space,support_size,wrapper_name,source_type,temperature,top_k,entropy_norm,n_eff_norm,top1_monopoly_norm,jitter_adj_norm,knn_consistency_score,knn_consistency_js,n_eff,cv_usage,top1_max_frac,entropy_mean
macro,macro@1,best_valid,session,final,final.expert,expert,12,FlatJointWrapper,,,,0.8643749436593039,0.8080731717525685,0.28354729984928223,0.7929181592725268,0.9757266073492867,0.02457284722950977,9.696878061030823,0.4873518626916204,0.3432516915285087,2.1478910454091324
macro,macro@1,best_valid,session,final,final.group,group,4,FlatJointWrapper,,,,0.902440546393622,0.8927489096864963,0.5819517535182475,0.0,0.990416958611467,0.009629254206210145,3.5709956387459854,0.3466057960264926,0.6864638151386856,1.2510482407114312
macro,macro@1,best_valid,session,final,final.intra.Exposure,intra,3,FlatJointWrapper,,,,0.7903154890517403,0.8318394923965285,0.6045384402326593,0.0,0.9798054361780124,0.02040126154033686,2.4955184771895857,0.44961644859264943,0.7363589601551063,0.8682503081969889
macro,macro@1,best_valid,session,final,final.intra.Focus,intra,3,FlatJointWrapper,,,,0.8752244643462811,0.9719120624685148,0.28089265223756577,0.0,0.9880513959083355,0.012020562437133266,2.9157361874055443,0.16999912872913095,0.5205951014917105,0.9615323518737883
macro,macro@1,best_valid,session,final,final.intra.Memory,intra,3,FlatJointWrapper,,,,0.8284645638320651,0.8628100781831533,0.5710639813239425,0.0,0.9882465873655246,0.01182303002099372,2.5884302345494596,0.3987526386232757,0.7140426542159617,0.9101613505519724
macro,macro@1,best_valid,session,final,final.intra.Tempo,intra,3,FlatJointWrapper,,,,0.7814765192316027,0.8254042144566086,0.6083963122700115,0.0,0.9866824526129204,0.013407021190275904,2.4762126433698257,0.4599212270998589,0.7389308748466743,0.8585397073334191
