stage_name,stage_key,split,aggregation_level,node_kind,node_name,route_space,support_size,wrapper_name,source_type,temperature,top_k,entropy_norm,n_eff_norm,top1_monopoly_norm,jitter_adj_norm,knn_consistency_score,knn_consistency_js,n_eff,cv_usage,top1_max_frac,entropy_mean
macro,macro@1,best_valid,session,final,final.expert,expert,12,ScalarGroupConditionalProductWrapper,,,,0.817006595238433,0.6317619394107544,0.7670705547011979,0.0,0.9730144622143728,0.027356333376919076,7.5811432729290535,0.7634624995864927,0.7864813418094314,2.0301851214286355
macro,macro@1,best_valid,session,final,final.group,group,4,ScalarGroupConditionalProductWrapper,,,,0.9249434246382816,0.8879382104155182,0.9036023417016844,0.0,0.9973161355364006,0.0026874724849015176,3.551752841662073,0.35525277256965637,0.9277017562762633,1.2822438539309702
macro,macro@1,best_valid,session,final,final.intra.Exposure,intra,3,ScalarGroupConditionalProductWrapper,,,,0.5341289548382434,0.6132851864784074,0.7512660273677404,0.0,0.9726336654320079,0.027747767759957086,1.839855559435222,0.7940798463201568,0.8341773515784937,0.586800633518748
macro,macro@1,best_valid,session,final,final.intra.Focus,intra,3,ScalarGroupConditionalProductWrapper,,,,0.9358828236402618,0.965294438055068,0.6586574722551449,0.0,0.9955579866260961,0.00445190842882774,2.895883314165204,0.1896139496334761,0.7724383148367633,1.0281723708046009
macro,macro@1,best_valid,session,final,final.intra.Memory,intra,3,ScalarGroupConditionalProductWrapper,,,,0.6577110501669189,0.7189517452546399,0.7242215278526021,0.0,0.964677318217152,0.035961618829570725,2.1568552357639197,0.6252311281790993,0.8161476852350681,0.7225694421061847
macro,macro@1,best_valid,session,final,final.intra.Tempo,intra,3,ScalarGroupConditionalProductWrapper,,,,0.7476413697318363,0.9808624374950873,0.08032539597026188,0.0,0.9744124583415915,0.02592059645389754,2.9425873124852617,0.13968141705747195,0.3868835973135079,0.8213679963040531
