{
  "split": "early_valid",
  "feature_mode": "none",
  "stage_metrics": {
    "macro@1": {
      "mode": "moe",
      "n_slots": 6,
      "expert_names": [
        "Memory_a",
        "Memory_b",
        "Memory_c",
        "Exposure_a",
        "Exposure_b",
        "Exposure_c"
      ],
      "family_names": [
        "Tempo",
        "Focus",
        "Memory",
        "Exposure"
      ],
      "usage_sum": [
        4857.216796875,
        4787.6884765625,
        4453.87890625,
        5956.87890625,
        5581.43701171875,
        6673.89990234375
      ],
      "top1_count": [
        0.0,
        0.0,
        191.0,
        360.0,
        0.0,
        31760.0
      ],
      "entropy_mean": 1.7813287028798241,
      "route_jitter_adjacent": 0.0,
      "route_jitter_session": 0.0,
      "route_consistency_knn_js": 3.188147372051305e-05,
      "route_consistency_knn_score": 0.9999681190344882,
      "route_consistency_group_knn_js": 1.0241487134912123e-05,
      "route_consistency_group_knn_score": 0.9999897585653089,
      "route_consistency_intra_group_knn": {
        "group_names": [
          "Tempo",
          "Focus"
        ],
        "js_by_group": [
          1.0500906872807909e-05,
          3.0129907920716598e-05
        ],
        "score_by_group": [
          0.9999894991482615,
          0.9999698705459804
        ],
        "mean_js": 2.031540739676225e-05,
        "mean_score": 0.999979684847121
      },
      "route_consistency_feature_group_knn": {
        "group_names": [
          "Tempo",
          "Focus"
        ],
        "js_by_group": [
          0.0,
          0.0
        ],
        "score_by_group": [
          1.0,
          1.0
        ],
        "mean_js": 0.0,
        "mean_score": 1.0
      },
      "condition_norm": 0.0,
      "stage_delta_norm": 3.1530571764946766,
      "shared_delta_norm": 6.223977955227955,
      "moe_delta_norm": 3.1530571764946766,
      "residual_delta_norm": 3.1530571764946766,
      "alpha_value": 1.0,
      "alpha_effective": 1.0,
      "usage_share": [
        0.15032702684402466,
        0.1481751799583435,
        0.1378440409898758,
        0.18436071276664734,
        0.1727410852909088,
        0.2065519392490387
      ],
      "n_eff": 5.880722453418299,
      "cv_usage": 0.142417873668138,
      "dead_expert_frac": 0.0,
      "top1_max_frac": 0.9829469839992572,
      "wrapper_name": "GroupConditionalProductWrapper",
      "feature_family_expert_heatmap": {
        "family_names": [
          "Tempo",
          "Focus",
          "Memory",
          "Exposure"
        ],
        "values": [
          [
            0.0,
            0.0,
            0.0,
            0.0,
            0.0,
            0.0
          ],
          [
            0.0,
            0.0,
            0.0,
            0.0,
            0.0,
            0.0
          ],
          [
            934.1388549804688,
            927.6846313476562,
            872.4680786132812,
            1142.827392578125,
            1076.162841796875,
            1283.265380859375
          ],
          [
            3737.80517578125,
            3679.639892578125,
            3418.42724609375,
            4589.001953125,
            4304.2890625,
            5147.4169921875
          ]
        ]
      },
      "position_expert_usage": {
        "values": [
          [
            0.0,
            0.0,
            11.0,
            43.0,
            0.0,
            3609.0
          ],
          [
            0.0,
            0.0,
            11.0,
            43.0,
            0.0,
            3603.0
          ],
          [
            0.0,
            0.0,
            11.0,
            43.0,
            0.0,
            3600.0
          ],
          [
            0.0,
            0.0,
            11.0,
            43.0,
            0.0,
            3593.0
          ],
          [
            0.0,
            0.0,
            11.0,
            35.0,
            0.0,
            2864.0
          ],
          [
            0.0,
            0.0,
            10.0,
            27.0,
            0.0,
            2139.0
          ],
          [
            0.0,
            0.0,
            9.0,
            21.0,
            0.0,
            1827.0
          ],
          [
            0.0,
            0.0,
            9.0,
            13.0,
            0.0,
            1489.0
          ],
          [
            0.0,
            0.0,
            9.0,
            11.0,
            0.0,
            1319.0
          ],
          [
            0.0,
            0.0,
            9.0,
            10.0,
            0.0,
            1119.0
          ],
          [
            0.0,
            0.0,
            9.0,
            8.0,
            0.0,
            1013.0
          ],
          [
            0.0,
            0.0,
            9.0,
            7.0,
            0.0,
            880.0
          ],
          [
            0.0,
            0.0,
            9.0,
            7.0,
            0.0,
            802.0
          ],
          [
            0.0,
            0.0,
            9.0,
            7.0,
            0.0,
            716.0
          ],
          [
            0.0,
            0.0,
            9.0,
            7.0,
            0.0,
            655.0
          ],
          [
            0.0,
            0.0,
            9.0,
            7.0,
            0.0,
            578.0
          ],
          [
            0.0,
            0.0,
            9.0,
            7.0,
            0.0,
            543.0
          ],
          [
            0.0,
            0.0,
            9.0,
            7.0,
            0.0,
            499.0
          ],
          [
            0.0,
            0.0,
            9.0,
            7.0,
            0.0,
            474.0
          ],
          [
            0.0,
            0.0,
            9.0,
            7.0,
            0.0,
            438.0
          ]
        ]
      },
      "route_transition_matrix": {
        "values": [
          [
            0.0,
            0.0,
            0.0,
            0.0,
            0.0,
            0.0
          ],
          [
            0.0,
            0.0,
            0.0,
            0.0,
            0.0,
            0.0
          ],
          [
            0.0,
            0.0,
            180.0,
            0.0,
            0.0,
            0.0
          ],
          [
            0.0,
            0.0,
            0.0,
            317.0,
            0.0,
            0.0
          ],
          [
            0.0,
            0.0,
            0.0,
            0.0,
            0.0,
            0.0
          ],
          [
            0.0,
            0.0,
            0.0,
            0.0,
            0.0,
            28151.0
          ]
        ]
      },
      "group_routing": {
        "group_names": [
          "Tempo",
          "Focus"
        ],
        "group_share": [
          0.43634626269340515,
          0.5636537075042725
        ],
        "group_n_eff": 1.968102532868543,
        "group_cv_usage": 0.12730743907840983,
        "group_top1_max_frac": 0.994274395716629,
        "group_entropy_mean": 0.6848684706833587,
        "group_prior_mean": [
          0.0,
          0.0
        ],
        "factored_group_entropy_mean": 0.0
      },
      "specialization_summary": {
        "mean_top_expert_share": 0.10317087918519974,
        "family_top_expert": [
          {
            "family": "Tempo",
            "expert": "Memory_a",
            "top_share": 0.0
          },
          {
            "family": "Focus",
            "expert": "Memory_a",
            "top_share": 0.0
          },
          {
            "family": "Memory",
            "expert": "Exposure_c",
            "top_share": 0.20576533675193787
          },
          {
            "family": "Exposure",
            "expert": "Exposure_c",
            "top_share": 0.20691817998886108
          }
        ]
      },
      "expert_similarity_mean": 0.06730031967163086,