{
  "model": "DuoRec",
  "dataset": "KuaiRecLargeStrictPosV2_0.2",
  "dataset_raw": "KuaiRecLargeStrictPosV2_0.2",
  "run_group": "baseline",
  "run_axis": "final_all_datasets",
  "run_phase": "TMP_DUOREC_SMOKE",
  "source_result_file": "/workspace/jy1559/FMoE/experiments/run/artifacts/results/baseline/KuaiRecLargeStrictPosV2_0.2_DuoRec_tmp_duorec_smoke_20260327_154636_917776_pid300746.json",
  "best_trial": {
    "trial": 1,
    "mrr@20": 0.0091,
    "best_hr@10": 0.0136,
    "test_mrr@20": 0.0629,
    "test_hr@10": 0.0712,
    "params": {
      "learning_rate": 0.00044127053509803924
    }
  },
  "best_valid_special_metrics": {
    "split": "best_valid",
    "overall": {
      "count": 3664,
      "hit@20": 0.02019650655021834,
      "ndcg@20": 0.011406501385029487,
      "mrr@20": 0.009051138991652682
    },
    "slices": {
      "target_popularity_abs": {
        "rare_1_5": {
          "count": 2910,
          "hit@20": 0.013402061855670102,
          "ndcg@20": 0.0057168327860815825,
          "mrr@20": 0.0036777646066396916
        },
        "6_20": {
          "count": 733,
          "hit@20": 0.023192360163710776,
          "ndcg@20": 0.010674085025897943,
          "mrr@20": 0.007255417613711559
        },
        "21_100": {
          "count": 21,
          "hit@20": 0.8571428571428571,
          "ndcg@20": 0.8253968258698782,
          "mrr@20": 0.8163265309163502
        }
      },
      "target_popularity_abs_legacy": {
        "<=5": {
          "count": 2910,
          "hit@20": 0.013402061855670102,
          "ndcg@20": 0.0057168327860815825,
          "mrr@20": 0.0036777646066396916
        },
        "6-20": {
          "count": 733,
          "hit@20": 0.023192360163710776,
          "ndcg@20": 0.010674085025897943,
          "mrr@20": 0.007255417613711559
        },
        "21-100": {
          "count": 21,
          "hit@20": 0.8571428571428571,
          "ndcg@20": 0.8253968258698782,
          "mrr@20": 0.8163265309163502
        }
      },
      "session_len": {
        "<=7": {
          "count": 2085,
          "hit@20": 0.017266187050359712,
          "ndcg@20": 0.007646884470820713,
          "mrr@20": 0.005115035079794822
        },
        "8-12": {
          "count": 707,
          "hit@20": 0.011315417256011316,
          "ndcg@20": 0.005532419664687787,
          "mrr@20": 0.003964799955550481
        },
        "13+": {
          "count": 872,
          "hit@20": 0.034403669724770644,
          "ndcg@20": 0.02515853927769792,
          "mrr@20": 0.02258648114159293
        }
      },
      "session_len_legacy": {
        "1-2": {
          "count": 7,
          "hit@20": 0.0,
          "ndcg@20": 0.0,
          "mrr@20": 0.0
        },
        "3-5": {
          "count": 1434,
          "hit@20": 0.01603905160390516,
          "ndcg@20": 0.006772547056236027,
          "mrr@20": 0.004341924661767865
        },
        "6-10": {
          "count": 1153,
          "hit@20": 0.015611448395490026,
          "ndcg@20": 0.006727224211018704,
          "mrr@20": 0.004372629437980089
        },
        "11+": {
          "count": 1070,
          "hit@20": 0.0308411214953271,
          "ndcg@20": 0.022733737458692532,
          "mrr@20": 0.020463001456494642
        }
      }
    },
    "counts": {
      "target_popularity_abs": {
        "rare_1_5": 2910,
        "6_20": 733,
        "21_100": 21
      },
      "target_popularity_abs_legacy": {
        "<=5": 2910,
        "6-20": 733,
        "21-100": 21
      },
      "session_len": {
        "<=7": 2085,
        "8-12": 707,
        "13+": 872
      },
      "session_len_legacy": {
        "1-2": 7,
        "3-5": 1434,
        "6-10": 1153,
        "11+": 1070
      }
    },
    "config_snapshot": {
      "target_popularity_abs_bins": [
        "cold_0",
        "rare_1_5",
        "6_20",
        "21_100",
        "101+"
      ],
      "target_popularity_abs_bins_legacy": [
        "<=5",
        "6-20",
        "21-100",
        ">100"
      ],
      "session_len_bins": [
        "<=7",
        "8-12",
        "13+"
      ],
      "session_len_bins_legacy": [
        "1-2",
        "3-5",
        "6-10",
        "11+"
      ],
      "item_count_source": "cached_loader",
      "item_count_definition": "train_interaction_count_per_item",
      "new_user_enabled": false,
      "feature_logging_available": true,
      "split": "best_valid",
      "item_seq_len_field": "item_length",
      "new_user_field": ""
    }
  },
  "early_valid_special_metrics": {},
  "test_special_metrics": {
    "split": "test",
    "overall": {
      "count": 3665,
      "hit@20": 0.07394270122783084,
      "ndcg@20": 0.06546588576262839,
      "mrr@20": 0.06287584733548301
    },
    "slices": {
      "target_popularity_abs": {
        "cold_0": {
          "count": 1685,
          "hit@20": 0.03798219584569733,
          "ndcg@20": 0.032521103486109204,
          "mrr@20": 0.030856986755079616
        },
        "rare_1_5": {
          "count": 1666,
          "hit@20": 0.09603841536614646,
          "ndcg@20": 0.08505451390329673,
          "mrr@20": 0.08174572750425138
        },
        "6_20": {
          "count": 314,
          "hit@20": 0.14968152866242038,
          "ndcg@20": 0.1383235407103399,
          "mrr@20": 0.13457826681577476
        }
      },
      "target_popularity_abs_legacy": {
        "<=5": {
          "count": 3351,
          "hit@20": 0.06684571769621009,
          "ndcg@20": 0.058638877808709744,
          "mrr@20": 0.05615708884046313
        },
        "6-20": {
          "count": 314,
          "hit@20": 0.14968152866242038,
          "ndcg@20": 0.1383235407103399,
          "mrr@20": 0.13457826681577476
        }
      },
      "session_len": {
        "<=7": {
          "count": 2195,
          "hit@20": 0.06287015945330296,
          "ndcg@20": 0.05326877238402877,
          "mrr@20": 0.05037868528166502
        },
        "8-12": {
          "count": 705,
          "hit@20": 0.08652482269503546,
          "ndcg@20": 0.0808614360102525,
          "mrr@20": 0.07907801423195406
        },
        "13+": {
          "count": 765,
          "hit@20": 0.09411764705882353,
          "ndcg@20": 0.08627477588217243,
          "mrr@20": 0.08380230883367701
        }
      },
      "session_len_legacy": {
        "1-2": {
          "count": 4,
          "hit@20": 0.5,
          "ndcg@20": 0.5,
          "mrr@20": 0.5
        },
        "3-5": {
          "count": 1483,
          "hit@20": 0.06271072151045179,
          "ndcg@20": 0.051749017870836134,
          "mrr@20": 0.04845004463951409
        },
        "6-10": {
          "count": 1185,
          "hit@20": 0.06666666666666667,
          "ndcg@20": 0.06069756517430398,
          "mrr@20": 0.058914034885947715
        },
        "11+": {
          "count": 993,
          "hit@20": 0.09768378650553877,
          "ndcg@20": 0.08989130220144297,
          "mrr@20": 0.08738714294491218
        }
      }
    },
    "counts": {
      "target_popularity_abs": {
        "cold_0": 1685,
        "rare_1_5": 1666,
        "6_20": 314
      },
      "target_popularity_abs_legacy": {
        "<=5": 3351,
        "6-20": 314
      },
      "session_len": {
        "<=7": 2195,
        "8-12": 705,
        "13+": 765
      },
      "session_len_legacy": {
        "1-2": 4,
        "3-5": 1483,
        "6-10": 1185,
        "11+": 993
      }
    },
    "config_snapshot": {
      "target_popularity_abs_bins": [
        "cold_0",
        "rare_1_5",
        "6_20",
        "21_100",
        "101+"
      ],
      "target_popularity_abs_bins_legacy": [
        "<=5",
        "6-20",
        "21-100",
        ">100"
      ],
      "session_len_bins": [
        "<=7",
        "8-12",
        "13+"
      ],
      "session_len_bins_legacy": [
        "1-2",
        "3-5",
        "6-10",
        "11+"
      ],
      "item_count_source": "cached_loader",
      "item_count_definition": "train_interaction_count_per_item",