avg_epoch_time_sec,early_stopped,epochs_run,mrr@20,status,test_hr@10,test_inference_time_sec,test_mrr@20,trial
65.37651937553682,True,83,0.0727,ok,0.145,0.18868398666381836,0.0552,1
65.39256483183966,True,45,0.0612,ok,0.131,0.2006516456604004,0.047,2
