stage_name,stage_key,split,aggregation_level,node_kind,node_name,route_space,support_size,wrapper_name,source_type,temperature,top_k,entropy_norm,n_eff_norm,top1_monopoly_norm,jitter_adj_norm,knn_consistency_score,knn_consistency_js,n_eff,cv_usage,top1_max_frac,entropy_mean
macro,macro@1,best_valid,session,final,final.expert,expert,16,FlatJointWrapper,,,,0.9418815347280537,0.9967181263722743,0.06147457676336499,0.7225757190124714,0.9633036272905823,0.037386623741809386,15.947490021956389,0.05738369344971737,0.12013241571565468,2.6114501208728984
macro,macro@1,best_valid,session,final,final.group,group,4,FlatJointWrapper,,,,0.9777198063549829,0.999029744228574,0.06600458808839327,0.0,0.993131977423201,0.0068917159907760555,3.996118976914296,0.031165165826678276,0.29950344106629495,1.3554074543051442
macro,macro@1,best_valid,session,final,final.intra.Exposure,intra,4,FlatJointWrapper,,,,0.9005422231240464,0.9913657685458707,0.10480006969248194,0.0,0.967191922812505,0.03335833082012102,3.9654630741834827,0.09332393109798431,0.32860005226936145,1.248416605867236
macro,macro@1,best_valid,session,final,final.intra.Focus,intra,4,FlatJointWrapper,,,,0.9161112945061188,0.9984188087137029,0.10712315242326564,0.0,0.9715115117623631,0.028902160762522437,3.9936752348548117,0.03979559242725372,0.33034236431744923,1.2699999217320759
macro,macro@1,best_valid,session,final,final.intra.Memory,intra,4,FlatJointWrapper,,,,0.9038996552796673,0.9968940231574484,0.020356012428492647,0.0,0.9690171551124757,0.031472963313640266,3.9875760926297934,0.05581824481487274,0.2652670093213695,1.2530709951324157
macro,macro@1,best_valid,session,final,final.intra.Tempo,intra,4,FlatJointWrapper,,,,0.9337315231239705,0.9989829880335561,0.0251183320265993,0.0,0.9757843393411871,0.024513680774906794,3.9959319521342245,0.03190673887729645,0.2688387490199495,1.294426745306647
