best_mrr20,epoch,epoch_time_sec,eval,lr,patience_used,train_loss,trial,valid_mrr20
0.0132,1,17.58316707611084,1,0.0005476,0,695.8730521202087,1,0.0132
0.0156,3,16.85434603691101,1,0.0005476,0,602.4200611114502,1,0.0156
0.018,10,17.220058917999268,1,0.0005476,2,516.2050604820251,1,0.0176
0.019,26,16.343910455703735,1,0.0005476,0,446.9567542076111,1,0.019
0.019,36,17.252044916152954,1,0.0005476,10,419.1458854675293,1,0.0154
