{
  "split": "best_valid",
  "feature_mode": "runtime:unknown|ablation:none",
  "stages": [
    {
      "stage": "macro@1",
      "n_eff": 7.75380495736606,
      "cv_usage": 0.7400183159107472,
      "top1_max_frac": 0.2725856110587496,
      "entropy_mean": 1.6524671288387527,
      "route_jitter_adjacent": 0.5237364418616682,
      "route_consistency_knn_js": 0.10284081841504865,
      "route_consistency_knn_score": 0.9022705869129862,
      "route_consistency_group_knn_js": 0.041856227228604395,
      "route_consistency_group_knn_score": 0.9590076498489315,
      "route_consistency_intra_group_knn_mean_js": 0.09558103630682377,
      "route_consistency_intra_group_knn_mean_score": 0.9090863065276793,
      "route_consistency_feature_group_knn_mean_score": 0.8461203750969535,
      "family_top_expert_mean_share": 0.18095692992210388,
      "route_consistency_feature_group_knn_tempo_js": 0.16786507167490966,
      "route_consistency_feature_group_knn_tempo_score": 0.8454679045571368,
      "route_consistency_feature_group_knn_focus_js": 0.16692192241648907,
      "route_consistency_feature_group_knn_focus_score": 0.8462656831373391,
      "route_consistency_feature_group_knn_memory_js": 0.1672430695914798,
      "route_consistency_feature_group_knn_memory_score": 0.8459939509392572,
      "route_consistency_feature_group_knn_exposure_js": 0.16634510851860754,
      "route_consistency_feature_group_knn_exposure_score": 0.8467539617540809
    }
  ]
}
