{
  "split": "best_valid",
  "feature_mode": "none",
  "stages": [
    {
      "stage": "macro@1",
      "n_eff": 3.7728833097320336,
      "cv_usage": 0.24535086750984192,
      "top1_max_frac": 0.37870176488184265,
      "entropy_mean": 1.1781231888460963,
      "route_jitter_adjacent": 0.5780559646539027,
      "route_consistency_knn_js": 0.019820277200361187,
      "route_consistency_knn_score": 0.9803748531878208,
      "route_consistency_group_knn_js": 0.019820277200361187,
      "route_consistency_group_knn_score": 0.9803748531878208,
      "route_consistency_intra_group_knn_mean_js": 0.0,
      "route_consistency_intra_group_knn_mean_score": 1.0,
      "route_consistency_feature_group_knn_mean_score": 0.9747506399745931,
      "family_top_expert_mean_share": 0.3260171413421631,
      "route_consistency_feature_group_knn_tempo_js": 0.02504306470758417,
      "route_consistency_feature_group_knn_tempo_score": 0.975267911496544,
      "route_consistency_feature_group_knn_focus_js": 0.02657393557413153,
      "route_consistency_feature_group_knn_focus_score": 0.9737760444829867,
      "route_consistency_feature_group_knn_memory_js": 0.0270291469884261,
      "route_consistency_feature_group_knn_memory_score": 0.9733328713889496,
      "route_consistency_feature_group_knn_exposure_js": 0.0236517786029043,
      "route_consistency_feature_group_knn_exposure_score": 0.9766257325298923
    }
  ]
}
