best_mrr20,epoch,epoch_time_sec,eval,lr,patience_used,train_loss,trial,valid_mrr20
0.0132,1,17.7364342212677,1,0.0005476,0,669.1664662361145,1,0.0132
0.0166,3,17.028602361679077,1,0.0005476,0,581.8312773704529,1,0.0166
0.018,10,16.6228506565094,1,0.0005476,0,517.6697535514832,1,0.018
0.018,20,16.812920570373535,1,0.0005476,10,484.91941261291504,1,0.0167
