stage_name,stage_key,split,aggregation_level,node_kind,node_name,route_space,support_size,wrapper_name,source_type,temperature,top_k,entropy_norm,n_eff_norm,top1_monopoly_norm,jitter_adj_norm,knn_consistency_score,knn_consistency_js,n_eff,cv_usage,top1_max_frac,entropy_mean
macro,macro@1,best_valid,session,final,final.expert,expert,16,FlatJointWrapper,,,,0.8998617122394789,0.8570970832202608,0.2081773697885754,0.8610269128318178,0.9745661788224995,0.025762851799035216,13.713553331524173,0.4083248620226897,0.25766628417678944,2.4949464349305583
macro,macro@1,best_valid,session,final,final.group,group,4,FlatJointWrapper,,,,0.9297411517378316,0.9199375654632128,0.3826349595747767,0.0,0.9922707488992476,0.007759276578412052,3.6797502618528513,0.29500895738601685,0.5369762196810826,1.2888949159552685
macro,macro@1,best_valid,session,final,final.intra.Exposure,intra,4,FlatJointWrapper,,,,0.8806650068175534,0.9324382515626768,0.2850340943562959,0.0,0.9861005974440543,0.01399690377845121,3.729753006250707,0.2691786289215088,0.4637755707672219,1.2208609329867843
macro,macro@1,best_valid,session,final,final.intra.Focus,intra,4,FlatJointWrapper,,,,0.8885886503577057,0.9596640824272021,0.19550508447750561,0.0,0.9842245949456243,0.015901161078283807,3.8386563297088085,0.20501561194751333,0.3966288133581292,1.2318454353460215
macro,macro@1,best_valid,session,final,final.intra.Memory,intra,4,FlatJointWrapper,,,,0.8387122919729735,0.8817859643892771,0.39503290731874596,0.0,0.9825446218152852,0.017609519664135345,3.5271438575571086,0.36614489555358887,0.5462746804890595,1.1627021209640724
macro,macro@1,best_valid,session,final,final.intra.Tempo,intra,4,FlatJointWrapper,,,,0.8871124545553108,0.9484211819967251,0.21761036151888047,0.0,0.9819497420647422,0.018215151097509444,3.7936847279869004,0.2332034558057785,0.41320777113916035,1.2297989934292526
