{
  "split": "best_valid",
  "feature_mode": "none",
  "stage_metrics": {
    "macro@1": {
      "mode": "moe",
      "n_slots": 4,
      "expert_names": [
        "Tempo",
        "Focus",
        "Memory",
        "Exposure"
      ],
      "family_names": [
        "Tempo",
        "Focus",
        "Memory",
        "Exposure"
      ],
      "usage_sum": [
        7666.97412109375,
        7253.04736328125,
        6075.7392578125,
        6551.23876953125
      ],
      "top1_count": [
        7341.0,
        6346.0,
        8045.0,
        5815.0
      ],
      "entropy_mean": 1.1326102001522398,
      "route_jitter_adjacent": 0.3836758091542464,
      "route_jitter_session": 0.27619398070722634,
      "route_consistency_knn_js": 0.02374796065297012,
      "route_consistency_knn_score": 0.9765318031820215,
      "route_consistency_group_knn_js": 0.02374796065297012,
      "route_consistency_group_knn_score": 0.9765318031820215,
      "route_consistency_intra_group_knn": {
        "group_names": [
          "Tempo",
          "Focus",
          "Memory",
          "Exposure"
        ],
        "js_by_group": [
          0.0,
          0.0,
          0.0,
          0.0
        ],
        "score_by_group": [
          1.0,
          1.0,
          1.0,
          1.0
        ],
        "mean_js": 0.0,
        "mean_score": 1.0
      },
      "route_consistency_feature_group_knn": {
        "group_names": [
          "Tempo",
          "Focus",
          "Memory",
          "Exposure"
        ],
        "js_by_group": [
          0.05370178661397361,
          0.05489408438591086,
          0.05841675556815119,
          0.05093877686198719
        ],
        "score_by_group": [
          0.9477146855706446,
          0.9465854008182337,
          0.9432567580044522,
          0.9503368513556116
        ],
        "mean_js": 0.05448785085750571,
        "mean_score": 0.9469734239372356
      },
      "condition_norm": 0.0,
      "stage_delta_norm": 3.9197320580458,
      "shared_delta_norm": 6.277418521513658,
      "moe_delta_norm": 3.9197320580458,
      "residual_delta_norm": 3.9197320580458,
      "alpha_value": 1.0,
      "alpha_effective": 1.0,
      "usage_share": [
        0.27832338213920593,
        0.2632971704006195,
        0.2205590158700943,
        0.23782040178775787
      ],
      "n_eff": 3.968346358355252,
      "cv_usage": 0.0893116572088991,
      "dead_expert_frac": 0.0,
      "top1_max_frac": 0.2920463208334846,
      "wrapper_name": "FlatJointWrapper",
      "feature_family_expert_heatmap": {
        "family_names": [
          "Tempo",
          "Focus",
          "Memory",
          "Exposure"
        ],
        "values": [
          [
            3056.109375,
            2896.9423828125,
            2438.13671875,
            2606.90625
          ],
          [
            4049.09375,
            3854.5908203125,
            3176.40869140625,
            3445.697509765625
          ],
          [
            3496.09033203125,
            3292.53173828125,
            2816.5546875,
            3008.740966796875
          ],
          [
            3620.293701171875,
            3499.508544921875,
            2938.965087890625,
            3163.1015625
          ]
        ]
      },
      "position_expert_usage": {
        "values": [
          [
            865.0,
            942.0,
            2437.0,
            625.0
          ],
          [
            992.0,
            984.0,
            1466.0,
            1427.0
          ],
          [
            1068.0,
            1307.0,
            1298.0,
            1196.0
          ],
          [
            953.0,
            615.0,
            763.0,
            934.0
          ],
          [
            699.0,
            689.0,
            550.0,
            449.0
          ],
          [
            599.0,
            528.0,
            334.0,
            451.0
          ],
          [
            572.0,
            370.0,
            412.0,
            247.0
          ],
          [
            458.0,
            425.0,
            322.0,
            182.0
          ],
          [
            458.0,
            294.0,
            388.0,
            104.0
          ],
          [
            677.0,
            192.0,
            75.0,
            200.0
          ]
        ]
      },
      "route_transition_matrix": {
        "values": [
          [
            4610.0,
            297.0,
            465.0,
            662.0
          ],
          [
            343.0,
            3817.0,
            561.0,
            515.0
          ],
          [
            773.0,
            738.0,
            3412.0,
            1875.0
          ],
          [
            750.0,
            552.0,
            1170.0,
            2138.0
          ]
        ]
      },
      "group_routing": {
        "group_names": [
          "Tempo",
          "Focus",
          "Memory",
          "Exposure"
        ],
        "group_share": [
          0.27832338213920593,
          0.2632971704006195,
          0.2205590158700943,
          0.23782040178775787
        ],
        "group_n_eff": 3.968346358355252,
        "group_cv_usage": 0.08931165159205176,
        "group_top1_max_frac": 0.2920463208334846,
        "group_entropy_mean": 1.1326102001522398,
        "group_prior_mean": [
          0.0,
          0.0,
          0.0,
          0.0
        ],
        "factored_group_entropy_mean": 0.0
      },
      "specialization_summary": {
        "mean_top_expert_share": 0.27690017223358154,
        "family_top_expert": [
          {
            "family": "Tempo",
            "expert": "Tempo",
            "top_share": 0.27787625789642334
          },
          {
            "family": "Focus",
            "expert": "Tempo",
            "top_share": 0.27875202894210815
          },
          {
            "family": "Memory",
            "expert": "Tempo",
            "top_share": 0.2771613299846649
          },
          {
            "family": "Exposure",
            "expert": "Tempo",
            "top_share": 0.2738110423088074
          }
        ]
      },
      "expert_similarity_mean": 0.17711907625198364,
      "expert_similarity_max": 0.3273703455924988
    }
  },
  "scalar_metrics": {
    "macro_1.entropy_mean": 1.1326102001522398,
    "macro_1.n_eff": 3.968346358355252,
    "macro_1.cv_usage": 0.0893116572088991,
    "macro_1.dead_expert_frac": 0.0,
    "macro_1.top1_max_frac": 0.2920463208334846,
    "macro_1.route_jitter_adjacent": 0.3836758091542464,
    "macro_1.route_jitter_session": 0.27619398070722634,
    "macro_1.route_consistency_knn_js": 0.02374796065297012,
    "macro_1.route_consistency_knn_score": 0.9765318031820215,
    "macro_1.route_consistency_group_knn_js": 0.02374796065297012,
    "macro_1.route_consistency_group_knn_score": 0.9765318031820215,
    "macro_1.route_consistency_intra_group_knn_mean_js": 0.0,
    "macro_1.route_consistency_intra_group_knn_mean_score": 1.0,
    "macro_1.route_consistency_feature_group_knn_mean_js": 0.05448785085750571,
    "macro_1.route_consistency_feature_group_knn_mean_score": 0.9469734239372356,
    "macro_1.route_consistency_feature_group_knn_tempo_js": 0.05370178661397361,
    "macro_1.route_consistency_feature_group_knn_tempo_score": 0.9477146855706446,
    "macro_1.route_consistency_feature_group_knn_focus_js": 0.05489408438591086,
    "macro_1.route_consistency_feature_group_knn_focus_score": 0.9465854008182337,
    "macro_1.route_consistency_feature_group_knn_memory_js": 0.05841675556815119,
    "macro_1.route_consistency_feature_group_knn_memory_score": 0.9432567580044522,
    "macro_1.route_consistency_feature_group_knn_exposure_js": 0.05093877686198719,
    "macro_1.route_consistency_feature_group_knn_exposure_score": 0.9503368513556116,
    "macro_1.condition_norm": 0.0,
    "macro_1.stage_delta_norm": 3.9197320580458,
    "macro_1.shared_delta_norm": 6.277418521513658,
    "macro_1.moe_delta_norm": 3.9197320580458,