stage_name,stage_key,split,aggregation_level,node_kind,node_name,route_space,support_size,wrapper_name,source_type,temperature,top_k,entropy_norm,n_eff_norm,top1_monopoly_norm,jitter_adj_norm,knn_consistency_score,knn_consistency_js,n_eff,cv_usage,top1_max_frac,entropy_mean
macro,macro@1,best_valid,session,final,final.expert,expert,12,GroupConditionalProductWrapper,,,,0.8289130462570389,0.8300857764874515,0.1887674440883067,0.2345120952462443,0.9874623230307459,0.012616936827654024,9.961029317849418,0.4524320527186378,0.2563701570809478,2.0597715407401442
macro,macro@1,best_valid,session,final,final.group,group,4,GroupConditionalProductWrapper,,,,0.9008541437966449,0.9652059721990661,0.25144361888014105,0.0,0.9955784887065995,0.004431315083511519,3.8608238887962645,0.18986375629901886,0.4385827141601058,1.2488490197367759
macro,macro@1,best_valid,session,final,final.intra.Exposure,intra,3,GroupConditionalProductWrapper,,,,0.6954770761064355,0.9653409266140901,0.15710891408090533,0.0,0.9893429624280095,0.0107142304979317,2.89602277984227,0.18948203505629196,0.4380726093872702,0.7640596622974962
macro,macro@1,best_valid,session,final,final.intra.Focus,intra,3,GroupConditionalProductWrapper,,,,0.8149760906359221,0.9137445408592192,0.6732409775218304,0.0,0.9927198310149329,0.0073067987400873965,2.7412336225776577,0.30724227257841014,0.7821606516812203,0.8953427481433193
macro,macro@1,best_valid,session,final,final.intra.Memory,intra,3,GroupConditionalProductWrapper,,,,0.8173984275662073,0.865116814146378,0.3215203806992462,0.0,0.9934417574644208,0.006579842297602452,2.595350442439134,0.3948583485228315,0.5476802537994975,0.8980039572622251
macro,macro@1,best_valid,session,final,final.intra.Tempo,intra,3,GroupConditionalProductWrapper,,,,0.5299896453332846,0.7523693926958909,0.27576868090932893,0.0,0.9915825207055687,0.00845310634075668,2.2571081780876727,0.5737022288530401,0.5171791206062193,0.5822531372299996
