stage_name,stage_key,split,aggregation_level,node_kind,node_name,route_space,support_size,wrapper_name,source_type,temperature,top_k,entropy_norm,n_eff_norm,top1_monopoly_norm,jitter_adj_norm,knn_consistency_score,knn_consistency_js,n_eff,cv_usage,top1_max_frac,entropy_mean
mid,mid@1,best_valid,session,final,final.expert,expert,12,FlatJointWrapper,,,,0.913509637556342,0.9876475009769944,0.03979504696840308,0.6796884658177772,0.9556653115152015,0.045347519784762494,11.851770011723932,0.11183493623629402,0.11981212638770282,2.26998617300918
mid,mid@1,best_valid,session,final,final.group,group,4,FlatJointWrapper,,,,0.9464311085524447,0.9963344486054347,0.12132080842584687,0.0,0.9852633574640163,0.014846305562724925,3.985337794421739,0.06065574288368225,0.34099060631938516,1.3120321089747011
mid,mid@1,best_valid,session,final,final.intra.Exposure,intra,3,FlatJointWrapper,,,,0.8865097388290181,0.9979911945676476,0.051836037574722486,0.0,0.9673757419468992,0.03316829442253629,2.993973583702943,0.04486510890663319,0.36789069171648164,0.9739304931015158
mid,mid@1,best_valid,session,final,final.intra.Focus,intra,3,FlatJointWrapper,,,,0.8702484235661917,0.992205283133845,0.1659692570452605,0.0,0.9655608195031181,0.035046186344428014,2.976615849401535,0.0886338624765318,0.44397950469684033,0.9560656123238684
mid,mid@1,best_valid,session,final,final.intra.Memory,intra,3,FlatJointWrapper,,,,0.9058328059471269,0.9992028278201596,0.11280956447480787,0.0,0.9778459738158416,0.022403112336174293,2.997608483460479,0.028247121542520615,0.4085397096498719,0.9951590520922289
mid,mid@1,best_valid,session,final,final.intra.Tempo,intra,3,FlatJointWrapper,,,,0.8889878570466911,0.9825679451891453,0.08847139197267291,0.0,0.9740906977549253,0.026250860829999913,2.947703835567436,0.1331965734602042,0.39231426131511526,0.9766529842282238
