{
  "split": "best_valid",
  "feature_mode": "runtime:unknown|ablation:none",
  "stages": [
    {
      "stage": "macro@1",
      "n_eff": 10.551731403182334,
      "cv_usage": 0.37047790789867546,
      "top1_max_frac": 0.39116496157654046,
      "entropy_mean": 1.8888556681969262,
      "route_jitter_adjacent": 0.0,
      "route_consistency_knn_js": 0.019285955244749853,
      "route_consistency_knn_score": 0.9808988289700243,
      "route_consistency_group_knn_js": 0.0007956536530460897,
      "route_consistency_group_knn_score": 0.9992046627953883,
      "route_consistency_intra_group_knn_mean_js": 0.01585082008275797,
      "route_consistency_intra_group_knn_mean_score": 0.9844716795625972,
      "route_consistency_feature_group_knn_mean_score": 0.9624530009272053,
      "family_top_expert_mean_share": 0.12748382985591888,
      "route_consistency_feature_group_knn_tempo_js": 0.04033604361634621,
      "route_consistency_feature_group_knn_tempo_score": 0.9604666262372907,
      "route_consistency_feature_group_knn_focus_js": 0.008153208817307762,
      "route_consistency_feature_group_knn_focus_score": 0.9918799384430159,
      "route_consistency_feature_group_knn_memory_js": 0.0417248321687687,
      "route_consistency_feature_group_knn_memory_score": 0.9591336669953002,
      "route_consistency_feature_group_knn_exposure_js": 0.06365169098560458,
      "route_consistency_feature_group_knn_exposure_score": 0.9383317720332145
    }
  ]
}
