best_mrr20,epoch,epoch_time_sec,eval,lr,patience_used,train_loss,trial,valid_mrr20
0.0284,1,17.295762538909912,1,0.000388664,0,819.758864402771,1,0.0284
0.1429,3,15.693386316299438,1,0.000388664,0,627.9068555831909,1,0.1429
0.204,10,15.298988819122314,1,0.000388664,2,310.90217304229736,1,0.2021
0.2055,11,15.55973196029663,1,0.000388664,0,284.88808250427246,1,0.2055
0.2055,21,15.416858434677124,1,0.000388664,10,121.9222537279129,1,0.1848
