{
  "split": "best_valid",
  "feature_mode": "none",
  "stages": [
    {
      "stage": "macro@1",
      "n_eff": 3.6367462497688723,
      "cv_usage": 0.31604488587646995,
      "top1_max_frac": 0.5482530764056504,
      "entropy_mean": 1.3011147951865627,
      "route_jitter_adjacent": 0.0,
      "route_consistency_knn_js": 0.002764755809399086,
      "route_consistency_knn_score": 0.9972390626081358,
      "route_consistency_group_knn_js": 0.002764755809399086,
      "route_consistency_group_knn_score": 0.9972390626081358,
      "route_consistency_intra_group_knn_mean_js": 0.0,
      "route_consistency_intra_group_knn_mean_score": 1.0,
      "route_consistency_feature_group_knn_mean_score": 0.992208490155206,
      "family_top_expert_mean_share": 0.31872642040252686,
      "route_consistency_feature_group_knn_tempo_js": 0.0026978934005384074,
      "route_consistency_feature_group_knn_tempo_score": 0.9973057426432408,
      "route_consistency_feature_group_knn_focus_js": 0.009742572192431655,
      "route_consistency_feature_group_knn_focus_score": 0.9903047329149125,
      "route_consistency_feature_group_knn_memory_js": 0.010517980548851011,
      "route_consistency_feature_group_knn_memory_score": 0.9895371399870541,
      "route_consistency_feature_group_knn_exposure_js": 0.008348406093670458,
      "route_consistency_feature_group_knn_exposure_score": 0.9916863450756168
    }
  ]
}
