best_mrr20,epoch,epoch_time_sec,eval,lr,patience_used,train_loss,trial,valid_mrr20
0.0134,1,17.996431827545166,1,0.0005476,0,686.6595664024353,1,0.0134
0.018,3,17.314061164855957,1,0.0005476,0,584.7669215202332,1,0.018
0.0188,5,17.503419399261475,1,0.0005476,0,544.6339778900146,1,0.0188
0.0188,10,17.367398262023926,1,0.0005476,5,489.6795334815979,1,0.0183
0.0188,15,17.24319100379944,1,0.0005476,10,446.97676038742065,1,0.0175
