stage_name,stage_key,split,aggregation_level,node_kind,node_name,route_space,support_size,wrapper_name,source_type,temperature,top_k,entropy_norm,n_eff_norm,top1_monopoly_norm,jitter_adj_norm,knn_consistency_score,knn_consistency_js,n_eff,cv_usage,top1_max_frac,entropy_mean
macro,macro@1,best_valid,session,final,final.expert,expert,12,GroupConditionalProductWrapper,,,,0.8860732193825659,0.9871416700395681,0.12960505321015156,0.644034274957523,0.9896934214269436,0.01036005913912637,11.845700040474817,0.11413034926291117,0.20213796544263893,2.2018092350428
macro,macro@1,best_valid,session,final,final.group,group,4,GroupConditionalProductWrapper,,,,0.9125076691280098,0.9920224142027256,0.0950860652650718,0.0,0.9952502640781576,0.00476105176323005,3.9680896568109025,0.08967567769740091,0.32131454894880385,1.265004236190815
macro,macro@1,best_valid,session,final,final.intra.Exposure,intra,3,GroupConditionalProductWrapper,,,,0.770266560779639,0.9751027398773003,0.24310183973313468,0.0,0.993432299799584,0.006589362442880094,2.925308219631901,0.15979003802567607,0.49540122648875645,0.8462243092226328
macro,macro@1,best_valid,session,final,final.intra.Focus,intra,3,GroupConditionalProductWrapper,,,,0.9763360712408119,0.9942506420440349,0.46021853962373055,0.0,0.9989158780263147,0.001084710058988156,2.9827519261321047,0.07604333904256406,0.640145693082487,1.072614805735099
macro,macro@1,best_valid,session,final,final.intra.Memory,intra,3,GroupConditionalProductWrapper,,,,0.8418105968346915,0.9986875912744627,0.39226385840565403,0.0,0.9922328486528925,0.007797472776601375,2.9960627738233883,0.03625121604647589,0.594842572270436,0.9248234664136279
macro,macro@1,best_valid,session,final,final.intra.Tempo,intra,3,GroupConditionalProductWrapper,,,,0.8287411183870661,0.9959476369922377,0.1692943774372605,0.0,0.9931655220958687,0.0068579399097217905,2.987842910976713,0.06378589555193238,0.44619625162484033,0.9104651767845836
