stage_name,stage_key,split,aggregation_level,node_kind,node_name,route_space,support_size,wrapper_name,source_type,temperature,top_k,entropy_norm,n_eff_norm,top1_monopoly_norm,jitter_adj_norm,knn_consistency_score,knn_consistency_js,n_eff,cv_usage,top1_max_frac,entropy_mean
macro,macro@1,best_valid,session,final,final.expert,expert,12,ScalarGroupConditionalProductWrapper,,,,0.7806895636869318,0.7170367722469099,0.43042718652474754,0.0,0.9794485337643231,0.020765586352854665,8.604441266962919,0.6281945999628782,0.4778915876476852,1.9399406882257493
macro,macro@1,best_valid,session,final,final.group,group,4,ScalarGroupConditionalProductWrapper,,,,0.8670774580121886,0.8705315201826116,0.30077920321822765,0.0,0.9978928742838667,0.002109348828992905,3.4821260807304464,0.3856465816497803,0.4755844024136707,1.2020245906964657
macro,macro@1,best_valid,session,final,final.intra.Exposure,intra,3,ScalarGroupConditionalProductWrapper,,,,0.3914185207683483,0.45668072812540544,0.9858526443892298,0.0,0.9901413655921487,0.009907552520103842,1.3700421843762163,1.0907399329322596,0.9905684295928199,0.4300171969284012
macro,macro@1,best_valid,session,final,final.intra.Focus,intra,3,ScalarGroupConditionalProductWrapper,,,,0.708312225333294,0.8754294581846539,0.29890725622432934,0.0,0.9682046627580573,0.03231178558434145,2.626288374553962,0.37722235578631697,0.5326048374828862,0.7781605149650119
macro,macro@1,best_valid,session,final,final.intra.Memory,intra,3,ScalarGroupConditionalProductWrapper,,,,0.7053287734445618,0.7373665361557445,0.4985675168601998,0.0,0.9998198009889114,0.0001802152488810644,2.2120996084672337,0.5968061507700041,0.6657116779067999,0.7748828580574008
macro,macro@1,best_valid,session,final,final.intra.Tempo,intra,3,ScalarGroupConditionalProductWrapper,,,,0.7038496231623343,0.9134071796952367,0.43779473657522444,0.0,0.9878195793982167,0.012255209854985427,2.74022153908571,0.30789932436051,0.6251964910501496,0.7732578453805588
