{
  "split": "best_valid",
  "feature_mode": "none",
  "stages": [
    {
      "stage": "macro@1",
      "n_eff": 9.654997268615318,
      "cv_usage": 0.4928281756392665,
      "top1_max_frac": 0.9630427755629781,
      "entropy_mean": 2.3473194002981,
      "route_jitter_adjacent": 0.0,
      "route_consistency_knn_js": 0.004658488622220049,
      "route_consistency_knn_score": 0.9953523453061288,
      "route_consistency_group_knn_js": 0.0026587346990846437,
      "route_consistency_group_knn_score": 0.9973447966057213,
      "route_consistency_intra_group_knn_mean_js": 0.0018266386630092903,
      "route_consistency_intra_group_knn_mean_score": 0.9981763090131762,
      "route_consistency_feature_group_knn_mean_score": 0.9877933817142077,
      "family_top_expert_mean_share": 0.21559463441371918,
      "route_consistency_feature_group_knn_tempo_js": 0.008993070852623629,
      "route_consistency_feature_group_knn_tempo_score": 0.9910472458615156,
      "route_consistency_feature_group_knn_focus_js": 0.011268189444682298,
      "route_consistency_feature_group_knn_focus_score": 0.9887950588146333,
      "route_consistency_feature_group_knn_memory_js": 0.015548358272913355,
      "route_consistency_feature_group_knn_memory_score": 0.9845718934041686,
      "route_consistency_feature_group_knn_exposure_js": 0.013329110441292378,
      "route_consistency_feature_group_knn_exposure_score": 0.9867593287765132
    }
  ]
}
