{
  "split": "best_valid",
  "feature_mode": "none",
  "stages": [
    {
      "stage": "macro@1",
      "n_eff": 11.60123406305138,
      "cv_usage": 0.18539990267156103,
      "top1_max_frac": 0.21361379670760386,
      "entropy_mean": 2.3522718921478964,
      "route_jitter_adjacent": 0.0,
      "route_consistency_knn_js": 0.00870947317757525,
      "route_consistency_knn_score": 0.991328344413869,
      "route_consistency_group_knn_js": 0.004365203697014106,
      "route_consistency_group_knn_score": 0.9956443099565979,
      "route_consistency_intra_group_knn_mean_js": 0.004320878142909527,
      "route_consistency_intra_group_knn_mean_score": 0.9956885018782786,
      "route_consistency_feature_group_knn_mean_score": 0.9696079407594163,
      "family_top_expert_mean_share": 0.10956716537475586,
      "route_consistency_feature_group_knn_tempo_js": 0.0335109114176967,
      "route_consistency_feature_group_knn_tempo_score": 0.9670443593488989,
      "route_consistency_feature_group_knn_focus_js": 0.02423496522038744,
      "route_consistency_feature_group_knn_focus_score": 0.9760563435185546,
      "route_consistency_feature_group_knn_memory_js": 0.03444228704906168,
      "route_consistency_feature_group_knn_memory_score": 0.9661440971043891,
      "route_consistency_feature_group_knn_exposure_js": 0.031297741362362436,
      "route_consistency_feature_group_knn_exposure_score": 0.9691869630658221
    }
  ]
}
