best_mrr20,epoch,epoch_time_sec,eval,lr,patience_used,train_loss,trial,valid_mrr20
0.0412,1,36.206669092178345,1,0.00129037,0,1344.6523761749268,1,0.0412
0.0654,3,35.262877225875854,1,0.00129037,0,1099.2558288574219,1,0.0654
0.0854,10,34.23265266418457,1,0.00129037,0,1013.1573686599731,1,0.0854
0.0906,24,35.51920509338379,1,0.00129037,0,950.0501623153687,1,0.0906
0.0906,34,34.9849750995636,1,0.00129037,10,922.1005821228027,1,0.0877
