stage_name,stage_key,split,aggregation_level,node_kind,node_name,route_space,support_size,wrapper_name,source_type,temperature,top_k,entropy_norm,n_eff_norm,top1_monopoly_norm,jitter_adj_norm,knn_consistency_score,knn_consistency_js,n_eff,cv_usage,top1_max_frac,entropy_mean
macro,macro@1,best_valid,session,final,final.expert,expert,12,GroupConditionalProductWrapper,,,,0.9132042850001413,0.9743965601229988,0.7027242361104848,0.0,0.9958533759882087,0.0041552450976602906,11.692758721475986,0.16209871252194494,0.7274972164346111,2.269227400411747
macro,macro@1,best_valid,session,final,final.group,group,4,GroupConditionalProductWrapper,,,,0.8682096212810331,0.9774611785057556,0.6489069682838906,0.0,0.9965661425677113,0.0034397666522120304,3.9098447140230226,0.1518501490354538,0.736680226212918,1.2035941022519319
macro,macro@1,best_valid,session,final,final.intra.Exposure,intra,3,GroupConditionalProductWrapper,,,,0.9916470499820548,0.9932718935942839,0.6258722756887256,0.0,0.9996316948080416,0.00036837303297355934,2.9798156807828518,0.08230200537139161,0.7505815171258171,1.0894356351317647
macro,macro@1,best_valid,session,final,final.intra.Focus,intra,3,GroupConditionalProductWrapper,,,,0.9902741858089791,0.9985852318008369,0.720689883255614,0.0,0.9998572647628696,0.00014274542477377917,2.9957556954025106,0.037639396074730276,0.8137932555037427,1.0879273896805515
macro,macro@1,best_valid,session,final,final.intra.Memory,intra,3,GroupConditionalProductWrapper,,,,0.9579431747572351,0.9987114008846908,0.6418791546780434,0.0,0.99854661211035,0.001454445082293711,2.9961342026540723,0.03592044659941058,0.7612527697853623,1.0524081436340411
macro,macro@1,best_valid,session,final,final.intra.Tempo,intra,3,GroupConditionalProductWrapper,,,,0.8945627166262452,0.8829738420327663,0.7588385091113536,0.0,0.9993339055171963,0.00066631642229429,2.648921526098299,0.36405541407896835,0.8392256727409024,0.982777593469921
