cv_usage,entropy_mean,family_top_expert_mean_share,n_eff,route_consistency_feature_group_knn_exposure_js,route_consistency_feature_group_knn_exposure_score,route_consistency_feature_group_knn_focus_js,route_consistency_feature_group_knn_focus_score,route_consistency_feature_group_knn_mean_score,route_consistency_feature_group_knn_memory_js,route_consistency_feature_group_knn_memory_score,route_consistency_feature_group_knn_tempo_js,route_consistency_feature_group_knn_tempo_score,route_consistency_group_knn_js,route_consistency_group_knn_score,route_consistency_intra_group_knn_mean_js,route_consistency_intra_group_knn_mean_score,route_consistency_knn_js,route_consistency_knn_score,route_jitter_adjacent,stage,top1_max_frac
0.33280236027233717,2.3056729884659517,0.14688646793365479,10.803439354306892,0.019672080904253895,0.9805201518759576,0.020673899556541826,0.9795383403795147,0.9795121735175012,0.02193126694820172,0.978307474798727,0.020526507678254053,0.9796827270158055,0.0055212665196996856,0.994493947658901,0.01142332791668853,0.988642116978444,0.016929619378381267,0.9832128813335995,0.8142279783227703,macro@1,0.3289676730107229
0.45196618914100367,2.2409123620068847,0.14814813435077667,9.964516899466776,0.020239593165709176,0.9799638525354432,0.018371536241800112,0.9817961917194525,0.981135491953116,0.016994252822234924,0.9831493349526705,0.020577687200528275,0.9796325886048974,0.003449133785495284,0.996556807643549,0.012442730262845746,0.9876351810434354,0.01595539105010053,0.984171221920801,0.8042160374758887,mid@1,0.2700114746963162
