best_mrr20,epoch,eval,lr,patience_used,train_loss,trial,valid_mrr20
0.0002,1,1,0.00016,0,40.87336826324463,1,0.0002
0.0013,3,1,0.00016,0,40.46278667449951,1,0.0013
0.0098,10,1,0.00016,3,38.802066802978516,1,0.0085
0.0105,11,1,0.00016,0,38.57930278778076,1,0.0105
0.0105,16,1,0.00016,5,37.54905605316162,1,0.01
