{
  "split": "best_valid",
  "feature_mode": "none",
  "stages": [
    {
      "stage": "macro@1",
      "n_eff": 11.384552642784318,
      "cv_usage": 0.636720597743988,
      "top1_max_frac": 0.9571875123649745,
      "entropy_mean": 2.5969400088533217,
      "route_jitter_adjacent": 0.0,
      "route_consistency_knn_js": 0.003724368445087617,
      "route_consistency_knn_score": 0.9962825584130109,
      "route_consistency_group_knn_js": 0.0004702861324723498,
      "route_consistency_group_knn_score": 0.9995298244347174,
      "route_consistency_intra_group_knn_mean_js": 0.002911892472828889,
      "route_consistency_intra_group_knn_mean_score": 0.9970967372413561,
      "route_consistency_feature_group_knn_mean_score": 0.9919446596132366,
      "family_top_expert_mean_share": 0.2073604315519333,
      "route_consistency_feature_group_knn_tempo_js": 0.007732235455247258,
      "route_consistency_feature_group_knn_tempo_score": 0.99229758137757,
      "route_consistency_feature_group_knn_focus_js": 0.009126605426082955,
      "route_consistency_feature_group_knn_focus_score": 0.9909149156257889,
      "route_consistency_feature_group_knn_memory_js": 0.010549403013723787,
      "route_consistency_feature_group_knn_memory_score": 0.9895060467795477,
      "route_consistency_feature_group_knn_exposure_js": 0.004952146994042103,
      "route_consistency_feature_group_knn_exposure_score": 0.9950600946700401
    }
  ]
}
