{
  "split": "best_valid",
  "feature_mode": "none",
  "stages": [
    {
      "stage": "macro@1",
      "n_eff": 3.983145980052713,
      "cv_usage": 0.06504889220290734,
      "top1_max_frac": 0.46172938182277096,
      "entropy_mean": 1.3727411073922555,
      "route_jitter_adjacent": 0.0,
      "route_consistency_knn_js": 0.0015273584396052805,
      "route_consistency_knn_score": 0.9984738073786799,
      "route_consistency_group_knn_js": 0.0015273584396052805,
      "route_consistency_group_knn_score": 0.9984738073786799,
      "route_consistency_intra_group_knn_mean_js": 0.0,
      "route_consistency_intra_group_knn_mean_score": 1.0,
      "route_consistency_feature_group_knn_mean_score": 0.9965309476837946,
      "family_top_expert_mean_share": 0.27577149868011475,
      "route_consistency_feature_group_knn_tempo_js": 0.003220962795756797,
      "route_consistency_feature_group_knn_tempo_score": 0.9967842189400233,
      "route_consistency_feature_group_knn_focus_js": 0.002676094396474064,
      "route_consistency_feature_group_knn_focus_score": 0.9973274831521378,
      "route_consistency_feature_group_knn_memory_js": 0.0038315454235537975,
      "route_consistency_feature_group_knn_memory_score": 0.9961757855805986,
      "route_consistency_feature_group_knn_exposure_js": 0.004172389260196924,
      "route_consistency_feature_group_knn_exposure_score": 0.995836303062419
    }
  ]
}
