stage_name,stage_key,split,aggregation_level,node_kind,node_name,route_space,support_size,wrapper_name,source_type,temperature,top_k,entropy_norm,n_eff_norm,top1_monopoly_norm,jitter_adj_norm,knn_consistency_score,knn_consistency_js,n_eff,cv_usage,top1_max_frac,entropy_mean
macro,macro@1,best_valid,session,final,final.expert,expert,20,FlatJointWrapper,,,,0.7732440444076174,0.6960592794072391,0.19060699269243025,0.8917057040507027,0.950165635987132,0.05111895591472006,13.921185588144782,0.660802214551269,0.23107664305780873,2.3164321391653147
macro,macro@1,best_valid,session,final,final.group,group,4,FlatJointWrapper,,,,0.89132842472376,0.9930540971640346,0.12386077368469646,0.0,0.9866892876717196,0.013400093900642928,3.9722163886561384,0.08363290131092072,0.34289558026352235,1.2356435691004233
macro,macro@1,best_valid,session,final,final.intra.Exposure,intra,5,FlatJointWrapper,,,,0.6384371865850534,0.584196532925094,0.6345902742056742,0.0,0.9691256976579651,0.031360956558877315,2.9209826646254697,0.8436545487436383,0.7076722193645393,1.0275250127977487
macro,macro@1,best_valid,session,final,final.intra.Focus,intra,5,FlatJointWrapper,,,,0.7596462931876815,0.8124756531635148,0.2611185850512404,0.0,0.9675997917793338,0.032936715439204726,4.062378265817574,0.48042285471524515,0.40889486804099234,1.2226035442962846
macro,macro@1,best_valid,session,final,final.intra.Memory,intra,5,FlatJointWrapper,,,,0.7116932912904745,0.8341222557304772,0.29114074308550625,0.0,0.9668255866804853,0.03373716517358754,4.170611278652386,0.44594279757227306,0.432912594468405,1.1454261650278954
macro,macro@1,best_valid,session,final,final.intra.Tempo,intra,5,FlatJointWrapper,,,,0.7699661536551747,0.8801202313636697,0.25810153127843943,0.0,0.9714031911404257,0.02901366398177102,4.4006011568183485,0.36906439261042484,0.4064812250227516,1.2392127189836981
