stage_name,stage_key,split,aggregation_level,node_kind,node_name,route_space,support_size,wrapper_name,source_type,temperature,top_k,entropy_norm,n_eff_norm,top1_monopoly_norm,jitter_adj_norm,knn_consistency_score,knn_consistency_js,n_eff,cv_usage,top1_max_frac,entropy_mean
macro,macro@1,best_valid,session,final,final.expert,expert,16,FlatJointWrapper,,,,0.7758856328447955,0.9292769369140028,0.11862145636464702,0.7077931130628746,0.8796469286708803,0.12823466943858308,14.868430990624045,0.27587202191352844,0.17370761534185658,2.1512117553733554
macro,macro@1,best_valid,session,final,final.group,group,4,FlatJointWrapper,,,,0.8762483330902316,0.9868336429415158,0.11543450064850846,0.0,0.9621209394321057,0.03861511955271765,3.947334571766063,0.11550797522068024,0.33657587548638135,1.2147381231036918
macro,macro@1,best_valid,session,final,final.intra.Exposure,intra,4,FlatJointWrapper,,,,0.7193353541485411,0.9759683468517878,0.10925822988079796,0.0,0.9181969701515164,0.0853433469420999,3.903873387407151,0.15691834688186646,0.33194367241059847,0.9972105452103021
macro,macro@1,best_valid,session,final,final.intra.Focus,intra,4,FlatJointWrapper,,,,0.7081369686787824,0.9685887317926484,0.15842134519177323,0.0,0.910097919012091,0.09420308195007206,3.8743549271705935,0.1800825679203787,0.3688160088938299,0.9816862865799286
macro,macro@1,best_valid,session,final,final.intra.Memory,intra,4,FlatJointWrapper,,,,0.7098046480847022,0.9126603404494211,0.24834784756963746,0.0,0.9283152923884397,0.07438384917058262,3.6506413617976845,0.30935075879096985,0.4362608856772281,0.983998181136511
macro,macro@1,best_valid,session,final,final.intra.Tempo,intra,4,FlatJointWrapper,,,,0.7375363485139692,0.9851307476034391,0.04971897968006914,0.0,0.9178766710275467,0.08569224267267976,3.9405229904137564,0.12285640835762024,0.28728923476005186,1.0224424810658699
