stage_name,stage_key,split,aggregation_level,node_kind,node_name,route_space,support_size,wrapper_name,source_type,temperature,top_k,entropy_norm,n_eff_norm,top1_monopoly_norm,jitter_adj_norm,knn_consistency_score,knn_consistency_js,n_eff,cv_usage,top1_max_frac,entropy_mean
macro,macro@1,best_valid,session,final,final.expert,expert,6,GroupConditionalProductWrapper,,,,0.957466721310236,0.9797908833024923,0.34797870983763896,0.0,0.9979992842183657,0.002002719886996664,5.878745299814954,0.14361723623378492,0.45664892486469916,1.7155500643783546
macro,macro@1,best_valid,session,final,final.group,group,2,GroupConditionalProductWrapper,,,,0.9793011813345714,0.9999977350286287,0.008647170820217154,0.0,0.9994278438143747,0.0005723199294366751,1.9999954700572573,0.0015170574188232422,0.5043235854101086,0.6787998527610819
macro,macro@1,best_valid,session,final,final.intra.Focus,intra,3,GroupConditionalProductWrapper,,,,0.984927477973197,0.9999245164155935,0.3015692433669599,0.0,0.9994892675957014,0.0005108628725176917,2.9997735492467807,0.008684006959304005,0.5343794955779733,1.0820534307482432
macro,macro@1,best_valid,session,final,final.intra.Tempo,intra,3,GroupConditionalProductWrapper,,,,0.8971242654731845,0.9462282556633305,0.3948479417943606,0.0,0.9977326682650766,0.0022699060234350277,2.8386847669899913,0.23838505183502878,0.5965652945295737,0.9855917425111921
