stage_name,stage_key,split,aggregation_level,node_kind,node_name,route_space,support_size,wrapper_name,source_type,temperature,top_k,entropy_norm,n_eff_norm,top1_monopoly_norm,jitter_adj_norm,knn_consistency_score,knn_consistency_js,n_eff,cv_usage,top1_max_frac,entropy_mean
macro,macro@1,best_valid,session,final,final.expert,expert,16,FlatJointWrapper,,,,0.9017876431162047,0.8594326966875308,0.20686899062240335,0.8594194911362175,0.9750968702189379,0.025218458848873117,13.750923147000492,0.40442323684692383,0.25643967870850315,2.5002862491591817
macro,macro@1,best_valid,session,final,final.group,group,4,FlatJointWrapper,,,,0.9315115219421161,0.9221766981475353,0.38859652593677046,0.0,0.9923877885356485,0.007641332222414412,3.6887067925901413,0.29050108790397644,0.5414473944525778,1.2913491701865627
macro,macro@1,best_valid,session,final,final.intra.Exposure,intra,4,FlatJointWrapper,,,,0.8818485612474413,0.9318631669009486,0.28097178807422946,0.0,0.9864273598938524,0.013665590398002945,3.7274526676037945,0.2704053819179535,0.4607288410556721,1.2225016878190162
macro,macro@1,best_valid,session,final,final.intra.Focus,intra,4,FlatJointWrapper,,,,0.8896876373121972,0.9586207101461299,0.20151940806394175,0.0,0.9846499512816348,0.015469080381783188,3.8344828405845197,0.20776259899139404,0.4011395560479563,1.2333689547639775
macro,macro@1,best_valid,session,final,final.intra.Memory,intra,4,FlatJointWrapper,,,,0.8412707228996974,0.8842795183323958,0.3884910114878856,0.0,0.9828359780125534,0.017313031340776493,3.5371180733295833,0.36175140738487244,0.5413682586159142,1.1662488593311044
macro,macro@1,best_valid,session,final,final.intra.Tempo,intra,4,FlatJointWrapper,,,,0.8906169597239274,0.9504250147147714,0.20737545997705062,0.0,0.9823589193772821,0.01779853905838331,3.8017000588590855,0.2283875197172165,0.40553159498278796,1.2346572691830213
