stage_name,stage_key,split,aggregation_level,node_kind,node_name,route_space,support_size,wrapper_name,source_type,temperature,top_k,entropy_norm,n_eff_norm,top1_monopoly_norm,jitter_adj_norm,knn_consistency_score,knn_consistency_js,n_eff,cv_usage,top1_max_frac,entropy_mean
macro,macro@1,best_valid,session,final,final.expert,expert,12,ScalarGroupConditionalProductWrapper,,,,0.931984226817139,0.9223166700008615,0.4103634413248868,0.0,0.9848798454788456,0.015235629536172158,11.067800040010338,0.29021771132297186,0.4594998212144795,2.3158938027154368
macro,macro@1,best_valid,session,final,final.group,group,4,ScalarGroupConditionalProductWrapper,,,,0.9160250773599055,0.9414637825335885,0.42903617076471123,0.0,0.9898595873837865,0.010192176837926442,3.765855130134354,0.24935081601142883,0.5717771280735334,1.2698803993884484
macro,macro@1,best_valid,session,final,final.intra.Exposure,intra,3,ScalarGroupConditionalProductWrapper,,,,0.933456818161428,0.9879204621502731,0.4388763855877837,0.0,0.9928187650177868,0.007207144164615089,2.963761386450819,0.11057731552191628,0.6259175903918558,1.025507131373178
macro,macro@1,best_valid,session,final,final.intra.Focus,intra,3,ScalarGroupConditionalProductWrapper,,,,0.9255147225033485,0.985073975742785,0.2369854657888648,0.0,0.9948073914675255,0.005206136976423844,2.955221927228355,0.12309347471316234,0.4913236438592432,1.0167818474854342
macro,macro@1,best_valid,session,final,final.intra.Memory,intra,3,ScalarGroupConditionalProductWrapper,,,,0.9969185715663799,0.999918169519499,0.32611530614391177,0.0,0.999471017753609,0.0005291222068593714,2.999754508558497,0.009040855998818398,0.5507435374292745,1.0952269935242833
macro,macro@1,best_valid,session,final,final.intra.Tempo,intra,3,ScalarGroupConditionalProductWrapper,,,,0.9415093749528605,0.9897219959386349,0.2883179437561787,0.0,0.9928897710700406,0.007135627070345061,2.9691659878159045,0.10190540993495555,0.5255452958374525,1.0343537692194436
