best_mrr20,epoch,epoch_time_sec,eval,lr,patience_used,train_loss,trial,valid_mrr20
0.0062,1,3.755091428756714,1,0.001349694149497785,0,79.33751583099365,1,0.0062
0.0136,3,2.7067501544952393,1,0.001347249192963149,0,69.06720542907715,1,0.0136
0.0646,10,2.7052676677703857,1,0.0013196682040276242,0,45.1296706199646,1,0.0646
0.0691,20,2.7187116146087646,1,0.0012317016814501183,0,26.9685697555542,1,0.0691
0.0691,30,2.5123801231384277,1,0.0010948845725645031,10,15.671302914619446,1,0.0673
