{
  "split": "best_valid",
  "feature_mode": "none",
  "stages": [
    {
      "stage": "macro@1",
      "n_eff": 3.3997359802717746,
      "cv_usage": 0.4201927435512986,
      "top1_max_frac": 0.5372927630277371,
      "entropy_mean": 1.2212535982075734,
      "route_jitter_adjacent": 0.0,
      "route_consistency_knn_js": 0.007030354053097202,
      "route_consistency_knn_score": 0.9929943010740336,
      "route_consistency_group_knn_js": 0.007030354053097202,
      "route_consistency_group_knn_score": 0.9929943010740336,
      "route_consistency_intra_group_knn_mean_js": 0.0,
      "route_consistency_intra_group_knn_mean_score": 1.0,
      "route_consistency_feature_group_knn_mean_score": 0.9830749578224705,
      "family_top_expert_mean_share": 0.3456336557865143,
      "route_consistency_feature_group_knn_tempo_js": 0.00922291317678377,
      "route_consistency_feature_group_knn_tempo_score": 0.99081948743444,
      "route_consistency_feature_group_knn_focus_js": 0.019888427333172202,
      "route_consistency_feature_group_knn_focus_score": 0.9803080427879661,
      "route_consistency_feature_group_knn_memory_js": 0.020004712911836416,
      "route_consistency_feature_group_knn_memory_score": 0.9801940537277116,
      "route_consistency_feature_group_knn_exposure_js": 0.019204993628201807,
      "route_consistency_feature_group_knn_exposure_score": 0.9809782473397642
    }
  ]
}
