stage_name,stage_key,split,aggregation_level,node_kind,node_name,route_space,support_size,wrapper_name,source_type,temperature,top_k,entropy_norm,n_eff_norm,top1_monopoly_norm,jitter_adj_norm,knn_consistency_score,knn_consistency_js,n_eff,cv_usage,top1_max_frac,entropy_mean
macro,macro@1,best_valid,session,final,final.expert,expert,8,ScalarGroupConditionalProductWrapper,,,,0.9449981408602859,0.9919503881014313,0.632453302310046,0.0,0.9987805065357411,0.0012202376514960432,7.935603104811451,0.09008344799777555,0.6783966395212903,1.9650683909150914
macro,macro@1,best_valid,session,final,final.group,group,4,ScalarGroupConditionalProductWrapper,,,,0.9772477961323555,0.9961634810468933,0.5622263171451781,0.0,0.9994215228523479,0.0005786445301117236,3.9846539241875734,0.062058828744818495,0.6716697378588836,1.3547531091951248
macro,macro@1,best_valid,session,final,final.intra.Exposure,intra,2,ScalarGroupConditionalProductWrapper,,,,0.9925314803825632,0.990039657726978,1.0,0.0,0.9999927090701148,7.290956464142513e-06,1.980079315453956,0.10030233860015869,1.0,0.6879703972441623
macro,macro@1,best_valid,session,final,final.intra.Focus,intra,2,ScalarGroupConditionalProductWrapper,,,,0.9410206901618179,0.9999985694905718,0.5284233886147933,0.0,0.9992684913519305,0.0007317763310701782,1.9999971389811435,0.0011769533157348633,0.7642116943073967,0.6522658382342379
macro,macro@1,best_valid,session,final,final.intra.Memory,intra,2,ScalarGroupConditionalProductWrapper,,,,0.9913932804500488,0.9954757080828359,0.8510967128336206,0.0,0.9998536533641789,0.00014635734553493731,1.9909514161656718,0.06741673156122753,0.9255483564168103,0.6871814571700264
macro,macro@1,best_valid,session,final,final.intra.Tempo,intra,2,ScalarGroupConditionalProductWrapper,,,,0.6841425663139082,0.9868093805502534,0.45818225049040007,0.0,0.9984528009834801,0.0015483971649271368,1.9736187611005067,0.1156156063079834,0.7290911252452,0.4742114909415309
