stage_name,stage_key,split,aggregation_level,node_kind,node_name,route_space,support_size,wrapper_name,source_type,temperature,top_k,entropy_norm,n_eff_norm,top1_monopoly_norm,jitter_adj_norm,knn_consistency_score,knn_consistency_js,n_eff,cv_usage,top1_max_frac,entropy_mean
macro,macro@1,best_valid,session,final,final.expert,expert,20,FlatJointWrapper,,,,0.7970818967226131,0.6858357547325614,0.23013326058389755,0.8665839992651787,0.9578789281848733,0.04303388876313991,13.716715094651228,0.6768123704670016,0.26862659755470264,2.387843962677561
macro,macro@1,best_valid,session,final,final.group,group,4,FlatJointWrapper,,,,0.912818012510082,0.9853893838450142,0.11737163507827852,0.0,0.9887315547994331,0.011332415144386956,3.9415575353800567,0.12176739424467087,0.3380287263087089,1.2654344634713923
macro,macro@1,best_valid,session,final,final.intra.Exposure,intra,5,FlatJointWrapper,,,,0.6340672633043517,0.5496612207976783,0.6899853598702171,0.0,0.9737698689583127,0.02658027742685131,2.7483061039883916,0.9051532837839892,0.7519882878961738,1.0204918925953588
macro,macro@1,best_valid,session,final,final.intra.Focus,intra,5,FlatJointWrapper,,,,0.7565277044273472,0.7612164378800688,0.28302931982748386,0.0,0.973171220402056,0.027195240641089975,3.806082189400344,0.5600773832190427,0.4264234558619871,1.2175843693121118
macro,macro@1,best_valid,session,final,final.intra.Memory,intra,5,FlatJointWrapper,,,,0.7277800464585104,0.8429190336876895,0.2679440509634788,0.0,0.9696528249757816,0.03081718394673869,4.214595168438447,0.4316868839440041,0.41435524077078306,1.1713167986833775
macro,macro@1,best_valid,session,final,final.intra.Tempo,intra,5,FlatJointWrapper,,,,0.8078408468233653,0.8863730548596414,0.29331697859375616,0.0,0.9759645083195285,0.02432905765695891,4.4318652742982065,0.3580407372408995,0.43465358287500494,1.3001696860903929
