stage_name,stage_key,split,aggregation_level,node_kind,node_name,route_space,support_size,wrapper_name,source_type,temperature,top_k,entropy_norm,n_eff_norm,top1_monopoly_norm,jitter_adj_norm,knn_consistency_score,knn_consistency_js,n_eff,cv_usage,top1_max_frac,entropy_mean
macro,macro@1,best_valid,session,final,final.expert,expert,12,GroupConditionalProductWrapper,,,,0.9837495117765557,0.9863447074868902,0.7477383218032091,0.0,0.9994833741078301,0.0005167593893068841,11.836136489842682,0.11766098527181323,0.7687601283196084,2.444525703539262
macro,macro@1,best_valid,session,final,final.group,group,4,GroupConditionalProductWrapper,,,,0.9783518286617335,0.9925176127161776,0.7668199005633275,0.0,0.9996033582459881,0.00039672043715914307,3.97007045086471,0.08682709187269211,0.8251149254224956,1.3562836232650946
macro,macro@1,best_valid,session,final,final.intra.Exposure,intra,3,GroupConditionalProductWrapper,,,,0.9905477728326918,0.9830054220163076,0.9911366868406257,0.0,0.9999277029569191,7.229965663808734e-05,2.9490162660489228,0.13148558120472487,0.9940911245604171,1.0882279557468224
macro,macro@1,best_valid,session,final,final.intra.Focus,intra,3,GroupConditionalProductWrapper,,,,0.9971971163662817,0.9964823325784825,0.6893541025895427,0.0,0.9999774438684097,2.2556385983677724e-05,2.9894469977354476,0.05941509623319484,0.7929027350596951,1.0955330062644002
macro,macro@1,best_valid,session,final,final.intra.Memory,intra,3,GroupConditionalProductWrapper,,,,0.9963129243411519,0.9970958182659516,0.7130667724972715,0.0,0.9998860922187551,0.00011391426922889658,2.9912874547978547,0.05396918977888853,0.8087111816648477,1.0945616220400503
macro,macro@1,best_valid,session,final,final.intra.Tempo,intra,3,GroupConditionalProductWrapper,,,,0.9783401216925193,0.9861366037591676,0.7292555478387406,0.0,0.9997319277272696,0.00026810821052482487,2.9584098112775026,0.11856777240133964,0.8195036985591604,1.0748164801884557
