stage_name,stage_key,split,aggregation_level,node_kind,node_name,route_space,support_size,wrapper_name,source_type,temperature,top_k,entropy_norm,n_eff_norm,top1_monopoly_norm,jitter_adj_norm,knn_consistency_score,knn_consistency_js,n_eff,cv_usage,top1_max_frac,entropy_mean
macro,macro@1,best_valid,session,final,final.expert,expert,12,FlatJointWrapper,,,,0.9795758344068679,0.9945637891793777,0.11620940793419589,0.614491903916125,0.984445477759301,0.01567676307714984,11.934765470152533,0.07393174211884314,0.18985862393967956,2.434154504889255
macro,macro@1,best_valid,session,final,final.group,group,4,FlatJointWrapper,,,,0.9877294421674616,0.9993093019327395,0.08984815163891506,0.0,0.9944600907596007,0.005555311448491,3.997237207730958,0.026289595882344738,0.3173861137291863,1.369283755988847
macro,macro@1,best_valid,session,final,final.intra.Exposure,intra,3,FlatJointWrapper,,,,0.9633168321388285,0.9993583507445919,0.08853911404335536,0.0,0.9873989002131297,0.01268116697900997,2.9980750522337756,0.025340690856617144,0.3923594093622369,1.0583117096685517
macro,macro@1,best_valid,session,final,final.intra.Focus,intra,3,FlatJointWrapper,,,,0.9695394777953258,0.985396647292304,0.19949104618284635,0.0,0.9913960446477055,0.00864118306702203,2.956189941876912,0.12173644463013278,0.46632736412189757,1.0651479846548069
macro,macro@1,best_valid,session,final,final.intra.Memory,intra,3,FlatJointWrapper,,,,0.9737245219421952,0.9997018868601345,0.0466729500471254,0.0,0.9902604940300187,0.009787245182040182,2.9991056605804034,0.017267400349903095,0.36444863336475025,1.0697457255831762
macro,macro@1,best_valid,session,final,final.intra.Tempo,intra,3,FlatJointWrapper,,,,0.9731503610433603,0.9969891635798254,0.22130065975494817,0.0,0.9907670868741949,0.009275800656883517,2.990967490739476,0.054953476638988356,0.4808671065032988,1.0691149453640434
