stage_name,stage_key,split,aggregation_level,node_kind,node_name,route_space,support_size,wrapper_name,source_type,temperature,top_k,entropy_norm,n_eff_norm,top1_monopoly_norm,jitter_adj_norm,knn_consistency_score,knn_consistency_js,n_eff,cv_usage,top1_max_frac,entropy_mean
macro,macro@1,best_valid,session,final,final.expert,expert,20,FlatJointWrapper,,,,0.7978885151921653,0.6312739994711545,0.24757153832391418,0.7666161769160861,0.9510611304879326,0.05017693828398516,12.62547998942309,0.7642631118854417,0.28519296140771844,2.3902603756592433
macro,macro@1,best_valid,session,final,final.group,group,4,FlatJointWrapper,,,,0.9207920968845345,0.9364365523146324,0.4245817503166034,0.0,0.9907887673728841,0.00925391835803882,3.7457462092585296,0.2605343163013458,0.5684363127374525,1.27648889167479
macro,macro@1,best_valid,session,final,final.intra.Exposure,intra,5,FlatJointWrapper,,,,0.7851150406702617,0.8523174543179767,0.26064787042591475,0.0,0.95193487527868,0.04925865485144193,4.2615872715898835,0.4162592006287098,0.40851829634073183,1.2635939120769597
macro,macro@1,best_valid,session,final,final.intra.Focus,intra,5,FlatJointWrapper,,,,0.7263914752290302,0.6640909148034417,0.5828959208158367,0.0,0.9703825385237151,0.030064915615887464,3.3204545740172087,0.7112087948440194,0.6663167366526694,1.169081979502537
macro,macro@1,best_valid,session,final,final.intra.Memory,intra,5,FlatJointWrapper,,,,0.6453968998134347,0.5959078349132425,0.5313437312537492,0.0,0.9686174456820472,0.0318855379403881,2.9795391745662125,0.8234754827100712,0.6250749850029994,1.0387262391271745
macro,macro@1,best_valid,session,final,final.intra.Tempo,intra,5,FlatJointWrapper,,,,0.5881531686520447,0.5402925631909861,0.5199085182963407,0.0,0.961612391831369,0.039143828604350124,2.70146281595493,0.9224147212145519,0.6159268146370726,0.9465960079468482
