stage_name,stage_key,split,aggregation_level,node_kind,node_name,route_space,support_size,wrapper_name,source_type,temperature,top_k,entropy_norm,n_eff_norm,top1_monopoly_norm,jitter_adj_norm,knn_consistency_score,knn_consistency_js,n_eff,cv_usage,top1_max_frac,entropy_mean
macro,macro@1,best_valid,session,final,final.expert,expert,12,ScalarGroupConditionalProductWrapper,,,,0.9434012637915201,0.7787165313607834,0.932360442153502,0.0,0.9958600584936664,0.004148534789498311,9.344598376329401,0.5330707003516376,0.9379970719740435,2.3442640738139517
macro,macro@1,best_valid,session,final,final.group,group,4,ScalarGroupConditionalProductWrapper,,,,0.9841915959547877,0.9731071607050966,0.8771811814980414,0.0,0.9991831647755655,0.0008171690161073504,3.8924286428203865,0.16624099016189575,0.907885886123531,1.3643792597337079
macro,macro@1,best_valid,session,final,final.intra.Exposure,intra,3,ScalarGroupConditionalProductWrapper,,,,0.7195029623094784,0.631877078233789,0.9580382226091084,0.0,0.9932344013885501,0.006788589028366363,1.895631234701367,0.7632733355977137,0.9720254817394057,0.7904547961263008
macro,macro@1,best_valid,session,final,final.intra.Focus,intra,3,ScalarGroupConditionalProductWrapper,,,,0.979945202671896,0.9976806913421318,0.3335971194555455,0.0,0.9985591692835193,0.001441869711187711,2.993042074026395,0.04821489607647371,0.5557314129703637,1.0765798418767063
macro,macro@1,best_valid,session,final,final.intra.Memory,intra,3,ScalarGroupConditionalProductWrapper,,,,0.9896126170780902,0.9911825940486624,0.765916195148973,0.0,0.9986689322041659,0.0013319544534609637,2.973547782145987,0.09431767555124534,0.8439441300993155,1.0872005821429984
macro,macro@1,best_valid,session,final,final.intra.Tempo,intra,3,ScalarGroupConditionalProductWrapper,,,,0.9598040877216644,0.9781643664620518,0.39567918331816565,0.0,0.9973833619643616,0.0026200674165484223,2.9344930993861555,0.1494089842018788,0.5971194555454438,1.0544525654849048
