stage_name,stage_key,split,aggregation_level,node_kind,node_name,route_space,support_size,wrapper_name,source_type,temperature,top_k,entropy_norm,n_eff_norm,top1_monopoly_norm,jitter_adj_norm,knn_consistency_score,knn_consistency_js,n_eff,cv_usage,top1_max_frac,entropy_mean
macro,macro@1,best_valid,session,final,final.expert,expert,12,GroupConditionalProductWrapper,,,,0.6445428267671027,0.7526939913454989,0.27376907864712746,0.0,0.9827543618925589,0.017396076234093664,9.032327896145986,0.5732025845767608,0.33428832209320014,1.6016287563067289
macro,macro@1,best_valid,session,final,final.group,group,4,GroupConditionalProductWrapper,,,,0.6370482189533995,0.9250027953172757,0.2674475601304869,0.0,0.9965800010056693,0.00342586055907076,3.7000111812691028,0.28474152088165283,0.4505856700978652,0.8831363536965671
macro,macro@1,best_valid,session,final,final.intra.Exposure,intra,3,GroupConditionalProductWrapper,,,,0.39147342097080295,0.46886517643406705,0.9590030931494344,0.0,0.9924994529998556,0.007528817554590114,1.4065955293022012,1.06433492132009,0.9726687287662897,0.43007751096546826
macro,macro@1,best_valid,session,final,final.intra.Focus,intra,3,GroupConditionalProductWrapper,,,,0.8054759378297105,0.9993170101346548,0.21063840576035697,0.0,0.9793988850168898,0.020816278149436606,2.9979510304039643,0.02614229467087106,0.4737589371735713,0.8849057635261903
macro,macro@1,best_valid,session,final,final.intra.Memory,intra,3,GroupConditionalProductWrapper,,,,0.49264849924509707,0.747801831010016,0.4985675168601998,0.0,0.998415327793657,0.0015859291273911354,2.243405493030048,0.5807345336456736,0.6657116779067999,0.5412296952645657
macro,macro@1,best_valid,session,final,final.intra.Tempo,intra,3,GroupConditionalProductWrapper,,,,0.6747580148964075,0.8339720765366442,0.7109299731250951,0.0,0.9881902466032562,0.011880042480299677,2.5019162296099324,0.4461846117753253,0.8072866487500634,0.7412974470424928
