stage_name,stage_key,split,aggregation_level,node_kind,node_name,route_space,support_size,wrapper_name,source_type,temperature,top_k,entropy_norm,n_eff_norm,top1_monopoly_norm,jitter_adj_norm,knn_consistency_score,knn_consistency_js,n_eff,cv_usage,top1_max_frac,entropy_mean
macro,macro@1,best_valid,session,final,final.expert,expert,12,GroupConditionalProductWrapper,,,,0.8373008633087762,0.921632297069297,0.18179438506442516,0.5538485985649501,0.9852866132370345,0.014822702230289826,11.059587564831563,0.2916012393951047,0.24997818630905638,2.0806144831092115
macro,macro@1,best_valid,session,final,final.group,group,4,GroupConditionalProductWrapper,,,,0.8690825867292336,0.9513638572581318,0.3429104758666002,0.0,0.9939732705320202,0.0060449634999843104,3.805455429032527,0.2261030077934265,0.5071828568999501,1.2048042893302247
macro,macro@1,best_valid,session,final,final.intra.Exposure,intra,3,GroupConditionalProductWrapper,,,,0.6539696421132224,0.933596631238085,0.1351643409916168,0.0,0.9875990191967389,0.012478514629529187,2.800789893714255,0.2666953424604135,0.4234428939944112,0.718459085241472
macro,macro@1,best_valid,session,final,final.intra.Focus,intra,3,GroupConditionalProductWrapper,,,,0.8954515877487177,0.9638809275084351,0.45354690614743376,0.0,0.9938996515160321,0.006119031631005388,2.8916427825253055,0.19357854536643895,0.6356979374316225,0.9837541182081115
macro,macro@1,best_valid,session,final,final.intra.Memory,intra,3,GroupConditionalProductWrapper,,,,0.818235740915802,0.9941465391174767,0.39077717146903457,0.0,0.9881960262454701,0.011874193783318417,2.9824396173524303,0.07673193471932606,0.593851447646023,0.8989238399975558
macro,macro@1,best_valid,session,final,final.intra.Tempo,intra,3,GroupConditionalProductWrapper,,,,0.7844086176908791,0.9789923732416826,0.23246682641000344,0.0,0.9923703244031806,0.0076589304701348065,2.936977119725048,0.1464871329955538,0.48831121760666896,0.861760946732365
