best_mrr20,epoch,epoch_time_sec,eval,lr,patience_used,train_loss,trial,valid_mrr20
0.1083,1,18.227564096450806,1,0.0007185108016473639,0,1548.6581392288208,1,0.1083
0.2222,3,18.129867553710938,1,0.0007172092270051771,0,893.7574739456177,1,0.2222
0.3083,10,17.084449291229248,1,0.0007025264646344098,1,317.6481442451477,1,0.3075
0.3101,11,16.970194339752197,1,0.0006991700262382193,0,273.83691370487213,1,0.3101
0.3101,21,16.623982667922974,1,0.0006494825226798785,10,93.62275105714798,1,0.2985
