stage_name,stage_key,split,aggregation_level,node_kind,node_name,route_space,support_size,wrapper_name,source_type,temperature,top_k,entropy_norm,n_eff_norm,top1_monopoly_norm,jitter_adj_norm,knn_consistency_score,knn_consistency_js,n_eff,cv_usage,top1_max_frac,entropy_mean
macro,macro@1,best_valid,session,final,final.expert,expert,6,GroupConditionalProductWrapper,,,,0.7962751268885333,0.788838870650428,0.44642766593986116,0.0,0.9980492253750893,0.0019526798639271069,4.733033223902568,0.5173837984387935,0.5386897216165509,1.4267334987133005
macro,macro@1,best_valid,session,final,final.group,group,2,GroupConditionalProductWrapper,,,,0.7407771738544497,0.877964734708607,0.3314233558135997,0.0,0.9998921751222045,0.0001078306913155708,1.755929469417214,0.3728243112564087,0.6657116779067999,0.5134676094803763
macro,macro@1,best_valid,session,final,final.intra.Focus,intra,3,GroupConditionalProductWrapper,,,,0.9065081764146952,0.9083820979398395,0.3080345824248264,0.0,0.9978412054071792,0.0021611281489181166,2.7251462938195186,0.31758185274655065,0.5386897216165509,0.9959010223873028
macro,macro@1,best_valid,session,final,final.intra.Tempo,intra,3,GroupConditionalProductWrapper,,,,0.4421962048185127,0.8003893075528952,0.1824197555904873,0.0,0.999463557387563,0.0005365865492534549,2.4011679226586855,0.49939176436613586,0.4549465037269915,0.4858021846160185
