stage_name,stage_key,split,aggregation_level,node_kind,node_name,route_space,support_size,wrapper_name,source_type,temperature,top_k,entropy_norm,n_eff_norm,top1_monopoly_norm,jitter_adj_norm,knn_consistency_score,knn_consistency_js,n_eff,cv_usage,top1_max_frac,entropy_mean
macro,macro@1,best_valid,session,final,final.expert,expert,12,GroupConditionalProductWrapper,,,,0.6999551486046082,0.8136955364328008,0.1460431184974608,0.0,0.9762849225673005,0.024000806312043987,9.764346437193609,0.4784986959993062,0.2172061919560057,1.7393232033209387
macro,macro@1,best_valid,session,final,final.group,group,4,GroupConditionalProductWrapper,,,,0.6786224565961436,0.8441248469581155,0.24381889490723027,0.0,0.9902095717626248,0.009838669607265985,3.376499387832462,0.4297195374965668,0.4328641711804227,0.9407704849085615
macro,macro@1,best_valid,session,final,final.intra.Exposure,intra,3,GroupConditionalProductWrapper,,,,0.6401038802114136,0.9774894540488427,0.11110216190457019,0.0,0.9852425560827925,0.014867418294314826,2.932468362146528,0.15175294423839616,0.40740144126971345,0.7032259888243987
macro,macro@1,best_valid,session,final,final.intra.Focus,intra,3,GroupConditionalProductWrapper,,,,0.7934324820267226,0.8443099765889048,0.6430441173509452,0.0,0.9929621189881047,0.007062763712852666,2.5329299297667145,0.42941726954527887,0.7620294115672969,0.8716746749829966
macro,macro@1,best_valid,session,final,final.intra.Memory,intra,3,GroupConditionalProductWrapper,,,,0.7776087125010513,0.9702799282567706,0.4551409835625449,0.0,0.9861002176894007,0.013997288885941945,2.9108397847703116,0.17501531764819273,0.6367606557083633,0.8542904873290422
macro,macro@1,best_valid,session,final,final.intra.Tempo,intra,3,GroupConditionalProductWrapper,,,,0.6885071646358008,0.8057823275052107,0.3786957426387183,0.0,0.9879655476589608,0.012107452632794809,2.417346982515632,0.49094816988397655,0.5857971617591455,0.7564024319049281
