stage_name,stage_key,split,aggregation_level,node_kind,node_name,route_space,support_size,wrapper_name,source_type,temperature,top_k,entropy_norm,n_eff_norm,top1_monopoly_norm,jitter_adj_norm,knn_consistency_score,knn_consistency_js,n_eff,cv_usage,top1_max_frac,entropy_mean
macro,macro@1,best_valid,session,final,final.expert,expert,12,ScalarGroupConditionalProductWrapper,,,,0.9963648319249078,0.982501312952008,1.0,0.0,1.0000000008155239,-8.155239177567912e-10,11.790015755424097,0.13345503706275974,1.0,2.4758735964651066
macro,macro@1,best_valid,session,final,final.group,group,4,ScalarGroupConditionalProductWrapper,,,,0.9940631030271297,0.9839936666743695,1.0,0.0,1.0000000011743464,-1.174346412776838e-09,3.935974666697478,0.12754100561141968,1.0,1.3780640743238508
macro,macro@1,best_valid,session,final,final.intra.Exposure,intra,3,ScalarGroupConditionalProductWrapper,,,,0.9998906896691965,0.9997605063036183,1.0,0.0,1.0000000023482563,-2.3482562100748344e-09,2.999281518910855,0.0154797374314148,1.0,1.0984921989954106
macro,macro@1,best_valid,session,final,final.intra.Focus,intra,3,ScalarGroupConditionalProductWrapper,,,,0.9998110294864759,0.99958341793667,1.0,0.0,1.0000000000588762,-5.88762566964936e-11,2.99875025381001,0.020410601372700888,1.0,1.0984046833397563
macro,macro@1,best_valid,session,final,final.intra.Memory,intra,3,ScalarGroupConditionalProductWrapper,,,,0.9972585403478857,0.9939129613124198,1.0,0.0,0.9999999979884956,2.0115043736640194e-09,2.9817388839372594,0.07825704289888824,1.0,1.0956004874054093
macro,macro@1,best_valid,session,final,final.intra.Tempo,intra,3,ScalarGroupConditionalProductWrapper,,,,0.9999419487234411,0.9998721345862892,1.0,0.0,1.0000000014009187,-1.400918750135045e-09,2.9996164037588677,0.01130973793388194,1.0,1.0985485128223094
