stage_name,stage_key,split,aggregation_level,node_kind,node_name,route_space,support_size,wrapper_name,source_type,temperature,top_k,entropy_norm,n_eff_norm,top1_monopoly_norm,jitter_adj_norm,knn_consistency_score,knn_consistency_js,n_eff,cv_usage,top1_max_frac,entropy_mean
macro,macro@1,best_valid,session,final,final.expert,expert,12,GroupConditionalProductWrapper,,,,0.7662757940565615,0.7879882953517955,0.20920580469943176,0.0,0.9801793684684901,0.020019695015812678,9.455859544221546,0.518704337632139,0.2751053209744791,1.90412381622273
macro,macro@1,best_valid,session,final,final.group,group,4,GroupConditionalProductWrapper,,,,0.7763921580605515,0.9707696610873059,0.23183590734886464,0.0,0.9889920135520799,0.011069022667985772,3.8830786443492236,0.1735236942768097,0.4238769305116485,1.0763080707370454
macro,macro@1,best_valid,session,final,final.intra.Exposure,intra,3,GroupConditionalProductWrapper,,,,0.8136608946505833,0.969249417068426,0.12299901334997891,0.0,0.9922177463747139,0.007812693390525108,2.907748251205278,0.17811856633071405,0.4153326755666526,0.8938978576718192
macro,macro@1,best_valid,session,final,final.intra.Focus,intra,3,GroupConditionalProductWrapper,,,,0.6801380136111622,0.9612241266842368,0.2721308284504225,0.0,0.976336055830144,0.023948432335301067,2.8836723800527104,0.20084871803812493,0.514753885633615,0.7472079797435409
macro,macro@1,best_valid,session,final,final.intra.Memory,intra,3,GroupConditionalProductWrapper,,,,0.9461425349500551,0.907222363897849,0.9341562128747759,0.0,0.9996051270348552,0.0003949509480037139,2.721667091693547,0.3197897130313601,0.9561041419165174,1.039443815727727
macro,macro@1,best_valid,session,final,final.intra.Tempo,intra,3,GroupConditionalProductWrapper,,,,0.5218019856190687,0.5062563969607384,0.998375719012813,0.0,0.9982808364190834,0.0017206430384884039,1.5187691908822154,0.9875646524169834,0.998917146008542,0.5732580736525291
