best_mrr20,epoch,epoch_time_sec,eval,lr,patience_used,train_loss,trial,valid_mrr20
0.2497,1,31.69800353050232,1,0.00042545770648655146,0,2292.4584379196167,1,0.2497
0.3289,3,29.660029888153076,1,0.0004246869943959103,0,1425.1105871200562,1,0.3289
0.3715,8,32.26860690116882,1,0.0004194163153416905,0,828.6821706295013,1,0.3715
0.3715,10,29.67443823814392,1,0.00041599276963431847,2,768.0002522468567,1,0.3693
0.3715,18,29.512753009796143,1,0.0003951542725037708,10,605.6550576686859,1,0.3516
