stage_name,stage_key,split,aggregation_level,node_kind,node_name,route_space,support_size,wrapper_name,source_type,temperature,top_k,entropy_norm,n_eff_norm,top1_monopoly_norm,jitter_adj_norm,knn_consistency_score,knn_consistency_js,n_eff,cv_usage,top1_max_frac,entropy_mean
macro,macro@1,best_valid,session,final,final.expert,expert,16,FlatJointWrapper,,,,0.9195256850172199,0.8824433535676772,0.23307877972539864,0.8316340589694131,0.9805962817127711,0.0195944416212947,14.119093657082836,0.3649890422821045,0.2810113559925612,2.549466544088553
macro,macro@1,best_valid,session,final,final.group,group,4,FlatJointWrapper,,,,0.9672598438892341,0.9827545405170592,0.31399781057518567,0.0,0.9957821987851497,0.004226721229128035,3.931018162068237,0.13246914744377136,0.48549835793138924,1.340906867321351
macro,macro@1,best_valid,session,final,final.intra.Exposure,intra,4,FlatJointWrapper,,,,0.9026973706250992,0.9528630505173916,0.27833392685210834,0.0,0.988829050642521,0.011233813015179282,3.8114522020695665,0.22241599693393688,0.45875044513908125,1.2514042746953271
macro,macro@1,best_valid,session,final,final.intra.Focus,intra,4,FlatJointWrapper,,,,0.8649307736859001,0.8688898054544675,0.4553871720808768,0.0,0.9866090809055541,0.013481385982455647,3.47555922181787,0.38845065236091614,0.5915403790606576,1.1990486543198275
macro,macro@1,best_valid,session,final,final.intra.Memory,intra,4,FlatJointWrapper,,,,0.8856092495625207,0.9185777312511703,0.3508751104604387,0.0,0.9830672783082738,0.017077719357804798,3.674310925004681,0.29772400856018066,0.513156332845329,1.2277151088241405
macro,macro@1,best_valid,session,final,final.intra.Tempo,intra,4,FlatJointWrapper,,,,0.8719820956340931,0.9205391325875326,0.3335707408433242,0.0,0.9837443338614705,0.016389239001321807,3.6821565303501305,0.2938026189804077,0.5001780556324932,1.2088238621750484
