{
  "split": "best_valid",
  "feature_mode": "none",
  "stages": [
    {
      "stage": "macro@1",
      "n_eff": 11.748163497780354,
      "cv_usage": 0.14641188776670214,
      "top1_max_frac": 0.14489910313901344,
      "entropy_mean": 2.0917398084974077,
      "route_jitter_adjacent": 0.8089085345120707,
      "route_consistency_knn_js": 0.05292372878468588,
      "route_consistency_knn_score": 0.9484523493370046,
      "route_consistency_group_knn_js": 0.03002138761432167,
      "route_consistency_group_knn_score": 0.9704247782556703,
      "route_consistency_intra_group_knn_mean_js": 0.025108856447575767,
      "route_consistency_intra_group_knn_mean_score": 0.9752189696520992,
      "route_consistency_feature_group_knn_mean_score": 0.9240896964399195,
      "family_top_expert_mean_share": 0.1088884249329567,
      "route_consistency_feature_group_knn_tempo_js": 0.0790894004906954,
      "route_consistency_feature_group_knn_tempo_score": 0.9239573185149796,
      "route_consistency_feature_group_knn_focus_js": 0.07977337510201729,
      "route_consistency_feature_group_knn_focus_score": 0.9233255712413471,
      "route_consistency_feature_group_knn_memory_js": 0.07831760874965735,
      "route_consistency_feature_group_knn_memory_score": 0.9246706963966488,
      "route_consistency_feature_group_knn_exposure_js": 0.07860477575274746,
      "route_consistency_feature_group_knn_exposure_score": 0.9244051996067025
    }
  ]
}
