stage_name,stage_key,split,aggregation_level,node_kind,node_name,route_space,support_size,wrapper_name,source_type,temperature,top_k,entropy_norm,n_eff_norm,top1_monopoly_norm,jitter_adj_norm,knn_consistency_score,knn_consistency_js,n_eff,cv_usage,top1_max_frac,entropy_mean
macro,macro@1,best_valid,session,final,final.expert,expert,12,ScalarGroupConditionalProductWrapper,,,,0.712269563286877,0.4939886358460239,0.7914698762243573,0.0,0.9561179607886928,0.044873983596317696,5.927863630152287,1.0120959576339734,0.8088473865389941,1.7699233742531555
macro,macro@1,best_valid,session,final,final.group,group,4,ScalarGroupConditionalProductWrapper,,,,0.8882901834735448,0.8156062350269127,0.8839868634511139,0.0,0.9962834443225643,0.0037234792303241773,3.2624249401076506,0.4754805862903595,0.9129901475883354,1.2314316723875283
macro,macro@1,best_valid,session,final,final.intra.Exposure,intra,3,ScalarGroupConditionalProductWrapper,,,,0.4995028795682,0.5712343409257118,0.7998654690776719,0.0,0.9686439329108936,0.031858192917005305,1.7137030227771355,0.8663691083146793,0.8665769793851146,0.5487600017187314
macro,macro@1,best_valid,session,final,final.intra.Focus,intra,3,ScalarGroupConditionalProductWrapper,,,,0.5293801001140871,0.9959252004921447,0.07945238001028766,0.0,0.9468517041903955,0.0546127934222836,2.987775601476434,0.0639648103096968,0.3863015866735251,0.5815834833616903
macro,macro@1,best_valid,session,final,final.intra.Memory,intra,3,ScalarGroupConditionalProductWrapper,,,,0.444515494474183,0.6270314068539402,0.6888181062794285,0.0,0.9348452966354888,0.06737422152702112,1.8810942205618206,0.7712434300409725,0.7925454041862857,0.4883501847327187
macro,macro@1,best_valid,session,final,final.intra.Tempo,intra,3,ScalarGroupConditionalProductWrapper,,,,0.5256098225645274,0.7881830348193707,0.361077038736992,0.0,0.9636587042624323,0.037018088280524344,2.364549104458112,0.5184022331713964,0.5740513591579947,0.5774414101140545
