best_mrr20,epoch,epoch_time_sec,eval,lr,patience_used,train_loss,trial,valid_mrr20
0.3342,1,47.89584517478943,1,0.00056966,0,2114.4719009399414,1,0.3342
0.3684,3,46.43104934692383,1,0.00056966,0,1114.9530568122864,1,0.3684
0.3745,5,46.21681189537048,1,0.00056966,0,852.5426640510559,1,0.3745
0.3745,10,44.828890562057495,1,0.00056966,5,630.7058479785919,1,0.3596
0.3745,15,45.06577730178833,1,0.00056966,10,455.60412752628326,1,0.3307
