{
  "split": "best_valid",
  "feature_mode": "runtime:unknown|ablation:none",
  "stages": [
    {
      "stage": "macro@1",
      "n_eff": 7.983255222363771,
      "cv_usage": 0.04579721763730049,
      "top1_max_frac": 0.19169995404574217,
      "entropy_mean": 1.989661396655944,
      "route_jitter_adjacent": 0.7531389226407452,
      "route_consistency_knn_js": 0.010508937152036862,
      "route_consistency_knn_score": 0.9895460888045371,
      "route_consistency_group_knn_js": 0.004865101291988253,
      "route_consistency_group_knn_score": 0.9951467141444382,
      "route_consistency_intra_group_knn_mean_js": 0.0056356000516043,
      "route_consistency_intra_group_knn_mean_score": 0.9943803594940519,
      "route_consistency_feature_group_knn_mean_score": 0.9873328257265165,
      "family_top_expert_mean_share": 0.13476286828517914,
      "route_consistency_feature_group_knn_tempo_js": 0.013208390872125395,
      "route_consistency_feature_group_knn_tempo_score": 0.9868784571279716,
      "route_consistency_feature_group_knn_focus_js": 0.012495583049056595,
      "route_consistency_feature_group_knn_focus_score": 0.9875821625862126,
      "route_consistency_feature_group_knn_memory_js": 0.013029973485066381,
      "route_consistency_feature_group_knn_memory_score": 0.9870545491121059,
      "route_consistency_feature_group_knn_exposure_js": 0.012258697662395913,
      "route_consistency_feature_group_knn_exposure_score": 0.9878161340797758
    }
  ]
}
