stage_name,stage_key,split,aggregation_level,node_kind,node_name,route_space,support_size,wrapper_name,source_type,temperature,top_k,entropy_norm,n_eff_norm,top1_monopoly_norm,jitter_adj_norm,knn_consistency_score,knn_consistency_js,n_eff,cv_usage,top1_max_frac,entropy_mean
macro,macro@1,best_valid,session,final,final.expert,expert,12,ScalarGroupConditionalProductWrapper,,,,0.9328059113932307,0.8447085058085864,0.8575780431183944,0.0,0.9926252171879654,0.007402110965158572,10.136502069703036,0.4287662080298004,0.8694465395251948,2.317935612182595
macro,macro@1,best_valid,session,final,final.group,group,4,ScalarGroupConditionalProductWrapper,,,,0.9810665931771331,0.9766586421447024,0.5138454907876308,0.0,0.9989595182951799,0.0010410233816782997,3.9066345685788098,0.15459349398690533,0.635384118090723,1.3600470860045613
macro,macro@1,best_valid,session,final,final.intra.Exposure,intra,3,ScalarGroupConditionalProductWrapper,,,,0.5287153565966842,0.5306282111812998,0.9333584743023379,0.0,0.9844335938248602,0.01568883485404312,1.5918846335438992,0.9405097681132029,0.9555723162015587,0.580853187964659
macro,macro@1,best_valid,session,final,final.intra.Focus,intra,3,ScalarGroupConditionalProductWrapper,,,,0.9944875331620214,0.993140745713188,0.9477965736450813,0.0,0.9998215098492201,0.00017850608204255346,2.979422237139564,0.08310626013260304,0.9651977157633875,1.092556224859031
macro,macro@1,best_valid,session,final,final.intra.Memory,intra,3,ScalarGroupConditionalProductWrapper,,,,0.9817030397614621,0.9946203924256634,0.7114535071651762,0.0,0.9978200414404715,0.002182338128058561,2.98386117727699,0.07354440320895901,0.8076356714434508,1.0785110233047803
macro,macro@1,best_valid,session,final,final.intra.Tempo,intra,3,ScalarGroupConditionalProductWrapper,,,,0.8693171533844286,0.9400564687793991,0.5825880831806917,0.0,0.9893669085005216,0.01069002677522819,2.8201694063381972,0.2525189965212644,0.7217253887871278,0.9550425074581134
