stage_name,stage_key,split,aggregation_level,node_kind,node_name,route_space,support_size,wrapper_name,source_type,temperature,top_k,entropy_norm,n_eff_norm,top1_monopoly_norm,jitter_adj_norm,knn_consistency_score,knn_consistency_js,n_eff,cv_usage,top1_max_frac,entropy_mean
macro,macro@1,best_valid,session,final,final.expert,expert,12,ScalarGroupConditionalProductWrapper,,,,0.7806712690452057,0.8600492529107155,0.33581632171986237,0.0,0.9836682824388949,0.016466550107272167,10.320591034928587,0.40339076806930396,0.39116496157654046,1.9398952277488686
macro,macro@1,best_valid,session,final,final.group,group,4,ScalarGroupConditionalProductWrapper,,,,0.9875792884364968,0.991237495366466,0.27779611208020993,0.0,0.9989425418731582,0.001058017630155768,3.964949981465864,0.09402108937501907,0.45834708406015745,1.3690755987183094
macro,macro@1,best_valid,session,final,final.intra.Exposure,intra,3,ScalarGroupConditionalProductWrapper,,,,0.4258040168660586,0.5493021738917618,0.3979067464994578,0.0,0.9950400583960818,0.004972282939389506,1.6479065216752855,0.9058099417147057,0.5986044976663052,0.46779352549329506
macro,macro@1,best_valid,session,final,final.intra.Focus,intra,3,ScalarGroupConditionalProductWrapper,,,,0.619849488613323,0.8773262710968118,0.41410117391919293,0.0,0.9594177627037805,0.04142867569763212,2.6319788132904356,0.3739341684003422,0.6094007826127953,0.6809742653152403
macro,macro@1,best_valid,session,final,final.intra.Memory,intra,3,ScalarGroupConditionalProductWrapper,,,,0.3887795403740093,0.9822675674231762,0.0867474423648107,0.0,0.9988257557805291,0.001174934184392147,2.9468027022695287,0.1343598027718126,0.39116496157654046,0.4271179806376261
macro,macro@1,best_valid,session,final,final.intra.Tempo,intra,3,ScalarGroupConditionalProductWrapper,,,,0.6077173623791825,0.9779488403583337,0.27768610626561696,0.0,0.9896318726307571,0.010422250832822319,2.9338465210750013,0.15016093030092328,0.518457404177078,0.6676457623467408
