{
  "valid": {
    "count": 3499,
    "hit@5": 0.01771934838525293,
    "hit@10": 0.026864818519577022,
    "hit@20": 0.040297227779365535,
    "ndcg@5": 0.013756812002087157,
    "ndcg@10": 0.016673047599127442,
    "ndcg@20": 0.020010614125140568,
    "mrr@5": 0.012455939824971583,
    "mrr@10": 0.013636095631919816,
    "mrr@20": 0.014520624105795413
  },
  "test": {
    "count": 2706,
    "hit@5": 0.11271249076127125,
    "hit@10": 0.11788617886178862,
    "hit@20": 0.1271249076127125,
    "ndcg@5": 0.11051053276832071,
    "ndcg@10": 0.1121770226660254,
    "ndcg@20": 0.11452271854842229,
    "mrr@5": 0.10976841589277617,
    "mrr@10": 0.11045398824164714,
    "mrr@20": 0.11110301477268768
  },
  "slice_metrics": {
    "valid": {
      "target_popularity_abs": {
        "cold_0": {
          "count": 860,
          "hit@5": 0.0,
          "hit@10": 0.0,
          "hit@20": 0.0,
          "ndcg@5": 0.0,
          "ndcg@10": 0.0,
          "ndcg@20": 0.0,
          "mrr@5": 0.0,
          "mrr@10": 0.0,
          "mrr@20": 0.0
        },
        "rare_1_5": {
          "count": 116,
          "hit@5": 0.017241379310344827,
          "hit@10": 0.017241379310344827,
          "hit@20": 0.017241379310344827,
          "ndcg@5": 0.017241379310344827,
          "ndcg@10": 0.017241379310344827,
          "ndcg@20": 0.017241379310344827,
          "mrr@5": 0.017241379310344827,
          "mrr@10": 0.017241379310344827,
          "mrr@20": 0.017241379310344827
        },
        "6_20": {
          "count": 334,
          "hit@5": 0.0029940119760479044,
          "hit@10": 0.008982035928143712,
          "hit@20": 0.008982035928143712,
          "ndcg@5": 0.0029940119760479044,
          "ndcg@10": 0.004839805071939251,
          "ndcg@20": 0.004839805071939251,
          "mrr@5": 0.0029940119760479044,
          "mrr@10": 0.003700931472871118,
          "mrr@20": 0.003700931472871118
        },
        "21_100": {
          "count": 1259,
          "hit@5": 0.017474185861795076,
          "hit@10": 0.027005559968228753,
          "hit@20": 0.043685464654487687,
          "ndcg@5": 0.011860590590854975,
          "ndcg@10": 0.014843025692310288,
          "ndcg@20": 0.018969139579840366,
          "mrr@5": 0.010034418891970367,
          "mrr@10": 0.01120629884758291,
          "mrr@20": 0.012291236386306708
        },
        "101+": {
          "count": 930,
          "hit@5": 0.03978494623655914,
          "hit@10": 0.05913978494623656,
          "hit@20": 0.08709677419354839,
          "ndcg@5": 0.03247591574345866,
          "ndcg@10": 0.038747450869570495,
          "ndcg@20": 0.045718814192279696,
          "mrr@5": 0.030053763508155782,
          "mrr@10": 0.032653609951657635,
          "mrr@20": 0.03451278067083769
        }
      },
      "target_popularity_abs_legacy": {
        "<=5": {
          "count": 976,
          "hit@5": 0.0020491803278688526,
          "hit@10": 0.0020491803278688526,
          "hit@20": 0.0020491803278688526,
          "ndcg@5": 0.0020491803278688526,
          "ndcg@10": 0.0020491803278688526,
          "ndcg@20": 0.0020491803278688526,
          "mrr@5": 0.0020491803278688526,
          "mrr@10": 0.0020491803278688526,
          "mrr@20": 0.0020491803278688526
        },
        "6-20": {
          "count": 334,
          "hit@5": 0.0029940119760479044,
          "hit@10": 0.008982035928143712,
          "hit@20": 0.008982035928143712,
          "ndcg@5": 0.0029940119760479044,
          "ndcg@10": 0.004839805071939251,
          "ndcg@20": 0.004839805071939251,
          "mrr@5": 0.0029940119760479044,
          "mrr@10": 0.003700931472871118,
          "mrr@20": 0.003700931472871118
        },
        "21-100": {
          "count": 1259,
          "hit@5": 0.017474185861795076,
          "hit@10": 0.027005559968228753,
          "hit@20": 0.043685464654487687,
          "ndcg@5": 0.011860590590854975,
          "ndcg@10": 0.014843025692310288,
          "ndcg@20": 0.018969139579840366,
          "mrr@5": 0.010034418891970367,
          "mrr@10": 0.01120629884758291,
          "mrr@20": 0.012291236386306708
        },
        ">100": {
          "count": 930,
          "hit@5": 0.03978494623655914,
          "hit@10": 0.05913978494623656,
          "hit@20": 0.08709677419354839,
          "ndcg@5": 0.03247591574345866,
          "ndcg@10": 0.038747450869570495,
          "ndcg@20": 0.045718814192279696,
          "mrr@5": 0.030053763508155782,
          "mrr@10": 0.032653609951657635,
          "mrr@20": 0.03451278067083769
        }
      },
      "session_len": {
        "<=7": {
          "count": 2358,
          "hit@5": 0.013994910941475827,
          "hit@10": 0.022476675148430873,
          "hit@20": 0.033502968617472435,
          "ndcg@5": 0.01005374499303593,
          "ndcg@10": 0.012763176710551022,
          "ndcg@20": 0.015527885473563168,
          "mrr@5": 0.008771557850641553,
          "mrr@10": 0.009870989730011315,
          "mrr@20": 0.01061816114151852
        },
        "8-12": {
          "count": 1141,
          "hit@5": 0.025416301489921123,
          "hit@10": 0.03593339176161262,
          "hit@20": 0.05433829973707274,
          "ndcg@5": 0.02140960079029294,
          "ndcg@10": 0.02475321898849046,
          "ndcg@20": 0.02927465808694557,
          "mrr@5": 0.02007011396648798,
          "mrr@10": 0.02141709450720487,
          "mrr@20": 0.022585486217771674
        }
      },
      "session_len_legacy": {
        "1-2": {
          "count": 615,
          "hit@5": 0.004878048780487805,
          "hit@10": 0.011382113821138212,
          "hit@20": 0.02113821138211382,
          "ndcg@5": 0.0032809473150144748,
          "ndcg@10": 0.005332600828108749,
          "ndcg@20": 0.007835778521328437,
          "mrr@5": 0.002764227647122329,
          "mrr@10": 0.003581752500882963,
          "mrr@20": 0.004284647191927685
        },
        "3-5": {
          "count": 1305,
          "hit@5": 0.019157088122605363,
          "hit@10": 0.028352490421455937,
          "hit@20": 0.038314176245210725,
          "ndcg@5": 0.013943804726290063,
          "ndcg@10": 0.016914084291092736,
          "ndcg@20": 0.019397088154522395,
          "mrr@5": 0.012247765064239502,
          "mrr@10": 0.013473514653028656,
          "mrr@20": 0.014137781537013035
        },
        "6-10": {
          "count": 1579,
          "hit@5": 0.021532615579480684,
          "hit@10": 0.031665611146295125,
          "hit@20": 0.04939835338822039,
          "ndcg@5": 0.017682480955516486,
          "ndcg@10": 0.020890794198976582,
          "ndcg@20": 0.02525961684078412,
          "mrr@5": 0.016402786596429884,
          "mrr@10": 0.017686500447018378,
          "mrr@20": 0.018823813057213815
        }
      }
    },
    "test": {
      "target_popularity_abs": {
        "cold_0": {
          "count": 1813,
          "hit@5": 0.0,
          "hit@10": 0.0,
          "hit@20": 0.0,
          "ndcg@5": 0.0,
          "ndcg@10": 0.0,
          "ndcg@20": 0.0,
          "mrr@5": 0.0,
          "mrr@10": 0.0,
          "mrr@20": 0.0
        },
        "rare_1_5": {
          "count": 93,
          "hit@5": 0.3655913978494624,
          "hit@10": 0.3763440860215054,
          "hit@20": 0.3763440860215054,
          "ndcg@5": 0.3429332183253381,
          "ndcg@10": 0.34604144224556543,
          "ndcg@20": 0.34604144224556543,
          "mrr@5": 0.33512544824231055,
          "mrr@10": 0.3362007170755376,
          "mrr@20": 0.3362007170755376
        },
        "6_20": {
          "count": 112,
          "hit@5": 0.3392857142857143,
          "hit@10": 0.3392857142857143,
          "hit@20": 0.3482142857142857,
          "ndcg@5": 0.3392857142857143,
          "ndcg@10": 0.3392857142857143,
          "ndcg@20": 0.3417762762733868,
          "mrr@5": 0.3392857142857143,
          "mrr@10": 0.3392857142857143,
          "mrr@20": 0.34009740262159277
        },
        "21_100": {
          "count": 425,