stage_name,stage_key,split,aggregation_level,node_kind,node_name,route_space,support_size,wrapper_name,source_type,temperature,top_k,entropy_norm,n_eff_norm,top1_monopoly_norm,jitter_adj_norm,knn_consistency_score,knn_consistency_js,n_eff,cv_usage,top1_max_frac,entropy_mean
macro,macro@1,best_valid,session,final,final.expert,expert,12,GroupConditionalProductWrapper,,,,0.9384369132966263,0.831491457510377,0.24614471288978423,0.0,0.9936117259550442,0.006408766388014435,9.977897490124525,0.4501757338590701,0.30896598681563553,2.3319281262573117
macro,macro@1,best_valid,session,final,final.group,group,4,GroupConditionalProductWrapper,,,,0.9406332192962154,0.8765629103039566,0.9204811570878855,0.0,0.9974404625664751,0.0025628186495877535,3.5062516412158264,0.3752591907978058,0.9403608678159141,1.3039945277923928
macro,macro@1,best_valid,session,final,final.intra.Exposure,intra,3,GroupConditionalProductWrapper,,,,0.9378275122572424,0.9095686178199314,0.8805979387824578,0.0,0.997150516698132,0.002853550808110134,2.728705853459794,0.31531279339454193,0.920398625854972,1.0303088296168488
macro,macro@1,best_valid,session,final,final.intra.Focus,intra,3,GroupConditionalProductWrapper,,,,0.9956029855724086,0.9990614528918845,0.2998359691745845,0.0,0.9994154578401563,0.0005847130712185796,2.9971843586756535,0.030651124212112302,0.533223979449723,1.0937816745845068
macro,macro@1,best_valid,session,final,final.intra.Memory,intra,3,GroupConditionalProductWrapper,,,,0.8777257151317238,0.8328367253978523,0.8612392064621954,0.0,0.9938618704469472,0.006157045314912747,2.4985101761935566,0.4480129793878502,0.9074928043081304,0.9642802567237164
macro,macro@1,best_valid,session,final,final.intra.Tempo,intra,3,GroupConditionalProductWrapper,,,,0.883364959541535,0.9356023391597628,0.4846027668595834,0.0,0.991827439801061,0.008206138642082245,2.8068070174792883,0.26235492490664347,0.6564018445730556,0.970475599931138
