stage_name,stage_key,split,aggregation_level,node_kind,node_name,route_space,support_size,wrapper_name,source_type,temperature,top_k,entropy_norm,n_eff_norm,top1_monopoly_norm,jitter_adj_norm,knn_consistency_score,knn_consistency_js,n_eff,cv_usage,top1_max_frac,entropy_mean
macro,macro@1,best_valid,session,final,final.expert,expert,12,ScalarGroupConditionalProductWrapper,,,,0.9542211874590596,0.8437363728171424,0.7349051613390766,0.0,0.9994649045319228,0.0005352386827484082,10.12483647380571,0.4303537118645735,0.7569963978941535,2.371150574085619
macro,macro@1,best_valid,session,final,final.group,group,4,ScalarGroupConditionalProductWrapper,,,,0.9248770790499948,0.8558210333279772,0.6793202179735846,0.0,0.9994892389190987,0.000510891563774486,3.423284133311909,0.41044941010769664,0.7594901634801884,1.2821518794160431
macro,macro@1,best_valid,session,final,final.intra.Exposure,intra,3,ScalarGroupConditionalProductWrapper,,,,0.9816225373120339,0.9621097533057795,1.0,0.0,0.9999775485423492,2.2451709688565377e-05,2.8863292599173387,0.1984501123890247,1.0,1.0784225823245706
macro,macro@1,best_valid,session,final,final.intra.Focus,intra,3,ScalarGroupConditionalProductWrapper,,,,0.9986025657359414,0.9972688251311599,1.0,0.0,0.9999841628290649,1.5837296344446792e-05,2.9918064753934797,0.052331220661663395,1.0,1.0970770502130092
macro,macro@1,best_valid,session,final,final.intra.Memory,intra,3,ScalarGroupConditionalProductWrapper,,,,0.9926985731723583,0.9865695198987133,1.0,0.0,0.9999852308481018,1.4769260963184412e-05,2.95970855969614,0.11667623395692604,1.0,1.0905908514304516
macro,macro@1,best_valid,session,final,final.intra.Tempo,intra,3,ScalarGroupConditionalProductWrapper,,,,0.9829000464765972,0.9670889909573415,1.0,0.0,0.9999500687328587,4.993251374843969e-05,2.9012669728720244,0.18447456917469868,1.0,1.079826069591646
