stage_name,stage_key,split,aggregation_level,node_kind,node_name,route_space,support_size,wrapper_name,source_type,temperature,top_k,entropy_norm,n_eff_norm,top1_monopoly_norm,jitter_adj_norm,knn_consistency_score,knn_consistency_js,n_eff,cv_usage,top1_max_frac,entropy_mean
micro,micro@1,best_valid,token,primitive,primitive.a_joint,expert,12,FlatJointWrapper,feature,1.0,,0.9080250394270453,0.8994867946240794,0.3100698709300687,0.0,0.998460488,0.0015406982662695243,10.793841535488953,0.33428261914460433,0.36756404835256296,2.256357458646276
micro,micro@1,best_valid,token,wrapper,wrapper.group,group,4,FlatJointWrapper,,,,0.9571728750327722,0.9718071244008318,0.46382320544171424,0.0,0.9996297152974655,0.00037035327484308305,3.8872284976033273,0.17032530903816223,0.5978674040812857,1.3269233592748457
micro,micro@1,best_valid,token,wrapper,wrapper.intra.Exposure,intra,3,FlatJointWrapper,,,,0.7296387567524987,0.8466445109761099,0.6684990167059314,0.0,0.9989610506878799,0.001039489394067668,2.53993353292833,0.4255974463940428,0.7789993444706209,0.8015901044568168
micro,micro@1,best_valid,token,wrapper,wrapper.intra.Focus,intra,3,FlatJointWrapper,,,,0.7913446607538336,0.9578253961076834,0.1654753035458994,0.0,0.9980447657763232,0.0019571481893525446,2.87347618832305,0.20983722925671253,0.44365020236393293,0.869380968876058
micro,micro@1,best_valid,token,wrapper,wrapper.intra.Memory,intra,3,FlatJointWrapper,,,,0.8783826660027401,0.962248561886506,0.6005678271550249,0.0,0.9997498696851995,0.00025016160260511283,2.886745685659518,0.1980716974117846,0.7337118847700166,0.9650019910236661
micro,micro@1,best_valid,token,wrapper,wrapper.intra.Tempo,intra,3,FlatJointWrapper,,,,0.9291564844047843,0.892860417703432,0.9999832202377357,0.0,0.9999169444744528,8.30589748483237e-05,2.678581253110296,0.34640434213902604,0.9999888134918238,1.020782731862755
