{
  "split": "early_valid",
  "feature_mode": "none",
  "stage_metrics": {
    "macro@1": {
      "mode": "moe",
      "n_slots": 4,
      "expert_names": [
        "Tempo",
        "Focus",
        "Memory",
        "Exposure"
      ],
      "family_names": [
        "Tempo",
        "Focus",
        "Memory",
        "Exposure"
      ],
      "usage_sum": [
        1078.592529296875,
        402.83062744140625,
        744.9775390625,
        1116.5992431640625
      ],
      "top1_count": [
        1356.0,
        104.0,
        586.0,
        1297.0
      ],
      "entropy_mean": 1.1671102776557358,
      "route_jitter_adjacent": 0.5309278350515464,
      "route_jitter_session": 0.41055922634870035,
      "route_consistency_knn_js": 0.013932691996937923,
      "route_consistency_knn_score": 0.9861639187531328,
      "route_consistency_group_knn_js": 0.013932691996937923,
      "route_consistency_group_knn_score": 0.9861639187531328,
      "route_consistency_intra_group_knn": {
        "group_names": [
          "Tempo",
          "Focus",
          "Memory",
          "Exposure"
        ],
        "js_by_group": [
          0.0,
          0.0,
          0.0,
          0.0
        ],
        "score_by_group": [
          1.0,
          1.0,
          1.0,
          1.0
        ],
        "mean_js": 0.0,
        "mean_score": 1.0
      },
      "route_consistency_feature_group_knn": {
        "group_names": [
          "Tempo",
          "Focus",
          "Memory",
          "Exposure"
        ],
        "js_by_group": [
          0.022305414056854003,
          0.020229512994939632,
          0.01928505905127031,
          0.019744103414970533
        ],
        "score_by_group": [
          0.977941512351823,
          0.9799737307882118,
          0.9808997080455528,
          0.980449534895848
        ],
        "mean_js": 0.02039102237950862,
        "mean_score": 0.9798161215203589
      },
      "condition_norm": 0.0,
      "stage_delta_norm": 5.1564281798245615,
      "shared_delta_norm": 6.2332635566188195,
      "moe_delta_norm": 5.1564281798245615,
      "residual_delta_norm": 5.1564281798245615,
      "alpha_value": 1.0,
      "alpha_effective": 1.0,
      "usage_share": [
        0.32264208793640137,
        0.12049973756074905,
        0.22284699976444244,
        0.33401113748550415
      ],
      "n_eff": 3.5734409661393296,
      "cv_usage": 0.3454987910687203,
      "dead_expert_frac": 0.0,
      "top1_max_frac": 0.4056236912952438,
      "wrapper_name": "FlatJointWrapper",
      "feature_family_expert_heatmap": {
        "family_names": [
          "Tempo",
          "Focus",
          "Memory",
          "Exposure"
        ],
        "values": [
          [
            450.6727294921875,
            172.2442626953125,
            319.98577880859375,
            470.7787170410156
          ],
          [
            568.521240234375,
            213.93980407714844,
            395.8138427734375,
            590.2488403320312
          ],
          [
            489.3067932128906,
            180.11495971679688,
            330.8513488769531,
            502.14691162109375
          ],
          [
            523.4866333007812,
            195.9429931640625,
            358.9127502441406,
            541.2250366210938
          ]
        ]
      },
      "position_expert_usage": {
        "values": [
          [
            340.0,
            2.0,
            220.0,
            65.0
          ],
          [
            548.0,
            12.0,
            20.0,
            39.0
          ],
          [
            302.0,
            43.0,
            66.0,
            189.0
          ],
          [
            97.0,
            0.0,
            123.0,
            322.0
          ],
          [
            34.0,
            5.0,
            19.0,
            264.0
          ],
          [
            7.0,
            0.0,
            62.0,
            144.0
          ],
          [
            5.0,
            26.0,
            7.0,
            116.0
          ],
          [
            4.0,
            13.0,
            35.0,
            60.0
          ],
          [
            12.0,
            3.0,
            31.0,
            39.0
          ],
          [
            7.0,
            0.0,
            3.0,
            59.0
          ]
        ]
      },
      "route_transition_matrix": {
        "values": [
          [
            640.0,
            52.0,
            135.0,
            420.0
          ],
          [
            17.0,
            4.0,
            27.0,
            35.0
          ],
          [
            231.0,
            9.0,
            48.0,
            195.0
          ],
          [
            128.0,
            37.0,
            156.0,
            582.0
          ]
        ]
      },
      "group_routing": {
        "group_names": [
          "Tempo",
          "Focus",
          "Memory",
          "Exposure"
        ],
        "group_share": [
          0.32264208793640137,
          0.12049973756074905,
          0.22284699976444244,
          0.33401113748550415
        ],
        "group_n_eff": 3.5734409661393296,
        "group_cv_usage": 0.3454987494274417,
        "group_top1_max_frac": 0.4056236912952438,
        "group_entropy_mean": 1.1671102776557358,
        "group_prior_mean": [
          0.0,
          0.0,
          0.0,
          0.0
        ],
        "factored_group_entropy_mean": 0.0
      },
      "specialization_summary": {
        "mean_top_expert_share": 0.33379316329956055,
        "family_top_expert": [
          {
            "family": "Tempo",
            "expert": "Exposure",
            "top_share": 0.3330160975456238
          },
          {
            "family": "Focus",
            "expert": "Exposure",
            "top_share": 0.333752304315567
          },
          {
            "family": "Memory",
            "expert": "Exposure",
            "top_share": 0.3342254161834717
          },
          {
            "family": "Exposure",
            "expert": "Exposure",
            "top_share": 0.33417877554893494
          }
        ]
      },
      "expert_similarity_mean": 0.258368581533432,
      "expert_similarity_max": 0.3555571436882019
    }
  },
  "scalar_metrics": {
    "macro_1.entropy_mean": 1.1671102776557358,
    "macro_1.n_eff": 3.5734409661393296,
    "macro_1.cv_usage": 0.3454987910687203,
    "macro_1.dead_expert_frac": 0.0,
    "macro_1.top1_max_frac": 0.4056236912952438,
    "macro_1.route_jitter_adjacent": 0.5309278350515464,
    "macro_1.route_jitter_session": 0.41055922634870035,
    "macro_1.route_consistency_knn_js": 0.013932691996937923,
    "macro_1.route_consistency_knn_score": 0.9861639187531328,
    "macro_1.route_consistency_group_knn_js": 0.013932691996937923,
    "macro_1.route_consistency_group_knn_score": 0.9861639187531328,
    "macro_1.route_consistency_intra_group_knn_mean_js": 0.0,
    "macro_1.route_consistency_intra_group_knn_mean_score": 1.0,
    "macro_1.route_consistency_feature_group_knn_mean_js": 0.02039102237950862,
    "macro_1.route_consistency_feature_group_knn_mean_score": 0.9798161215203589,
    "macro_1.route_consistency_feature_group_knn_tempo_js": 0.022305414056854003,
    "macro_1.route_consistency_feature_group_knn_tempo_score": 0.977941512351823,
    "macro_1.route_consistency_feature_group_knn_focus_js": 0.020229512994939632,
    "macro_1.route_consistency_feature_group_knn_focus_score": 0.9799737307882118,
    "macro_1.route_consistency_feature_group_knn_memory_js": 0.01928505905127031,
    "macro_1.route_consistency_feature_group_knn_memory_score": 0.9808997080455528,
    "macro_1.route_consistency_feature_group_knn_exposure_js": 0.019744103414970533,
    "macro_1.route_consistency_feature_group_knn_exposure_score": 0.980449534895848,
    "macro_1.condition_norm": 0.0,
    "macro_1.stage_delta_norm": 5.1564281798245615,
    "macro_1.shared_delta_norm": 6.2332635566188195,