best_mrr20,epoch,epoch_time_sec,eval,lr,patience_used,train_loss,trial,valid_mrr20
0.0115,1,17.464744091033936,1,0.0005476,0,697.4433054924011,1,0.0115
0.0157,3,17.590766191482544,1,0.0005476,0,604.2091631889343,1,0.0157
0.0174,10,17.466272115707397,1,0.0005476,5,514.4223847389221,1,0.0169
0.0183,21,16.61683750152588,1,0.0005476,0,459.9714674949646,1,0.0183
0.0183,31,16.318760871887207,1,0.0005476,10,427.3149948120117,1,0.0165
