{
  "model": "TiSASRec",
  "dataset": "retail_rocket",
  "dataset_raw": "retail_rocket",
  "max_evals": 4,
  "tune_epochs": 16,
  "n_completed": 4,
  "n_recorded_trials": 4,
  "timestamp": "2026-04-12T10:13:32.333291",
  "trials": [
    {
      "trial": 1,
      "params": {
        "learning_rate": 0.0007056815797140578
      },
      "mrr@20": 0.2564,
      "valid_result": {
        "hit@5": 0.3437,
        "hit@10": 0.4129,
        "hit@20": 0.4769,
        "ndcg@5": 0.2679,
        "ndcg@10": 0.2902,
        "ndcg@20": 0.3065,
        "mrr@5": 0.2427,
        "mrr@10": 0.252,
        "mrr@20": 0.2564
      },
      "test_result": {
        "hit@5": 0.3467,
        "hit@10": 0.4166,
        "hit@20": 0.484,
        "ndcg@5": 0.2686,
        "ndcg@10": 0.2912,
        "ndcg@20": 0.3083,
        "mrr@5": 0.2428,
        "mrr@10": 0.2521,
        "mrr@20": 0.2568
      },
      "best_hr@10": 0.4129,
      "test_mrr@20": 0.2568,
      "test_hr@10": 0.4166,
      "epochs_run": 14,
      "early_stop_epoch": 14,
      "early_stopped": true,
      "elapsed": 90.5,
      "status": "ok"
    },
    {
      "trial": 2,
      "params": {
        "learning_rate": 0.00025882136001705583
      },
      "mrr@20": 0.241,
      "valid_result": {
        "hit@5": 0.3261,
        "hit@10": 0.3886,
        "hit@20": 0.4508,
        "ndcg@5": 0.2526,
        "ndcg@10": 0.2729,
        "ndcg@20": 0.2886,
        "mrr@5": 0.2283,
        "mrr@10": 0.2367,
        "mrr@20": 0.241
      },
      "test_result": {
        "hit@5": 0.3261,
        "hit@10": 0.3929,
        "hit@20": 0.454,
        "ndcg@5": 0.2522,
        "ndcg@10": 0.2739,
        "ndcg@20": 0.2894,
        "mrr@5": 0.2276,
        "mrr@10": 0.2367,
        "mrr@20": 0.2409
      },
      "best_hr@10": 0.3886,
      "test_mrr@20": 0.2409,
      "test_hr@10": 0.3929,
      "epochs_run": 16,
      "early_stop_epoch": 16,
      "early_stopped": false,
      "elapsed": 101.4,
      "status": "ok"
    },
    {
      "trial": 3,
      "params": {
        "learning_rate": 0.00044363844332147355
      },
      "mrr@20": 0.2533,
      "valid_result": {
        "hit@5": 0.3406,
        "hit@10": 0.4075,
        "hit@20": 0.4707,
        "ndcg@5": 0.265,
        "ndcg@10": 0.2867,
        "ndcg@20": 0.3027,
        "mrr@5": 0.24,
        "mrr@10": 0.249,
        "mrr@20": 0.2533
      },
      "test_result": {
        "hit@5": 0.3417,
        "hit@10": 0.4093,
        "hit@20": 0.4739,
        "ndcg@5": 0.2647,
        "ndcg@10": 0.2866,
        "ndcg@20": 0.303,
        "mrr@5": 0.2392,
        "mrr@10": 0.2483,
        "mrr@20": 0.2528
      },
      "best_hr@10": 0.4075,
      "test_mrr@20": 0.2528,
      "test_hr@10": 0.4093,
      "epochs_run": 16,
      "early_stop_epoch": 16,
      "early_stopped": false,
      "elapsed": 106.4,
      "status": "ok"
    },
    {
      "trial": 4,
      "params": {
        "learning_rate": 0.0009401789838695129
      },
      "mrr@20": 0.2577,
      "valid_result": {
        "hit@5": 0.3475,
        "hit@10": 0.417,
        "hit@20": 0.4815,
        "ndcg@5": 0.2697,
        "ndcg@10": 0.2922,
        "ndcg@20": 0.3085,
        "mrr@5": 0.2439,
        "mrr@10": 0.2532,
        "mrr@20": 0.2577
      },
      "test_result": {
        "hit@5": 0.353,
        "hit@10": 0.423,
        "hit@20": 0.4866,
        "ndcg@5": 0.2739,
        "ndcg@10": 0.2966,
        "ndcg@20": 0.3127,
        "mrr@5": 0.2477,
        "mrr@10": 0.2571,
        "mrr@20": 0.2615
      },
      "best_hr@10": 0.417,
      "test_mrr@20": 0.2615,
      "test_hr@10": 0.423,
      "epochs_run": 13,
      "early_stop_epoch": 13,
      "early_stopped": true,
      "elapsed": 82.3,
      "status": "ok"
    }
  ],
  "run_group": "baseline",
  "run_axis": "stageh_targetedrecovery_anchor2_core5",
  "run_phase": "P23_SH_C03_MTISASREC_XFER_AMAZON_BEAUTY_FAD_H2_R1_C1_PASS2_DEEPL_S1",
  "parent_result": "",
  "interrupted": false,
  "interrupted_at": null,
  "tuned_search": {
    "learning_rate": [
      0.00024250721000730786,
      0.0009849223316096805
    ]
  },
  "fixed_search": {
    "n_layers": 2,
    "n_heads": 4,
    "time_span": 320,
    "weight_decay": 0.00015,
    "hidden_dropout_prob": 0.09,
    "MAX_ITEM_LIST_LENGTH": 5,
    "num_layers": 2,
    "num_heads": 4,
    "dropout_ratio": 0.09,
    "dropout_prob": 0.09,
    "attn_dropout_prob": 0.09,
    "hidden_size": 144,
    "embedding_size": 144,
    "inner_size": 288,
    "num_experts": 6,
    "state_size": 24,
    "conv_kernel": 6,
    "remaining_ratio": 0.6
  },
  "context_fixed": {
    "num_layers": 2,
    "search_space_type_overrides": {
      "learning_rate": "loguniform",
      "weight_decay": "choice",
      "n_layers": "choice",
      "num_layers": "choice",
      "n_heads": "choice",
      "num_heads": "choice",
      "dropout_ratio": "choice",
      "dropout_prob": "choice",
      "hidden_dropout_prob": "choice",
      "attn_dropout_prob": "choice",
      "hidden_size": "choice",
      "embedding_size": "choice",
      "inner_size": "choice",
      "time_span": "choice",
      "num_experts": "choice",
      "state_size": "choice",
      "conv_kernel": "choice",
      "remaining_ratio": "choice",
      "MAX_ITEM_LIST_LENGTH": "choice"
    }
  },
  "best_params": {
    "learning_rate": 0.0009401789838695129
  },
  "best_mrr@20": 0.2577,
  "best_hr@10": 0.417,
  "test_mrr@20": 0.2615,
  "test_hr@10": 0.423,
  "best_valid_result": {
    "hit@5": 0.3475,
    "hit@10": 0.417,
    "hit@20": 0.4815,
    "ndcg@5": 0.2697,
    "ndcg@10": 0.2922,
    "ndcg@20": 0.3085,
    "mrr@5": 0.2439,
    "mrr@10": 0.2532,
    "mrr@20": 0.2577
  },
  "test_result": {
    "hit@5": 0.353,
    "hit@10": 0.423,
    "hit@20": 0.4866,
    "ndcg@5": 0.2739,
    "ndcg@10": 0.2966,
    "ndcg@20": 0.3127,
    "mrr@5": 0.2477,
    "mrr@10": 0.2571,
    "mrr@20": 0.2615
  },
  "best_valid_special_metrics": {
    "split": "best_valid",
    "overall": {
      "count": 22961,
      "hit@20": 0.481468577152563,
      "ndcg@20": 0.30853590710391765,
      "mrr@20": 0.2577110925996549
    },
    "slices": {
      "target_popularity_abs": {
        "rare_1_5": {
          "count": 20110,
          "hit@20": 0.45574341123818995,
          "ndcg@20": 0.28931937549598535,
          "mrr@20": 0.24056141042423332
        },
        "6_20": {
          "count": 2526,
          "hit@20": 0.6555819477434679,
          "ndcg@20": 0.43598895166025026,
          "mrr@20": 0.37034236423535566
        },
        "21_100": {
          "count": 325,
          "hit@20": 0.72,
          "ndcg@20": 0.5069914765999868,
          "mrr@20": 0.44347575843334197
        }
      },
      "target_popularity_abs_legacy": {
        "<=5": {
          "count": 20110,
          "hit@20": 0.45574341123818995,
          "ndcg@20": 0.28931937549598535,
          "mrr@20": 0.24056141042423332
        },
        "6-20": {
          "count": 2526,
          "hit@20": 0.6555819477434679,
          "ndcg@20": 0.43598895166025026,
          "mrr@20": 0.37034236423535566
        },
        "21-100": {
          "count": 325,
          "hit@20": 0.72,
          "ndcg@20": 0.5069914765999868,
          "mrr@20": 0.44347575843334197
        }
      },
      "session_len": {
        "<=7": {
          "count": 22961,
          "hit@20": 0.481468577152563,
          "ndcg@20": 0.30853590710391765,
          "mrr@20": 0.2577110925996549
        }
      },
      "session_len_legacy": {
        "1-2": {
          "count": 10403,
          "hit@20": 0.5260021147745843,
          "ndcg@20": 0.35762955569641114,
          "mrr@20": 0.3077434025361803
        },
        "3-5": {
          "count": 12558,
          "hit@20": 0.4445771619684663,
          "ndcg@20": 0.26786691313133365,
          "mrr@20": 0.21626451509769012
        }
      }
    },
    "counts": {
      "target_popularity_abs": {
        "rare_1_5": 20110,
        "6_20": 2526,
        "21_100": 325
      },
      "target_popularity_abs_legacy": {
        "<=5": 20110,