{
  "model": "SASRec",
  "dataset": "lastfm0.03",
  "dataset_raw": "lastfm0.03",
  "max_evals": 6,
  "tune_epochs": 44,
  "n_completed": 6,
  "n_recorded_trials": 6,
  "timestamp": "2026-04-07T12:46:49.901297",
  "trials": [
    {
      "trial": 1,
      "params": {
        "learning_rate": 0.0008818574598541249
      },
      "mrr@20": 0.2225,
      "valid_result": {
        "hit@5": 0.275,
        "hit@10": 0.2998,
        "hit@20": 0.3192,
        "ndcg@5": 0.2321,
        "ndcg@10": 0.2402,
        "ndcg@20": 0.2451,
        "mrr@5": 0.2178,
        "mrr@10": 0.2212,
        "mrr@20": 0.2225
      },
      "test_result": {
        "hit@5": 0.2787,
        "hit@10": 0.2976,
        "hit@20": 0.3164,
        "ndcg@5": 0.2334,
        "ndcg@10": 0.2394,
        "ndcg@20": 0.2442,
        "mrr@5": 0.2183,
        "mrr@10": 0.2208,
        "mrr@20": 0.2221
      },
      "best_hr@10": 0.2998,
      "test_mrr@20": 0.2221,
      "test_hr@10": 0.2976,
      "epochs_run": 31,
      "early_stop_epoch": 31,
      "early_stopped": true,
      "elapsed": 259.3,
      "status": "ok"
    },
    {
      "trial": 2,
      "params": {
        "learning_rate": 0.0013746357359046286
      },
      "mrr@20": 0.2143,
      "valid_result": {
        "hit@5": 0.2689,
        "hit@10": 0.2966,
        "hit@20": 0.3181,
        "ndcg@5": 0.2241,
        "ndcg@10": 0.233,
        "ndcg@20": 0.2384,
        "mrr@5": 0.2092,
        "mrr@10": 0.2128,
        "mrr@20": 0.2143
      },
      "test_result": {
        "hit@5": 0.2689,
        "hit@10": 0.2936,
        "hit@20": 0.3167,
        "ndcg@5": 0.2234,
        "ndcg@10": 0.2316,
        "ndcg@20": 0.2374,
        "mrr@5": 0.2082,
        "mrr@10": 0.2117,
        "mrr@20": 0.2133
      },
      "best_hr@10": 0.2966,
      "test_mrr@20": 0.2133,
      "test_hr@10": 0.2936,
      "epochs_run": 22,
      "early_stop_epoch": 22,
      "early_stopped": true,
      "elapsed": 188.2,
      "status": "ok"
    },
    {
      "trial": 3,
      "params": {
        "learning_rate": 0.0009318468433361445
      },
      "mrr@20": 0.2224,
      "valid_result": {
        "hit@5": 0.2719,
        "hit@10": 0.2947,
        "hit@20": 0.312,
        "ndcg@5": 0.2315,
        "ndcg@10": 0.239,
        "ndcg@20": 0.2434,
        "mrr@5": 0.218,
        "mrr@10": 0.2212,
        "mrr@20": 0.2224
      },
      "test_result": {
        "hit@5": 0.271,
        "hit@10": 0.2933,
        "hit@20": 0.3143,
        "ndcg@5": 0.2332,
        "ndcg@10": 0.2404,
        "ndcg@20": 0.2457,
        "mrr@5": 0.2206,
        "mrr@10": 0.2236,
        "mrr@20": 0.225
      },
      "best_hr@10": 0.2947,
      "test_mrr@20": 0.225,
      "test_hr@10": 0.2933,
      "epochs_run": 35,
      "early_stop_epoch": 35,
      "early_stopped": true,
      "elapsed": 291.5,
      "status": "ok"
    },
    {
      "trial": 4,
      "params": {
        "learning_rate": 0.0010824173293536282
      },
      "mrr@20": 0.2197,
      "valid_result": {
        "hit@5": 0.2711,
        "hit@10": 0.2968,
        "hit@20": 0.3144,
        "ndcg@5": 0.2289,
        "ndcg@10": 0.2373,
        "ndcg@20": 0.2418,
        "mrr@5": 0.2149,
        "mrr@10": 0.2184,
        "mrr@20": 0.2197
      },
      "test_result": {
        "hit@5": 0.2747,
        "hit@10": 0.2933,
        "hit@20": 0.3135,
        "ndcg@5": 0.2312,
        "ndcg@10": 0.2373,
        "ndcg@20": 0.2424,
        "mrr@5": 0.2167,
        "mrr@10": 0.2192,
        "mrr@20": 0.2206
      },
      "best_hr@10": 0.2968,
      "test_mrr@20": 0.2206,
      "test_hr@10": 0.2933,
      "epochs_run": 31,
      "early_stop_epoch": 31,
      "early_stopped": true,
      "elapsed": 258.6,
      "status": "ok"
    },
    {
      "trial": 5,
      "params": {
        "learning_rate": 0.0006207977430798674
      },
      "mrr@20": 0.2276,
      "valid_result": {
        "hit@5": 0.2782,
        "hit@10": 0.3011,
        "hit@20": 0.3223,
        "ndcg@5": 0.2367,
        "ndcg@10": 0.2443,
        "ndcg@20": 0.2497,
        "mrr@5": 0.2229,
        "mrr@10": 0.2262,
        "mrr@20": 0.2276
      },
      "test_result": {
        "hit@5": 0.2739,
        "hit@10": 0.296,
        "hit@20": 0.3138,
        "ndcg@5": 0.2328,
        "ndcg@10": 0.24,
        "ndcg@20": 0.2445,
        "mrr@5": 0.219,
        "mrr@10": 0.222,
        "mrr@20": 0.2232
      },
      "best_hr@10": 0.3011,
      "test_mrr@20": 0.2232,
      "test_hr@10": 0.296,
      "epochs_run": 41,
      "early_stop_epoch": 41,
      "early_stopped": true,
      "elapsed": 346.7,
      "status": "ok"
    },
    {
      "trial": 6,
      "params": {
        "learning_rate": 0.001438169052527074
      },
      "mrr@20": 0.2152,
      "valid_result": {
        "hit@5": 0.261,
        "hit@10": 0.2857,
        "hit@20": 0.3088,
        "ndcg@5": 0.2228,
        "ndcg@10": 0.231,
        "ndcg@20": 0.2368,
        "mrr@5": 0.2101,
        "mrr@10": 0.2136,
        "mrr@20": 0.2152
      },
      "test_result": {
        "hit@5": 0.2646,
        "hit@10": 0.2875,
        "hit@20": 0.3071,
        "ndcg@5": 0.2261,
        "ndcg@10": 0.2336,
        "ndcg@20": 0.2386,
        "mrr@5": 0.2132,
        "mrr@10": 0.2163,
        "mrr@20": 0.2177
      },
      "best_hr@10": 0.2857,
      "test_mrr@20": 0.2177,
      "test_hr@10": 0.2875,
      "epochs_run": 29,
      "early_stop_epoch": 29,
      "early_stopped": true,
      "elapsed": 240.4,
      "status": "ok"
    }
  ],
  "run_group": "baseline",
  "run_axis": "stageg_cross6x9_anchor2_core5",
  "run_phase": "P22_SG_D01_M01_C01_SASREC_OLD_B6_C1_S3",
  "parent_result": "",
  "interrupted": false,
  "interrupted_at": null,
  "tuned_search": {
    "learning_rate": [
      0.0005693959002974658,
      0.0014576535047615127
    ]
  },
  "fixed_search": {
    "attn_dropout_prob": 0.2,
    "num_layers": 1,
    "weight_decay": 0.0002835,
    "dropout_ratio": 0.2,
    "n_layers": 1,
    "n_heads": 4,
    "num_heads": 4,
    "dropout_prob": 0.2,
    "hidden_dropout_prob": 0.2,
    "hidden_size": 176,
    "embedding_size": 176,
    "inner_size": 352,
    "time_span": 384,
    "num_experts": 6,
    "state_size": 24,
    "conv_kernel": 6,
    "remaining_ratio": 0.6,
    "MAX_ITEM_LIST_LENGTH": 25
  },
  "context_fixed": {
    "num_layers": 1,
    "search_space_type_overrides": {
      "learning_rate": "loguniform",
      "weight_decay": "choice",
      "dropout_ratio": "choice",
      "n_layers": "choice",
      "num_layers": "choice",
      "n_heads": "choice",
      "num_heads": "choice",
      "dropout_prob": "choice",
      "hidden_dropout_prob": "choice",
      "attn_dropout_prob": "choice",
      "hidden_size": "choice",
      "embedding_size": "choice",
      "inner_size": "choice",
      "time_span": "choice",
      "num_experts": "choice",
      "state_size": "choice",
      "conv_kernel": "choice",
      "remaining_ratio": "choice",
      "MAX_ITEM_LIST_LENGTH": "choice"
    }
  },
  "best_params": {
    "learning_rate": 0.0006207977430798674
  },
  "best_mrr@20": 0.2276,
  "best_hr@10": 0.3011,
  "test_mrr@20": 0.2232,
  "test_hr@10": 0.296,
  "best_valid_result": {
    "hit@5": 0.2782,
    "hit@10": 0.3011,
    "hit@20": 0.3223,
    "ndcg@5": 0.2367,
    "ndcg@10": 0.2443,
    "ndcg@20": 0.2497,
    "mrr@5": 0.2229,
    "mrr@10": 0.2262,
    "mrr@20": 0.2276
  },
  "test_result": {
    "hit@5": 0.2739,
    "hit@10": 0.296,
    "hit@20": 0.3138,
    "ndcg@5": 0.2328,
    "ndcg@10": 0.24,
    "ndcg@20": 0.2445,
    "mrr@5": 0.219,
    "mrr@10": 0.222,
    "mrr@20": 0.2232
  },
  "best_valid_special_metrics": {
    "split": "best_valid",
    "overall": {
      "count": 3763,
      "hit@20": 0.32234918947648156,
      "ndcg@20": 0.24966359905128369,
      "mrr@20": 0.22762574077369271
    },
    "slices": {
      "target_popularity_abs": {
        "rare_1_5": {
          "count": 3735,
          "hit@20": 0.32182061579651944,
          "ndcg@20": 0.24934510239954774,
          "mrr@20": 0.2273747125613083
        },