{
  "split": "best_valid",
  "feature_mode": "none",
  "stage_metrics": {
    "macro@1": {
      "mode": "moe",
      "n_slots": 6,
      "expert_names": [
        "Memory_a",
        "Memory_b",
        "Memory_c",
        "Exposure_a",
        "Exposure_b",
        "Exposure_c"
      ],
      "family_names": [
        "Tempo",
        "Focus",
        "Memory",
        "Exposure"
      ],
      "usage_sum": [
        2420.82275390625,
        2508.516357421875,
        2543.8212890625,
        2836.9150390625,
        2536.19970703125,
        2461.725341796875
      ],
      "top1_count": [
        3.0,
        3714.0,
        282.0,
        8770.0,
        2432.0,
        107.0
      ],
      "entropy_mean": 1.781031185695388,
      "route_jitter_adjacent": 0.0,
      "route_jitter_session": 0.0,
      "route_consistency_knn_js": 0.00048501253441348184,
      "route_consistency_knn_score": 0.9995151050651526,
      "route_consistency_group_knn_js": 0.00041962183728011304,
      "route_consistency_group_knn_score": 0.9995804661916496,
      "route_consistency_intra_group_knn": {
        "group_names": [
          "Tempo",
          "Focus"
        ],
        "js_by_group": [
          8.28227373366287e-05,
          4.4413923277334845e-05
        ],
        "score_by_group": [
          0.9999171806923716,
          0.9999555870630064
        ],
        "mean_js": 6.361833030698177e-05,
        "mean_score": 0.9999363838776889
      },
      "route_consistency_feature_group_knn": {
        "group_names": [
          "Tempo",
          "Focus"
        ],
        "js_by_group": [
          0.0,
          0.0
        ],
        "score_by_group": [
          1.0,
          1.0
        ],
        "mean_js": 0.0,
        "mean_score": 1.0
      },
      "condition_norm": 0.0,
      "stage_delta_norm": 3.7372322601839683,
      "shared_delta_norm": 6.535367115637319,
      "moe_delta_norm": 3.7372322601839683,
      "residual_delta_norm": 3.7372322601839683,
      "alpha_value": 1.0,
      "alpha_effective": 1.0,
      "usage_share": [
        0.15814101696014404,
        0.16386961936950684,
        0.1661759316921234,
        0.1853223741054535,
        0.16567805409431458,
        0.16081298887729645
      ],
      "n_eff": 5.983340870217704,
      "cv_usage": 0.05276529147430386,
      "dead_expert_frac": 0.0,
      "top1_max_frac": 0.5729030572249804,
      "wrapper_name": "GroupConditionalProductWrapper",
      "feature_family_expert_heatmap": {
        "family_names": [
          "Tempo",
          "Focus",
          "Memory",
          "Exposure"
        ],
        "values": [
          [
            0.0,
            0.0,
            0.0,
            0.0,
            0.0,
            0.0
          ],
          [
            0.0,
            0.0,
            0.0,
            0.0,
            0.0,
            0.0
          ],
          [
            609.4617309570312,
            641.318359375,
            631.1243896484375,
            673.7216796875,
            597.4996337890625,
            580.8289794921875
          ],
          [
            1739.504150390625,
            1802.664794921875,
            1828.5721435546875,
            2042.6817626953125,
            1795.389892578125,
            1747.921875
          ]
        ]
      },
      "position_expert_usage": {
        "values": [
          [
            1.0,
            749.0,
            55.0,
            2223.0,
            750.0,
            27.0
          ],
          [
            1.0,
            749.0,
            55.0,
            2223.0,
            750.0,
            27.0
          ],
          [
            1.0,
            495.0,
            35.0,
            1289.0,
            345.0,
            15.0
          ],
          [
            0.0,
            341.0,
            26.0,
            806.0,
            181.0,
            9.0
          ],
          [
            0.0,
            242.0,
            23.0,
            512.0,
            109.0,
            8.0
          ],
          [
            0.0,
            189.0,
            18.0,
            368.0,
            71.0,
            6.0
          ],
          [
            0.0,
            139.0,
            14.0,
            273.0,
            56.0,
            3.0
          ],
          [
            0.0,
            115.0,
            10.0,
            218.0,
            34.0,
            2.0
          ],
          [
            0.0,
            99.0,
            7.0,
            167.0,
            24.0,
            2.0
          ],
          [
            0.0,
            89.0,
            6.0,
            135.0,
            19.0,
            2.0
          ],
          [
            0.0,
            78.0,
            5.0,
            107.0,
            18.0,
            2.0
          ],
          [
            0.0,
            64.0,
            4.0,
            86.0,
            16.0,
            2.0
          ],
          [
            0.0,
            58.0,
            3.0,
            68.0,
            13.0,
            1.0
          ],
          [
            0.0,
            55.0,
            3.0,
            56.0,
            11.0,
            1.0
          ],
          [
            0.0,
            51.0,
            3.0,
            47.0,
            9.0,
            0.0
          ],
          [
            0.0,
            46.0,
            3.0,
            44.0,
            9.0,
            0.0
          ],
          [
            0.0,
            42.0,
            3.0,
            40.0,
            7.0,
            0.0
          ],
          [
            0.0,
            40.0,
            3.0,
            38.0,
            6.0,
            0.0
          ],
          [
            0.0,
            37.0,
            3.0,
            36.0,
            2.0,
            0.0
          ],
          [
            0.0,
            36.0,
            3.0,
            34.0,
            2.0,
            0.0
          ]
        ]
      },
      "route_transition_matrix": {
        "values": [
          [
            2.0,
            0.0,
            0.0,
            0.0,
            0.0,
            0.0
          ],
          [
            0.0,
            2965.0,
            0.0,
            0.0,
            0.0,
            0.0
          ],
          [
            0.0,
            0.0,
            227.0,
            0.0,
            0.0,
            0.0
          ],
          [
            0.0,
            0.0,
            0.0,
            6547.0,
            0.0,
            0.0
          ],
          [
            0.0,
            0.0,
            0.0,
            0.0,
            1682.0,
            0.0
          ],
          [
            0.0,
            0.0,
            0.0,
            0.0,
            0.0,
            80.0
          ]
        ]
      },
      "group_routing": {
        "group_names": [
          "Tempo",
          "Focus"
        ],
        "group_share": [
          0.4881865680217743,
          0.5118134021759033
        ],
        "group_n_eff": 1.9988843469009172,
        "group_cv_usage": 0.02362684135746015,
        "group_top1_max_frac": 0.6589365037888686,
        "group_entropy_mean": 0.6848714851915665,
        "group_prior_mean": [
          0.0,
          0.0
        ],
        "factored_group_entropy_mean": 0.0
      },
      "specialization_summary": {
        "mean_top_expert_share": 0.09171567857265472,
        "family_top_expert": [
          {
            "family": "Tempo",
            "expert": "Memory_a",
            "top_share": 0.0
          },
          {
            "family": "Focus",
            "expert": "Memory_a",
            "top_share": 0.0
          },
          {
            "family": "Memory",
            "expert": "Exposure_a",
            "top_share": 0.18043111264705658
          },
          {
            "family": "Exposure",
            "expert": "Exposure_a",
            "top_share": 0.1864316165447235
          }
        ]
      },