stage_name,stage_key,split,aggregation_level,node_kind,node_name,route_space,support_size,wrapper_name,source_type,temperature,top_k,entropy_norm,n_eff_norm,top1_monopoly_norm,jitter_adj_norm,knn_consistency_score,knn_consistency_js,n_eff,cv_usage,top1_max_frac,entropy_mean
mid,mid@1,best_valid,session,final,final.expert,expert,16,FlatJointWrapper,,,,0.8490644912522681,0.977731414921212,0.03666405319859454,0.7472639348434716,0.9224170343835849,0.08075784273945603,15.643702638739391,0.1509164422750473,0.09687254987368238,2.354106632900296
mid,mid@1,best_valid,session,final,final.group,group,4,FlatJointWrapper,,,,0.9197352163187638,0.9952820075713308,0.08005923860963497,0.0,0.9783104845862626,0.02192819042779964,3.981128030285323,0.0688500627875328,0.3100444289572262,1.275023744106085
mid,mid@1,best_valid,session,final,final.intra.Exposure,intra,4,FlatJointWrapper,,,,0.8191201362366755,0.9925571888861057,0.04312222319017334,0.0,0.9497332599044298,0.051574112861336216,3.9702287555444227,0.08659456670284271,0.28234166739263,1.1355416259446598
mid,mid@1,best_valid,session,final,final.intra.Focus,intra,4,FlatJointWrapper,,,,0.8069179783348089,0.9848037989915532,0.06902459563841219,0.0,0.9506718089305788,0.05058637701717736,3.939215195966213,0.12421995401382446,0.30176844672880915,1.1186258432518077
mid,mid@1,best_valid,session,final,final.intra.Memory,intra,4,FlatJointWrapper,,,,0.7968448227187929,0.984211750223567,0.06135842262682578,0.0,0.9442585627066665,0.057355249168398105,3.936847000894268,0.12665528059005737,0.29601881697011934,1.1046614844226414
mid,mid@1,best_valid,session,final,final.intra.Tempo,intra,4,FlatJointWrapper,,,,0.7778179521496513,0.9995332751466335,0.05903533989604207,0.0,0.9403801084815584,0.06147111472883333,3.998133100586534,0.021610205993056297,0.29427650492203156,1.0782846410428826
