best_mrr20,epoch,epoch_time_sec,eval,lr,patience_used,train_loss,trial,valid_mrr20
0.0059,1,3.197746992111206,1,0.0009640155470717386,0,79.75105381011963,1,0.0059
0.0129,3,2.343600034713745,1,0.000962269243205651,0,70.54331922531128,1,0.0129
0.0674,10,2.2639851570129395,1,0.0009425695933647202,0,48.70159721374512,1,0.0674
0.0838,29,2.7175004482269287,1,0.0007931059529803754,0,20.356661796569824,1,0.0838
0.0838,39,2.3380608558654785,1,0.000672245222743635,10,12.567065119743347,1,0.0829
