stage_name,stage_key,split,aggregation_level,node_kind,node_name,route_space,support_size,wrapper_name,source_type,temperature,top_k,entropy_norm,n_eff_norm,top1_monopoly_norm,jitter_adj_norm,knn_consistency_score,knn_consistency_js,n_eff,cv_usage,top1_max_frac,entropy_mean
macro,macro@1,best_valid,session,final,final.expert,expert,12,ScalarGroupConditionalProductWrapper,,,,0.960570571256539,0.9826344138072853,0.7091457458658212,0.0,0.997404032691566,0.0025993426743925194,11.791612965687424,0.13293832144325013,0.7333836003770028,2.386928200106032
macro,macro@1,best_valid,session,final,final.group,group,4,ScalarGroupConditionalProductWrapper,,,,0.9553562579984916,0.9851336398754321,0.6461702796104304,0.0,0.9991142053889246,0.0008861871589502642,3.9405345595017285,0.1228441670536995,0.7346277097078228,1.3244049933239082
macro,macro@1,best_valid,session,final,final.intra.Exposure,intra,3,ScalarGroupConditionalProductWrapper,,,,0.9546058822394734,0.9913819368364822,0.6704241281809613,0.0,0.9964061932536166,0.003600279983544544,2.9741458105094467,0.09323599097919491,0.7802827521206409,1.048741753063148
macro,macro@1,best_valid,session,final,final.intra.Focus,intra,3,ScalarGroupConditionalProductWrapper,,,,0.960445457940849,0.989975425594114,0.7253911404335532,0.0,0.999123435087743,0.0008769493199349157,2.969926276782342,0.10062818674361149,0.8169274269557022,1.055157182689287
macro,macro@1,best_valid,session,final,final.intra.Memory,intra,3,ScalarGroupConditionalProductWrapper,,,,0.9929110038729536,0.9991401680858836,0.6447879359095193,0.0,0.999575410470444,0.00042467969321294393,2.9974205042576507,0.02933705417552429,0.7631919572730129,1.090824230408616
macro,macro@1,best_valid,session,final,final.intra.Tempo,intra,3,ScalarGroupConditionalProductWrapper,,,,0.8814152776802202,0.9699729674899334,0.632836946277097,0.0,0.9959956015633774,0.004012437508316549,2.9099189024698005,0.1759452663925449,0.755224630851398,0.9683336554793042
