stage_name,stage_key,split,aggregation_level,node_kind,node_name,route_space,support_size,wrapper_name,source_type,temperature,top_k,entropy_norm,n_eff_norm,top1_monopoly_norm,jitter_adj_norm,knn_consistency_score,knn_consistency_js,n_eff,cv_usage,top1_max_frac,entropy_mean
macro,macro@1,best_valid,session,final,final.expert,expert,16,ScalarGroupConditionalProductWrapper,,,,0.8883678941266118,0.537187379829205,0.9731149184241417,0.0,0.9937675903932299,0.0062519121456228,8.59499807726728,0.9281959533691406,0.9747952360226328,2.4630788044553475
macro,macro@1,best_valid,session,final,final.group,group,4,ScalarGroupConditionalProductWrapper,,,,0.9313541216344156,0.84001750410315,0.9830121737295401,0.0,0.9986370670924096,0.001363862545430984,3.3600700164126,0.43640732765197754,0.9872591302971551,1.291130967027559
macro,macro@1,best_valid,session,final,final.intra.Exposure,intra,4,ScalarGroupConditionalProductWrapper,,,,0.7257002507704894,0.5464769093433287,0.9783167807541645,0.0,0.9935731404578958,0.006447600718735626,2.185907637373315,0.9109903573989868,0.9837375855656234,1.00603416550642
macro,macro@1,best_valid,session,final,final.intra.Focus,intra,4,ScalarGroupConditionalProductWrapper,,,,0.9858241607542075,0.9878373394291873,0.32259723815930047,0.0,0.9991065262270278,0.0008938731585750923,3.951349357716749,0.11096107959747314,0.49194792861947534,1.3666424751093065
macro,macro@1,best_valid,session,final,final.intra.Memory,intra,4,ScalarGroupConditionalProductWrapper,,,,0.9905412364179353,0.9986196762149676,0.38310977459475853,0.0,0.9991240162777392,0.0008763676202103015,3.9944787048598704,0.03717891126871109,0.5373323309460689,1.3731817305029081
macro,macro@1,best_valid,session,final,final.intra.Tempo,intra,4,ScalarGroupConditionalProductWrapper,,,,0.8417696542805789,0.8960981748183471,0.2522718579775518,0.0,0.9899529299238448,0.010097882515295944,3.5843926992733883,0.34051305055618286,0.43920389348316385,1.1669405250910063
