best_mrr20,epoch,epoch_time_sec,eval,lr,patience_used,train_loss,trial,valid_mrr20
0.3122,1,47.68060326576233,1,0.00056966,0,2159.7475457191467,1,0.3122
0.3604,3,46.515511989593506,1,0.00056966,0,1182.903060913086,1,0.3604
0.3752,6,47.94386887550354,1,0.00056966,0,830.4181940555573,1,0.3752
0.3752,10,46.60404086112976,1,0.00056966,4,686.2247180938721,1,0.3633
0.3752,16,47.53227257728577,1,0.00056966,10,517.6770968437195,1,0.3413
