stage_name,stage_key,split,aggregation_level,node_kind,node_name,route_space,support_size,wrapper_name,source_type,temperature,top_k,entropy_norm,n_eff_norm,top1_monopoly_norm,jitter_adj_norm,knn_consistency_score,knn_consistency_js,n_eff,cv_usage,top1_max_frac,entropy_mean
macro,macro@1,best_valid,session,final,final.expert,expert,12,GroupConditionalProductWrapper,,,,0.9811625598245401,0.9820006520442525,0.18965722022947004,0.0,0.9975012041123764,0.0025019230886451833,11.78400782453103,0.13538647412102,0.2571857852103475,2.4380973694310164
macro,macro@1,best_valid,session,final,final.group,group,4,GroupConditionalProductWrapper,,,,0.9753974169036914,0.9843760982924753,0.3420433760125425,0.0,0.9984242814883842,0.001576961261684102,3.937504393169901,0.12598332750996025,0.5065325320094068,1.3521879389044944
macro,macro@1,best_valid,session,final,final.intra.Exposure,intra,3,GroupConditionalProductWrapper,,,,0.9976046772051854,0.9975041610198443,0.4034491769009668,0.0,0.9998821800252466,0.00011782691607180783,2.992512483059533,0.05002091675934443,0.6022994512673112,1.0959807576103997
macro,macro@1,best_valid,session,final,final.intra.Focus,intra,3,GroupConditionalProductWrapper,,,,0.9767422255111173,0.9988380478513292,0.029037104781813452,0.0,0.9987410407635902,0.001259752391359026,2.9965141435539877,0.03410715601273906,0.3526914031878756,1.0730610118075516
macro,macro@1,best_valid,session,final,final.intra.Memory,intra,3,GroupConditionalProductWrapper,,,,0.993620629256728,0.9964853510758541,0.5145675463809773,0.0,0.999238216176339,0.0007620741284003239,2.9894560532275625,0.05938833029900997,0.6763783642539849,1.0916038335755813
macro,macro@1,best_valid,session,final,final.intra.Tempo,intra,3,GroupConditionalProductWrapper,,,,0.9841670368634213,0.9967272454204724,0.293800627123073,0.0,0.9985378823972041,0.0014631875397811268,2.9901817362614174,0.05730127558704389,0.5292004180820487,1.0812180008002352
