stage_name,stage_key,split,aggregation_level,node_kind,node_name,route_space,support_size,wrapper_name,source_type,temperature,top_k,entropy_norm,n_eff_norm,top1_monopoly_norm,jitter_adj_norm,knn_consistency_score,knn_consistency_js,n_eff,cv_usage,top1_max_frac,entropy_mean
macro,macro@1,best_valid,session,final,final.expert,expert,12,ScalarGroupConditionalProductWrapper,,,,0.9533756693555949,0.9894488262440654,0.7128746465598492,0.0,0.9974203123832532,0.0025830207443661474,11.873385914928784,0.10326615963972566,0.7368017593465285,2.369049540527804
macro,macro@1,best_valid,session,final,final.group,group,4,ScalarGroupConditionalProductWrapper,,,,0.9505445833564442,0.9977480930512262,0.6538611372918631,0.0,0.9983355128573798,0.0016658739404293058,3.990992372204905,0.047505952417850494,0.7403958529688973,1.3177345959000943
macro,macro@1,best_valid,session,final,final.intra.Exposure,intra,3,ScalarGroupConditionalProductWrapper,,,,0.9994780159305301,0.9995723408304166,0.8364184731385486,0.0,0.9999693026222405,3.069784893365018e-05,2.99871702249125,0.02068379413161295,0.8909456487590324,1.0980388305549011
macro,macro@1,best_valid,session,final,final.intra.Focus,intra,3,ScalarGroupConditionalProductWrapper,,,,0.8833449510382433,0.9918336318491255,0.7133270499528747,0.0,0.9969766824794204,0.0030278969774253286,2.9755008955473765,0.09073991869329921,0.8088846999685831,0.9704536183435438
macro,macro@1,best_valid,session,final,final.intra.Memory,intra,3,ScalarGroupConditionalProductWrapper,,,,0.9867517517280207,0.9976564859086477,0.6621489161168708,0.0,0.9992686681448192,0.0007315994087769599,2.9929694577259434,0.048467275173447275,0.7747659440779139,1.0840576003131872
macro,macro@1,best_valid,session,final,final.intra.Tempo,intra,3,ScalarGroupConditionalProductWrapper,,,,0.9366611060549841,0.9253070310598743,0.791272384542884,0.0,0.9993828019203138,0.0006173886248277151,2.775921093179623,0.2841166024173319,0.8608482563619227,1.0290274014294691
