{
  "model": "BSARec",
  "dataset": "KuaiRecLargeStrictPosV2_0.2",
  "dataset_raw": "KuaiRecLargeStrictPosV2_0.2",
  "max_evals": 10,
  "tune_epochs": 100,
  "n_completed": 10,
  "n_recorded_trials": 10,
  "timestamp": "2026-03-12T21:33:20.542729",
  "trials": [
    {
      "trial": 1,
      "params": {
        "dropout_ratio": 0.15,
        "learning_rate": 0.0010393200446242078,
        "weight_decay": 0.0
      },
      "mrr@20": 0.0734,
      "valid_result": {
        "hit@5": 0.0788,
        "hit@10": 0.0915,
        "hit@20": 0.1125,
        "ndcg@5": 0.0725,
        "ndcg@10": 0.0765,
        "ndcg@20": 0.0817,
        "mrr@5": 0.0704,
        "mrr@10": 0.072,
        "mrr@20": 0.0734
      },
      "test_result": {
        "hit@5": 0.1589,
        "hit@10": 0.1705,
        "hit@20": 0.1894,
        "ndcg@5": 0.1539,
        "ndcg@10": 0.1576,
        "ndcg@20": 0.1624,
        "mrr@5": 0.1523,
        "mrr@10": 0.1538,
        "mrr@20": 0.1551
      },
      "best_hr@10": 0.0915,
      "test_mrr@20": 0.1551,
      "test_hr@10": 0.1705,
      "epochs_run": 45,
      "early_stop_epoch": 45,
      "early_stopped": true,
      "elapsed": 79.0,
      "status": "ok"
    },
    {
      "trial": 2,
      "params": {
        "dropout_ratio": 0.05,
        "learning_rate": 0.0009895380600761718,
        "weight_decay": 0.0001
      },
      "mrr@20": 0.0754,
      "valid_result": {
        "hit@5": 0.0814,
        "hit@10": 0.0972,
        "hit@20": 0.1228,
        "ndcg@5": 0.074,
        "ndcg@10": 0.0791,
        "ndcg@20": 0.0855,
        "mrr@5": 0.0716,
        "mrr@10": 0.0737,
        "mrr@20": 0.0754
      },
      "test_result": {
        "hit@5": 0.1609,
        "hit@10": 0.1738,
        "hit@20": 0.1985,
        "ndcg@5": 0.1547,
        "ndcg@10": 0.1588,
        "ndcg@20": 0.165,
        "mrr@5": 0.1526,
        "mrr@10": 0.1543,
        "mrr@20": 0.156
      },
      "best_hr@10": 0.0972,
      "test_mrr@20": 0.156,
      "test_hr@10": 0.1738,
      "epochs_run": 60,
      "early_stop_epoch": 60,
      "early_stopped": true,
      "elapsed": 102.9,
      "status": "ok"
    },
    {
      "trial": 3,
      "params": {
        "dropout_ratio": 0.0,
        "learning_rate": 0.00010848666298765362,
        "weight_decay": 0.0
      },
      "mrr@20": 0.0672,
      "valid_result": {
        "hit@5": 0.0691,
        "hit@10": 0.0737,
        "hit@20": 0.0823,
        "ndcg@5": 0.0668,
        "ndcg@10": 0.0682,
        "ndcg@20": 0.0704,
        "mrr@5": 0.066,
        "mrr@10": 0.0666,
        "mrr@20": 0.0672
      },
      "test_result": {
        "hit@5": 0.1521,
        "hit@10": 0.1557,
        "hit@20": 0.1637,
        "ndcg@5": 0.1497,
        "ndcg@10": 0.1508,
        "ndcg@20": 0.1528,
        "mrr@5": 0.1489,
        "mrr@10": 0.1493,
        "mrr@20": 0.1499
      },
      "best_hr@10": 0.0737,
      "test_mrr@20": 0.1499,
      "test_hr@10": 0.1557,
      "epochs_run": 64,
      "early_stop_epoch": 64,
      "early_stopped": true,
      "elapsed": 105.4,
      "status": "ok"
    },
    {
      "trial": 4,
      "params": {
        "dropout_ratio": 0.05,
        "learning_rate": 0.0001924006197986267,
        "weight_decay": 5e-05
      },
      "mrr@20": 0.0669,
      "valid_result": {
        "hit@5": 0.0685,
        "hit@10": 0.0722,
        "hit@20": 0.0782,
        "ndcg@5": 0.0666,
        "ndcg@10": 0.0678,
        "ndcg@20": 0.0693,
        "mrr@5": 0.066,
        "mrr@10": 0.0665,
        "mrr@20": 0.0669
      },
      "test_result": {
        "hit@5": 0.1527,
        "hit@10": 0.1554,
        "hit@20": 0.1612,
        "ndcg@5": 0.1506,
        "ndcg@10": 0.1514,
        "ndcg@20": 0.1529,
        "mrr@5": 0.1499,
        "mrr@10": 0.1502,
        "mrr@20": 0.1506
      },
      "best_hr@10": 0.0722,
      "test_mrr@20": 0.1506,
      "test_hr@10": 0.1554,
      "epochs_run": 39,
      "early_stop_epoch": 39,
      "early_stopped": true,
      "elapsed": 67.4,
      "status": "ok"
    },
    {
      "trial": 5,
      "params": {
        "dropout_ratio": 0.1,
        "learning_rate": 0.00011930322260635683,
        "weight_decay": 1e-06
      },
      "mrr@20": 0.0678,
      "valid_result": {
        "hit@5": 0.0696,
        "hit@10": 0.0743,
        "hit@20": 0.0839,
        "ndcg@5": 0.0673,
        "ndcg@10": 0.0688,
        "ndcg@20": 0.0712,
        "mrr@5": 0.0665,
        "mrr@10": 0.0671,
        "mrr@20": 0.0678
      },
      "test_result": {
        "hit@5": 0.1532,
        "hit@10": 0.1575,
        "hit@20": 0.1662,
        "ndcg@5": 0.1508,
        "ndcg@10": 0.1522,
        "ndcg@20": 0.1543,
        "mrr@5": 0.15,
        "mrr@10": 0.1506,
        "mrr@20": 0.1511
      },
      "best_hr@10": 0.0743,
      "test_mrr@20": 0.1511,
      "test_hr@10": 0.1575,
      "epochs_run": 81,
      "early_stop_epoch": 81,
      "early_stopped": true,
      "elapsed": 139.6,
      "status": "ok"
    },
    {
      "trial": 6,
      "params": {
        "dropout_ratio": 0.15,
        "learning_rate": 0.0001556933151045638,
        "weight_decay": 0.0001
      },
      "mrr@20": 0.0679,
      "valid_result": {
        "hit@5": 0.0697,
        "hit@10": 0.0754,
        "hit@20": 0.0849,
        "ndcg@5": 0.0673,
        "ndcg@10": 0.0691,
        "ndcg@20": 0.0715,
        "mrr@5": 0.0665,
        "mrr@10": 0.0672,
        "mrr@20": 0.0679
      },
      "test_result": {
        "hit@5": 0.1522,
        "hit@10": 0.1571,
        "hit@20": 0.1656,
        "ndcg@5": 0.1504,
        "ndcg@10": 0.1519,
        "ndcg@20": 0.1541,
        "mrr@5": 0.1498,
        "mrr@10": 0.1504,
        "mrr@20": 0.151
      },
      "best_hr@10": 0.0754,
      "test_mrr@20": 0.151,
      "test_hr@10": 0.1571,
      "epochs_run": 77,
      "early_stop_epoch": 77,
      "early_stopped": true,
      "elapsed": 131.6,
      "status": "ok"
    },
    {
      "trial": 7,
      "params": {
        "dropout_ratio": 0.1,
        "learning_rate": 0.004938094477917382,
        "weight_decay": 0.0001
      },
      "mrr@20": 0.0755,
      "valid_result": {
        "hit@5": 0.0838,
        "hit@10": 0.1018,
        "hit@20": 0.1288,
        "ndcg@5": 0.0744,
        "ndcg@10": 0.0802,
        "ndcg@20": 0.0869,
        "mrr@5": 0.0714,
        "mrr@10": 0.0737,
        "mrr@20": 0.0755
      },
      "test_result": {
        "hit@5": 0.163,
        "hit@10": 0.1775,
        "hit@20": 0.2032,
        "ndcg@5": 0.1538,
        "ndcg@10": 0.1585,
        "ndcg@20": 0.1649,
        "mrr@5": 0.1508,
        "mrr@10": 0.1527,
        "mrr@20": 0.1545
      },
      "best_hr@10": 0.1018,
      "test_mrr@20": 0.1545,
      "test_hr@10": 0.1775,
      "epochs_run": 22,
      "early_stop_epoch": 22,
      "early_stopped": true,
      "elapsed": 38.5,
      "status": "ok"
    },
    {
      "trial": 8,
      "params": {
        "dropout_ratio": 0.0,
        "learning_rate": 0.0024764603008612936,
        "weight_decay": 1e-05
      },
      "mrr@20": 0.072,
      "valid_result": {
        "hit@5": 0.0772,
        "hit@10": 0.0888,
        "hit@20": 0.1095,
        "ndcg@5": 0.071,
        "ndcg@10": 0.0748,
        "ndcg@20": 0.08,
        "mrr@5": 0.069,
        "mrr@10": 0.0705,
        "mrr@20": 0.072
      },
      "test_result": {
        "hit@5": 0.1577,
        "hit@10": 0.1682,
        "hit@20": 0.1865,
        "ndcg@5": 0.1512,
        "ndcg@10": 0.1545,
        "ndcg@20": 0.1591,
        "mrr@5": 0.149,
        "mrr@10": 0.1504,
        "mrr@20": 0.1516
      },
      "best_hr@10": 0.0888,
      "test_mrr@20": 0.1516,
      "test_hr@10": 0.1682,
      "epochs_run": 22,
      "early_stop_epoch": 22,
      "early_stopped": true,
      "elapsed": 36.9,
      "status": "ok"
    },
    {
      "trial": 9,
      "params": {
        "dropout_ratio": 0.1,
        "learning_rate": 0.0019426626171079684,
        "weight_decay": 0.0
      },
      "mrr@20": 0.0737,
      "valid_result": {
        "hit@5": 0.0795,
        "hit@10": 0.0916,
        "hit@20": 0.1132,