best_mrr20,epoch,epoch_time_sec,eval,lr,patience_used,train_loss,trial,valid_mrr20
0.0134,1,22.940908670425415,1,0.0007998187552579467,0,681.6073942184448,1,0.0134
0.0173,3,22.087631702423096,1,0.0007983698921263105,0,570.9243597984314,1,0.0173
0.019,10,21.643382787704468,1,0.0007820256023867403,3,477.4358596801758,1,0.0185
0.0193,13,21.750914812088013,1,0.0007697990446755451,0,447.9877758026123,1,0.0193
0.0193,23,21.85236620903015,1,0.0007082952018832718,10,359.26284551620483,1,0.016
