stage_name,stage_key,split,aggregation_level,node_kind,node_name,route_space,support_size,wrapper_name,source_type,temperature,top_k,entropy_norm,n_eff_norm,top1_monopoly_norm,jitter_adj_norm,knn_consistency_score,knn_consistency_js,n_eff,cv_usage,top1_max_frac,entropy_mean
macro,macro@1,best_valid,session,final,final.expert,expert,9,ScalarGroupConditionalProductWrapper,,,,0.9928568636995415,0.9956478872516428,0.7376681614349776,0.0,0.999704358424239,0.0002956852863469953,8.960830985264785,0.06611474133148726,0.7668161434977578,2.1815295026975896
macro,macro@1,best_valid,session,final,final.group,group,3,ScalarGroupConditionalProductWrapper,,,,0.993391253353758,0.9997091245596684,0.6615751121076233,0.0,0.9997940642735019,0.00020595693417143024,2.999127373679005,0.017055060206202857,0.7743834080717489,1.0913518383898542
macro,macro@1,best_valid,session,final,final.intra.Focus,intra,3,ScalarGroupConditionalProductWrapper,,,,0.989595342879879,0.9985658857216558,0.6434977578475336,0.0,0.9999238644171767,7.613848128387232e-05,2.9956976571649676,0.037897005479127006,0.7623318385650224,1.0871816044965668
macro,macro@1,best_valid,session,final,final.intra.Memory,intra,3,ScalarGroupConditionalProductWrapper,,,,0.9909011719580031,0.9920251417809895,0.6611547085201794,0.0,0.9998518364208687,0.0001481745564386225,2.9760754253429686,0.0896602432531046,0.774103139013453,1.088616204368694
macro,macro@1,best_valid,session,final,final.intra.Tempo,intra,3,ScalarGroupConditionalProductWrapper,,,,0.9994247492259338,0.9994246993044893,0.7528026905829597,0.0,0.999964511800229,3.548882949200163e-05,2.998274097913468,0.023992655083755997,0.8352017937219731,1.0979803110986548
