stage_name,stage_key,split,aggregation_level,node_kind,node_name,route_space,support_size,wrapper_name,source_type,temperature,top_k,entropy_norm,n_eff_norm,top1_monopoly_norm,jitter_adj_norm,knn_consistency_score,knn_consistency_js,n_eff,cv_usage,top1_max_frac,entropy_mean
macro,macro@1,best_valid,session,final,final.expert,expert,16,ScalarGroupConditionalProductWrapper,,,,0.9284192901843719,0.712813006789842,0.8084701723842309,0.0,0.9961907728125844,0.0038165007703268175,11.405008108637473,0.6347381311967216,0.8204407866102165,2.5741248534750523
macro,macro@1,best_valid,session,final,final.group,group,4,ScalarGroupConditionalProductWrapper,,,,0.8741391515951915,0.727503195387749,0.985122462707237,0.0,0.9975820238650858,0.002420904160091011,2.910012781550996,0.6120167970657349,0.9888418470304278,1.2118141766905393
macro,macro@1,best_valid,session,final,final.intra.Exposure,intra,4,ScalarGroupConditionalProductWrapper,,,,0.9900171076086562,0.9802780665475024,0.7617483744180219,0.0,0.9993361953051502,0.0006640251107337168,3.9211122661900095,0.14184032380580902,0.8213112808135165,1.372455133690104
macro,macro@1,best_valid,session,final,final.intra.Focus,intra,4,ScalarGroupConditionalProductWrapper,,,,0.985839741907387,0.9912440546505982,0.5017607723657659,0.0,0.9989218855451139,0.0010786960383216528,3.9649762186023927,0.09398596548950466,0.6263205792743244,1.3666640751740988
macro,macro@1,best_valid,session,final,final.intra.Memory,intra,4,ScalarGroupConditionalProductWrapper,,,,0.9904205451956327,0.996540397470577,0.7595325709914401,0.0,0.9994961041597846,0.0005040228383886572,3.986161589882308,0.05892016366124153,0.8196494282435801,1.3730144169419933
macro,macro@1,best_valid,session,final,final.intra.Tempo,intra,4,ScalarGroupConditionalProductWrapper,,,,0.9394582166695302,0.9632806308043269,0.33473139978105754,0.0,0.994087537403319,0.005930010405020157,3.8531225232173076,0.19524118304252625,0.5010485498357932,1.3023656282767182
