{
  "valid": {
    "count": 3621,
    "hit@5": 0.21844794255730463,
    "hit@10": 0.2703673018503176,
    "hit@20": 0.3095829881248274,
    "ndcg@5": 0.15877367874200554,
    "ndcg@10": 0.17553444676259644,
    "ndcg@20": 0.18551141632274842,
    "mrr@5": 0.1389026976370805,
    "mrr@10": 0.14580259389416086,
    "mrr@20": 0.14857283674717542
  },
  "test": {
    "count": 3561,
    "hit@5": 0.17747823645043528,
    "hit@10": 0.2254984554900309,
    "hit@20": 0.2628475147430497,
    "ndcg@5": 0.12441602375225484,
    "ndcg@10": 0.1399630373681204,
    "ndcg@20": 0.14944806946893985,
    "mrr@5": 0.1068145655424064,
    "mrr@10": 0.11324044035387254,
    "mrr@20": 0.1158633418464905
  },
  "slice_metrics": {
    "valid": {
      "target_popularity_abs": {
        "cold_0": {
          "count": 948,
          "hit@5": 0.0,
          "hit@10": 0.0010548523206751054,
          "hit@20": 0.0010548523206751054,
          "ndcg@5": 0.0,
          "ndcg@10": 0.0003175422046254959,
          "ndcg@20": 0.0003175422046254959,
          "mrr@5": 0.0,
          "mrr@10": 0.00011720581428159642,
          "mrr@20": 0.00011720581428159642
        },
        "rare_1_5": {
          "count": 1134,
          "hit@5": 0.07848324514991181,
          "hit@10": 0.12610229276895943,
          "hit@20": 0.16490299823633156,
          "ndcg@5": 0.050783943667403394,
          "ndcg@10": 0.06595536914031552,
          "ndcg@20": 0.07594513121788674,
          "mrr@5": 0.04163727235226404,
          "mrr@10": 0.04776567033437825,
          "mrr@20": 0.050599358322154696
        },
        "6_20": {
          "count": 832,
          "hit@5": 0.35697115384615385,
          "hit@10": 0.4483173076923077,
          "hit@20": 0.5144230769230769,
          "ndcg@5": 0.2522211103485181,
          "ndcg@10": 0.2820778363026105,
          "ndcg@20": 0.2988224385413699,
          "mrr@5": 0.21740785327095252,
          "mrr@10": 0.22991500784141514,
          "mrr@20": 0.23452727616173574
        },
        "21_100": {
          "count": 606,
          "hit@5": 0.5973597359735974,
          "hit@10": 0.6798679867986799,
          "hit@20": 0.7376237623762376,
          "ndcg@5": 0.45377924998994706,
          "ndcg@10": 0.4804389813650559,
          "ndcg@20": 0.49509855871251707,
          "mrr@5": 0.40569307037902747,
          "mrr@10": 0.41668303869049933,
          "mrr@20": 0.42073789304706327
        },
        "101+": {
          "count": 101,
          "hit@5": 0.42574257425742573,
          "hit@10": 0.49504950495049505,
          "hit@20": 0.5742574257425742,
          "ndcg@5": 0.32170603269397624,
          "ndcg@10": 0.3433765406065648,
          "ndcg@20": 0.3630102400732513,
          "mrr@5": 0.28729372995324653,
          "mrr@10": 0.29578815098151123,
          "mrr@20": 0.30096635108094405
        }
      },
      "target_popularity_abs_legacy": {
        "<=5": {
          "count": 2082,
          "hit@5": 0.042747358309317966,
          "hit@10": 0.069164265129683,
          "hit@20": 0.09029779058597502,
          "ndcg@5": 0.027660418885127498,
          "ndcg@10": 0.03606840471426646,
          "ndcg@20": 0.04150951431847672,
          "mrr@5": 0.022678514335959375,
          "mrr@10": 0.02606982769986738,
          "mrr@20": 0.027613248534708156
        },
        "6-20": {
          "count": 832,
          "hit@5": 0.35697115384615385,
          "hit@10": 0.4483173076923077,
          "hit@20": 0.5144230769230769,
          "ndcg@5": 0.2522211103485181,
          "ndcg@10": 0.2820778363026105,
          "ndcg@20": 0.2988224385413699,
          "mrr@5": 0.21740785327095252,
          "mrr@10": 0.22991500784141514,
          "mrr@20": 0.23452727616173574
        },
        "21-100": {
          "count": 606,
          "hit@5": 0.5973597359735974,
          "hit@10": 0.6798679867986799,
          "hit@20": 0.7376237623762376,
          "ndcg@5": 0.45377924998994706,
          "ndcg@10": 0.4804389813650559,
          "ndcg@20": 0.49509855871251707,
          "mrr@5": 0.40569307037902747,
          "mrr@10": 0.41668303869049933,
          "mrr@20": 0.42073789304706327
        },
        ">100": {
          "count": 101,
          "hit@5": 0.42574257425742573,
          "hit@10": 0.49504950495049505,
          "hit@20": 0.5742574257425742,
          "ndcg@5": 0.32170603269397624,
          "ndcg@10": 0.3433765406065648,
          "ndcg@20": 0.3630102400732513,
          "mrr@5": 0.28729372995324653,
          "mrr@10": 0.29578815098151123,
          "mrr@20": 0.30096635108094405
        }
      },
      "session_len": {
        "<=7": {
          "count": 3391,
          "hit@5": 0.20937776467118843,
          "hit@10": 0.2592155706281333,
          "hit@20": 0.29637275140076674,
          "ndcg@5": 0.15292537828456404,
          "ndcg@10": 0.16904714892515915,
          "ndcg@20": 0.17850929533387666,
          "mrr@5": 0.1340902392288043,
          "mrr@10": 0.14074733355023522,
          "mrr@20": 0.1433795275931793
        },
        "8-12": {
          "count": 142,
          "hit@5": 0.3732394366197183,
          "hit@10": 0.4647887323943662,
          "hit@20": 0.5,
          "ndcg@5": 0.2536756199010661,
          "ndcg@10": 0.28254383424638024,
          "ndcg@20": 0.2912596422182003,
          "mrr@5": 0.2144366208936127,
          "mrr@10": 0.2259054339792527,
          "mrr@20": 0.22819653106197504
        },
        "13+": {
          "count": 88,
          "hit@5": 0.3181818181818182,
          "hit@10": 0.38636363636363635,
          "hit@20": 0.5113636363636364,
          "ndcg@5": 0.2309953969987956,
          "ndcg@10": 0.25284233249046584,
          "ndcg@20": 0.28469260036945343,
          "mrr@5": 0.20246212218295445,
          "mrr@10": 0.21134559996426105,
          "mrr@20": 0.22020859525284983
        }
      },
      "session_len_legacy": {
        "1-2": {
          "count": 2078,
          "hit@5": 0.17083734359961503,
          "hit@10": 0.21318575553416746,
          "hit@20": 0.24157844080846969,
          "ndcg@5": 0.12774501693604426,
          "ndcg@10": 0.14146240917505037,
          "ndcg@20": 0.1487447296173327,
          "mrr@5": 0.1133221048822302,
          "mrr@10": 0.1189973956481325,
          "mrr@20": 0.12105069969376482
        },
        "3-5": {
          "count": 1143,
          "hit@5": 0.2668416447944007,
          "hit@10": 0.32808398950131235,
          "hit@20": 0.37445319335083116,
          "ndcg@5": 0.19124257230800384,
          "ndcg@10": 0.21102756728546096,
          "ndcg@20": 0.2227740276960146,
          "mrr@5": 0.16606882519609345,
          "mrr@10": 0.17422440316290158,
          "mrr@20": 0.1774624860205884
        },
        "6-10": {
          "count": 293,
          "hit@5": 0.32764505119453924,
          "hit@10": 0.40273037542662116,
          "hit@20": 0.4641638225255973,
          "ndcg@5": 0.22239125466590856,
          "ndcg@10": 0.24639373061599992,
          "ndcg@20": 0.2618792146546035,
          "mrr@5": 0.1876564285250654,
          "mrr@10": 0.19738880860215569,
          "mrr@20": 0.2015977207914554
        },
        "11+": {
          "count": 107,
          "hit@5": 0.32710280373831774,
          "hit@10": 0.40186915887850466,
          "hit@20": 0.514018691588785,
          "ndcg@5": 0.24032194174338725,
          "ndcg@10": 0.2640511493816554,
          "ndcg@20": 0.2923735215842167,
          "mrr@5": 0.21199377048238416,
          "mrr@10": 0.2215064541898041,
          "mrr@20": 0.2292629363032702
        }
      }
    },
    "test": {
      "target_popularity_abs": {
        "cold_0": {
          "count": 1059,
          "hit@5": 0.0,
          "hit@10": 0.0,
          "hit@20": 0.0,
          "ndcg@5": 0.0,
          "ndcg@10": 0.0,
          "ndcg@20": 0.0,
          "mrr@5": 0.0,
          "mrr@10": 0.0,
          "mrr@20": 0.0
        },
        "rare_1_5": {
          "count": 1086,
          "hit@5": 0.06721915285451197,
          "hit@10": 0.1003683241252302,