stage_name,stage_key,split,aggregation_level,node_kind,node_name,route_space,support_size,wrapper_name,source_type,temperature,top_k,entropy_norm,n_eff_norm,top1_monopoly_norm,jitter_adj_norm,knn_consistency_score,knn_consistency_js,n_eff,cv_usage,top1_max_frac,entropy_mean
macro,macro@1,best_valid,session,final,final.expert,expert,8,FlatJointWrapper,,,,0.9557672233478763,0.9980195720438668,0.07513773652555512,0.7528149048197651,0.9892263627644313,0.010832093099184452,7.984156576350935,0.04454598468816189,0.19074551945986074,1.987462068405564
macro,macro@1,best_valid,session,final,final.group,group,4,FlatJointWrapper,,,,0.9684343442149452,0.9990707933509678,0.08195175981241236,0.0,0.9950292329462971,0.004983162409598776,3.9962831734038713,0.03049839846789837,0.31146381985930927,1.3425350705000176
macro,macro@1,best_valid,session,final,final.intra.Exposure,intra,2,FlatJointWrapper,,,,0.9323542385024716,0.9999544641250019,0.11386051115274487,0.0,0.9947688140948244,0.00524491646383232,1.9999089282500038,0.006748288869857788,0.5569302555763724,0.6462587117011029
macro,macro@1,best_valid,session,final,final.intra.Focus,intra,2,FlatJointWrapper,,,,0.9256545666658067,0.9998986823701841,0.018911944572095107,0.0,0.9943688015366116,0.005647113436491962,1.9997973647403682,0.010064244270324707,0.5094559722860476,0.6416148530568418
macro,macro@1,best_valid,session,final,final.intra.Memory,intra,2,FlatJointWrapper,,,,0.9388316387914675,0.9970646490368112,0.20357736222560008,0.0,0.9948212857720642,0.00519217024514595,1.9941292980736225,0.05425724387168884,0.6017886811128,0.6507485034487787
macro,macro@1,best_valid,session,final,final.intra.Tempo,intra,2,FlatJointWrapper,,,,0.9474463172190314,0.9995229137245949,0.058008413164127415,0.0,0.9954186845852089,0.004591841802361211,1.9990458274491898,0.021849900484085083,0.5290042065820637,0.6567197435122751
