best_mrr20,epoch,epoch_time_sec,eval,lr,patience_used,train_loss,trial,valid_mrr20
0.3115,1,45.3463830947876,1,0.00056966,0,2153.6850085258484,1,0.3115
0.3622,3,44.85148048400879,1,0.00056966,0,1140.711946964264,1,0.3622
0.3724,5,44.65394330024719,1,0.00056966,0,866.4617490768433,1,0.3724
0.3724,10,43.2185480594635,1,0.00056966,5,650.8749611377716,1,0.3539
0.3724,15,43.53349733352661,1,0.00056966,10,485.33903896808624,1,0.329
