{
  "split": "early_valid",
  "feature_mode": "none",
  "stage_metrics": {
    "macro@1": {
      "mode": "moe",
      "n_slots": 6,
      "expert_names": [
        "Memory_a",
        "Memory_b",
        "Memory_c",
        "Exposure_a",
        "Exposure_b",
        "Exposure_c"
      ],
      "family_names": [
        "Tempo",
        "Focus",
        "Memory",
        "Exposure"
      ],
      "usage_sum": [
        74921.4375,
        81253.1875,
        75084.9921875,
        75419.609375,
        69616.59375,
        70671.171875
      ],
      "top1_count": [
        0.0,
        356096.0,
        0.0,
        90871.0,
        0.0,
        0.0
      ],
      "entropy_mean": 1.7896882103432692,
      "route_jitter_adjacent": 0.0,
      "route_jitter_session": 0.0,
      "route_consistency_knn_js": 1.507171503714221e-05,
      "route_consistency_knn_score": 0.9999849283985406,
      "route_consistency_group_knn_js": 1.2036402099297008e-05,
      "route_consistency_group_knn_score": 0.9999879636703379,
      "route_consistency_intra_group_knn": {
        "group_names": [
          "Tempo",
          "Focus"
        ],
        "js_by_group": [
          3.1139705730738202e-06,
          2.951792444108213e-06
        ],
        "score_by_group": [
          0.9999968860342753,
          0.9999970482119124
        ],
        "mean_js": 3.032881508591017e-06,
        "mean_score": 0.9999969671230938
      },
      "route_consistency_feature_group_knn": {
        "group_names": [
          "Tempo",
          "Focus"
        ],
        "js_by_group": [
          0.0,
          0.0
        ],
        "score_by_group": [
          1.0,
          1.0
        ],
        "mean_js": 0.0,
        "mean_score": 1.0
      },
      "condition_norm": 0.0,
      "stage_delta_norm": 3.6418901482813406,
      "shared_delta_norm": 7.344176121380729,
      "moe_delta_norm": 3.6418901482813406,
      "residual_delta_norm": 3.6418901482813406,
      "alpha_value": 1.0,
      "alpha_effective": 1.0,
      "usage_share": [
        0.16762185096740723,
        0.1817878931760788,
        0.16798777878284454,
        0.16873641312122345,
        0.15575331449508667,
        0.15811273455619812
      ],
      "n_eff": 5.984636408679377,
      "cv_usage": 0.05066739510997505,
      "dead_expert_frac": 0.0,
      "top1_max_frac": 0.7966941631037638,
      "wrapper_name": "GroupConditionalProductWrapper",
      "feature_family_expert_heatmap": {
        "family_names": [
          "Tempo",
          "Focus",
          "Memory",
          "Exposure"
        ],
        "values": [
          [
            0.0,
            0.0,
            0.0,
            0.0,
            0.0,
            0.0
          ],
          [
            0.0,
            0.0,
            0.0,
            0.0,
            0.0,
            0.0
          ],
          [
            16511.037109375,
            18172.01953125,
            16686.892578125,
            16299.86328125,
            15121.8466796875,
            15223.5322265625
          ],
          [
            50123.25390625,
            54373.4140625,
            50310.6796875,
            50929.42578125,
            46992.453125,
            47673.9296875
          ]
        ]
      },
      "position_expert_usage": {
        "values": [
          [
            0.0,
            30220.0,
            0.0,
            7702.0,
            0.0,
            0.0
          ],
          [
            0.0,
            30220.0,
            0.0,
            7702.0,
            0.0,
            0.0
          ],
          [
            0.0,
            30197.0,
            0.0,
            7692.0,
            0.0,
            0.0
          ],
          [
            0.0,
            26311.0,
            0.0,
            6688.0,
            0.0,
            0.0
          ],
          [
            0.0,
            22688.0,
            0.0,
            5851.0,
            0.0,
            0.0
          ],
          [
            0.0,
            20791.0,
            0.0,
            5356.0,
            0.0,
            0.0
          ],
          [
            0.0,
            18969.0,
            0.0,
            4934.0,
            0.0,
            0.0
          ],
          [
            0.0,
            17986.0,
            0.0,
            4686.0,
            0.0,
            0.0
          ],
          [
            0.0,
            16855.0,
            0.0,
            4432.0,
            0.0,
            0.0
          ],
          [
            0.0,
            16246.0,
            0.0,
            4262.0,
            0.0,
            0.0
          ],
          [
            0.0,
            15507.0,
            0.0,
            4077.0,
            0.0,
            0.0
          ],
          [
            0.0,
            14892.0,
            0.0,
            3844.0,
            0.0,
            0.0
          ],
          [
            0.0,
            13794.0,
            0.0,
            3525.0,
            0.0,
            0.0
          ],
          [
            0.0,
            13279.0,
            0.0,
            3353.0,
            0.0,
            0.0
          ],
          [
            0.0,
            12803.0,
            0.0,
            3219.0,
            0.0,
            0.0
          ],
          [
            0.0,
            12226.0,
            0.0,
            3052.0,
            0.0,
            0.0
          ],
          [
            0.0,
            11547.0,
            0.0,
            2844.0,
            0.0,
            0.0
          ],
          [
            0.0,
            10932.0,
            0.0,
            2661.0,
            0.0,
            0.0
          ],
          [
            0.0,
            10489.0,
            0.0,
            2545.0,
            0.0,
            0.0
          ],
          [
            0.0,
            10144.0,
            0.0,
            2446.0,
            0.0,
            0.0
          ]
        ]
      },
      "route_transition_matrix": {
        "values": [
          [
            0.0,
            0.0,
            0.0,
            0.0,
            0.0,
            0.0
          ],
          [
            0.0,
            325876.0,
            0.0,
            0.0,
            0.0,
            0.0
          ],
          [
            0.0,
            0.0,
            0.0,
            0.0,
            0.0,
            0.0
          ],
          [
            0.0,
            0.0,
            0.0,
            83169.0,
            0.0,
            0.0
          ],
          [
            0.0,
            0.0,
            0.0,
            0.0,
            0.0,
            0.0
          ],
          [
            0.0,
            0.0,
            0.0,
            0.0,
            0.0,
            0.0
          ]
        ]
      },
      "group_routing": {
        "group_names": [
          "Tempo",
          "Focus"
        ],
        "group_share": [
          0.5173975825309753,
          0.48260241746902466
        ],
        "group_n_eff": 1.9975815489041007,
        "group_cv_usage": 0.034795144272395946,
        "group_top1_max_frac": 0.7959043956265227,
        "group_entropy_mean": 0.6918616064287184,
        "group_prior_mean": [
          0.0,
          0.0
        ],
        "factored_group_entropy_mean": 0.0
      },
      "specialization_summary": {
        "mean_top_expert_share": 0.09160037338733673,
        "family_top_expert": [
          {
            "family": "Tempo",
            "expert": "Memory_a",
            "top_share": 0.0
          },
          {
            "family": "Focus",
            "expert": "Memory_a",
            "top_share": 0.0
          },
          {
            "family": "Memory",
            "expert": "Memory_b",
            "top_share": 0.18540003895759583
          },
          {
            "family": "Exposure",
            "expert": "Memory_b",
            "top_share": 0.1810014694929123
          }
        ]
      },