{
  "model": "FAME",
  "dataset": "amazon_beauty",
  "dataset_raw": "amazon_beauty",
  "max_evals": 5,
  "tune_epochs": 26,
  "n_completed": 5,
  "n_recorded_trials": 5,
  "timestamp": "2026-04-09T15:39:24.550757",
  "trials": [
    {
      "trial": 1,
      "params": {
        "learning_rate": 0.004175366425281985
      },
      "mrr@20": 0.0018,
      "valid_result": {
        "hit@5": 0.0,
        "hit@10": 0.0088,
        "hit@20": 0.0177,
        "ndcg@5": 0.0,
        "ndcg@10": 0.0028,
        "ndcg@20": 0.0052,
        "mrr@5": 0.0,
        "mrr@10": 0.0011,
        "mrr@20": 0.0018
      },
      "test_result": {
        "hit@5": 0.0,
        "hit@10": 0.0,
        "hit@20": 0.0,
        "ndcg@5": 0.0,
        "ndcg@10": 0.0,
        "ndcg@20": 0.0,
        "mrr@5": 0.0,
        "mrr@10": 0.0,
        "mrr@20": 0.0
      },
      "best_hr@10": 0.0088,
      "test_mrr@20": 0.0,
      "test_hr@10": 0.0,
      "epochs_run": 5,
      "early_stop_epoch": 5,
      "early_stopped": true,
      "elapsed": 6.8,
      "status": "ok"
    },
    {
      "trial": 2,
      "params": {
        "learning_rate": 0.0020753514314042344
      },
      "mrr@20": 0.0022,
      "valid_result": {
        "hit@5": 0.0,
        "hit@10": 0.0177,
        "hit@20": 0.0177,
        "ndcg@5": 0.0,
        "ndcg@10": 0.0056,
        "ndcg@20": 0.0056,
        "mrr@5": 0.0,
        "mrr@10": 0.0022,
        "mrr@20": 0.0022
      },
      "test_result": {
        "hit@5": 0.0,
        "hit@10": 0.0,
        "hit@20": 0.0,
        "ndcg@5": 0.0,
        "ndcg@10": 0.0,
        "ndcg@20": 0.0,
        "mrr@5": 0.0,
        "mrr@10": 0.0,
        "mrr@20": 0.0
      },
      "best_hr@10": 0.0177,
      "test_mrr@20": 0.0,
      "test_hr@10": 0.0,
      "epochs_run": 6,
      "early_stop_epoch": 6,
      "early_stopped": true,
      "elapsed": 7.3,
      "status": "ok"
    },
    {
      "trial": 3,
      "params": {
        "learning_rate": 0.0021432156399255973
      },
      "mrr@20": 0.0021,
      "valid_result": {
        "hit@5": 0.0,
        "hit@10": 0.0177,
        "hit@20": 0.0177,
        "ndcg@5": 0.0,
        "ndcg@10": 0.0055,
        "ndcg@20": 0.0055,
        "mrr@5": 0.0,
        "mrr@10": 0.0021,
        "mrr@20": 0.0021
      },
      "test_result": {
        "hit@5": 0.0,
        "hit@10": 0.0,
        "hit@20": 0.0,
        "ndcg@5": 0.0,
        "ndcg@10": 0.0,
        "ndcg@20": 0.0,
        "mrr@5": 0.0,
        "mrr@10": 0.0,
        "mrr@20": 0.0
      },
      "best_hr@10": 0.0177,
      "test_mrr@20": 0.0,
      "test_hr@10": 0.0,
      "epochs_run": 6,
      "early_stop_epoch": 6,
      "early_stopped": true,
      "elapsed": 7.1,
      "status": "ok"
    },
    {
      "trial": 4,
      "params": {
        "learning_rate": 0.001299681714485115
      },
      "mrr@20": 0.002,
      "valid_result": {
        "hit@5": 0.0,
        "hit@10": 0.0177,
        "hit@20": 0.0177,
        "ndcg@5": 0.0,
        "ndcg@10": 0.0053,
        "ndcg@20": 0.0053,
        "mrr@5": 0.0,
        "mrr@10": 0.002,
        "mrr@20": 0.002
      },
      "test_result": {
        "hit@5": 0.0,
        "hit@10": 0.0,
        "hit@20": 0.0,
        "ndcg@5": 0.0,
        "ndcg@10": 0.0,
        "ndcg@20": 0.0,
        "mrr@5": 0.0,
        "mrr@10": 0.0,
        "mrr@20": 0.0
      },
      "best_hr@10": 0.0177,
      "test_mrr@20": 0.0,
      "test_hr@10": 0.0,
      "epochs_run": 7,
      "early_stop_epoch": 7,
      "early_stopped": true,
      "elapsed": 9.1,
      "status": "ok"
    },
    {
      "trial": 5,
      "params": {
        "learning_rate": 0.001195614861143484
      },
      "mrr@20": 0.0027,
      "valid_result": {
        "hit@5": 0.0088,
        "hit@10": 0.0088,
        "hit@20": 0.0177,
        "ndcg@5": 0.0038,
        "ndcg@10": 0.0038,
        "ndcg@20": 0.0058,
        "mrr@5": 0.0022,
        "mrr@10": 0.0022,
        "mrr@20": 0.0027
      },
      "test_result": {
        "hit@5": 0.0,
        "hit@10": 0.0,
        "hit@20": 0.0,
        "ndcg@5": 0.0,
        "ndcg@10": 0.0,
        "ndcg@20": 0.0,
        "mrr@5": 0.0,
        "mrr@10": 0.0,
        "mrr@20": 0.0
      },
      "best_hr@10": 0.0088,
      "test_mrr@20": 0.0,
      "test_hr@10": 0.0,
      "epochs_run": 5,
      "early_stop_epoch": 5,
      "early_stopped": true,
      "elapsed": 6.0,
      "status": "ok"
    }
  ],
  "run_group": "baseline",
  "run_axis": "stageh_targetedrecovery_anchor2_core5",
  "run_phase": "P23_SH_C05_MFAME_MANUAL_AB_FAME_RECOVER_G_STRUCTS_S1",
  "parent_result": "",
  "interrupted": false,
  "interrupted_at": null,
  "tuned_search": {
    "learning_rate": [
      0.0009075000000000001,
      0.004736140200627513
    ]
  },
  "fixed_search": {
    "num_heads": 8,
    "num_experts": 4,
    "num_layers": 1,
    "weight_decay": 0.000157,
    "hidden_dropout_prob": 0.16,
    "MAX_ITEM_LIST_LENGTH": 10,
    "n_layers": 1,
    "n_heads": 8,
    "dropout_ratio": 0.16,
    "dropout_prob": 0.16,
    "attn_dropout_prob": 0.16,
    "hidden_size": 96,
    "embedding_size": 96,
    "inner_size": 176,
    "time_span": 384,
    "state_size": 24,
    "conv_kernel": 6,
    "remaining_ratio": 0.6
  },
  "context_fixed": {
    "num_layers": 1,
    "search_space_type_overrides": {
      "learning_rate": "loguniform",
      "weight_decay": "choice",
      "n_layers": "choice",
      "num_layers": "choice",
      "n_heads": "choice",
      "num_heads": "choice",
      "dropout_ratio": "choice",
      "dropout_prob": "choice",
      "hidden_dropout_prob": "choice",
      "attn_dropout_prob": "choice",
      "hidden_size": "choice",
      "embedding_size": "choice",
      "inner_size": "choice",
      "time_span": "choice",
      "num_experts": "choice",
      "state_size": "choice",
      "conv_kernel": "choice",
      "remaining_ratio": "choice",
      "MAX_ITEM_LIST_LENGTH": "choice"
    }
  },
  "best_params": {
    "learning_rate": 0.001195614861143484
  },
  "best_mrr@20": 0.0027,
  "best_hr@10": 0.0088,
  "test_mrr@20": 0.0,
  "test_hr@10": 0.0,
  "best_valid_result": {
    "hit@5": 0.0088,
    "hit@10": 0.0088,
    "hit@20": 0.0177,
    "ndcg@5": 0.0038,
    "ndcg@10": 0.0038,
    "ndcg@20": 0.0058,
    "mrr@5": 0.0022,
    "mrr@10": 0.0022,
    "mrr@20": 0.0027
  },
  "test_result": {
    "hit@5": 0.0,
    "hit@10": 0.0,
    "hit@20": 0.0,
    "ndcg@5": 0.0,
    "ndcg@10": 0.0,
    "ndcg@20": 0.0,
    "mrr@5": 0.0,
    "mrr@10": 0.0,
    "mrr@20": 0.0
  },
  "best_valid_special_metrics": {
    "split": "best_valid",
    "overall": {
      "count": 113,
      "hit@20": 0.017699115044247787,
      "ndcg@20": 0.005826078157509323,
      "mrr@20": 0.0026548672632306022
    },
    "slices": {
      "target_popularity_abs": {
        "rare_1_5": {
          "count": 113,
          "hit@20": 0.017699115044247787,
          "ndcg@20": 0.005826078157509323,
          "mrr@20": 0.0026548672632306022
        }
      },
      "target_popularity_abs_legacy": {
        "<=5": {
          "count": 113,
          "hit@20": 0.017699115044247787,
          "ndcg@20": 0.005826078157509323,
          "mrr@20": 0.0026548672632306022
        }
      },
      "session_len": {
        "<=7": {
          "count": 73,
          "hit@20": 0.0136986301369863,
          "ndcg@20": 0.005899679170895929,
          "mrr@20": 0.003424657534246575
        },
        "8-12": {
          "count": 40,
          "hit@20": 0.025,
          "ndcg@20": 0.005691756308078766,
          "mrr@20": 0.0012500000186264515
        }
      },
      "session_len_legacy": {
        "3-5": {
          "count": 38,
          "hit@20": 0.02631578947368421,
          "ndcg@20": 0.011333594196721128,
          "mrr@20": 0.006578947368421052
        },
        "6-10": {
          "count": 75,
          "hit@20": 0.013333333333333334,
          "ndcg@20": 0.0030356033643086752,
          "mrr@20": 0.0006666666766007741
        }
      }
    },
    "counts": {
      "target_popularity_abs": {
        "rare_1_5": 113
      },