stage_name,stage_key,split,aggregation_level,node_kind,node_name,route_space,support_size,wrapper_name,source_type,temperature,top_k,entropy_norm,n_eff_norm,top1_monopoly_norm,jitter_adj_norm,knn_consistency_score,knn_consistency_js,n_eff,cv_usage,top1_max_frac,entropy_mean
macro,macro@1,best_valid,session,final,final.expert,expert,12,ScalarGroupConditionalProductWrapper,,,,0.9415776757236348,0.975798621301601,0.7462291072156543,0.0,0.993675539107795,0.006344545020631246,11.709583455619212,0.1574854282294086,0.7673766816143498,2.3397326276975896
macro,macro@1,best_valid,session,final,final.group,group,4,ScalarGroupConditionalProductWrapper,,,,0.9141611788831647,0.9805003508880202,0.686472346786248,0.0,0.9961688497116685,0.0038385079427959434,3.922001403552081,0.14102303981781006,0.764854260089686,1.2672964874404429
macro,macro@1,best_valid,session,final,final.intra.Exposure,intra,3,ScalarGroupConditionalProductWrapper,,,,0.9480837303209011,0.9822722257160734,0.7460762331838565,0.0,0.9943014502123546,0.005714848471220221,2.9468166771482203,0.1343413178819025,0.8307174887892377,1.041576436816844
macro,macro@1,best_valid,session,final,final.intra.Focus,intra,3,ScalarGroupConditionalProductWrapper,,,,0.9901969983646962,0.9989591059916382,0.6670403587443946,0.0,0.9984940198968458,0.001507115230986186,2.9968773179749144,0.032278671830038075,0.7780269058295964,1.0878425906057314
macro,macro@1,best_valid,session,final,final.intra.Memory,intra,3,ScalarGroupConditionalProductWrapper,,,,0.9879591638336939,0.9919538777243534,0.6434977578475336,0.0,0.9998004335015891,0.0001995864144542761,2.9758616331730603,0.09006304956784697,0.7623318385650224,1.0853840780899664
macro,macro@1,best_valid,session,final,final.intra.Tempo,intra,3,ScalarGroupConditionalProductWrapper,,,,0.857984638089165,0.9626785679908879,0.6834360986547084,0.0,0.994310978782065,0.005705265337200256,2.8880357039726636,0.19689682284305027,0.788957399103139,0.9425924668932175
