stage_name,stage_key,split,aggregation_level,node_kind,node_name,route_space,support_size,wrapper_name,source_type,temperature,top_k,entropy_norm,n_eff_norm,top1_monopoly_norm,jitter_adj_norm,knn_consistency_score,knn_consistency_js,n_eff,cv_usage,top1_max_frac,entropy_mean
macro,macro@1,best_valid,session,final,final.expert,expert,12,FlatPlusGroupIntraResidualWrapper,,,,0.9319718470519238,0.9814636390450541,0.18650736265459503,0.47844613673312225,0.9931311685498033,0.006892530458284439,11.77756366854065,0.1374280821553444,0.2542984157667121,2.3158630401545306
macro,macro@1,best_valid,session,final,final.group,group,4,FlatPlusGroupIntraResidualWrapper,,,,0.9705051392879682,0.9902208027620295,0.15674013219469596,0.0,0.9979080087929726,0.0020941824772445833,3.960883211048118,0.09937668591737747,0.36755509914602197,1.3454058020327844
macro,macro@1,best_valid,session,final,final.intra.Exposure,intra,3,FlatPlusGroupIntraResidualWrapper,,,,0.8055744434038398,0.9907210486804069,0.2048037103410319,0.0,0.9925700337691314,0.007457705918674158,2.9721631460412206,0.09677711585828316,0.4698691402273546,0.8850139829604311
macro,macro@1,best_valid,session,final,final.intra.Focus,intra,3,FlatPlusGroupIntraResidualWrapper,,,,0.952706962229643,0.9993263851350848,0.01432320506883064,0.0,0.9968637400017397,0.003141188368780453,2.9979791554052544,0.025964833022212,0.34288213671255374,1.0466555762051506
macro,macro@1,best_valid,session,final,final.intra.Memory,intra,3,FlatPlusGroupIntraResidualWrapper,,,,0.9262663418335709,0.995024496758324,0.12530455268509758,0.0,0.9964753302042421,0.003530896079042945,2.985073490274972,0.07071272259316676,0.41686970179006505,1.0176075857180171
macro,macro@1,best_valid,session,final,final.intra.Tempo,intra,3,FlatPlusGroupIntraResidualWrapper,,,,0.9091126297434097,0.9921948970483158,0.120572659726557,0.0,0.9957125350993007,0.00429668243433955,2.9765846911449474,0.08869413953440966,0.4137151064843713,0.9987623068194912
