best_mrr20,epoch,epoch_time_sec,eval,lr,patience_used,train_loss,trial,valid_mrr20
0.0114,1,17.361100912094116,1,0.0002738,0,715.9380111694336,1,0.0114
0.0133,3,16.61491346359253,1,0.0002738,0,646.5078015327454,1,0.0133
0.0177,10,16.5226571559906,1,0.0002738,2,551.9239931106567,1,0.0175
0.0181,15,16.923340320587158,1,0.0002738,0,525.1254105567932,1,0.0181
0.0181,25,16.855655431747437,1,0.0002738,10,490.7239980697632,1,0.0171
