best_mrr20,epoch,epoch_time_sec,eval,lr,patience_used,train_loss,trial,valid_mrr20
0.0123,1,22.86462092399597,1,0.0007998187552579467,0,680.1491136550903,1,0.0123
0.0181,3,22.074495792388916,1,0.0007983698921263105,0,572.4925217628479,1,0.0181
0.0181,10,21.551666736602783,1,0.0007820256023867403,7,476.766610622406,1,0.0162
0.0181,13,21.138091564178467,1,0.0007697990446755451,10,446.97714042663574,1,0.0163
