best_mrr20,epoch,eval,lr,patience_used,train_loss,trial,valid_mrr20
0.0603,1,1,0.00045702882373436317,0,251.76437139511108,1,0.0603
0.1664,3,1,0.0002054711762656369,1,227.52615594863892,1,0.165
0.1674,6,1,5e-05,0,219.58733081817627,1,0.1674
