{
  "split": "best_valid",
  "feature_mode": "none",
  "stage_metrics": {
    "macro@1": {
      "mode": "moe",
      "n_slots": 4,
      "expert_names": [
        "Tempo",
        "Focus",
        "Memory",
        "Exposure"
      ],
      "family_names": [
        "Tempo",
        "Focus",
        "Memory",
        "Exposure"
      ],
      "usage_sum": [
        1106.869873046875,
        562.751953125,
        681.6312255859375,
        991.7468872070312
      ],
      "top1_count": [
        1526.0,
        392.0,
        494.0,
        931.0
      ],
      "entropy_mean": 1.2666106182695185,
      "route_jitter_adjacent": 0.4992636229749632,
      "route_jitter_session": 0.33006316295790017,
      "route_consistency_knn_js": 0.009704235448031144,
      "route_consistency_knn_score": 0.9903426987020746,
      "route_consistency_group_knn_js": 0.009704235448031144,
      "route_consistency_group_knn_score": 0.9903426987020746,
      "route_consistency_intra_group_knn": {
        "group_names": [
          "Tempo",
          "Focus",
          "Memory",
          "Exposure"
        ],
        "js_by_group": [
          0.0,
          0.0,
          0.0,
          0.0
        ],
        "score_by_group": [
          1.0,
          1.0,
          1.0,
          1.0
        ],
        "mean_js": 0.0,
        "mean_score": 1.0
      },
      "route_consistency_feature_group_knn": {
        "group_names": [
          "Tempo",
          "Focus",
          "Memory",
          "Exposure"
        ],
        "js_by_group": [
          0.013198511832448665,
          0.017758646269924523,
          0.017844419159957665,
          0.016676603131697318
        ],
        "score_by_group": [
          0.9868882065875633,
          0.9823981091955338,
          0.9823138496841876,
          0.9834616816404584
        ],
        "mean_js": 0.016369545098507042,
        "mean_score": 0.9837654617769358
      },
      "condition_norm": 0.0,
      "stage_delta_norm": 4.178462980960925,
      "shared_delta_norm": 5.825382525917066,
      "moe_delta_norm": 4.178462980960925,
      "residual_delta_norm": 4.178462980960925,
      "alpha_value": 1.0,
      "alpha_effective": 1.0,
      "usage_share": [
        0.33110079169273376,
        0.16833741962909698,
        0.20389807224273682,
        0.296663761138916
      ],
      "n_eff": 3.7376325765339313,
      "cv_usage": 0.2649453580379486,
      "dead_expert_frac": 0.0,
      "top1_max_frac": 0.4564762189650015,
      "wrapper_name": "FlatJointWrapper",
      "feature_family_expert_heatmap": {
        "family_names": [
          "Tempo",
          "Focus",
          "Memory",
          "Exposure"
        ],
        "values": [
          [
            490.4049377441406,
            222.56463623046875,
            276.53118896484375,
            424.1806945800781
          ],
          [
            595.401123046875,
            290.3562316894531,
            355.07635498046875,
            527.6900024414062
          ],
          [
            478.4898681640625,
            266.91497802734375,
            316.5661315917969,
            440.4490661621094
          ],
          [
            531.6845092773438,
            276.0404052734375,
            332.909423828125,
            478.9329833984375
          ]
        ]
      },
      "position_expert_usage": {
        "values": [
          [
            170.0,
            140.0,
            61.0,
            256.0
          ],
          [
            274.0,
            86.0,
            97.0,
            162.0
          ],
          [
            290.0,
            92.0,
            69.0,
            149.0
          ],
          [
            291.0,
            25.0,
            120.0,
            106.0
          ],
          [
            149.0,
            22.0,
            73.0,
            78.0
          ],
          [
            84.0,
            8.0,
            26.0,
            95.0
          ],
          [
            81.0,
            12.0,
            21.0,
            40.0
          ],
          [
            74.0,
            2.0,
            11.0,
            25.0
          ],
          [
            51.0,
            5.0,
            12.0,
            17.0
          ],
          [
            62.0,
            0.0,
            4.0,
            3.0
          ]
        ]
      },
      "route_transition_matrix": {
        "values": [
          [
            805.0,
            48.0,
            88.0,
            244.0
          ],
          [
            106.0,
            96.0,
            85.0,
            66.0
          ],
          [
            89.0,
            55.0,
            163.0,
            69.0
          ],
          [
            356.0,
            53.0,
            97.0,
            296.0
          ]
        ]
      },
      "group_routing": {
        "group_names": [
          "Tempo",
          "Focus",
          "Memory",
          "Exposure"
        ],
        "group_share": [
          0.33110079169273376,
          0.16833741962909698,
          0.20389807224273682,
          0.296663761138916
        ],
        "group_n_eff": 3.7376325765339313,
        "group_cv_usage": 0.26494534367998895,
        "group_top1_max_frac": 0.4564762189650015,
        "group_entropy_mean": 1.2666106182695185,
        "group_prior_mean": [
          0.0,
          0.0,
          0.0,
          0.0
        ],
        "factored_group_entropy_mean": 0.0
      },
      "specialization_summary": {
        "mean_top_expert_share": 0.33258306980133057,
        "family_top_expert": [
          {
            "family": "Tempo",
            "expert": "Tempo",
            "top_share": 0.346899151802063
          },
          {
            "family": "Focus",
            "expert": "Tempo",
            "top_share": 0.33666563034057617
          },
          {
            "family": "Memory",
            "expert": "Tempo",
            "top_share": 0.31847941875457764
          },
          {
            "family": "Exposure",
            "expert": "Tempo",
            "top_share": 0.3282880187034607
          }
        ]
      },
      "expert_similarity_mean": 0.2796260416507721,
      "expert_similarity_max": 0.3572247624397278
    }
  },
  "scalar_metrics": {
    "macro_1.entropy_mean": 1.2666106182695185,
    "macro_1.n_eff": 3.7376325765339313,
    "macro_1.cv_usage": 0.2649453580379486,
    "macro_1.dead_expert_frac": 0.0,
    "macro_1.top1_max_frac": 0.4564762189650015,
    "macro_1.route_jitter_adjacent": 0.4992636229749632,
    "macro_1.route_jitter_session": 0.33006316295790017,
    "macro_1.route_consistency_knn_js": 0.009704235448031144,
    "macro_1.route_consistency_knn_score": 0.9903426987020746,
    "macro_1.route_consistency_group_knn_js": 0.009704235448031144,
    "macro_1.route_consistency_group_knn_score": 0.9903426987020746,
    "macro_1.route_consistency_intra_group_knn_mean_js": 0.0,
    "macro_1.route_consistency_intra_group_knn_mean_score": 1.0,
    "macro_1.route_consistency_feature_group_knn_mean_js": 0.016369545098507042,
    "macro_1.route_consistency_feature_group_knn_mean_score": 0.9837654617769358,
    "macro_1.route_consistency_feature_group_knn_tempo_js": 0.013198511832448665,
    "macro_1.route_consistency_feature_group_knn_tempo_score": 0.9868882065875633,
    "macro_1.route_consistency_feature_group_knn_focus_js": 0.017758646269924523,
    "macro_1.route_consistency_feature_group_knn_focus_score": 0.9823981091955338,
    "macro_1.route_consistency_feature_group_knn_memory_js": 0.017844419159957665,
    "macro_1.route_consistency_feature_group_knn_memory_score": 0.9823138496841876,
    "macro_1.route_consistency_feature_group_knn_exposure_js": 0.016676603131697318,
    "macro_1.route_consistency_feature_group_knn_exposure_score": 0.9834616816404584,
    "macro_1.condition_norm": 0.0,
    "macro_1.stage_delta_norm": 4.178462980960925,
    "macro_1.shared_delta_norm": 5.825382525917066,