stage_name,stage_key,split,aggregation_level,node_kind,node_name,route_space,support_size,wrapper_name,source_type,temperature,top_k,entropy_norm,n_eff_norm,top1_monopoly_norm,jitter_adj_norm,knn_consistency_score,knn_consistency_js,n_eff,cv_usage,top1_max_frac,entropy_mean
macro,macro@1,best_valid,session,final,final.expert,expert,12,FlatJointWrapper,,,,0.9824463643877291,0.9939212636340283,0.10199297403821438,0.5634150126743805,0.9853675802073031,0.014740529548158639,11.92705516360834,0.07820336101343152,0.17682689286836317,2.441287503927113
macro,macro@1,best_valid,session,final,final.group,group,4,FlatJointWrapper,,,,0.9905504636542297,0.9975779449932959,0.13978008168394598,0.0,0.995732914974973,0.004276215013881539,3.9903117799731835,0.04927531923504586,0.3548350612629595,1.3731945221685518
macro,macro@1,best_valid,session,final,final.intra.Exposure,intra,3,FlatJointWrapper,,,,0.9748726817652543,0.9945707757940466,0.17328934967012252,0.0,0.9904539785663219,0.00959187675353065,2.9837123273821398,0.0738848334379246,0.44885956644674835,1.071007108074144
macro,macro@1,best_valid,session,final,final.intra.Focus,intra,3,FlatJointWrapper,,,,0.9677203437313436,0.9974917066026835,0.020245051837888797,0.0,0.9879504080327529,0.012122776792878306,2.9924751198080504,0.05014625973563612,0.3468300345585925,1.0631494616173813
macro,macro@1,best_valid,session,final,final.intra.Memory,intra,3,FlatJointWrapper,,,,0.9760522590775247,0.9969164737123041,0.14444863336475025,0.0,0.990285426370545,0.00976206794149174,2.990749421136912,0.05561646839629208,0.42963242224316683,1.0723030062048382
macro,macro@1,best_valid,session,final,final.intra.Tempo,intra,3,FlatJointWrapper,,,,0.9752102368546723,0.9987516211943473,0.13668237511781337,0.0,0.9903718420164471,0.009674808376360328,2.996254863583042,0.035354849760089825,0.4244549167452089,1.071377950243481
