best_mrr20,epoch,epoch_time_sec,eval,lr,patience_used,train_loss,trial,valid_mrr20
0.0123,1,17.33937406539917,1,0.0005476,0,696.5697116851807,1,0.0123
0.0153,3,16.534294366836548,1,0.0005476,0,601.8085761070251,1,0.0153
0.0172,10,16.390857219696045,1,0.0005476,3,513.2561345100403,1,0.0165
0.0175,13,16.913392066955566,1,0.0005476,0,495.27054262161255,1,0.0175
0.0175,23,16.847850561141968,1,0.0005476,10,450.62627124786377,1,0.0167
