{
  "model": "GRU4Rec",
  "dataset": "lastfm0.03",
  "dataset_raw": "lastfm0.03",
  "max_evals": 6,
  "tune_epochs": 36,
  "n_completed": 6,
  "n_recorded_trials": 6,
  "timestamp": "2026-03-29T13:09:16.706221",
  "trials": [
    {
      "trial": 1,
      "params": {
        "learning_rate": 0.0023691964361877518
      },
      "mrr@20": 0.1861,
      "valid_result": {
        "hit@5": 0.2107,
        "hit@10": 0.2312,
        "hit@20": 0.2511,
        "ndcg@5": 0.1892,
        "ndcg@10": 0.1958,
        "ndcg@20": 0.2008,
        "mrr@5": 0.182,
        "mrr@10": 0.1847,
        "mrr@20": 0.1861
      },
      "test_result": {
        "hit@5": 0.2107,
        "hit@10": 0.2298,
        "hit@20": 0.2505,
        "ndcg@5": 0.189,
        "ndcg@10": 0.1951,
        "ndcg@20": 0.2003,
        "mrr@5": 0.1818,
        "mrr@10": 0.1843,
        "mrr@20": 0.1857
      },
      "best_hr@10": 0.2312,
      "test_mrr@20": 0.1857,
      "test_hr@10": 0.2298,
      "epochs_run": 36,
      "early_stop_epoch": 36,
      "early_stopped": false,
      "elapsed": 130.1,
      "status": "ok"
    },
    {
      "trial": 2,
      "params": {
        "learning_rate": 0.0027792544387222383
      },
      "mrr@20": 0.1857,
      "valid_result": {
        "hit@5": 0.2075,
        "hit@10": 0.2291,
        "hit@20": 0.2541,
        "ndcg@5": 0.1878,
        "ndcg@10": 0.1947,
        "ndcg@20": 0.201,
        "mrr@5": 0.1812,
        "mrr@10": 0.184,
        "mrr@20": 0.1857
      },
      "test_result": {
        "hit@5": 0.2107,
        "hit@10": 0.2301,
        "hit@20": 0.2497,
        "ndcg@5": 0.1873,
        "ndcg@10": 0.1935,
        "ndcg@20": 0.1985,
        "mrr@5": 0.1796,
        "mrr@10": 0.1821,
        "mrr@20": 0.1835
      },
      "best_hr@10": 0.2291,
      "test_mrr@20": 0.1835,
      "test_hr@10": 0.2301,
      "epochs_run": 36,
      "early_stop_epoch": 36,
      "early_stopped": false,
      "elapsed": 129.4,
      "status": "ok"
    },
    {
      "trial": 3,
      "params": {
        "learning_rate": 0.002664511349255053
      },
      "mrr@20": 0.1862,
      "valid_result": {
        "hit@5": 0.207,
        "hit@10": 0.2269,
        "hit@20": 0.2477,
        "ndcg@5": 0.1883,
        "ndcg@10": 0.1947,
        "ndcg@20": 0.2,
        "mrr@5": 0.1821,
        "mrr@10": 0.1847,
        "mrr@20": 0.1862
      },
      "test_result": {
        "hit@5": 0.2131,
        "hit@10": 0.2306,
        "hit@20": 0.2527,
        "ndcg@5": 0.1908,
        "ndcg@10": 0.1964,
        "ndcg@20": 0.202,
        "mrr@5": 0.1834,
        "mrr@10": 0.1857,
        "mrr@20": 0.1872
      },
      "best_hr@10": 0.2269,
      "test_mrr@20": 0.1872,
      "test_hr@10": 0.2306,
      "epochs_run": 36,
      "early_stop_epoch": 36,
      "early_stopped": false,
      "elapsed": 127.8,
      "status": "ok"
    },
    {
      "trial": 4,
      "params": {
        "learning_rate": 0.0021341764339258226
      },
      "mrr@20": 0.1844,
      "valid_result": {
        "hit@5": 0.2097,
        "hit@10": 0.2293,
        "hit@20": 0.2487,
        "ndcg@5": 0.1878,
        "ndcg@10": 0.1941,
        "ndcg@20": 0.199,
        "mrr@5": 0.1804,
        "mrr@10": 0.183,
        "mrr@20": 0.1844
      },
      "test_result": {
        "hit@5": 0.2109,
        "hit@10": 0.2317,
        "hit@20": 0.2487,
        "ndcg@5": 0.1886,
        "ndcg@10": 0.1952,
        "ndcg@20": 0.1995,
        "mrr@5": 0.1812,
        "mrr@10": 0.1838,
        "mrr@20": 0.185
      },
      "best_hr@10": 0.2293,
      "test_mrr@20": 0.185,
      "test_hr@10": 0.2317,
      "epochs_run": 36,
      "early_stop_epoch": 36,
      "early_stopped": false,
      "elapsed": 128.5,
      "status": "ok"
    },
    {
      "trial": 5,
      "params": {
        "learning_rate": 0.0035141450841230048
      },
      "mrr@20": 0.1878,
      "valid_result": {
        "hit@5": 0.2168,
        "hit@10": 0.2341,
        "hit@20": 0.2559,
        "ndcg@5": 0.1922,
        "ndcg@10": 0.1978,
        "ndcg@20": 0.2033,
        "mrr@5": 0.184,
        "mrr@10": 0.1863,
        "mrr@20": 0.1878
      },
      "test_result": {
        "hit@5": 0.2072,
        "hit@10": 0.2279,
        "hit@20": 0.25,
        "ndcg@5": 0.1847,
        "ndcg@10": 0.1913,
        "ndcg@20": 0.1969,
        "mrr@5": 0.1771,
        "mrr@10": 0.1799,
        "mrr@20": 0.1814
      },
      "best_hr@10": 0.2341,
      "test_mrr@20": 0.1814,
      "test_hr@10": 0.2279,
      "epochs_run": 36,
      "early_stop_epoch": 36,
      "early_stopped": true,
      "elapsed": 127.5,
      "status": "ok"
    },
    {
      "trial": 6,
      "params": {
        "learning_rate": 0.0019909700140701933
      },
      "mrr@20": 0.1877,
      "valid_result": {
        "hit@5": 0.2105,
        "hit@10": 0.228,
        "hit@20": 0.2509,
        "ndcg@5": 0.1904,
        "ndcg@10": 0.1961,
        "ndcg@20": 0.2018,
        "mrr@5": 0.1837,
        "mrr@10": 0.1861,
        "mrr@20": 0.1877
      },
      "test_result": {
        "hit@5": 0.2091,
        "hit@10": 0.2317,
        "hit@20": 0.2489,
        "ndcg@5": 0.1878,
        "ndcg@10": 0.1953,
        "ndcg@20": 0.1997,
        "mrr@5": 0.1808,
        "mrr@10": 0.1839,
        "mrr@20": 0.1851
      },
      "best_hr@10": 0.228,
      "test_mrr@20": 0.1851,
      "test_hr@10": 0.2317,
      "epochs_run": 36,
      "early_stop_epoch": 36,
      "early_stopped": false,
      "elapsed": 129.0,
      "status": "ok"
    }
  ],
  "run_group": "baseline",
  "run_axis": "stagea_lr_anchor2_core5",
  "run_phase": "P16_SA_D00_M02_GRU4REC_LR4_1.6e3_4.8e3_S1",
  "parent_result": "",
  "interrupted": false,
  "interrupted_at": null,
  "tuned_search": {
    "learning_rate": [
      0.001224,
      0.003672
    ]
  },
  "fixed_search": {
    "num_layers": 1,
    "weight_decay": 0.0002,
    "dropout_ratio": 0.2,
    "hidden_size": 160,
    "embedding_size": 160,
    "inner_size": 320,
    "n_layers": 1,
    "n_heads": 1,
    "num_heads": 1,
    "dropout_prob": 0.2,
    "hidden_dropout_prob": 0.2,
    "attn_dropout_prob": 0.2,
    "num_experts": 2
  },
  "context_fixed": {
    "num_layers": 1,
    "search_space_type_overrides": {
      "learning_rate": "loguniform",
      "weight_decay": "choice",
      "dropout_ratio": "choice",
      "hidden_size": "choice",
      "embedding_size": "choice",
      "inner_size": "choice",
      "n_layers": "choice",
      "num_layers": "choice",
      "n_heads": "choice",
      "num_heads": "choice",
      "dropout_prob": "choice",
      "hidden_dropout_prob": "choice",
      "attn_dropout_prob": "choice",
      "num_experts": "choice"
    }
  },
  "best_params": {
    "learning_rate": 0.0035141450841230048
  },
  "best_mrr@20": 0.1878,
  "best_hr@10": 0.2341,
  "test_mrr@20": 0.1814,
  "test_hr@10": 0.2279,
  "best_valid_result": {
    "hit@5": 0.2168,
    "hit@10": 0.2341,
    "hit@20": 0.2559,
    "ndcg@5": 0.1922,
    "ndcg@10": 0.1978,
    "ndcg@20": 0.2033,
    "mrr@5": 0.184,
    "mrr@10": 0.1863,
    "mrr@20": 0.1878
  },
  "test_result": {
    "hit@5": 0.2072,
    "hit@10": 0.2279,
    "hit@20": 0.25,
    "ndcg@5": 0.1847,
    "ndcg@10": 0.1913,
    "ndcg@20": 0.1969,
    "mrr@5": 0.1771,
    "mrr@10": 0.1799,
    "mrr@20": 0.1814
  },
  "best_valid_special_metrics": {
    "split": "best_valid",
    "overall": {
      "count": 3763,
      "hit@20": 0.25591283550358757,
      "ndcg@20": 0.20331767437038603,
      "mrr@20": 0.18782187561615174
    },
    "slices": {
      "target_popularity_abs": {
        "rare_1_5": {
          "count": 3735,
          "hit@20": 0.25461847389558234,
          "ndcg@20": 0.201960521852635,
          "mrr@20": 0.18646328904961487
        },
        "6_20": {
          "count": 28,
          "hit@20": 0.42857142857142855,
          "ndcg@20": 0.38435212629182,
          "mrr@20": 0.3690476194024086
        }
      },
      "target_popularity_abs_legacy": {
        "<=5": {
          "count": 3735,
          "hit@20": 0.25461847389558234,