best_mrr20,epoch,epoch_time_sec,eval,lr,patience_used,train_loss,trial,valid_mrr20
0.0127,1,15.709282398223877,1,0.0005476,0,685.7096428871155,1,0.0127
0.0158,3,14.346539497375488,1,0.0005476,0,584.5993008613586,1,0.0158
0.0183,8,14.377464771270752,1,0.0005476,0,511.5870933532715,1,0.0183
0.0183,10,14.305444240570068,1,0.0005476,2,493.4944853782654,1,0.0183
0.0183,18,14.357377529144287,1,0.0005476,10,433.3343734741211,1,0.0164
