best_mrr20,epoch,epoch_time_sec,eval,lr,patience_used,train_loss,trial,valid_mrr20
0.0092,1,4.120286703109741,1,0.001349694149497785,0,78.22959661483765,1,0.0092
0.0264,3,2.977954387664795,1,0.001347249192963149,0,62.56140947341919,1,0.0264
0.053,10,2.440613031387329,1,0.0013196682040276242,3,37.28691506385803,1,0.0485
0.0762,14,2.7137434482574463,1,0.0012910278720091226,0,29.679944038391113,1,0.0762
0.0762,24,2.495300531387329,1,0.0011821684281488301,10,16.417683362960815,1,0.0717
