best_mrr20,epoch,epoch_time_sec,eval,lr,patience_used,train_loss,trial,valid_mrr20
0.0027,1,2.890378952026367,1,0.0005672,0,80.53622579574585,1,0.0027
0.0063,3,1.9108622074127197,1,0.0005672,0,74.03500270843506,1,0.0063
0.0604,10,1.9543812274932861,1,0.0005672,0,57.44929504394531,1,0.0604
0.0859,25,1.938899278640747,1,0.0005672,0,38.859700202941895,1,0.0859
0.0859,35,1.7585649490356445,1,0.0005672,10,30.28430485725403,1,0.0835
