{
  "split": "best_valid",
  "feature_mode": "none",
  "stages": [
    {
      "stage": "macro@1",
      "n_eff": 11.919903147149263,
      "cv_usage": 0.08197301394069029,
      "top1_max_frac": 0.7623318385650224,
      "entropy_mean": 2.3718458782931613,
      "route_jitter_adjacent": 0.0,
      "route_consistency_knn_js": 0.003656988128710782,
      "route_consistency_knn_score": 0.9963496905086631,
      "route_consistency_group_knn_js": 0.0007469503883349648,
      "route_consistency_group_knn_score": 0.9992533285096611,
      "route_consistency_intra_group_knn_mean_js": 0.0029157546023575315,
      "route_consistency_intra_group_knn_mean_score": 0.9970905337495337,
      "route_consistency_feature_group_knn_mean_score": 0.9928486569188366,
      "family_top_expert_mean_share": 0.10606905817985535,
      "route_consistency_feature_group_knn_tempo_js": 0.003516567190678306,
      "route_consistency_feature_group_knn_tempo_score": 0.9964896086903039,
      "route_consistency_feature_group_knn_focus_js": 0.007929265784304678,
      "route_consistency_feature_group_knn_focus_score": 0.992102087918291,
      "route_consistency_feature_group_knn_memory_js": 0.00895766208046361,
      "route_consistency_feature_group_knn_memory_score": 0.9910823382489297,
      "route_consistency_feature_group_knn_exposure_js": 0.00831387183692847,
      "route_consistency_feature_group_knn_exposure_score": 0.9917205928178219
    }
  ]
}
