{
  "model": "GRU4Rec",
  "dataset": "retail_rocket",
  "dataset_raw": "retail_rocket",
  "max_evals": 4,
  "tune_epochs": 20,
  "n_completed": 4,
  "n_recorded_trials": 4,
  "timestamp": "2026-04-09T17:20:07.787974",
  "trials": [
    {
      "trial": 1,
      "params": {
        "learning_rate": 0.002338620429389611
      },
      "mrr@20": 0.1595,
      "valid_result": {
        "hit@5": 0.2301,
        "hit@10": 0.292,
        "hit@20": 0.3564,
        "ndcg@5": 0.1675,
        "ndcg@10": 0.1875,
        "ndcg@20": 0.2038,
        "mrr@5": 0.1468,
        "mrr@10": 0.155,
        "mrr@20": 0.1595
      },
      "test_result": {
        "hit@5": 0.2316,
        "hit@10": 0.2918,
        "hit@20": 0.3583,
        "ndcg@5": 0.1704,
        "ndcg@10": 0.1899,
        "ndcg@20": 0.2067,
        "mrr@5": 0.1503,
        "mrr@10": 0.1583,
        "mrr@20": 0.1629
      },
      "best_hr@10": 0.292,
      "test_mrr@20": 0.1629,
      "test_hr@10": 0.2918,
      "epochs_run": 20,
      "early_stop_epoch": 20,
      "early_stopped": false,
      "elapsed": 159.0,
      "status": "ok"
    },
    {
      "trial": 2,
      "params": {
        "learning_rate": 0.002107016907360737
      },
      "mrr@20": 0.1532,
      "valid_result": {
        "hit@5": 0.2224,
        "hit@10": 0.2852,
        "hit@20": 0.3517,
        "ndcg@5": 0.1606,
        "ndcg@10": 0.181,
        "ndcg@20": 0.1978,
        "mrr@5": 0.1402,
        "mrr@10": 0.1486,
        "mrr@20": 0.1532
      },
      "test_result": {
        "hit@5": 0.2255,
        "hit@10": 0.2867,
        "hit@20": 0.3497,
        "ndcg@5": 0.1645,
        "ndcg@10": 0.1842,
        "ndcg@20": 0.2001,
        "mrr@5": 0.1443,
        "mrr@10": 0.1525,
        "mrr@20": 0.1568
      },
      "best_hr@10": 0.2852,
      "test_mrr@20": 0.1568,
      "test_hr@10": 0.2867,
      "epochs_run": 20,
      "early_stop_epoch": 20,
      "early_stopped": false,
      "elapsed": 158.4,
      "status": "ok"
    },
    {
      "trial": 3,
      "params": {
        "learning_rate": 0.0019148641105427974
      },
      "mrr@20": 0.1473,
      "valid_result": {
        "hit@5": 0.2122,
        "hit@10": 0.2774,
        "hit@20": 0.3431,
        "ndcg@5": 0.1534,
        "ndcg@10": 0.1746,
        "ndcg@20": 0.1911,
        "mrr@5": 0.1339,
        "mrr@10": 0.1427,
        "mrr@20": 0.1473
      },
      "test_result": {
        "hit@5": 0.2143,
        "hit@10": 0.2777,
        "hit@20": 0.3405,
        "ndcg@5": 0.1555,
        "ndcg@10": 0.176,
        "ndcg@20": 0.1918,
        "mrr@5": 0.1361,
        "mrr@10": 0.1445,
        "mrr@20": 0.1488
      },
      "best_hr@10": 0.2774,
      "test_mrr@20": 0.1488,
      "test_hr@10": 0.2777,
      "epochs_run": 20,
      "early_stop_epoch": 20,
      "early_stopped": false,
      "elapsed": 157.5,
      "status": "ok"
    },
    {
      "trial": 4,
      "params": {
        "learning_rate": 0.0021099238411028355
      },
      "mrr@20": 0.1532,
      "valid_result": {
        "hit@5": 0.2232,
        "hit@10": 0.2854,
        "hit@20": 0.3522,
        "ndcg@5": 0.1608,
        "ndcg@10": 0.181,
        "ndcg@20": 0.1979,
        "mrr@5": 0.1403,
        "mrr@10": 0.1486,
        "mrr@20": 0.1532
      },
      "test_result": {
        "hit@5": 0.2267,
        "hit@10": 0.2876,
        "hit@20": 0.3501,
        "ndcg@5": 0.1651,
        "ndcg@10": 0.1847,
        "ndcg@20": 0.2005,
        "mrr@5": 0.1448,
        "mrr@10": 0.1529,
        "mrr@20": 0.1572
      },
      "best_hr@10": 0.2854,
      "test_mrr@20": 0.1572,
      "test_hr@10": 0.2876,
      "epochs_run": 20,
      "early_stop_epoch": 20,
      "early_stopped": false,
      "elapsed": 158.2,
      "status": "ok"
    }
  ],
  "run_group": "baseline",
  "run_axis": "stageh_targetedrecovery_anchor2_core5",
  "run_phase": "P23_SH_C09_MGRU4REC_XFER_AMAZON_BEAUTY_FAD_H2_R1_C1_LRHI_S1",
  "parent_result": "",
  "interrupted": false,
  "interrupted_at": null,
  "tuned_search": {
    "learning_rate": [
      0.0018896714196132093,
      0.002895920575341007
    ]
  },
  "fixed_search": {
    "num_layers": 2,
    "weight_decay": 0.00015,
    "hidden_dropout_prob": 0.13,
    "MAX_ITEM_LIST_LENGTH": 10,
    "n_layers": 2,
    "n_heads": 4,
    "num_heads": 4,
    "dropout_ratio": 0.13,
    "dropout_prob": 0.13,
    "attn_dropout_prob": 0.13,
    "hidden_size": 144,
    "embedding_size": 144,
    "inner_size": 288,
    "time_span": 384,
    "num_experts": 6,
    "state_size": 24,
    "conv_kernel": 6,
    "remaining_ratio": 0.6
  },
  "context_fixed": {
    "num_layers": 2,
    "search_space_type_overrides": {
      "learning_rate": "loguniform",
      "weight_decay": "choice",
      "n_layers": "choice",
      "num_layers": "choice",
      "n_heads": "choice",
      "num_heads": "choice",
      "dropout_ratio": "choice",
      "dropout_prob": "choice",
      "hidden_dropout_prob": "choice",
      "attn_dropout_prob": "choice",
      "hidden_size": "choice",
      "embedding_size": "choice",
      "inner_size": "choice",
      "time_span": "choice",
      "num_experts": "choice",
      "state_size": "choice",
      "conv_kernel": "choice",
      "remaining_ratio": "choice",
      "MAX_ITEM_LIST_LENGTH": "choice"
    }
  },
  "best_params": {
    "learning_rate": 0.002338620429389611
  },
  "best_mrr@20": 0.1595,
  "best_hr@10": 0.292,
  "test_mrr@20": 0.1629,
  "test_hr@10": 0.2918,
  "best_valid_result": {
    "hit@5": 0.2301,
    "hit@10": 0.292,
    "hit@20": 0.3564,
    "ndcg@5": 0.1675,
    "ndcg@10": 0.1875,
    "ndcg@20": 0.2038,
    "mrr@5": 0.1468,
    "mrr@10": 0.155,
    "mrr@20": 0.1595
  },
  "test_result": {
    "hit@5": 0.2316,
    "hit@10": 0.2918,
    "hit@20": 0.3583,
    "ndcg@5": 0.1704,
    "ndcg@10": 0.1899,
    "ndcg@20": 0.2067,
    "mrr@5": 0.1503,
    "mrr@10": 0.1583,
    "mrr@20": 0.1629
  },
  "best_valid_special_metrics": {
    "split": "best_valid",
    "overall": {
      "count": 22961,
      "hit@20": 0.3564304690562258,
      "ndcg@20": 0.20375198569934203,
      "mrr@20": 0.15948365250901136
    },
    "slices": {
      "target_popularity_abs": {
        "rare_1_5": {
          "count": 20110,
          "hit@20": 0.31765290900049725,
          "ndcg@20": 0.17516827242609165,
          "mrr@20": 0.13411753922552686
        },
        "6_20": {
          "count": 2526,
          "hit@20": 0.619556611243072,
          "ndcg@20": 0.3887071292006771,
          "mrr@20": 0.32001810876456455
        },
        "21_100": {
          "count": 325,
          "hit@20": 0.7107692307692308,
          "ndcg@20": 0.5348959285937823,
          "mrr@20": 0.48133750367623107
        }
      },
      "target_popularity_abs_legacy": {
        "<=5": {
          "count": 20110,
          "hit@20": 0.31765290900049725,
          "ndcg@20": 0.17516827242609165,
          "mrr@20": 0.13411753922552686
        },
        "6-20": {
          "count": 2526,
          "hit@20": 0.619556611243072,
          "ndcg@20": 0.3887071292006771,
          "mrr@20": 0.32001810876456455
        },
        "21-100": {
          "count": 325,
          "hit@20": 0.7107692307692308,
          "ndcg@20": 0.5348959285937823,
          "mrr@20": 0.48133750367623107
        }
      },
      "session_len": {
        "<=7": {
          "count": 20698,
          "hit@20": 0.3678133152961639,
          "ndcg@20": 0.21133403987389324,
          "mrr@20": 0.16592518115791074
        },
        "8-12": {
          "count": 2263,
          "hit@20": 0.25231992929739283,
          "ndcg@20": 0.1344045012517677,
          "mrr@20": 0.10056771792000603
        }
      },
      "session_len_legacy": {
        "1-2": {
          "count": 10403,
          "hit@20": 0.38075555128328364,
          "ndcg@20": 0.2257090077544707,
          "mrr@20": 0.1803853574642124
        },
        "3-5": {
          "count": 8710,
          "hit@20": 0.36257175660160734,
          "ndcg@20": 0.20236664214754213,
          "mrr@20": 0.15615813967982473
        },