stage_name,stage_key,split,aggregation_level,node_kind,node_name,route_space,support_size,wrapper_name,source_type,temperature,top_k,entropy_norm,n_eff_norm,top1_monopoly_norm,jitter_adj_norm,knn_consistency_score,knn_consistency_js,n_eff,cv_usage,top1_max_frac,entropy_mean
macro,macro@1,best_valid,session,final,final.expert,expert,12,GroupConditionalProductWrapper,,,,0.9652860499457555,0.9841582305676421,0.1557355631042592,0.0,0.9949666719301641,0.005046037932106449,11.809898766811704,0.12687268475077496,0.22609093284557094,2.3986457244577997
macro,macro@1,best_valid,session,final,final.group,group,4,GroupConditionalProductWrapper,,,,0.9519073395967884,0.9899833409728513,0.23804546642278548,0.0,0.9964182918406478,0.0035881378334235896,3.9599333638914054,0.10058874636888504,0.4285340998170891,1.3196237771916646
macro,macro@1,best_valid,session,final,final.intra.Exposure,intra,3,GroupConditionalProductWrapper,,,,0.9725113884097528,0.9733780442112282,0.5686569114188659,0.0,0.9988400801572321,0.001160593070432485,2.9201341326336845,0.16537907215232087,0.7124379409459106,1.0684129621766396
macro,macro@1,best_valid,session,final,final.intra.Focus,intra,3,GroupConditionalProductWrapper,,,,0.9721314492503482,0.9956736793784494,0.4715508230990332,0.0,0.9977133118632959,0.0022893066005230576,2.987021038135348,0.06591741916783395,0.6477005487326888,1.0679955563471715
macro,macro@1,best_valid,session,final,final.intra.Memory,intra,3,GroupConditionalProductWrapper,,,,0.9865690792396913,0.9938530827175812,0.5722824666840868,0.0,0.9984141365957697,0.0015871222166444876,2.9815592481527435,0.07864400323796263,0.7148549777893912,1.083856914072707
macro,macro@1,best_valid,session,final,final.intra.Tempo,intra,3,GroupConditionalProductWrapper,,,,0.9907863284206369,0.9999865593332572,0.08998562842957934,0.0,0.9992317507405529,0.0007685445141385012,2.9999596779997715,0.003657878849606846,0.3933237522863862,1.0884900358472693
