{
  "split": "best_valid",
  "feature_mode": "runtime:unknown|ablation:none",
  "stages": [
    {
      "stage": "macro@1",
      "n_eff": 15.347807537385329,
      "cv_usage": 0.20614099502563477,
      "top1_max_frac": 0.10311284046692606,
      "entropy_mean": 1.8555585894073097,
      "route_jitter_adjacent": 0.7086295831590688,
      "route_consistency_knn_js": 0.2362497198552066,
      "route_consistency_knn_score": 0.7895834746405774,
      "route_consistency_group_knn_js": 0.057790790464100475,
      "route_consistency_group_knn_score": 0.9438473886569263,
      "route_consistency_intra_group_knn_mean_js": 0.2207477045994179,
      "route_consistency_intra_group_knn_mean_score": 0.8020628530284918,
      "route_consistency_feature_group_knn_mean_score": 0.7667127605525443,
      "family_top_expert_mean_share": 0.08294160664081573,
      "route_consistency_feature_group_knn_tempo_js": 0.2736099525500121,
      "route_consistency_feature_group_knn_tempo_score": 0.7606286986928276,
      "route_consistency_feature_group_knn_focus_js": 0.26654664602967065,
      "route_consistency_feature_group_knn_focus_score": 0.7660202710885142,
      "route_consistency_feature_group_knn_memory_js": 0.26665853538818696,
      "route_consistency_feature_group_knn_memory_score": 0.7659345663665842,
      "route_consistency_feature_group_knn_exposure_js": 0.25583785003603116,
      "route_consistency_feature_group_knn_exposure_score": 0.7742675060622516
    }
  ]
}
