stage_name,stage_key,split,aggregation_level,node_kind,node_name,route_space,support_size,wrapper_name,source_type,temperature,top_k,entropy_norm,n_eff_norm,top1_monopoly_norm,jitter_adj_norm,knn_consistency_score,knn_consistency_js,n_eff,cv_usage,top1_max_frac,entropy_mean
macro,macro@1,best_valid,session,final,final.expert,expert,20,FlatJointWrapper,,,,0.7415817581403105,0.9802263483343173,0.025038858143704056,0.7569356070246882,0.839936873957873,0.17442854001883543,19.604526966686347,0.14203022953822866,0.07378691523651885,2.221580406339838
macro,macro@1,best_valid,session,final,final.group,group,4,FlatJointWrapper,,,,0.847696756484065,0.995384045273639,0.052763016522925955,0.0,0.9488306023389187,0.05252499752892739,3.981536181094556,0.06809800118207932,0.28957226239219447,1.1751572334534803
macro,macro@1,best_valid,session,final,final.intra.Exposure,intra,5,FlatJointWrapper,,,,0.7324684785652906,0.9899808874839868,0.06220054011673488,0.0,0.9007925049871591,0.1044803420274635,4.949904437419934,0.1006004851221966,0.2497604320933879,1.1788625390659029
macro,macro@1,best_valid,session,final,final.intra.Focus,intra,5,FlatJointWrapper,,,,0.6897096574929829,0.991281040096084,0.05033103928913669,0.0,0.8910135502888333,0.11539564367092568,4.95640520048042,0.09378518769465108,0.24026483143130936,1.1100448713411446
macro,macro@1,best_valid,session,final,final.intra.Memory,intra,5,FlatJointWrapper,,,,0.7135403143369609,0.9945773645269256,0.04412405261782385,0.0,0.8912407163833442,0.11514072370805717,4.972886822634628,0.07383942028374343,0.2352992420942591,1.14839883394405
macro,macro@1,best_valid,session,final,final.intra.Tempo,intra,5,FlatJointWrapper,,,,0.752421241866523,0.9847007690069468,0.056864709469465965,0.0,0.8934598713536275,0.11265385713869615,4.923503845034734,0.1246468890510963,0.24549176757557278,1.2109752727807301
