stage_name,stage_key,split,aggregation_level,node_kind,node_name,route_space,support_size,wrapper_name,source_type,temperature,top_k,entropy_norm,n_eff_norm,top1_monopoly_norm,jitter_adj_norm,knn_consistency_score,knn_consistency_js,n_eff,cv_usage,top1_max_frac,entropy_mean
macro,macro@1,best_valid,session,final,final.expert,expert,12,ScalarGroupConditionalProductWrapper,,,,0.8349372281826164,0.7583008340953193,0.22187068399761004,0.0,0.9702081408675072,0.030244652289395744,9.099610009143833,0.5645689050981729,0.28671479366447583,2.0747410704665445
macro,macro@1,best_valid,session,final,final.group,group,4,ScalarGroupConditionalProductWrapper,,,,0.9706331860735433,0.968152425174155,0.22790886997330265,0.0,0.9971100648795523,0.002894119045740538,3.87260970069662,0.18137028813362122,0.420931652479977,1.3455833125695866
macro,macro@1,best_valid,session,final,final.intra.Exposure,intra,3,ScalarGroupConditionalProductWrapper,,,,0.1399980420761447,0.37441995447654725,0.9660596918435511,0.0,0.9847666175704312,0.015350602360649359,1.1232598634296418,1.2925934108318862,0.9773731278957009,0.15380356941432766
macro,macro@1,best_valid,session,final,final.intra.Focus,intra,3,ScalarGroupConditionalProductWrapper,,,,0.7814327243780086,0.9836002583229219,0.18096110332938262,0.0,0.9805211738286167,0.019671038649156456,2.9508007749687657,0.1291251594796872,0.4539740688862551,0.8584915937690802
macro,macro@1,best_valid,session,final,final.intra.Memory,intra,3,ScalarGroupConditionalProductWrapper,,,,0.7648456163122997,0.8719242549397405,0.6137269690766082,0.0,0.9589105597208412,0.04195747255563532,2.6157727648192215,0.38326047708807953,0.7424846460510721,0.8402687930146266
macro,macro@1,best_valid,session,final,final.intra.Tempo,intra,3,ScalarGroupConditionalProductWrapper,,,,0.7358952416929151,0.8860625949189661,0.4387458248033618,0.0,0.9762599890840968,0.024026345784202853,2.6581877847568984,0.35859215680980217,0.6258305498689078,0.8084635556962253
