{
  "model": "DuoRec",
  "dataset": "retail_rocket",
  "dataset_raw": "retail_rocket",
  "max_evals": 6,
  "tune_epochs": 38,
  "n_completed": 6,
  "n_recorded_trials": 6,
  "timestamp": "2026-04-09T20:43:45.232382",
  "trials": [
    {
      "trial": 1,
      "params": {
        "learning_rate": 0.0005767258465985075
      },
      "mrr@20": 0.2705,
      "valid_result": {
        "hit@5": 0.3603,
        "hit@10": 0.4245,
        "hit@20": 0.4873,
        "ndcg@5": 0.2832,
        "ndcg@10": 0.304,
        "ndcg@20": 0.3199,
        "mrr@5": 0.2576,
        "mrr@10": 0.2662,
        "mrr@20": 0.2705
      },
      "test_result": {
        "hit@5": 0.3629,
        "hit@10": 0.43,
        "hit@20": 0.4903,
        "ndcg@5": 0.2865,
        "ndcg@10": 0.3082,
        "ndcg@20": 0.3235,
        "mrr@5": 0.2611,
        "mrr@10": 0.2701,
        "mrr@20": 0.2743
      },
      "best_hr@10": 0.4245,
      "test_mrr@20": 0.2743,
      "test_hr@10": 0.43,
      "epochs_run": 27,
      "early_stop_epoch": 27,
      "early_stopped": true,
      "elapsed": 426.8,
      "status": "ok"
    },
    {
      "trial": 2,
      "params": {
        "learning_rate": 0.000593545418634838
      },
      "mrr@20": 0.2704,
      "valid_result": {
        "hit@5": 0.3604,
        "hit@10": 0.4241,
        "hit@20": 0.487,
        "ndcg@5": 0.2831,
        "ndcg@10": 0.3038,
        "ndcg@20": 0.3197,
        "mrr@5": 0.2574,
        "mrr@10": 0.266,
        "mrr@20": 0.2704
      },
      "test_result": {
        "hit@5": 0.3639,
        "hit@10": 0.4301,
        "hit@20": 0.4913,
        "ndcg@5": 0.2871,
        "ndcg@10": 0.3085,
        "ndcg@20": 0.324,
        "mrr@5": 0.2616,
        "mrr@10": 0.2705,
        "mrr@20": 0.2747
      },
      "best_hr@10": 0.4241,
      "test_mrr@20": 0.2747,
      "test_hr@10": 0.4301,
      "epochs_run": 27,
      "early_stop_epoch": 27,
      "early_stopped": true,
      "elapsed": 431.1,
      "status": "ok"
    },
    {
      "trial": 3,
      "params": {
        "learning_rate": 0.0005932851388889931
      },
      "mrr@20": 0.2706,
      "valid_result": {
        "hit@5": 0.36,
        "hit@10": 0.4247,
        "hit@20": 0.4875,
        "ndcg@5": 0.2831,
        "ndcg@10": 0.3041,
        "ndcg@20": 0.32,
        "mrr@5": 0.2575,
        "mrr@10": 0.2662,
        "mrr@20": 0.2706
      },
      "test_result": {
        "hit@5": 0.3633,
        "hit@10": 0.4302,
        "hit@20": 0.4911,
        "ndcg@5": 0.2868,
        "ndcg@10": 0.3085,
        "ndcg@20": 0.3239,
        "mrr@5": 0.2614,
        "mrr@10": 0.2704,
        "mrr@20": 0.2746
      },
      "best_hr@10": 0.4247,
      "test_mrr@20": 0.2746,
      "test_hr@10": 0.4302,
      "epochs_run": 27,
      "early_stop_epoch": 27,
      "early_stopped": true,
      "elapsed": 427.1,
      "status": "ok"
    },
    {
      "trial": 4,
      "params": {
        "learning_rate": 0.0005935145306991166
      },
      "mrr@20": 0.2703,
      "valid_result": {
        "hit@5": 0.3603,
        "hit@10": 0.4244,
        "hit@20": 0.4874,
        "ndcg@5": 0.283,
        "ndcg@10": 0.3038,
        "ndcg@20": 0.3197,
        "mrr@5": 0.2573,
        "mrr@10": 0.2659,
        "mrr@20": 0.2703
      },
      "test_result": {
        "hit@5": 0.3638,
        "hit@10": 0.4305,
        "hit@20": 0.4916,
        "ndcg@5": 0.2871,
        "ndcg@10": 0.3087,
        "ndcg@20": 0.3241,
        "mrr@5": 0.2616,
        "mrr@10": 0.2706,
        "mrr@20": 0.2748
      },
      "best_hr@10": 0.4244,
      "test_mrr@20": 0.2748,
      "test_hr@10": 0.4305,
      "epochs_run": 27,
      "early_stop_epoch": 27,
      "early_stopped": true,
      "elapsed": 426.5,
      "status": "ok"
    },
    {
      "trial": 5,
      "params": {
        "learning_rate": 0.00045200051744886954
      },
      "mrr@20": 0.2708,
      "valid_result": {
        "hit@5": 0.3613,
        "hit@10": 0.4243,
        "hit@20": 0.4855,
        "ndcg@5": 0.2839,
        "ndcg@10": 0.3043,
        "ndcg@20": 0.3197,
        "mrr@5": 0.2582,
        "mrr@10": 0.2666,
        "mrr@20": 0.2708
      },
      "test_result": {
        "hit@5": 0.3624,
        "hit@10": 0.4279,
        "hit@20": 0.4899,
        "ndcg@5": 0.2866,
        "ndcg@10": 0.3079,
        "ndcg@20": 0.3236,
        "mrr@5": 0.2614,
        "mrr@10": 0.2703,
        "mrr@20": 0.2746
      },
      "best_hr@10": 0.4243,
      "test_mrr@20": 0.2746,
      "test_hr@10": 0.4279,
      "epochs_run": 33,
      "early_stop_epoch": 33,
      "early_stopped": true,
      "elapsed": 522.5,
      "status": "ok"
    },
    {
      "trial": 6,
      "params": {
        "learning_rate": 0.00046724434862969826
      },
      "mrr@20": 0.2705,
      "valid_result": {
        "hit@5": 0.3593,
        "hit@10": 0.424,
        "hit@20": 0.486,
        "ndcg@5": 0.2829,
        "ndcg@10": 0.3038,
        "ndcg@20": 0.3195,
        "mrr@5": 0.2575,
        "mrr@10": 0.2662,
        "mrr@20": 0.2705
      },
      "test_result": {
        "hit@5": 0.3619,
        "hit@10": 0.4274,
        "hit@20": 0.4892,
        "ndcg@5": 0.286,
        "ndcg@10": 0.3073,
        "ndcg@20": 0.3229,
        "mrr@5": 0.2608,
        "mrr@10": 0.2696,
        "mrr@20": 0.274
      },
      "best_hr@10": 0.424,
      "test_mrr@20": 0.274,
      "test_hr@10": 0.4274,
      "epochs_run": 32,
      "early_stop_epoch": 32,
      "early_stopped": true,
      "elapsed": 509.5,
      "status": "ok"
    }
  ],
  "run_group": "baseline",
  "run_axis": "stageh_targetedrecovery_anchor2_core5",
  "run_phase": "P23_SH_C11_MDUOREC_XFER_AMAZON_BEAUTY_FAD_H2_R1_C1_S1",
  "parent_result": "",
  "interrupted": false,
  "interrupted_at": null,
  "tuned_search": {
    "learning_rate": [
      0.00042963992376080586,
      0.0005960856979638886
    ]
  },
  "fixed_search": {
    "n_layers": 2,
    "n_heads": 2,
    "weight_decay": 0.00015,
    "hidden_dropout_prob": 0.12,
    "MAX_ITEM_LIST_LENGTH": 10,
    "num_layers": 2,
    "num_heads": 2,
    "dropout_ratio": 0.12,
    "dropout_prob": 0.12,
    "attn_dropout_prob": 0.12,
    "hidden_size": 128,
    "embedding_size": 128,
    "inner_size": 256,
    "time_span": 384,
    "num_experts": 6,
    "state_size": 24,
    "conv_kernel": 6,
    "remaining_ratio": 0.6
  },
  "context_fixed": {
    "num_layers": 2,
    "search_space_type_overrides": {
      "learning_rate": "loguniform",
      "weight_decay": "choice",
      "n_layers": "choice",
      "num_layers": "choice",
      "n_heads": "choice",
      "num_heads": "choice",
      "dropout_ratio": "choice",
      "dropout_prob": "choice",
      "hidden_dropout_prob": "choice",
      "attn_dropout_prob": "choice",
      "hidden_size": "choice",
      "embedding_size": "choice",
      "inner_size": "choice",
      "time_span": "choice",
      "num_experts": "choice",
      "state_size": "choice",
      "conv_kernel": "choice",
      "remaining_ratio": "choice",
      "MAX_ITEM_LIST_LENGTH": "choice"
    }
  },
  "best_params": {
    "learning_rate": 0.00045200051744886954
  },
  "best_mrr@20": 0.2708,
  "best_hr@10": 0.4243,
  "test_mrr@20": 0.2746,
  "test_hr@10": 0.4279,
  "best_valid_result": {
    "hit@5": 0.3613,
    "hit@10": 0.4243,
    "hit@20": 0.4855,
    "ndcg@5": 0.2839,
    "ndcg@10": 0.3043,
    "ndcg@20": 0.3197,
    "mrr@5": 0.2582,
    "mrr@10": 0.2666,
    "mrr@20": 0.2708
  },
  "test_result": {
    "hit@5": 0.3624,
    "hit@10": 0.4279,
    "hit@20": 0.4899,
    "ndcg@5": 0.2866,
    "ndcg@10": 0.3079,
    "ndcg@20": 0.3236,
    "mrr@5": 0.2614,
    "mrr@10": 0.2703,
    "mrr@20": 0.2746
  },
  "best_valid_special_metrics": {
    "split": "best_valid",
    "overall": {
      "count": 22961,
      "hit@20": 0.4854753712817386,
      "ndcg@20": 0.31973564193216664,
      "mrr@20": 0.2708192287694117
    },
    "slices": {
      "target_popularity_abs": {
        "rare_1_5": {
          "count": 20110,
          "hit@20": 0.45892590750870216,
          "ndcg@20": 0.2988823213746511,