{
  "split": "best_valid",
  "feature_mode": "runtime:unknown|ablation:none",
  "stages": [
    {
      "stage": "macro@1",
      "n_eff": 11.198098143288524,
      "cv_usage": 0.2676014820456063,
      "top1_max_frac": 0.36464702612562533,
      "entropy_mean": 2.375330225414582,
      "route_jitter_adjacent": 0.0,
      "route_consistency_knn_js": 0.007227956903010434,
      "route_consistency_knn_score": 0.9927981019555847,
      "route_consistency_group_knn_js": 0.003536869497860179,
      "route_consistency_group_knn_score": 0.9964693778575316,
      "route_consistency_intra_group_knn_mean_js": 0.003714493709649542,
      "route_consistency_intra_group_knn_mean_score": 0.9962932109756466,
      "route_consistency_feature_group_knn_mean_score": 0.9799179167493374,
      "family_top_expert_mean_share": 0.11037282645702362,
      "route_consistency_feature_group_knn_tempo_js": 0.02384536182705917,
      "route_consistency_feature_group_knn_tempo_score": 0.976436692469879,
      "route_consistency_feature_group_knn_focus_js": 0.02239014489385378,
      "route_consistency_feature_group_knn_focus_score": 0.9778586540593204,
      "route_consistency_feature_group_knn_memory_js": 0.02146300595295887,
      "route_consistency_feature_group_knn_memory_score": 0.9787656853032106,
      "route_consistency_feature_group_knn_exposure_js": 0.01347981062886202,
      "route_consistency_feature_group_knn_exposure_score": 0.9866106351649395
    }
  ]
}
