{
  "split": "best_valid",
  "feature_mode": "none",
  "stages": [
    {
      "stage": "macro@1",
      "n_eff": 8.151741818997658,
      "cv_usage": 0.6870792285109486,
      "top1_max_frac": 0.46477927900717503,
      "entropy_mean": 1.9722971456086245,
      "route_jitter_adjacent": 0.0,
      "route_consistency_knn_js": 0.012869919800606214,
      "route_consistency_knn_score": 0.987212543472907,
      "route_consistency_group_knn_js": 0.006008507562748686,
      "route_consistency_group_knn_score": 0.9940095074197055,
      "route_consistency_intra_group_knn_mean_js": 0.009682422410799892,
      "route_consistency_intra_group_knn_mean_score": 0.9903940758236917,
      "route_consistency_feature_group_knn_mean_score": 0.9679466126028015,
      "family_top_expert_mean_share": 0.22049158811569214,
      "route_consistency_feature_group_knn_tempo_js": 0.025031462028040286,
      "route_consistency_feature_group_knn_tempo_score": 0.9752792272832371,
      "route_consistency_feature_group_knn_focus_js": 0.03672570751208896,
      "route_consistency_feature_group_knn_focus_score": 0.9639405007288202,
      "route_consistency_feature_group_knn_memory_js": 0.03292029862489122,
      "route_consistency_feature_group_knn_memory_score": 0.9676156768158357,
      "route_consistency_feature_group_knn_exposure_js": 0.035677908895438336,
      "route_consistency_feature_group_knn_exposure_score": 0.9649510455833128
    }
  ]
}
