stage_name,stage_key,split,aggregation_level,node_kind,node_name,route_space,support_size,wrapper_name,source_type,temperature,top_k,entropy_norm,n_eff_norm,top1_monopoly_norm,jitter_adj_norm,knn_consistency_score,knn_consistency_js,n_eff,cv_usage,top1_max_frac,entropy_mean
macro,macro@1,best_valid,session,final,final.expert,expert,12,GroupConditionalProductWrapper,,,,0.7480172515135111,0.8978781513099743,0.27376907864712746,0.0,0.9791362333986423,0.02108449046521526,10.774537815719691,0.33724882903709064,0.33428832209320014,1.8587530424420668
macro,macro@1,best_valid,session,final,final.group,group,4,GroupConditionalProductWrapper,,,,0.7365293817821794,0.9687453301382914,0.1931781687879249,0.0,0.9899983539661696,0.010051998515318416,3.874981320553166,0.17961926758289337,0.39488362659094367,1.0210465287637545
macro,macro@1,best_valid,session,final,final.intra.Exposure,intra,3,GroupConditionalProductWrapper,,,,0.7310210765640827,0.7503288432474907,0.867235434308605,0.0,0.9881172119637108,0.011953952680114014,2.2509865297424723,0.5768439448820369,0.9114902895390701,0.8031087379886923
macro,macro@1,best_valid,session,final,final.intra.Focus,intra,3,GroupConditionalProductWrapper,,,,0.6239297126792838,0.8996985027240506,0.2984889204401399,0.0,0.9886540245457154,0.011410832074870694,2.6990955081721517,0.33389138180341177,0.5323259469600933,0.685456849614624
macro,macro@1,best_valid,session,final,final.intra.Memory,intra,3,GroupConditionalProductWrapper,,,,0.6576702592712995,0.8673335386742442,0.23653719385426705,0.0,0.9887026937229012,0.011361605572898632,2.6020006160227327,0.3910995553613239,0.4910247959028447,0.7225246287269915
macro,macro@1,best_valid,session,final,final.intra.Tempo,intra,3,GroupConditionalProductWrapper,,,,0.6062069086532036,0.9887218096069379,0.23783023173267076,0.0,0.9885102780636142,0.011556238789087297,2.9661654288208137,0.10680341076901716,0.49188682115511384,0.6659863593219157
