stage_name,stage_key,split,aggregation_level,node_kind,node_name,route_space,support_size,wrapper_name,source_type,temperature,top_k,entropy_norm,n_eff_norm,top1_monopoly_norm,jitter_adj_norm,knn_consistency_score,knn_consistency_js,n_eff,cv_usage,top1_max_frac,entropy_mean
macro,macro@1,best_valid,session,final,final.expert,expert,12,ScalarGroupConditionalProductWrapper,,,,0.9492421299038658,0.7854456643344235,0.9441876526512304,0.0,0.997020946569117,0.0029834996430865013,9.425347972013082,0.5226495110199001,0.9488386815969612,2.358778080857041
macro,macro@1,best_valid,session,final,final.group,group,4,ScalarGroupConditionalProductWrapper,,,,0.9827445277106621,0.9675007661132621,0.8533349160500666,0.0,0.9992025926999223,0.0007977253983926351,3.8700030644530483,0.1832779496908188,0.8900011870375499,1.362373197186721
macro,macro@1,best_valid,session,final,final.intra.Exposure,intra,3,ScalarGroupConditionalProductWrapper,,,,0.7505933051368326,0.6534317382552152,0.9679499861512284,0.0,0.9949401061928946,0.005072738416333238,1.9602952147656456,0.7282730123915371,0.978633324100819,0.8246110288153365
macro,macro@1,best_valid,session,final,final.intra.Focus,intra,3,ScalarGroupConditionalProductWrapper,,,,0.9837771369829127,0.9986961519024851,0.3587623155145808,0.0,0.9988311705046218,0.0011695131093101797,2.996088455707455,0.03613207009041101,0.5725082103430539,1.0807896520001583
macro,macro@1,best_valid,session,final,final.intra.Memory,intra,3,ScalarGroupConditionalProductWrapper,,,,0.9981344748837978,0.9980277946894623,0.7848494440707474,0.0,0.9997751516243815,0.00022487365780438174,2.994083384068387,0.0444534221454435,0.8565662960471649,1.096562799850631
macro,macro@1,best_valid,session,final,final.intra.Tempo,intra,3,ScalarGroupConditionalProductWrapper,,,,0.9729817520462424,0.9756251535570724,0.71095635658608,0.0,0.9987925043828765,0.0012082252273494156,2.926875460671217,0.15806274017504632,0.8073042377240534,1.0689297094478296
