best_mrr20,epoch,epoch_time_sec,eval,lr,patience_used,train_loss,trial,valid_mrr20
0.271,1,46.332401514053345,1,0.00056966,0,2223.3887691497803,1,0.271
0.344,3,45.31631851196289,1,0.00056966,0,1242.552351474762,1,0.344
0.373,7,44.10790419578552,1,0.00056966,0,803.0747272968292,1,0.373
0.373,10,43.20010805130005,1,0.00056966,3,709.5316622257233,1,0.3673
0.373,17,50.94224762916565,1,0.00056966,10,534.0228801965714,1,0.3438
