stage_name,stage_key,split,aggregation_level,node_kind,node_name,route_space,support_size,wrapper_name,source_type,temperature,top_k,entropy_norm,n_eff_norm,top1_monopoly_norm,jitter_adj_norm,knn_consistency_score,knn_consistency_js,n_eff,cv_usage,top1_max_frac,entropy_mean
macro,macro@1,best_valid,session,final,final.expert,expert,12,FlatJointWrapper,,,,0.6724199256424039,0.6954337159102176,0.20411275811841317,0.5161663016675001,0.8888693870298886,0.11780497548843508,8.345204590922611,0.6617792792188691,0.2704366949418787,1.6709007446787623
macro,macro@1,best_valid,session,final,final.group,group,4,FlatJointWrapper,,,,0.829145406085897,0.9369352464727302,0.30827521206409053,0.0,0.9575000700173736,0.04342948480214429,3.7477409858909208,0.25944089889526367,0.4812064090480679,1.149439601005341
macro,macro@1,best_valid,session,final,final.intra.Exposure,intra,3,FlatJointWrapper,,,,0.48299281713049563,0.7074917954969783,0.5352198003306786,0.0,0.9386091301877596,0.0633561482157329,2.122475386490935,0.6429962728912045,0.6901465335537857,0.5306218442379916
macro,macro@1,best_valid,session,final,final.intra.Focus,intra,3,FlatJointWrapper,,,,0.1930045760150333,0.873987652901916,0.2304702839578058,0.0,0.811342373578804,0.20906515170946396,2.621962958705748,0.3797116017427563,0.48698018930520387,0.2120371989792939
macro,macro@1,best_valid,session,final,final.intra.Memory,intra,3,FlatJointWrapper,,,,0.3028077605701639,0.6397359488309345,0.5697939369922727,0.0,0.8573511476384845,0.15390770377009952,1.9192078464928035,0.7504298463335679,0.7131959579948485,0.33266832686645276
macro,macro@1,best_valid,session,final,final.intra.Tempo,intra,3,FlatJointWrapper,,,,0.32944372853813003,0.5539993669226252,0.627641477337164,0.0,0.9485191050173771,0.05285334746160712,1.6619981007678755,0.8972492248639695,0.7517609848914427,0.3619309285966305
