stage_name,stage_key,split,aggregation_level,node_kind,node_name,route_space,support_size,wrapper_name,source_type,temperature,top_k,entropy_norm,n_eff_norm,top1_monopoly_norm,jitter_adj_norm,knn_consistency_score,knn_consistency_js,n_eff,cv_usage,top1_max_frac,entropy_mean
macro,macro@1,best_valid,session,final,final.expert,expert,12,GroupConditionalProductWrapper,,,,0.9246120312771295,0.9890321828355458,0.2946422524176587,0.0,0.9942109366383749,0.005805884941136885,11.86838619402655,0.10530733375825484,0.3534220647161871,2.2975745849945297
macro,macro@1,best_valid,session,final,final.group,group,4,GroupConditionalProductWrapper,,,,0.9211861932403204,0.9976027398074818,0.15121250562122035,0.0,0.9972463058642226,0.002757492526146777,3.9904109592299273,0.04902034252882004,0.36340937921591526,1.277035225230554
macro,macro@1,best_valid,session,final,final.intra.Exposure,intra,3,GroupConditionalProductWrapper,,,,0.8550277638137997,0.992006137031375,0.2714495701024907,0.0,0.9950902786678748,0.004921813609950761,2.976018411094125,0.08976821333860716,0.5142997134016605,0.9393440084782545
macro,macro@1,best_valid,session,final,final.intra.Focus,intra,3,GroupConditionalProductWrapper,,,,0.9928004389265717,0.9990701091712854,0.16124344750283576,0.0,0.9995388046015982,0.0004613017817098351,2.997210327513856,0.030508193209523166,0.4408289650018905,1.0907027623998249
macro,macro@1,best_valid,session,final,final.intra.Memory,intra,3,GroupConditionalProductWrapper,,,,0.9399350763121681,0.9922206866271552,0.53948949251287,0.0,0.9975204741258931,0.0024826049892706595,2.9766620598814657,0.08854658917286831,0.69299299500858,1.0326242253867455
macro,macro@1,best_valid,session,final,final.intra.Tempo,intra,3,GroupConditionalProductWrapper,,,,0.9329764350861798,0.9926501524515161,0.09682258421762684,0.0,0.9965365952326556,0.0034694162377526027,2.9779504573545483,0.08604717160199027,0.3978817228117512,1.024979376623442
