stage_name,stage_key,split,aggregation_level,node_kind,node_name,route_space,support_size,wrapper_name,source_type,temperature,top_k,entropy_norm,n_eff_norm,top1_monopoly_norm,jitter_adj_norm,knn_consistency_score,knn_consistency_js,n_eff,cv_usage,top1_max_frac,entropy_mean
macro,macro@1,best_valid,session,final,final.expert,expert,12,ScalarGroupConditionalProductWrapper,,,,0.9620681554518263,0.9713599561970181,0.24607772523721547,0.0,0.993076003448098,0.006948078643284724,11.656319474364217,0.1717102662709276,0.3089045814674475,2.390649557031519
macro,macro@1,best_valid,session,final,final.group,group,4,ScalarGroupConditionalProductWrapper,,,,0.9619210772136445,0.9809198719751462,0.2125387530141233,0.0,0.9955961979941391,0.0044135273046106375,3.9236794879005847,0.13946762681007385,0.4094040647605925,1.3335057651836462
macro,macro@1,best_valid,session,final,final.intra.Exposure,intra,3,ScalarGroupConditionalProductWrapper,,,,0.982415413257962,0.9711032350715348,0.8617809162934895,0.0,0.9995683699715473,0.0004317232075069399,2.9133097052146044,0.1725010373443056,0.9078539441956597,1.0792936455821565
macro,macro@1,best_valid,session,final,final.intra.Focus,intra,3,ScalarGroupConditionalProductWrapper,,,,0.9233461427400025,0.9870384406723082,0.46572511195315197,0.0,0.9949863575594844,0.0050262529130338865,2.9611153220169246,0.11459406868833098,0.6438167413021013,1.0143994191084653
macro,macro@1,best_valid,session,final,final.intra.Memory,intra,3,ScalarGroupConditionalProductWrapper,,,,0.9944142595264366,0.9950706175508933,0.5945142955563211,0.0,0.9992896217974161,0.0007106306407373276,2.98521185265268,0.07038305676331948,0.7296761970375474,1.0924757255425421
macro,macro@1,best_valid,session,final,final.intra.Tempo,intra,3,ScalarGroupConditionalProductWrapper,,,,0.9461073135359306,0.972220589995917,0.46753358594557354,0.0,0.9967872412344115,0.0032179307555730945,2.916661769987751,0.16903574633491794,0.6450223906303824,1.0394051210493456
