stage_name,stage_key,split,aggregation_level,node_kind,node_name,route_space,support_size,wrapper_name,source_type,temperature,top_k,entropy_norm,n_eff_norm,top1_monopoly_norm,jitter_adj_norm,knn_consistency_score,knn_consistency_js,n_eff,cv_usage,top1_max_frac,entropy_mean
mid,mid@1,best_valid,session,final,final.expert,expert,20,FlatJointWrapper,,,,0.5343116221669165,0.33853053167294017,0.45012777936155185,0.5645564668923957,0.9689266837450518,0.03156633172367929,6.770610633458803,1.3978351444328554,0.47762139039347423,1.6006545706604178
mid,mid@1,best_valid,session,final,final.group,group,4,FlatJointWrapper,,,,0.6660129437913287,0.8049790699499909,0.4435204388690888,0.0,0.9896560283963707,0.01039784229114195,3.2199162797999636,0.49220761610314945,0.5826403291518166,0.9232899884107776
mid,mid@1,best_valid,session,final,final.intra.Exposure,intra,5,FlatJointWrapper,,,,0.5531288826872636,0.8056449644656656,0.23021442298872172,0.0,0.9805200600980138,0.019672174505540877,4.028224822328328,0.49116331352050135,0.3841715383909774,0.8902265942591958
mid,mid@1,best_valid,session,final,final.intra.Focus,intra,5,FlatJointWrapper,,,,0.47275991455408295,0.548847062252709,0.5486495647329668,0.0,0.9768447492042833,0.02342754519128465,2.744235311263545,0.9066428109013616,0.6389196517863734,0.7608777299624468
mid,mid@1,best_valid,session,final,final.intra.Memory,intra,5,FlatJointWrapper,,,,0.6442404225165345,0.9604236640604125,0.0795964802770674,0.0,0.9828345261188468,0.017314508591112686,4.802118320302062,0.20299560669038336,0.2636771842216539,1.036864960720674
mid,mid@1,best_valid,session,final,final.intra.Tempo,intra,5,FlatJointWrapper,,,,0.5335434314334412,0.6863503258455006,0.4123195895893879,0.0,0.9812588806297314,0.018918959603179613,3.4317516292275028,0.6760043550133056,0.5298556716715104,0.858705026479164
