stage_name,stage_key,split,aggregation_level,node_kind,node_name,route_space,support_size,wrapper_name,source_type,temperature,top_k,entropy_norm,n_eff_norm,top1_monopoly_norm,jitter_adj_norm,knn_consistency_score,knn_consistency_js,n_eff,cv_usage,top1_max_frac,entropy_mean
macro,macro@1,best_valid,session,final,final.expert,expert,20,FlatJointWrapper,,,,0.9055630408800439,0.7446813251490608,0.4569507151201339,0.6541654044229022,0.9811972535256507,0.018981765699100414,14.893626502981217,0.5855394940056718,0.48410317936412717,2.7128244273020394
macro,macro@1,best_valid,session,final,final.group,group,4,FlatJointWrapper,,,,0.9643171726148225,0.9654149176407006,0.44291141771645676,0.0,0.9958397662090696,0.004168911639810733,3.8616596705628026,0.1892724186182022,0.5821835632873426,1.3368274587270046
macro,macro@1,best_valid,session,final,final.intra.Exposure,intra,5,FlatJointWrapper,,,,0.8431382729536822,0.7501648691543215,0.7079334133173365,0.0,0.985419907986927,0.014687426126354182,3.7508243457716075,0.5770963344410608,0.7663467306538693,1.3569787019158668
macro,macro@1,best_valid,session,final,final.intra.Focus,intra,5,FlatJointWrapper,,,,0.8714474933239544,0.8250895398981376,0.39562087582483507,0.0,0.9845326086423637,0.015588259417590294,4.125447699490688,0.4604236281486251,0.5164967006598681,1.4025406344512348
macro,macro@1,best_valid,session,final,final.intra.Memory,intra,5,FlatJointWrapper,,,,0.9484526554927747,0.9853841605955221,0.19647320535892818,0.0,0.9889273954414207,0.011134362145811191,4.926920802977611,0.12178893950896055,0.35717856428714256,1.5264756618988702
macro,macro@1,best_valid,session,final,final.intra.Tempo,intra,5,FlatJointWrapper,,,,0.8058699082984356,0.7064913452029258,0.34031943611277743,0.0,0.9848024571745831,0.0153142090149013,3.5324567260146287,0.6445506119049994,0.472255548890222,1.296997582905294
