stage_name,stage_key,split,aggregation_level,node_kind,node_name,route_space,support_size,wrapper_name,source_type,temperature,top_k,entropy_norm,n_eff_norm,top1_monopoly_norm,jitter_adj_norm,knn_consistency_score,knn_consistency_js,n_eff,cv_usage,top1_max_frac,entropy_mean
macro,macro@1,best_valid,session,final,final.expert,expert,8,ScalarGroupConditionalProductWrapper,,,,0.79852000879765,0.948541079266076,0.30812179664190414,0.0,0.9886209468374418,0.011444289948717549,7.588328634128608,0.23291772603988647,0.3946065720616661,1.6604756781563812
macro,macro@1,best_valid,session,final,final.group,group,4,ScalarGroupConditionalProductWrapper,,,,0.9652435688902316,0.9942999026396346,0.1888485534235381,0.0,0.9984424454148771,0.0015587688342689975,3.9771996105585385,0.07571501284837723,0.39163641506765356,1.3381117166597667
macro,macro@1,best_valid,session,final,final.intra.Exposure,intra,2,ScalarGroupConditionalProductWrapper,,,,0.49930553491081003,0.930320516993588,0.20446937909575214,0.0,0.9956384911738142,0.004371047952566836,1.860641033987176,0.27367570996284485,0.6022346895478761,0.3460922237614033
macro,macro@1,best_valid,session,final,final.intra.Focus,intra,2,ScalarGroupConditionalProductWrapper,,,,0.7546293159449401,0.974450636349834,0.10282400641176759,0.0,0.9730400843943846,0.02733000093926168,1.948901272699668,0.16192322969436646,0.5514120032058838,0.5230691827151154
macro,macro@1,best_valid,session,final,final.intra.Memory,intra,2,ScalarGroupConditionalProductWrapper,,,,0.04986825245107325,0.9598974352754133,0.21767007684691908,0.0,0.9999017874741585,9.821734900744457e-05,1.9197948705508265,0.20439645648002625,0.6088350384234595,0.034566038585913006
macro,macro@1,best_valid,session,final,final.intra.Tempo,intra,2,ScalarGroupConditionalProductWrapper,,,,0.4786522198234928,0.8873150331349219,0.40012257790768935,0.0,0.9934813827203754,0.006539956249512674,1.7746300662698438,0.35636427998542786,0.7000612889538447,0.3317764366394132
