best_mrr20,epoch,epoch_time_sec,eval,lr,patience_used,train_loss,trial,valid_mrr20
0.0141,1,22.682191133499146,1,0.0007998187552579467,0,665.4346389770508,1,0.0141
0.0177,3,21.486483097076416,1,0.0007983698921263105,0,559.5107221603394,1,0.0177
0.0187,8,21.071306705474854,1,0.0007884615325026883,0,491.085702419281,1,0.0187
0.0187,10,20.942270278930664,1,0.0007820256023867403,2,469.7134790420532,1,0.0181
0.0187,18,21.472473621368408,1,0.0007428512718192252,10,386.3093972206116,1,0.0165
