{
  "split": "best_valid",
  "feature_mode": "none",
  "stage_metrics": {
    "macro@1": {
      "mode": "moe",
      "n_slots": 4,
      "expert_names": [
        "Tempo",
        "Focus",
        "Memory",
        "Exposure"
      ],
      "family_names": [
        "Tempo",
        "Focus",
        "Memory",
        "Exposure"
      ],
      "usage_sum": [
        7253.0283203125,
        6459.7314453125,
        7408.87060546875,
        7167.36962890625
      ],
      "top1_count": [
        7253.0,
        4510.0,
        8839.0,
        7687.0
      ],
      "entropy_mean": 1.3401177425965038,
      "route_jitter_adjacent": 0.608343458890239,
      "route_jitter_session": 0.4432454782413097,
      "route_consistency_knn_js": 0.0057157215458646556,
      "route_consistency_knn_score": 0.9943005821133485,
      "route_consistency_group_knn_js": 0.0057157215458646556,
      "route_consistency_group_knn_score": 0.9943005821133485,
      "route_consistency_intra_group_knn": {
        "group_names": [
          "Tempo",
          "Focus",
          "Memory",
          "Exposure"
        ],
        "js_by_group": [
          0.0,
          0.0,
          0.0,
          0.0
        ],
        "score_by_group": [
          1.0,
          1.0,
          1.0,
          1.0
        ],
        "mean_js": 0.0,
        "mean_score": 1.0
      },
      "route_consistency_feature_group_knn": {
        "group_names": [
          "Tempo",
          "Focus",
          "Memory",
          "Exposure"
        ],
        "js_by_group": [
          0.0071710627355254936,
          0.006838464909177517,
          0.006974996411492342,
          0.00694168697101734
        ],
        "score_by_group": [
          0.9928545879839236,
          0.993184864183295,
          0.9930492724181961,
          0.993082350884734
        ],
        "mean_js": 0.0069815527568031725,
        "mean_score": 0.9930427688675372
      },
      "condition_norm": 0.0,
      "stage_delta_norm": 8.15020622047791,
      "shared_delta_norm": 9.162803035565435,
      "moe_delta_norm": 8.15020622047791,
      "residual_delta_norm": 8.15020622047791,
      "alpha_value": 1.0,
      "alpha_effective": 1.0,
      "usage_share": [
        0.25639042258262634,
        0.22834782302379608,
        0.26189935207366943,
        0.25336241722106934
      ],
      "n_eff": 3.9894269775670446,
      "cv_usage": 0.05148027464747429,
      "dead_expert_frac": 0.0,
      "top1_max_frac": 0.31245360387429744,
      "wrapper_name": "FlatJointWrapper",
      "feature_family_expert_heatmap": {
        "family_names": [
          "Tempo",
          "Focus",
          "Memory",
          "Exposure"
        ],
        "values": [
          [
            4816.9150390625,
            4305.5732421875,
            4946.2587890625,
            4754.0166015625
          ],
          [
            4388.4375,
            3904.810302734375,
            4475.63330078125,
            4324.38134765625
          ],
          [
            1933.9580078125,
            1726.3031005859375,
            1977.638916015625,
            1918.5770263671875
          ],
          [
            5135.21630859375,
            4538.03125,
            5186.5654296875,
            5058.97998046875
          ]
        ]
      },
      "position_expert_usage": {
        "values": [
          [
            614.0,
            375.0,
            1439.0,
            1171.0
          ],
          [
            923.0,
            531.0,
            1316.0,
            751.0
          ],
          [
            830.0,
            580.0,
            890.0,
            1144.0
          ],
          [
            887.0,
            447.0,
            1133.0,
            857.0
          ],
          [
            711.0,
            475.0,
            847.0,
            960.0
          ],
          [
            782.0,
            327.0,
            989.0,
            611.0
          ],
          [
            715.0,
            449.0,
            592.0,
            710.0
          ],
          [
            598.0,
            559.0,
            574.0,
            538.0
          ],
          [
            580.0,
            457.0,
            567.0,
            480.0
          ],
          [
            613.0,
            310.0,
            492.0,
            465.0
          ]
        ]
      },
      "route_transition_matrix": {
        "values": [
          [
            2494.0,
            983.0,
            1384.0,
            1374.0
          ],
          [
            985.0,
            1151.0,
            954.0,
            832.0
          ],
          [
            1619.0,
            1070.0,
            3403.0,
            1688.0
          ],
          [
            1541.0,
            931.0,
            1659.0,
            2622.0
          ]
        ]
      },
      "group_routing": {
        "group_names": [
          "Tempo",
          "Focus",
          "Memory",
          "Exposure"
        ],
        "group_share": [
          0.25639042258262634,
          0.22834782302379608,
          0.26189935207366943,
          0.25336241722106934
        ],
        "group_n_eff": 3.9894269775670446,
        "group_cv_usage": 0.051480272878260985,
        "group_top1_max_frac": 0.31245360387429744,
        "group_entropy_mean": 1.3401177425965038,
        "group_prior_mean": [
          0.0,
          0.0,
          0.0,
          0.0
        ],
        "factored_group_entropy_mean": 0.0
      },
      "specialization_summary": {
        "mean_top_expert_share": 0.26167920231819153,
        "family_top_expert": [
          {
            "family": "Tempo",
            "expert": "Memory",
            "top_share": 0.26278069615364075
          },
          {
            "family": "Focus",
            "expert": "Memory",
            "top_share": 0.26183611154556274
          },
          {
            "family": "Memory",
            "expert": "Memory",
            "top_share": 0.2617143988609314
          },
          {
            "family": "Exposure",
            "expert": "Memory",
            "top_share": 0.26038554310798645
          }
        ]
      },
      "expert_similarity_mean": 0.37402939796447754,
      "expert_similarity_max": 0.4446176290512085
    }
  },
  "scalar_metrics": {
    "macro_1.entropy_mean": 1.3401177425965038,
    "macro_1.n_eff": 3.9894269775670446,
    "macro_1.cv_usage": 0.05148027464747429,
    "macro_1.dead_expert_frac": 0.0,
    "macro_1.top1_max_frac": 0.31245360387429744,
    "macro_1.route_jitter_adjacent": 0.608343458890239,
    "macro_1.route_jitter_session": 0.4432454782413097,
    "macro_1.route_consistency_knn_js": 0.0057157215458646556,
    "macro_1.route_consistency_knn_score": 0.9943005821133485,
    "macro_1.route_consistency_group_knn_js": 0.0057157215458646556,
    "macro_1.route_consistency_group_knn_score": 0.9943005821133485,
    "macro_1.route_consistency_intra_group_knn_mean_js": 0.0,
    "macro_1.route_consistency_intra_group_knn_mean_score": 1.0,
    "macro_1.route_consistency_feature_group_knn_mean_js": 0.0069815527568031725,
    "macro_1.route_consistency_feature_group_knn_mean_score": 0.9930427688675372,
    "macro_1.route_consistency_feature_group_knn_tempo_js": 0.0071710627355254936,
    "macro_1.route_consistency_feature_group_knn_tempo_score": 0.9928545879839236,
    "macro_1.route_consistency_feature_group_knn_focus_js": 0.006838464909177517,
    "macro_1.route_consistency_feature_group_knn_focus_score": 0.993184864183295,
    "macro_1.route_consistency_feature_group_knn_memory_js": 0.006974996411492342,
    "macro_1.route_consistency_feature_group_knn_memory_score": 0.9930492724181961,
    "macro_1.route_consistency_feature_group_knn_exposure_js": 0.00694168697101734,
    "macro_1.route_consistency_feature_group_knn_exposure_score": 0.993082350884734,
    "macro_1.condition_norm": 0.0,
    "macro_1.stage_delta_norm": 8.15020622047791,
    "macro_1.shared_delta_norm": 9.162803035565435,