{
  "split": "best_valid",
  "feature_mode": "runtime:unknown|ablation:none",
  "stages": [
    {
      "stage": "macro@1",
      "n_eff": 17.055083821272607,
      "cv_usage": 0.4155369041035041,
      "top1_max_frac": 0.42046590681863627,
      "entropy_mean": 2.8316659910205457,
      "route_jitter_adjacent": 0.7580127234171463,
      "route_consistency_knn_js": 0.010458521857947137,
      "route_consistency_knn_score": 0.9895959783192062,
      "route_consistency_group_knn_js": 0.0013761650531351243,
      "route_consistency_group_knn_score": 0.9986247814277706,
      "route_consistency_intra_group_knn_mean_js": 0.009204159671492358,
      "route_consistency_intra_group_knn_mean_score": 0.9908389423694373,
      "route_consistency_feature_group_knn_mean_score": 0.9863440166248473,
      "family_top_expert_mean_share": 0.09864314645528793,
      "route_consistency_feature_group_knn_tempo_js": 0.013758451947487229,
      "route_consistency_feature_group_knn_tempo_score": 0.9863357629737408,
      "route_consistency_feature_group_knn_focus_js": 0.013972886121760236,
      "route_consistency_feature_group_knn_focus_score": 0.9861242815540837,
      "route_consistency_feature_group_knn_memory_js": 0.015127953341021542,
      "route_consistency_feature_group_knn_memory_score": 0.9849858993029209,
      "route_consistency_feature_group_knn_exposure_js": 0.012143309779356602,
      "route_consistency_feature_group_knn_exposure_score": 0.9879301226686438
    }
  ]
}
