{
  "split": "best_valid",
  "feature_mode": "none",
  "stages": [
    {
      "stage": "macro@1",
      "n_eff": 11.917348212838101,
      "cv_usage": 0.08327916202607268,
      "top1_max_frac": 0.3476574790186509,
      "entropy_mean": 2.468422337911304,
      "route_jitter_adjacent": 0.0,
      "route_consistency_knn_js": 0.0004723004233405854,
      "route_consistency_knn_score": 0.9995278110929473,
      "route_consistency_group_knn_js": 0.0003909615645978833,
      "route_consistency_group_knn_score": 0.9996091148509157,
      "route_consistency_intra_group_knn_mean_js": 8.901760874079987e-05,
      "route_consistency_intra_group_knn_mean_score": 0.9999109882808088,
      "route_consistency_feature_group_knn_mean_score": 0.9983465180391372,
      "family_top_expert_mean_share": 0.09253768622875214,
      "route_consistency_feature_group_knn_tempo_js": 0.0017486755046617981,
      "route_consistency_feature_group_knn_tempo_score": 0.9982528525375354,
      "route_consistency_feature_group_knn_focus_js": 0.0016955025648418892,
      "route_consistency_feature_group_knn_focus_score": 0.9983059339876243,
      "route_consistency_feature_group_knn_memory_js": 0.0014309528880736935,
      "route_consistency_feature_group_knn_memory_score": 0.9985700704368421,
      "route_consistency_feature_group_knn_exposure_js": 0.0017443052216545385,
      "route_consistency_feature_group_knn_exposure_score": 0.9982572151945468
    }
  ]
}
