best_mrr20,epoch,epoch_time_sec,eval,lr,patience_used,train_loss,trial,valid_mrr20
0.0108,1,16.994031190872192,1,0.0005476,0,695.6514091491699,1,0.0108
0.0161,3,16.640872478485107,1,0.0005476,0,601.8989143371582,1,0.0161
0.0171,10,16.21053194999695,1,0.0005476,2,516.427568435669,1,0.0168
0.019,19,16.200406789779663,1,0.0005476,0,472.20018672943115,1,0.019
0.019,29,16.016273260116577,1,0.0005476,10,437.6271319389343,1,0.0183
