stage_name,stage_key,split,aggregation_level,node_kind,node_name,route_space,support_size,wrapper_name,source_type,temperature,top_k,entropy_norm,n_eff_norm,top1_monopoly_norm,jitter_adj_norm,knn_consistency_score,knn_consistency_js,n_eff,cv_usage,top1_max_frac,entropy_mean
macro,macro@1,best_valid,session,final,final.expert,expert,16,FlatJointWrapper,,,,0.8593052611232436,0.9645892168857572,0.11041978263037192,0.7879234167893961,0.9460359037865881,0.05547475738768753,15.433427470172115,0.19160057604312897,0.16601854621597367,2.3825000759516155
macro,macro@1,best_valid,session,final,final.group,group,4,FlatJointWrapper,,,,0.9238849315206166,0.9917486768480236,0.1341110778741649,0.0,0.9862952285906953,0.013799548719488262,3.9669947073920944,0.09121444821357727,0.3505833084056237,1.280776470890667
macro,macro@1,best_valid,session,final,final.intra.Exposure,intra,4,FlatJointWrapper,,,,0.8566191981152131,0.9885522212471236,0.18635955728387676,0.0,0.972227005346511,0.028165957193815726,3.9542088849884944,0.10761205106973648,0.3897696679629076,1.1875263639741624
macro,macro@1,best_valid,session,final,final.intra.Focus,intra,4,FlatJointWrapper,,,,0.8083097849149682,0.9655200355057264,0.11536544022335231,0.0,0.9656038599098717,0.03500161178564531,3.8620801420229056,0.1889739109308826,0.33652408016751423,1.120555296865652
macro,macro@1,best_valid,session,final,final.intra.Memory,intra,4,FlatJointWrapper,,,,0.7973252580460297,0.9640049318356102,0.12613421078871276,0.0,0.9632244735721538,0.03746879614140999,3.856019727342441,0.19323322176933289,0.34460065809153456,1.1053275092076726
macro,macro@1,best_valid,session,final,final.intra.Tempo,intra,4,FlatJointWrapper,,,,0.8071707842031022,0.9833764222932204,0.14089141489679932,0.0,0.9603767809424442,0.04042959137206253,3.9335056891728817,0.13001831650843124,0.3556685611725995,1.1189763066014806
