{
  "split": "best_valid",
  "feature_mode": "runtime:unknown|ablation:none",
  "stages": [
    {
      "stage": "macro@1",
      "n_eff": 7.8262088087914385,
      "cv_usage": 0.1490176557909045,
      "top1_max_frac": 0.4621085788400964,
      "entropy_mean": 2.0238653454754956,
      "route_jitter_adjacent": 0.0,
      "route_consistency_knn_js": 0.004931791485162507,
      "route_consistency_knn_score": 0.9950803498307842,
      "route_consistency_group_knn_js": 0.003838541493893855,
      "route_consistency_group_knn_score": 0.9961688162891105,
      "route_consistency_intra_group_knn_mean_js": 0.0011966454409920882,
      "route_consistency_intra_group_knn_mean_score": 0.9988046174917876,
      "route_consistency_feature_group_knn_mean_score": 0.9875181862454878,
      "family_top_expert_mean_share": 0.16131025552749634,
      "route_consistency_feature_group_knn_tempo_js": 0.009039879108588033,
      "route_consistency_feature_group_knn_tempo_score": 0.9910008577540402,
      "route_consistency_feature_group_knn_focus_js": 0.015707869847088815,
      "route_consistency_feature_group_knn_focus_score": 0.984414855316592,
      "route_consistency_feature_group_knn_memory_js": 0.014286939889085587,
      "route_consistency_feature_group_knn_memory_score": 0.9858146341339251,
      "route_consistency_feature_group_knn_exposure_js": 0.011220315186827923,
      "route_consistency_feature_group_knn_exposure_score": 0.9888423977773939
    }
  ]
}
