{
  "model": "DuoRec",
  "dataset": "retail_rocket",
  "dataset_raw": "retail_rocket",
  "max_evals": 6,
  "tune_epochs": 42,
  "n_completed": 6,
  "n_recorded_trials": 6,
  "timestamp": "2026-04-08T08:22:47.145987",
  "trials": [
    {
      "trial": 1,
      "params": {
        "learning_rate": 0.0007076097984227573
      },
      "mrr@20": 0.2668,
      "valid_result": {
        "hit@5": 0.3589,
        "hit@10": 0.4263,
        "hit@20": 0.4918,
        "ndcg@5": 0.2795,
        "ndcg@10": 0.3014,
        "ndcg@20": 0.318,
        "mrr@5": 0.2531,
        "mrr@10": 0.2622,
        "mrr@20": 0.2668
      },
      "test_result": {
        "hit@5": 0.3609,
        "hit@10": 0.4282,
        "hit@20": 0.4919,
        "ndcg@5": 0.2812,
        "ndcg@10": 0.303,
        "ndcg@20": 0.3192,
        "mrr@5": 0.2548,
        "mrr@10": 0.2638,
        "mrr@20": 0.2683
      },
      "best_hr@10": 0.4263,
      "test_mrr@20": 0.2683,
      "test_hr@10": 0.4282,
      "epochs_run": 12,
      "early_stop_epoch": 12,
      "early_stopped": true,
      "elapsed": 249.5,
      "status": "ok"
    },
    {
      "trial": 2,
      "params": {
        "learning_rate": 0.0004723837939160403
      },
      "mrr@20": 0.2695,
      "valid_result": {
        "hit@5": 0.3639,
        "hit@10": 0.4274,
        "hit@20": 0.4902,
        "ndcg@5": 0.2833,
        "ndcg@10": 0.3039,
        "ndcg@20": 0.3199,
        "mrr@5": 0.2565,
        "mrr@10": 0.2651,
        "mrr@20": 0.2695
      },
      "test_result": {
        "hit@5": 0.3628,
        "hit@10": 0.4316,
        "hit@20": 0.4926,
        "ndcg@5": 0.2832,
        "ndcg@10": 0.3055,
        "ndcg@20": 0.321,
        "mrr@5": 0.2568,
        "mrr@10": 0.266,
        "mrr@20": 0.2703
      },
      "best_hr@10": 0.4274,
      "test_mrr@20": 0.2703,
      "test_hr@10": 0.4316,
      "epochs_run": 15,
      "early_stop_epoch": 15,
      "early_stopped": true,
      "elapsed": 344.5,
      "status": "ok"
    },
    {
      "trial": 3,
      "params": {
        "learning_rate": 0.0005888639607848488
      },
      "mrr@20": 0.2663,
      "valid_result": {
        "hit@5": 0.3584,
        "hit@10": 0.4261,
        "hit@20": 0.4907,
        "ndcg@5": 0.2791,
        "ndcg@10": 0.301,
        "ndcg@20": 0.3174,
        "mrr@5": 0.2528,
        "mrr@10": 0.2618,
        "mrr@20": 0.2663
      },
      "test_result": {
        "hit@5": 0.3598,
        "hit@10": 0.4273,
        "hit@20": 0.4933,
        "ndcg@5": 0.28,
        "ndcg@10": 0.3018,
        "ndcg@20": 0.3185,
        "mrr@5": 0.2534,
        "mrr@10": 0.2624,
        "mrr@20": 0.2671
      },
      "best_hr@10": 0.4261,
      "test_mrr@20": 0.2671,
      "test_hr@10": 0.4273,
      "epochs_run": 12,
      "early_stop_epoch": 12,
      "early_stopped": true,
      "elapsed": 266.6,
      "status": "ok"
    },
    {
      "trial": 4,
      "params": {
        "learning_rate": 0.0006379266469308567
      },
      "mrr@20": 0.2673,
      "valid_result": {
        "hit@5": 0.358,
        "hit@10": 0.4269,
        "hit@20": 0.4923,
        "ndcg@5": 0.2796,
        "ndcg@10": 0.3019,
        "ndcg@20": 0.3184,
        "mrr@5": 0.2535,
        "mrr@10": 0.2627,
        "mrr@20": 0.2673
      },
      "test_result": {
        "hit@5": 0.3588,
        "hit@10": 0.4268,
        "hit@20": 0.4934,
        "ndcg@5": 0.2804,
        "ndcg@10": 0.3025,
        "ndcg@20": 0.3194,
        "mrr@5": 0.2544,
        "mrr@10": 0.2635,
        "mrr@20": 0.2682
      },
      "best_hr@10": 0.4269,
      "test_mrr@20": 0.2682,
      "test_hr@10": 0.4268,
      "epochs_run": 12,
      "early_stop_epoch": 12,
      "early_stopped": true,
      "elapsed": 257.7,
      "status": "ok"
    },
    {
      "trial": 5,
      "params": {
        "learning_rate": 0.0007612323189129461
      },
      "mrr@20": 0.2661,
      "valid_result": {
        "hit@5": 0.36,
        "hit@10": 0.4254,
        "hit@20": 0.4894,
        "ndcg@5": 0.2796,
        "ndcg@10": 0.3008,
        "ndcg@20": 0.317,
        "mrr@5": 0.2528,
        "mrr@10": 0.2616,
        "mrr@20": 0.2661
      },
      "test_result": {
        "hit@5": 0.3601,
        "hit@10": 0.4272,
        "hit@20": 0.4905,
        "ndcg@5": 0.2796,
        "ndcg@10": 0.3013,
        "ndcg@20": 0.3174,
        "mrr@5": 0.2528,
        "mrr@10": 0.2618,
        "mrr@20": 0.2662
      },
      "best_hr@10": 0.4254,
      "test_mrr@20": 0.2662,
      "test_hr@10": 0.4272,
      "epochs_run": 12,
      "early_stop_epoch": 12,
      "early_stopped": true,
      "elapsed": 271.9,
      "status": "ok"
    },
    {
      "trial": 6,
      "params": {
        "learning_rate": 0.00037490053386261384
      },
      "mrr@20": 0.2718,
      "valid_result": {
        "hit@5": 0.3646,
        "hit@10": 0.4308,
        "hit@20": 0.4921,
        "ndcg@5": 0.2851,
        "ndcg@10": 0.3065,
        "ndcg@20": 0.3221,
        "mrr@5": 0.2586,
        "mrr@10": 0.2675,
        "mrr@20": 0.2718
      },
      "test_result": {
        "hit@5": 0.3666,
        "hit@10": 0.4345,
        "hit@20": 0.4973,
        "ndcg@5": 0.2858,
        "ndcg@10": 0.3078,
        "ndcg@20": 0.3237,
        "mrr@5": 0.2589,
        "mrr@10": 0.268,
        "mrr@20": 0.2724
      },
      "best_hr@10": 0.4308,
      "test_mrr@20": 0.2724,
      "test_hr@10": 0.4345,
      "epochs_run": 16,
      "early_stop_epoch": 16,
      "early_stopped": true,
      "elapsed": 378.4,
      "status": "ok"
    }
  ],
  "run_group": "baseline",
  "run_axis": "stageg_cross6x9_anchor2_core5",
  "run_phase": "P22_SG_D05_M04_C01_DUOREC_XFER_FOURSQUARE_FAD_H2_R1_C2_S2",
  "parent_result": "",
  "interrupted": false,
  "interrupted_at": null,
  "tuned_search": {
    "learning_rate": [
      0.00035241175764498637,
      0.0007980093035782032
    ]
  },
  "fixed_search": {
    "n_layers": 2,
    "n_heads": 2,
    "weight_decay": 0.00015,
    "hidden_dropout_prob": 0.12,
    "MAX_ITEM_LIST_LENGTH": 5,
    "num_layers": 2,
    "num_heads": 2,
    "dropout_ratio": 0.12,
    "dropout_prob": 0.12,
    "attn_dropout_prob": 0.12,
    "hidden_size": 128,
    "embedding_size": 128,
    "inner_size": 256,
    "time_span": 384,
    "num_experts": 6,
    "state_size": 24,
    "conv_kernel": 6,
    "remaining_ratio": 0.6
  },
  "context_fixed": {
    "num_layers": 2,
    "search_space_type_overrides": {
      "learning_rate": "loguniform",
      "weight_decay": "choice",
      "n_layers": "choice",
      "num_layers": "choice",
      "n_heads": "choice",
      "num_heads": "choice",
      "dropout_ratio": "choice",
      "dropout_prob": "choice",
      "hidden_dropout_prob": "choice",
      "attn_dropout_prob": "choice",
      "hidden_size": "choice",
      "embedding_size": "choice",
      "inner_size": "choice",
      "time_span": "choice",
      "num_experts": "choice",
      "state_size": "choice",
      "conv_kernel": "choice",
      "remaining_ratio": "choice",
      "MAX_ITEM_LIST_LENGTH": "choice"
    }
  },
  "best_params": {
    "learning_rate": 0.00037490053386261384
  },
  "best_mrr@20": 0.2718,
  "best_hr@10": 0.4308,
  "test_mrr@20": 0.2724,
  "test_hr@10": 0.4345,
  "best_valid_result": {
    "hit@5": 0.3646,
    "hit@10": 0.4308,
    "hit@20": 0.4921,
    "ndcg@5": 0.2851,
    "ndcg@10": 0.3065,
    "ndcg@20": 0.3221,
    "mrr@5": 0.2586,
    "mrr@10": 0.2675,
    "mrr@20": 0.2718
  },
  "test_result": {
    "hit@5": 0.3666,
    "hit@10": 0.4345,
    "hit@20": 0.4973,
    "ndcg@5": 0.2858,
    "ndcg@10": 0.3078,
    "ndcg@20": 0.3237,
    "mrr@5": 0.2589,
    "mrr@10": 0.268,
    "mrr@20": 0.2724
  },
  "best_valid_special_metrics": {
    "split": "best_valid",
    "overall": {
      "count": 22961,
      "hit@20": 0.49213884412699793,
      "ndcg@20": 0.32205843813657337,
      "mrr@20": 0.2718069183891539
    },
    "slices": {
      "target_popularity_abs": {
        "rare_1_5": {
          "count": 20110,
          "hit@20": 0.4648930880159125,
          "ndcg@20": 0.3009896623249495,