stage_name,stage_key,split,aggregation_level,node_kind,node_name,route_space,support_size,wrapper_name,source_type,temperature,top_k,entropy_norm,n_eff_norm,top1_monopoly_norm,jitter_adj_norm,knn_consistency_score,knn_consistency_js,n_eff,cv_usage,top1_max_frac,entropy_mean
macro,macro@1,best_valid,session,final,final.expert,expert,12,FlatJointWrapper,,,,0.9851864630997923,0.9984894894071877,0.07826235969497046,0.6166301667500129,0.9866645951382782,0.013425119856360048,11.981873872886252,0.03889464191661352,0.15507382972038958,2.4480963934377944
macro,macro@1,best_valid,session,final,final.group,group,4,FlatJointWrapper,,,,0.9934339132590538,0.9998803281963456,0.09520996963032775,0.0,0.9966263949704572,0.0033793084660311643,3.9995213127853826,0.010938006080626717,0.3214074772227458,1.3771918320962928
macro,macro@1,best_valid,session,final,final.intra.Exposure,intra,3,FlatJointWrapper,,,,0.9784552082856931,0.9996060195681813,0.09472196041470309,0.0,0.9912295014749174,0.00880918571735153,2.998818058704544,0.019854055591551793,0.3964813069431354,1.0749429157339774
macro,macro@1,best_valid,session,final,final.intra.Focus,intra,3,FlatJointWrapper,,,,0.9746544712448538,0.9975728438207648,0.14657869934024503,0.0,0.9903010390959077,0.009746302181566266,2.9927185314622946,0.0493255708567628,0.43105246622683,1.0707673793149153
macro,macro@1,best_valid,session,final,final.intra.Memory,intra,3,FlatJointWrapper,,,,0.9713372312106499,0.9987530481384496,0.13607917059377947,0.0,0.9879821771849072,0.012090620683510274,2.996259144415349,0.03533452923343989,0.424052780395853,1.067123018648877
macro,macro@1,best_valid,session,final,final.intra.Tempo,intra,3,FlatJointWrapper,,,,0.9772038427087414,0.9986234804029585,0.06906691800188504,0.0,0.991008529167523,0.009032138062018302,2.9958704412088752,0.03712679521361604,0.37937794533459,1.073568150133522
