best_mrr20,epoch,epoch_time_sec,eval,lr,patience_used,train_loss,trial,valid_mrr20
0.0332,1,8.975741624832153,1,0.00095164,0,407.9174175262451,1,0.0332
0.1556,3,8.005774974822998,1,0.00095164,0,296.8644742965698,1,0.1556
0.2019,10,7.794507265090942,1,0.00095164,2,134.79104208946228,1,0.1978
0.2027,11,7.984135866165161,1,0.00095164,0,123.10445213317871,1,0.2027
0.2027,21,7.916080951690674,1,0.00095164,10,54.5280624628067,1,0.1808
