stage_name,stage_key,split,aggregation_level,node_kind,node_name,route_space,support_size,wrapper_name,source_type,temperature,top_k,entropy_norm,n_eff_norm,top1_monopoly_norm,jitter_adj_norm,knn_consistency_score,knn_consistency_js,n_eff,cv_usage,top1_max_frac,entropy_mean
macro,macro@1,best_valid,session,final,final.expert,expert,12,GroupConditionalProductWrapper,,,,0.9039378363248076,0.981060404053446,0.1992599819754845,0.0,0.9946355615036647,0.005378878762290596,11.772724848641351,0.13894279259613773,0.26598831681086077,2.2462011404784916
macro,macro@1,best_valid,session,final,final.group,group,4,GroupConditionalProductWrapper,,,,0.8953071333891506,0.9900681690660822,0.3302652470242024,0.0,0.9974022064700827,0.002601173650702245,3.9602726762643288,0.10015718638896942,0.4976989352681518,1.2411592304877932
macro,macro@1,best_valid,session,final,final.intra.Exposure,intra,3,GroupConditionalProductWrapper,,,,0.8229140459187977,0.8669735218367985,0.5914564162454946,0.0,0.9972035310180917,0.0028003864063001196,2.6009205655103957,0.39171131277944704,0.7276376108303297,0.9040634833639843
macro,macro@1,best_valid,session,final,final.intra.Focus,intra,3,GroupConditionalProductWrapper,,,,0.9963500966451815,0.998334682320391,0.613451328621576,0.0,0.9998486583684083,0.00015135308489204238,2.995004046961173,0.040842313964893996,0.7423008857477174,1.0946024599900552
macro,macro@1,best_valid,session,final,final.intra.Memory,intra,3,GroupConditionalProductWrapper,,,,0.8702335572074131,0.9988954063042724,0.42457161266939175,0.0,0.9947030969789536,0.00531098134821587,2.996686218912817,0.03325143916155579,0.6163810751129278,0.9560492799594266
macro,macro@1,best_valid,session,final,final.intra.Tempo,intra,3,GroupConditionalProductWrapper,,,,0.9292499158664883,0.9930319377853998,0.3556705528596071,0.0,0.9988538268649549,0.0011468304938187636,2.9790958133561993,0.08376791827487458,0.570447035239738,1.0208853768147312
