stage_name,stage_key,split,aggregation_level,node_kind,node_name,route_space,support_size,wrapper_name,source_type,temperature,top_k,entropy_norm,n_eff_norm,top1_monopoly_norm,jitter_adj_norm,knn_consistency_score,knn_consistency_js,n_eff,cv_usage,top1_max_frac,entropy_mean
macro,macro@1,best_valid,session,final,final.expert,expert,12,ScalarGroupConditionalProductWrapper,,,,0.994650182035024,0.9848250434784651,0.7349051613390766,0.0,0.9995253643888022,0.00047474828633395106,11.817900521741581,0.12413219365083594,0.7569963978941535,2.471612851551676
macro,macro@1,best_valid,session,final,final.group,group,4,ScalarGroupConditionalProductWrapper,,,,0.9932291257464833,0.9893169066109129,0.8311628336565993,0.0,0.9995996665131345,0.00040041364170907977,3.9572676264436515,0.10391450924700388,0.8733721252424494,1.3769079363223884
macro,macro@1,best_valid,session,final,final.intra.Exposure,intra,3,ScalarGroupConditionalProductWrapper,,,,0.9955909026888122,0.992496269904871,0.6999168744804655,0.0,0.999973160041675,2.6840318523145367e-05,2.9774888097146133,0.08695058638004702,0.799944582986977,1.0937684001801053
macro,macro@1,best_valid,session,final,final.intra.Focus,intra,3,ScalarGroupConditionalProductWrapper,,,,0.99371130721726,0.9941941692450821,0.6787198669991686,0.0,0.9997803302986926,0.00021969383223014965,2.982582507735246,0.07641808833425974,0.7858132446661125,1.091703453497333
macro,macro@1,best_valid,session,final,final.intra.Memory,intra,3,ScalarGroupConditionalProductWrapper,,,,0.9978249889426649,0.9968618299971691,0.6604322527015793,0.0,0.9999761849394017,2.3815344181357387e-05,2.990585489991507,0.05610819997015595,0.7736215018010529,1.0962227947925325
macro,macro@1,best_valid,session,final,final.intra.Tempo,intra,3,ScalarGroupConditionalProductWrapper,,,,0.9984988108343996,0.9983268407518708,0.8117206982543639,0.0,0.9999399554942048,6.004630853875022e-05,2.9949805222556125,0.04093925905408683,0.8744804655029094,1.0969630638031658
