best_mrr20,epoch,epoch_time_sec,eval,lr,patience_used,train_loss,trial,valid_mrr20
0.0116,1,77.36822366714478,1,7.731027000000001e-05,0,48.37773323059082,1,0.0116
