stage_name,stage_key,split,aggregation_level,node_kind,node_name,route_space,support_size,wrapper_name,source_type,temperature,top_k,entropy_norm,n_eff_norm,top1_monopoly_norm,jitter_adj_norm,knn_consistency_score,knn_consistency_js,n_eff,cv_usage,top1_max_frac,entropy_mean
macro,macro@1,best_valid,session,final,final.expert,expert,12,FlatPlusGroupIntraResidualWrapper,,,,0.9466238469556111,0.9667695052542817,0.14212414186284056,0.0,0.991328344413869,0.00870947317757525,11.60123406305138,0.18539990267156103,0.21361379670760386,2.3522718921478964
macro,macro@1,best_valid,session,final,final.group,group,4,FlatPlusGroupIntraResidualWrapper,,,,0.9484786431371862,0.9915364995033812,0.1651424091978051,0.0,0.9956443099565979,0.004365203697014106,3.9661459980135247,0.09238892048597336,0.3738568068983538,1.3148705946237262
macro,macro@1,best_valid,session,final,final.intra.Exposure,intra,3,FlatPlusGroupIntraResidualWrapper,,,,0.9181837469011452,0.9398201318229632,0.5549385941991116,0.0,0.9954576504961933,0.004552697320805273,2.8194603954688895,0.25304795047497897,0.7032923961327411,1.0087279476009277
macro,macro@1,best_valid,session,final,final.intra.Focus,intra,3,FlatPlusGroupIntraResidualWrapper,,,,0.970968056149527,0.9912712297525251,0.515253462241965,0.0,0.9961586645921576,0.0038487322853679885,2.9738136892575753,0.0938381301212868,0.6768356414946434,1.0667174383900575
macro,macro@1,best_valid,session,final,final.intra.Memory,intra,3,FlatPlusGroupIntraResidualWrapper,,,,0.9558228090737545,0.9990274539058853,0.1906192840344918,0.0,0.9958540530297751,0.004154565237198177,2.997082361717656,0.031201259234510087,0.46041285602299453,1.0500786838376992
macro,macro@1,best_valid,session,final,final.intra.Tempo,intra,3,FlatPlusGroupIntraResidualWrapper,,,,0.93138156625432,0.965859102101685,0.1127188398223151,0.0,0.9952836388960019,0.004727518229540951,2.897577306305055,0.1880093682405541,0.40847922654821006,1.0232272341259472
