stage_name,stage_key,split,aggregation_level,node_kind,node_name,route_space,support_size,wrapper_name,source_type,temperature,top_k,entropy_norm,n_eff_norm,top1_monopoly_norm,jitter_adj_norm,knn_consistency_score,knn_consistency_js,n_eff,cv_usage,top1_max_frac,entropy_mean
macro,macro@1,best_valid,session,final,final.expert,expert,12,FlatJointWrapper,,,,0.942748361451978,0.9951302002586996,0.059358745439018715,0.6842625788107306,0.9673232636142179,0.033222544031951746,11.941562403104395,0.06995329917033921,0.1377455166524338,2.3426416724487615
macro,macro@1,best_valid,session,final,final.group,group,4,FlatJointWrapper,,,,0.9677482673623482,0.9992484738086154,0.06313692001138627,0.0,0.9891735009626933,0.010885532045193188,3.9969938952344615,0.02742374874651432,0.2973526900085397,1.3415839660279676
macro,macro@1,best_valid,session,final,final.intra.Exposure,intra,3,FlatJointWrapper,,,,0.911139746343682,0.9940531478304848,0.08731853116994025,0.0,0.9789457513302916,0.021279050315555634,2.9821594434914545,0.07734561853570883,0.3915456874466268,1.0009893220271135
macro,macro@1,best_valid,session,final,final.intra.Focus,intra,3,FlatJointWrapper,,,,0.9115701557506205,0.9946588686225629,0.11588385994876178,0.0,0.9757369577296224,0.02456223941646008,2.9839766058676886,0.07327900981071563,0.4105892399658412,1.0014621750907344
macro,macro@1,best_valid,session,final,final.intra.Memory,intra,3,FlatJointWrapper,,,,0.9138132947232885,0.994769714398574,0.08783091374893252,0.0,0.9769710274490909,0.0232982819859279,2.984309143195722,0.07251065194575036,0.3918872758326217,1.003926515131298
macro,macro@1,best_valid,session,final,final.intra.Tempo,intra,3,FlatJointWrapper,,,,0.9365036512386424,0.9976482100556138,0.09308283518360373,0.0,0.982297094042608,0.017861476625338737,2.9929446301668414,0.0485527147038962,0.39538855678906915,1.0288544196333262
