best_mrr20,epoch,epoch_time_sec,eval,lr,patience_used,train_loss,trial,valid_mrr20
0.0057,1,2.9702277183532715,1,0.0005672,0,80.76100015640259,1,0.0057
0.008,3,2.0308516025543213,1,0.0005672,0,74.34494876861572,1,0.008
0.0623,10,1.965501308441162,1,0.0005672,0,57.957438945770264,1,0.0623
0.0857,14,1.941727876663208,1,0.0005672,0,51.78104829788208,1,0.0857
0.0857,24,1.7660081386566162,1,0.0005672,10,40.8314733505249,1,0.0755
