{
  "split": "best_valid",
  "feature_mode": "none",
  "stages": [
    {
      "stage": "macro@1",
      "n_eff": 15.757515647423904,
      "cv_usage": 0.12404934328206262,
      "top1_max_frac": 0.09134704465443765,
      "entropy_mean": 2.412101594346396,
      "route_jitter_adjacent": 0.7091872298898648,
      "route_consistency_knn_js": 0.08203862866325558,
      "route_consistency_knn_score": 0.9212363718794294,
      "route_consistency_group_knn_js": 0.02428806792698786,
      "route_consistency_group_knn_score": 0.9760045136610843,
      "route_consistency_intra_group_knn_mean_js": 0.05768489337237426,
      "route_consistency_intra_group_knn_mean_score": 0.9439479989849782,
      "route_consistency_feature_group_knn_mean_score": 0.9089814112556822,
      "family_top_expert_mean_share": 0.07849781960248947,
      "route_consistency_feature_group_knn_tempo_js": 0.09866125680438328,
      "route_consistency_feature_group_knn_tempo_score": 0.9060495741743468,
      "route_consistency_feature_group_knn_focus_js": 0.09689136369226388,
      "route_consistency_feature_group_knn_focus_score": 0.9076546050224554,
      "route_consistency_feature_group_knn_memory_js": 0.09776746512315314,
      "route_consistency_feature_group_knn_memory_score": 0.9068597557593712,
      "route_consistency_feature_group_knn_exposure_js": 0.08843598027349144,
      "route_consistency_feature_group_knn_exposure_score": 0.9153617100665559
    }
  ]
}
