stage_name,stage_key,split,aggregation_level,node_kind,node_name,route_space,support_size,wrapper_name,source_type,temperature,top_k,entropy_norm,n_eff_norm,top1_monopoly_norm,jitter_adj_norm,knn_consistency_score,knn_consistency_js,n_eff,cv_usage,top1_max_frac,entropy_mean
macro,macro@1,best_valid,session,final,final.expert,expert,20,FlatJointWrapper,,,,0.9366954799840196,0.8227181948784036,0.31850472010860986,0.7496516207209937,0.9893264541357523,0.0107309167539777,16.454363897568072,0.4642015253871452,0.35257948410317935,2.806088879880274
macro,macro@1,best_valid,session,final,final.group,group,4,FlatJointWrapper,,,,0.968195964433943,0.9515283184498609,0.633873225354929,0.0,0.9980450021512144,0.0019569113514156947,3.8061132737994434,0.22570078074932098,0.7254049190161967,1.3422046059538093
macro,macro@1,best_valid,session,final,final.intra.Exposure,intra,5,FlatJointWrapper,,,,0.9510131476504914,0.9511140099013339,0.424240151969606,0.0,0.9926886501254668,0.007338208789721868,4.7555700495066695,0.22671267052422955,0.5393921215756848,1.5305966150519896
macro,macro@1,best_valid,session,final,final.intra.Focus,intra,5,FlatJointWrapper,,,,0.885332735269147,0.8008881404312088,0.7972905418916217,0.0,0.9905667523295173,0.009478022555481812,4.004440702156044,0.4986117705909644,0.8378324335132974,1.4248880692611479
macro,macro@1,best_valid,session,final,final.intra.Memory,intra,5,FlatJointWrapper,,,,0.8480058591185058,0.7239147244007511,0.8607778444311137,0.0,0.9889498967581761,0.01111160915011711,3.6195736220037555,0.6175582763916511,0.888622275544891,1.3648127796315737
macro,macro@1,best_valid,session,final,final.intra.Tempo,intra,5,FlatJointWrapper,,,,0.9293781506545785,0.8961566301590054,0.6714407118576284,0.0,0.9922358060747718,0.007794492208606756,4.480783150795027,0.3404062190591362,0.7371525694861027,1.4957764306513697
