best_mrr20,epoch,epoch_time_sec,eval,lr,patience_used,train_loss,trial,valid_mrr20
0.0123,1,26.509950399398804,1,0.0007998187552579467,0,679.6708850860596,1,0.0123
0.0174,3,25.36858606338501,1,0.0007983698921263105,0,571.9578137397766,1,0.0174
0.0179,10,24.845192193984985,1,0.0007820256023867403,3,477.5492105484009,1,0.0166
0.018,12,24.96050763130188,1,0.0007742124558857861,0,457.54178285598755,1,0.018
0.018,22,25.375860691070557,1,0.0007157759995228321,10,366.1165277957916,1,0.0155
