best_mrr20,epoch,epoch_time_sec,eval,lr,patience_used,train_loss,trial,valid_mrr20
0.3107,1,55.094685792922974,1,0.00056966,0,2151.427095890045,1,0.3107
0.3594,3,59.432334184646606,1,0.00056966,0,1141.0378885269165,1,0.3594
0.3717,5,59.265676975250244,1,0.00056966,0,865.8625712394714,1,0.3717
0.3717,10,58.14071345329285,1,0.00056966,5,635.0906295776367,1,0.3571
0.3717,15,57.9126558303833,1,0.00056966,10,455.05621242523193,1,0.333
