best_mrr20,epoch,epoch_time_sec,eval,lr,patience_used,train_loss,trial,valid_mrr20
0.2715,1,59.60175848007202,1,0.0006918502217122324,0,2188.2348113059998,1,0.2715
0.3448,3,63.52713942527771,1,0.0006905969424258146,0,1170.9256958961487,1,0.3448
0.3694,9,57.59457874298096,1,0.0006793929843864215,0,716.2334444522858,1,0.3694
0.3694,10,56.38958168029785,1,0.0006764589887885513,1,684.3624699115753,1,0.3625
0.3694,19,59.01165437698364,1,0.0006370993320384815,10,445.98717641830444,1,0.3334
