stage_name,stage_key,split,aggregation_level,node_kind,node_name,route_space,support_size,wrapper_name,source_type,temperature,top_k,entropy_norm,n_eff_norm,top1_monopoly_norm,jitter_adj_norm,knn_consistency_score,knn_consistency_js,n_eff,cv_usage,top1_max_frac,entropy_mean
macro,macro@1,best_valid,session,final,final.expert,expert,12,ScalarGroupConditionalProductWrapper,,,,0.9932314409518966,0.968727682329083,0.9912627418348242,0.0,0.9998034870703203,0.00019653224087548706,11.624732187948997,0.17967129708316038,0.9919908466819222,2.4680874123998855
macro,macro@1,best_valid,session,final,final.group,group,4,ScalarGroupConditionalProductWrapper,,,,0.9900413634852965,0.9750533229961306,0.9893211289092295,0.0,0.9998150103049878,0.00018500680771638763,3.9002132919845223,0.15995226383778288,0.9919908466819222,1.3724887594751145
macro,macro@1,best_valid,session,final,final.intra.Exposure,intra,3,ScalarGroupConditionalProductWrapper,,,,0.9982717000670981,0.9962934465377007,1.0,0.0,0.9999955011018437,4.498908276458816e-06,2.988880339613102,0.06099505154758999,1.0,1.0967135571233195
macro,macro@1,best_valid,session,final,final.intra.Focus,intra,3,ScalarGroupConditionalProductWrapper,,,,0.9947442377801763,0.9885055378605503,1.0,0.0,0.9999838677868462,1.6132343279303245e-05,2.965516613581651,0.107833996926725,1.0,1.0928382437070938
macro,macro@1,best_valid,session,final,final.intra.Memory,intra,3,ScalarGroupConditionalProductWrapper,,,,0.9996564831193857,0.9992666559993033,0.9879862700228831,0.0,0.9999985757221524,1.4242788618606216e-06,2.99779996799791,0.027092617688633067,0.9919908466819222,1.098234896801702
macro,macro@1,best_valid,session,final,final.intra.Tempo,intra,3,ScalarGroupConditionalProductWrapper,,,,0.9972900519295504,0.9943688226328636,1.0,0.0,0.9999785986998283,2.1401529182802955e-05,2.983106467898591,0.07525242268286876,1.0,1.0956351064162615
