best_mrr20,epoch,epoch_time_sec,eval,lr,patience_used,train_loss,trial,valid_mrr20
0.0067,1,3.057691812515259,1,0.0005672,0,80.68008422851562,1,0.0067
0.0092,3,2.0339949131011963,1,0.0005672,0,74.31192970275879,1,0.0092
0.0488,10,2.042847156524658,1,0.0005672,0,58.12849140167236,1,0.0488
0.0929,42,2.1550827026367188,1,0.0005672,0,26.738497495651245,1,0.0929
0.0929,52,1.7826504707336426,1,0.0005672,10,21.028287649154663,1,0.0904
