{
  "split": "best_valid",
  "feature_mode": "none",
  "stages": [
    {
      "stage": "macro@1",
      "n_eff": 11.787023446052862,
      "cv_usage": 0.1344206553870244,
      "top1_max_frac": 0.7558075221238938,
      "entropy_mean": 2.3419489227564987,
      "route_jitter_adjacent": 0.0,
      "route_consistency_knn_js": 0.0025925609673799702,
      "route_consistency_knn_score": 0.997410796816425,
      "route_consistency_group_knn_js": 0.002244610535471063,
      "route_consistency_group_knn_score": 0.997757906718986,
      "route_consistency_intra_group_knn_mean_js": 0.00019829060534755008,
      "route_consistency_intra_group_knn_mean_score": 0.9998017470084912,
      "route_consistency_feature_group_knn_mean_score": 0.9955343192365065,
      "family_top_expert_mean_share": 0.11266334354877472,
      "route_consistency_feature_group_knn_tempo_js": 0.0018021526138938405,
      "route_consistency_feature_group_knn_tempo_score": 0.998199470288076,
      "route_consistency_feature_group_knn_focus_js": 0.007240739545563571,
      "route_consistency_feature_group_knn_focus_score": 0.9927854114534291,
      "route_consistency_feature_group_knn_memory_js": 0.003213823126833975,
      "route_consistency_feature_group_knn_memory_score": 0.9967913356747395,
      "route_consistency_feature_group_knn_exposure_js": 0.005654899317301822,
      "route_consistency_feature_group_knn_exposure_score": 0.9943610595297809
    }
  ]
}
