{
  "model": "FEARec",
  "dataset": "KuaiRecLargeStrictPosV2_0.2",
  "dataset_raw": "KuaiRecLargeStrictPosV2_0.2",
  "max_evals": 4,
  "tune_epochs": 22,
  "n_completed": 4,
  "n_recorded_trials": 4,
  "timestamp": "2026-04-09T07:35:17.635325",
  "trials": [
    {
      "trial": 1,
      "params": {
        "learning_rate": 0.0007872201576391383
      },
      "mrr@20": 0.1607,
      "valid_result": {
        "hit@5": 0.1638,
        "hit@10": 0.1665,
        "hit@20": 0.172,
        "ndcg@5": 0.1609,
        "ndcg@10": 0.1618,
        "ndcg@20": 0.1632,
        "mrr@5": 0.16,
        "mrr@10": 0.1603,
        "mrr@20": 0.1607
      },
      "test_result": {
        "hit@5": 0.1582,
        "hit@10": 0.1615,
        "hit@20": 0.1667,
        "ndcg@5": 0.1553,
        "ndcg@10": 0.1563,
        "ndcg@20": 0.1576,
        "mrr@5": 0.1543,
        "mrr@10": 0.1547,
        "mrr@20": 0.1551
      },
      "best_hr@10": 0.1665,
      "test_mrr@20": 0.1551,
      "test_hr@10": 0.1615,
      "epochs_run": 4,
      "early_stop_epoch": 4,
      "early_stopped": true,
      "elapsed": 21.3,
      "status": "ok"
    },
    {
      "trial": 2,
      "params": {
        "learning_rate": 0.0010463313743269969
      },
      "mrr@20": 0.1534,
      "valid_result": {
        "hit@5": 0.1559,
        "hit@10": 0.1613,
        "hit@20": 0.1665,
        "ndcg@5": 0.1533,
        "ndcg@10": 0.155,
        "ndcg@20": 0.1563,
        "mrr@5": 0.1524,
        "mrr@10": 0.1531,
        "mrr@20": 0.1534
      },
      "test_result": {
        "hit@5": 0.156,
        "hit@10": 0.1582,
        "hit@20": 0.1631,
        "ndcg@5": 0.1516,
        "ndcg@10": 0.1523,
        "ndcg@20": 0.1536,
        "mrr@5": 0.1502,
        "mrr@10": 0.1505,
        "mrr@20": 0.1508
      },
      "best_hr@10": 0.1613,
      "test_mrr@20": 0.1508,
      "test_hr@10": 0.1582,
      "epochs_run": 4,
      "early_stop_epoch": 4,
      "early_stopped": true,
      "elapsed": 20.5,
      "status": "ok"
    },
    {
      "trial": 3,
      "params": {
        "learning_rate": 0.00042670477331291395
      },
      "mrr@20": 0.1595,
      "valid_result": {
        "hit@5": 0.1633,
        "hit@10": 0.1665,
        "hit@20": 0.1704,
        "ndcg@5": 0.1598,
        "ndcg@10": 0.1609,
        "ndcg@20": 0.1619,
        "mrr@5": 0.1587,
        "mrr@10": 0.1592,
        "mrr@20": 0.1595
      },
      "test_result": {
        "hit@5": 0.1601,
        "hit@10": 0.1639,
        "hit@20": 0.1683,
        "ndcg@5": 0.1574,
        "ndcg@10": 0.1586,
        "ndcg@20": 0.1597,
        "mrr@5": 0.1565,
        "mrr@10": 0.1569,
        "mrr@20": 0.1572
      },
      "best_hr@10": 0.1665,
      "test_mrr@20": 0.1572,
      "test_hr@10": 0.1639,
      "epochs_run": 5,
      "early_stop_epoch": 5,
      "early_stopped": true,
      "elapsed": 25.6,
      "status": "ok"
    },
    {
      "trial": 4,
      "params": {
        "learning_rate": 0.0009248437554345969
      },
      "mrr@20": 0.161,
      "valid_result": {
        "hit@5": 0.1643,
        "hit@10": 0.1682,
        "hit@20": 0.1714,
        "ndcg@5": 0.1613,
        "ndcg@10": 0.1625,
        "ndcg@20": 0.1633,
        "mrr@5": 0.1603,
        "mrr@10": 0.1608,
        "mrr@20": 0.161
      },
      "test_result": {
        "hit@5": 0.159,
        "hit@10": 0.1626,
        "hit@20": 0.1667,
        "ndcg@5": 0.1564,
        "ndcg@10": 0.1575,
        "ndcg@20": 0.1585,
        "mrr@5": 0.1555,
        "mrr@10": 0.156,
        "mrr@20": 0.1562
      },
      "best_hr@10": 0.1682,
      "test_mrr@20": 0.1562,
      "test_hr@10": 0.1626,
      "epochs_run": 4,
      "early_stop_epoch": 4,
      "early_stopped": true,
      "elapsed": 21.0,
      "status": "ok"
    }
  ],
  "run_group": "baseline",
  "run_axis": "stageh_targetedrecovery_anchor2_core5",
  "run_phase": "P23_SH_C03_MFEAREC_KR_FEA_STAGEH_REC2_S1",
  "parent_result": "",
  "interrupted": false,
  "interrupted_at": null,
  "tuned_search": {
    "learning_rate": [
      0.00033,
      0.0016519999999999998
    ]
  },
  "fixed_search": {
    "n_layers": 2,
    "n_heads": 2,
    "weight_decay": 0.00015,
    "dropout_ratio": 0.12,
    "num_layers": 2,
    "num_heads": 2,
    "dropout_prob": 0.12,
    "hidden_dropout_prob": 0.12,
    "attn_dropout_prob": 0.12,
    "hidden_size": 96,
    "embedding_size": 96,
    "inner_size": 192,
    "time_span": 384,
    "num_experts": 6,
    "state_size": 24,
    "conv_kernel": 6,
    "remaining_ratio": 0.6,
    "MAX_ITEM_LIST_LENGTH": 8
  },
  "context_fixed": {
    "num_layers": 2,
    "search_space_type_overrides": {
      "learning_rate": "loguniform",
      "weight_decay": "choice",
      "dropout_ratio": "choice",
      "n_layers": "choice",
      "num_layers": "choice",
      "n_heads": "choice",
      "num_heads": "choice",
      "dropout_prob": "choice",
      "hidden_dropout_prob": "choice",
      "attn_dropout_prob": "choice",
      "hidden_size": "choice",
      "embedding_size": "choice",
      "inner_size": "choice",
      "time_span": "choice",
      "num_experts": "choice",
      "state_size": "choice",
      "conv_kernel": "choice",
      "remaining_ratio": "choice",
      "MAX_ITEM_LIST_LENGTH": "choice"
    }
  },
  "best_params": {
    "learning_rate": 0.0009248437554345969
  },
  "best_mrr@20": 0.161,
  "best_hr@10": 0.1682,
  "test_mrr@20": 0.1562,
  "test_hr@10": 0.1626,
  "best_valid_result": {
    "hit@5": 0.1643,
    "hit@10": 0.1682,
    "hit@20": 0.1714,
    "ndcg@5": 0.1613,
    "ndcg@10": 0.1625,
    "ndcg@20": 0.1633,
    "mrr@5": 0.1603,
    "mrr@10": 0.1608,
    "mrr@20": 0.161
  },
  "test_result": {
    "hit@5": 0.159,
    "hit@10": 0.1626,
    "hit@20": 0.1667,
    "ndcg@5": 0.1564,
    "ndcg@10": 0.1575,
    "ndcg@20": 0.1585,
    "mrr@5": 0.1555,
    "mrr@10": 0.156,
    "mrr@20": 0.1562
  },
  "best_valid_special_metrics": {
    "split": "best_valid",
    "overall": {
      "count": 3663,
      "hit@20": 0.17144417144417146,
      "ndcg@20": 0.16333308647540043,
      "mrr@20": 0.1610062395512586
    },
    "slices": {
      "target_popularity_abs": {
        "rare_1_5": {
          "count": 2785,
          "hit@20": 0.14865350089766607,
          "ndcg@20": 0.141378150471023,
          "mrr@20": 0.13926374627615007
        },
        "6_20": {
          "count": 856,
          "hit@20": 0.2266355140186916,
          "ndcg@20": 0.21559690034765505,
          "mrr@20": 0.21251906787054003
        },
        "21_100": {
          "count": 22,
          "hit@20": 0.9090909090909091,
          "ndcg@20": 0.9090909090909091,
          "mrr@20": 0.9090909090909091
        }
      },
      "target_popularity_abs_legacy": {
        "<=5": {
          "count": 2785,
          "hit@20": 0.14865350089766607,
          "ndcg@20": 0.141378150471023,
          "mrr@20": 0.13926374627615007
        },
        "6-20": {
          "count": 856,
          "hit@20": 0.2266355140186916,
          "ndcg@20": 0.21559690034765505,
          "mrr@20": 0.21251906787054003
        },
        "21-100": {
          "count": 22,
          "hit@20": 0.9090909090909091,
          "ndcg@20": 0.9090909090909091,
          "mrr@20": 0.9090909090909091
        }
      },
      "session_len": {
        "<=7": {
          "count": 2152,
          "hit@20": 0.17053903345724908,
          "ndcg@20": 0.16470304983200637,
          "mrr@20": 0.1629633010593572
        },
        "8-12": {
          "count": 1511,
          "hit@20": 0.1727332892124421,
          "ndcg@20": 0.1613819540178121,
          "mrr@20": 0.1582189487733445
        }
      },
      "session_len_legacy": {
        "1-2": {
          "count": 9,
          "hit@20": 0.2222222222222222,
          "ndcg@20": 0.06423662768469916,
          "mrr@20": 0.022222222553359136
        },
        "3-5": {
          "count": 1478,
          "hit@20": 0.16644113667117727,
          "ndcg@20": 0.16139739042044654,
          "mrr@20": 0.15982827505144684
        },
        "6-10": {
          "count": 2176,