{
  "split": "best_valid",
  "feature_mode": "none",
  "stages": [
    {
      "stage": "macro@1",
      "n_eff": 3.954612932834438,
      "cv_usage": 0.10713085532188416,
      "top1_max_frac": 0.7376060320452403,
      "entropy_mean": 1.3060783360823123,
      "route_jitter_adjacent": 0.0,
      "route_consistency_knn_js": 0.0021723807631288308,
      "route_consistency_knn_score": 0.9978299771482251,
      "route_consistency_group_knn_js": 0.0021723807631288308,
      "route_consistency_group_knn_score": 0.9978299771482251,
      "route_consistency_intra_group_knn_mean_js": 0.0,
      "route_consistency_intra_group_knn_mean_score": 1.0,
      "route_consistency_feature_group_knn_mean_score": 0.9953509279245963,
      "family_top_expert_mean_share": 0.2789407968521118,
      "route_consistency_feature_group_knn_tempo_js": 0.005550378512417148,
      "route_consistency_feature_group_knn_tempo_score": 0.9944649963797559,
      "route_consistency_feature_group_knn_focus_js": 0.004937095585533917,
      "route_consistency_feature_group_knn_focus_score": 0.9950750718387286,
      "route_consistency_feature_group_knn_memory_js": 0.004061777384922715,
      "route_consistency_feature_group_knn_memory_score": 0.9959464604756135,
      "route_consistency_feature_group_knn_exposure_js": 0.004091174448747119,
      "route_consistency_feature_group_knn_exposure_score": 0.9959171830042872
    }
  ]
}
