best_mrr20,epoch,epoch_time_sec,eval,lr,patience_used,train_loss,trial,valid_mrr20
0.1746,1,46.68356156349182,1,0.00028483,0,2358.429988861084,1,0.1746
0.2991,3,46.15336775779724,1,0.00028483,0,1713.7506856918335,1,0.2991
0.3661,10,44.613908529281616,1,0.00028483,0,850.5054371356964,1,0.3661
0.3727,13,44.975417613983154,1,0.00028483,0,764.0412673950195,1,0.3727
0.3727,23,46.62552213668823,1,0.00028483,10,604.2596409320831,1,0.3595
