stage_name,stage_key,split,aggregation_level,node_kind,node_name,route_space,support_size,wrapper_name,source_type,temperature,top_k,entropy_norm,n_eff_norm,top1_monopoly_norm,jitter_adj_norm,knn_consistency_score,knn_consistency_js,n_eff,cv_usage,top1_max_frac,entropy_mean
macro,macro@1,best_valid,session,final,final.expert,expert,12,FlatJointWrapper,,,,0.9351136351670836,0.9942291657166439,0.05218538933312633,0.6894548151811102,0.9645534222210018,0.03609005965701917,11.930749988599727,0.07618662051478747,0.13116994022203246,2.323670090334116
macro,macro@1,best_valid,session,final,final.group,group,4,FlatJointWrapper,,,,0.9626675698136635,0.9990348603119887,0.0722459436379163,0.0,0.9881733469465861,0.011897144249149925,3.996139441247955,0.03108067810535431,0.3041844577284372,1.3345406236656703
macro,macro@1,best_valid,session,final,final.intra.Exposure,intra,3,FlatJointWrapper,,,,0.8969278858204016,0.9918582592080027,0.12754056362083693,0.0,0.9770237831836509,0.023244284161280875,2.9755747776240082,0.09060129066999881,0.4183603757472246,0.9853759974114005
macro,macro@1,best_valid,session,final,final.intra.Focus,intra,3,FlatJointWrapper,,,,0.9044378847369154,0.9940797409133412,0.10883859948761744,0.0,0.9742528371109239,0.026084422670125763,2.9822392227400236,0.07717230872296367,0.4058923996584116,0.9936265745089667
macro,macro@1,best_valid,session,final,final.intra.Memory,intra,3,FlatJointWrapper,,,,0.9055783178454053,0.9947015939566178,0.10409906063193851,0.0,0.9751560809363097,0.025157737784608232,2.9841047818698536,0.0729840282951585,0.402732707087959,0.9948794683363578
macro,macro@1,best_valid,session,final,final.intra.Tempo,intra,3,FlatJointWrapper,,,,0.9284049327179821,0.996834554806835,0.08975234842015377,0.0,0.9806979588039295,0.019490757952471262,2.990503664420505,0.056351449523822976,0.3931682322801025,1.0199570679440648
