stage_name,stage_key,split,aggregation_level,node_kind,node_name,route_space,support_size,wrapper_name,source_type,temperature,top_k,entropy_norm,n_eff_norm,top1_monopoly_norm,jitter_adj_norm,knn_consistency_score,knn_consistency_js,n_eff,cv_usage,top1_max_frac,entropy_mean
macro,macro@1,best_valid,session,final,final.expert,expert,8,ScalarGroupConditionalProductWrapper,,,,0.9658133582627847,0.9021210460189266,0.768146186393842,0.0,0.9994857482563869,0.0005143840163905471,7.216968368151413,0.3293914496898651,0.7971279130946117,2.0083524186809445
macro,macro@1,best_valid,session,final,final.group,group,2,ScalarGroupConditionalProductWrapper,,,,0.9140474687376035,0.9109857263183684,0.9159419392776453,0.0,0.9996027831835576,0.0003972957279393818,1.8219714526367368,0.3125893175601959,0.9579709696388227,0.6335694258534246
macro,macro@1,best_valid,session,final,final.intra.Focus,intra,4,ScalarGroupConditionalProductWrapper,,,,0.9797980511844577,0.9531629581452257,0.956506040254609,0.0,0.9998225612122642,0.00017745453185993498,3.8126518325809027,0.22167210280895233,0.9673795301909567,1.3582885133932716
macro,macro@1,best_valid,session,final,final.intra.Tempo,intra,4,ScalarGroupConditionalProductWrapper,,,,0.9962322302953162,0.9991814643117487,0.7577295657825509,0.0,0.9999118412941463,8.816259206073583e-05,3.996725857246995,0.028620725497603416,0.8182971743369132,1.381071123224289
