stage_name,stage_key,split,aggregation_level,node_kind,node_name,route_space,support_size,wrapper_name,source_type,temperature,top_k,entropy_norm,n_eff_norm,top1_monopoly_norm,jitter_adj_norm,knn_consistency_score,knn_consistency_js,n_eff,cv_usage,top1_max_frac,entropy_mean
macro,macro@1,best_valid,session,final,final.expert,expert,12,ScalarGroupConditionalProductWrapper,,,,0.9442358070413337,0.9867980913993128,0.7407256420709335,0.0,0.9959132595263783,0.004095114018928491,11.841577096791754,0.11566571007158012,0.7623318385650224,2.3463378358849494
macro,macro@1,best_valid,session,final,final.group,group,4,ScalarGroupConditionalProductWrapper,,,,0.9720849603728835,0.9975832834855326,0.6831091180866965,0.0,0.998863233607664,0.0011374130013266628,3.9903331339421304,0.04922137036919594,0.7623318385650224,1.3475958990943806
macro,macro@1,best_valid,session,final,final.intra.Exposure,intra,3,ScalarGroupConditionalProductWrapper,,,,0.8700560519390466,0.98534152300934,0.6455997757847534,0.0,0.9963117016940143,0.0036951168492270047,2.95602456902802,0.12196986386269737,0.7637331838565022,0.9558542704902957
macro,macro@1,best_valid,session,final,final.intra.Focus,intra,3,ScalarGroupConditionalProductWrapper,,,,0.8566165258345588,0.9892070393347274,0.6678811659192826,0.0,0.994844930618086,0.00516840259424237,2.9676211180041823,0.10445458130673822,0.7785874439461884,0.9410894419580297
macro,macro@1,best_valid,session,final,final.intra.Memory,intra,3,ScalarGroupConditionalProductWrapper,,,,0.9890739081263707,0.9967975091374651,0.6434977578475336,0.0,0.999887532336505,0.00011247398845696944,2.9903925274123955,0.05668127181585813,0.7623318385650224,1.0866087498686239
macro,macro@1,best_valid,session,final,final.intra.Tempo,intra,3,ScalarGroupConditionalProductWrapper,,,,0.93788971825972,0.9902943899485558,0.6506446188340806,0.0,0.9974607573826874,0.0025424719617317356,2.9708831698456675,0.09899827542906178,0.7670964125560538,1.0303771698955997
