stage_name,stage_key,split,aggregation_level,node_kind,node_name,route_space,support_size,wrapper_name,source_type,temperature,top_k,entropy_norm,n_eff_norm,top1_monopoly_norm,jitter_adj_norm,knn_consistency_score,knn_consistency_js,n_eff,cv_usage,top1_max_frac,entropy_mean
macro,macro@1,best_valid,session,final,final.expert,expert,12,ScalarGroupConditionalProductWrapper,,,,0.9015642417523684,0.8030483950690678,0.48015006219941037,0.0,0.9889205583554782,0.0111412758076317,9.636580740828814,0.4952323284883695,0.5234708903494595,2.2403029795415366
macro,macro@1,best_valid,session,final,final.group,group,4,ScalarGroupConditionalProductWrapper,,,,0.9745055745444853,0.9665735882745654,0.6122544266063285,0.0,0.9982437888334782,0.0017577551132817036,3.8662943530982616,0.1859632283449173,0.7091908199547463,1.350951582870919
macro,macro@1,best_valid,session,final,final.intra.Exposure,intra,3,ScalarGroupConditionalProductWrapper,,,,0.2875404312939418,0.4170185005239819,0.949574399310419,0.0,0.9812112627543839,0.018967488112535503,1.2510555015719458,1.18236009373427,0.9663829328736128,0.31589545130845276
macro,macro@1,best_valid,session,final,final.intra.Focus,intra,3,ScalarGroupConditionalProductWrapper,,,,0.950832545628244,0.9727092107395756,0.3975864669755415,0.0,0.9956686066494562,0.0043408010100664226,2.918127632218727,0.16750062875447783,0.5983909779836943,1.04459631909277
macro,macro@1,best_valid,session,final,final.intra.Memory,intra,3,ScalarGroupConditionalProductWrapper,,,,0.9321524726531415,0.9452893172357317,0.6996013360629242,0.0,0.9963347606710077,0.0036719727768288845,2.835867951707195,0.24057677416274625,0.7997342240419495,1.0240741613691053
macro,macro@1,best_valid,session,final,final.intra.Tempo,intra,3,ScalarGroupConditionalProductWrapper,,,,0.8641316478522492,0.9323194371901699,0.2812196961534318,0.0,0.9889208047118501,0.011141026691219812,2.7969583115705094,0.2694322684576431,0.5208131307689545,0.9493456473575046
