stage_name,stage_key,split,aggregation_level,node_kind,node_name,route_space,support_size,wrapper_name,source_type,temperature,top_k,entropy_norm,n_eff_norm,top1_monopoly_norm,jitter_adj_norm,knn_consistency_score,knn_consistency_js,n_eff,cv_usage,top1_max_frac,entropy_mean
macro,macro@1,best_valid,session,final,final.expert,expert,8,FlatJointWrapper,,,,0.5858202788839257,0.8701928777364923,0.13561555980870907,0.6888618874038072,0.9101880625573046,0.0941040386720378,6.961543021891939,0.38622596859931946,0.24366361483262045,1.218179023869702
macro,macro@1,best_valid,session,final,final.group,group,4,FlatJointWrapper,,,,0.6682047739884245,0.9617897440148464,0.14279991044811294,0.0,0.9547241548635291,0.046332823299440815,3.8471589760593856,0.19931937754154205,0.3570999328360847,0.9263285102535438
macro,macro@1,best_valid,session,final,final.intra.Exposure,intra,2,FlatJointWrapper,,,,0.1447353093998041,0.7878139240996113,0.5281481865822653,0.0,0.9022120810036637,0.10290566349268025,1.5756278481992225,0.5189751386642456,0.7640740932911326,0.10032287163794557
macro,macro@1,best_valid,session,final,final.intra.Focus,intra,2,FlatJointWrapper,,,,0.3563634014034789,0.9815112961562367,0.07945383088205493,0.0,0.9461577788509609,0.05534593858265751,1.9630225923124733,0.13724834544946823,0.5397269154410275,0.24701228693757343
macro,macro@1,best_valid,session,final,final.intra.Memory,intra,2,FlatJointWrapper,,,,0.2975391173484603,0.970999005457943,0.2551729880511262,0.0,0.9339035925617518,0.06838206603613851,1.941998010915886,0.17282113432884216,0.6275864940255631,0.20623840029637994
macro,macro@1,best_valid,session,final,final.intra.Tempo,intra,2,FlatJointWrapper,,,,0.23519872779144618,0.7551177846154733,0.6255086682646747,0.0,0.9204800496677981,0.08285995190857053,1.5102355692309466,0.5694707375449382,0.8127543341323373,0.16302733503992697
