best_mrr20,epoch,epoch_time_sec,eval,lr,patience_used,train_loss,trial,valid_mrr20
0.042,1,33.85069704055786,1,0.001075066382145528,0,1350.461763381958,1,0.042
0.0638,3,33.85647654533386,1,0.0010731189108779285,0,1107.5790133476257,1,0.0638
0.0878,10,33.953179597854614,1,0.001051149938128107,0,1017.3966197967529,1,0.0878
0.0939,15,31.769099712371826,1,0.0010215186408319063,0,988.1185522079468,1,0.0939
0.0939,25,32.80007982254028,1,0.0009308568326747679,10,947.9499711990356,1,0.0904
