{
  "KuaiRecLargeStrictPosV2_0.2": {
    "dataset": "KuaiRecLargeStrictPosV2_0.2",
    "n_interactions": 287411,
    "n_sessions": 24458,
    "n_items": 6477,
    "session_len_mean": 11.751206149317197,
    "session_len_median": 8.0,
    "session_len_p90": 24.0,
    "split_stats": [
      {
        "split": "train",
        "sessions": 17120,
        "interactions": 201730,
        "avg_session_len": 11.783294392523365,
        "median_session_len": 8.0,
        "p90_session_len": 24.0
      },
      {
        "split": "valid",
        "sessions": 3668,
        "interactions": 43730,
        "avg_session_len": 11.922028353326063,
        "median_session_len": 8.0,
        "p90_session_len": 25.0
      },
      {
        "split": "test",
        "sessions": 3670,
        "interactions": 41951,
        "avg_session_len": 11.430790190735696,
        "median_session_len": 8.0,
        "p90_session_len": 23.0
      }
    ],
    "valid_target_stats": {
      "n_sessions": 3668,
      "avg_prefix_len": 10.922028353326063,
      "median_prefix_len": 7.0,
      "oov_target_rate_vs_train": 0.26853871319520173,
      "target_pop_mean": 71.05697928026173,
      "target_pop_median": 44.0,
      "target_pop_share_mean": 0.00035223803737798905,
      "top1pct_pop_target_rate": 0.02480916030534351
    },
    "test_target_stats": {
      "n_sessions": 3670,
      "avg_prefix_len": 10.430790190735696,
      "median_prefix_len": 7.0,
      "oov_target_rate_vs_train": 0.7318801089918257,
      "target_pop_mean": 23.5283378746594,
      "target_pop_median": 0.0,
      "target_pop_share_mean": 0.00011663281551905716,
      "top1pct_pop_target_rate": 0.009809264305177113
    },
    "feature": {
      "n_feature_cols": 46,
      "low_variance_cols_lt1e-3": 0,
      "low_variance_examples": [],
      "least_variable_cols": [
        [
          "mac_hist_top1",
          0.1051330055293712
        ],
        [
          "mac_hist_ent",
          0.16629543705586144
        ],
        [
          "mac_is_new",
          0.1675531002480372
        ],
        [
          "mac_hist_uniq_r",
          0.16841191690352778
        ],
        [
          "mac_hist_switch_r",
          0.17988868959518473
        ],
        [
          "mic_recons_r",
          0.2170101676358069
        ],
        [
          "mic_max_run_i",
          0.2570753384324728
        ],
        [
          "mid_win_top1",
          0.27516176969222084
        ],
        [
          "mic_cat_top1",
          0.28155421642871264
        ],
        [
          "mid_max_run",
          0.2928992947351618
        ],
        [
          "mid_uniq_cat_r",
          0.29365273163116584
        ],
        [
          "mic_uniq_i",
          0.2968452552522878
        ],
        [
          "mic_is_recons",
          0.2969507554761508
        ],
        [
          "mic_uniq_c",
          0.3049133627970063
        ],
        [
          "mid_uniq_item_r",
          0.3146967563660131
        ]
      ],
      "most_variable_cols": [
        [
          "mid_last_dev",
          0.944820029749451
        ],
        [
          "mic_short_std",
          0.9571294203294938
        ],
        [
          "mic_last_int",
          0.9580212638043585
        ],
        [
          "mid_accel",
          0.9665291914332723
        ],
        [
          "mac_hist_pop_avg",
          0.968841356757627
        ],
        [
          "mid_int_std",
          0.9801049772182158
        ],
        [
          "mid_sess_time",
          0.981830229193716
        ],
        [
          "mic_short_avg",
          0.9951767110888642
        ],
        [
          "mid_int_avg",
          1.006693477076414
        ],
        [
          "mic_pop_drift",
          1.0250201752972061
        ],
        [
          "mid_pop_drift",
          1.0262452968479914
        ],
        [
          "mac_user_level",
          1.0401270840622465
        ],
        [
          "mic_pop_std",
          1.0475140150597275
        ],
        [
          "mic_pop_avg",
          1.073560248536412
        ],
        [
          "mid_pop_avg",
          1.0784482398559168
        ]
      ]
    }
  },
  "lastfm0.03": {
    "dataset": "lastfm0.03",
    "n_interactions": 470408,
    "n_sessions": 25089,
    "n_items": 52510,
    "session_len_mean": 18.749571525369685,
    "session_len_median": 13.0,
    "session_len_p90": 44.0,
    "split_stats": [
      {
        "split": "train",
        "sessions": 17562,
        "interactions": 340629,
        "avg_session_len": 19.395797745131535,
        "median_session_len": 14.0,
        "p90_session_len": 46.0
      },
      {
        "split": "valid",
        "sessions": 3763,
        "interactions": 65291,
        "avg_session_len": 17.35078394897688,
        "median_session_len": 12.0,
        "p90_session_len": 38.0
      },
      {
        "split": "test",
        "sessions": 3764,
        "interactions": 64488,
        "avg_session_len": 17.132837407013817,
        "median_session_len": 12.0,
        "p90_session_len": 38.0
      }
    ],
    "valid_target_stats": {
      "n_sessions": 3763,
      "avg_prefix_len": 16.35078394897688,
      "median_prefix_len": 11.0,
      "oov_target_rate_vs_train": 0.16954557533882542,
      "target_pop_mean": 10.94605368057401,
      "target_pop_median": 4.0,
      "target_pop_share_mean": 3.213482610280983e-05,
      "top1pct_pop_target_rate": 0.05102311985118257
    },
    "test_target_stats": {
      "n_sessions": 3764,
      "avg_prefix_len": 16.132837407013817,
      "median_prefix_len": 11.0,
      "oov_target_rate_vs_train": 0.2555791710945802,
      "target_pop_mean": 9.466790648246546,
      "target_pop_median": 3.0,
      "target_pop_share_mean": 2.779208654649647e-05,
      "top1pct_pop_target_rate": 0.04091392136025505
    },
    "feature": {
      "n_feature_cols": 46,
      "low_variance_cols_lt1e-3": 0,
      "low_variance_examples": [],
      "least_variable_cols": [
        [
          "mac_hist_uniq_r",
          0.02972207487209202
        ],
        [
          "mac_is_new",
          0.0699638202840879
        ],
        [
          "mac_hist_ent",
          0.1481178126426026
        ],
        [
          "mac_hist_top1",
          0.18258818553905445
        ],
        [
          "mic_max_run_i",
          0.19805513764571692
        ],
        [
          "mac_hist_switch_r",
          0.19943962610855065
        ],
        [
          "mic_uniq_i",
          0.24158527520058312
        ],
        [
          "mid_uniq_item_r",
          0.25013036252704546
        ],
        [
          "mic_recons_r",
          0.25642344949941415
        ],
        [
          "mic_valid_r",
          0.2675566502074961
        ],
        [
          "mid_uniq_cat_r",
          0.271983650490024
        ],
        [
          "mic_uniq_c",
          0.28685656078769844
        ],
        [
          "mic_cat_top1",
          0.3003342616771661
        ],
        [
          "mid_win_top1",
          0.30155187415784773
        ],
        [
          "mic_is_recons",
          0.3022464015515453
        ]
      ],