stage_name,stage_key,split,aggregation_level,node_kind,node_name,route_space,support_size,wrapper_name,source_type,temperature,top_k,entropy_norm,n_eff_norm,top1_monopoly_norm,jitter_adj_norm,knn_consistency_score,knn_consistency_js,n_eff,cv_usage,top1_max_frac,entropy_mean
macro,macro@1,best_valid,session,final,final.expert,expert,16,FlatJointWrapper,,,,0.9160279705836206,0.9843588871026414,0.04944722376628992,0.7376272131604629,0.9436690672960778,0.057979738603669354,15.749742193642263,0.12605391442775726,0.1088567722808968,2.5397688204963407
macro,macro@1,best_valid,session,final,final.group,group,4,FlatJointWrapper,,,,0.9591255092317342,0.9959242250150719,0.10493484034340066,0.0,0.9856708689917139,0.014432784372586237,3.9836969000602878,0.0639725849032402,0.3287011302575505,1.3296302850541968
macro,macro@1,best_valid,session,final,final.intra.Exposure,intra,4,FlatJointWrapper,,,,0.8736215267393103,0.9874648841478524,0.10159965412883702,0.0,0.9566678835693135,0.04429898687371626,3.9498595365914095,0.11266875938586947,0.32619974059662776,1.2110965962716556
macro,macro@1,best_valid,session,final,final.intra.Focus,intra,4,FlatJointWrapper,,,,0.8927747302491638,0.9977790676651663,0.03403125193008464,0.0,0.9601760010812368,0.04063867686434169,3.9911162706606653,0.04718154204973829,0.2755234389475635,1.2376485742947472
macro,macro@1,best_valid,session,final,final.intra.Memory,intra,4,FlatJointWrapper,,,,0.8889872670647526,0.9926832194970249,0.08887653634735344,0.0,0.9595752310727185,0.041264560070527714,3.9707328779880995,0.08585342764854431,0.3166574022605151,1.2323980354392488
macro,macro@1,best_valid,session,final,final.intra.Tempo,intra,4,FlatJointWrapper,,,,0.8877961327513653,0.9816903674811134,0.11333456858748685,0.0,0.9602975309561342,0.040512114458734635,3.9267614699244535,0.1365695297718048,0.33500092644061513,1.2307467726572634
