stage_name,stage_key,split,aggregation_level,node_kind,node_name,route_space,support_size,wrapper_name,source_type,temperature,top_k,entropy_norm,n_eff_norm,top1_monopoly_norm,jitter_adj_norm,knn_consistency_score,knn_consistency_js,n_eff,cv_usage,top1_max_frac,entropy_mean
macro,macro@1,best_valid,session,final,final.expert,expert,12,ScalarGroupConditionalProductWrapper,,,,0.8417834207124945,0.9790016278456992,0.06716265796983285,0.8092485549132948,0.9484563540227431,0.05291950645629299,11.74801953414839,0.14645367051799088,0.14489910313901344,2.0917532198097675
macro,macro@1,best_valid,session,final,final.group,group,4,ScalarGroupConditionalProductWrapper,,,,0.8371341753439437,0.9959593433935983,0.05642750373692077,0.0,0.9704272638890147,0.030018826230671227,3.983837373574393,0.06369601569748018,0.2923206278026906,1.160514386780059
macro,macro@1,best_valid,session,final,final.intra.Exposure,intra,3,ScalarGroupConditionalProductWrapper,,,,0.8147789231298735,0.9733498366134081,0.12598094170403587,0.0,0.9702072037369506,0.030245618196575647,2.9200495098402244,0.16546876607928376,0.4173206278026906,0.8951261374982483
macro,macro@1,best_valid,session,final,final.intra.Focus,intra,3,ScalarGroupConditionalProductWrapper,,,,0.8878201481193935,0.9993157601478875,0.03265134529147986,0.0,0.9823360031152345,0.017821867119942745,2.9979472804436624,0.02616701290258727,0.35510089686098656,0.9753701248511071
macro,macro@1,best_valid,session,final,final.intra.Memory,intra,3,ScalarGroupConditionalProductWrapper,,,,0.8440916904598875,0.9873657999887593,0.09991591928251119,0.0,0.9786295336647485,0.021602121076325292,2.962097399966278,0.1131191778743512,0.3999439461883408,0.9273295039018707
macro,macro@1,best_valid,session,final,final.intra.Tempo,intra,3,ScalarGroupConditionalProductWrapper,,,,0.830237482966382,0.9525291517745417,0.2668161434977579,0.0,0.9811737954944334,0.01900567354387834,2.857587455323625,0.22324130018826424,0.5112107623318386,0.9121091012997478
