stage_name,stage_key,split,aggregation_level,node_kind,node_name,route_space,support_size,wrapper_name,source_type,temperature,top_k,entropy_norm,n_eff_norm,top1_monopoly_norm,jitter_adj_norm,knn_consistency_score,knn_consistency_js,n_eff,cv_usage,top1_max_frac,entropy_mean
macro,macro@1,best_valid,session,final,final.expert,expert,12,GroupConditionalProductWrapper,,,,0.941755944016975,0.8465456995330762,0.46546771293761485,0.0,0.9944158707773283,0.005599778758805858,10.158548394396915,0.425759534583064,0.5100120701928136,2.340175607765157
macro,macro@1,best_valid,session,final,final.group,group,4,GroupConditionalProductWrapper,,,,0.9216786542428317,0.8644041144632107,0.7247170726171687,0.0,0.9969211156014833,0.003083633914398685,3.457616457852843,0.3960633873939514,0.7935378044628765,1.277717921141407
macro,macro@1,best_valid,session,final,final.intra.Exposure,intra,3,GroupConditionalProductWrapper,,,,0.9686726512221406,0.9601477980194839,0.7725232892822878,0.0,0.9980599573780718,0.001941926942117677,2.8804433940584517,0.20373113177604268,0.8483488595215252,1.0641956783293616
macro,macro@1,best_valid,session,final,final.intra.Focus,intra,3,GroupConditionalProductWrapper,,,,0.9949686936876937,0.999542326679614,0.27755253628795146,0.0,0.9996650597115662,0.00033499639346044375,2.998626980038842,0.021397099658188232,0.518368357525301,1.0930848337253567
macro,macro@1,best_valid,session,final,final.intra.Memory,intra,3,GroupConditionalProductWrapper,,,,0.9537872600594756,0.9911097823231464,0.4885952152517719,0.0,0.9927646576509821,0.0072616443847522945,2.973329346969439,0.09471001566320611,0.6590634768345146,1.047842404676426
macro,macro@1,best_valid,session,final,final.intra.Tempo,intra,3,GroupConditionalProductWrapper,,,,0.9173398513678443,0.959823079486081,0.291526105660611,0.0,0.9949662512688118,0.005046460721585844,2.879469238458243,0.20459415492976635,0.5276840704404073,1.0078008335976911
