best_mrr20,epoch,epoch_time_sec,eval,lr,patience_used,train_loss,trial,valid_mrr20
0.0027,1,3.322875738143921,1,0.0006918502217122324,0,80.51325368881226,1,0.0027
0.0122,3,2.3577582836151123,1,0.0006905969424258146,0,73.59930467605591,1,0.0122
0.0434,10,2.344128131866455,1,0.0006764589887885513,0,56.258437633514404,1,0.0434
0.0925,58,2.3703739643096924,1,0.00029762306502441,0,19.80671763420105,1,0.0925
0.0925,68,2.3115756511688232,1,0.0002081113972638921,10,17.413904070854187,1,0.0891
