best_mrr20,epoch,epoch_time_sec,eval,lr,patience_used,train_loss,trial,valid_mrr20
0.1761,1,49.697009801864624,1,0.00028483,0,2356.6911239624023,1,0.1761
0.3048,3,48.2351233959198,1,0.00028483,0,1714.4067959785461,1,0.3048
0.3662,10,47.04229140281677,1,0.00028483,0,847.5806381702423,1,0.3662
0.3707,13,46.960118770599365,1,0.00028483,0,759.9150211811066,1,0.3707
0.3707,23,47.72232484817505,1,0.00028483,10,598.5607979297638,1,0.3604
