stage_name,stage_key,split,aggregation_level,node_kind,node_name,route_space,support_size,wrapper_name,source_type,temperature,top_k,entropy_norm,n_eff_norm,top1_monopoly_norm,jitter_adj_norm,knn_consistency_score,knn_consistency_js,n_eff,cv_usage,top1_max_frac,entropy_mean
macro,macro@1,best_valid,session,final,final.expert,expert,9,GroupConditionalProductWrapper,,,,0.9539086339950269,0.964983629654899,0.2406788688746853,0.0,0.9923228936277866,0.007706727051462482,8.684852666894091,0.19049210092697827,0.3250478834441647,2.0959514951470934
macro,macro@1,best_valid,session,final,final.group,group,3,GroupConditionalProductWrapper,,,,0.951538984535281,0.990957869505222,0.23164826651171802,0.0,0.996335752747878,0.003670977050878569,2.972873608515666,0.09552301554313256,0.487765511007812,1.0453724215572342
macro,macro@1,best_valid,session,final,final.intra.Focus,intra,3,GroupConditionalProductWrapper,,,,0.9731304333875322,0.998923329676953,0.2737426560785073,0.0,0.9949621425403845,0.005050590245482328,2.996769989030859,0.03282954166592533,0.5158284373856715,1.0690930525964664
macro,macro@1,best_valid,session,final,final.intra.Memory,intra,3,GroupConditionalProductWrapper,,,,0.9133157613135638,0.9378526212956326,0.3004390212408806,0.0,0.9938790096974989,0.006139800360378293,2.813557863886898,0.2574212474399433,0.5336260141605871,1.0033799188133514
macro,macro@1,best_valid,session,final,final.intra.Tempo,intra,3,GroupConditionalProductWrapper,,,,0.9863801315340807,0.9997140391067462,0.076957841048486,0.0,0.9990061595237723,0.0009943346631295688,2.9991421173202384,0.016909849326019008,0.38463856069899066,1.0836493338014075
