stage_name,stage_key,split,aggregation_level,node_kind,node_name,route_space,support_size,wrapper_name,source_type,temperature,top_k,entropy_norm,n_eff_norm,top1_monopoly_norm,jitter_adj_norm,knn_consistency_score,knn_consistency_js,n_eff,cv_usage,top1_max_frac,entropy_mean
macro,macro@1,best_valid,session,final,final.expert,expert,6,GroupConditionalProductWrapper,,,,0.999043281034686,0.9968713366846366,0.980507614213198,0.0,0.9999896925756232,1.0307477498674288e-05,5.981228020107819,0.056022163673574814,0.983756345177665,1.7900452589625635
macro,macro@1,best_valid,session,final,final.group,group,2,GroupConditionalProductWrapper,,,,0.9996343204896485,0.9996467884682393,0.9675126903553299,0.0,0.9999947979624227,5.202051107895322e-06,1.9992935769364786,0.018796950578689575,0.983756345177665,0.6928937108383566
macro,macro@1,best_valid,session,final,final.intra.Focus,intra,3,GroupConditionalProductWrapper,,,,0.9987137502817277,0.9973842556923351,0.9756345177664975,0.0,0.9999936480885718,6.35193160166387e-06,2.9921527670770054,0.051211236381195895,0.983756345177665,1.09719919892132
macro,macro@1,best_valid,session,final,final.intra.Tempo,intra,3,GroupConditionalProductWrapper,,,,0.998635012206177,0.9970709301315271,1.0,0.0,0.9999961982833153,3.8017239112538837e-06,2.9912127903945813,0.05420115056034474,1.0,1.097112696303934
