best_mrr20,epoch,epoch_time_sec,eval,lr,patience_used,train_loss,trial,valid_mrr20
0.0069,1,2.9423699378967285,1,0.0005672,0,80.22555208206177,1,0.0069
0.0114,3,1.744643211364746,1,0.0005672,1,70.66113376617432,1,0.0095
0.0422,10,2.168487787246704,1,0.0005672,0,49.90730428695679,1,0.0422
0.0822,42,2.043729305267334,1,0.0005672,0,20.799002408981323,1,0.0822
0.0822,52,1.848271369934082,1,0.0005672,10,16.145413398742676,1,0.0795
