best_mrr20,epoch,epoch_time_sec,eval,lr,patience_used,train_loss,trial,valid_mrr20
0.011,1,23.688533306121826,1,0.00034992070542535163,0,683.8023509979248,1,0.011
0.0154,3,23.027822732925415,1,0.00034928682780526084,0,594.2737731933594,1,0.0154
0.0169,10,22.804160833358765,1,0.00034213620104419886,0,490.2016897201538,1,0.0169
0.0183,28,22.493669748306274,1,0.0002918120450658123,0,289.8873841762543,1,0.0183
0.0183,38,23.122043132781982,1,0.0002487095799007198,10,206.7558343410492,1,0.0158
