best_mrr20,epoch,epoch_time_sec,eval,lr,patience_used,train_loss,trial,valid_mrr20
0.011,1,17.48343586921692,1,0.0005476,0,697.7674360275269,1,0.011
0.0174,3,16.519578218460083,1,0.0005476,0,603.055136680603,1,0.0174
0.0182,10,16.85574984550476,1,0.0005476,1,513.2010822296143,1,0.0169
0.0184,13,16.60243010520935,1,0.0005476,0,495.0789008140564,1,0.0184
0.0184,23,18.753711700439453,1,0.0005476,10,450.17763805389404,1,0.0168
