best_mrr20,epoch,epoch_time_sec,eval,lr,patience_used,train_loss,trial,valid_mrr20
0.0846,1,20.33270764350891,1,0.0005085903818575301,0,1583.2524194717407,1,0.0846
0.1916,3,19.408304691314697,1,0.000507669075813462,0,1035.9163527488708,1,0.1916
0.3034,10,19.60822820663452,1,0.0004972760355087779,0,434.06337451934814,1,0.3034
0.3144,14,19.172696352005005,1,0.0004864838146169291,0,279.04537749290466,1,0.3144
0.3144,24,19.38337206840515,1,0.00044546350928160143,10,104.31736433506012,1,0.3014
