best_mrr20,epoch,epoch_time_sec,eval,lr,patience_used,train_loss,trial,valid_mrr20
0.0122,1,19.309863328933716,1,0.0005476,0,685.6340193748474,1,0.0122
0.0157,3,18.16424560546875,1,0.0005476,0,583.8617691993713,1,0.0157
0.0179,4,18.431340217590332,1,0.0005476,0,561.140522480011,1,0.0179
0.0179,10,17.81034207344055,1,0.0005476,6,489.2293963432312,1,0.0176
0.0179,14,17.653619050979614,1,0.0005476,10,454.1908221244812,1,0.0176
