avg_epoch_time_sec,early_stopped,epochs_run,mrr@20,status,test_hr@10,test_inference_time_sec,test_mrr@20,trial
24.171917174543655,True,28,0.0863,ok,0.1441,0.17714238166809082,0.0556,1
24.293656226750965,True,37,0.0881,ok,0.1436,0.16140007972717285,0.0537,2
