best_mrr20,epoch,epoch_time_sec,eval,lr,patience_used,train_loss,trial,valid_mrr20
0.0128,1,18.812777519226074,1,0.0005476,0,687.9417271614075,1,0.0128
0.0165,3,17.556957006454468,1,0.0005476,0,585.9351110458374,1,0.0165
0.0172,10,17.953534841537476,1,0.0005476,4,492.0489821434021,1,0.0171
0.0196,14,18.47463369369507,1,0.0005476,0,458.88286542892456,1,0.0196
0.0196,24,17.769814252853394,1,0.0005476,10,391.01987075805664,1,0.0173
