{
  "split": "best_valid",
  "feature_mode": "runtime:unknown|ablation:none",
  "stages": [
    {
      "stage": "macro@1",
      "n_eff": 15.887052531377519,
      "cv_usage": 0.08431637287139893,
      "top1_max_frac": 0.7843254561770865,
      "entropy_mean": 2.745165095441968,
      "route_jitter_adjacent": 0.0,
      "route_consistency_knn_js": 0.0006344767563651053,
      "route_consistency_knn_score": 0.9993657244814496,
      "route_consistency_group_knn_js": 0.0005739140643647603,
      "route_consistency_group_knn_score": 0.9994262505928106,
      "route_consistency_intra_group_knn_mean_js": 7.70078560536463e-05,
      "route_consistency_intra_group_knn_mean_score": 0.9999229959811865,
      "route_consistency_feature_group_knn_mean_score": 0.998894165002106,
      "family_top_expert_mean_share": 0.07214633375406265,
      "route_consistency_feature_group_knn_tempo_js": 0.0008133841853773004,
      "route_consistency_feature_group_knn_tempo_score": 0.9991869465218691,
      "route_consistency_feature_group_knn_focus_js": 0.0009466329830114922,
      "route_consistency_feature_group_knn_focus_score": 0.9990538149326423,
      "route_consistency_feature_group_knn_memory_js": 0.0012272219908864874,
      "route_consistency_feature_group_knn_memory_score": 0.9987735307380676,
      "route_consistency_feature_group_knn_exposure_js": 0.0014386665687986919,
      "route_consistency_feature_group_knn_exposure_score": 0.9985623678158451
    }
  ]
}
