best_mrr20,epoch,epoch_time_sec,eval,lr,patience_used,train_loss,trial,valid_mrr20
0.314,1,48.57690668106079,1,0.00056966,0,2151.1127123832703,1,0.314
0.3613,3,48.13666796684265,1,0.00056966,0,1141.1443190574646,1,0.3613
0.373,6,47.60960245132446,1,0.00056966,0,803.1117136478424,1,0.373
0.373,10,48.445555448532104,1,0.00056966,4,639.578816652298,1,0.3575
0.373,16,49.24900436401367,1,0.00056966,10,431.7215874195099,1,0.3283
