cv_usage,entropy_mean,family_top_expert_mean_share,n_eff,route_consistency_feature_group_knn_exposure_js,route_consistency_feature_group_knn_exposure_score,route_consistency_feature_group_knn_focus_js,route_consistency_feature_group_knn_focus_score,route_consistency_feature_group_knn_mean_score,route_consistency_feature_group_knn_memory_js,route_consistency_feature_group_knn_memory_score,route_consistency_feature_group_knn_tempo_js,route_consistency_feature_group_knn_tempo_score,route_consistency_group_knn_js,route_consistency_group_knn_score,route_consistency_intra_group_knn_mean_js,route_consistency_intra_group_knn_mean_score,route_consistency_knn_js,route_consistency_knn_score,route_jitter_adjacent,stage,top1_max_frac
0.23954090413695003,1.8777146246954473,0.12734867632389069,11.348806596387767,0.06520873643597384,0.9368718836678469,0.06795420791773245,0.9343032562892262,0.9349700891196372,0.07368907261533543,0.9289604881969755,0.06214700621093956,0.9397447283245,0.023866283208922392,0.9764162642786643,0.03209748727587115,0.9684212965417214,0.05019649901751457,0.9510425272165364,0.0,macro@1,0.20727033539388814
0.31903505119576897,1.6385449518294974,0.14331744611263275,10.891433566405194,0.06776080491906084,0.9344839708154635,0.0858188031827666,0.917760511438628,0.9232435159547816,0.09251799824104412,0.9116328030298725,0.0735423706370148,0.9290967785351624,0.020907233595175365,0.9793098074058553,0.029427510224265846,0.9710095239766603,0.04236280130350441,0.9585219644640858,0.5114253932941364,micro@1,0.19362055811726592
0.5586256665400962,1.6481259535624275,0.20733293890953064,9.145904933856993,0.07559344288317138,0.9271930868906503,0.06288324580100271,0.9390531056821808,0.9325471711030409,0.07493235369434299,0.9278062468707359,0.0659942522336144,0.9361362449685966,0.023410931914097006,0.9768609779316769,0.022376292302986846,0.977881269843523,0.043826971279909,0.9571195523174131,0.0,mid@1,0.3328321777670387
