stage_name,stage_key,split,aggregation_level,node_kind,node_name,route_space,support_size,wrapper_name,source_type,temperature,top_k,entropy_norm,n_eff_norm,top1_monopoly_norm,jitter_adj_norm,knn_consistency_score,knn_consistency_js,n_eff,cv_usage,top1_max_frac,entropy_mean
macro,macro@1,best_valid,session,final,final.expert,expert,16,FlatJointWrapper,,,,0.9115793247689437,0.8723535949843928,0.22712776480829344,0.8602461651510976,0.9780273405242039,0.022217653791847893,13.957657519750285,0.3825233578681946,0.2754322795077751,2.527434555281328
macro,macro@1,best_valid,session,final,final.group,group,4,FlatJointWrapper,,,,0.9404379896845787,0.9336413636809338,0.38026088447486783,0.0,0.992990297674604,0.007034385705137294,3.734565454723735,0.26659920811653137,0.5351956633561509,1.3037238820826573
macro,macro@1,best_valid,session,final,final.intra.Exposure,intra,4,FlatJointWrapper,,,,0.8786547593247848,0.923296851002268,0.24330312982234004,0.0,0.9878544369008289,0.012219923160593317,3.693187404009072,0.28822779655456543,0.432477347366755,1.2180741382231037
macro,macro@1,best_valid,session,final,final.intra.Focus,intra,4,FlatJointWrapper,,,,0.8977386616574125,0.969574466486628,0.18284335061132437,0.0,0.9859761147074247,0.01412314910757845,3.878297865946512,0.17714498502880247,0.38713251295849327,1.2445300444149883
macro,macro@1,best_valid,session,final,final.intra.Memory,intra,4,FlatJointWrapper,,,,0.8682823940151796,0.9195887364025727,0.3057676835621678,0.0,0.9843376318759958,0.015786318957516043,3.6783549456102906,0.29570692777633667,0.47932576267162585,1.2036949866829225
macro,macro@1,best_valid,session,final,final.intra.Tempo,intra,4,FlatJointWrapper,,,,0.9086435735012703,0.958646125912722,0.17471873804719137,0.0,0.9857166974970608,0.014386290718944253,3.834584503650888,0.20769645273685455,0.3810390535353935,1.259647462212638
