{
  "valid": {
    "count": 3499,
    "hit@5": 0.015432980851671906,
    "hit@10": 0.025150042869391254,
    "hit@20": 0.03772506430408688,
    "ndcg@5": 0.01195482806193212,
    "ndcg@10": 0.015013259405679585,
    "ndcg@20": 0.01816318291669302,
    "mrr@5": 0.010817376421362579,
    "mrr@10": 0.012031101912609268,
    "mrr@20": 0.012880899486932867
  },
  "test": {
    "count": 2706,
    "hit@5": 0.11382113821138211,
    "hit@10": 0.11862527716186252,
    "hit@20": 0.12490761271249076,
    "ndcg@5": 0.11117277583499706,
    "ndcg@10": 0.11280557617864517,
    "ndcg@20": 0.11434559994883126,
    "mrr@5": 0.11029194385165739,
    "mrr@10": 0.11101403117939797,
    "mrr@20": 0.11141137526138614
  },
  "slice_metrics": {
    "valid": {
      "target_popularity_abs": {
        "cold_0": {
          "count": 860,
          "hit@5": 0.0,
          "hit@10": 0.0,
          "hit@20": 0.0,
          "ndcg@5": 0.0,
          "ndcg@10": 0.0,
          "ndcg@20": 0.0,
          "mrr@5": 0.0,
          "mrr@10": 0.0,
          "mrr@20": 0.0
        },
        "rare_1_5": {
          "count": 116,
          "hit@5": 0.017241379310344827,
          "hit@10": 0.017241379310344827,
          "hit@20": 0.017241379310344827,
          "ndcg@5": 0.017241379310344827,
          "ndcg@10": 0.017241379310344827,
          "ndcg@20": 0.017241379310344827,
          "mrr@5": 0.017241379310344827,
          "mrr@10": 0.017241379310344827,
          "mrr@20": 0.017241379310344827
        },
        "6_20": {
          "count": 334,
          "hit@5": 0.0029940119760479044,
          "hit@10": 0.008982035928143712,
          "hit@20": 0.014970059880239521,
          "ndcg@5": 0.0029940119760479044,
          "ndcg@10": 0.004857479544456847,
          "ndcg@20": 0.006305468385804913,
          "mrr@5": 0.0029940119760479044,
          "mrr@10": 0.003721129193812787,
          "mrr@20": 0.004084687802695229
        },
        "21_100": {
          "count": 1259,
          "hit@5": 0.012708498808578236,
          "hit@10": 0.025416997617156472,
          "hit@20": 0.03653693407466243,
          "ndcg@5": 0.008461351405068747,
          "ndcg@10": 0.01258507846744407,
          "ndcg@20": 0.015368746873213244,
          "mrr@5": 0.007095578540119507,
          "mrr@10": 0.008803598298687515,
          "mrr@20": 0.009555247080430235
        },
        "101+": {
          "count": 930,
          "hit@5": 0.03763440860215054,
          "hit@10": 0.054838709677419356,
          "hit@20": 0.08494623655913978,
          "ndcg@5": 0.03029795910722466,
          "ndcg@10": 0.03555309967969054,
          "ndcg@20": 0.04311580459276835,
          "mrr@5": 0.027867383565953984,
          "mrr@10": 0.029860471164987933,
          "mrr@20": 0.03190959731657659
        }
      },
      "target_popularity_abs_legacy": {
        "<=5": {
          "count": 976,
          "hit@5": 0.0020491803278688526,
          "hit@10": 0.0020491803278688526,
          "hit@20": 0.0020491803278688526,
          "ndcg@5": 0.0020491803278688526,
          "ndcg@10": 0.0020491803278688526,
          "ndcg@20": 0.0020491803278688526,
          "mrr@5": 0.0020491803278688526,
          "mrr@10": 0.0020491803278688526,
          "mrr@20": 0.0020491803278688526
        },
        "6-20": {
          "count": 334,
          "hit@5": 0.0029940119760479044,
          "hit@10": 0.008982035928143712,
          "hit@20": 0.014970059880239521,
          "ndcg@5": 0.0029940119760479044,
          "ndcg@10": 0.004857479544456847,
          "ndcg@20": 0.006305468385804913,
          "mrr@5": 0.0029940119760479044,
          "mrr@10": 0.003721129193812787,
          "mrr@20": 0.004084687802695229
        },
        "21-100": {
          "count": 1259,
          "hit@5": 0.012708498808578236,
          "hit@10": 0.025416997617156472,
          "hit@20": 0.03653693407466243,
          "ndcg@5": 0.008461351405068747,
          "ndcg@10": 0.01258507846744407,
          "ndcg@20": 0.015368746873213244,
          "mrr@5": 0.007095578540119507,
          "mrr@10": 0.008803598298687515,
          "mrr@20": 0.009555247080430235
        },
        ">100": {
          "count": 930,
          "hit@5": 0.03763440860215054,
          "hit@10": 0.054838709677419356,
          "hit@20": 0.08494623655913978,
          "ndcg@5": 0.03029795910722466,
          "ndcg@10": 0.03555309967969054,
          "ndcg@20": 0.04311580459276835,
          "mrr@5": 0.027867383565953984,
          "mrr@10": 0.029860471164987933,
          "mrr@20": 0.03190959731657659
        }
      },
      "session_len": {
        "<=7": {
          "count": 2358,
          "hit@5": 0.01102629346904156,
          "hit@10": 0.020356234096692113,
          "hit@20": 0.029686174724342665,
          "ndcg@5": 0.007928280139292976,
          "ndcg@10": 0.010833939118745268,
          "ndcg@20": 0.01315747610940278,
          "mrr@5": 0.006905569709944866,
          "mrr@10": 0.008040005699798554,
          "mrr@20": 0.008659459729509095
        },
        "8-12": {
          "count": 507,
          "hit@5": 0.015779092702169626,
          "hit@10": 0.02564102564102564,
          "hit@20": 0.04339250493096647,
          "ndcg@5": 0.009502030394721549,
          "ndcg@10": 0.012544225188637155,
          "ndcg@20": 0.01693477721139054,
          "mrr@5": 0.007462196007988157,
          "mrr@10": 0.00863153950349819,
          "mrr@20": 0.009789500907210438
        },
        "13+": {
          "count": 634,
          "hit@5": 0.031545741324921134,
          "hit@10": 0.04258675078864353,
          "hit@20": 0.06309148264984227,
          "ndcg@5": 0.02889200222417007,
          "ndcg@10": 0.0325316152174014,
          "ndcg@20": 0.0377629594847983,
          "mrr@5": 0.028049421681778663,
          "mrr@10": 0.02959353568426066,
          "mrr@20": 0.031053603001009403
        }
      },
      "session_len_legacy": {
        "1-2": {
          "count": 615,
          "hit@5": 0.008130081300813009,
          "hit@10": 0.014634146341463415,
          "hit@20": 0.01788617886178862,
          "ndcg@5": 0.005078394626214252,
          "ndcg@10": 0.007116326229359076,
          "ndcg@20": 0.007929334359440376,
          "mrr@5": 0.0040650406504065045,
          "mrr@10": 0.004866434391436538,
          "mrr@20": 0.005083236570765332
        },
        "3-5": {
          "count": 1305,
          "hit@5": 0.012260536398467433,
          "hit@10": 0.024521072796934867,
          "hit@20": 0.034482758620689655,
          "ndcg@5": 0.00928981815718143,
          "ndcg@10": 0.013127458849172482,
          "ndcg@20": 0.015636097003216946,
          "mrr@5": 0.008301404883578363,
          "mrr@10": 0.009811774078913576,
          "mrr@20": 0.010496203156038263
        },
        "6-10": {
          "count": 799,
          "hit@5": 0.01376720901126408,
          "hit@10": 0.02127659574468085,
          "hit@20": 0.04005006257822278,
          "ndcg@5": 0.008468070823946345,
          "ndcg@10": 0.010742191864044705,
          "ndcg@20": 0.015356067665974995,
          "mrr@5": 0.006758448104834527,
          "mrr@10": 0.007608220652585035,
          "mrr@20": 0.008808152752465688
        },
        "11+": {
          "count": 780,
          "hit@5": 0.028205128205128206,
          "hit@10": 0.038461538461538464,
          "hit@20": 0.05641025641025641,
          "ndcg@5": 0.025407088987338237,
          "ndcg@10": 0.028769883245993885,
          "ndcg@20": 0.03333568171812938,
          "mrr@5": 0.02450854703783989,
          "mrr@10": 0.02592389098344705,
          "mrr@20": 0.02719079185372744
        }
      }
    },
    "test": {
      "target_popularity_abs": {
        "cold_0": {
          "count": 1813,
          "hit@5": 0.0,
          "hit@10": 0.0,
          "hit@20": 0.0,
          "ndcg@5": 0.0,
          "ndcg@10": 0.0,
          "ndcg@20": 0.0,
          "mrr@5": 0.0,
          "mrr@10": 0.0,
          "mrr@20": 0.0
        },
        "rare_1_5": {
          "count": 93,