best_mrr20,epoch,epoch_time_sec,eval,lr,patience_used,train_loss,trial,valid_mrr20
0.2839,1,72.36178946495056,1,0.0005652952051846692,0,2197.038245201111,1,0.2839
0.346,3,70.2737398147583,1,0.0005312636120928794,0,1203.1144828796387,1,0.346
0.3738,7,68.77595376968384,1,0.0003834656865160083,0,774.3129780292511,1,0.3738
0.3738,10,45.07089924812317,1,0.00024316031348399183,3,671.0076420307159,1,0.3707
