stage_name,stage_key,split,aggregation_level,node_kind,node_name,route_space,support_size,wrapper_name,source_type,temperature,top_k,entropy_norm,n_eff_norm,top1_monopoly_norm,jitter_adj_norm,knn_consistency_score,knn_consistency_js,n_eff,cv_usage,top1_max_frac,entropy_mean
macro,macro@1,best_valid,session,final,final.expert,expert,12,FlatJointWrapper,,,,0.9179663395093347,0.8760350403238797,0.2530296435649975,0.7917700009185267,0.9820935499594934,0.01806871044053184,10.512420483886556,0.3761740810819244,0.3152771732679144,2.281060661328295
macro,macro@1,best_valid,session,final,final.group,group,4,FlatJointWrapper,,,,0.9567181763892673,0.9774550281510648,0.3750906764795105,0.0,0.9938856303594054,0.006133138946070948,3.909820112604259,0.1518717259168625,0.5313180073596329,1.326293013109346
macro,macro@1,best_valid,session,final,final.intra.Exposure,intra,3,FlatJointWrapper,,,,0.9092888929895377,0.9511263845706462,0.4706406045977921,0.0,0.9887215235420137,0.011342560778212022,2.8533791537119386,0.22668275306574245,0.6470937363985281,0.998955951787728
macro,macro@1,best_valid,session,final,final.intra.Focus,intra,3,FlatJointWrapper,,,,0.927632465379712,0.9923931503809104,0.08663395718751239,0.0,0.9891197507772601,0.010939872002526671,2.977179451142731,0.08755187839578857,0.3910893047916749,1.0191084258336465
macro,macro@1,best_valid,session,final,final.intra.Memory,intra,3,FlatJointWrapper,,,,0.7857168372604041,0.7760795714404729,0.7785581450559884,0.0,0.9888414008163293,0.011221323397609976,2.3282387143214187,0.5371476996795028,0.8523720967039924,0.8631981728277213
macro,macro@1,best_valid,session,final,final.intra.Tempo,intra,3,FlatJointWrapper,,,,0.9028554337557918,0.9436588315362592,0.3219047995884937,0.0,0.9894886936086338,0.010566940373030687,2.8309764946087776,0.2443461042252841,0.5479365330589958,0.9918880744148894
