{
  "model": "GRU4Rec",
  "dataset": "lastfm0.03",
  "dataset_raw": "lastfm0.03",
  "max_evals": 6,
  "tune_epochs": 44,
  "n_completed": 6,
  "n_recorded_trials": 6,
  "timestamp": "2026-03-30T00:02:36.452815",
  "trials": [
    {
      "trial": 1,
      "params": {
        "learning_rate": 0.006227657987378776
      },
      "mrr@20": 0.2032,
      "valid_result": {
        "hit@5": 0.2256,
        "hit@10": 0.2376,
        "hit@20": 0.2509,
        "ndcg@5": 0.2069,
        "ndcg@10": 0.2108,
        "ndcg@20": 0.2142,
        "mrr@5": 0.2007,
        "mrr@10": 0.2023,
        "mrr@20": 0.2032
      },
      "test_result": {
        "hit@5": 0.2192,
        "hit@10": 0.2343,
        "hit@20": 0.2489,
        "ndcg@5": 0.1995,
        "ndcg@10": 0.2043,
        "ndcg@20": 0.208,
        "mrr@5": 0.1929,
        "mrr@10": 0.1948,
        "mrr@20": 0.1959
      },
      "best_hr@10": 0.2376,
      "test_mrr@20": 0.1959,
      "test_hr@10": 0.2343,
      "epochs_run": 44,
      "early_stop_epoch": 44,
      "early_stopped": false,
      "elapsed": 194.4,
      "status": "ok"
    },
    {
      "trial": 2,
      "params": {
        "learning_rate": 0.004353892344910903
      },
      "mrr@20": 0.1953,
      "valid_result": {
        "hit@5": 0.2182,
        "hit@10": 0.2301,
        "hit@20": 0.2477,
        "ndcg@5": 0.1989,
        "ndcg@10": 0.2028,
        "ndcg@20": 0.2072,
        "mrr@5": 0.1925,
        "mrr@10": 0.1941,
        "mrr@20": 0.1953
      },
      "test_result": {
        "hit@5": 0.2155,
        "hit@10": 0.2319,
        "hit@20": 0.2452,
        "ndcg@5": 0.1971,
        "ndcg@10": 0.2026,
        "ndcg@20": 0.2059,
        "mrr@5": 0.191,
        "mrr@10": 0.1933,
        "mrr@20": 0.1942
      },
      "best_hr@10": 0.2301,
      "test_mrr@20": 0.1942,
      "test_hr@10": 0.2319,
      "epochs_run": 43,
      "early_stop_epoch": 43,
      "early_stopped": true,
      "elapsed": 189.2,
      "status": "ok"
    },
    {
      "trial": 3,
      "params": {
        "learning_rate": 0.0027813711274414124
      },
      "mrr@20": 0.1907,
      "valid_result": {
        "hit@5": 0.2113,
        "hit@10": 0.2246,
        "hit@20": 0.241,
        "ndcg@5": 0.1937,
        "ndcg@10": 0.1979,
        "ndcg@20": 0.2021,
        "mrr@5": 0.1878,
        "mrr@10": 0.1895,
        "mrr@20": 0.1907
      },
      "test_result": {
        "hit@5": 0.2109,
        "hit@10": 0.2264,
        "hit@20": 0.2423,
        "ndcg@5": 0.1931,
        "ndcg@10": 0.1981,
        "ndcg@20": 0.2021,
        "mrr@5": 0.1871,
        "mrr@10": 0.1892,
        "mrr@20": 0.1903
      },
      "best_hr@10": 0.2246,
      "test_mrr@20": 0.1903,
      "test_hr@10": 0.2264,
      "epochs_run": 36,
      "early_stop_epoch": 36,
      "early_stopped": true,
      "elapsed": 157.3,
      "status": "ok"
    },
    {
      "trial": 4,
      "params": {
        "learning_rate": 0.007445440123663919
      },
      "mrr@20": 0.1992,
      "valid_result": {
        "hit@5": 0.2232,
        "hit@10": 0.2368,
        "hit@20": 0.2538,
        "ndcg@5": 0.203,
        "ndcg@10": 0.2073,
        "ndcg@20": 0.2116,
        "mrr@5": 0.1962,
        "mrr@10": 0.198,
        "mrr@20": 0.1992
      },
      "test_result": {
        "hit@5": 0.2168,
        "hit@10": 0.2325,
        "hit@20": 0.2484,
        "ndcg@5": 0.1986,
        "ndcg@10": 0.2037,
        "ndcg@20": 0.2077,
        "mrr@5": 0.1925,
        "mrr@10": 0.1946,
        "mrr@20": 0.1957
      },
      "best_hr@10": 0.2368,
      "test_mrr@20": 0.1957,
      "test_hr@10": 0.2325,
      "epochs_run": 44,
      "early_stop_epoch": 44,
      "early_stopped": false,
      "elapsed": 193.9,
      "status": "ok"
    },
    {
      "trial": 5,
      "params": {
        "learning_rate": 0.005032936142873839
      },
      "mrr@20": 0.1975,
      "valid_result": {
        "hit@5": 0.2211,
        "hit@10": 0.2384,
        "hit@20": 0.2519,
        "ndcg@5": 0.2009,
        "ndcg@10": 0.2066,
        "ndcg@20": 0.2099,
        "mrr@5": 0.1942,
        "mrr@10": 0.1966,
        "mrr@20": 0.1975
      },
      "test_result": {
        "hit@5": 0.224,
        "hit@10": 0.2407,
        "hit@20": 0.2561,
        "ndcg@5": 0.2004,
        "ndcg@10": 0.2058,
        "ndcg@20": 0.2096,
        "mrr@5": 0.1925,
        "mrr@10": 0.1948,
        "mrr@20": 0.1958
      },
      "best_hr@10": 0.2384,
      "test_mrr@20": 0.1958,
      "test_hr@10": 0.2407,
      "epochs_run": 38,
      "early_stop_epoch": 38,
      "early_stopped": true,
      "elapsed": 168.0,
      "status": "ok"
    },
    {
      "trial": 6,
      "params": {
        "learning_rate": 0.0066832148226354145
      },
      "mrr@20": 0.201,
      "valid_result": {
        "hit@5": 0.223,
        "hit@10": 0.2397,
        "hit@20": 0.257,
        "ndcg@5": 0.2041,
        "ndcg@10": 0.2094,
        "ndcg@20": 0.2138,
        "mrr@5": 0.1977,
        "mrr@10": 0.1999,
        "mrr@20": 0.201
      },
      "test_result": {
        "hit@5": 0.2226,
        "hit@10": 0.2388,
        "hit@20": 0.2569,
        "ndcg@5": 0.2036,
        "ndcg@10": 0.2089,
        "ndcg@20": 0.2134,
        "mrr@5": 0.1973,
        "mrr@10": 0.1994,
        "mrr@20": 0.2007
      },
      "best_hr@10": 0.2397,
      "test_mrr@20": 0.2007,
      "test_hr@10": 0.2388,
      "epochs_run": 44,
      "early_stop_epoch": 44,
      "early_stopped": false,
      "elapsed": 194.1,
      "status": "ok"
    }
  ],
  "run_group": "baseline",
  "run_axis": "stagec_focus_anchor2_core5",
  "run_phase": "P18_SC_D00_M02_P01_GRU4REC_B6_C3_S1",
  "parent_result": "",
  "interrupted": false,
  "interrupted_at": null,
  "tuned_search": {
    "learning_rate": [
      0.002370694736842106,
      0.01
    ]
  },
  "fixed_search": {
    "num_layers": 2,
    "weight_decay": 0.00011899999999999999,
    "dropout_ratio": 0.15000000000000002,
    "hidden_size": 224,
    "embedding_size": 224,
    "n_layers": 2,
    "dropout_prob": 0.15000000000000002,
    "hidden_dropout_prob": 0.15000000000000002,
    "attn_dropout_prob": 0.15000000000000002
  },
  "context_fixed": {
    "num_layers": 2,
    "search_space_type_overrides": {
      "learning_rate": "loguniform",
      "weight_decay": "choice",
      "dropout_ratio": "choice",
      "hidden_size": "choice",
      "embedding_size": "choice",
      "n_layers": "choice",
      "num_layers": "choice",
      "dropout_prob": "choice",
      "hidden_dropout_prob": "choice",
      "attn_dropout_prob": "choice"
    }
  },
  "best_params": {
    "learning_rate": 0.006227657987378776
  },
  "best_mrr@20": 0.2032,
  "best_hr@10": 0.2376,
  "test_mrr@20": 0.1959,
  "test_hr@10": 0.2343,
  "best_valid_result": {
    "hit@5": 0.2256,
    "hit@10": 0.2376,
    "hit@20": 0.2509,
    "ndcg@5": 0.2069,
    "ndcg@10": 0.2108,
    "ndcg@20": 0.2142,
    "mrr@5": 0.2007,
    "mrr@10": 0.2023,
    "mrr@20": 0.2032
  },
  "test_result": {
    "hit@5": 0.2192,
    "hit@10": 0.2343,
    "hit@20": 0.2489,
    "ndcg@5": 0.1995,
    "ndcg@10": 0.2043,
    "ndcg@20": 0.208,
    "mrr@5": 0.1929,
    "mrr@10": 0.1948,
    "mrr@20": 0.1959
  },
  "best_valid_special_metrics": {
    "split": "best_valid",
    "overall": {
      "count": 3763,
      "hit@20": 0.2508636726016476,
      "ndcg@20": 0.21415299919653916,
      "mrr@20": 0.20324215619524616
    },
    "slices": {
      "target_popularity_abs": {
        "rare_1_5": {
          "count": 3735,
          "hit@20": 0.250334672021419,
          "ndcg@20": 0.21388109141644066,
          "mrr@20": 0.203052271418822
        },
        "6_20": {
          "count": 28,
          "hit@20": 0.32142857142857145,
          "ndcg@20": 0.2504235548632486,
          "mrr@20": 0.22857142905039446
        }
      },
      "target_popularity_abs_legacy": {
        "<=5": {
          "count": 3735,
          "hit@20": 0.250334672021419,
          "ndcg@20": 0.21388109141644066,
          "mrr@20": 0.203052271418822
        },
        "6-20": {
          "count": 28,