{
  "split": "best_valid",
  "feature_mode": "runtime:unknown|ablation:none",
  "stages": [
    {
      "stage": "macro@1",
      "n_eff": 16.226538007941734,
      "cv_usage": 0.48223326994378984,
      "top1_max_frac": 0.2556878882601986,
      "entropy_mean": 2.668337071677284,
      "route_jitter_adjacent": 0.8545512997152567,
      "route_consistency_knn_js": 0.03090752435091667,
      "route_consistency_knn_score": 0.9695652301043987,
      "route_consistency_group_knn_js": 0.007613300084727053,
      "route_consistency_group_knn_score": 0.9924156076766891,
      "route_consistency_intra_group_knn_mean_js": 0.024062696066063517,
      "route_consistency_intra_group_knn_mean_score": 0.9762337172247233,
      "route_consistency_feature_group_knn_mean_score": 0.9633807849606548,
      "family_top_expert_mean_share": 0.11585729569196701,
      "route_consistency_feature_group_knn_tempo_js": 0.037507376898421874,
      "route_consistency_feature_group_knn_tempo_score": 0.9631873123596495,
      "route_consistency_feature_group_knn_focus_js": 0.03748700713457193,
      "route_consistency_feature_group_knn_focus_score": 0.9632069324575733,
      "route_consistency_feature_group_knn_memory_js": 0.038309821744549784,
      "route_consistency_feature_group_knn_memory_score": 0.9624147176887539,
      "route_consistency_feature_group_knn_exposure_js": 0.035923410804314625,
      "route_consistency_feature_group_knn_exposure_score": 0.964714177336643
    }
  ]
}
