{
  "model": "GRU4Rec",
  "dataset": "lastfm0.03",
  "dataset_raw": "lastfm0.03",
  "max_evals": 12,
  "tune_epochs": 72,
  "n_completed": 12,
  "n_recorded_trials": 12,
  "timestamp": "2026-04-05T17:02:21.246997",
  "trials": [
    {
      "trial": 1,
      "params": {
        "learning_rate": 0.0032959940592691196
      },
      "mrr@20": 0.1944,
      "valid_result": {
        "hit@5": 0.2129,
        "hit@10": 0.2288,
        "hit@20": 0.2482,
        "ndcg@5": 0.1964,
        "ndcg@10": 0.2016,
        "ndcg@20": 0.2065,
        "mrr@5": 0.1908,
        "mrr@10": 0.193,
        "mrr@20": 0.1944
      },
      "test_result": {
        "hit@5": 0.2187,
        "hit@10": 0.2396,
        "hit@20": 0.2577,
        "ndcg@5": 0.1971,
        "ndcg@10": 0.2038,
        "ndcg@20": 0.2083,
        "mrr@5": 0.1899,
        "mrr@10": 0.1926,
        "mrr@20": 0.1938
      },
      "best_hr@10": 0.2288,
      "test_mrr@20": 0.1938,
      "test_hr@10": 0.2396,
      "epochs_run": 39,
      "early_stop_epoch": 39,
      "early_stopped": true,
      "elapsed": 161.4,
      "status": "ok"
    },
    {
      "trial": 2,
      "params": {
        "learning_rate": 0.0035360574643112036
      },
      "mrr@20": 0.1951,
      "valid_result": {
        "hit@5": 0.2174,
        "hit@10": 0.2331,
        "hit@20": 0.2519,
        "ndcg@5": 0.1981,
        "ndcg@10": 0.2033,
        "ndcg@20": 0.208,
        "mrr@5": 0.1917,
        "mrr@10": 0.1938,
        "mrr@20": 0.1951
      },
      "test_result": {
        "hit@5": 0.2131,
        "hit@10": 0.2322,
        "hit@20": 0.2503,
        "ndcg@5": 0.192,
        "ndcg@10": 0.1982,
        "ndcg@20": 0.2027,
        "mrr@5": 0.1849,
        "mrr@10": 0.1875,
        "mrr@20": 0.1887
      },
      "best_hr@10": 0.2331,
      "test_mrr@20": 0.1887,
      "test_hr@10": 0.2322,
      "epochs_run": 46,
      "early_stop_epoch": 46,
      "early_stopped": true,
      "elapsed": 188.4,
      "status": "ok"
    },
    {
      "trial": 3,
      "params": {
        "learning_rate": 0.0046384132183294145
      },
      "mrr@20": 0.1953,
      "valid_result": {
        "hit@5": 0.2161,
        "hit@10": 0.2365,
        "hit@20": 0.2564,
        "ndcg@5": 0.1974,
        "ndcg@10": 0.204,
        "ndcg@20": 0.209,
        "mrr@5": 0.1913,
        "mrr@10": 0.194,
        "mrr@20": 0.1953
      },
      "test_result": {
        "hit@5": 0.2226,
        "hit@10": 0.2415,
        "hit@20": 0.2593,
        "ndcg@5": 0.1994,
        "ndcg@10": 0.2056,
        "ndcg@20": 0.2101,
        "mrr@5": 0.1916,
        "mrr@10": 0.1943,
        "mrr@20": 0.1955
      },
      "best_hr@10": 0.2365,
      "test_mrr@20": 0.1955,
      "test_hr@10": 0.2415,
      "epochs_run": 49,
      "early_stop_epoch": 49,
      "early_stopped": true,
      "elapsed": 204.1,
      "status": "ok"
    },
    {
      "trial": 4,
      "params": {
        "learning_rate": 0.0023479164351149955
      },
      "mrr@20": 0.1914,
      "valid_result": {
        "hit@5": 0.2131,
        "hit@10": 0.2325,
        "hit@20": 0.2527,
        "ndcg@5": 0.1938,
        "ndcg@10": 0.2001,
        "ndcg@20": 0.2053,
        "mrr@5": 0.1873,
        "mrr@10": 0.19,
        "mrr@20": 0.1914
      },
      "test_result": {
        "hit@5": 0.2155,
        "hit@10": 0.2335,
        "hit@20": 0.2548,
        "ndcg@5": 0.1924,
        "ndcg@10": 0.1982,
        "ndcg@20": 0.2036,
        "mrr@5": 0.1847,
        "mrr@10": 0.1871,
        "mrr@20": 0.1886
      },
      "best_hr@10": 0.2325,
      "test_mrr@20": 0.1886,
      "test_hr@10": 0.2335,
      "epochs_run": 37,
      "early_stop_epoch": 37,
      "early_stopped": true,
      "elapsed": 152.8,
      "status": "ok"
    },
    {
      "trial": 5,
      "params": {
        "learning_rate": 0.0015860050067579604
      },
      "mrr@20": 0.1903,
      "valid_result": {
        "hit@5": 0.2131,
        "hit@10": 0.2315,
        "hit@20": 0.2501,
        "ndcg@5": 0.1932,
        "ndcg@10": 0.1992,
        "ndcg@20": 0.2039,
        "mrr@5": 0.1865,
        "mrr@10": 0.1891,
        "mrr@20": 0.1903
      },
      "test_result": {
        "hit@5": 0.216,
        "hit@10": 0.2362,
        "hit@20": 0.2535,
        "ndcg@5": 0.1946,
        "ndcg@10": 0.2012,
        "ndcg@20": 0.2055,
        "mrr@5": 0.1875,
        "mrr@10": 0.1902,
        "mrr@20": 0.1914
      },
      "best_hr@10": 0.2315,
      "test_mrr@20": 0.1914,
      "test_hr@10": 0.2362,
      "epochs_run": 39,
      "early_stop_epoch": 39,
      "early_stopped": true,
      "elapsed": 162.1,
      "status": "ok"
    },
    {
      "trial": 6,
      "params": {
        "learning_rate": 0.0021080076997124822
      },
      "mrr@20": 0.1903,
      "valid_result": {
        "hit@5": 0.2126,
        "hit@10": 0.2328,
        "hit@20": 0.2511,
        "ndcg@5": 0.1929,
        "ndcg@10": 0.1995,
        "ndcg@20": 0.2041,
        "mrr@5": 0.1863,
        "mrr@10": 0.189,
        "mrr@20": 0.1903
      },
      "test_result": {
        "hit@5": 0.2157,
        "hit@10": 0.2298,
        "hit@20": 0.2468,
        "ndcg@5": 0.1935,
        "ndcg@10": 0.1982,
        "ndcg@20": 0.2025,
        "mrr@5": 0.1861,
        "mrr@10": 0.1881,
        "mrr@20": 0.1893
      },
      "best_hr@10": 0.2328,
      "test_mrr@20": 0.1893,
      "test_hr@10": 0.2298,
      "epochs_run": 39,
      "early_stop_epoch": 39,
      "early_stopped": true,
      "elapsed": 161.7,
      "status": "ok"
    },
    {
      "trial": 7,
      "params": {
        "learning_rate": 0.0015848880491370321
      },
      "mrr@20": 0.1901,
      "valid_result": {
        "hit@5": 0.2137,
        "hit@10": 0.2317,
        "hit@20": 0.2498,
        "ndcg@5": 0.1932,
        "ndcg@10": 0.1991,
        "ndcg@20": 0.2037,
        "mrr@5": 0.1864,
        "mrr@10": 0.1888,
        "mrr@20": 0.1901
      },
      "test_result": {
        "hit@5": 0.2168,
        "hit@10": 0.2362,
        "hit@20": 0.2529,
        "ndcg@5": 0.1948,
        "ndcg@10": 0.2012,
        "ndcg@20": 0.2054,
        "mrr@5": 0.1875,
        "mrr@10": 0.1902,
        "mrr@20": 0.1913
      },
      "best_hr@10": 0.2317,
      "test_mrr@20": 0.1913,
      "test_hr@10": 0.2362,
      "epochs_run": 39,
      "early_stop_epoch": 39,
      "early_stopped": true,
      "elapsed": 161.4,
      "status": "ok"
    },
    {
      "trial": 8,
      "params": {
        "learning_rate": 0.003703980981087905
      },
      "mrr@20": 0.1956,
      "valid_result": {
        "hit@5": 0.2203,
        "hit@10": 0.2392,
        "hit@20": 0.2541,
        "ndcg@5": 0.1991,
        "ndcg@10": 0.2052,
        "ndcg@20": 0.209,
        "mrr@5": 0.192,
        "mrr@10": 0.1945,
        "mrr@20": 0.1956
      },
      "test_result": {
        "hit@5": 0.221,
        "hit@10": 0.2359,
        "hit@20": 0.2564,
        "ndcg@5": 0.1983,
        "ndcg@10": 0.2032,
        "ndcg@20": 0.2084,
        "mrr@5": 0.1907,
        "mrr@10": 0.1928,
        "mrr@20": 0.1942
      },
      "best_hr@10": 0.2392,
      "test_mrr@20": 0.1942,
      "test_hr@10": 0.2359,
      "epochs_run": 38,
      "early_stop_epoch": 38,
      "early_stopped": true,
      "elapsed": 156.3,
      "status": "ok"
    },
    {
      "trial": 9,
      "params": {
        "learning_rate": 0.002787206414969496
      },
      "mrr@20": 0.1915,
      "valid_result": {
        "hit@5": 0.2145,
        "hit@10": 0.2299,
        "hit@20": 0.2487,
        "ndcg@5": 0.1948,
        "ndcg@10": 0.1996,
        "ndcg@20": 0.2044,
        "mrr@5": 0.1882,
        "mrr@10": 0.1901,
        "mrr@20": 0.1915
      },
      "test_result": {
        "hit@5": 0.2171,
        "hit@10": 0.2349,
        "hit@20": 0.2556,
        "ndcg@5": 0.1949,
        "ndcg@10": 0.2006,
        "ndcg@20": 0.2059,
        "mrr@5": 0.1875,
        "mrr@10": 0.1899,
        "mrr@20": 0.1913
      },
      "best_hr@10": 0.2299,
      "test_mrr@20": 0.1913,
      "test_hr@10": 0.2349,
      "epochs_run": 41,
      "early_stop_epoch": 41,