best_mrr20,epoch,epoch_time_sec,eval,lr,patience_used,train_loss,trial,valid_mrr20
0.0121,1,26.019323587417603,1,0.00034992070542535163,0,686.6153612136841,1,0.0121
0.0156,3,23.212968826293945,1,0.00034928682780526084,0,592.4633250236511,1,0.0156
0.0176,7,22.694857120513916,1,0.0003461301914344516,0,521.7560467720032,1,0.0176
0.0176,10,22.12654423713684,1,0.00034213620104419886,3,483.84601736068726,1,0.0173
0.0176,17,22.012253999710083,1,0.0003276323875845089,10,387.935462474823,1,0.0145
