stage_name,stage_key,split,aggregation_level,node_kind,node_name,route_space,support_size,wrapper_name,source_type,temperature,top_k,entropy_norm,n_eff_norm,top1_monopoly_norm,jitter_adj_norm,knn_consistency_score,knn_consistency_js,n_eff,cv_usage,top1_max_frac,entropy_mean
macro,macro@1,best_valid,session,final,final.expert,expert,12,ScalarGroupConditionalProductWrapper,,,,0.841770698955266,0.9789962293054257,0.06716265796983285,0.8089085345120707,0.9484523435665764,0.05292373486873256,11.747954751665109,0.14647337741753122,0.14489910313901344,2.0917216074306335
macro,macro@1,best_valid,session,final,final.group,group,4,ScalarGroupConditionalProductWrapper,,,,0.8371218357815499,0.9959583974115507,0.05642750373692077,0.0,0.970425020324196,0.03002113816840797,3.9838335896462027,0.06370272122041709,0.2923206278026906,1.1604972805142937
macro,macro@1,best_valid,session,final,final.intra.Exposure,intra,3,ScalarGroupConditionalProductWrapper,,,,0.8147742518916374,0.9733686414969668,0.12598094170403587,0.0,0.9702013924616236,0.03025160794052781,2.9201059244909002,0.16540840520237668,0.4173206278026906,0.8951210056185188
macro,macro@1,best_valid,session,final,final.intra.Focus,intra,3,ScalarGroupConditionalProductWrapper,,,,0.8878165356951575,0.9993144208798214,0.03349215246636771,0.0,0.982337083382319,0.017820767428506124,2.997943262639464,0.02619246594779295,0.35566143497757846,0.9753661561974496
macro,macro@1,best_valid,session,final,final.intra.Memory,intra,3,ScalarGroupConditionalProductWrapper,,,,0.8440759950994141,0.9873590885551772,0.0994955156950673,0.0,0.978629622975169,0.021602029815625156,2.9620772656655316,0.11314920743855215,0.39966367713004486,0.9273122607859795
macro,macro@1,best_valid,session,final,final.intra.Tempo,intra,3,ScalarGroupConditionalProductWrapper,,,,0.8302057185463761,0.9525232300517238,0.26639573991031384,0.0,0.9811701272391354,0.01900941219056052,2.8575696901551715,0.22325567235780738,0.5109304932735426,0.9120742045175869
