stage_name,stage_key,split,aggregation_level,node_kind,node_name,route_space,support_size,wrapper_name,source_type,temperature,top_k,entropy_norm,n_eff_norm,top1_monopoly_norm,jitter_adj_norm,knn_consistency_score,knn_consistency_js,n_eff,cv_usage,top1_max_frac,entropy_mean
macro,macro@1,best_valid,session,final,final.expert,expert,12,ScalarGroupConditionalProductWrapper,,,,0.8044438391859121,0.5750373262181392,0.6541516881997433,0.0,0.9769602265818739,0.023309337510214974,6.90044791461767,0.8596612084315767,0.6829723808497647,1.9989678453740618
macro,macro@1,best_valid,session,final,final.group,group,4,ScalarGroupConditionalProductWrapper,,,,0.8140508144156262,0.7210382473267304,0.9005375378611021,0.0,0.9926804066311221,0.007346513033526459,2.8841529893069215,0.622003972530365,0.9254031533958266,1.1285140536894371
macro,macro@1,best_valid,session,final,final.intra.Exposure,intra,3,ScalarGroupConditionalProductWrapper,,,,0.7701818587368212,0.7940490018998337,0.5829113242107531,0.0,0.9809814215823368,0.01920175784040976,2.382147005699501,0.509281962833346,0.7219408828071687,0.8461312545175179
macro,macro@1,best_valid,session,final,final.intra.Focus,intra,3,ScalarGroupConditionalProductWrapper,,,,0.9617246150045614,0.9688353411706524,0.5857666199762956,0.0,0.9968797106854714,0.003125167567582088,2.906506023511957,0.17935168953681918,0.7238444133175305,1.056562480358618
macro,macro@1,best_valid,session,final,final.intra.Memory,intra,3,ScalarGroupConditionalProductWrapper,,,,0.6986206085598522,0.6991256915924456,0.7833207628488308,0.0,0.9767906177770088,0.023482961292163273,2.097377074777337,0.6560168210278047,0.855547175232554,0.7675131856806469
macro,macro@1,best_valid,session,final,final.intra.Tempo,intra,3,ScalarGroupConditionalProductWrapper,,,,0.7695639699696105,0.9171201028394526,0.30255360413748517,0.0,0.9796460425444199,0.020563953636237028,2.7513603085183576,0.3006157189424122,0.5350357360916568,0.8454524343248303
