stage_name,stage_key,split,aggregation_level,node_kind,node_name,route_space,support_size,wrapper_name,source_type,temperature,top_k,entropy_norm,n_eff_norm,top1_monopoly_norm,jitter_adj_norm,knn_consistency_score,knn_consistency_js,n_eff,cv_usage,top1_max_frac,entropy_mean
macro,macro@1,best_valid,session,final,final.expert,expert,12,GroupConditionalProductWrapper,,,,0.9481054848294685,0.9804717289902799,0.1736278273136699,0.3719908567517021,0.9954931336532108,0.00451705288669491,11.76566074788336,0.14112840172265764,0.24249217503753073,2.3559536239532224
macro,macro@1,best_valid,session,final,final.group,group,4,GroupConditionalProductWrapper,,,,0.9833010117540243,0.9944631574430018,0.2093286528983124,0.0,0.9985942971359142,0.001406691791223993,3.9778526297720074,0.07461696118116379,0.4069964896737343,1.363144647878087
macro,macro@1,best_valid,session,final,final.intra.Exposure,intra,3,GroupConditionalProductWrapper,,,,0.8185420342259645,0.9785379133357393,0.28903476095550673,0.0,0.9944319388296713,0.0055836206070701945,2.9356137400072178,0.1480975740224846,0.5260231739703378,0.899260337592037
macro,macro@1,best_valid,session,final,final.intra.Focus,intra,3,GroupConditionalProductWrapper,,,,0.9752177296574593,0.99706773031867,0.26271402586768156,0.0,0.9988938130648097,0.0011067992115277264,2.99120319095601,0.054230816908752415,0.508476017245121,1.0713861819286994
macro,macro@1,best_valid,session,final,final.intra.Memory,intra,3,GroupConditionalProductWrapper,,,,0.946696859158671,0.9986170608525367,0.3435589204572149,0.0,0.9982993689154215,0.0017020787992065487,2.99585118255761,0.03721298352739264,0.5623726136381433,1.0400528031152187
macro,macro@1,best_valid,session,final,final.intra.Tempo,intra,3,GroupConditionalProductWrapper,,,,0.8605093646024811,0.9532517486023923,0.27832591667841255,0.0,0.9956370626418379,0.004372482743420924,2.8597552458071767,0.2214514174624855,0.518883944452275,0.9453661624662727
