{
  "split": "best_valid",
  "feature_mode": "perturb:zero@both#shift1",
  "stages": [
    {
      "stage": "macro@1",
      "n_eff": 15.968860314247554,
      "cv_usage": 0.0441582128405571,
      "top1_max_frac": 1.0,
      "entropy_mean": 2.7716142033479247,
      "route_jitter_adjacent": 0.0,
      "route_consistency_knn_js": -7.063754977856009e-10,
      "route_consistency_knn_score": 1.0000000007063754,
      "route_consistency_group_knn_js": 1.5815458560131106e-09,
      "route_consistency_group_knn_score": 0.9999999984184541,
      "route_consistency_intra_group_knn_mean_js": 9.230560564572137e-10,
      "route_consistency_intra_group_knn_mean_score": 0.9999999990769439,
      "route_consistency_feature_group_knn_mean_score": 1.0000000007063754,
      "family_top_expert_mean_share": 0.0,
      "route_consistency_feature_group_knn_tempo_js": -7.063754742382028e-10,
      "route_consistency_feature_group_knn_tempo_score": 1.0000000007063754,
      "route_consistency_feature_group_knn_focus_js": -7.063754742382028e-10,
      "route_consistency_feature_group_knn_focus_score": 1.0000000007063754,
      "route_consistency_feature_group_knn_memory_js": -7.063754742382028e-10,
      "route_consistency_feature_group_knn_memory_score": 1.0000000007063754,
      "route_consistency_feature_group_knn_exposure_js": -7.063754742382028e-10,
      "route_consistency_feature_group_knn_exposure_score": 1.0000000007063754
    }
  ]
}
