stage_name,stage_key,split,aggregation_level,node_kind,node_name,route_space,support_size,wrapper_name,source_type,temperature,top_k,entropy_norm,n_eff_norm,top1_monopoly_norm,jitter_adj_norm,knn_consistency_score,knn_consistency_js,n_eff,cv_usage,top1_max_frac,entropy_mean
macro,macro@1,best_valid,token,primitive,primitive.a_joint,expert,20,FlatJointWrapper,both,1.0,,0.747066811343538,0.7620250519834562,0.12750657556327014,0.0,0.9394249350857281,0.062487362111831056,15.240501039669123,0.5588316921813076,0.17113124678510663,2.2380121572429075
macro,macro@1,best_valid,token,wrapper,wrapper.group,group,4,FlatJointWrapper,,,,0.8743337627069968,0.9808229569832503,0.2221474828209288,0.0,0.9849970094823359,0.015116673873199262,3.923291827933001,0.13982853293418884,0.4166106121156966,1.2120839649774462
macro,macro@1,best_valid,token,wrapper,wrapper.intra.Exposure,intra,5,FlatJointWrapper,,,,0.6435462183310184,0.7101694043555677,0.40910259961223444,0.0,0.9639827705158089,0.03668185744022567,3.5508470217778387,0.6388385498696781,0.5272820796897876,1.035747682185534
macro,macro@1,best_valid,token,wrapper,wrapper.intra.Focus,intra,5,FlatJointWrapper,,,,0.6961758789239735,0.8115375971320591,0.367556285363827,0.0,0.9582491823590983,0.04264742798653968,4.057687985660295,0.48190138246286573,0.4940450282910616,1.1204518532623748
macro,macro@1,best_valid,token,wrapper,wrapper.intra.Memory,intra,5,FlatJointWrapper,,,,0.6983854254942718,0.874462006517074,0.24860523087880343,0.0,0.9629211343049402,0.03778376637884261,4.37231003258537,0.3788936736520334,0.39888418470304277,1.1240079812819017
macro,macro@1,best_valid,token,wrapper,wrapper.intra.Tempo,intra,5,FlatJointWrapper,,,,0.7195866383791399,0.8529771994737662,0.1936552842954932,0.0,0.9662107250139776,0.03437332672267411,4.264885997368831,0.4151677650933301,0.35492422743639457,1.1581300170883948
