{
  "valid": {
    "count": 21584,
    "hit@5": 0.44120644922164565,
    "hit@10": 0.5164936990363233,
    "hit@20": 0.5820051890289103,
    "ndcg@5": 0.34964803094700186,
    "ndcg@10": 0.37401932797596976,
    "ndcg@20": 0.3905901657472647,
    "mrr@5": 0.31921253454636056,
    "mrr@10": 0.3292862445811946,
    "mrr@20": 0.33383766613317983
  },
  "test": {
    "count": 20980,
    "hit@5": 0.41163012392755005,
    "hit@10": 0.475023832221163,
    "hit@20": 0.5355100095328885,
    "ndcg@5": 0.32791070667645045,
    "ndcg@10": 0.34849640075738825,
    "ndcg@20": 0.3638182712883979,
    "mrr@5": 0.30004289850407945,
    "mrr@10": 0.3085884712029202,
    "mrr@20": 0.312810360847682
  },
  "slice_metrics": {
    "valid": {
      "target_popularity_abs": {
        "cold_0": {
          "count": 2295,
          "hit@5": 0.023529411764705882,
          "hit@10": 0.038779956427015254,
          "hit@20": 0.05010893246187364,
          "ndcg@5": 0.010647997032842865,
          "ndcg@10": 0.015504980385952785,
          "ndcg@20": 0.018321856726488516,
          "mrr@5": 0.006528685665598103,
          "mrr@10": 0.008490853287555554,
          "mrr@20": 0.009239031473470929
        },
        "rare_1_5": {
          "count": 5000,
          "hit@5": 0.451,
          "hit@10": 0.497,
          "hit@20": 0.5412,
          "ndcg@5": 0.3707233847796917,
          "ndcg@10": 0.3856616598904133,
          "ndcg@20": 0.39684584535956385,
          "mrr@5": 0.3438766671270132,
          "mrr@10": 0.3500775402903557,
          "mrr@20": 0.35315234463065864
        },
        "6_20": {
          "count": 6501,
          "hit@5": 0.46362098138747887,
          "hit@10": 0.5465313028764806,
          "hit@20": 0.6263651745885248,
          "ndcg@5": 0.373444952532578,
          "ndcg@10": 0.4002047037641886,
          "ndcg@20": 0.4203409970200918,
          "mrr@5": 0.3435317648890165,
          "mrr@10": 0.35454588262755365,
          "mrr@20": 0.36004538219344745
        },
        "21_100": {
          "count": 6377,
          "hit@5": 0.5251685745648424,
          "hit@10": 0.6311745334796927,
          "hit@20": 0.7147561549317861,
          "ndcg@5": 0.4036016233600717,
          "ndcg@10": 0.43800608290574644,
          "ndcg@20": 0.45917961332740803,
          "mrr@5": 0.3632977897164327,
          "mrr@10": 0.37757112103811863,
          "mrr@20": 0.3834041134936693
        },
        "101+": {
          "count": 1411,
          "hit@5": 0.6031183557760453,
          "hit@10": 0.7058823529411765,
          "hit@20": 0.7873848334514528,
          "ndcg@5": 0.47286735243783784,
          "ndcg@10": 0.5060562549500833,
          "ndcg@20": 0.526856862995998,
          "mrr@5": 0.42910465474546083,
          "mrr@10": 0.44278261620976417,
          "mrr@20": 0.4485923628950482
        }
      },
      "target_popularity_abs_legacy": {
        "<=5": {
          "count": 7295,
          "hit@5": 0.31651816312542835,
          "hit@10": 0.3528444139821796,
          "hit@20": 0.38670322138450997,
          "ndcg@5": 0.25744401330895583,
          "ndcg@10": 0.2692107237063507,
          "ndcg@20": 0.27776256175258535,
          "mrr@5": 0.2377473158653343,
          "mrr@10": 0.24261469633265503,
          "mrr@20": 0.24495754631732816
        },
        "6-20": {
          "count": 6501,
          "hit@5": 0.46362098138747887,
          "hit@10": 0.5465313028764806,
          "hit@20": 0.6263651745885248,
          "ndcg@5": 0.373444952532578,
          "ndcg@10": 0.4002047037641886,
          "ndcg@20": 0.4203409970200918,
          "mrr@5": 0.3435317648890165,
          "mrr@10": 0.35454588262755365,
          "mrr@20": 0.36004538219344745
        },
        "21-100": {
          "count": 6377,
          "hit@5": 0.5251685745648424,
          "hit@10": 0.6311745334796927,
          "hit@20": 0.7147561549317861,
          "ndcg@5": 0.4036016233600717,
          "ndcg@10": 0.43800608290574644,
          "ndcg@20": 0.45917961332740803,
          "mrr@5": 0.3632977897164327,
          "mrr@10": 0.37757112103811863,
          "mrr@20": 0.3834041134936693
        },
        ">100": {
          "count": 1411,
          "hit@5": 0.6031183557760453,
          "hit@10": 0.7058823529411765,
          "hit@20": 0.7873848334514528,
          "ndcg@5": 0.47286735243783784,
          "ndcg@10": 0.5060562549500833,
          "ndcg@20": 0.526856862995998,
          "mrr@5": 0.42910465474546083,
          "mrr@10": 0.44278261620976417,
          "mrr@20": 0.4485923628950482
        }
      },
      "session_len": {
        "<=7": {
          "count": 19650,
          "hit@5": 0.45491094147582695,
          "hit@10": 0.5295674300254453,
          "hit@20": 0.5948091603053435,
          "ndcg@5": 0.36196794661705123,
          "ndcg@10": 0.38615420227439046,
          "ndcg@20": 0.4026633582573204,
          "mrr@5": 0.33105428386811386,
          "mrr@10": 0.3410629274231635,
          "mrr@20": 0.34560079505216834
        },
        "8-12": {
          "count": 1250,
          "hit@5": 0.336,
          "hit@10": 0.4232,
          "hit@20": 0.4952,
          "ndcg@5": 0.2506849982738495,
          "ndcg@10": 0.2787544534921646,
          "ndcg@20": 0.2968858656167984,
          "mrr@5": 0.22254666721820832,
          "mrr@10": 0.2340552388727665,
          "mrr@20": 0.23899214847683906
        },
        "13+": {
          "count": 684,
          "hit@5": 0.23976608187134502,
          "hit@10": 0.31140350877192985,
          "hit@20": 0.37280701754385964,
          "ndcg@5": 0.17657412440456144,
          "ndcg@10": 0.19950297291864427,
          "ndcg@20": 0.21499388261932378,
          "mrr@5": 0.1556773883296035,
          "mrr@10": 0.16499814412921493,
          "mrr@20": 0.1692344699523341
        }
      },
      "session_len_legacy": {
        "1-2": {
          "count": 10703,
          "hit@5": 0.4754741661216481,
          "hit@10": 0.540876389797253,
          "hit@20": 0.5971223021582733,
          "ndcg@5": 0.3883985323537502,
          "ndcg@10": 0.40958307652977777,
          "ndcg@20": 0.42380300093775297,
          "mrr@5": 0.35936030450907974,
          "mrr@10": 0.3681245363721789,
          "mrr@20": 0.37202599356327726
        },
        "3-5": {
          "count": 7537,
          "hit@5": 0.4430144619875282,
          "hit@10": 0.5292556720180444,
          "hit@20": 0.6046172217062492,
          "ndcg@5": 0.3417194072417623,
          "ndcg@10": 0.36968319896789986,
          "ndcg@20": 0.38875351926882484,
          "mrr@5": 0.3081000404272026,
          "mrr@10": 0.31968721592000837,
          "mrr@20": 0.32492973854602436
        },
        "6-10": {
          "count": 2339,
          "hit@5": 0.3599828986746473,
          "hit@10": 0.4471996579734929,
          "hit@20": 0.5241556220607098,
          "ndcg@5": 0.26870905887932794,
          "ndcg@10": 0.2967568743988305,
          "ndcg@20": 0.31624168015510007,
          "mrr@5": 0.23854211257558033,
          "mrr@10": 0.25002527956195036,
          "mrr@20": 0.2553875785402224
        },
        "11+": {
          "count": 1005,
          "hit@5": 0.2517412935323383,
          "hit@10": 0.32238805970149254,
          "hit@20": 0.38606965174129354,
          "ndcg@5": 0.18479994734128316,
          "ndcg@10": 0.20761085283103867,
          "ndcg@20": 0.2236915958609747,
          "mrr@5": 0.16273631887945963,
          "mrr@10": 0.1721250895169837,
          "mrr@20": 0.17652834933714487
        }
      }
    },
    "test": {
      "target_popularity_abs": {
        "cold_0": {
          "count": 3308,
          "hit@5": 0.016324062877871828,
          "hit@10": 0.023881499395405077,
          "hit@20": 0.03325272067714631,
          "ndcg@5": 0.007722168133797928,
          "ndcg@10": 0.01017807147487043,
          "ndcg@20": 0.012586609857942922,
          "mrr@5": 0.004937525266531445,
          "mrr@10": 0.005958738895594858,
          "mrr@20": 0.006640718557264886
        },