{
  "split": "best_valid",
  "feature_mode": "none",
  "stages": [
    {
      "stage": "macro@1",
      "n_eff": 11.947065291078234,
      "cv_usage": 0.06656419996151924,
      "top1_max_frac": 0.7852420558754531,
      "entropy_mean": 2.3769435447323524,
      "route_jitter_adjacent": 0.0,
      "route_consistency_knn_js": 0.0020510809226605875,
      "route_consistency_knn_score": 0.9979510211064255,
      "route_consistency_group_knn_js": 0.0016858750169382155,
      "route_consistency_group_knn_score": 0.9983155452720928,
      "route_consistency_intra_group_knn_mean_js": 0.000626387632138582,
      "route_consistency_intra_group_knn_mean_score": 0.9993739946361319,
      "route_consistency_feature_group_knn_mean_score": 0.9968762290311278,
      "family_top_expert_mean_share": 0.09727928042411804,
      "route_consistency_feature_group_knn_tempo_js": 0.002565531610692822,
      "route_consistency_feature_group_knn_tempo_score": 0.9974377565529662,
      "route_consistency_feature_group_knn_focus_js": 0.0029047943136227207,
      "route_consistency_feature_group_knn_focus_score": 0.9970994205193175,
      "route_consistency_feature_group_knn_memory_js": 0.0034757578897776096,
      "route_consistency_feature_group_knn_memory_score": 0.996530275564377,
      "route_consistency_feature_group_knn_exposure_js": 0.0035688974572427616,
      "route_consistency_feature_group_knn_exposure_score": 0.9964374634878504
    }
  ]
}
