{
  "model": "SASRec",
  "dataset": "KuaiRecLargeStrictPosV2_0.2",
  "dataset_raw": "KuaiRecLargeStrictPosV2_0.2",
  "max_evals": 4,
  "tune_epochs": 18,
  "n_completed": 4,
  "n_recorded_trials": 4,
  "timestamp": "2026-04-09T10:11:23.010410",
  "trials": [
    {
      "trial": 1,
      "params": {
        "learning_rate": 0.0019088018220051793
      },
      "mrr@20": 0.0467,
      "valid_result": {
        "hit@5": 0.0497,
        "hit@10": 0.0541,
        "hit@20": 0.0622,
        "ndcg@5": 0.0466,
        "ndcg@10": 0.048,
        "ndcg@20": 0.0501,
        "mrr@5": 0.0456,
        "mrr@10": 0.0461,
        "mrr@20": 0.0467
      },
      "test_result": {
        "hit@5": 0.0472,
        "hit@10": 0.0507,
        "hit@20": 0.057,
        "ndcg@5": 0.0444,
        "ndcg@10": 0.0455,
        "ndcg@20": 0.0471,
        "mrr@5": 0.0435,
        "mrr@10": 0.0439,
        "mrr@20": 0.0443
      },
      "best_hr@10": 0.0541,
      "test_mrr@20": 0.0443,
      "test_hr@10": 0.0507,
      "epochs_run": 8,
      "early_stop_epoch": 8,
      "early_stopped": true,
      "elapsed": 24.1,
      "status": "ok"
    },
    {
      "trial": 2,
      "params": {
        "learning_rate": 0.0020910700428502424
      },
      "mrr@20": 0.0463,
      "valid_result": {
        "hit@5": 0.0494,
        "hit@10": 0.0541,
        "hit@20": 0.0622,
        "ndcg@5": 0.0462,
        "ndcg@10": 0.0477,
        "ndcg@20": 0.0497,
        "mrr@5": 0.0452,
        "mrr@10": 0.0458,
        "mrr@20": 0.0463
      },
      "test_result": {
        "hit@5": 0.0466,
        "hit@10": 0.0502,
        "hit@20": 0.0562,
        "ndcg@5": 0.0443,
        "ndcg@10": 0.0454,
        "ndcg@20": 0.0469,
        "mrr@5": 0.0435,
        "mrr@10": 0.0439,
        "mrr@20": 0.0443
      },
      "best_hr@10": 0.0541,
      "test_mrr@20": 0.0443,
      "test_hr@10": 0.0502,
      "epochs_run": 8,
      "early_stop_epoch": 8,
      "early_stopped": true,
      "elapsed": 23.5,
      "status": "ok"
    },
    {
      "trial": 3,
      "params": {
        "learning_rate": 0.0013930090293022555
      },
      "mrr@20": 0.0507,
      "valid_result": {
        "hit@5": 0.0571,
        "hit@10": 0.0661,
        "hit@20": 0.0781,
        "ndcg@5": 0.0507,
        "ndcg@10": 0.0537,
        "ndcg@20": 0.0567,
        "mrr@5": 0.0487,
        "mrr@10": 0.0499,
        "mrr@20": 0.0507
      },
      "test_result": {
        "hit@5": 0.0529,
        "hit@10": 0.0597,
        "hit@20": 0.0709,
        "ndcg@5": 0.0469,
        "ndcg@10": 0.0491,
        "ndcg@20": 0.0519,
        "mrr@5": 0.0449,
        "mrr@10": 0.0458,
        "mrr@20": 0.0466
      },
      "best_hr@10": 0.0661,
      "test_mrr@20": 0.0466,
      "test_hr@10": 0.0597,
      "epochs_run": 7,
      "early_stop_epoch": 7,
      "early_stopped": true,
      "elapsed": 21.0,
      "status": "ok"
    },
    {
      "trial": 4,
      "params": {
        "learning_rate": 0.0013617583365199844
      },
      "mrr@20": 0.0517,
      "valid_result": {
        "hit@5": 0.0581,
        "hit@10": 0.068,
        "hit@20": 0.0786,
        "ndcg@5": 0.0518,
        "ndcg@10": 0.0549,
        "ndcg@20": 0.0576,
        "mrr@5": 0.0497,
        "mrr@10": 0.051,
        "mrr@20": 0.0517
      },
      "test_result": {
        "hit@5": 0.0537,
        "hit@10": 0.0603,
        "hit@20": 0.0723,
        "ndcg@5": 0.0474,
        "ndcg@10": 0.0495,
        "ndcg@20": 0.0524,
        "mrr@5": 0.0452,
        "mrr@10": 0.0461,
        "mrr@20": 0.0468
      },
      "best_hr@10": 0.068,
      "test_mrr@20": 0.0468,
      "test_hr@10": 0.0603,
      "epochs_run": 7,
      "early_stop_epoch": 7,
      "early_stopped": true,
      "elapsed": 20.8,
      "status": "ok"
    }
  ],
  "run_group": "baseline",
  "run_axis": "stageh_targetedrecovery_anchor2_core5",
  "run_phase": "P23_SH_C04_MSASREC_FAD_H2_R2_REGLO_S1",
  "parent_result": "",
  "interrupted": false,
  "interrupted_at": null,
  "tuned_search": {
    "learning_rate": [
      0.001008277650701666,
      0.002529313780359163
    ]
  },
  "fixed_search": {
    "attn_dropout_prob": 0.09999999999999999,
    "num_layers": 2,
    "weight_decay": 0.00010499999999999999,
    "dropout_ratio": 0.09999999999999999,
    "n_layers": 2,
    "n_heads": 4,
    "num_heads": 4,
    "dropout_prob": 0.09999999999999999,
    "hidden_dropout_prob": 0.09999999999999999,
    "hidden_size": 144,
    "embedding_size": 144,
    "inner_size": 288,
    "time_span": 384,
    "num_experts": 6,
    "state_size": 24,
    "conv_kernel": 6,
    "remaining_ratio": 0.6,
    "MAX_ITEM_LIST_LENGTH": 10
  },
  "context_fixed": {
    "num_layers": 2,
    "search_space_type_overrides": {
      "learning_rate": "loguniform",
      "weight_decay": "choice",
      "dropout_ratio": "choice",
      "n_layers": "choice",
      "num_layers": "choice",
      "n_heads": "choice",
      "num_heads": "choice",
      "dropout_prob": "choice",
      "hidden_dropout_prob": "choice",
      "attn_dropout_prob": "choice",
      "hidden_size": "choice",
      "embedding_size": "choice",
      "inner_size": "choice",
      "time_span": "choice",
      "num_experts": "choice",
      "state_size": "choice",
      "conv_kernel": "choice",
      "remaining_ratio": "choice",
      "MAX_ITEM_LIST_LENGTH": "choice"
    }
  },
  "best_params": {
    "learning_rate": 0.0013617583365199844
  },
  "best_mrr@20": 0.0517,
  "best_hr@10": 0.068,
  "test_mrr@20": 0.0468,
  "test_hr@10": 0.0603,
  "best_valid_result": {
    "hit@5": 0.0581,
    "hit@10": 0.068,
    "hit@20": 0.0786,
    "ndcg@5": 0.0518,
    "ndcg@10": 0.0549,
    "ndcg@20": 0.0576,
    "mrr@5": 0.0497,
    "mrr@10": 0.051,
    "mrr@20": 0.0517
  },
  "test_result": {
    "hit@5": 0.0537,
    "hit@10": 0.0603,
    "hit@20": 0.0723,
    "ndcg@5": 0.0474,
    "ndcg@10": 0.0495,
    "ndcg@20": 0.0524,
    "mrr@5": 0.0452,
    "mrr@10": 0.0461,
    "mrr@20": 0.0468
  },
  "best_valid_special_metrics": {
    "split": "best_valid",
    "overall": {
      "count": 3663,
      "hit@20": 0.07862407862407862,
      "ndcg@20": 0.05760421054125028,
      "mrr@20": 0.05172382156208764
    },
    "slices": {
      "target_popularity_abs": {
        "rare_1_5": {
          "count": 2785,
          "hit@20": 0.07289048473967684,
          "ndcg@20": 0.05355582758383006,
          "mrr@20": 0.048251677000865044
        },
        "6_20": {
          "count": 856,
          "hit@20": 0.09579439252336448,
          "ndcg@20": 0.06918260937330321,
          "mrr@20": 0.061429249923502176
        },
        "21_100": {
          "count": 22,
          "hit@20": 0.13636363636363635,
          "ndcg@20": 0.11958771673115817,
          "mrr@20": 0.11363636363636363
        }
      },
      "target_popularity_abs_legacy": {
        "<=5": {
          "count": 2785,
          "hit@20": 0.07289048473967684,
          "ndcg@20": 0.05355582758383006,
          "mrr@20": 0.048251677000865044
        },
        "6-20": {
          "count": 856,
          "hit@20": 0.09579439252336448,
          "ndcg@20": 0.06918260937330321,
          "mrr@20": 0.061429249923502176
        },
        "21-100": {
          "count": 22,
          "hit@20": 0.13636363636363635,
          "ndcg@20": 0.11958771673115817,
          "mrr@20": 0.11363636363636363
        }
      },
      "session_len": {
        "<=7": {
          "count": 2152,
          "hit@20": 0.06737918215613382,
          "ndcg@20": 0.05010721213478581,
          "mrr@20": 0.04522324996726885
        },
        "8-12": {
          "count": 1511,
          "hit@20": 0.09463931171409662,
          "ndcg@20": 0.06828160337428239,
          "mrr@20": 0.06098208104061181
        }
      },
      "session_len_legacy": {
        "1-2": {
          "count": 9,
          "hit@20": 0.3333333333333333,
          "ndcg@20": 0.25,
          "mrr@20": 0.22962963001595604
        },
        "3-5": {
          "count": 1478,
          "hit@20": 0.06562922868741543,