stage_name,stage_key,split,aggregation_level,node_kind,node_name,route_space,support_size,wrapper_name,source_type,temperature,top_k,entropy_norm,n_eff_norm,top1_monopoly_norm,jitter_adj_norm,knn_consistency_score,knn_consistency_js,n_eff,cv_usage,top1_max_frac,entropy_mean
macro,macro@1,best_valid,session,final,final.expert,expert,12,ScalarGroupConditionalProductWrapper,,,,0.7745989084611312,0.8200698025513193,0.3375383369017997,0.0,0.983827326957355,0.016304878062824473,9.840837630615832,0.468410552489443,0.39274347549331634,1.9248059785535916
macro,macro@1,best_valid,session,final,final.group,group,4,ScalarGroupConditionalProductWrapper,,,,0.9591111515388159,0.9760612384002226,0.4717720217401949,0.0,0.9996161882729732,0.00038388540159981204,3.9042449536008905,0.15660741925239563,0.6038290163051462,1.3296103810654654
macro,macro@1,best_valid,session,final,final.intra.Exposure,intra,3,ScalarGroupConditionalProductWrapper,,,,0.5804771810111229,0.5429333667820252,0.977782402193605,0.0,0.9920296130788745,0.008002320248796487,1.6288001003460755,0.9175221572829578,0.9851882681290701,0.6377193643502423
macro,macro@1,best_valid,session,final,final.intra.Focus,intra,3,ScalarGroupConditionalProductWrapper,,,,0.6202229169008725,0.9856780942635002,0.3703789844782842,0.0,0.9620038864050082,0.03873678840254508,2.9570342827905005,0.1205404364901651,0.5802526563188561,0.6813845182208784
macro,macro@1,best_valid,session,final,final.intra.Memory,intra,3,ScalarGroupConditionalProductWrapper,,,,0.3786317829280774,0.9223697598999673,0.08911521323997453,0.0,0.9990655722561015,0.0009348645936603432,2.767109279699902,0.29011011004119786,0.39274347549331634,0.4159695296051021
macro,macro@1,best_valid,session,final,final.intra.Tempo,intra,3,ScalarGroupConditionalProductWrapper,,,,0.6037333130170133,0.9558998923551042,0.3380624785780738,0.0,0.9867641218827128,0.013324253031365947,2.8676996770653127,0.21478983864814524,0.5587083190520492,0.6632688367588013
