{
  "split": "best_valid",
  "feature_mode": "none",
  "stages": [
    {
      "stage": "macro@1",
      "n_eff": 2.9939009221959823,
      "cv_usage": 0.5796977877616882,
      "top1_max_frac": 0.9638349226447197,
      "entropy_mean": 1.1916588818848177,
      "route_jitter_adjacent": 0.0,
      "route_consistency_knn_js": 0.002373462746776353,
      "route_consistency_knn_score": 0.9976293516888358,
      "route_consistency_group_knn_js": 0.002373462746776353,
      "route_consistency_group_knn_score": 0.9976293516888358,
      "route_consistency_intra_group_knn_mean_js": 0.0,
      "route_consistency_intra_group_knn_mean_score": 1.0,
      "route_consistency_feature_group_knn_mean_score": 0.9951090463036547,
      "family_top_expert_mean_share": 0.47400373220443726,
      "route_consistency_feature_group_knn_tempo_js": 0.0037139198649914205,
      "route_consistency_feature_group_knn_tempo_score": 0.9962929682055046,
      "route_consistency_feature_group_knn_focus_js": 0.0055783891309905504,
      "route_consistency_feature_group_knn_focus_score": 0.9944371411901801,
      "route_consistency_feature_group_knn_memory_js": 0.005615275258437399,
      "route_consistency_feature_group_knn_memory_score": 0.9944004609315528,
      "route_consistency_feature_group_knn_exposure_js": 0.0047054383440609145,
      "route_consistency_feature_group_knn_exposure_score": 0.9953056148873817
    }
  ]
}
