best_mrr20,epoch,epoch_time_sec,eval,lr,patience_used,train_loss,trial,valid_mrr20
0.0044,1,3.557406187057495,1,0.001349694149497785,0,79.11086702346802,1,0.0044
0.0322,3,2.7484242916107178,1,0.001347249192963149,0,69.24951219558716,1,0.0322
0.0643,10,2.5771524906158447,1,0.0013196682040276242,1,45.410136699676514,1,0.0634
0.0831,21,2.9764301776885986,1,0.0012200272550562435,0,25.740187644958496,1,0.0831
0.0831,31,2.515479564666748,1,0.001079006438798662,10,15.16566812992096,1,0.0774
