stage_name,stage_key,split,aggregation_level,node_kind,node_name,route_space,support_size,wrapper_name,source_type,temperature,top_k,entropy_norm,n_eff_norm,top1_monopoly_norm,jitter_adj_norm,knn_consistency_score,knn_consistency_js,n_eff,cv_usage,top1_max_frac,entropy_mean
macro,macro@1,best_valid,session,final,final.expert,expert,12,ScalarGroupConditionalProductWrapper,,,,0.9092158144758016,0.9072456178659491,0.3165824426719256,0.0,0.9786948940624584,0.021535335624911764,10.88694741439139,0.31974536094124784,0.37353390578259843,2.259316423483332
macro,macro@1,best_valid,session,final,final.group,group,4,ScalarGroupConditionalProductWrapper,,,,0.9528566445491927,0.9610049082391606,0.5126290342250055,0.0,0.9943831711371504,0.005632662564048797,3.8440196329566425,0.20143841207027435,0.6344717756687541,1.3209397932941658
macro,macro@1,best_valid,session,final,final.intra.Exposure,intra,3,ScalarGroupConditionalProductWrapper,,,,0.7852291223277807,0.9428964064852363,0.3914390858028279,0.0,0.9784314487551983,0.021804552080781418,2.828689219455709,0.24609331798275358,0.5942927238685519,0.8626623632093744
macro,macro@1,best_valid,session,final,final.intra.Focus,intra,3,ScalarGroupConditionalProductWrapper,,,,0.7951477826197161,0.9218870037255801,0.3345277293563173,0.0,0.9813085208307862,0.018868372600635504,2.76566101117674,0.2910873094849175,0.5563518195708782,0.8735591252932189
macro,macro@1,best_valid,session,final,final.intra.Memory,intra,3,ScalarGroupConditionalProductWrapper,,,,0.9528310893136738,0.9989239541791735,0.145813157724837,0.0,0.9892382814997899,0.010820044629788608,2.9967718625375204,0.03281978513092443,0.43054210514989133,1.0467919437450233
macro,macro@1,best_valid,session,final,final.intra.Tempo,intra,3,ScalarGroupConditionalProductWrapper,,,,0.8976368051781703,0.9956839611485879,0.1704435405771838,0.0,0.9871101864923174,0.012973607996186139,2.987051883445764,0.06583894220474534,0.4469623603847892,0.9861548249295199
