best_mrr20,epoch,epoch_time_sec,eval,lr,patience_used,train_loss,trial,valid_mrr20
0.0061,1,3.9069108963012695,1,0.001349694149497785,0,79.08968448638916,1,0.0061
0.0182,3,2.864151954650879,1,0.001347249192963149,0,62.937631607055664,1,0.0182
0.0473,10,2.810039758682251,1,0.0013196682040276242,0,42.11778497695923,1,0.0473
0.0772,40,2.8088881969451904,1,0.0009228791280119272,0,25.109830141067505,1,0.0772
0.0772,50,2.6169731616973877,1,0.0007328614269703542,10,22.82350206375122,1,0.0612
