{
  "split": "best_valid",
  "feature_mode": "none",
  "stages": [
    {
      "stage": "macro@1",
      "n_eff": 11.77398582308107,
      "cv_usage": 0.13854857372658566,
      "top1_max_frac": 0.7325793276782909,
      "entropy_mean": 2.4113512704209863,
      "route_jitter_adjacent": 0.0,
      "route_consistency_knn_js": 0.0016603153709838618,
      "route_consistency_knn_score": 0.998341062190081,
      "route_consistency_group_knn_js": 0.0004986181186913914,
      "route_consistency_group_knn_score": 0.9995015061706642,
      "route_consistency_intra_group_knn_mean_js": 0.00116859693452992,
      "route_consistency_intra_group_knn_mean_score": 0.9988324467514902,
      "route_consistency_feature_group_knn_mean_score": 0.9962974930655136,
      "family_top_expert_mean_share": 0.1048940122127533,
      "route_consistency_feature_group_knn_tempo_js": 0.004058923431464351,
      "route_consistency_feature_group_knn_tempo_score": 0.9959493028645148,
      "route_consistency_feature_group_knn_focus_js": 0.001684491947193867,
      "route_consistency_feature_group_knn_focus_score": 0.9983169260130735,
      "route_consistency_feature_group_knn_memory_js": 0.0037699480954588036,
      "route_consistency_feature_group_knn_memory_score": 0.9962371492372025,
      "route_consistency_feature_group_knn_exposure_js": 0.00532757219692086,
      "route_consistency_feature_group_knn_exposure_score": 0.9946865941472637
    }
  ]
}
