stage_name,stage_key,split,aggregation_level,node_kind,node_name,route_space,support_size,wrapper_name,source_type,temperature,top_k,entropy_norm,n_eff_norm,top1_monopoly_norm,jitter_adj_norm,knn_consistency_score,knn_consistency_js,n_eff,cv_usage,top1_max_frac,entropy_mean
macro,macro@1,best_valid,session,final,final.expert,expert,20,ScalarGroupConditionalProductWrapper,,,,0.9354135584154579,0.729926560161498,0.9346504590919787,0.0,0.9967717926760037,0.0032334292265441492,14.59853120322996,0.6082770137745587,0.9379179361373798,2.8022485860651685
macro,macro@1,best_valid,session,final,final.group,group,4,ScalarGroupConditionalProductWrapper,,,,0.8857370484665062,0.7686311275976301,0.9581635210171592,0.0,0.9981414370658617,0.001860292205200021,3.0745245103905203,0.5486475825309753,0.9686226407628694,1.2278922757240929
macro,macro@1,best_valid,session,final,final.intra.Exposure,intra,5,ScalarGroupConditionalProductWrapper,,,,0.9774730220648402,0.9427834681504204,0.9638448146243025,0.0,0.9989846206863118,0.0010158951604798986,4.713917340752102,0.24635132035089552,0.9710758516994421,1.5731821400926878
macro,macro@1,best_valid,session,final,final.intra.Focus,intra,5,ScalarGroupConditionalProductWrapper,,,,0.9923254648954507,0.9906509370305271,0.5514976457088592,0.0,0.9995166264360646,0.0004834904265969302,4.953254685152635,0.0971459489741035,0.6411981165670874,1.5970862246765323
macro,macro@1,best_valid,session,final,final.intra.Memory,intra,5,ScalarGroupConditionalProductWrapper,,,,0.9894495082660227,0.979830767177698,0.8837197800023741,0.0,0.999060308269536,0.0009401335175223404,4.89915383588849,0.14347242908965901,0.9069758240018992,1.5924575510426147
macro,macro@1,best_valid,session,final,final.intra.Tempo,intra,5,ScalarGroupConditionalProductWrapper,,,,0.9613846583125208,0.9623712908785276,0.41231749297669446,0.0,0.9965705903043499,0.003435303600013648,4.811856454392638,0.19773735912068838,0.5298539943813556,1.5472889175206743
