stage_name,stage_key,split,aggregation_level,node_kind,node_name,route_space,support_size,wrapper_name,source_type,temperature,top_k,entropy_norm,n_eff_norm,top1_monopoly_norm,jitter_adj_norm,knn_consistency_score,knn_consistency_js,n_eff,cv_usage,top1_max_frac,entropy_mean
macro,macro@1,best_valid,session,final,final.expert,expert,12,ScalarGroupConditionalProductWrapper,,,,0.9510813402695931,0.8518270126470591,0.7551861032409453,0.0,0.9953287295490364,0.004682214931162075,10.221924151764709,0.4170697580021476,0.7755872613041999,2.363348346925196
macro,macro@1,best_valid,session,final,final.group,group,4,ScalarGroupConditionalProductWrapper,,,,0.9649441604257151,0.9332555899215257,0.8910175069377817,0.0,0.9987838395890407,0.001216900534165091,3.7330223596861027,0.2674281597137451,0.9182631302033363,1.3376966483937358
macro,macro@1,best_valid,session,final,final.intra.Exposure,intra,3,ScalarGroupConditionalProductWrapper,,,,0.8714473369144136,0.8683878091246369,0.6857107486614465,0.0,0.9935792712201081,0.0064414303191463835,2.6051634273739106,0.3893061313239893,0.7904738324409644,0.9573827532612732
macro,macro@1,best_valid,session,final,final.intra.Focus,intra,3,ScalarGroupConditionalProductWrapper,,,,0.9925770039197562,0.9937001512712351,0.6404011017919594,0.0,0.9994228508329935,0.0005773157816977245,2.9811004538137054,0.07962272451452242,0.7602674011946396,1.0904572939556187
macro,macro@1,best_valid,session,final,final.intra.Memory,intra,3,ScalarGroupConditionalProductWrapper,,,,0.9956958624549033,0.9956522301622542,0.5533564420785492,0.0,0.9997385031716961,0.00026153102456107676,2.9869566904867626,0.06608139154072429,0.7022376280523661,1.0938837102689487
macro,macro@1,best_valid,session,final,final.intra.Tempo,intra,3,ScalarGroupConditionalProductWrapper,,,,0.9237880270136963,0.9680926215610094,0.3039212652038006,0.0,0.9946480411500542,0.005366331887251687,2.9042778646830283,0.18154602701824823,0.5359475101358671,1.0148848786017146
