stage_name,stage_key,split,aggregation_level,node_kind,node_name,route_space,support_size,wrapper_name,source_type,temperature,top_k,entropy_norm,n_eff_norm,top1_monopoly_norm,jitter_adj_norm,knn_consistency_score,knn_consistency_js,n_eff,cv_usage,top1_max_frac,entropy_mean
macro,macro@1,best_valid,session,final,final.expert,expert,16,ScalarGroupConditionalProductWrapper,,,,0.906107608423317,0.7871760043203334,0.46124322399398565,0.0,0.9890291999220752,0.011031423101564174,12.594816069125335,0.5199652910232544,0.49491552249436155,2.5122637362501483
macro,macro@1,best_valid,session,final,final.group,group,4,ScalarGroupConditionalProductWrapper,,,,0.8472694390005377,0.8356123569623091,0.4332291378150595,0.0,0.9898080602074546,0.010244233228711272,3.3424494278492363,0.4435392916202545,0.5749218533612946,1.1745648456356585
macro,macro@1,best_valid,session,final,final.intra.Exposure,intra,4,ScalarGroupConditionalProductWrapper,,,,0.8620170422948131,0.7247267698189939,0.9882351389493399,0.0,0.99748949378536,0.002513662819591172,2.8989070792759755,0.6163037419319153,0.9911763542120049,1.1950093649225457
macro,macro@1,best_valid,session,final,final.intra.Focus,intra,4,ScalarGroupConditionalProductWrapper,,,,0.9930291479930597,0.9896327322430545,0.645524208971366,0.0,0.999700716434787,0.0002993283594768706,3.958530928972218,0.10235211863232366,0.7341431567285245,1.376630708290468
macro,macro@1,best_valid,session,final,final.intra.Memory,intra,4,ScalarGroupConditionalProductWrapper,,,,0.9993315711512235,0.9989679984242505,0.6024215566019072,0.0,0.9998940027349918,0.00010600288311526857,3.995871993697002,0.032137904210340476,0.7018161674514304,1.3853677219760219
macro,macro@1,best_valid,session,final,final.intra.Tempo,intra,4,ScalarGroupConditionalProductWrapper,,,,0.9239748707646542,0.8482077954434482,0.9804798269563038,0.0,0.998860471671451,0.0011401780846119608,3.3928311817737926,0.4230324327945709,0.9853598702172278,1.2809011531575198
