{
  "split": "best_valid",
  "feature_mode": "none",
  "stages": [
    {
      "stage": "macro@1",
      "n_eff": 19.49678331040125,
      "cv_usage": 0.16065596097803464,
      "top1_max_frac": 0.09991789102998655,
      "entropy_mean": 2.5417267460810864,
      "route_jitter_adjacent": 0.8790817636201396,
      "route_consistency_knn_js": 0.024038191693196674,
      "route_consistency_knn_score": 0.9762484244656087,
      "route_consistency_group_knn_js": 0.005431042172210791,
      "route_consistency_group_knn_score": 0.9945836792743376,
      "route_consistency_intra_group_knn_mean_js": 0.018917723312124435,
      "route_consistency_intra_group_knn_mean_score": 0.9812611885610429,
      "route_consistency_feature_group_knn_mean_score": 0.9679653670083732,
      "family_top_expert_mean_share": 0.0755188837647438,
      "route_consistency_feature_group_knn_tempo_js": 0.031073680149591595,
      "route_consistency_feature_group_knn_tempo_score": 0.9694041446022389,
      "route_consistency_feature_group_knn_focus_js": 0.03440457860048257,
      "route_consistency_feature_group_knn_focus_score": 0.9661805295862966,
      "route_consistency_feature_group_knn_memory_js": 0.035650866210576976,
      "route_consistency_feature_group_knn_memory_score": 0.964977140803186,
      "route_consistency_feature_group_knn_exposure_js": 0.029120255784076527,
      "route_consistency_feature_group_knn_exposure_score": 0.971299653041771
    }
  ]
}
