best_mrr20,epoch,epoch_time_sec,eval,lr,patience_used,train_loss,trial,valid_mrr20
0.0124,1,17.68842577934265,1,0.0005476,0,696.8359279632568,1,0.0124
0.016,3,16.69331169128418,1,0.0005476,0,601.2533025741577,1,0.016
0.018,10,17.95295763015747,1,0.0005476,0,511.7705807685852,1,0.018
0.018,20,17.13803482055664,1,0.0005476,10,459.3700714111328,1,0.0167
