{
  "split": "best_valid",
  "feature_mode": "runtime:unknown|ablation:none",
  "stages": [
    {
      "stage": "micro@1",
      "n_eff": 7.886535384360822,
      "cv_usage": 0.11994631588459015,
      "top1_max_frac": 0.19201809890770263,
      "entropy_mean": 1.9424259981795045,
      "route_jitter_adjacent": 0.6827055488051843,
      "route_consistency_knn_js": 0.018516748804090818,
      "route_consistency_knn_score": 0.9816536329297197,
      "route_consistency_group_knn_js": 0.009430352433849355,
      "route_consistency_group_knn_score": 0.9906139738926057,
      "route_consistency_intra_group_knn_mean_js": 0.009537532416341305,
      "route_consistency_intra_group_knn_mean_score": 0.9905150385301396,
      "route_consistency_feature_group_knn_mean_score": 0.9760138047481836,
      "family_top_expert_mean_share": 0.14906522631645203,
      "route_consistency_feature_group_knn_tempo_js": 0.025124325425004125,
      "route_consistency_feature_group_knn_tempo_score": 0.9751886637462873,
      "route_consistency_feature_group_knn_focus_js": 0.02368861074148201,
      "route_consistency_feature_group_knn_focus_score": 0.9765897619780134,
      "route_consistency_feature_group_knn_memory_js": 0.027956984579049736,
      "route_consistency_feature_group_knn_memory_score": 0.9724301953958029,
      "route_consistency_feature_group_knn_exposure_js": 0.02035925235308419,
      "route_consistency_feature_group_knn_exposure_score": 0.9798465978726306
    }
  ]
}
