stage_name,stage_key,split,aggregation_level,node_kind,node_name,route_space,support_size,wrapper_name,source_type,temperature,top_k,entropy_norm,n_eff_norm,top1_monopoly_norm,jitter_adj_norm,knn_consistency_score,knn_consistency_js,n_eff,cv_usage,top1_max_frac,entropy_mean
macro,macro@1,best_valid,session,final,final.expert,expert,12,ScalarGroupConditionalProductWrapper,,,,0.9509807023496046,0.9861768610218893,0.7088852711849883,0.0,0.9975953612129632,0.0024075345740307693,11.834122332262671,0.11839390879237108,0.7331448319195727,2.3630982710885955
macro,macro@1,best_valid,session,final,final.group,group,4,ScalarGroupConditionalProductWrapper,,,,0.9381225652512207,0.9943654338677561,0.6517666771389674,0.0,0.9983475869148053,0.0016537798255173873,3.9774617354710244,0.07527568936347961,0.7388250078542256,1.300514022247094
macro,macro@1,best_valid,session,final,final.intra.Exposure,intra,3,ScalarGroupConditionalProductWrapper,,,,0.9919389020741036,0.9948043974804621,0.8388878416588122,0.0,0.9995808733245773,0.00041921453355770805,2.9844131924413864,0.07226805732345411,0.8925918944392083,1.089756267426563
macro,macro@1,best_valid,session,final,final.intra.Focus,intra,3,ScalarGroupConditionalProductWrapper,,,,0.9941498750635295,0.993817406277182,0.7355702167766257,0.0,0.9999047441392355,9.526039789216089e-05,2.9814522188315458,0.07887284595153195,0.8237134778510838,1.0921852695226595
macro,macro@1,best_valid,session,final,final.intra.Memory,intra,3,ScalarGroupConditionalProductWrapper,,,,0.9163462447523739,0.9925157338073589,0.7195098963242224,0.0,0.9969440990468986,0.0030605797528160156,2.9775472014220767,0.08683644503814637,0.8130065975494816,1.0067092451598334
macro,macro@1,best_valid,session,final,final.intra.Tempo,intra,3,ScalarGroupConditionalProductWrapper,,,,0.9411210043608028,0.9575681540801327,0.6804335532516493,0.0,0.9990303192105884,0.000970151233973549,2.872704462240398,0.21050424991535396,0.7869557021677662,1.0339271005144517
