stage_name,stage_key,split,aggregation_level,node_kind,node_name,route_space,support_size,wrapper_name,source_type,temperature,top_k,entropy_norm,n_eff_norm,top1_monopoly_norm,jitter_adj_norm,knn_consistency_score,knn_consistency_js,n_eff,cv_usage,top1_max_frac,entropy_mean
macro,macro@1,best_valid,session,final,final.expert,expert,12,FlatPlusGroupIntraResidualWrapper,,,,0.8172913441680191,0.8264313754176406,0.19524016111012465,0.25161534794460266,0.9871170846945507,0.012966619740746631,9.917176505011687,0.45828132455702647,0.26230348101761425,2.030892695937284
macro,macro@1,best_valid,session,final,final.group,group,4,FlatPlusGroupIntraResidualWrapper,,,,0.7949483998541426,0.8844375472406505,0.36883334414695784,0.0,0.9927937633747512,0.007232326966072397,3.537750188962602,0.36147235998346566,0.5266250081102184,1.1020324840990778
macro,macro@1,best_valid,session,final,final.intra.Exposure,intra,3,FlatPlusGroupIntraResidualWrapper,,,,0.8136202505726173,0.812790484258134,0.7882696037962533,0.0,0.9954786544065404,0.004531597790603151,2.438371452774402,0.47992639303426765,0.8588464025308357,0.8938532055883041
macro,macro@1,best_valid,session,final,final.intra.Focus,intra,3,FlatPlusGroupIntraResidualWrapper,,,,0.8524214874221904,0.8749851298251664,0.6490680520038392,0.0,0.9955300840935126,0.004479935850613505,2.6249553894754993,0.3779901600483012,0.7660453680025595,0.936480721206767
macro,macro@1,best_valid,session,final,final.intra.Memory,intra,3,FlatPlusGroupIntraResidualWrapper,,,,0.9252414436444211,0.994751489054495,0.014131915779017233,0.0,0.9955032510505771,0.004506889736782517,2.9842544671634847,0.07263719074019222,0.3427546105193448,1.0164816199727833
macro,macro@1,best_valid,session,final,final.intra.Tempo,intra,3,FlatPlusGroupIntraResidualWrapper,,,,0.7939213485271536,0.9830225283105319,0.1720764620206861,0.0,0.989662203148036,0.01039160301989502,2.949067584931596,0.13141832596336692,0.4480509746804574,0.8722117497278882
