stage_name,stage_key,split,aggregation_level,node_kind,node_name,route_space,support_size,wrapper_name,source_type,temperature,top_k,entropy_norm,n_eff_norm,top1_monopoly_norm,jitter_adj_norm,knn_consistency_score,knn_consistency_js,n_eff,cv_usage,top1_max_frac,entropy_mean
macro,macro@1,best_valid,session,final,final.expert,expert,16,ScalarGroupConditionalProductWrapper,,,,0.952891541808387,0.9352997436251366,0.28667235980643324,0.0,0.9897560621051001,0.010296768129480969,14.964795898002185,0.26301321387290955,0.3312553373185312,2.6419763423356106
macro,macro@1,best_valid,session,final,final.group,group,4,ScalarGroupConditionalProductWrapper,,,,0.9524239097305875,0.9631138515998265,0.274466268146883,0.0,0.9956982042107729,0.004311075134193064,3.852455406399306,0.19570126805909085,0.45584970111016226,1.3203398954552732
macro,macro@1,best_valid,session,final,final.intra.Exposure,intra,4,ScalarGroupConditionalProductWrapper,,,,0.9432267444857952,0.9050953129646262,0.7410760034158838,0.0,0.9976383106076265,0.0023644825793932367,3.620381251858505,0.3238145411014557,0.8058070025619128,1.3075899171381298
macro,macro@1,best_valid,session,final,final.intra.Focus,intra,4,ScalarGroupConditionalProductWrapper,,,,0.9645743127657351,0.9846112241300062,0.41690862510674637,0.0,0.996185689464534,0.0038216035690665806,3.938444896520025,0.1250171810388565,0.5626814688300598,1.3371839306682323
macro,macro@1,best_valid,session,final,final.intra.Memory,intra,4,ScalarGroupConditionalProductWrapper,,,,0.9322368041247056,0.9699337699337699,0.49000853970964986,0.0,0.9872283959575947,0.012853862106125186,3.8797350797350796,0.17606253313272796,0.6175064047822374,1.2923546247865072
macro,macro@1,best_valid,session,final,final.intra.Tempo,intra,4,ScalarGroupConditionalProductWrapper,,,,0.9636859411559194,0.9696839669730252,0.48966695132365495,0.0,0.9966173072706116,0.00338842696953926,3.8787358678921007,0.17681586742401123,0.6172502134927412,1.3359523861149658
