best_mrr20,epoch,epoch_time_sec,eval,lr,patience_used,train_loss,trial,valid_mrr20
0.0138,1,23.891315698623657,1,0.0006244105423801057,0,678.5115370750427,1,0.0138
0.017,3,22.387189388275146,1,0.0006232794293524202,1,570.5897965431213,1,0.0167
0.019,8,22.75515627861023,1,0.0006155440716029164,0,490.40991401672363,1,0.019
0.019,10,22.437392234802246,1,0.0006105196050122029,2,464.3254108428955,1,0.0177
0.019,18,22.229642868041992,1,0.0005799365950037031,10,358.25675106048584,1,0.0151
