stage_name,stage_key,split,aggregation_level,node_kind,node_name,route_space,support_size,wrapper_name,source_type,temperature,top_k,entropy_norm,n_eff_norm,top1_monopoly_norm,jitter_adj_norm,knn_consistency_score,knn_consistency_js,n_eff,cv_usage,top1_max_frac,entropy_mean
micro,micro@1,best_valid,token,primitive,primitive.a_joint,expert,12,FlatJointWrapper,both,1.0,,0.9120818655216906,0.9623517216894232,0.16811241538856997,0.0,0.9758878503959696,0.024407606552582128,11.548220660273078,0.1977906466188834,0.2374363807728558,2.2664382927858937
micro,micro@1,best_valid,token,wrapper,wrapper.group,group,4,FlatJointWrapper,,,,0.9622744080139958,0.9922825694801777,0.12531992878835477,0.0,0.9922429722312782,0.007787270003376049,3.9691302779207107,0.08818857065575472,0.3439899465912661,1.3339955856797832
micro,micro@1,best_valid,token,wrapper,wrapper.intra.Exposure,intra,3,FlatJointWrapper,,,,0.8619192650604202,0.9724139841728722,0.2016965127238454,0.0,0.9839765510242084,0.01615321247377954,2.9172419525186166,0.16843021531611038,0.46779767514923026,0.9469150964351634
micro,micro@1,best_valid,token,wrapper,wrapper.intra.Focus,intra,3,FlatJointWrapper,,,,0.9214165806845707,0.9803613827200749,0.09779453345900092,0.0,0.9865644634471464,0.013526610041477665,2.9410841481602246,0.14153473402456243,0.3985296889726673,1.0122795785226202
micro,micro@1,best_valid,token,wrapper,wrapper.intra.Memory,intra,3,FlatJointWrapper,,,,0.8484290308489224,0.9845787504385272,0.27227144203581527,0.0,0.9863726179955942,0.013721087051374635,2.9537362513155814,0.1251511983528376,0.5148476280238768,0.9320945593534009
micro,micro@1,best_valid,token,wrapper,wrapper.intra.Tempo,intra,3,FlatJointWrapper,,,,0.8219490109134076,0.9812265993379715,0.3196983977379831,0.0,0.9828219517606904,0.01732730264571793,2.9436797980139144,0.13832060953019232,0.5464655984919887,0.9030032840480678
