{
  "split": "best_valid",
  "feature_mode": "none",
  "stages": [
    {
      "stage": "mid@1",
      "n_eff": 9.495998729317359,
      "cv_usage": 0.513507605404115,
      "top1_max_frac": 0.48368447782498486,
      "entropy_mean": 2.0515036143957497,
      "route_jitter_adjacent": 0.0,
      "route_consistency_knn_js": 0.007904230206018133,
      "route_consistency_knn_score": 0.9921269260786989,
      "route_consistency_group_knn_js": 0.002747572560418753,
      "route_consistency_group_knn_score": 0.9972561985624667,
      "route_consistency_intra_group_knn_mean_js": 0.0056739609161388215,
      "route_consistency_intra_group_knn_mean_score": 0.9943433488903372,
      "route_consistency_feature_group_knn_mean_score": 0.9688733678476089,
      "family_top_expert_mean_share": 0.21252557635307312,
      "route_consistency_feature_group_knn_tempo_js": 0.02844885297040636,
      "route_consistency_feature_group_knn_tempo_score": 0.9719520053328163,
      "route_consistency_feature_group_knn_focus_js": 0.025601177136107503,
      "route_consistency_feature_group_knn_focus_score": 0.9747237542185927,
      "route_consistency_feature_group_knn_memory_js": 0.033757611094607023,
      "route_consistency_feature_group_knn_memory_score": 0.9668058192429829,
      "route_consistency_feature_group_knn_exposure_js": 0.03872846602689402,
      "route_consistency_feature_group_knn_exposure_score": 0.9620118925960439
    }
  ]
}
