best_mrr20,epoch,epoch_time_sec,eval,lr,patience_used,train_loss,trial,valid_mrr20
0.0117,1,25.493160724639893,1,0.00034992070542535163,0,685.1574811935425,1,0.0117
0.0153,3,23.885783195495605,1,0.00034928682780526084,0,592.9212074279785,1,0.0153
0.0193,10,23.746118783950806,1,0.00034213620104419886,0,481.9437823295593,1,0.0193
0.0194,13,23.726895093917847,1,0.0003367870820455509,0,439.63175201416016,1,0.0194
0.0194,23,23.658830404281616,1,0.00030987915082393135,10,289.3624279499054,1,0.0153
