best_mrr20,epoch,epoch_time_sec,eval,lr,patience_used,train_loss,trial,valid_mrr20
0.0131,1,17.56055212020874,1,0.0005476,0,687.5658383369446,1,0.0131
0.0168,3,16.839757204055786,1,0.0005476,0,587.2334032058716,1,0.0168
0.0174,10,16.465624809265137,1,0.0005476,2,497.6842532157898,1,0.0169
0.0177,14,17.016184329986572,1,0.0005476,0,467.4607996940613,1,0.0177
0.0177,24,16.713488340377808,1,0.0005476,10,406.32313537597656,1,0.0159
