best_mrr20,epoch,epoch_time_sec,eval,lr,patience_used,train_loss,trial,valid_mrr20
0.0125,1,18.168678760528564,1,0.0005476,0,686.6423034667969,1,0.0125
0.0153,3,17.283596754074097,1,0.0005476,0,587.9361753463745,1,0.0153
0.0174,10,16.991516590118408,1,0.0005476,1,498.20815658569336,1,0.0167
0.0181,11,17.2213237285614,1,0.0005476,0,490.274667263031,1,0.0181
0.0181,21,17.23461389541626,1,0.0005476,10,423.3519959449768,1,0.0166
