stage_name,stage_key,split,aggregation_level,node_kind,node_name,route_space,support_size,wrapper_name,source_type,temperature,top_k,entropy_norm,n_eff_norm,top1_monopoly_norm,jitter_adj_norm,knn_consistency_score,knn_consistency_js,n_eff,cv_usage,top1_max_frac,entropy_mean
macro,macro@1,best_valid,session,final,final.expert,expert,12,GroupConditionalProductWrapper,,,,0.3791605963183403,0.14664753044612477,0.9803573052067908,0.0,0.993350158710949,0.006672049994634919,1.7597703653534973,2.412274967160825,0.9819941964395582,0.9421786871290274
macro,macro@1,best_valid,session,final,final.group,group,4,GroupConditionalProductWrapper,,,,0.41613378232540443,0.37575850638487834,0.9664166109205676,0.0,0.9961452353353623,0.0038622134182374063,1.5030340255395134,1.2889078855514526,0.9748124581904257,0.5768839159092002
macro,macro@1,best_valid,session,final,final.intra.Exposure,intra,3,GroupConditionalProductWrapper,,,,0.5270739741763293,0.9792399941749482,0.12140493593486769,0.0,0.9769785230680534,0.023290609711113436,2.9377199825248446,0.14560273039953295,0.4142699572899118,0.5790499450672533
macro,macro@1,best_valid,session,final,final.intra.Focus,intra,3,GroupConditionalProductWrapper,,,,0.9664487534290936,0.986905624519039,0.41966856613575493,0.0,0.9981895165606286,0.001812124345368093,2.960716873557117,0.11518776446021305,0.6131123774238366,1.0617524768851783
macro,macro@1,best_valid,session,final,final.intra.Memory,intra,3,GroupConditionalProductWrapper,,,,0.7444557694639381,0.7537174646244901,0.604662089147521,0.0,0.9970727406437763,0.002931552159371906,2.2611523938734703,0.5716268313900728,0.736441392765014,0.8178682567029557
macro,macro@1,best_valid,session,final,final.intra.Tempo,intra,3,GroupConditionalProductWrapper,,,,0.23011464851157568,0.38216363654917945,1.0,0.0,0.9986330796097342,0.0013678554781667354,1.1464909096475384,1.2714872875366423,1.0,0.2528067806573598
