{
  "split": "best_valid",
  "feature_mode": "none",
  "stages": [
    {
      "stage": "macro@1",
      "n_eff": 11.985166074422873,
      "cv_usage": 0.03518016287268179,
      "top1_max_frac": 0.7623318385650224,
      "entropy_mean": 2.4701059110496075,
      "route_jitter_adjacent": 0.0,
      "route_consistency_knn_js": 0.0005496091059330357,
      "route_consistency_knn_score": 0.9994505419014853,
      "route_consistency_group_knn_js": 0.00040867221222349714,
      "route_consistency_group_knn_score": 0.9995914112828906,
      "route_consistency_intra_group_knn_mean_js": 0.00015077018587474238,
      "route_consistency_intra_group_knn_mean_score": 0.9998492447218235,
      "route_consistency_feature_group_knn_mean_score": 0.9984111410857466,
      "family_top_expert_mean_share": 0.09047918766736984,
      "route_consistency_feature_group_knn_tempo_js": 0.0007425712056137158,
      "route_consistency_feature_group_knn_tempo_score": 0.9992577044321529,
      "route_consistency_feature_group_knn_focus_js": 0.002022015040761166,
      "route_consistency_feature_group_knn_focus_score": 0.9979800278544977,
      "route_consistency_feature_group_knn_memory_js": 0.0017163179327616472,
      "route_consistency_feature_group_knn_memory_score": 0.9982851540985831,
      "route_consistency_feature_group_knn_exposure_js": 0.0018800883011764696,
      "route_consistency_feature_group_knn_exposure_score": 0.9981216779577526
    }
  ]
}
