stage_name,stage_key,split,aggregation_level,node_kind,node_name,route_space,support_size,wrapper_name,source_type,temperature,top_k,entropy_norm,n_eff_norm,top1_monopoly_norm,jitter_adj_norm,knn_consistency_score,knn_consistency_js,n_eff,cv_usage,top1_max_frac,entropy_mean
macro,macro@1,best_valid,session,final,final.expert,expert,12,FlatPlusGroupIntraResidualWrapper,,,,0.08678545766829068,0.09332658689312633,0.9815190749286555,0.001557285873192436,0.9976157900758307,0.0023870566783905233,1.1199190427175159,3.1168991590470325,0.9830591520179343,0.2156537608648305
macro,macro@1,best_valid,session,final,final.group,group,4,FlatPlusGroupIntraResidualWrapper,,,,0.10338637201043545,0.2675085154532053,0.9987083311892526,0.0,0.9985460530537001,0.0014550049528090562,1.0700340618128212,1.6547503471374512,0.9990312483919395,0.14332394453470995
macro,macro@1,best_valid,session,final,final.intra.Exposure,intra,3,FlatPlusGroupIntraResidualWrapper,,,,0.046601122126823526,0.3495692479701096,0.976293551872957,0.0,0.9992736721783044,0.0007265917255426911,1.0487077439103287,1.3640614043455896,0.9841957012486381,0.05119656543425168
macro,macro@1,best_valid,session,final,final.intra.Focus,intra,3,FlatPlusGroupIntraResidualWrapper,,,,0.5719569339460573,0.5643094429042205,0.9913651343387765,0.0,0.9945479260059167,0.005466990792533151,1.6929283287126615,0.878679308930656,0.9942434228925178,0.6283589162220728
macro,macro@1,best_valid,session,final,final.intra.Memory,intra,3,FlatPlusGroupIntraResidualWrapper,,,,0.888644823361116,0.9287762048795138,0.30106249454657724,0.0,0.9961345402356097,0.003872949962254837,2.7863286146385415,0.27692137578364084,0.5340416630310515,0.9762761232058239
macro,macro@1,best_valid,session,final,final.intra.Tempo,intra,3,FlatPlusGroupIntraResidualWrapper,,,,0.8210288543770732,0.9297781318688504,0.2865647799501977,0.0,0.992465188911906,0.007563341180079032,2.7893343956065513,0.2748187698477873,0.5243765199667985,0.9019923887697526
