{
  "model": "GRU4Rec",
  "dataset": "lastfm0.03",
  "dataset_raw": "lastfm0.03",
  "max_evals": 8,
  "tune_epochs": 68,
  "n_completed": 8,
  "n_recorded_trials": 8,
  "timestamp": "2026-04-04T06:40:23.218273",
  "trials": [
    {
      "trial": 1,
      "params": {
        "learning_rate": 0.0012052016971498608
      },
      "mrr@20": 0.1789,
      "valid_result": {
        "hit@5": 0.1964,
        "hit@10": 0.2121,
        "hit@20": 0.2309,
        "ndcg@5": 0.1806,
        "ndcg@10": 0.1857,
        "ndcg@20": 0.1906,
        "mrr@5": 0.1753,
        "mrr@10": 0.1775,
        "mrr@20": 0.1789
      },
      "test_result": {
        "hit@5": 0.1987,
        "hit@10": 0.2155,
        "hit@20": 0.229,
        "ndcg@5": 0.1811,
        "ndcg@10": 0.1865,
        "ndcg@20": 0.1899,
        "mrr@5": 0.1752,
        "mrr@10": 0.1774,
        "mrr@20": 0.1784
      },
      "best_hr@10": 0.2121,
      "test_mrr@20": 0.1784,
      "test_hr@10": 0.2155,
      "epochs_run": 68,
      "early_stop_epoch": 68,
      "early_stopped": false,
      "elapsed": 224.7,
      "status": "ok"
    },
    {
      "trial": 2,
      "params": {
        "learning_rate": 0.001754611626597006
      },
      "mrr@20": 0.1863,
      "valid_result": {
        "hit@5": 0.206,
        "hit@10": 0.2208,
        "hit@20": 0.2373,
        "ndcg@5": 0.1888,
        "ndcg@10": 0.1936,
        "ndcg@20": 0.1978,
        "mrr@5": 0.1831,
        "mrr@10": 0.1851,
        "mrr@20": 0.1863
      },
      "test_result": {
        "hit@5": 0.2059,
        "hit@10": 0.2194,
        "hit@20": 0.2322,
        "ndcg@5": 0.1864,
        "ndcg@10": 0.1907,
        "ndcg@20": 0.194,
        "mrr@5": 0.1799,
        "mrr@10": 0.1817,
        "mrr@20": 0.1826
      },
      "best_hr@10": 0.2208,
      "test_mrr@20": 0.1826,
      "test_hr@10": 0.2194,
      "epochs_run": 61,
      "early_stop_epoch": 61,
      "early_stopped": true,
      "elapsed": 201.9,
      "status": "ok"
    },
    {
      "trial": 3,
      "params": {
        "learning_rate": 0.0022670740865254296
      },
      "mrr@20": 0.1867,
      "valid_result": {
        "hit@5": 0.2044,
        "hit@10": 0.22,
        "hit@20": 0.2357,
        "ndcg@5": 0.1887,
        "ndcg@10": 0.1938,
        "ndcg@20": 0.1978,
        "mrr@5": 0.1835,
        "mrr@10": 0.1856,
        "mrr@20": 0.1867
      },
      "test_result": {
        "hit@5": 0.207,
        "hit@10": 0.22,
        "hit@20": 0.2338,
        "ndcg@5": 0.1893,
        "ndcg@10": 0.1935,
        "ndcg@20": 0.197,
        "mrr@5": 0.1834,
        "mrr@10": 0.1852,
        "mrr@20": 0.1861
      },
      "best_hr@10": 0.22,
      "test_mrr@20": 0.1861,
      "test_hr@10": 0.22,
      "epochs_run": 66,
      "early_stop_epoch": 66,
      "early_stopped": true,
      "elapsed": 217.4,
      "status": "ok"
    },
    {
      "trial": 4,
      "params": {
        "learning_rate": 0.001251097902258971
      },
      "mrr@20": 0.1816,
      "valid_result": {
        "hit@5": 0.2001,
        "hit@10": 0.2155,
        "hit@20": 0.2315,
        "ndcg@5": 0.1838,
        "ndcg@10": 0.1888,
        "ndcg@20": 0.1928,
        "mrr@5": 0.1785,
        "mrr@10": 0.1805,
        "mrr@20": 0.1816
      },
      "test_result": {
        "hit@5": 0.2001,
        "hit@10": 0.2141,
        "hit@20": 0.2303,
        "ndcg@5": 0.1824,
        "ndcg@10": 0.187,
        "ndcg@20": 0.1911,
        "mrr@5": 0.1766,
        "mrr@10": 0.1785,
        "mrr@20": 0.1796
      },
      "best_hr@10": 0.2155,
      "test_mrr@20": 0.1796,
      "test_hr@10": 0.2141,
      "epochs_run": 68,
      "early_stop_epoch": 68,
      "early_stopped": false,
      "elapsed": 225.5,
      "status": "ok"
    },
    {
      "trial": 5,
      "params": {
        "learning_rate": 0.0011875157217374416
      },
      "mrr@20": 0.1807,
      "valid_result": {
        "hit@5": 0.1974,
        "hit@10": 0.2126,
        "hit@20": 0.2291,
        "ndcg@5": 0.1825,
        "ndcg@10": 0.1874,
        "ndcg@20": 0.1916,
        "mrr@5": 0.1776,
        "mrr@10": 0.1795,
        "mrr@20": 0.1807
      },
      "test_result": {
        "hit@5": 0.1979,
        "hit@10": 0.2125,
        "hit@20": 0.2325,
        "ndcg@5": 0.1797,
        "ndcg@10": 0.1844,
        "ndcg@20": 0.1894,
        "mrr@5": 0.1737,
        "mrr@10": 0.1756,
        "mrr@20": 0.1769
      },
      "best_hr@10": 0.2126,
      "test_mrr@20": 0.1769,
      "test_hr@10": 0.2125,
      "epochs_run": 68,
      "early_stop_epoch": 68,
      "early_stopped": false,
      "elapsed": 225.4,
      "status": "ok"
    },
    {
      "trial": 6,
      "params": {
        "learning_rate": 0.0010403347280527843
      },
      "mrr@20": 0.1773,
      "valid_result": {
        "hit@5": 0.1945,
        "hit@10": 0.2097,
        "hit@20": 0.2288,
        "ndcg@5": 0.1791,
        "ndcg@10": 0.184,
        "ndcg@20": 0.1888,
        "mrr@5": 0.174,
        "mrr@10": 0.176,
        "mrr@20": 0.1773
      },
      "test_result": {
        "hit@5": 0.1945,
        "hit@10": 0.2101,
        "hit@20": 0.2279,
        "ndcg@5": 0.1772,
        "ndcg@10": 0.1823,
        "ndcg@20": 0.1868,
        "mrr@5": 0.1714,
        "mrr@10": 0.1736,
        "mrr@20": 0.1748
      },
      "best_hr@10": 0.2097,
      "test_mrr@20": 0.1748,
      "test_hr@10": 0.2101,
      "epochs_run": 68,
      "early_stop_epoch": 68,
      "early_stopped": false,
      "elapsed": 225.5,
      "status": "ok"
    },
    {
      "trial": 7,
      "params": {
        "learning_rate": 0.0035618835059930765
      },
      "mrr@20": 0.1892,
      "valid_result": {
        "hit@5": 0.2121,
        "hit@10": 0.2261,
        "hit@20": 0.2413,
        "ndcg@5": 0.1927,
        "ndcg@10": 0.1973,
        "ndcg@20": 0.2011,
        "mrr@5": 0.1863,
        "mrr@10": 0.1882,
        "mrr@20": 0.1892
      },
      "test_result": {
        "hit@5": 0.2094,
        "hit@10": 0.2269,
        "hit@20": 0.2399,
        "ndcg@5": 0.1913,
        "ndcg@10": 0.1969,
        "ndcg@20": 0.2002,
        "mrr@5": 0.1852,
        "mrr@10": 0.1875,
        "mrr@20": 0.1884
      },
      "best_hr@10": 0.2261,
      "test_mrr@20": 0.1884,
      "test_hr@10": 0.2269,
      "epochs_run": 61,
      "early_stop_epoch": 61,
      "early_stopped": true,
      "elapsed": 200.0,
      "status": "ok"
    },
    {
      "trial": 8,
      "params": {
        "learning_rate": 0.00190277698368642
      },
      "mrr@20": 0.1858,
      "valid_result": {
        "hit@5": 0.206,
        "hit@10": 0.2187,
        "hit@20": 0.2331,
        "ndcg@5": 0.1888,
        "ndcg@10": 0.1929,
        "ndcg@20": 0.1965,
        "mrr@5": 0.1831,
        "mrr@10": 0.1848,
        "mrr@20": 0.1858
      },
      "test_result": {
        "hit@5": 0.1987,
        "hit@10": 0.2168,
        "hit@20": 0.2327,
        "ndcg@5": 0.1808,
        "ndcg@10": 0.1866,
        "ndcg@20": 0.1907,
        "mrr@5": 0.1749,
        "mrr@10": 0.1773,
        "mrr@20": 0.1784
      },
      "best_hr@10": 0.2187,
      "test_mrr@20": 0.1784,
      "test_hr@10": 0.2168,
      "epochs_run": 49,
      "early_stop_epoch": 49,
      "early_stopped": true,
      "elapsed": 164.0,
      "status": "ok"
    }
  ],
  "run_group": "baseline",
  "run_axis": "stagee_relrseed_anchor2_core5",
  "run_phase": "P20_SC_D00_M01_P01_GRU4REC_D4_E4_S1",
  "parent_result": "",
  "interrupted": false,
  "interrupted_at": null,
  "tuned_search": {
    "learning_rate": [
      0.0009333787360548616,
      0.005576
    ]
  },
  "fixed_search": {
    "num_layers": 3,
    "weight_decay": 0.00012523500000000002,
    "dropout_ratio": 0.18000000000000005,
    "hidden_size": 112,
    "embedding_size": 112,
    "n_layers": 3,
    "dropout_prob": 0.18000000000000005,
    "hidden_dropout_prob": 0.18000000000000005,
    "attn_dropout_prob": 0.18000000000000005
  },
  "context_fixed": {
    "num_layers": 3,
    "search_space_type_overrides": {
      "learning_rate": "loguniform",
      "weight_decay": "choice",