best_mrr20,epoch,epoch_time_sec,eval,lr,patience_used,train_loss,trial,valid_mrr20
0.0294,1,11.748289823532104,1,0.0007998187552579467,0,409.6477394104004,1,0.0294
0.1442,3,10.50944709777832,1,0.0007983698921263105,0,302.6069679260254,1,0.1442
0.1986,10,10.410920143127441,1,0.0007820256023867403,0,144.34664607048035,1,0.1986
0.202,11,10.410879850387573,1,0.000778289343482927,0,132.56127429008484,1,0.202
0.202,21,10.135558366775513,1,0.0007229791141074035,10,57.81063663959503,1,0.186
