stage_name,stage_key,split,aggregation_level,node_kind,node_name,route_space,support_size,wrapper_name,source_type,temperature,top_k,entropy_norm,n_eff_norm,top1_monopoly_norm,jitter_adj_norm,knn_consistency_score,knn_consistency_js,n_eff,cv_usage,top1_max_frac,entropy_mean
macro,macro@1,best_valid,session,final,final.expert,expert,12,GroupConditionalProductWrapper,,,,0.9754113620252365,0.9969767220193472,0.12045989025346225,0.0,0.9962082361726304,0.0037989707876598944,11.963720664232167,0.05506731964447142,0.19375489939900706,2.423806179775281
macro,macro@1,best_valid,session,final,final.group,group,4,GroupConditionalProductWrapper,,,,0.9646452589450966,0.9980459324842547,0.21034753070290044,0.0,0.9974018340001463,0.0026015470908286537,3.9921837299370186,0.044248081743717194,0.4077606480271753,1.337282282956624
macro,macro@1,best_valid,session,final,final.intra.Exposure,intra,3,GroupConditionalProductWrapper,,,,0.9979593567689399,0.9985300484218643,0.6027567285079697,0.0,0.9998741499788238,0.0001258579409545417,2.995590145265593,0.03836703186133409,0.7351711523386465,1.0963704129376797
macro,macro@1,best_valid,session,final,final.intra.Focus,intra,3,GroupConditionalProductWrapper,,,,0.9741936774800745,0.9976861199277968,0.06548863339430368,0.0,0.997439532342745,0.002563751260805067,2.99305835978339,0.04815849704568097,0.3769924222628691,1.070261145622387
macro,macro@1,best_valid,session,final,final.intra.Memory,intra,3,GroupConditionalProductWrapper,,,,0.9992493962562294,0.99966677210194,0.5917820747321663,0.0,0.9998710874186592,0.00012892089128180967,2.99900031630582,0.018258995067864364,0.7278547164881108,1.097787666171283
macro,macro@1,best_valid,session,final,final.intra.Tempo,intra,3,GroupConditionalProductWrapper,,,,0.9806468363863569,0.9978234560966901,0.1729814476090933,0.0,0.9980867463051311,0.0019150863025880832,2.9934703682900703,0.046705128164436574,0.4486542984060622,1.0773506652975569
