stage_name,stage_key,split,aggregation_level,node_kind,node_name,route_space,support_size,wrapper_name,source_type,temperature,top_k,entropy_norm,n_eff_norm,top1_monopoly_norm,jitter_adj_norm,knn_consistency_score,knn_consistency_js,n_eff,cv_usage,top1_max_frac,entropy_mean
macro,macro@1,best_valid,session,final,final.expert,expert,12,ScalarGroupConditionalProductWrapper,,,,0.9946015065143101,0.9928008221139467,0.7349051613390766,0.0,0.9993355674429178,0.0006646533902181963,11.913609865367361,0.08515693584932921,0.7569963978941535,2.4714918974265725
macro,macro@1,best_valid,session,final,final.group,group,4,ScalarGroupConditionalProductWrapper,,,,0.9922351203498556,0.9963717261411627,0.7956959453218805,0.0,0.9993933838281209,0.0006068002379111696,3.9854869045646506,0.06034480780363083,0.8467719589914103,1.3755299522461208
macro,macro@1,best_valid,session,final,final.intra.Exposure,intra,3,ScalarGroupConditionalProductWrapper,,,,0.9960345549532686,0.9918348631880237,0.9634247714048211,0.0,0.9999725823699853,2.741800588473939e-05,2.9755045895640713,0.09073251774214156,0.9756165142698808,1.0942558020097326
macro,macro@1,best_valid,session,final,final.intra.Focus,intra,3,ScalarGroupConditionalProductWrapper,,,,0.9973813982538178,0.9951242682280017,0.9522028262676642,0.0,0.9999595490553351,4.0451762826438914e-05,2.985372804684005,0.0699983106554058,0.9681352175117761,1.0957354606106262
macro,macro@1,best_valid,session,final,final.intra.Memory,intra,3,ScalarGroupConditionalProductWrapper,,,,0.9992518189595956,0.9986457711494313,1.0,0.0,0.9999855108557182,1.4489249250535189e-05,2.995937313448294,0.03682305740347334,1.0,1.097790327782973
macro,macro@1,best_valid,session,final,final.intra.Tempo,intra,3,ScalarGroupConditionalProductWrapper,,,,0.9973563369808637,0.9994243420881171,0.7572734829592686,0.0,0.9998537725738148,0.00014623811845764208,2.9982730262643513,0.023999237671517203,0.8381823219728457,1.0957079279881892
