stage_name,stage_key,split,aggregation_level,node_kind,node_name,route_space,support_size,wrapper_name,source_type,temperature,top_k,entropy_norm,n_eff_norm,top1_monopoly_norm,jitter_adj_norm,knn_consistency_score,knn_consistency_js,n_eff,cv_usage,top1_max_frac,entropy_mean
macro,macro@1,best_valid,session,final,final.expert,expert,12,GroupConditionalProductWrapper,,,,0.9993470076417719,0.9976048753036718,0.9728279100972828,0.0,0.9999386554699806,6.134641167204992e-05,11.971258503644062,0.049000034511088295,0.9750922509225092,2.4832840247347785
macro,macro@1,best_valid,session,final,final.group,group,4,GroupConditionalProductWrapper,,,,0.9994114463854663,0.9989641916109762,0.9667896678966789,0.0,0.9999581512858988,4.184958978300601e-05,3.9958567664439046,0.03220018371939659,0.9750922509225092,1.3854784525628459
macro,macro@1,best_valid,session,final,final.intra.Exposure,intra,3,GroupConditionalProductWrapper,,,,0.9999164861657938,0.9999212088681385,0.9626383763837636,0.0,0.999989095650544,1.0904408908918896e-05,2.9997636266044156,0.008878982594118042,0.9750922509225092,1.098520539343577
macro,macro@1,best_valid,session,final,final.intra.Focus,intra,3,GroupConditionalProductWrapper,,,,0.9997170154447619,0.9999849500536985,0.9349630996309961,0.0,0.9999577563310745,4.2244561214362625e-05,2.9999548501610955,0.003882026999048084,0.9566420664206642,1.098301398358222
macro,macro@1,best_valid,session,final,final.intra.Memory,intra,3,GroupConditionalProductWrapper,,,,0.9984156381198793,0.9968343771231921,0.9723247232472325,0.0,0.9999810093674187,1.8990812905594312e-05,2.9905031313695765,0.05635330471833632,0.981549815498155,1.096871689236912
macro,macro@1,best_valid,session,final,final.intra.Tempo,intra,3,GroupConditionalProductWrapper,,,,0.9990560764883313,0.9980422217524657,1.0,0.0,0.9999923418214854,7.65820783851421e-06,2.9941266652573972,0.044289016707568865,1.0,1.0975752826986278
