best_mrr20,epoch,epoch_time_sec,eval,lr,patience_used,train_loss,trial,valid_mrr20
0.0119,1,17.07397770881653,1,0.0005476,0,697.2097554206848,1,0.0119
0.0154,3,16.115734577178955,1,0.0005476,0,603.9280095100403,1,0.0154
0.0184,5,16.383566856384277,1,0.0005476,0,561.6688771247864,1,0.0184
0.0184,10,16.089354753494263,1,0.0005476,5,515.8725938796997,1,0.0172
0.0184,15,15.955785512924194,1,0.0005476,10,488.792697429657,1,0.0175
