{
  "valid": {
    "count": 21584,
    "hit@5": 0.43912157153446996,
    "hit@10": 0.5145941438102298,
    "hit@20": 0.5784840622683469,
    "ndcg@5": 0.3482608298451437,
    "ndcg@10": 0.3727558914494678,
    "ndcg@20": 0.38899482658244755,
    "mrr@5": 0.31810291631601534,
    "mrr@10": 0.3282650773830469,
    "mrr@20": 0.3327663799235563
  },
  "test": {
    "count": 20980,
    "hit@5": 0.4071973307912297,
    "hit@10": 0.47311725452812203,
    "hit@20": 0.5331744518589132,
    "ndcg@5": 0.3250444813909362,
    "ndcg@10": 0.34643616773493524,
    "ndcg@20": 0.36163482306555295,
    "mrr@5": 0.2977152849253697,
    "mrr@10": 0.30658709426278213,
    "mrr@20": 0.31076703414043944
  },
  "slice_metrics": {
    "valid": {
      "target_popularity_abs": {
        "cold_0": {
          "count": 2295,
          "hit@5": 0.02962962962962963,
          "hit@10": 0.04400871459694989,
          "hit@20": 0.054466230936819175,
          "ndcg@5": 0.01400448640966727,
          "ndcg@10": 0.018771412728398974,
          "ndcg@20": 0.021437020304416,
          "mrr@5": 0.008968772834941971,
          "mrr@10": 0.011004599562008137,
          "mrr@20": 0.0117484515837205
        },
        "rare_1_5": {
          "count": 5000,
          "hit@5": 0.4464,
          "hit@10": 0.4976,
          "hit@20": 0.536,
          "ndcg@5": 0.3706950821936131,
          "ndcg@10": 0.38734201033711435,
          "ndcg@20": 0.3971408398061991,
          "mrr@5": 0.34540333382189276,
          "mrr@10": 0.35233023874163627,
          "mrr@20": 0.3550658613845706
        },
        "6_20": {
          "count": 6501,
          "hit@5": 0.45592985694508537,
          "hit@10": 0.5385325334563913,
          "hit@20": 0.6182125826795878,
          "ndcg@5": 0.3690397235140986,
          "ndcg@10": 0.39570988115302014,
          "ndcg@20": 0.41596983751825617,
          "mrr@5": 0.3402194539650901,
          "mrr@10": 0.3511996941336979,
          "mrr@20": 0.3568208568449104
        },
        "21_100": {
          "count": 6377,
          "hit@5": 0.5270503371491296,
          "hit@10": 0.6294495844440959,
          "hit@20": 0.7114630704092834,
          "ndcg@5": 0.40309893821817555,
          "ndcg@10": 0.43642354471866324,
          "ndcg@20": 0.45719693544816875,
          "mrr@5": 0.3620798711387345,
          "mrr@10": 0.3759579949755083,
          "mrr@20": 0.3816779211557255
        },
        "101+": {
          "count": 1411,
          "hit@5": 0.6045357902197024,
          "hit@10": 0.7108433734939759,
          "hit@20": 0.7973068745570517,
          "ndcg@5": 0.46885674877170125,
          "ndcg@10": 0.5033237669038739,
          "ndcg@20": 0.5254411093315108,
          "mrr@5": 0.4235176006523453,
          "mrr@10": 0.4377982530196367,
          "mrr@20": 0.4440007423130567
        }
      },
      "target_popularity_abs_legacy": {
        "<=5": {
          "count": 7295,
          "hit@5": 0.315284441398218,
          "hit@10": 0.3549006168608636,
          "hit@20": 0.3845099383139136,
          "ndcg@5": 0.258480563026491,
          "ndcg@10": 0.27139005399551025,
          "ndcg@20": 0.2789447787017999,
          "mrr@5": 0.23956134376499733,
          "mrr@10": 0.24494952017861413,
          "mrr@20": 0.24705853369533812
        },
        "6-20": {
          "count": 6501,
          "hit@5": 0.45592985694508537,
          "hit@10": 0.5385325334563913,
          "hit@20": 0.6182125826795878,
          "ndcg@5": 0.3690397235140986,
          "ndcg@10": 0.39570988115302014,
          "ndcg@20": 0.41596983751825617,
          "mrr@5": 0.3402194539650901,
          "mrr@10": 0.3511996941336979,
          "mrr@20": 0.3568208568449104
        },
        "21-100": {
          "count": 6377,
          "hit@5": 0.5270503371491296,
          "hit@10": 0.6294495844440959,
          "hit@20": 0.7114630704092834,
          "ndcg@5": 0.40309893821817555,
          "ndcg@10": 0.43642354471866324,
          "ndcg@20": 0.45719693544816875,
          "mrr@5": 0.3620798711387345,
          "mrr@10": 0.3759579949755083,
          "mrr@20": 0.3816779211557255
        },
        ">100": {
          "count": 1411,
          "hit@5": 0.6045357902197024,
          "hit@10": 0.7108433734939759,
          "hit@20": 0.7973068745570517,
          "ndcg@5": 0.46885674877170125,
          "ndcg@10": 0.5033237669038739,
          "ndcg@20": 0.5254411093315108,
          "mrr@5": 0.4235176006523453,
          "mrr@10": 0.4377982530196367,
          "mrr@20": 0.4440007423130567
        }
      },
      "session_len": {
        "<=7": {
          "count": 19650,
          "hit@5": 0.45221374045801527,
          "hit@10": 0.5278880407124682,
          "hit@20": 0.5908396946564886,
          "ndcg@5": 0.3607093397927952,
          "ndcg@10": 0.38524894710563823,
          "ndcg@20": 0.4012635349051946,
          "mrr@5": 0.33032400397247336,
          "mrr@10": 0.34049285189985623,
          "mrr@20": 0.34493938375292843
        },
        "8-12": {
          "count": 1250,
          "hit@5": 0.3376,
          "hit@10": 0.42,
          "hit@20": 0.5032,
          "ndcg@5": 0.24680256514549256,
          "ndcg@10": 0.2737033472537994,
          "ndcg@20": 0.29458980886936187,
          "mrr@5": 0.2167066672563553,
          "mrr@10": 0.2279571437239647,
          "mrr@20": 0.23361088566184043
        },
        "13+": {
          "count": 684,
          "hit@5": 0.24853801169590642,
          "hit@10": 0.3055555555555556,
          "hit@20": 0.3611111111111111,
          "ndcg@5": 0.17605265792001756,
          "ndcg@10": 0.19487158823431583,
          "ndcg@20": 0.20906230260492764,
          "mrr@5": 0.1523148152563307,
          "mrr@10": 0.1602959952464229,
          "mrr@20": 0.16426468778902675
        }
      },
      "session_len_legacy": {
        "1-2": {
          "count": 10703,
          "hit@5": 0.4762216201065122,
          "hit@10": 0.539194618331309,
          "hit@20": 0.5942259179669251,
          "ndcg@5": 0.39019738577531116,
          "ndcg@10": 0.4106579675197067,
          "ndcg@20": 0.4246655609728432,
          "mrr@5": 0.36155595057848,
          "mrr@10": 0.370057312950407,
          "mrr@20": 0.3739500689103338
        },
        "3-5": {
          "count": 7537,
          "hit@5": 0.43876874087833356,
          "hit@10": 0.5284595993100704,
          "hit@20": 0.5998407854584052,
          "ndcg@5": 0.3389360423000766,
          "ndcg@10": 0.36798523641066,
          "ndcg@20": 0.3861458863980482,
          "mrr@5": 0.3058621915974414,
          "mrr@10": 0.31788052050195387,
          "mrr@20": 0.3229241943802634
        },
        "6-10": {
          "count": 2339,
          "hit@5": 0.34587430525865753,
          "hit@10": 0.43693886276186406,
          "hit@20": 0.519880290722531,
          "ndcg@5": 0.2561401184321775,
          "ndcg@10": 0.28566327401846586,
          "ndcg@20": 0.30664504934524356,
          "mrr@5": 0.22644292496625762,
          "mrr@10": 0.23867054254632059,
          "mrr@20": 0.24443606299504655
        },
        "11+": {
          "count": 1005,
          "hit@5": 0.263681592039801,
          "hit@10": 0.32935323383084575,
          "hit@20": 0.3870646766169154,
          "ndcg@5": 0.1859765607919266,
          "ndcg@10": 0.207581900423439,
          "ndcg@20": 0.22213385240058994,
          "mrr@5": 0.16046434543026028,
          "mrr@10": 0.16958619670488348,
          "mrr@20": 0.17355855953559945
        }
      }
    },
    "test": {
      "target_popularity_abs": {
        "cold_0": {
          "count": 3308,
          "hit@5": 0.01995163240628779,
          "hit@10": 0.03325272067714631,
          "hit@20": 0.039298669891172915,
          "ndcg@5": 0.01001985844994975,
          "ndcg@10": 0.014262434478033843,
          "ndcg@20": 0.015779682192973963,
          "mrr@5": 0.006776501515828424,
          "mrr@10": 0.008494078950841597,
          "mrr@20": 0.008903842472314762
        },