best_mrr20,epoch,epoch_time_sec,eval,lr,patience_used,train_loss,trial,valid_mrr20
0.0127,1,18.536407709121704,1,0.0005476,0,686.4658632278442,1,0.0127
0.0157,3,17.367296934127808,1,0.0005476,0,586.9690952301025,1,0.0157
0.0166,10,17.40867304801941,1,0.0005476,3,491.9517869949341,1,0.0158
0.0172,15,17.321067333221436,1,0.0005476,0,451.7284016609192,1,0.0172
0.0172,25,17.049675464630127,1,0.0005476,10,386.83833360671997,1,0.016
