stage_name,stage_key,split,aggregation_level,node_kind,node_name,route_space,support_size,wrapper_name,source_type,temperature,top_k,entropy_norm,n_eff_norm,top1_monopoly_norm,jitter_adj_norm,knn_consistency_score,knn_consistency_js,n_eff,cv_usage,top1_max_frac,entropy_mean
macro,macro@1,best_valid,session,final,final.expert,expert,12,ScalarGroupConditionalProductWrapper,,,,0.935895119516824,0.9750948339731639,0.701490420152422,0.0,0.9972068526144348,0.0027970555007148443,11.701138007677967,0.15981667012522607,0.7263662184730535,2.3256120059914913
macro,macro@1,best_valid,session,final,final.group,group,4,ScalarGroupConditionalProductWrapper,,,,0.904706249776978,0.98143022440926,0.6662968967773132,0.0,0.9979250848311421,0.002077070787670526,3.92572089763704,0.13755345194894647,0.7497226725829849,1.254189172535748
macro,macro@1,best_valid,session,final,final.intra.Exposure,intra,3,ScalarGroupConditionalProductWrapper,,,,0.9968544622625185,0.9937908272279543,0.9001438445503637,0.0,0.9999797324455146,2.0267759875054048e-05,2.981372481683863,0.07904394294190577,0.9334292297002426,1.0951565622552433
macro,macro@1,best_valid,session,final,final.intra.Focus,intra,3,ScalarGroupConditionalProductWrapper,,,,0.9972838259493773,0.9988903213852657,0.9242621871685783,0.0,0.9999440265154231,5.597505115077529e-05,2.996670964155797,0.03332856663827399,0.9495081247790523,1.0956282664779342
macro,macro@1,best_valid,session,final,final.intra.Memory,intra,3,ScalarGroupConditionalProductWrapper,,,,0.9986445666374152,0.9988012990857903,0.7906147525995634,0.0,0.999933695865274,6.630633294228893e-05,2.996403897257371,0.03464496994137585,0.8604098350663757,1.0971231929195033
macro,macro@1,best_valid,session,final,final.intra.Tempo,intra,3,ScalarGroupConditionalProductWrapper,,,,0.8682081744821453,0.8352548378141886,0.7788024331671398,0.0,0.9978565263787319,0.0021457741488519646,2.505764513442566,0.4441164003575921,0.85253495544476,0.9538241696081912
