{
  "split": "best_valid",
  "feature_mode": "none",
  "stages": [
    {
      "stage": "macro@1",
      "n_eff": 3.8154316383152915,
      "cv_usage": 0.21994125843048096,
      "top1_max_frac": 0.40917184346931507,
      "entropy_mean": 1.3150845887904088,
      "route_jitter_adjacent": 0.0,
      "route_consistency_knn_js": 0.003998364745361119,
      "route_consistency_knn_score": 0.996009618072008,
      "route_consistency_group_knn_js": 0.003998364745361119,
      "route_consistency_group_knn_score": 0.996009618072008,
      "route_consistency_intra_group_knn_mean_js": 0.0,
      "route_consistency_intra_group_knn_mean_score": 1.0,
      "route_consistency_feature_group_knn_mean_score": 0.9892765618198719,
      "family_top_expert_mean_share": 0.2930212616920471,
      "route_consistency_feature_group_knn_tempo_js": 0.00597720542748542,
      "route_consistency_feature_group_knn_tempo_score": 0.9940406225267419,
      "route_consistency_feature_group_knn_focus_js": 0.011340485534929622,
      "route_consistency_feature_group_knn_focus_score": 0.9887235753818426,
      "route_consistency_feature_group_knn_memory_js": 0.011257471442733638,
      "route_consistency_feature_group_knn_memory_score": 0.9888056567787948,
      "route_consistency_feature_group_knn_exposure_js": 0.014569225022369672,
      "route_consistency_feature_group_knn_exposure_score": 0.9855363925921082
    }
  ]
}
