best_mrr20,epoch,epoch_time_sec,eval,lr,patience_used,train_loss,trial,valid_mrr20
0.2403,1,75.44911575317383,1,0.0003760454031130081,0,2303.5620012283325,1,0.2403
0.3181,3,75.63155603408813,1,0.0003471408133556729,0,1496.332398891449,1,0.3181
0.3669,10,48.16668343544006,1,0.00012342850000000006,0,802.8179707527161,1,0.3669
0.3695,16,47.591474771499634,1,3.797800000000001e-05,0,730.7701625823975,1,0.3695
0.2798,1,48.34939360618591,1,0.000564058203005309,0,2211.546552658081,2,0.2798
0.3435,3,48.2020001411438,1,0.0005207020794570347,0,1229.7238659858704,2,0.3435
0.3753,8,44.316237926483154,1,0.0002865174420267269,0,755.497175693512,2,0.3753
0.3753,10,45.511803150177,1,0.00018513950000000008,2,698.7001614570618,2,0.3725
0.3753,11,45.30741596221924,1,0.00014178337645172587,3,676.6860184669495,2,0.3717
