{
  "model": "SIGMA",
  "dataset": "lastfm0.03",
  "dataset_raw": "lastfm0.03",
  "max_evals": 4,
  "tune_epochs": 20,
  "n_completed": 4,
  "n_recorded_trials": 4,
  "timestamp": "2026-04-09T16:31:53.288676",
  "trials": [
    {
      "trial": 1,
      "params": {
        "learning_rate": 0.00030808221219047374
      },
      "mrr@20": 0.0524,
      "valid_result": {
        "hit@5": 0.0579,
        "hit@10": 0.0625,
        "hit@20": 0.0659,
        "ndcg@5": 0.0532,
        "ndcg@10": 0.0546,
        "ndcg@20": 0.0555,
        "mrr@5": 0.0516,
        "mrr@10": 0.0522,
        "mrr@20": 0.0524
      },
      "test_result": {
        "hit@5": 0.0521,
        "hit@10": 0.0547,
        "hit@20": 0.0577,
        "ndcg@5": 0.0485,
        "ndcg@10": 0.0494,
        "ndcg@20": 0.0501,
        "mrr@5": 0.0473,
        "mrr@10": 0.0476,
        "mrr@20": 0.0478
      },
      "best_hr@10": 0.0625,
      "test_mrr@20": 0.0478,
      "test_hr@10": 0.0547,
      "epochs_run": 20,
      "early_stop_epoch": 20,
      "early_stopped": false,
      "elapsed": 1489.6,
      "status": "ok"
    },
    {
      "trial": 2,
      "params": {
        "learning_rate": 0.00043296886635275315
      },
      "mrr@20": 0.0647,
      "valid_result": {
        "hit@5": 0.0728,
        "hit@10": 0.0805,
        "hit@20": 0.085,
        "ndcg@5": 0.0657,
        "ndcg@10": 0.0682,
        "ndcg@20": 0.0693,
        "mrr@5": 0.0634,
        "mrr@10": 0.0644,
        "mrr@20": 0.0647
      },
      "test_result": {
        "hit@5": 0.0667,
        "hit@10": 0.0733,
        "hit@20": 0.0781,
        "ndcg@5": 0.0606,
        "ndcg@10": 0.0628,
        "ndcg@20": 0.064,
        "mrr@5": 0.0586,
        "mrr@10": 0.0595,
        "mrr@20": 0.0598
      },
      "best_hr@10": 0.0805,
      "test_mrr@20": 0.0598,
      "test_hr@10": 0.0733,
      "epochs_run": 20,
      "early_stop_epoch": 20,
      "early_stopped": false,
      "elapsed": 1506.1,
      "status": "ok"
    },
    {
      "trial": 3,
      "params": {
        "learning_rate": 0.0003549897146065739
      },
      "mrr@20": 0.0572,
      "valid_result": {
        "hit@5": 0.0625,
        "hit@10": 0.0662,
        "hit@20": 0.071,
        "ndcg@5": 0.0579,
        "ndcg@10": 0.0591,
        "ndcg@20": 0.0603,
        "mrr@5": 0.0563,
        "mrr@10": 0.0569,
        "mrr@20": 0.0572
      },
      "test_result": {
        "hit@5": 0.0574,
        "hit@10": 0.06,
        "hit@20": 0.0624,
        "ndcg@5": 0.0538,
        "ndcg@10": 0.0547,
        "ndcg@20": 0.0553,
        "mrr@5": 0.0526,
        "mrr@10": 0.0529,
        "mrr@20": 0.0531
      },
      "best_hr@10": 0.0662,
      "test_mrr@20": 0.0531,
      "test_hr@10": 0.06,
      "epochs_run": 20,
      "early_stop_epoch": 20,
      "early_stopped": false,
      "elapsed": 1490.3,
      "status": "ok"
    },
    {
      "trial": 4,
      "params": {
        "learning_rate": 0.0004307124865093735
      },
      "mrr@20": 0.0657,
      "valid_result": {
        "hit@5": 0.0731,
        "hit@10": 0.08,
        "hit@20": 0.0845,
        "ndcg@5": 0.0666,
        "ndcg@10": 0.0688,
        "ndcg@20": 0.07,
        "mrr@5": 0.0645,
        "mrr@10": 0.0654,
        "mrr@20": 0.0657
      },
      "test_result": {
        "hit@5": 0.0662,
        "hit@10": 0.0728,
        "hit@20": 0.0773,
        "ndcg@5": 0.0607,
        "ndcg@10": 0.0629,
        "ndcg@20": 0.064,
        "mrr@5": 0.0589,
        "mrr@10": 0.0598,
        "mrr@20": 0.0601
      },
      "best_hr@10": 0.08,
      "test_mrr@20": 0.0601,
      "test_hr@10": 0.0728,
      "epochs_run": 20,
      "early_stop_epoch": 20,
      "early_stopped": false,
      "elapsed": 1485.3,
      "status": "ok"
    }
  ],
  "run_group": "baseline",
  "run_axis": "stageh_targetedrecovery_anchor2_core5",
  "run_phase": "P23_SH_C02_MSIGMA_FAD_H2_R1_PASS2_DEEPL_S1",
  "parent_result": "",
  "interrupted": false,
  "interrupted_at": null,
  "tuned_search": {
    "learning_rate": [
      0.00020604493509366576,
      0.0004432334113621525
    ]
  },
  "fixed_search": {
    "num_layers": 3,
    "state_size": 16,
    "remaining_ratio": 0.6,
    "conv_kernel": 6,
    "weight_decay": 0.00015,
    "dropout_ratio": 0.09,
    "n_layers": 3,
    "n_heads": 4,
    "num_heads": 4,
    "dropout_prob": 0.09,
    "hidden_dropout_prob": 0.09,
    "attn_dropout_prob": 0.09,
    "hidden_size": 192,
    "embedding_size": 192,
    "inner_size": 448,
    "time_span": 384,
    "num_experts": 6,
    "MAX_ITEM_LIST_LENGTH": 10
  },
  "context_fixed": {
    "num_layers": 3,
    "search_space_type_overrides": {
      "learning_rate": "loguniform",
      "weight_decay": "choice",
      "dropout_ratio": "choice",
      "n_layers": "choice",
      "num_layers": "choice",
      "n_heads": "choice",
      "num_heads": "choice",
      "dropout_prob": "choice",
      "hidden_dropout_prob": "choice",
      "attn_dropout_prob": "choice",
      "hidden_size": "choice",
      "embedding_size": "choice",
      "inner_size": "choice",
      "time_span": "choice",
      "num_experts": "choice",
      "state_size": "choice",
      "conv_kernel": "choice",
      "remaining_ratio": "choice",
      "MAX_ITEM_LIST_LENGTH": "choice"
    }
  },
  "best_params": {
    "learning_rate": 0.0004307124865093735
  },
  "best_mrr@20": 0.0657,
  "best_hr@10": 0.08,
  "test_mrr@20": 0.0601,
  "test_hr@10": 0.0728,
  "best_valid_result": {
    "hit@5": 0.0731,
    "hit@10": 0.08,
    "hit@20": 0.0845,
    "ndcg@5": 0.0666,
    "ndcg@10": 0.0688,
    "ndcg@20": 0.07,
    "mrr@5": 0.0645,
    "mrr@10": 0.0654,
    "mrr@20": 0.0657
  },
  "test_result": {
    "hit@5": 0.0662,
    "hit@10": 0.0728,
    "hit@20": 0.0773,
    "ndcg@5": 0.0607,
    "ndcg@10": 0.0629,
    "ndcg@20": 0.064,
    "mrr@5": 0.0589,
    "mrr@10": 0.0598,
    "mrr@20": 0.0601
  },
  "best_valid_special_metrics": {
    "split": "best_valid",
    "overall": {
      "count": 3763,
      "hit@20": 0.08450704225352113,
      "ndcg@20": 0.07000908512179597,
      "mrr@20": 0.06571102300928591
    },
    "slices": {
      "target_popularity_abs": {
        "rare_1_5": {
          "count": 3735,
          "hit@20": 0.08246318607764391,
          "ndcg@20": 0.06848757599731047,
          "mrr@20": 0.06435178390827524
        },
        "6_20": {
          "count": 28,
          "hit@20": 0.35714285714285715,
          "ndcg@20": 0.27296753440584454,
          "mrr@20": 0.24702381023338862
        }
      },
      "target_popularity_abs_legacy": {
        "<=5": {
          "count": 3735,
          "hit@20": 0.08246318607764391,
          "ndcg@20": 0.06848757599731047,
          "mrr@20": 0.06435178390827524
        },
        "6-20": {
          "count": 28,
          "hit@20": 0.35714285714285715,
          "ndcg@20": 0.27296753440584454,
          "mrr@20": 0.24702381023338862
        }
      },
      "session_len": {
        "<=7": {
          "count": 1152,
          "hit@20": 0.078125,
          "ndcg@20": 0.0629661209596735,
          "mrr@20": 0.05832376940007736
        },
        "8-12": {
          "count": 2611,
          "hit@20": 0.08732286480275757,
          "ndcg@20": 0.07311651320098599,
          "mrr@20": 0.06897035512640895
        }
      },
      "session_len_legacy": {
        "3-5": {
          "count": 665,
          "hit@20": 0.07368421052631578,
          "ndcg@20": 0.05955781719290224,
          "mrr@20": 0.05514753278821034
        },
        "6-10": {
          "count": 3098,
          "hit@20": 0.0868302130406714,
          "ndcg@20": 0.07225249802454431,
          "mrr@20": 0.06797852494505585
        }
      }
    },
    "counts": {
      "target_popularity_abs": {
        "rare_1_5": 3735,
        "6_20": 28
      },
      "target_popularity_abs_legacy": {
        "<=5": 3735,
        "6-20": 28
      },
      "session_len": {
        "<=7": 1152,
        "8-12": 2611
      },
      "session_len_legacy": {
        "3-5": 665,
        "6-10": 3098
      }
    },