stage_name,stage_key,split,aggregation_level,node_kind,node_name,route_space,support_size,wrapper_name,source_type,temperature,top_k,entropy_norm,n_eff_norm,top1_monopoly_norm,jitter_adj_norm,knn_consistency_score,knn_consistency_js,n_eff,cv_usage,top1_max_frac,entropy_mean
macro,macro@1,best_valid,session,final,final.expert,expert,12,GroupConditionalProductWrapper,,,,0.8977422587650492,0.9844467686641784,0.08610214665024082,0.0,0.9908705995591119,0.009171328799369107,11.81336122397014,0.12569417802410787,0.16226030109605408,2.2308057086009705
macro,macro@1,best_valid,session,final,final.group,group,4,GroupConditionalProductWrapper,,,,0.8978592323775779,0.9922055765292496,0.23190750100119248,0.0,0.9952647699753907,0.004746476744217282,3.9688223061169983,0.08863162994384766,0.42393062575089435,1.2446971909244697
macro,macro@1,best_valid,session,final,final.intra.Exposure,intra,3,GroupConditionalProductWrapper,,,,0.7697031738385627,0.9495819617860581,0.3205706461550853,0.0,0.9919575825380939,0.00807493214969123,2.8487458853581744,0.2304231604807627,0.5470470974367235,0.8456053654058913
macro,macro@1,best_valid,session,final,final.intra.Focus,intra,3,GroupConditionalProductWrapper,,,,0.9869309961455828,0.9984195217098254,0.2819503453275074,0.0,0.9993203106610571,0.0006799204324620993,2.9952585651294763,0.039788122034426866,0.5213002302183383,1.084254520432996
macro,macro@1,best_valid,session,final,final.intra.Memory,intra,3,GroupConditionalProductWrapper,,,,0.9340923802261233,0.9968034611336914,0.3747222949345253,0.0,0.9968543582462667,0.0031505996847346353,2.9904103834010742,0.05662888492259726,0.5831481966230169,1.0262053676676635
macro,macro@1,best_valid,session,final,final.intra.Tempo,intra,3,GroupConditionalProductWrapper,,,,0.8947302324288715,0.9834643879333398,0.25599540905704454,0.0,0.9953883572045508,0.004622309225897303,2.9503931638000194,0.12966745705403515,0.503996939371363,0.9829616283892323
