stage_name,stage_key,split,aggregation_level,node_kind,node_name,route_space,support_size,wrapper_name,source_type,temperature,top_k,entropy_norm,n_eff_norm,top1_monopoly_norm,jitter_adj_norm,knn_consistency_score,knn_consistency_js,n_eff,cv_usage,top1_max_frac,entropy_mean
macro,macro@1,best_valid,session,final,final.expert,expert,12,ScalarGroupConditionalProductWrapper,,,,0.9593470673228142,0.9493178474917907,0.7336082059533386,0.0,0.9978711138761659,0.002131155423190225,11.391814169901489,0.2310581287426314,0.7558075221238938,2.3838879070450774
macro,macro@1,best_valid,session,final,final.group,group,4,ScalarGroupConditionalProductWrapper,,,,0.9438351383811115,0.9667338806101046,0.674410029498525,0.0,0.9984708252141705,0.001530345166889294,3.8669355224404183,0.18550127744674683,0.7558075221238938,1.3084333301645465
macro,macro@1,best_valid,session,final,final.intra.Exposure,intra,3,ScalarGroupConditionalProductWrapper,,,,0.9976263679772432,0.9958081568856351,0.6391039823008849,0.0,0.9999874883952161,1.2511683054612964e-05,2.9874244706569053,0.06487998545527501,0.7594026548672567,1.096004587359133
macro,macro@1,best_valid,session,final,final.intra.Focus,intra,3,ScalarGroupConditionalProductWrapper,,,,0.9983725716911043,0.9993496001789359,0.9535398230088493,0.0,0.9999177833177196,8.222006225700013e-05,2.998048800536808,0.025511237963699165,0.9690265486725663,1.0968243759290306
macro,macro@1,best_valid,session,final,final.intra.Memory,intra,3,ScalarGroupConditionalProductWrapper,,,,0.9993144526101158,0.9994026416724507,0.8581305309734514,0.0,0.9999599501703683,4.005063164747503e-05,2.9982079250173523,0.024445646645258466,0.9054203539823009,1.0978591378811187
macro,macro@1,best_valid,session,final,final.intra.Tempo,intra,3,ScalarGroupConditionalProductWrapper,,,,0.8742825568779454,0.8082148876834468,0.8821902654867255,0.0,0.99799377137126,0.0020082438011108593,2.4246446630503407,0.4871289286873064,0.9214601769911505,0.9604975607542865
