best_mrr20,epoch,epoch_time_sec,eval,lr,patience_used,train_loss,trial,valid_mrr20
0.0044,1,2.9209771156311035,1,0.0005672,0,80.3397102355957,1,0.0044
0.0099,3,2.0612878799438477,1,0.0005672,0,72.68801403045654,1,0.0099
0.0562,10,2.0160176753997803,1,0.0005672,0,53.517090797424316,1,0.0562
0.0807,21,2.004103660583496,1,0.0005672,0,37.2063934803009,1,0.0807
0.0807,31,1.809917688369751,1,0.0005672,10,26.31234359741211,1,0.0782
