best_mrr20,epoch,epoch_time_sec,eval,lr,patience_used,train_loss,trial,valid_mrr20
0.0317,1,9.1069016456604,1,0.00095164,0,407.82451343536377,1,0.0317
0.1535,3,8.3010892868042,1,0.00095164,0,297.17584466934204,1,0.1535
0.2007,8,8.110782384872437,1,0.00095164,0,163.09178757667542,1,0.2007
0.2007,10,7.745009183883667,1,0.00095164,2,135.04034090042114,1,0.1955
0.2007,18,7.861370325088501,1,0.00095164,10,68.86935436725616,1,0.1854
