stage_name,stage_key,split,aggregation_level,node_kind,node_name,route_space,support_size,wrapper_name,source_type,temperature,top_k,entropy_norm,n_eff_norm,top1_monopoly_norm,jitter_adj_norm,knn_consistency_score,knn_consistency_js,n_eff,cv_usage,top1_max_frac,entropy_mean
macro,macro@1,best_valid,session,final,final.expert,expert,12,FlatJointWrapper,,,,0.923071996925055,0.8850273209169455,0.2602381988683576,0.8041701111417286,0.9829432958332526,0.01720384530729483,10.620327851003346,0.3604283746949323,0.32188501562932775,2.293747743392158
macro,macro@1,best_valid,session,final,final.group,group,4,FlatJointWrapper,,,,0.9600529612685997,0.9803707491567588,0.3559398040069112,0.0,0.9942559495322063,0.0057606109723802226,3.9214829966270353,0.14149977266788483,0.5169548530051834,1.3309160065831125
macro,macro@1,best_valid,session,final,final.intra.Exposure,intra,3,FlatJointWrapper,,,,0.9155001698147706,0.9600535979629753,0.43609781189411617,0.0,0.9889636646466871,0.011097687522013823,2.8801607938889258,0.20398160540947946,0.6240652079294108,1.0057797368362482
macro,macro@1,best_valid,session,final,final.intra.Focus,intra,3,FlatJointWrapper,,,,0.9326916963446243,0.9923323982686072,0.09500257191469157,0.0,0.9898985517867406,0.010152814046898445,2.9769971948058216,0.08790187089437632,0.39666838127646104,1.0246665591429094
macro,macro@1,best_valid,session,final,final.intra.Memory,intra,3,FlatJointWrapper,,,,0.8002415242035096,0.7963395149834095,0.7496537807145967,0.0,0.9890692949166182,0.010990884175263803,2.3890185449502286,0.5057131944384219,0.8331025204763978,0.8791551723924742
macro,macro@1,best_valid,session,final,final.intra.Tempo,intra,3,FlatJointWrapper,,,,0.9085216303410478,0.9465846138395523,0.34855379258497204,0.0,0.9902008895867375,0.009847437664248938,2.839753841518657,0.23754902966174396,0.5657025283899814,0.998113027613461
