best_mrr20,epoch,epoch_time_sec,eval,lr,patience_used,train_loss,trial,valid_mrr20
0.001,1,3.305725574493408,1,0.0005672,0,80.90215492248535,1,0.001
0.0069,3,2.2263364791870117,1,0.0005672,0,70.03750371932983,1,0.0069
0.0362,10,2.1187024116516113,1,0.0005672,0,50.9705023765564,1,0.0362
0.045,25,2.1211633682250977,1,0.0005672,0,37.27865791320801,1,0.045
0.045,35,1.8682851791381836,1,0.0005672,10,33.687347650527954,1,0.0449
