stage_name,stage_key,split,aggregation_level,node_kind,node_name,route_space,support_size,wrapper_name,source_type,temperature,top_k,entropy_norm,n_eff_norm,top1_monopoly_norm,jitter_adj_norm,knn_consistency_score,knn_consistency_js,n_eff,cv_usage,top1_max_frac,entropy_mean
macro,macro@1,best_valid,session,final,final.expert,expert,12,GroupConditionalProductWrapper,,,,0.5256228751472746,0.19606489717132145,0.9998535584384204,0.0,0.9923580205306265,0.007671329015845784,2.3527787660558572,2.024932562561853,0.9998657619018854,1.3061237777341503
macro,macro@1,best_valid,session,final,final.group,group,4,GroupConditionalProductWrapper,,,,0.5099660096644694,0.4017359789794481,0.9990633163820446,0.0,0.9972895249338201,0.0027141550549046978,1.6069439159177925,1.2203266620635986,0.9992974872865334,0.7069630035606655
macro,macro@1,best_valid,session,final,final.intra.Exposure,intra,3,GroupConditionalProductWrapper,,,,0.5608640211402783,0.9635036278370572,0.12341850740658707,0.0,0.9777304041445843,0.022521307332487677,2.8905108835111717,0.19462465659902523,0.41561233827105803,0.6161721058965203
macro,macro@1,best_valid,session,final,final.intra.Focus,intra,3,GroupConditionalProductWrapper,,,,0.508772851942577,0.4813579277470883,1.0,0.0,0.9981601915447409,0.0018415029815565993,1.444073783241265,1.0380057383177954,1.0,0.5589441072848359
macro,macro@1,best_valid,session,final,final.intra.Memory,intra,3,GroupConditionalProductWrapper,,,,0.7061512646199266,0.8567394530919868,0.40406674318238256,0.0,0.9850466562904541,0.015066272139480098,2.5702183592759607,0.4089205888235394,0.6027111621215884,0.7757864569699776
macro,macro@1,best_valid,session,final,final.intra.Tempo,intra,3,GroupConditionalProductWrapper,,,,0.6447298114906125,0.666851412775114,0.7714931974843781,0.0,0.9913011049235803,0.008736951323125403,2.000554238325342,0.706812837516879,0.847662131656252,0.7083080937742607
