stage_name,stage_key,split,aggregation_level,node_kind,node_name,route_space,support_size,wrapper_name,source_type,temperature,top_k,entropy_norm,n_eff_norm,top1_monopoly_norm,jitter_adj_norm,knn_consistency_score,knn_consistency_js,n_eff,cv_usage,top1_max_frac,entropy_mean
macro,macro@1,best_valid,session,final,final.expert,expert,9,FlatJointWrapper,,,,0.9071559543012079,0.9912459287477233,0.04860162254483348,0.6539745333168501,0.9584934899576999,0.04239250842591933,8.92121335872951,0.09397517354059835,0.1543125533731853,1.9932253582675064
macro,macro@1,best_valid,session,final,final.group,group,3,FlatJointWrapper,,,,0.9301321497269368,0.9964737210835463,0.08078565328778826,0.0,0.9855142200250653,0.014591723244284371,2.989421163250639,0.059487532914056396,0.38719043552519217,1.021854609775299
macro,macro@1,best_valid,session,final,final.intra.Focus,intra,3,FlatJointWrapper,,,,0.8446517408147276,0.9908979074970884,0.008795900939368105,0.0,0.9642499906511743,0.036404691589237474,2.972693722491265,0.09584254485837981,0.33919726729291205,0.9279447821039709
macro,macro@1,best_valid,session,final,final.intra.Memory,intra,3,FlatJointWrapper,,,,0.9371353358735344,0.9997042994150015,0.04350982066609737,0.0,0.9833739711873891,0.016765792539059802,2.9991128982450044,0.017199773760146683,0.3623398804440649,1.0295483961357814
macro,macro@1,best_valid,session,final,final.intra.Tempo,intra,3,FlatJointWrapper,,,,0.9069243910038771,0.9907728271073184,0.21912894961571305,0.0,0.9752287367311093,0.025083233723486368,2.972318481321955,0.09650429050611584,0.4794192997438087,0.9963582808497011
