{
  "model": "SIGMA",
  "dataset": "KuaiRecLargeStrictPosV2_0.2",
  "dataset_raw": "KuaiRecLargeStrictPosV2_0.2",
  "max_evals": 6,
  "tune_epochs": 42,
  "n_completed": 6,
  "n_recorded_trials": 6,
  "timestamp": "2026-04-07T03:33:35.715152",
  "trials": [
    {
      "trial": 1,
      "params": {
        "learning_rate": 0.0006495677526902054
      },
      "mrr@20": 0.163,
      "valid_result": {
        "hit@5": 0.1657,
        "hit@10": 0.1687,
        "hit@20": 0.1709,
        "ndcg@5": 0.1633,
        "ndcg@10": 0.1643,
        "ndcg@20": 0.1648,
        "mrr@5": 0.1625,
        "mrr@10": 0.1629,
        "mrr@20": 0.163
      },
      "test_result": {
        "hit@5": 0.1637,
        "hit@10": 0.1667,
        "hit@20": 0.1718,
        "ndcg@5": 0.1614,
        "ndcg@10": 0.1623,
        "ndcg@20": 0.1637,
        "mrr@5": 0.1606,
        "mrr@10": 0.161,
        "mrr@20": 0.1614
      },
      "best_hr@10": 0.1687,
      "test_mrr@20": 0.1614,
      "test_hr@10": 0.1667,
      "epochs_run": 11,
      "early_stop_epoch": 11,
      "early_stopped": true,
      "elapsed": 227.2,
      "status": "ok"
    },
    {
      "trial": 2,
      "params": {
        "learning_rate": 0.0006473815834161388
      },
      "mrr@20": 0.1637,
      "valid_result": {
        "hit@5": 0.166,
        "hit@10": 0.1682,
        "hit@20": 0.1714,
        "ndcg@5": 0.1639,
        "ndcg@10": 0.1646,
        "ndcg@20": 0.1654,
        "mrr@5": 0.1632,
        "mrr@10": 0.1634,
        "mrr@20": 0.1637
      },
      "test_result": {
        "hit@5": 0.1645,
        "hit@10": 0.1675,
        "hit@20": 0.1718,
        "ndcg@5": 0.162,
        "ndcg@10": 0.1629,
        "ndcg@20": 0.1641,
        "mrr@5": 0.1612,
        "mrr@10": 0.1615,
        "mrr@20": 0.1619
      },
      "best_hr@10": 0.1682,
      "test_mrr@20": 0.1619,
      "test_hr@10": 0.1675,
      "epochs_run": 11,
      "early_stop_epoch": 11,
      "early_stopped": true,
      "elapsed": 226.9,
      "status": "ok"
    },
    {
      "trial": 3,
      "params": {
        "learning_rate": 0.0005380376440342748
      },
      "mrr@20": 0.164,
      "valid_result": {
        "hit@5": 0.1654,
        "hit@10": 0.169,
        "hit@20": 0.1704,
        "ndcg@5": 0.164,
        "ndcg@10": 0.1651,
        "ndcg@20": 0.1654,
        "mrr@5": 0.1635,
        "mrr@10": 0.1639,
        "mrr@20": 0.164
      },
      "test_result": {
        "hit@5": 0.1642,
        "hit@10": 0.1667,
        "hit@20": 0.1705,
        "ndcg@5": 0.1622,
        "ndcg@10": 0.163,
        "ndcg@20": 0.164,
        "mrr@5": 0.1615,
        "mrr@10": 0.1618,
        "mrr@20": 0.1621
      },
      "best_hr@10": 0.169,
      "test_mrr@20": 0.1621,
      "test_hr@10": 0.1667,
      "epochs_run": 11,
      "early_stop_epoch": 11,
      "early_stopped": true,
      "elapsed": 226.9,
      "status": "ok"
    },
    {
      "trial": 4,
      "params": {
        "learning_rate": 0.0005869025059501402
      },
      "mrr@20": 0.1631,
      "valid_result": {
        "hit@5": 0.1646,
        "hit@10": 0.1673,
        "hit@20": 0.169,
        "ndcg@5": 0.1631,
        "ndcg@10": 0.164,
        "ndcg@20": 0.1644,
        "mrr@5": 0.1626,
        "mrr@10": 0.163,
        "mrr@20": 0.1631
      },
      "test_result": {
        "hit@5": 0.1661,
        "hit@10": 0.1675,
        "hit@20": 0.1721,
        "ndcg@5": 0.1638,
        "ndcg@10": 0.1642,
        "ndcg@20": 0.1654,
        "mrr@5": 0.163,
        "mrr@10": 0.1632,
        "mrr@20": 0.1635
      },
      "best_hr@10": 0.1673,
      "test_mrr@20": 0.1635,
      "test_hr@10": 0.1675,
      "epochs_run": 10,
      "early_stop_epoch": 10,
      "early_stopped": true,
      "elapsed": 206.0,
      "status": "ok"
    },
    {
      "trial": 5,
      "params": {
        "learning_rate": 0.0005430864878527816
      },
      "mrr@20": 0.1641,
      "valid_result": {
        "hit@5": 0.166,
        "hit@10": 0.1693,
        "hit@20": 0.1706,
        "ndcg@5": 0.1642,
        "ndcg@10": 0.1652,
        "ndcg@20": 0.1656,
        "mrr@5": 0.1636,
        "mrr@10": 0.164,
        "mrr@20": 0.1641
      },
      "test_result": {
        "hit@5": 0.165,
        "hit@10": 0.1672,
        "hit@20": 0.171,
        "ndcg@5": 0.1631,
        "ndcg@10": 0.1638,
        "ndcg@20": 0.1648,
        "mrr@5": 0.1624,
        "mrr@10": 0.1627,
        "mrr@20": 0.163
      },
      "best_hr@10": 0.1693,
      "test_mrr@20": 0.163,
      "test_hr@10": 0.1672,
      "epochs_run": 11,
      "early_stop_epoch": 11,
      "early_stopped": true,
      "elapsed": 226.5,
      "status": "ok"
    },
    {
      "trial": 6,
      "params": {
        "learning_rate": 0.0005952223843254186
      },
      "mrr@20": 0.1629,
      "valid_result": {
        "hit@5": 0.1643,
        "hit@10": 0.1673,
        "hit@20": 0.169,
        "ndcg@5": 0.1629,
        "ndcg@10": 0.1639,
        "ndcg@20": 0.1643,
        "mrr@5": 0.1624,
        "mrr@10": 0.1628,
        "mrr@20": 0.1629
      },
      "test_result": {
        "hit@5": 0.1658,
        "hit@10": 0.1678,
        "hit@20": 0.1716,
        "ndcg@5": 0.1635,
        "ndcg@10": 0.1641,
        "ndcg@20": 0.1651,
        "mrr@5": 0.1627,
        "mrr@10": 0.1629,
        "mrr@20": 0.1632
      },
      "best_hr@10": 0.1673,
      "test_mrr@20": 0.1632,
      "test_hr@10": 0.1678,
      "epochs_run": 10,
      "early_stop_epoch": 10,
      "early_stopped": true,
      "elapsed": 205.7,
      "status": "ok"
    }
  ],
  "run_group": "baseline",
  "run_axis": "stageg_cross6x9_anchor2_core5",
  "run_phase": "P22_SG_D00_M05_C02_SIGMA_FAD_H2_R1_S3",
  "parent_result": "",
  "interrupted": false,
  "interrupted_at": null,
  "tuned_search": {
    "learning_rate": [
      0.0005051388926329392,
      0.000657031445253866
    ]
  },
  "fixed_search": {
    "num_layers": 2,
    "state_size": 16,
    "remaining_ratio": 0.6,
    "conv_kernel": 6,
    "weight_decay": 0.00015,
    "dropout_ratio": 0.12,
    "n_layers": 2,
    "n_heads": 4,
    "num_heads": 4,
    "dropout_prob": 0.12,
    "hidden_dropout_prob": 0.12,
    "attn_dropout_prob": 0.12,
    "hidden_size": 144,
    "embedding_size": 144,
    "inner_size": 288,
    "time_span": 384,
    "num_experts": 6,
    "MAX_ITEM_LIST_LENGTH": 24
  },
  "context_fixed": {
    "num_layers": 2,
    "search_space_type_overrides": {
      "learning_rate": "loguniform",
      "weight_decay": "choice",
      "dropout_ratio": "choice",
      "n_layers": "choice",
      "num_layers": "choice",
      "n_heads": "choice",
      "num_heads": "choice",
      "dropout_prob": "choice",
      "hidden_dropout_prob": "choice",
      "attn_dropout_prob": "choice",
      "hidden_size": "choice",
      "embedding_size": "choice",
      "inner_size": "choice",
      "time_span": "choice",
      "num_experts": "choice",
      "state_size": "choice",
      "conv_kernel": "choice",
      "remaining_ratio": "choice",
      "MAX_ITEM_LIST_LENGTH": "choice"
    }
  },
  "best_params": {
    "learning_rate": 0.0005430864878527816
  },
  "best_mrr@20": 0.1641,
  "best_hr@10": 0.1693,
  "test_mrr@20": 0.163,
  "test_hr@10": 0.1672,
  "best_valid_result": {
    "hit@5": 0.166,
    "hit@10": 0.1693,
    "hit@20": 0.1706,
    "ndcg@5": 0.1642,
    "ndcg@10": 0.1652,
    "ndcg@20": 0.1656,
    "mrr@5": 0.1636,
    "mrr@10": 0.164,
    "mrr@20": 0.1641
  },
  "test_result": {
    "hit@5": 0.165,
    "hit@10": 0.1672,
    "hit@20": 0.171,
    "ndcg@5": 0.1631,
    "ndcg@10": 0.1638,
    "ndcg@20": 0.1648,
    "mrr@5": 0.1624,
    "mrr@10": 0.1627,
    "mrr@20": 0.163
  },
  "best_valid_special_metrics": {
    "split": "best_valid",
    "overall": {
      "count": 3663,
      "hit@20": 0.17062517062517063,
      "ndcg@20": 0.16557929134176885,
      "mrr@20": 0.16410342446082674
    },
    "slices": {
      "target_popularity_abs": {
        "rare_1_5": {
          "count": 2785,
          "hit@20": 0.1450628366247756,
          "ndcg@20": 0.14079787802332394,