{
  "valid": {
    "count": 3599,
    "hit@5": 0.306474020561267,
    "hit@10": 0.32759099749930537,
    "hit@20": 0.3475965545984996,
    "ndcg@5": 0.277512036038293,
    "ndcg@10": 0.2842907940854494,
    "ndcg@20": 0.28939802095058,
    "mrr@5": 0.26781513400957563,
    "mrr@10": 0.27058287819256943,
    "mrr@20": 0.2720104198727915
  },
  "test": {
    "count": 3439,
    "hit@5": 0.28642047106717067,
    "hit@10": 0.30910148298924106,
    "hit@20": 0.3271299796452457,
    "ndcg@5": 0.25447208285505046,
    "ndcg@10": 0.2618492104245258,
    "ndcg@20": 0.26636738926562226,
    "mrr@5": 0.2437869537947794,
    "mrr@10": 0.24685678314108875,
    "mrr@20": 0.24807670360632017
  },
  "slice_metrics": {
    "valid": {
      "target_popularity_abs": {
        "cold_0": {
          "count": 491,
          "hit@5": 0.0,
          "hit@10": 0.0,
          "hit@20": 0.0,
          "ndcg@5": 0.0,
          "ndcg@10": 0.0,
          "ndcg@20": 0.0,
          "mrr@5": 0.0,
          "mrr@10": 0.0,
          "mrr@20": 0.0
        },
        "rare_1_5": {
          "count": 1462,
          "hit@5": 0.3276333789329685,
          "hit@10": 0.34952120383036933,
          "hit@20": 0.36114911080711354,
          "ndcg@5": 0.2957925066331506,
          "ndcg@10": 0.30279990013500246,
          "ndcg@20": 0.3057843791945199,
          "mrr@5": 0.28506611964363404,
          "mrr@10": 0.28791745403009467,
          "mrr@20": 0.28875867245532827
        },
        "6_20": {
          "count": 1086,
          "hit@5": 0.3885819521178637,
          "hit@10": 0.4106813996316759,
          "hit@20": 0.4419889502762431,
          "ndcg@5": 0.3549762996081709,
          "ndcg@10": 0.3621566378499482,
          "ndcg@20": 0.37008449081228584,
          "mrr@5": 0.3437691837219902,
          "mrr@10": 0.346750489880312,
          "mrr@20": 0.3489322580815624
        },
        "21_100": {
          "count": 534,
          "hit@5": 0.36704119850187267,
          "hit@10": 0.3951310861423221,
          "hit@20": 0.4344569288389513,
          "ndcg@5": 0.3309616529651349,
          "ndcg@10": 0.3397907256410363,
          "ndcg@20": 0.3499179780483246,
          "mrr@5": 0.3189450690194909,
          "mrr@10": 0.32243995641947687,
          "mrr@20": 0.32532096934619914
        },
        "101+": {
          "count": 26,
          "hit@5": 0.23076923076923078,
          "hit@10": 0.4230769230769231,
          "hit@20": 0.4230769230769231,
          "ndcg@5": 0.1568995748574917,
          "ndcg@10": 0.2199522199539038,
          "ndcg@20": 0.2199522199539038,
          "mrr@5": 0.132692307806932,
          "mrr@10": 0.15917277250152367,
          "mrr@20": 0.15917277250152367
        }
      },
      "target_popularity_abs_legacy": {
        "<=5": {
          "count": 1953,
          "hit@5": 0.2452636968766001,
          "hit@10": 0.2616487455197133,
          "hit@20": 0.27035330261136714,
          "ndcg@5": 0.22142787746936313,
          "ndcg@10": 0.22667355555421073,
          "ndcg@20": 0.22890771243337846,
          "mrr@5": 0.213398190946745,
          "mrr@10": 0.21553267680081842,
          "mrr@20": 0.21616240610839219
        },
        "6-20": {
          "count": 1086,
          "hit@5": 0.3885819521178637,
          "hit@10": 0.4106813996316759,
          "hit@20": 0.4419889502762431,
          "ndcg@5": 0.3549762996081709,
          "ndcg@10": 0.3621566378499482,
          "ndcg@20": 0.37008449081228584,
          "mrr@5": 0.3437691837219902,
          "mrr@10": 0.346750489880312,
          "mrr@20": 0.3489322580815624
        },
        "21-100": {
          "count": 534,
          "hit@5": 0.36704119850187267,
          "hit@10": 0.3951310861423221,
          "hit@20": 0.4344569288389513,
          "ndcg@5": 0.3309616529651349,
          "ndcg@10": 0.3397907256410363,
          "ndcg@20": 0.3499179780483246,
          "mrr@5": 0.3189450690194909,
          "mrr@10": 0.32243995641947687,
          "mrr@20": 0.32532096934619914
        },
        ">100": {
          "count": 26,
          "hit@5": 0.23076923076923078,
          "hit@10": 0.4230769230769231,
          "hit@20": 0.4230769230769231,
          "ndcg@5": 0.1568995748574917,
          "ndcg@10": 0.2199522199539038,
          "ndcg@20": 0.2199522199539038,
          "mrr@5": 0.132692307806932,
          "mrr@10": 0.15917277250152367,
          "mrr@20": 0.15917277250152367
        }
      },
      "session_len": {
        "<=7": {
          "count": 1330,
          "hit@5": 0.2819548872180451,
          "hit@10": 0.29849624060150376,
          "hit@20": 0.31353383458646616,
          "ndcg@5": 0.2569371629030185,
          "ndcg@10": 0.2623486414663774,
          "ndcg@20": 0.26620550744963767,
          "mrr@5": 0.24852130339109807,
          "mrr@10": 0.2507921591513139,
          "mrr@20": 0.25187935051613286
        },
        "8-12": {
          "count": 2269,
          "hit@5": 0.3208461877479066,
          "hit@10": 0.34464521815777877,
          "hit@20": 0.36756280299691496,
          "ndcg@5": 0.2895722305159991,
          "ndcg@10": 0.2971524348890482,
          "ndcg@20": 0.302992574919841,
          "mrr@5": 0.27912443093446554,
          "mrr@10": 0.2821834318835654,
          "mrr@20": 0.2838104737486646
        }
      },
      "session_len_legacy": {
        "1-2": {
          "count": 155,
          "hit@5": 0.05806451612903226,
          "hit@10": 0.07096774193548387,
          "hit@20": 0.07096774193548387,
          "ndcg@5": 0.045314316595754314,
          "ndcg@10": 0.049762965210022464,
          "ndcg@20": 0.049762965210022464,
          "mrr@5": 0.040860215117854454,
          "mrr@10": 0.04285714299448075,
          "mrr@20": 0.04285714299448075
        },
        "3-5": {
          "count": 735,
          "hit@5": 0.2829931972789116,
          "hit@10": 0.2979591836734694,
          "hit@20": 0.3115646258503401,
          "ndcg@5": 0.2532934742719949,
          "ndcg@10": 0.2580271686015486,
          "ndcg@20": 0.26147547860940296,
          "mrr@5": 0.24335600920274955,
          "mrr@10": 0.24524889337975964,
          "mrr@20": 0.2462006385989335
        },
        "6-10": {
          "count": 2709,
          "hit@5": 0.32705795496493173,
          "hit@10": 0.3503137689184201,
          "hit@20": 0.37320044296788485,
          "ndcg@5": 0.29736854744908026,
          "ndcg@10": 0.3048354888829238,
          "ndcg@20": 0.31068502806041814,
          "mrr@5": 0.2874369387940843,
          "mrr@10": 0.2904861516488703,
          "mrr@20": 0.2921244645949856
        }
      }
    },
    "test": {
      "target_popularity_abs": {
        "cold_0": {
          "count": 685,
          "hit@5": 0.0,
          "hit@10": 0.0,
          "hit@20": 0.0,
          "ndcg@5": 0.0,
          "ndcg@10": 0.0,
          "ndcg@20": 0.0,
          "mrr@5": 0.0,
          "mrr@10": 0.0,
          "mrr@20": 0.0
        },
        "rare_1_5": {
          "count": 1333,
          "hit@5": 0.3293323330832708,
          "hit@10": 0.3488372093023256,
          "hit@20": 0.3668417104276069,
          "ndcg@5": 0.2933203523219839,
          "ndcg@10": 0.2996352629069538,
          "ndcg@20": 0.3041355741690266,
          "mrr@5": 0.2812328084755552,
          "mrr@10": 0.2838417941177598,
          "mrr@20": 0.2850487463215376
        },
        "6_20": {
          "count": 964,
          "hit@5": 0.39107883817427386,
          "hit@10": 0.4263485477178423,
          "hit@20": 0.44813278008298757,
          "ndcg@5": 0.3471958480187966,
          "ndcg@10": 0.3585780995020728,
          "ndcg@20": 0.3640465130295249,
          "mrr@5": 0.3325553253231207,
          "mrr@10": 0.33724025265928126,
          "mrr@20": 0.3387220368461676
        },
        "21_100": {
          "count": 436,
          "hit@5": 0.3738532110091743,
          "hit@10": 0.40825688073394495,
          "hit@20": 0.4426605504587156,
          "ndcg@5": 0.33212324778694624,
          "ndcg@10": 0.34356614899471266,