best_mrr20,epoch,epoch_time_sec,eval,lr,patience_used,train_loss,trial,valid_mrr20
0.0138,1,17.50682830810547,1,0.0005476,0,688.0248074531555,1,0.0138
0.0161,3,16.875715732574463,1,0.0005476,0,585.819993019104,1,0.0161
0.018,10,16.665180206298828,1,0.0005476,2,489.9031705856323,1,0.0172
0.0181,14,16.904265880584717,1,0.0005476,0,456.16922426223755,1,0.0181
0.0181,24,16.34263277053833,1,0.0005476,10,387.2153973579407,1,0.0149
