best_mrr20,epoch,epoch_time_sec,eval,lr,patience_used,train_loss,trial,valid_mrr20
0.0115,1,26.588594913482666,1,0.00034992070542535163,0,686.9147019386292,1,0.0115
0.0158,3,24.834845542907715,1,0.00034928682780526084,0,594.5098967552185,1,0.0158
0.0179,6,23.867154359817505,1,0.0003471537698188763,0,535.603856086731,1,0.0179
0.0179,10,22.952053546905518,1,0.00034213620104419886,4,483.6657691001892,1,0.0179
0.0179,16,23.40438175201416,1,0.00033013127688849114,10,399.72945261001587,1,0.0167
