{
  "model": "TiSASRec",
  "dataset": "KuaiRecLargeStrictPosV2_0.2",
  "dataset_raw": "KuaiRecLargeStrictPosV2_0.2",
  "max_evals": 3,
  "tune_epochs": 20,
  "n_completed": 3,
  "n_recorded_trials": 3,
  "timestamp": "2026-04-09T05:11:14.138321",
  "trials": [
    {
      "trial": 1,
      "params": {
        "learning_rate": 0.0007240465239931514
      },
      "mrr@20": 0.0449,
      "valid_result": {
        "hit@5": 0.0467,
        "hit@10": 0.0535,
        "hit@20": 0.0625,
        "ndcg@5": 0.0442,
        "ndcg@10": 0.0464,
        "ndcg@20": 0.0486,
        "mrr@5": 0.0434,
        "mrr@10": 0.0443,
        "mrr@20": 0.0449
      },
      "test_result": {
        "hit@5": 0.0445,
        "hit@10": 0.0483,
        "hit@20": 0.0573,
        "ndcg@5": 0.0421,
        "ndcg@10": 0.0433,
        "ndcg@20": 0.0456,
        "mrr@5": 0.0413,
        "mrr@10": 0.0418,
        "mrr@20": 0.0424
      },
      "best_hr@10": 0.0535,
      "test_mrr@20": 0.0424,
      "test_hr@10": 0.0483,
      "epochs_run": 9,
      "early_stop_epoch": 9,
      "early_stopped": true,
      "elapsed": 26.2,
      "status": "ok"
    },
    {
      "trial": 2,
      "params": {
        "learning_rate": 0.0003748987382155823
      },
      "mrr@20": 0.0405,
      "valid_result": {
        "hit@5": 0.0459,
        "hit@10": 0.0554,
        "hit@20": 0.0661,
        "ndcg@5": 0.0403,
        "ndcg@10": 0.0434,
        "ndcg@20": 0.046,
        "mrr@5": 0.0385,
        "mrr@10": 0.0397,
        "mrr@20": 0.0405
      },
      "test_result": {
        "hit@5": 0.045,
        "hit@10": 0.0526,
        "hit@20": 0.0636,
        "ndcg@5": 0.0393,
        "ndcg@10": 0.0417,
        "ndcg@20": 0.0444,
        "mrr@5": 0.0373,
        "mrr@10": 0.0383,
        "mrr@20": 0.0391
      },
      "best_hr@10": 0.0554,
      "test_mrr@20": 0.0391,
      "test_hr@10": 0.0526,
      "epochs_run": 7,
      "early_stop_epoch": 7,
      "early_stopped": true,
      "elapsed": 20.5,
      "status": "ok"
    },
    {
      "trial": 3,
      "params": {
        "learning_rate": 0.0005339334344495899
      },
      "mrr@20": 0.044,
      "valid_result": {
        "hit@5": 0.0472,
        "hit@10": 0.0524,
        "hit@20": 0.0628,
        "ndcg@5": 0.0438,
        "ndcg@10": 0.0454,
        "ndcg@20": 0.048,
        "mrr@5": 0.0426,
        "mrr@10": 0.0433,
        "mrr@20": 0.044
      },
      "test_result": {
        "hit@5": 0.0436,
        "hit@10": 0.0486,
        "hit@20": 0.0595,
        "ndcg@5": 0.0413,
        "ndcg@10": 0.0429,
        "ndcg@20": 0.0457,
        "mrr@5": 0.0405,
        "mrr@10": 0.0412,
        "mrr@20": 0.0419
      },
      "best_hr@10": 0.0524,
      "test_mrr@20": 0.0419,
      "test_hr@10": 0.0486,
      "epochs_run": 9,
      "early_stop_epoch": 9,
      "early_stopped": true,
      "elapsed": 25.1,
      "status": "ok"
    }
  ],
  "run_group": "baseline",
  "run_axis": "stageh_targetedrecovery_anchor2_core5",
  "run_phase": "P23_SH_C06_MTISASREC_FAD_H2_R2_REGLO_S1",
  "parent_result": "",
  "interrupted": false,
  "interrupted_at": null,
  "tuned_search": {
    "learning_rate": [
      0.0003592189399288557,
      0.0009011182726263754
    ]
  },
  "fixed_search": {
    "n_layers": 2,
    "n_heads": 4,
    "time_span": 320,
    "weight_decay": 0.00010499999999999999,
    "dropout_ratio": 0.09999999999999999,
    "num_layers": 2,
    "num_heads": 4,
    "dropout_prob": 0.09999999999999999,
    "hidden_dropout_prob": 0.09999999999999999,
    "attn_dropout_prob": 0.09999999999999999,
    "hidden_size": 144,
    "embedding_size": 144,
    "inner_size": 288,
    "num_experts": 6,
    "state_size": 24,
    "conv_kernel": 6,
    "remaining_ratio": 0.6,
    "MAX_ITEM_LIST_LENGTH": 10
  },
  "context_fixed": {
    "num_layers": 2,
    "search_space_type_overrides": {
      "learning_rate": "loguniform",
      "weight_decay": "choice",
      "dropout_ratio": "choice",
      "n_layers": "choice",
      "num_layers": "choice",
      "n_heads": "choice",
      "num_heads": "choice",
      "dropout_prob": "choice",
      "hidden_dropout_prob": "choice",
      "attn_dropout_prob": "choice",
      "hidden_size": "choice",
      "embedding_size": "choice",
      "inner_size": "choice",
      "time_span": "choice",
      "num_experts": "choice",
      "state_size": "choice",
      "conv_kernel": "choice",
      "remaining_ratio": "choice",
      "MAX_ITEM_LIST_LENGTH": "choice"
    }
  },
  "best_params": {
    "learning_rate": 0.0007240465239931514
  },
  "best_mrr@20": 0.0449,
  "best_hr@10": 0.0535,
  "test_mrr@20": 0.0424,
  "test_hr@10": 0.0483,
  "best_valid_result": {
    "hit@5": 0.0467,
    "hit@10": 0.0535,
    "hit@20": 0.0625,
    "ndcg@5": 0.0442,
    "ndcg@10": 0.0464,
    "ndcg@20": 0.0486,
    "mrr@5": 0.0434,
    "mrr@10": 0.0443,
    "mrr@20": 0.0449
  },
  "test_result": {
    "hit@5": 0.0445,
    "hit@10": 0.0483,
    "hit@20": 0.0573,
    "ndcg@5": 0.0421,
    "ndcg@10": 0.0433,
    "ndcg@20": 0.0456,
    "mrr@5": 0.0413,
    "mrr@10": 0.0418,
    "mrr@20": 0.0424
  },
  "best_valid_special_metrics": {
    "split": "best_valid",
    "overall": {
      "count": 3663,
      "hit@20": 0.06251706251706252,
      "ndcg@20": 0.04860097475384481,
      "mrr@20": 0.04485816684270081
    },
    "slices": {
      "target_popularity_abs": {
        "rare_1_5": {
          "count": 2785,
          "hit@20": 0.0599640933572711,
          "ndcg@20": 0.04724648333751535,
          "mrr@20": 0.043817469404084035
        },
        "6_20": {
          "count": 856,
          "hit@20": 0.07242990654205607,
          "ndcg@20": 0.05425690937891742,
          "mrr@20": 0.04939697763369044
        },
        "21_100": {
          "count": 22,
          "hit@20": 0.0,
          "ndcg@20": 0.0,
          "mrr@20": 0.0
        }
      },
      "target_popularity_abs_legacy": {
        "<=5": {
          "count": 2785,
          "hit@20": 0.0599640933572711,
          "ndcg@20": 0.04724648333751535,
          "mrr@20": 0.043817469404084035
        },
        "6-20": {
          "count": 856,
          "hit@20": 0.07242990654205607,
          "ndcg@20": 0.05425690937891742,
          "mrr@20": 0.04939697763369044
        },
        "21-100": {
          "count": 22,
          "hit@20": 0.0,
          "ndcg@20": 0.0,
          "mrr@20": 0.0
        }
      },
      "session_len": {
        "<=7": {
          "count": 2152,
          "hit@20": 0.056226765799256506,
          "ndcg@20": 0.0424355731300705,
          "mrr@20": 0.038673548233871896
        },
        "8-12": {
          "count": 1511,
          "hit@20": 0.071475843812045,
          "ndcg@20": 0.057381877662092545,
          "mrr@20": 0.053666439010933646
        }
      },
      "session_len_legacy": {
        "1-2": {
          "count": 9,
          "hit@20": 0.3333333333333333,
          "ndcg@20": 0.2556700011094411,
          "mrr@20": 0.23456790132655037
        },
        "3-5": {
          "count": 1478,
          "hit@20": 0.05277401894451962,
          "ndcg@20": 0.040514649079762224,
          "mrr@20": 0.03723888899702503
        },
        "6-10": {
          "count": 2176,
          "hit@20": 0.06801470588235294,
          "ndcg@20": 0.05323698950986214,
          "mrr@20": 0.04924874820554739
        }
      }
    },
    "counts": {
      "target_popularity_abs": {
        "rare_1_5": 2785,
        "6_20": 856,
        "21_100": 22
      },
      "target_popularity_abs_legacy": {
        "<=5": 2785,
        "6-20": 856,
        "21-100": 22
      },
      "session_len": {
        "<=7": 2152,
        "8-12": 1511
      },
      "session_len_legacy": {
        "1-2": 9,
        "3-5": 1478,
        "6-10": 2176
      }
    },
    "config_snapshot": {
      "target_popularity_abs_bins": [
        "cold_0",
        "rare_1_5",
        "6_20",
        "21_100",
        "101+"
      ],
      "target_popularity_abs_bins_legacy": [
        "<=5",
        "6-20",
        "21-100",
        ">100"
      ],