stage_name,stage_key,split,aggregation_level,node_kind,node_name,route_space,support_size,wrapper_name,source_type,temperature,top_k,entropy_norm,n_eff_norm,top1_monopoly_norm,jitter_adj_norm,knn_consistency_score,knn_consistency_js,n_eff,cv_usage,top1_max_frac,entropy_mean
macro,macro@1,best_valid,session,final,final.expert,expert,12,ScalarGroupConditionalProductWrapper,,,,0.9747195708376485,0.8913970453785495,0.9755157560643845,0.0,0.999806308133144,0.00019371062754824212,10.696764544542594,0.34904811981176975,0.9775561097256857,2.4220871432529787
macro,macro@1,best_valid,session,final,final.group,group,4,ScalarGroupConditionalProductWrapper,,,,0.9623023337845842,0.9100310525045954,0.7365844647640158,0.0,0.9998545851983787,0.00014542537537868324,3.6401242100183815,0.31442582607269287,0.8024383485730119,1.3340342990180798
macro,macro@1,best_valid,session,final,final.intra.Exposure,intra,3,ScalarGroupConditionalProductWrapper,,,,0.9810690341607224,0.9598548742372879,1.0,0.0,0.9999648637861422,3.51368311489598e-05,2.8795646227118636,0.20450971411139626,1.0,1.0778144969607233
macro,macro@1,best_valid,session,final,final.intra.Focus,intra,3,ScalarGroupConditionalProductWrapper,,,,0.9976077501933238,0.9951508301101231,0.9916874480465503,0.0,0.9999790594920651,2.094072719034776e-05,2.985452490330369,0.06980558835549389,0.9944582986977002,1.0959841336329315
macro,macro@1,best_valid,session,final,final.intra.Memory,intra,3,ScalarGroupConditionalProductWrapper,,,,0.9886212826320044,0.9761241035317062,1.0,0.0,0.9999812698673408,1.8730308070327297e-05,2.9283723105951185,0.1563969766677327,1.0,1.0861114899383486
macro,macro@1,best_valid,session,final,final.intra.Tempo,intra,3,ScalarGroupConditionalProductWrapper,,,,0.9951904149264214,0.9956685385730094,0.9189526184538653,0.0,0.9998565067546544,0.0001435035414863051,2.987005615719028,0.06595722203084164,0.9459684123025769,1.0933284194028816
