stage_name,stage_key,split,aggregation_level,node_kind,node_name,route_space,support_size,wrapper_name,source_type,temperature,top_k,entropy_norm,n_eff_norm,top1_monopoly_norm,jitter_adj_norm,knn_consistency_score,knn_consistency_js,n_eff,cv_usage,top1_max_frac,entropy_mean
macro,macro@1,best_valid,session,final,final.expert,expert,20,FlatJointWrapper,,,,0.8308105746918084,0.7394529916564138,0.23567276915035187,0.8368696610636539,0.9609177240544684,0.03986648860472412,14.789059833128276,0.5935915843607249,0.27388913069283427,2.488886051814189
macro,macro@1,best_valid,session,final,final.group,group,4,FlatJointWrapper,,,,0.9322121721164859,0.9772861514329578,0.33182975243672436,0.0,0.9911308795019589,0.008908685257381015,3.9091446057318313,0.1524519920349121,0.49887231432754325,1.2923204775724093
macro,macro@1,best_valid,session,final,final.intra.Exposure,intra,5,FlatJointWrapper,,,,0.7271909684885999,0.6956389200756332,0.5305266489929964,0.0,0.9740656219189858,0.026276603975647617,3.478194600378166,0.66145858673068,0.6244213191943971,1.1703687142652237
macro,macro@1,best_valid,session,final,final.intra.Focus,intra,5,FlatJointWrapper,,,,0.7540167283692667,0.7456941462185299,0.42557274561785297,0.0,0.9720502508544056,0.0283477774481325,3.7284707310926497,0.583979975518879,0.5404581964942824,1.2135431092470226
macro,macro@1,best_valid,session,final,final.intra.Memory,intra,5,FlatJointWrapper,,,,0.7824019987085864,0.8814960071928979,0.27254382146955247,0.0,0.9705628856421769,0.02987908131396917,4.40748003596449,0.3666539063058211,0.418035057175642,1.259227439485815
macro,macro@1,best_valid,session,final,final.intra.Tempo,intra,5,FlatJointWrapper,,,,0.8322659987347875,0.8947807969937204,0.33466545325050445,0.0,0.9779348566499964,0.022312219908115487,4.473903984968602,0.3429171391886899,0.4677323626004036,1.3394804515935979
