best_mrr20,epoch,epoch_time_sec,eval,lr,patience_used,train_loss,trial,valid_mrr20
0.2485,1,70.15964436531067,1,0.0006918502217122324,0,2198.209225654602,1,0.2485
0.3207,3,60.710630655288696,1,0.0006905969424258146,0,1249.5104427337646,1,0.3207
0.368,9,60.12932586669922,1,0.0006793929843864215,0,756.008377790451,1,0.368
0.368,10,59.59231758117676,1,0.0006764589887885513,1,728.797105550766,1,0.3659
0.368,19,60.253862380981445,1,0.0006370993320384815,10,515.0039969682693,1,0.3364
