best_mrr20,epoch,epoch_time_sec,eval,lr,patience_used,train_loss,trial,valid_mrr20
0.2902,1,47.94722390174866,1,0.00056966,0,2182.529888153076,1,0.2902
0.3499,3,47.83919930458069,1,0.00056966,0,1215.307321548462,1,0.3499
0.3719,7,46.54569983482361,1,0.00056966,0,801.7273318767548,1,0.3719
0.3719,10,45.91882538795471,1,0.00056966,3,709.6693232059479,1,0.3679
0.3719,17,46.04806709289551,1,0.00056966,10,536.6478793621063,1,0.3435
