stage_name,stage_key,split,aggregation_level,node_kind,node_name,route_space,support_size,wrapper_name,source_type,temperature,top_k,entropy_norm,n_eff_norm,top1_monopoly_norm,jitter_adj_norm,knn_consistency_score,knn_consistency_js,n_eff,cv_usage,top1_max_frac,entropy_mean
macro,macro@1,best_valid,session,final,final.expert,expert,20,FlatJointWrapper,,,,0.8286050806932843,0.7349235884458989,0.23850499909410292,0.8354000183705337,0.9605947227507287,0.04020268346759789,14.698471768917978,0.6005710646425029,0.27657974913939776,2.4822789822636806
macro,macro@1,best_valid,session,final,final.group,group,4,FlatJointWrapper,,,,0.9309712266411659,0.9760572634608589,0.33388728418997876,0.0,0.9910035239399465,0.009037188715033955,3.9042290538434354,0.15662087500095367,0.5004154631424841,1.290600161857516
macro,macro@1,best_valid,session,final,final.intra.Exposure,intra,5,FlatJointWrapper,,,,0.7239095045673644,0.6924949039726209,0.5320104459304396,0.0,0.9738763900699409,0.026470892972420133,3.4624745198631044,0.6663735856656195,0.6256083567443517,1.1650874018221027
macro,macro@1,best_valid,session,final,final.intra.Focus,intra,5,FlatJointWrapper,,,,0.7503801994783128,0.7412479021920588,0.4295789973489495,0.0,0.9718935344268955,0.02850901300343625,3.706239510960294,0.5908267857011141,0.5436631978791596,1.2076903417802596
macro,macro@1,best_valid,session,final,final.intra.Memory,intra,5,FlatJointWrapper,,,,0.7809974405330196,0.8798224173395731,0.27645115340481935,0.0,0.9705004906667135,0.029943370791836173,4.3991120866978655,0.36958481565736506,0.4211609227238555,1.2569668903078384
macro,macro@1,best_valid,session,final,final.intra.Tempo,intra,5,FlatJointWrapper,,,,0.8305953519082377,0.8956135944460607,0.3302140624381751,0.0,0.9777309219144059,0.022520777769652937,4.478067972230304,0.34139856187405343,0.4641712499505401,1.336791649252661
