best_mrr20,epoch,epoch_time_sec,eval,lr,patience_used,train_loss,trial,valid_mrr20
0.0118,1,17.833543300628662,1,0.0005476,0,694.8440866470337,1,0.0118
0.015,3,16.8819682598114,1,0.0005476,0,602.1265707015991,1,0.015
0.0177,10,16.441502809524536,1,0.0005476,0,512.5827879905701,1,0.0177
0.0177,20,16.193411588668823,1,0.0005476,10,458.6412687301636,1,0.0164
