stage_name,stage_key,split,aggregation_level,node_kind,node_name,route_space,support_size,wrapper_name,source_type,temperature,top_k,entropy_norm,n_eff_norm,top1_monopoly_norm,jitter_adj_norm,knn_consistency_score,knn_consistency_js,n_eff,cv_usage,top1_max_frac,entropy_mean
macro,macro@1,best_valid,session,final,final.expert,expert,12,ScalarGroupConditionalProductWrapper,,,,0.9921040656924055,0.995048220547579,0.20301324144177402,0.0,0.9995204452862885,0.0004796697368479605,11.940578646570948,0.07054392783212877,0.2694288046549595,2.4652859901207695
macro,macro@1,best_valid,session,final,final.group,group,4,ScalarGroupConditionalProductWrapper,,,,0.9883093598205765,0.9979990308642261,0.14088368880423632,0.0,0.9995736453111381,0.00042644560386449125,3.9919961234569046,0.04477646201848984,0.35566276660317725,1.3700876925612742
macro,macro@1,best_valid,session,final,final.intra.Exposure,intra,3,ScalarGroupConditionalProductWrapper,,,,0.9971346179792664,0.996126899245083,0.500209305732884,0.0,0.9999675178603419,3.248266721423638e-05,2.988380697735249,0.062355389822858875,0.6668062038219227,1.0954643447684032
macro,macro@1,best_valid,session,final,final.intra.Focus,intra,3,ScalarGroupConditionalProductWrapper,,,,0.9969253455468202,0.9986525477336022,0.42743370240910894,0.0,0.9999164388329465,8.356465848234272e-05,2.9959576432008066,0.036732625052850694,0.618289134939406,1.0952344355024384
macro,macro@1,best_valid,session,final,final.intra.Memory,intra,3,ScalarGroupConditionalProductWrapper,,,,0.9989140290247098,0.9995062406228613,0.2843470707662683,0.0,0.9999672991154621,3.2701419223510436e-05,2.998518721868584,0.022227987915933493,0.5228980471775122,1.0974192276095192
macro,macro@1,best_valid,session,final,final.intra.Tempo,intra,3,ScalarGroupConditionalProductWrapper,,,,0.9944305978652913,0.992654733544831,0.744798752537832,0.0,0.9999367142731057,6.328772952035789e-05,2.977964200634493,0.08602103893396143,0.8298658350252214,1.0924936750423844
