{
  "split": "best_valid",
  "feature_mode": "none",
  "stages": [
    {
      "stage": "macro@1",
      "n_eff": 3.922284728909487,
      "cv_usage": 0.1407611221075058,
      "top1_max_frac": 0.5305092232294976,
      "entropy_mean": 1.3697020821940138,
      "route_jitter_adjacent": 0.0,
      "route_consistency_knn_js": 0.0010753605358466139,
      "route_consistency_knn_score": 0.9989252174570923,
      "route_consistency_group_knn_js": 0.0010753605358466139,
      "route_consistency_group_knn_score": 0.9989252174570923,
      "route_consistency_intra_group_knn_mean_js": 0.0,
      "route_consistency_intra_group_knn_mean_score": 1.0,
      "route_consistency_feature_group_knn_mean_score": 0.9979322734896223,
      "family_top_expert_mean_share": 0.2858802080154419,
      "route_consistency_feature_group_knn_tempo_js": 0.002788903018308037,
      "route_consistency_feature_group_knn_tempo_score": 0.9972149823588954,
      "route_consistency_feature_group_knn_focus_js": 0.0019087902735789373,
      "route_consistency_feature_group_knn_focus_score": 0.9980930303080215,
      "route_consistency_feature_group_knn_memory_js": 0.001710206609727542,
      "route_consistency_feature_group_knn_memory_score": 0.9982912549602821,
      "route_consistency_feature_group_knn_exposure_js": 0.0018719246268901735,
      "route_consistency_feature_group_knn_exposure_score": 0.9981298263312899
    }
  ]
}
