best_mrr20,epoch,epoch_time_sec,eval,lr,patience_used,train_loss,trial,valid_mrr20
0.0041,1,3.1159112453460693,1,0.0005672,0,80.3048505783081,1,0.0041
0.0099,3,2.149346351623535,1,0.0005672,0,73.09685850143433,1,0.0099
0.0479,10,2.168320655822754,1,0.0005672,0,54.18563938140869,1,0.0479
0.0738,33,2.3045363426208496,1,0.0005672,0,24.513014316558838,1,0.0738
0.0738,43,1.9354932308197021,1,0.0005672,10,16.797666788101196,1,0.0564
