stage_name,stage_key,split,aggregation_level,node_kind,node_name,route_space,support_size,wrapper_name,source_type,temperature,top_k,entropy_norm,n_eff_norm,top1_monopoly_norm,jitter_adj_norm,knn_consistency_score,knn_consistency_js,n_eff,cv_usage,top1_max_frac,entropy_mean
macro,macro@1,best_valid,session,final,final.expert,expert,12,GroupConditionalProductWrapper,,,,0.9440736219040461,0.8233436538281281,0.38534864287703885,0.0,0.9966526340539047,0.003352980909209547,9.880123845937538,0.46320577404430224,0.43656958930395223,2.3459348209588065
macro,macro@1,best_valid,session,final,final.group,group,4,GroupConditionalProductWrapper,,,,0.9189838531629394,0.8469218872146982,0.8843324770717919,0.0,0.9977794121524124,0.0022230570087854633,3.3876875488587928,0.42514291405677795,0.9132493578038439,1.2739821336000123
macro,macro@1,best_valid,session,final,final.intra.Exposure,intra,3,GroupConditionalProductWrapper,,,,0.9417167867335565,0.912571752865566,0.8881650212002103,0.0,0.9979993718292323,0.0020026321004981587,2.737715258596698,0.3095227983736158,0.925443347466807,1.0345816343505307
macro,macro@1,best_valid,session,final,final.intra.Focus,intra,3,GroupConditionalProductWrapper,,,,0.9994010338217225,0.9996809785390438,0.6936956454458233,0.0,0.9999235059862522,7.649693956408968e-05,2.9990429356171315,0.01786490150571163,0.7957970969638822,1.0979542570641576
macro,macro@1,best_valid,session,final,final.intra.Memory,intra,3,GroupConditionalProductWrapper,,,,0.9808456852761224,0.9949225327542018,0.6178855498127573,0.0,0.9981914799208885,0.0018101574259640056,2.9847675982626054,0.0714382776730226,0.7452570332085049,1.0775691231314413
macro,macro@1,best_valid,session,final,final.intra.Tempo,intra,3,GroupConditionalProductWrapper,,,,0.9740645724170149,0.9802770928430293,0.6625916870415647,0.0,0.9985719372169851,0.0014290834364915786,2.940831278529088,0.14184386978018673,0.7750611246943765,1.0701193092135806
