best_mrr20,epoch,epoch_time_sec,eval,lr,patience_used,train_loss,trial,valid_mrr20
0.2771,1,55.672401428222656,1,0.0006918502217122324,0,2186.2471346855164,1,0.2771
0.3454,3,54.23288369178772,1,0.0006905969424258146,0,1169.2710905075073,1,0.3454
0.3697,7,54.91971516609192,1,0.0006843557582399445,0,783.256266117096,1,0.3697
0.3697,10,55.07175254821777,1,0.0006764589887885513,3,683.3287177085876,1,0.3647
0.3697,17,54.63199520111084,1,0.0006477825875291236,10,484.83415818214417,1,0.3374
