stage_name,stage_key,split,aggregation_level,node_kind,node_name,route_space,support_size,wrapper_name,source_type,temperature,top_k,entropy_norm,n_eff_norm,top1_monopoly_norm,jitter_adj_norm,knn_consistency_score,knn_consistency_js,n_eff,cv_usage,top1_max_frac,entropy_mean
macro,macro@1,best_valid,session,final,final.expert,expert,16,ScalarGroupConditionalProductWrapper,,,,0.9296376529987418,0.7245905513606596,0.8650449279399173,0.0,0.9953009488775233,0.004710126372266265,11.593448821770554,0.616514265537262,0.8734796199436724,2.5775028724737705
macro,macro@1,best_valid,session,final,final.group,group,4,ScalarGroupConditionalProductWrapper,,,,0.930130724592079,0.8391422483100832,0.9606738675167383,0.0,0.9988443426042959,0.0011563256826356498,3.356568993240333,0.4378277659416199,0.9705054006375538,1.289434978606357
macro,macro@1,best_valid,session,final,final.intra.Exposure,intra,4,ScalarGroupConditionalProductWrapper,,,,0.9142611272808783,0.8608787202366445,0.8711687454220957,0.0,0.9948803527594154,0.005132797536972341,3.443514880946578,0.4019998610019684,0.9033765590665718,1.267435045340596
macro,macro@1,best_valid,session,final,final.intra.Focus,intra,4,ScalarGroupConditionalProductWrapper,,,,0.9875435658122302,0.9782016085049328,0.7738231562006748,0.0,0.9995576600844233,0.0004424377767368643,3.912806434019731,0.14927946320527352,0.8303673671505061,1.3690260766457243
macro,macro@1,best_valid,session,final,final.intra.Memory,intra,4,ScalarGroupConditionalProductWrapper,,,,0.968786264279209,0.9868136757192142,0.7564503316723923,0.0,0.9954259366471628,0.004584556390052606,3.9472547028768568,0.11559689733963593,0.8173377487542942,1.3430229353006715
macro,macro@1,best_valid,session,final,final.intra.Tempo,intra,4,ScalarGroupConditionalProductWrapper,,,,0.8838924868079086,0.788849997804207,0.5702186046031795,0.0,0.9978859329482923,0.0021163048459114744,3.155399991216828,0.5173665285110474,0.6776639534523846,1.2253351702980408
