{
  "split": "best_valid",
  "feature_mode": "runtime:unknown|ablation:none",
  "stages": [
    {
      "stage": "macro@1",
      "n_eff": 11.879189903774455,
      "cv_usage": 0.10084564683301309,
      "top1_max_frac": 0.7623318385650224,
      "entropy_mean": 2.4418332223934978,
      "route_jitter_adjacent": 0.0,
      "route_consistency_knn_js": 0.0007995575238643081,
      "route_consistency_knn_score": 0.9992007620370779,
      "route_consistency_group_knn_js": 0.0005956148606928532,
      "route_consistency_group_knn_score": 0.9994045624826271,
      "route_consistency_intra_group_knn_mean_js": 0.00021825483339159873,
      "route_consistency_intra_group_knn_mean_score": 0.9997817859954254,
      "route_consistency_feature_group_knn_mean_score": 0.9989215063807153,
      "family_top_expert_mean_share": 0.09983711689710617,
      "route_consistency_feature_group_knn_tempo_js": 0.0008063368629990963,
      "route_consistency_feature_group_knn_tempo_score": 0.9991939881392096,
      "route_consistency_feature_group_knn_focus_js": 0.0011949571506068278,
      "route_consistency_feature_group_knn_focus_score": 0.9988057565263896,
      "route_consistency_feature_group_knn_memory_js": 0.0012731926673146907,
      "route_consistency_feature_group_knn_memory_score": 0.9987276174986004,
      "route_consistency_feature_group_knn_exposure_js": 0.001041879209034751,
      "route_consistency_feature_group_knn_exposure_score": 0.998958663358662
    }
  ]
}
