stage_name,stage_key,split,aggregation_level,node_kind,node_name,route_space,support_size,wrapper_name,source_type,temperature,top_k,entropy_norm,n_eff_norm,top1_monopoly_norm,jitter_adj_norm,knn_consistency_score,knn_consistency_js,n_eff,cv_usage,top1_max_frac,entropy_mean
macro,macro@1,best_valid,session,final,final.expert,expert,12,ScalarGroupConditionalProductWrapper,,,,0.9599010701713157,0.9910611300278854,0.7124633707480078,0.0,0.9978018375270323,0.00220058197839071,11.892733560334625,0.09497055873362545,0.7364247565190072,2.38526455240732
macro,macro@1,best_valid,session,final,final.group,group,4,ScalarGroupConditionalProductWrapper,,,,0.9624395919999383,0.9967928601152289,0.6477453136454079,0.0,0.9986785855757099,0.0013222882622166683,3.9871714404609158,0.056721505466520133,0.7358089852340559,1.3342245793080427
macro,macro@1,best_valid,session,final,final.intra.Exposure,intra,3,ScalarGroupConditionalProductWrapper,,,,0.9993332776522327,0.9999988973152876,0.62186616399623,0.0,0.9999463505680669,5.365087111529551e-05,2.9999966919458627,0.0010160039807556873,0.7479107759974867,1.097879819303723
macro,macro@1,best_valid,session,final,final.intra.Focus,intra,3,ScalarGroupConditionalProductWrapper,,,,0.9024243928850922,0.9951058528220796,0.7104618284637134,0.0,0.9973957872342403,0.0026076096265381403,2.985317558466239,0.07012916892381998,0.8069745523091423,0.9914145276174207
macro,macro@1,best_valid,session,final,final.intra.Memory,intra,3,ScalarGroupConditionalProductWrapper,,,,0.9932404267198309,0.9985072279994082,0.645956644674835,0.0,0.9996508402811578,0.00034922068928947616,2.9955216839982244,0.038664997334331354,0.76397109644989,1.0911861383963635
macro,macro@1,best_valid,session,final,final.intra.Tempo,intra,3,ScalarGroupConditionalProductWrapper,,,,0.9251634304479147,0.936662117406966,0.7677097078228086,0.0,0.9991183252821745,0.0008820636215874494,2.809986352220898,0.26004006683707037,0.8451398052152058,1.0163959137164231
