stage_name,stage_key,split,aggregation_level,node_kind,node_name,route_space,support_size,wrapper_name,source_type,temperature,top_k,entropy_norm,n_eff_norm,top1_monopoly_norm,jitter_adj_norm,knn_consistency_score,knn_consistency_js,n_eff,cv_usage,top1_max_frac,entropy_mean
macro,macro@1,best_valid,session,final,final.expert,expert,12,ScalarGroupConditionalProductWrapper,,,,0.8897848023247742,0.6453224876548133,0.940429843560337,0.0,0.9933664635995927,0.006655636089943109,7.743869851857759,0.7413589717982667,0.9453940232636422,2.211032172177133
macro,macro@1,best_valid,session,final,final.group,group,4,ScalarGroupConditionalProductWrapper,,,,0.967868598750814,0.935440024720233,0.9146251760980414,0.0,0.9992054072584466,0.0007949085976948701,3.741760098880932,0.2627081274986267,0.935968882073531,1.3417507807532634
macro,macro@1,best_valid,session,final,final.intra.Exposure,intra,3,ScalarGroupConditionalProductWrapper,,,,0.5563761125501983,0.5215314131202397,0.9718928825223472,0.0,0.9915348540633683,0.008501178777432504,1.564594239360719,0.9578256619624597,0.9812619216815649,0.6112416343690391
macro,macro@1,best_valid,session,final,final.intra.Focus,intra,3,ScalarGroupConditionalProductWrapper,,,,0.9811326397867639,0.9917191306937405,0.562516363092344,0.0,0.9988604850114886,0.0011401647293557437,2.9751573920812215,0.09137856129173752,0.7083442420615627,1.0778843748831208
macro,macro@1,best_valid,session,final,final.intra.Memory,intra,3,ScalarGroupConditionalProductWrapper,,,,0.9628999869016849,0.9793843903771133,0.648464674421214,0.0,0.9990211558859456,0.0009793234948057147,2.93815317113134,0.14508489459500032,0.7656431162808094,1.057853758368553
macro,macro@1,best_valid,session,final,final.intra.Tempo,intra,3,ScalarGroupConditionalProductWrapper,,,,0.8591523447273346,0.9929164546456021,0.08508808018850285,0.0,0.9895689386622244,0.010485846167054984,2.978749363936806,0.08446349696923801,0.39005872012566856,0.9438753237554699
