best_mrr20,epoch,epoch_time_sec,eval,lr,patience_used,train_loss,trial,valid_mrr20
0.0124,1,23.511609315872192,1,0.0007998187552579467,0,683.6534371376038,1,0.0124
0.0166,3,21.81532049179077,1,0.0007983698921263105,0,582.9391069412231,1,0.0166
0.019,10,21.395467519760132,1,0.0007820256023867403,0,516.6067047119141,1,0.019
0.0198,14,21.3078670501709,1,0.0007650535537831837,0,501.38418197631836,1,0.0198
0.0198,24,21.35033679008484,1,0.0007005442537178253,10,476.31806659698486,1,0.0184
