stage_name,stage_key,split,aggregation_level,node_kind,node_name,route_space,support_size,wrapper_name,source_type,temperature,top_k,entropy_norm,n_eff_norm,top1_monopoly_norm,jitter_adj_norm,knn_consistency_score,knn_consistency_js,n_eff,cv_usage,top1_max_frac,entropy_mean
macro,macro@1,best_valid,session,final,final.expert,expert,16,ScalarGroupConditionalProductWrapper,,,,0.9296539608140857,0.7233300224786882,0.8648798654740903,0.0,0.9950943960751004,0.004917675896222039,11.57328035965901,0.6184620402410078,0.8733248738819597,2.5775480873386774
macro,macro@1,best_valid,session,final,final.group,group,4,ScalarGroupConditionalProductWrapper,,,,0.9295681485665009,0.8375767111441449,0.9615404454623296,0.0,0.9988201385139637,0.0011805580705689044,3.3503068445765796,0.4403640031814575,0.9711553340967473,1.288655082634397
macro,macro@1,best_valid,session,final,final.intra.Exposure,intra,4,ScalarGroupConditionalProductWrapper,,,,0.9132430661240657,0.8595153844459279,0.8671659806257931,0.0,0.9944333792691823,0.005582172103244491,3.4380615377837116,0.40428492426872253,0.9003744854693448,1.2660237128996317
macro,macro@1,best_valid,session,final,final.intra.Focus,intra,4,ScalarGroupConditionalProductWrapper,,,,0.9885038955585742,0.978586513936731,0.789545356070688,0.0,0.9996493692346325,0.000350692250707128,3.914346055746924,0.14792533218860626,0.842159017053016,1.3703573763578967
macro,macro@1,best_valid,session,final,final.intra.Memory,intra,4,ScalarGroupConditionalProductWrapper,,,,0.9710098828655039,0.9920192467113067,0.6492422601178133,0.0,0.9956141074246356,0.004395538817459594,3.968076986845227,0.08969362080097198,0.73693169508836,1.3461055252081335
macro,macro@1,best_valid,session,final,final.intra.Tempo,intra,4,ScalarGroupConditionalProductWrapper,,,,0.8844548012107806,0.7944285690204027,0.4879349653884642,0.0,0.9976067737297605,0.002396094613539987,3.177714276081611,0.5086907744407654,0.6159512240413482,1.2261147035839188
