stage_name,stage_key,split,aggregation_level,node_kind,node_name,route_space,support_size,wrapper_name,source_type,temperature,top_k,entropy_norm,n_eff_norm,top1_monopoly_norm,jitter_adj_norm,knn_consistency_score,knn_consistency_js,n_eff,cv_usage,top1_max_frac,entropy_mean
macro,macro@1,best_valid,session,final,final.expert,expert,12,ScalarGroupConditionalProductWrapper,,,,0.9648015592998799,0.8746056030182549,0.9068067610781179,0.0,0.9972617997936778,0.0027419559340301192,10.495267236219059,0.378646027840082,0.914572864321608,2.397441810430103
macro,macro@1,best_valid,session,final,final.group,group,4,ScalarGroupConditionalProductWrapper,,,,0.9702702397512091,0.9488083297252274,0.8100739920072805,0.0,0.9989065597057507,0.0010940385362222284,3.7952333189009098,0.2322792112827301,0.8575554940054604,1.3450801621295454
macro,macro@1,best_valid,session,final,final.intra.Exposure,intra,3,ScalarGroupConditionalProductWrapper,,,,0.8958474903730115,0.8543028580994335,0.9518062754718475,0.0,0.9962832080799398,0.0037237163542610946,2.5629085742983007,0.41297112664666397,0.967870850314565,0.9841890616962766
macro,macro@1,best_valid,session,final,final.intra.Focus,intra,3,ScalarGroupConditionalProductWrapper,,,,0.9992493613781861,0.9994649770880205,0.8109642701697464,0.0,0.9999511413464824,4.885984714046891e-05,2.9983949312640616,0.023136878162268455,0.8739761801131642,1.097787627853836
macro,macro@1,best_valid,session,final,final.intra.Memory,intra,3,ScalarGroupConditionalProductWrapper,,,,0.9981787917802244,0.9968219394255916,0.7550548015668894,0.0,0.9999298992863656,7.010317080427695e-05,2.9904658182767747,0.05646449345456083,0.8367032010445931,1.0966114869376409
macro,macro@1,best_valid,session,final,final.intra.Tempo,intra,3,ScalarGroupConditionalProductWrapper,,,,0.9791790127736769,0.9910223170012572,0.279112095912634,0.0,0.9982028117296669,0.0017988051506886314,2.9730669510037715,0.09517929897781008,0.519408063941756,1.0757380962390695
