{
  "split": "best_valid",
  "feature_mode": "none",
  "stages": [
    {
      "stage": "macro@1",
      "n_eff": 15.474377838083756,
      "cv_usage": 0.18430217317368663,
      "top1_max_frac": 0.20794494293928042,
      "entropy_mean": 2.6695928094237305,
      "route_jitter_adjacent": 0.0,
      "route_consistency_knn_js": 0.007716084869814591,
      "route_consistency_knn_score": 0.9923136076938495,
      "route_consistency_group_knn_js": 0.003973238707181335,
      "route_consistency_group_knn_score": 0.9960346441621012,
      "route_consistency_intra_group_knn_mean_js": 0.0038061627232873676,
      "route_consistency_intra_group_knn_mean_score": 0.9962031953137267,
      "route_consistency_feature_group_knn_mean_score": 0.9776385358553972,
      "family_top_expert_mean_share": 0.07697917520999908,
      "route_consistency_feature_group_knn_tempo_js": 0.02640348664636409,
      "route_consistency_feature_group_knn_tempo_score": 0.9739420377119365,
      "route_consistency_feature_group_knn_focus_js": 0.013312180968682037,
      "route_consistency_feature_group_knn_focus_score": 0.9867760342329496,
      "route_consistency_feature_group_knn_memory_js": 0.024925113942405198,
      "route_consistency_feature_group_knn_memory_score": 0.9753829518773767,
      "route_consistency_feature_group_knn_exposure_js": 0.025878868324260822,
      "route_consistency_feature_group_knn_exposure_score": 0.9744531195993261
    }
  ]
}
