best_mrr20,epoch,epoch_time_sec,eval,lr,patience_used,train_loss,trial,valid_mrr20
0.0132,1,18.23767066001892,1,0.0005476,0,682.0537648200989,1,0.0132
0.0168,3,17.254271745681763,1,0.0005476,0,583.8041048049927,1,0.0168
0.0183,10,17.02391266822815,1,0.0005476,3,501.3524851799011,1,0.0174
0.0188,16,17.556661367416382,1,0.0005476,0,463.54266834259033,1,0.0188
0.0188,26,17.130231142044067,1,0.0005476,10,415.2356038093567,1,0.0175
