best_mrr20,epoch,epoch_time_sec,eval,lr,patience_used,train_loss,trial,valid_mrr20
0.2753,1,55.077332973480225,1,0.0007027447529322896,0,2170.41703081131,1,0.2753
0.3497,3,54.68395686149597,1,0.0007014717383189401,0,1142.6673727035522,1,0.3497
0.3707,6,52.79316163063049,1,0.0006971879240593354,0,813.3162636756897,1,0.3707
0.3707,10,52.9725022315979,1,0.0006871111550250616,4,668.1602551937103,1,0.3605
0.3707,16,52.98123121261597,1,0.000663001700142937,10,485.3698105812073,1,0.3382
