stage_name,stage_key,split,aggregation_level,node_kind,node_name,route_space,support_size,wrapper_name,source_type,temperature,top_k,entropy_norm,n_eff_norm,top1_monopoly_norm,jitter_adj_norm,knn_consistency_score,knn_consistency_js,n_eff,cv_usage,top1_max_frac,entropy_mean
macro,macro@1,best_valid,session,final,final.expert,expert,16,FlatJointWrapper,,,,0.6986003890106806,0.9443846397537302,0.04154159718362053,0.7020772340722152,0.7997014080897061,0.22351686087342068,15.110154236059683,0.24267375425539936,0.10144524735964425,1.936931559923337
macro,macro@1,best_valid,session,final,final.group,group,4,FlatJointWrapper,,,,0.8722533032573956,0.9821079182038797,0.10678772157371379,0.0,0.9516651641715265,0.04954202436538271,3.9284316728155186,0.13497425615787506,0.33009079118028534,1.2091998357739253
macro,macro@1,best_valid,session,final,final.intra.Exposure,intra,4,FlatJointWrapper,,,,0.2964630217668562,0.9117445665570942,0.1423488738965529,0.0,0.7619570045051457,0.27186514942134427,3.646978266228377,0.31112444400787354,0.35676165542241467,0.4109850153559561
macro,macro@1,best_valid,session,final,final.intra.Focus,intra,4,FlatJointWrapper,,,,0.4466128511670178,0.9421320380742905,0.13200037903913583,0.0,0.8108361569629959,0.20968927121629902,3.768528152297162,0.24783551692962646,0.34900028427935187,0.6191368771765138
macro,macro@1,best_valid,session,final,final.intra.Memory,intra,4,FlatJointWrapper,,,,0.45234035210922485,0.9222259698831712,0.15294853746285,0.0,0.816779903280859,0.2023856166448754,3.6889038795326847,0.2904013693332672,0.3647114030971375,0.6270768794360042
macro,macro@1,best_valid,session,final,final.intra.Tempo,intra,4,FlatJointWrapper,,,,0.5018410091375138,0.9939628362098067,0.04373140940446807,0.0,0.8151941290565085,0.20432899894387774,3.975851344839227,0.07793517410755157,0.28279855705335105,0.6956993611460509
