best_mrr20,epoch,epoch_time_sec,eval,lr,patience_used,train_loss,trial,valid_mrr20
0.1038,1,23.249990224838257,1,0.0007135149793515991,0,1553.02414894104,1,0.1038
0.2151,3,21.033406496047974,1,0.0007122224545881367,0,904.6705827713013,1,0.2151
0.3101,10,20.733720064163208,1,0.0006976417818052322,0,345.5547983646393,1,0.3101
0.3101,20,20.190438747406006,1,0.0006511383339212239,10,107.21199387311935,1,0.2981
