best_mrr20,epoch,epoch_time_sec,eval,lr,patience_used,train_loss,trial,valid_mrr20
0.0046,1,3.180720806121826,1,0.0007686160080558066,0,81.09078979492188,1,0.0046
0.0086,3,1.8087241649627686,1,0.0007672236683674252,0,76.00085067749023,1,0.0086
0.0436,10,1.7341787815093994,1,0.0007515170065124098,0,63.625773906707764,1,0.0436
0.0915,43,1.79512357711792,1,0.0004936886101458592,0,38.75854253768921,1,0.0915
0.0915,53,1.637852668762207,1,0.00038448950617080087,10,35.59536647796631,1,0.086
