{
  "split": "best_valid",
  "feature_mode": "none",
  "stages": [
    {
      "stage": "macro@1",
      "n_eff": 11.94639536206415,
      "cv_usage": 0.06698432284920633,
      "top1_max_frac": 0.7583537543198241,
      "entropy_mean": 2.4565373173892553,
      "route_jitter_adjacent": 0.0,
      "route_consistency_knn_js": 0.0013468542790041754,
      "route_consistency_knn_score": 0.9986540523221547,
      "route_consistency_group_knn_js": 0.0010057279496302508,
      "route_consistency_group_knn_score": 0.9989947776252196,
      "route_consistency_intra_group_knn_mean_js": 0.0003510683435281177,
      "route_consistency_intra_group_knn_mean_score": 0.999649042606898,
      "route_consistency_feature_group_knn_mean_score": 0.9975337679557101,
      "family_top_expert_mean_share": 0.09245043992996216,
      "route_consistency_feature_group_knn_tempo_js": 0.002915783755597227,
      "route_consistency_feature_group_knn_tempo_score": 0.9970884630133015,
      "route_consistency_feature_group_knn_focus_js": 0.0023750011084961663,
      "route_consistency_feature_group_knn_focus_score": 0.9976278169752111,
      "route_consistency_feature_group_knn_memory_js": 0.001892155059803142,
      "route_consistency_feature_group_knn_memory_score": 0.998109633937051,
      "route_consistency_feature_group_knn_exposure_js": 0.002694468925934177,
      "route_consistency_feature_group_knn_exposure_score": 0.9973091578972768
    }
  ]
}
