best_mrr20,epoch,epoch_time_sec,eval,lr,patience_used,train_loss,trial,valid_mrr20
0.1307,1,55.783658027648926,1,0.0007027447529322896,0,2287.3895750045776,1,0.1307
0.2652,3,55.250439167022705,1,0.0007014717383189401,0,1430.809199810028,1,0.2652
0.3443,10,51.915544271469116,1,0.0006871111550250616,0,789.5922582149506,1,0.3443
0.3482,14,54.4132125377655,1,0.0006721990039605187,0,702.1472318172455,1,0.3482
0.3482,24,53.26827812194824,1,0.0006155191976440927,10,555.4939670562744,1,0.3288
