stage_name,stage_key,split,aggregation_level,node_kind,node_name,route_space,support_size,wrapper_name,source_type,temperature,top_k,entropy_norm,n_eff_norm,top1_monopoly_norm,jitter_adj_norm,knn_consistency_score,knn_consistency_js,n_eff,cv_usage,top1_max_frac,entropy_mean
macro,macro@1,best_valid,session,final,final.expert,expert,16,ScalarGroupConditionalProductWrapper,,,,0.988760447558791,0.9871483494764951,0.7464872944693572,0.0,0.9992027578162053,0.000797560150353342,15.794373591623922,0.11409985274076462,0.7623318385650224,2.7414260658982625
macro,macro@1,best_valid,session,final,final.group,group,4,ScalarGroupConditionalProductWrapper,,,,0.9884539328289305,0.9948341867517567,0.6831091180866965,0.0,0.9995146673073422,0.00048545050468931547,3.979336747007027,0.07206066811807968,0.7623318385650224,1.3702881133075253
macro,macro@1,best_valid,session,final,final.intra.Exposure,intra,4,ScalarGroupConditionalProductWrapper,,,,0.9976110727230784,0.9988510711210672,0.7059043348281017,0.0,0.9998528031661839,0.00014720766833334258,3.9954042844842688,0.03391494229435921,0.7794282511210763,1.3829826047067686
macro,macro@1,best_valid,session,final,final.intra.Focus,intra,4,ScalarGroupConditionalProductWrapper,,,,0.9952413831609837,0.9958860351115797,0.7653213751868461,0.0,0.999808942648237,0.00019107560554379672,3.9835441404463188,0.06427351406496931,0.8239910313901345,1.379697517429232
macro,macro@1,best_valid,session,final,final.intra.Memory,intra,4,ScalarGroupConditionalProductWrapper,,,,0.9853571962505964,0.9844494547427826,0.6831091180866965,0.0,0.9997277958337586,0.0002722412205198735,3.9377978189711302,0.12568304691809695,0.7623318385650224,1.365995124851107
macro,macro@1,best_valid,session,final,final.intra.Tempo,intra,4,ScalarGroupConditionalProductWrapper,,,,0.9743429028579403,0.9868278384331232,0.6831091180866965,0.0,0.9993094005872686,0.0006908379863513903,3.9473113537324926,0.11553323268890381,0.7623318385650224,1.350726072029148
