stage_name,stage_key,split,aggregation_level,node_kind,node_name,route_space,support_size,wrapper_name,source_type,temperature,top_k,entropy_norm,n_eff_norm,top1_monopoly_norm,jitter_adj_norm,knn_consistency_score,knn_consistency_js,n_eff,cv_usage,top1_max_frac,entropy_mean
macro,macro@1,best_valid,session,final,final.expert,expert,12,GroupConditionalProductWrapper,,,,0.9674086686139389,0.9954041245997106,0.1294391524336651,0.0,0.9948383530175241,0.005175014300352641,11.944849495196527,0.06794993514419376,0.20198588973085968,2.403920233701333
macro,macro@1,best_valid,session,final,final.group,group,4,GroupConditionalProductWrapper,,,,0.9542447692415117,0.9965673901829782,0.2234996951485062,0.0,0.9965518939102802,0.0034540645083052726,3.986269560731913,0.058689139783382416,0.41762477136137965,1.3228641427276588
macro,macro@1,best_valid,session,final,final.intra.Exposure,intra,3,GroupConditionalProductWrapper,,,,0.996248324020809,0.9978410820105136,0.611575646720669,0.0,0.999746268263377,0.0002537639319661726,2.9935232460315406,0.0465142945866497,0.7410504311471127,1.0944906513342696
macro,macro@1,best_valid,session,final,final.intra.Focus,intra,3,GroupConditionalProductWrapper,,,,0.9662911403957788,0.999722617341058,0.2196237261562582,0.0,0.9966893239481792,0.003316168465532862,2.999167852023174,0.016655392914104672,0.4797491507708388,1.0615793212699243
macro,macro@1,best_valid,session,final,final.intra.Memory,intra,3,GroupConditionalProductWrapper,,,,0.9980206766149325,0.9994622977555072,0.5920760386725895,0.0,0.9996429584642887,0.0003571052902161527,2.9983868932665216,0.023197431102987,0.728050692448393,1.0964377796740266
macro,macro@1,best_valid,session,final,final.intra.Tempo,intra,3,GroupConditionalProductWrapper,,,,0.9716419937750888,0.9982388097781282,0.20002613012803766,0.0,0.99712046876791,0.0028836850581125265,2.9947164293343844,0.04200376910705062,0.4666840867520251,1.0674578345472956
