stage_name,stage_key,split,aggregation_level,node_kind,node_name,route_space,support_size,wrapper_name,source_type,temperature,top_k,entropy_norm,n_eff_norm,top1_monopoly_norm,jitter_adj_norm,knn_consistency_score,knn_consistency_js,n_eff,cv_usage,top1_max_frac,entropy_mean
macro,macro@1,best_valid,session,final,final.expert,expert,12,ScalarGroupConditionalProductWrapper,,,,0.9828543510259484,0.9953837499954762,0.7080627195613058,0.0,0.9986002213480928,0.001400759257238118,11.944604999945714,0.06810047460793034,0.7323908262645303,2.442301312637449
macro,macro@1,best_valid,session,final,final.group,group,4,ScalarGroupConditionalProductWrapper,,,,0.9772457852587317,0.998185951134557,0.6772855796418473,0.0,0.9989656400644101,0.0010348952550018513,3.992743804538228,0.04263073087517803,0.7579641847313855,1.3547503215323593
macro,macro@1,best_valid,session,final,final.intra.Exposure,intra,3,ScalarGroupConditionalProductWrapper,,,,0.9952814939276018,0.998301623815432,0.6048444863336475,0.0,0.9996410370384674,0.00035902740415862263,2.994904871446296,0.04124838542169115,0.7365629908890984,1.093428479912818
macro,macro@1,best_valid,session,final,final.intra.Focus,intra,3,ScalarGroupConditionalProductWrapper,,,,0.9613983378216331,0.9871841876511951,0.620603204524034,0.0,0.9992393291049807,0.0007609603519215241,2.9615525629535853,0.11393921855273191,0.7470688030160226,1.0562040282359408
macro,macro@1,best_valid,session,final,final.intra.Memory,intra,3,ScalarGroupConditionalProductWrapper,,,,0.9967229786006009,0.9975634127205684,0.6360414703110273,0.0,0.999881873047986,0.0001181339295518849,2.992690238161705,0.04942297974458397,0.7573609802073515,1.0950121126885015
macro,macro@1,best_valid,session,final,final.intra.Tempo,intra,3,ScalarGroupConditionalProductWrapper,,,,0.9915593452924422,0.9982345333651298,0.5985862393967954,0.0,0.9998020776934285,0.00019794189577592222,2.9947036000953893,0.042054974151999526,0.7323908262645303,1.0893392816819825
