stage_name,stage_key,split,aggregation_level,node_kind,node_name,route_space,support_size,wrapper_name,source_type,temperature,top_k,entropy_norm,n_eff_norm,top1_monopoly_norm,jitter_adj_norm,knn_consistency_score,knn_consistency_js,n_eff,cv_usage,top1_max_frac,entropy_mean
macro,macro@1,best_valid,session,final,final.expert,expert,16,FlatJointWrapper,,,,0.9004929301194478,0.8578881588413909,0.2074598715361585,0.8605676494902177,0.9747324875116571,0.025592217414029568,13.726210541462255,0.4070049226284027,0.2569936295651486,2.4966965425058363
macro,macro@1,best_valid,session,final,final.group,group,4,FlatJointWrapper,,,,0.9303877835314109,0.9208136777243017,0.38363734683918277,0.0,0.9923090753217713,0.007720652359763225,3.6832547108972067,0.2932506203651428,0.5377280101293871,1.2897913379644284
macro,macro@1,best_valid,session,final,final.intra.Exposure,intra,4,FlatJointWrapper,,,,0.8809977578133614,0.9321359121891161,0.2839789498674475,0.0,0.9862022463948129,0.01389382736585453,3.7285436487564643,0.2698237895965576,0.4629842124005856,1.22132222381593
macro,macro@1,best_valid,session,final,final.intra.Focus,intra,4,FlatJointWrapper,,,,0.8889011653656635,0.9592690140600256,0.19845948904628127,0.0,0.9843568714881136,0.01576677340376408,3.8370760562401025,0.20605920778999237,0.39884461678471095,1.2322786731393187
macro,macro@1,best_valid,session,final,final.intra.Memory,intra,4,FlatJointWrapper,,,,0.839431310626673,0.8823842254431377,0.3937139767076854,0.0,0.9826372556017007,0.017515244637942035,3.5295369017725506,0.3650934317763705,0.545285482530764,1.163698892469236
macro,macro@1,best_valid,session,final,final.intra.Tempo,intra,4,FlatJointWrapper,,,,0.8882065079425165,0.9489871529484912,0.21439217082789272,0.0,0.9820718743530703,0.018090781500490094,3.795948611793965,0.23185136914253235,0.41079412812091953,1.2313156734707
