stage_name,stage_key,split,aggregation_level,node_kind,node_name,route_space,support_size,wrapper_name,source_type,temperature,top_k,entropy_norm,n_eff_norm,top1_monopoly_norm,jitter_adj_norm,knn_consistency_score,knn_consistency_js,n_eff,cv_usage,top1_max_frac,entropy_mean
macro,macro@1,best_valid,session,final,final.expert,expert,12,ScalarGroupConditionalProductWrapper,,,,0.9150229331028849,0.8573994260858718,0.469727987775612,0.0,0.9909912439985196,0.009049580212353501,10.288793113030462,0.40782055375286247,0.5139173221276443,2.273746571175879
macro,macro@1,best_valid,session,final,final.group,group,4,ScalarGroupConditionalProductWrapper,,,,0.9080561210846827,0.8861366324072426,0.47994109830118886,0.0,0.9956146587573551,0.004394985056155135,3.5445465296289704,0.3584606349468231,0.6099558237258916,1.2588330802400962
macro,macro@1,best_valid,session,final,final.intra.Exposure,intra,3,ScalarGroupConditionalProductWrapper,,,,0.7205258572142339,0.7056051653485579,0.7531516000430986,0.0,0.996714179795055,0.0032912303666177223,2.1168154960456738,0.6459281252047978,0.8354344000287325,0.7915785610386812
macro,macro@1,best_valid,session,final,final.intra.Focus,intra,3,ScalarGroupConditionalProductWrapper,,,,0.9611138775799082,0.9942223606542143,0.049455877599396646,0.0,0.9970420287140013,0.002962354729263467,2.982667081962643,0.07623182009959757,0.36630391839959775,1.0558915167187444
macro,macro@1,best_valid,session,final,final.intra.Memory,intra,3,ScalarGroupConditionalProductWrapper,,,,0.9749656130802442,0.9785413377649131,0.765111518155371,0.0,0.9960343983097203,0.003973485538366012,2.9356240132947393,0.14808513527854875,0.8434076787702475,1.071109203558794
macro,macro@1,best_valid,session,final,final.intra.Tempo,intra,3,ScalarGroupConditionalProductWrapper,,,,0.8843946896578058,0.940996672985515,0.434004956362461,0.0,0.9934230672972599,0.006598656025570643,2.822990018956545,0.2504056170461888,0.6226699709083073,0.9716068740908846
