stage_name,stage_key,split,aggregation_level,node_kind,node_name,route_space,support_size,wrapper_name,source_type,temperature,top_k,entropy_norm,n_eff_norm,top1_monopoly_norm,jitter_adj_norm,knn_consistency_score,knn_consistency_js,n_eff,cv_usage,top1_max_frac,entropy_mean
macro,macro@1,best_valid,session,final,final.expert,expert,20,FlatJointWrapper,,,,0.8602440934712796,0.7509562965355162,0.30185531886535877,0.8265821622118122,0.9707544973262388,0.02968167754437931,15.019125930710324,0.5758779782671037,0.3367625529220908,2.5770609939461084
macro,macro@1,best_valid,session,final,final.group,group,4,FlatJointWrapper,,,,0.9442169907324649,0.9938914701312119,0.06018280378269303,0.0,0.9931891980747127,0.006834101288548263,3.9755658805248477,0.07839721630778507,0.29513710283701977,1.308962689926008
macro,macro@1,best_valid,session,final,final.intra.Exposure,intra,5,FlatJointWrapper,,,,0.7454817722299047,0.6409694839492259,0.7153582875004946,0.0,0.9800964518722788,0.020104291882641692,3.2048474197461294,0.748422656231781,0.7722866300003957,1.1998066272553713
macro,macro@1,best_valid,session,final,final.intra.Focus,intra,5,FlatJointWrapper,,,,0.8582122951692612,0.8560757339433331,0.33283543702765794,0.0,0.9811644445150057,0.019015203989993235,4.280378669716666,0.4100255234535706,0.4662683496221264,1.3812394047624936
macro,macro@1,best_valid,session,final,final.intra.Memory,intra,5,FlatJointWrapper,,,,0.8052256489089357,0.86828440800173,0.32185533969057883,0.0,0.9758291487117001,0.02446776044201803,4.34142204000865,0.3894820378797943,0.4574842717524631,1.295960687418391
macro,macro@1,best_valid,session,final,final.intra.Tempo,intra,5,FlatJointWrapper,,,,0.8551495506931628,0.9020957985228822,0.2819412020733589,0.0,0.9833946764928785,0.016744737387998133,4.510478992614411,0.3294383685374503,0.4255529616586871,1.3763101076865627
