stage_name,stage_key,split,aggregation_level,node_kind,node_name,route_space,support_size,wrapper_name,source_type,temperature,top_k,entropy_norm,n_eff_norm,top1_monopoly_norm,jitter_adj_norm,knn_consistency_score,knn_consistency_js,n_eff,cv_usage,top1_max_frac,entropy_mean
macro,macro@1,best_valid,session,final,final.expert,expert,12,GroupConditionalProductWrapper,,,,0.956102505390149,0.8424849385221642,0.8007658523272402,0.0,0.9958774139917105,0.004131107293872797,10.10981926226597,0.4323942532421871,0.8173686979666368,2.3758254735229487
macro,macro@1,best_valid,session,final,final.group,group,4,GroupConditionalProductWrapper,,,,0.963831130226606,0.9236734168043965,0.9295183270919088,0.0,0.998387004770359,0.0016142975070129611,3.694693667217586,0.2874608337879181,0.9471387453189316,1.336153660904955
macro,macro@1,best_valid,session,final,final.intra.Exposure,intra,3,GroupConditionalProductWrapper,,,,0.9089908908981411,0.9029218404923559,0.7776299093188078,0.0,0.9932321396560349,0.006790866169680867,2.708765521477068,0.3278955943019511,0.8517532728792052,0.9986285630280709
macro,macro@1,best_valid,session,final,final.intra.Focus,intra,3,GroupConditionalProductWrapper,,,,0.9973770000542767,0.997748330397278,0.6878462443130823,0.0,0.9997556305119483,0.00024439935114030267,2.9932449911918337,0.04750497683867881,0.7918974962087215,1.0957306286945623
macro,macro@1,best_valid,session,final,final.intra.Memory,intra,3,GroupConditionalProductWrapper,,,,0.9332517851825847,0.8753308013397184,0.9913651697564296,0.0,0.9997153373680718,0.00028470315602578786,2.625992404019155,0.3773926533045574,0.9942434465042864,1.0252818796230385
macro,macro@1,best_valid,session,final,final.intra.Tempo,intra,3,GroupConditionalProductWrapper,,,,0.9808448049265254,0.9669857326916279,0.9136052737457829,0.0,0.9995717352632953,0.0004283564682381745,2.9009571980748836,0.18477396488863335,0.9424035158305221,1.0775681559685557
