best_mrr20,epoch,epoch_time_sec,eval,lr,patience_used,train_loss,trial,valid_mrr20
0.3096,1,49.47292733192444,1,0.00056966,0,2151.0629329681396,1,0.3096
0.3621,3,47.84509992599487,1,0.00056966,0,1141.0376300811768,1,0.3621
0.3729,6,47.93756723403931,1,0.00056966,0,798.8192565441132,1,0.3729
0.3729,10,47.34084343910217,1,0.00056966,4,631.0604522228241,1,0.3621
0.3729,16,47.34194040298462,1,0.00056966,10,421.52499866485596,1,0.3304
