stage_name,stage_key,split,aggregation_level,node_kind,node_name,route_space,support_size,wrapper_name,source_type,temperature,top_k,entropy_norm,n_eff_norm,top1_monopoly_norm,jitter_adj_norm,knn_consistency_score,knn_consistency_js,n_eff,cv_usage,top1_max_frac,entropy_mean
macro,macro@1,best_valid,session,final,final.expert,expert,8,ScalarGroupConditionalProductWrapper,,,,0.9419540483459794,0.9555045969789654,0.3494736991532341,0.0,0.9889118003074369,0.011150132016301821,7.644036775831723,0.2157949060201645,0.43078948675907985,1.958738378484126
macro,macro@1,best_valid,session,final,final.group,group,4,ScalarGroupConditionalProductWrapper,,,,0.9402303782852958,0.9678560772641148,0.45327172454911313,0.0,0.9920434322096147,0.007988390186318937,3.8714243090564593,0.18224021792411804,0.5899537934118348,1.303436071570527
macro,macro@1,best_valid,session,final,final.intra.Exposure,intra,2,ScalarGroupConditionalProductWrapper,,,,0.9882188115663125,0.9990635351447055,0.05122472300889358,0.0,0.9992374511616339,0.0007628397266186206,1.998127070289411,0.030613958835601807,0.5256123615044468,0.6849810830134894
macro,macro@1,best_valid,session,final,final.intra.Focus,intra,2,ScalarGroupConditionalProductWrapper,,,,0.7872921801832823,0.9620400192485805,0.37039797287226106,0.0,0.9861470271331771,0.013949820756468721,1.924080038497161,0.19863978028297424,0.6851989864361305,0.5457093549709345
macro,macro@1,best_valid,session,final,final.intra.Memory,intra,2,ScalarGroupConditionalProductWrapper,,,,0.9992293980752148,0.9999979734461846,0.0419834053758632,0.0,0.9999114505212316,8.855339950492589e-05,1.9999959468923691,0.0013975799083709717,0.5209917026879316,0.6926130400084464
macro,macro@1,best_valid,session,final,final.intra.Tempo,intra,2,ScalarGroupConditionalProductWrapper,,,,0.9910790650730372,0.9999969005680782,0.019973170368162263,0.0,0.999284914650722,0.000715341144757419,1.9999938011361564,0.0017474889755249023,0.5099865851840811,0.6869636596673623
