stage_name,stage_key,split,aggregation_level,node_kind,node_name,route_space,support_size,wrapper_name,source_type,temperature,top_k,entropy_norm,n_eff_norm,top1_monopoly_norm,jitter_adj_norm,knn_consistency_score,knn_consistency_js,n_eff,cv_usage,top1_max_frac,entropy_mean
macro,macro@1,best_valid,session,final,final.expert,expert,12,ScalarGroupConditionalProductWrapper,,,,0.9569964038432403,0.9816664147730321,0.7430622911490018,0.0,0.996629558930742,0.0033761338007017097,11.779996977276385,0.1366611167288492,0.764473766886585,2.3780467277332704
macro,macro@1,best_valid,session,final,final.group,group,4,ScalarGroupConditionalProductWrapper,,,,0.9321153151312943,0.9884478522554314,0.6927343177296051,0.0,0.9970060846088284,0.002998406121340215,3.9537914090217257,0.10810741782188416,0.7695507382972039,1.292186205280003
macro,macro@1,best_valid,session,final,final.intra.Exposure,intra,3,ScalarGroupConditionalProductWrapper,,,,0.9981667504668144,0.9999473122701618,0.6298774740810557,0.0,0.9998591234242992,0.0001408864997377035,2.999841936810485,0.007264012720018246,0.7532516493873704,1.096598258202757
macro,macro@1,best_valid,session,final,final.intra.Focus,intra,3,ScalarGroupConditionalProductWrapper,,,,0.9793361323418532,0.9969441088311193,0.6675212064090481,0.0,0.9995714286952602,0.0004286631676689442,2.990832326493358,0.05536494984135181,0.7783474709393654,1.0759107097274583
macro,macro@1,best_valid,session,final,final.intra.Memory,intra,3,ScalarGroupConditionalProductWrapper,,,,0.9904909272460002,0.9822685163311089,0.7875589066918002,0.0,0.9999383062784946,6.169562464133955e-05,2.9468055489933267,0.13435608120691533,0.8583726044612001,1.0881655044867264
macro,macro@1,best_valid,session,final,final.intra.Tempo,intra,3,ScalarGroupConditionalProductWrapper,,,,0.9268855026225606,0.990686123238893,0.6602827521206408,0.0,0.9984875657201989,0.0015135791630458619,2.972058369716679,0.09696076893923375,0.7735218347470939,1.0182878033694627
