stage_name,stage_key,split,aggregation_level,node_kind,node_name,route_space,support_size,wrapper_name,source_type,temperature,top_k,entropy_norm,n_eff_norm,top1_monopoly_norm,jitter_adj_norm,knn_consistency_score,knn_consistency_js,n_eff,cv_usage,top1_max_frac,entropy_mean
micro,micro@1,best_valid,token,primitive,primitive.a_joint,expert,12,FlatJointWrapper,feature,1.0,,0.8204199631209732,0.7005204022531188,0.6060307075751169,0.0,0.9980356213097964,0.001966310612455362,8.406244827037426,0.6538426394650174,0.6388614819438572,2.0386670219781324
micro,micro@1,best_valid,token,wrapper,wrapper.group,group,4,FlatJointWrapper,,,,0.8677874450033289,0.832734207885743,0.7202030574964148,0.0,0.9995758361580283,0.0004242538249000367,3.330936831542972,0.4481779306040961,0.7901522931223111,1.203008841658752
micro,micro@1,best_valid,token,wrapper,wrapper.intra.Exposure,intra,3,FlatJointWrapper,,,,0.851676648945686,0.9204064658366383,0.537690701998134,0.0,0.9997752948707926,0.0002247303791875031,2.761219397509915,0.29406893867048806,0.6917938013320893,0.9356624325034063
micro,micro@1,best_valid,token,wrapper,wrapper.intra.Focus,intra,3,FlatJointWrapper,,,,0.6479081915133076,0.940119601599959,0.19895764116813994,0.0,0.9967335684215792,0.003271778011729424,2.820358804799877,0.25237739824123984,0.46597176077875996,0.7117999011252508
micro,micro@1,best_valid,token,wrapper,wrapper.intra.Memory,intra,3,FlatJointWrapper,,,,0.7255333846892207,0.9202822674581091,0.5203370718643658,0.0,0.9994023140476918,0.0005978646377591441,2.7608468023743273,0.29431804882532214,0.6802247145762439,0.7970798922585448
micro,micro@1,best_valid,token,wrapper,wrapper.intra.Tempo,intra,3,FlatJointWrapper,,,,0.8460798060771543,0.8643612727034237,0.3148487472229494,0.0,0.9997671754661304,0.00023285164170913772,2.593083818110271,0.39613575052810457,0.543232498148633,0.929513672150293
