{
  "split": "best_valid",
  "feature_mode": "none",
  "stages": [
    {
      "stage": "macro@1",
      "n_eff": 12.85893219428334,
      "cv_usage": 0.7452109155184576,
      "top1_max_frac": 0.19902662920903733,
      "entropy_mean": 1.9073614566434536,
      "route_jitter_adjacent": 0.9362083218517498,
      "route_consistency_knn_js": 0.0905482970022685,
      "route_consistency_knn_score": 0.9134302168943444,
      "route_consistency_group_knn_js": 0.019653436966574712,
      "route_consistency_group_knn_score": 0.9805384328029761,
      "route_consistency_intra_group_knn_mean_js": 0.08056039583958977,
      "route_consistency_intra_group_knn_mean_score": 0.9226551700926304,
      "route_consistency_feature_group_knn_mean_score": 0.8925452345506693,
      "family_top_expert_mean_share": 0.12600763142108917,
      "route_consistency_feature_group_knn_tempo_js": 0.1138136810014915,
      "route_consistency_feature_group_knn_tempo_score": 0.892424215979386,
      "route_consistency_feature_group_knn_focus_js": 0.11603514962143202,
      "route_consistency_feature_group_knn_focus_score": 0.8904439239805619,
      "route_consistency_feature_group_knn_memory_js": 0.11595676680502465,
      "route_consistency_feature_group_knn_memory_score": 0.8905137222186318,
      "route_consistency_feature_group_knn_exposure_js": 0.10892343752790976,
      "route_consistency_feature_group_knn_exposure_score": 0.8967990760240974
    }
  ]
}
