{
  "split": "best_valid",
  "feature_mode": "runtime:unknown|ablation:none",
  "stages": [
    {
      "stage": "macro@1",
      "n_eff": 14.671976302312979,
      "cv_usage": 0.30085596442222595,
      "top1_max_frac": 0.11255335830647269,
      "entropy_mean": 1.949546454394982,
      "route_jitter_adjacent": 0.6765080173072029,
      "route_consistency_knn_js": 0.20476819585943973,
      "route_consistency_knn_score": 0.8148361769209334,
      "route_consistency_group_knn_js": 0.046696673174386395,
      "route_consistency_group_knn_score": 0.9543768417879157,
      "route_consistency_intra_group_knn_mean_js": 0.19811353917873817,
      "route_consistency_intra_group_knn_mean_score": 0.8203697725645636,
      "route_consistency_feature_group_knn_mean_score": 0.7928038045796645,
      "family_top_expert_mean_share": 0.08643986284732819,
      "route_consistency_feature_group_knn_tempo_js": 0.23908116283485226,
      "route_consistency_feature_group_knn_tempo_score": 0.7873509761420702,
      "route_consistency_feature_group_knn_focus_js": 0.23302514709118682,
      "route_consistency_feature_group_knn_focus_score": 0.792133653416634,
      "route_consistency_feature_group_knn_memory_js": 0.23385550165268573,
      "route_consistency_feature_group_knn_memory_score": 0.7914761746322336,
      "route_consistency_feature_group_knn_exposure_js": 0.22282558421145748,
      "route_consistency_feature_group_knn_exposure_score": 0.8002544141277198
    }
  ]
}
