stage_name,stage_key,split,aggregation_level,node_kind,node_name,route_space,support_size,wrapper_name,source_type,temperature,top_k,entropy_norm,n_eff_norm,top1_monopoly_norm,jitter_adj_norm,knn_consistency_score,knn_consistency_js,n_eff,cv_usage,top1_max_frac,entropy_mean
macro,macro@1,best_valid,session,final,final.expert,expert,8,ScalarGroupConditionalProductWrapper,,,,0.9761110873343122,0.9943540006393844,0.7222815975933183,0.0,0.9985956018739279,0.001405385217408054,7.954832005115075,0.07535148258787601,0.7569963978941535,2.029765944297243
macro,macro@1,best_valid,session,final,final.group,group,4,ScalarGroupConditionalProductWrapper,,,,0.9943267770666474,0.9977053726013186,0.7339983374896093,0.0,0.9995087670959028,0.0004913535985079678,3.9908214904052746,0.04795742693289679,0.800498753117207,1.3784296041580077
macro,macro@1,best_valid,session,final,final.intra.Exposure,intra,2,ScalarGroupConditionalProductWrapper,,,,0.8919669608563563,0.9989122077205744,0.5167636464394569,0.0,0.9981357133968125,0.0018660265482974014,1.9978244154411489,0.03300049901008606,0.7583818232197285,0.6182643840702065
macro,macro@1,best_valid,session,final,final.intra.Focus,intra,2,ScalarGroupConditionalProductWrapper,,,,0.9758332993427624,0.9991702771007677,0.546134663341646,0.0,0.9992992267783698,0.0007010188779572361,1.9983405542015353,0.028816580772399902,0.773067331670823,0.6763961001359449
macro,macro@1,best_valid,session,final,final.intra.Memory,intra,2,ScalarGroupConditionalProductWrapper,,,,0.9254365913660348,0.9948419735484667,0.513992795788307,0.0,0.999299212813868,0.0007010328522519441,1.9896839470969334,0.0720055103302002,0.7569963978941535,0.6414637640923733
macro,macro@1,best_valid,session,final,final.intra.Tempo,intra,2,ScalarGroupConditionalProductWrapper,,,,0.9803854244006813,0.995580975764796,0.5383762815184261,0.0,0.9996980386559421,0.0003020069435642857,1.991161951529592,0.06662419438362122,0.769188140759213,0.6795513927853977
