stage_name,stage_key,split,aggregation_level,node_kind,node_name,route_space,support_size,wrapper_name,source_type,temperature,top_k,entropy_norm,n_eff_norm,top1_monopoly_norm,jitter_adj_norm,knn_consistency_score,knn_consistency_js,n_eff,cv_usage,top1_max_frac,entropy_mean
macro,macro@1,best_valid,session,final,final.expert,expert,12,ScalarGroupConditionalProductWrapper,,,,0.9519354743933004,0.977062932012973,0.2701694267850159,0.0,0.9969612755910259,0.003043350706396711,11.724755184155676,0.1532168715233543,0.33098864121959787,2.365470790489007
macro,macro@1,best_valid,session,final,final.group,group,4,ScalarGroupConditionalProductWrapper,,,,0.9610760811711868,0.9959455085851926,0.10784166765480825,0.0,0.9987768355388421,0.0012239131373724388,3.9837820343407704,0.06380493938922882,0.3308812507411062,1.3323343519348185
macro,macro@1,best_valid,session,final,final.intra.Exposure,intra,3,ScalarGroupConditionalProductWrapper,,,,0.9502529425276164,0.956665661944014,0.4931773486633242,0.0,0.9988773011457357,0.001123329552723432,2.869996985832042,0.2128316696634391,0.6621182324422161,1.0439595600038705
macro,macro@1,best_valid,session,final,final.intra.Focus,intra,3,ScalarGroupConditionalProductWrapper,,,,0.9914433777709406,0.9979036679372421,0.5271228077240602,0.0,0.9996104178110713,0.00038965809578495964,2.9937110038117263,0.045834888083471075,0.6847485384827068,1.0892118783377744
macro,macro@1,best_valid,session,final,final.intra.Memory,intra,3,ScalarGroupConditionalProductWrapper,,,,0.949539605846629,0.9927992358793035,0.04108692588043416,0.0,0.9980438219486368,0.001958093866505494,2.9783977076379107,0.08516406200337225,0.36072461725362276,1.04317587956018
macro,macro@1,best_valid,session,final,final.intra.Tempo,intra,3,ScalarGroupConditionalProductWrapper,,,,0.8538843500627652,0.9774118070082501,0.17494915732033905,0.0,0.9957661326812642,0.004242855513827043,2.9322354210247505,0.1520200140172239,0.44996610488022604,0.9380878400803359
