stage_name,stage_key,split,aggregation_level,node_kind,node_name,route_space,support_size,wrapper_name,source_type,temperature,top_k,entropy_norm,n_eff_norm,top1_monopoly_norm,jitter_adj_norm,knn_consistency_score,knn_consistency_js,n_eff,cv_usage,top1_max_frac,entropy_mean
macro,macro@1,best_valid,session,final,final.expert,expert,16,FlatJointWrapper,,,,0.6911854204646187,0.9261586632838049,0.04243098017417083,0.7087689948417677,0.8047789152922622,0.21718767867237124,14.818538612540879,0.28236261010169983,0.10227904391328516,1.916372901756763
macro,macro@1,best_valid,session,final,final.group,group,4,FlatJointWrapper,,,,0.8623600326548599,0.9742262210450594,0.18189117410907296,0.0,0.9508050873126034,0.050446192950248984,3.8969048841802376,0.16265206038951874,0.3864183805818047,1.195484850524597
macro,macro@1,best_valid,session,final,final.intra.Exposure,intra,4,FlatJointWrapper,,,,0.28301623385319075,0.8993730469028504,0.16221213649352836,0.0,0.7672726294106118,0.26491309173592414,3.5974921876114014,0.33449316024780273,0.37165910237014627,0.3923438090960666
macro,macro@1,best_valid,session,final,final.intra.Focus,intra,4,FlatJointWrapper,,,,0.4230064090636292,0.9273323902968355,0.15031935749067227,0.0,0.8079483824309684,0.21325710563164527,3.709329561187342,0.2799322307109833,0.3627395181180042,0.5864113996024829
macro,macro@1,best_valid,session,final,final.intra.Memory,intra,4,FlatJointWrapper,,,,0.42323998388098516,0.8744329054815714,0.22807675479717485,0.0,0.8193212351687074,0.1992790434973505,3.4977316219262855,0.37894368171691895,0.42105756609788114,0.5867352030546831
macro,macro@1,best_valid,session,final,final.intra.Tempo,intra,4,FlatJointWrapper,,,,0.537752119275288,0.9793924517525394,0.08658743633276737,0.0,0.8368577282159076,0.17810120117726888,3.9175698070101577,0.14505554735660553,0.3149405772495755,0.7454827306316025
