stage_name,stage_key,split,aggregation_level,node_kind,node_name,route_space,support_size,wrapper_name,source_type,temperature,top_k,entropy_norm,n_eff_norm,top1_monopoly_norm,jitter_adj_norm,knn_consistency_score,knn_consistency_js,n_eff,cv_usage,top1_max_frac,entropy_mean
macro,macro@1,best_valid,session,final,final.expert,expert,12,ScalarGroupConditionalProductWrapper,,,,0.9611542021239956,0.9722618319502092,0.7612719119445577,0.0,0.9987956604592967,0.0012050653403660036,11.66714198340251,0.16890653816979667,0.7811659192825112,2.3883784683295963
macro,macro@1,best_valid,session,final,final.group,group,4,ScalarGroupConditionalProductWrapper,,,,0.9615585634056263,0.9796486553463242,0.708221225710015,0.0,0.9994417430211714,0.0005584128622738821,3.9185946213852967,0.14413176476955414,0.7811659192825112,1.3330032143357624
macro,macro@1,best_valid,session,final,final.intra.Exposure,intra,3,ScalarGroupConditionalProductWrapper,,,,0.9981508838739803,0.9983245239483826,0.7672645739910313,0.0,0.9999688461871076,3.1154298182553464e-05,2.9949735718451476,0.040968716723842426,0.8448430493273542,1.0965808269688901
macro,macro@1,best_valid,session,final,final.intra.Focus,intra,3,ScalarGroupConditionalProductWrapper,,,,0.978069492286075,0.9970023164242682,0.7030269058295964,0.0,0.9986022240737823,0.0013987537262574682,2.9910069492728044,0.054833168392384994,0.8020179372197309,1.074519163396861
macro,macro@1,best_valid,session,final,final.intra.Memory,intra,3,ScalarGroupConditionalProductWrapper,,,,0.8921091420448461,0.9386116340860395,0.6717488789237668,0.0,0.9990838955643441,0.0009165243157800638,2.8158349022581186,0.2557408882456753,0.7811659192825112,0.9800820662836323
macro,macro@1,best_valid,session,final,final.intra.Tempo,intra,3,ScalarGroupConditionalProductWrapper,,,,0.9832347108515487,0.9784094289532099,0.8506726457399101,0.0,0.9996324561484391,0.00036761141235723435,2.9352282868596298,0.14855000679045896,0.9004484304932735,1.080193735986547
