stage_name,stage_key,split,aggregation_level,node_kind,node_name,route_space,support_size,wrapper_name,source_type,temperature,top_k,entropy_norm,n_eff_norm,top1_monopoly_norm,jitter_adj_norm,knn_consistency_score,knn_consistency_js,n_eff,cv_usage,top1_max_frac,entropy_mean
mid,mid@1,best_valid,session,final,final.expert,expert,20,FlatJointWrapper,,,,0.6886209281320115,0.45682423296510627,0.23241667455982487,0.7322023629203271,0.9519458160736932,0.049247161699520176,9.136484659302125,1.0904245661135827,0.2707958408318336,2.06292393864977
mid,mid@1,best_valid,session,final,final.group,group,4,FlatJointWrapper,,,,0.8905871315928836,0.876539920322988,0.4555755515563555,0.0,0.9918580467218368,0.008175279999433432,3.506159681291952,0.37529897689819336,0.5916816636672666,1.2346159186131525
mid,mid@1,best_valid,session,final,final.intra.Exposure,intra,5,FlatJointWrapper,,,,0.5209644852221019,0.49325537742723463,0.6605678864227155,0.0,0.9623945293085149,0.03833079876372323,2.466276887136173,1.0135814406622314,0.7284543091381723,0.8384599935481654
mid,mid@1,best_valid,session,final,final.intra.Focus,intra,5,FlatJointWrapper,,,,0.528658519372335,0.5942120412188787,0.4649820035992801,0.0,0.9551786281300157,0.045856910829852056,2.9710602060943936,0.8263781543615736,0.5719856028794241,0.8508430638091132
mid,mid@1,best_valid,session,final,final.intra.Memory,intra,5,FlatJointWrapper,,,,0.5394884238846078,0.5097229068688356,0.6193886222755449,0.0,0.9670381543997216,0.03351732784422781,2.548614534344178,0.9807399471157678,0.695510897820436,0.8682731227192062
mid,mid@1,best_valid,session,final,final.intra.Tempo,intra,5,FlatJointWrapper,,,,0.5378982397757124,0.5553674470383088,0.33881973605278937,0.0,0.9615883067917698,0.03916887543343857,2.7768372351915436,0.894767926711322,0.47105578884223154,0.8657138201265997
