stage_name,stage_key,split,aggregation_level,node_kind,node_name,route_space,support_size,wrapper_name,source_type,temperature,top_k,entropy_norm,n_eff_norm,top1_monopoly_norm,jitter_adj_norm,knn_consistency_score,knn_consistency_js,n_eff,cv_usage,top1_max_frac,entropy_mean
macro,macro@1,best_valid,session,final,final.expert,expert,12,ScalarGroupConditionalProductWrapper,,,,0.7936411027507129,0.5559612514875591,0.9396121624586785,0.0,0.9950922850874839,0.004919797292809106,6.67153501785071,0.8936926957185684,0.9446444822537886,1.972124053770328
macro,macro@1,best_valid,session,final,final.group,group,4,ScalarGroupConditionalProductWrapper,,,,0.7419699989387454,0.6628223963054043,0.963755786808056,0.0,0.9988968969677461,0.0011037118982062677,2.651289585221617,0.7132319211959839,0.972816840106042,1.028588825648914
macro,macro@1,best_valid,session,final,final.intra.Exposure,intra,3,ScalarGroupConditionalProductWrapper,,,,0.892509583940731,0.8292184816516581,0.9428441419696908,0.0,0.9947903566318059,0.005223260875700814,2.4876554449549744,0.4538223757200725,0.9618960946464606,0.9805219966713489
macro,macro@1,best_valid,session,final,final.intra.Focus,intra,3,ScalarGroupConditionalProductWrapper,,,,0.9941885828391129,0.9971578662392084,0.9023661615162424,0.0,0.9986755480241847,0.0013253298375428694,2.9914735987176253,0.05338764776624299,0.9349107743441617,1.0922277943605825
macro,macro@1,best_valid,session,final,final.intra.Memory,intra,3,ScalarGroupConditionalProductWrapper,,,,0.6247228731598113,0.7019479128050249,0.8288291852965614,0.0,0.9936059304223249,0.006414599199232356,2.1058437384150746,0.6516186414219568,0.885886123531041,0.6863282254654176
macro,macro@1,best_valid,session,final,final.intra.Tempo,intra,3,ScalarGroupConditionalProductWrapper,,,,3.353445444161793e-07,0.3333333333333333,1.0,0.0,0.9975268309370974,0.002476232397314411,1.0,1.4142135258253359,1.0,3.684136374334234e-07
