stage_name,stage_key,split,aggregation_level,node_kind,node_name,route_space,support_size,wrapper_name,source_type,temperature,top_k,entropy_norm,n_eff_norm,top1_monopoly_norm,jitter_adj_norm,knn_consistency_score,knn_consistency_js,n_eff,cv_usage,top1_max_frac,entropy_mean
macro,macro@1,best_valid,session,final,final.expert,expert,20,FlatJointWrapper,,,,0.8353691734762753,0.7491787640451069,0.22984170750145255,0.8410489574722145,0.9615644938706852,0.03919363989425271,14.983575280902137,0.5786145019737705,0.2683496221263799,2.502542393315
macro,macro@1,best_valid,session,final,final.group,group,4,FlatJointWrapper,,,,0.9345282171611905,0.9793455718529305,0.3268178161146942,0.0,0.991376197072046,0.008661203092764228,3.917382287411722,0.14522428810596466,0.49511336208602064,1.2955311977579829
macro,macro@1,best_valid,session,final,final.intra.Exposure,intra,5,FlatJointWrapper,,,,0.7344107509193813,0.7026505062341787,0.5295374510347011,0.0,0.9744576242980983,0.025874245538136453,3.5132525311708935,0.6505248598676195,0.6236299608277609,1.181988505828849
macro,macro@1,best_valid,session,final,final.intra.Focus,intra,5,FlatJointWrapper,,,,0.7618443395807877,0.7559544274885949,0.41300993154750126,0.0,0.9723624958916434,0.028026605885721815,3.7797721374429742,0.5681821991774112,0.530407945238001,1.2261411634946386
macro,macro@1,best_valid,session,final,final.intra.Memory,intra,5,FlatJointWrapper,,,,0.785572542340411,0.8852567756400017,0.26423455861987094,0.0,0.9707133128669121,0.029724103650150043,4.4262838782000085,0.36002184659210074,0.4113876468958968,1.2643302326099
macro,macro@1,best_valid,session,final,final.intra.Tempo,intra,5,FlatJointWrapper,,,,0.8351572729279912,0.8927090073216414,0.33837494559411224,0.0,0.9783433742476232,0.0218945721552419,4.463545036608207,0.34667826672377783,0.47069995647528984,1.3441337778953824
