stage_name,stage_key,split,aggregation_level,node_kind,node_name,route_space,support_size,wrapper_name,source_type,temperature,top_k,entropy_norm,n_eff_norm,top1_monopoly_norm,jitter_adj_norm,knn_consistency_score,knn_consistency_js,n_eff,cv_usage,top1_max_frac,entropy_mean
macro,macro@1,best_valid,session,final,final.expert,expert,12,ScalarGroupConditionalProductWrapper,,,,0.9481847817241842,0.994733352845912,0.7336082059533386,0.0,0.9960367601443856,0.00397111430312648,11.936800234150944,0.07276343987962246,0.7558075221238938,2.356150669334209
macro,macro@1,best_valid,session,final,final.group,group,4,ScalarGroupConditionalProductWrapper,,,,0.9286573193892854,0.9995595965065136,0.674410029498525,0.0,0.9966998080011298,0.0033056496433093788,3.9982383860260544,0.02098687487997116,0.7558075221238938,1.2873924052820795
macro,macro@1,best_valid,session,final,final.intra.Exposure,intra,3,ScalarGroupConditionalProductWrapper,,,,0.9971905805834868,0.9973439675689342,0.7287057522123893,0.0,0.999816147244705,0.00018386965828459038,2.9920319027068025,0.05160544845147585,0.8191371681415929,1.0955258259731055
macro,macro@1,best_valid,session,final,final.intra.Focus,intra,3,ScalarGroupConditionalProductWrapper,,,,0.9734132189885714,0.9841351097984004,0.9730365044247786,0.0,0.9990772217520543,0.0009232042698959034,2.952405329395201,0.12696718791224992,0.9820243362831859,1.0694037243328263
macro,macro@1,best_valid,session,final,final.intra.Memory,intra,3,ScalarGroupConditionalProductWrapper,,,,0.9993497900450911,0.9993514752872473,0.7423949115044248,0.0,0.9999953781322779,4.621878402987926e-06,2.998054425861742,0.025472575039488823,0.8282632743362832,1.0978979600214325
macro,macro@1,best_valid,session,final,final.intra.Tempo,intra,3,ScalarGroupConditionalProductWrapper,,,,0.9443442762394318,0.9779303711115498,0.6868086283185841,0.0,0.9988147492530224,0.0011859537121591765,2.9337911133346495,0.150225079797951,0.7912057522123894,1.037468226610032
