{
  "split": "best_valid",
  "feature_mode": "runtime:unknown|ablation:none",
  "stages": [
    {
      "stage": "macro@1",
      "n_eff": 11.935373597656564,
      "cv_usage": 0.07358574374531172,
      "top1_max_frac": 0.15526233113415017,
      "entropy_mean": 2.4410092434417217,
      "route_jitter_adjacent": 0.6031798037626528,
      "route_consistency_knn_js": 0.014651766788349759,
      "route_consistency_knn_score": 0.9854550480350339,
      "route_consistency_group_knn_js": 0.004240167282350511,
      "route_consistency_group_knn_score": 0.9957688095347234,
      "route_consistency_intra_group_knn_mean_js": 0.010371451911615212,
      "route_consistency_intra_group_knn_mean_score": 0.9896822892069277,
      "route_consistency_feature_group_knn_mean_score": 0.9855885991440558,
      "family_top_expert_mean_share": 0.09713957458734512,
      "route_consistency_feature_group_knn_tempo_js": 0.014531440254137903,
      "route_consistency_feature_group_knn_tempo_score": 0.9855736315598148,
      "route_consistency_feature_group_knn_focus_js": 0.01460614780570243,
      "route_consistency_feature_group_knn_focus_score": 0.9855000045171967,
      "route_consistency_feature_group_knn_memory_js": 0.014496525452700785,
      "route_consistency_feature_group_knn_memory_score": 0.9856080432681978,
      "route_consistency_feature_group_knn_exposure_js": 0.014430909266376425,
      "route_consistency_feature_group_knn_exposure_score": 0.9856727172310139
    }
  ]
}
