stage_name,stage_key,split,aggregation_level,node_kind,node_name,route_space,support_size,wrapper_name,source_type,temperature,top_k,entropy_norm,n_eff_norm,top1_monopoly_norm,jitter_adj_norm,knn_consistency_score,knn_consistency_js,n_eff,cv_usage,top1_max_frac,entropy_mean
mid,mid@1,best_valid,session,final,final.expert,expert,8,FlatJointWrapper,,,,0.9048620752158049,0.9972462401501134,0.14858375037243146,0.6702713649250709,0.9802938957599381,0.019902858644036594,7.977969921200907,0.05254880711436272,0.25501078157587753,1.8816077886943687
mid,mid@1,best_valid,session,final,final.group,group,4,FlatJointWrapper,,,,0.9190608759748823,0.9991488554809967,0.1562326935086665,0.0,0.988772819655873,0.011290680868621004,3.996595421923987,0.0291859470307827,0.36717452013149987,1.2740889098898864
mid,mid@1,best_valid,session,final,final.intra.Exposure,intra,2,FlatJointWrapper,,,,0.9346637609044522,0.9940112437890649,0.1538053660433385,0.0,0.9953635092973704,0.004647272565226384,1.9880224875781298,0.07762014865875244,0.5769026830216692,0.6478595506424759
mid,mid@1,best_valid,session,final,final.intra.Focus,intra,2,FlatJointWrapper,,,,0.8418133952433056,0.9929049371898211,0.010074587295415105,0.0,0.9900151013172053,0.01003508211407737,1.9858098743796422,0.08453300595283508,0.5050372936477076,0.5835005814704921
mid,mid@1,best_valid,session,final,final.intra.Memory,intra,2,FlatJointWrapper,,,,0.8656280509552141,0.9984434076684132,0.20718300399448553,0.0,0.9918617174148708,0.008171579181303346,1.9968868153368264,0.03948512673377991,0.6035915019972428,0.6000076429332073
mid,mid@1,best_valid,session,final,final.intra.Tempo,intra,2,FlatJointWrapper,,,,0.8719992210826197,0.9992745420978814,0.11704195977234977,0.0,0.9899715170314209,0.01007910694271765,1.9985490841957627,0.026944667100906372,0.5585209798861749,0.6044238015438863
