stage_name,stage_key,split,aggregation_level,node_kind,node_name,route_space,support_size,wrapper_name,source_type,temperature,top_k,entropy_norm,n_eff_norm,top1_monopoly_norm,jitter_adj_norm,knn_consistency_score,knn_consistency_js,n_eff,cv_usage,top1_max_frac,entropy_mean
macro,macro@1,best_valid,session,final,final.expert,expert,12,ScalarGroupConditionalProductWrapper,,,,0.9940032280300574,0.9977433461539057,0.7061156259489427,0.0,0.9997104197096403,0.0002896222268282279,11.972920153846868,0.047557029791828416,0.7306059904531975,2.4700052312426277
macro,macro@1,best_valid,session,final,final.group,group,4,ScalarGroupConditionalProductWrapper,,,,0.9920513492733475,0.9995491154369338,0.6396173929659396,0.0,0.9998055109854715,0.00019450792996944966,3.9981964617477352,0.0212391447275877,0.7297130447244546,1.3752751914390207
macro,macro@1,best_valid,session,final,final.intra.Exposure,intra,3,ScalarGroupConditionalProductWrapper,,,,0.9994267932835582,0.9988539255817265,0.9501273274465059,0.0,0.9999943892139123,5.610801828254895e-06,2.9965617767451795,0.03387381524585576,0.9667515516310039,1.0979825567254797
macro,macro@1,best_valid,session,final,final.intra.Focus,intra,3,ScalarGroupConditionalProductWrapper,,,,0.9983561497272067,0.9977182476851088,0.7611700896252933,0.0,0.9999806316180456,1.9368569523889134e-05,2.9931547430553263,0.047821980407178985,0.8407800597501957,1.0968063345576886
macro,macro@1,best_valid,session,final,final.intra.Memory,intra,3,ScalarGroupConditionalProductWrapper,,,,0.9927981556986449,0.99706373058148,0.7078744584449516,0.0,0.9997374126842895,0.00026262179779614945,2.99119119174444,0.05426665233771049,0.805249638963301,1.0907002540175668
macro,macro@1,best_valid,session,final,final.intra.Tempo,intra,3,ScalarGroupConditionalProductWrapper,,,,0.9945162202759017,0.9984329797026491,0.6688659589244964,0.0,0.9999156057544568,8.439780693790191e-05,2.9952989391079474,0.0396164159591074,0.7792439726163309,1.0925877408748663
