stage_name,stage_key,split,aggregation_level,node_kind,node_name,route_space,support_size,wrapper_name,source_type,temperature,top_k,entropy_norm,n_eff_norm,top1_monopoly_norm,jitter_adj_norm,knn_consistency_score,knn_consistency_js,n_eff,cv_usage,top1_max_frac,entropy_mean
macro,macro@1,best_valid,session,final,final.expert,expert,12,ScalarGroupConditionalProductWrapper,,,,0.9370305968510184,0.7892911640775102,0.8095387053011318,0.0,0.9957820729881702,0.0042268475589496,9.471493968930123,0.5166813726222106,0.8254104798593709,2.3284335611699145
macro,macro@1,best_valid,session,final,final.group,group,4,ScalarGroupConditionalProductWrapper,,,,0.9406588462727581,0.8762033605415772,0.9557167969480496,0.0,0.9987774854523205,0.0012232624281812102,3.504813442166309,0.3758822977542877,0.9667875977110372,1.3040300543254666
macro,macro@1,best_valid,session,final,final.intra.Exposure,intra,3,ScalarGroupConditionalProductWrapper,,,,0.8946826324276109,0.8660237205989584,0.7398548827467554,0.0,0.9954645070459112,0.004545809507846969,2.598071161796875,0.39332273920408667,0.8265699218311703,0.9829093344429068
macro,macro@1,best_valid,session,final,final.intra.Focus,intra,3,ScalarGroupConditionalProductWrapper,,,,0.9877076879180526,0.9982193880304345,0.3328346486142799,0.0,0.9992087709995578,0.0007915421873203309,2.9946581640913035,0.04223533873303715,0.5552230990761866,1.085107803558739
macro,macro@1,best_valid,session,final,final.intra.Memory,intra,3,ScalarGroupConditionalProductWrapper,,,,0.9606403709815604,0.9601974191299346,0.8348917230803755,0.0,0.9975000710214116,0.002503059018710982,2.8805922573898037,0.20359850482958497,0.889927815386917,1.055371316551034
macro,macro@1,best_valid,session,final,final.intra.Tempo,intra,3,ScalarGroupConditionalProductWrapper,,,,0.9443886637896912,0.9475078272728515,0.732337210607024,0.0,0.9967970758798838,0.0032080644605908606,2.8425234818185547,0.23537261827669687,0.8215581404046827,1.0375169913182107
