stage_name,stage_key,split,aggregation_level,node_kind,node_name,route_space,support_size,wrapper_name,source_type,temperature,top_k,entropy_norm,n_eff_norm,top1_monopoly_norm,jitter_adj_norm,knn_consistency_score,knn_consistency_js,n_eff,cv_usage,top1_max_frac,entropy_mean
macro,macro@1,best_valid,session,final,final.expert,expert,12,GroupConditionalProductWrapper,,,,0.9488065733337879,0.8621241423254751,0.38723935839469253,0.0,0.9942094540257608,0.005807376187777799,10.3454897079057,0.3999067664257566,0.4383027451951348,2.3576957634396956
macro,macro@1,best_valid,session,final,final.group,group,4,GroupConditionalProductWrapper,,,,0.9301104052285757,0.8759646477604425,0.7512508639988446,0.0,0.9967117748361042,0.0032936432567932813,3.50385859104177,0.37629568576812744,0.8134381479991334,1.2894068099873108
macro,macro@1,best_valid,session,final,final.intra.Exposure,intra,3,GroupConditionalProductWrapper,,,,0.9768383339100962,0.9694876794247107,0.7720126272786355,0.0,0.9983906538520638,0.0016106425365267833,2.908463038274132,0.17740525521620348,0.8480084181857571,1.073166597675714
macro,macro@1,best_valid,session,final,final.intra.Focus,intra,3,GroupConditionalProductWrapper,,,,0.9959125384994909,0.9998861680876585,0.2601900281637833,0.0,0.9996353159629162,0.0003647505504786236,2.9996585042629755,0.010670015736072786,0.5067933521091889,1.0941217532341927
macro,macro@1,best_valid,session,final,final.intra.Memory,intra,3,GroupConditionalProductWrapper,,,,0.9638699039951294,0.9929342602178676,0.4973228931323697,0.0,0.9935122319828626,0.006508905055123927,2.9788027806536026,0.08435584539604647,0.6648819287549131,1.0589193212064003
macro,macro@1,best_valid,session,final,final.intra.Tempo,intra,3,GroupConditionalProductWrapper,,,,0.9255827297110965,0.9666606341182157,0.2762990931880784,0.0,0.9943598382190121,0.005656127554778678,2.899981902354647,0.18571292225795522,0.5175327287920523,1.016856561039584
