best_mrr20,epoch,epoch_time_sec,eval,lr,patience_used,train_loss,trial,valid_mrr20
0.0142,1,3.753615617752075,1,0.0009640155470717386,0,79.82603406906128,1,0.0142
0.0168,3,2.6985182762145996,1,0.000962269243205651,0,70.49961757659912,1,0.0168
0.0633,10,2.14079213142395,1,0.0009425695933647202,2,48.44854164123535,1,0.0611
0.0825,15,2.367323160171509,1,0.0009159991119992491,0,38.99466037750244,1,0.0825
0.0825,25,2.1600639820098877,1,0.0008347023715926777,10,24.86602807044983,1,0.0799
