{
  "split": "best_valid",
  "feature_mode": "none",
  "stages": [
    {
      "stage": "macro@1",
      "n_eff": 12.376590751260341,
      "cv_usage": 0.5410759175465057,
      "top1_max_frac": 0.8974003877655996,
      "entropy_mean": 2.6047994184752503,
      "route_jitter_adjacent": 0.0,
      "route_consistency_knn_js": 0.004928139149376105,
      "route_consistency_knn_score": 0.9950839842049932,
      "route_consistency_group_knn_js": 0.0016826076758320108,
      "route_consistency_group_knn_score": 0.9983188071148396,
      "route_consistency_intra_group_knn_mean_js": 0.0028456286315612705,
      "route_consistency_intra_group_knn_mean_score": 0.9971617855181973,
      "route_consistency_feature_group_knn_mean_score": 0.9872159105187949,
      "family_top_expert_mean_share": 0.16131363809108734,
      "route_consistency_feature_group_knn_tempo_js": 0.008059736863992391,
      "route_consistency_feature_group_knn_tempo_score": 0.9919726557314821,
      "route_consistency_feature_group_knn_focus_js": 0.01485024795902903,
      "route_consistency_feature_group_knn_focus_score": 0.985259473173054,
      "route_consistency_feature_group_knn_memory_js": 0.01689079483088918,
      "route_consistency_feature_group_knn_memory_score": 0.983251054869836,
      "route_consistency_feature_group_knn_exposure_js": 0.011687576106426612,
      "route_consistency_feature_group_knn_exposure_score": 0.9883804583008073
    }
  ]
}
