stage_name,stage_key,split,aggregation_level,node_kind,node_name,route_space,support_size,wrapper_name,source_type,temperature,top_k,entropy_norm,n_eff_norm,top1_monopoly_norm,jitter_adj_norm,knn_consistency_score,knn_consistency_js,n_eff,cv_usage,top1_max_frac,entropy_mean
macro,macro@1,best_valid,session,final,final.expert,expert,16,FlatJointWrapper,,,,0.894524832045965,0.9727880301472853,0.12382091933393159,0.7857142857142857,0.9566294110503286,0.044339202807850815,15.564608482356565,0.16725190980743823,0.17858211187556086,2.480149461094077
macro,macro@1,best_valid,session,final,final.group,group,4,FlatJointWrapper,,,,0.9460490077197733,0.9930861918106161,0.12493768072589491,0.0,0.9894112293355674,0.010645230611165365,3.9723447672424643,0.08343826979398727,0.3437032605444212,1.3115024047449895
macro,macro@1,best_valid,session,final,final.intra.Exposure,intra,4,FlatJointWrapper,,,,0.8978612860067126,0.9975955029161618,0.08305912852727089,0.0,0.9786107935418037,0.021621270613236862,3.9903820116646473,0.04909399151802063,0.31229434639545317,1.244700037858959
macro,macro@1,best_valid,session,final,final.intra.Focus,intra,4,FlatJointWrapper,,,,0.840363796761975,0.9648712482536843,0.17957922026124237,0.0,0.970654847347985,0.02978433490369879,3.8594849930147372,0.19080787897109985,0.3846844151959318,1.1649915927404277
macro,macro@1,best_valid,session,final,final.intra.Memory,intra,4,FlatJointWrapper,,,,0.8482911806074174,0.9741255337096396,0.10619204307508223,0.0,0.9695504165592022,0.03092280301180753,3.8965021348385585,0.16297760605812073,0.3296440323063117,1.1759812802637974
macro,macro@1,best_valid,session,final,final.intra.Tempo,intra,4,FlatJointWrapper,,,,0.8481553708005078,0.9972341478248485,0.05035397347691695,0.0,0.9642832675004354,0.036370181581050015,3.988936591299394,0.05266493931412697,0.2877654801076877,1.175793007894294
