stage_name,stage_key,split,aggregation_level,node_kind,node_name,route_space,support_size,wrapper_name,source_type,temperature,top_k,entropy_norm,n_eff_norm,top1_monopoly_norm,jitter_adj_norm,knn_consistency_score,knn_consistency_js,n_eff,cv_usage,top1_max_frac,entropy_mean
macro,macro@1,best_valid,session,final,final.expert,expert,12,GroupConditionalProductWrapper,,,,0.7614774112618612,0.8334309349514711,0.337213807600326,0.0,0.9728476520390613,0.027527784554778324,10.001171219417653,0.4470564142746802,0.3924459903002988,1.8922002829079507
macro,macro@1,best_valid,session,final,final.group,group,4,GroupConditionalProductWrapper,,,,0.8617232430370104,0.9902857973938058,0.23561782524208427,0.0,0.9933176302552147,0.006704796743656391,3.9611431895752234,0.09904289990663528,0.4267133689315632,1.1946020726681525
macro,macro@1,best_valid,session,final,final.intra.Exposure,intra,3,GroupConditionalProductWrapper,,,,0.6139530861355086,0.6386481252871633,0.3883677068534757,0.0,0.9948736503843344,0.005139534425120766,1.91594437586149,0.7522017135560002,0.5922451379023171,0.6744964050941802
macro,macro@1,best_valid,session,final,final.intra.Focus,intra,3,GroupConditionalProductWrapper,,,,0.6593133069050998,0.9508566412630196,0.347548131092931,0.0,0.9514444922335449,0.049773931064219325,2.852569923789059,0.22733906926643022,0.5650320873952873,0.7243297010483516
macro,macro@1,best_valid,session,final,final.intra.Memory,intra,3,GroupConditionalProductWrapper,,,,0.33869502780151334,0.6996760458624091,0.4113310145495518,0.0,0.9999212668251726,7.873627444657172e-05,2.099028137587227,0.6551585896265927,0.6075540096997012,0.37209451965352963
macro,macro@1,best_valid,session,final,final.intra.Tempo,intra,3,GroupConditionalProductWrapper,,,,0.6523366202379602,0.9585489069329384,0.14741831186008916,0.0,0.9862680007198367,0.013827155308170214,2.875646720798815,0.20795063054708748,0.4316122079067261,0.7166650273416451
