stage_name,stage_key,split,aggregation_level,node_kind,node_name,route_space,support_size,wrapper_name,source_type,temperature,top_k,entropy_norm,n_eff_norm,top1_monopoly_norm,jitter_adj_norm,knn_consistency_score,knn_consistency_js,n_eff,cv_usage,top1_max_frac,entropy_mean
macro,macro@1,best_valid,session,final,final.expert,expert,6,GroupConditionalProductWrapper,,,,0.8647711553056197,0.9844760563771202,0.1810858519756492,0.0,0.9964880783044608,0.0035181029688789527,5.906856338262721,0.12557306511482402,0.317571543313041,1.549461906234129
macro,macro@1,best_valid,session,final,final.group,group,2,GroupConditionalProductWrapper,,,,0.861075810038744,0.9897987791006652,0.13149740361145223,0.0,0.9978183038816977,0.0021840794844300705,1.9795975582013303,0.10152021050453186,0.5657487018057261,0.5968522699767265
macro,macro@1,best_valid,session,final,final.intra.Focus,intra,3,GroupConditionalProductWrapper,,,,0.7833090419498562,0.9985933448958443,0.16387451422588248,0.0,0.9973780022937923,0.002625441162667064,2.9957800346875327,0.037530663236061836,0.44258300948392165,0.8605529393109559
macro,macro@1,best_valid,session,final,final.intra.Tempo,intra,3,GroupConditionalProductWrapper,,,,0.9562411673629518,0.9944447664972748,0.759452040083496,0.0,0.9996436548456472,0.0003564086603744895,2.9833342994918244,0.0747415345239182,0.8396346933889974,1.0505382973952775
