best_mrr20,epoch,epoch_time_sec,eval,lr,patience_used,train_loss,trial,valid_mrr20
0.0055,1,3.0676536560058594,1,0.0002836,0,81.45310497283936,1,0.0055
0.0143,3,2.1240406036376953,1,0.0002836,0,73.78158760070801,1,0.0143
0.0306,10,2.099184989929199,1,0.0002836,0,56.792789936065674,1,0.0306
0.0605,34,2.0885636806488037,1,0.0002836,0,33.380216121673584,1,0.0605
0.0605,44,1.846423625946045,1,0.0002836,10,27.45356059074402,1,0.057
