{
  "split": "best_valid",
  "feature_mode": "none",
  "stages": [
    {
      "stage": "macro@1",
      "n_eff": 15.860678912833801,
      "cv_usage": 0.09372343122959137,
      "top1_max_frac": 0.0955160274226422,
      "entropy_mean": 2.4517881751435984,
      "route_jitter_adjacent": 0.7586783772480133,
      "route_consistency_knn_js": 0.0771313414195729,
      "route_consistency_knn_score": 0.9257682539044682,
      "route_consistency_group_knn_js": 0.021266639117409728,
      "route_consistency_group_knn_score": 0.9789579012953832,
      "route_consistency_intra_group_knn_mean_js": 0.05630355999305807,
      "route_consistency_intra_group_knn_mean_score": 0.9452534646553601,
      "route_consistency_feature_group_knn_mean_score": 0.9155992447644903,
      "family_top_expert_mean_share": 0.07217773795127869,
      "route_consistency_feature_group_knn_tempo_js": 0.09111163274453707,
      "route_consistency_feature_group_knn_tempo_score": 0.9129157939151293,
      "route_consistency_feature_group_knn_focus_js": 0.08820700994416253,
      "route_consistency_feature_group_knn_focus_score": 0.915571324735619,
      "route_consistency_feature_group_knn_memory_js": 0.08939966487805509,
      "route_consistency_feature_group_knn_memory_score": 0.9144800149851806,
      "route_consistency_feature_group_knn_exposure_js": 0.08400153428999241,
      "route_consistency_feature_group_knn_exposure_score": 0.9194298454220319
    }
  ]
}
