stage_name,stage_key,split,aggregation_level,node_kind,node_name,route_space,support_size,wrapper_name,source_type,temperature,top_k,entropy_norm,n_eff_norm,top1_monopoly_norm,jitter_adj_norm,knn_consistency_score,knn_consistency_js,n_eff,cv_usage,top1_max_frac,entropy_mean
macro,macro@1,best_valid,session,final,final.expert,expert,16,ScalarGroupConditionalProductWrapper,,,,0.9290402785773698,0.822641356228198,0.33513235468681996,0.0,0.9929865684543526,0.007038141257696814,13.162261699651168,0.4643237292766571,0.3766865825188937,2.57584659889012
macro,macro@1,best_valid,session,final,final.group,group,4,ScalarGroupConditionalProductWrapper,,,,0.9369359373629743,0.914570002272086,0.74776770994078,0.0,0.9968156097416583,0.0031894712183740555,3.658280009088344,0.30563031963940623,0.810825782455585,1.2988690066968702
macro,macro@1,best_valid,session,final,final.intra.Exposure,intra,4,ScalarGroupConditionalProductWrapper,,,,0.623354693532977,0.4674251987221071,0.9798467402629948,0.0,0.9914859293876933,0.008550522360811236,1.8697007948884283,1.0674173276077108,0.9848850551972461,0.8641530966223836
macro,macro@1,best_valid,session,final,final.intra.Focus,intra,4,ScalarGroupConditionalProductWrapper,,,,0.9979871322559475,0.9955996450851943,0.9229744523140638,0.0,0.9999329781943103,6.702405175129731e-05,3.982398580340777,0.06648148596286774,0.9422308392355478,1.3835039339166304
macro,macro@1,best_valid,session,final,final.intra.Memory,intra,4,ScalarGroupConditionalProductWrapper,,,,0.9966957361773092,0.9985420533336127,0.500652870652475,0.0,0.9992949662260224,0.0007052824271682604,3.9941682133344507,0.03820992633700371,0.6254896529893562,1.3817136788148419
macro,macro@1,best_valid,session,final,final.intra.Tempo,intra,4,ScalarGroupConditionalProductWrapper,,,,0.9474860783344377,0.9880774969763816,0.19307825215315422,0.0,0.994637600121877,0.005376829151154654,3.9523099879055263,0.10984764902875715,0.39480868911486566,1.3134946076346299
